Workbook

Sheet RESUMO
A1: RESUMO CONSOLIDADO — REGIÃO 1 — RODOVIAS NÃO PAVIMENTADAS | M1: Valores dos gráficos — troca 0 por N/D para a fatia não aparecer. Não editar.
A2: Todos os números vêm das abas dos trechos por referência direta. Não digite nada aqui. A coluna CONFERÊNCIA acusa qualquer trecho em que a soma das marcações não fecha com a extensão. | M2: =IF(D17=0,NA(),D17) -> 441.31857 | N2: =IF(E17=0,NA(),E17) -> 134.3602 | O2: =IF(F17=0,NA(),F17) -> 1 | P2: =IF(G17=0,NA(),G17) -> #N/A | Q2: =IF(H17=0,NA(),H17) -> 420.31288 | R2: =IF(I17=0,NA(),I17) -> 84.076208 | S2: =IF(J17=0,NA(),J17) -> 72.289675
A4: Nº TRECHO | B4: TRECHO | C4: EXTENSÃO (KM) | D4: CONDIÇÃO DA PLATAFORMA | H4: DRENAGEM SUPERFICIAL | K4: CONFERÊNCIA
D5: BOM | E5: REG. (ATÉ 10 IRR./KM) | F5: RUIM (+ 10 IRR./KM) | G5: PÉSSIMA (ATOLEIRO/PTO. CRÍTICO) | H5: LIMPA | I5: OBSTRUÍDA | J5: AUSENTE
A6: 228 | B6: RODOVIA TO-296 - TRECHO SÃO SALVADOR DO TOCANTINS - PARANÃ | C6: ='228'!I30 -> 12.317348 | D6: ='228'!F27 -> 0 | E6: ='228'!G27 -> 12.317348 | F6: ='228'!H27 -> 0 | G6: ='228'!I27 -> 0 | H6: ='228'!J27 -> 9.3173481 | I6: ='228'!K27 -> 3 | J6: ='228'!L27 -> 0 | K6: =IF(SUM(D6:G6)=0,"— não preenchido",IF(ROUND(SUM(D6:G6)-C6,3)=0,"OK","ERRO — dif. de "&ROUND(SUM(D6:G6)-C6,3)&" km")) -> OK
A7: 229 | B7: RODOVIA TO-296 - TRECHO JAÚ DO TOCANTINS - SÃO SALVADOR DO TOCANTINS | C7: ='229'!I102 -> 81.717854 | D7: ='229'!F99 -> 81.717854 | E7: ='229'!G99 -> 0 | F7: ='229'!H99 -> 0 | G7: ='229'!I99 -> 0 | H7: ='229'!J99 -> 81.717854 | I7: ='229'!K99 -> 0 | J7: ='229'!L99 -> 0 | K7: =IF(SUM(D7:G7)=0,"— não preenchido",IF(ROUND(SUM(D7:G7)-C7,3)=0,"OK","ERRO — dif. de "&ROUND(SUM(D7:G7)-C7,3)&" km")) -> OK
A8: 231 | B8: RODOVIA TO-365 - TRECHO IPUEIRAS - SILVANÓPOLIS | C8: ='231'!I58 -> 34.254616 | D8: ='231'!F55 -> 34.254616 | E8: ='231'!G55 -> 0 | F8: ='231'!H55 -> 0 | G8: ='231'!I55 -> 0 | H8: ='231'!J55 -> 34.254616 | I8: ='231'!K55 -> 0 | J8: ='231'!L55 -> 0 | K8: =IF(SUM(D8:G8)=0,"— não preenchido",IF(ROUND(SUM(D8:G8)-C8,3)=0,"OK","ERRO — dif. de "&ROUND(SUM(D8:G8)-C8,3)&" km")) -> OK
A9: 232 | B9: RODOVIA TO-373 - TRECHO ENTR. TO-365 (BALSA) - SÃO MIGUEL - LAGOA DO ROMÃO -ENTR. TO-280 | C9: ='232'!I109 -> 87.831045 | D9: ='232'!F106 -> 87.831045 | E9: ='232'!G106 -> 0 | F9: ='232'!H106 -> 0 | G9: ='232'!I106 -> 0 | H9: ='232'!J106 -> 20.945342 | I9: ='232'!K106 -> 0 | J9: ='232'!L106 -> 66.885703 | K9: =IF(SUM(D9:G9)=0,"— não preenchido",IF(ROUND(SUM(D9:G9)-C9,3)=0,"OK","ERRO — dif. de "&ROUND(SUM(D9:G9)-C9,3)&" km")) -> OK
A10: 236 | B10: RODOVIA TO-458 - TRECHO ENTR. TO-365 (IPUEIRAS) - ENTR. BR-010 | C10: ='236'!I55 -> 33.96664 | D10: ='236'!F52 -> 6 | E10: ='236'!G52 -> 26.96664 | F10: ='236'!H52 -> 1 | G10: ='236'!I52 -> 0 | H10: ='236'!J52 -> 33.96664 | I10: ='236'!K52 -> 0 | J10: ='236'!L52 -> 0 | K10: =IF(SUM(D10:G10)=0,"— não preenchido",IF(ROUND(SUM(D10:G10)-C10,3)=0,"OK","ERRO — dif. de "&ROUND(SUM(D10:G10)-C10,3)&" km")) -> OK
A11: 237 | B11: RODOVIA TO-479 - TRECHO PEIXE - POVOADO LAGOA DO ROMÃO (ENTR. TO-373) | C11: ='237'!I44 -> 26.043993 | D11: ='237'!F41 -> 26.043993 | E11: ='237'!G41 -> 0 | F11: ='237'!H41 -> 0 | G11: ='237'!I41 -> 0 | H11: ='237'!J41 -> 26.043993 | I11: ='237'!K41 -> 0 | J11: ='237'!L41 -> 0 | K11: =IF(SUM(D11:G11)=0,"— não preenchido",IF(ROUND(SUM(D11:G11)-C11,3)=0,"OK","ERRO — dif. de "&ROUND(SUM(D11:G11)-C11,3)&" km")) -> OK
A12: 238 | B12: RODOVIA TO-482 - TRECHO: ENTR. TO-280 (SÃO VALÉRIO DE NATIVIDADE) / ENTR. TO-458 | C12: ='238'!I94 -> 73.554481 | D12: ='238'!F91 -> 73.554481 | E12: ='238'!G91 -> 0 | F12: ='238'!H91 -> 0 | G12: ='238'!I91 -> 0 | H12: ='238'!J91 -> 73.554481 | I12: ='238'!K91 -> 0 | J12: ='238'!L91 -> 0 | K12: =IF(SUM(D12:G12)=0,"— não preenchido",IF(ROUND(SUM(D12:G12)-C12,3)=0,"OK","ERRO — dif. de "&ROUND(SUM(D12:G12)-C12,3)&" km")) -> OK
A13: 239 | B13: RODOVIA TO-486 - TRECHO SANTA ROSA DO TOCANTINS - ENTR. TO-280 (NATIVIDADE) | C13: ='239'!I81 -> 63.930071 | D13: ='239'!F78 -> 63.930071 | E13: ='239'!G78 -> 0 | F13: ='239'!H78 -> 0 | G13: ='239'!I78 -> 0 | H13: ='239'!J78 -> 63.930071 | I13: ='239'!K78 -> 0 | J13: ='239'!L78 -> 0 | K13: =IF(SUM(D13:G13)=0,"— não preenchido",IF(ROUND(SUM(D13:G13)-C13,3)=0,"OK","ERRO — dif. de "&ROUND(SUM(D13:G13)-C13,3)&" km")) -> OK
A14: 240 | B14: RODOVIA TO-490 - TRECHO SÃO VALÉRIO DE NATIVIDADE - ENTR. BR-242 | C14: ='240'!I100 -> 81.076208 | D14: ='240'!F97 -> 0 | E14: ='240'!G97 -> 81.076208 | F14: ='240'!H97 -> 0 | G14: ='240'!I97 -> 0 | H14: ='240'!J97 -> 0 | I14: ='240'!K97 -> 81.076208 | J14: ='240'!L97 -> 0 | K14: =IF(SUM(D14:G14)=0,"— não preenchido",IF(ROUND(SUM(D14:G14)-C14,3)=0,"OK","ERRO — dif. de "&ROUND(SUM(D14:G14)-C14,3)&" km")) -> OK
A15: 241 | B15: RODOVIA TO-491 - TRECHO ENTR. BR-242 - ENTR. TO-296 (POVOADO RETIRO) | C15: ='241'!I78 -> 60.310113 | D15: ='241'!F75 -> 46.310113 | E15: ='241'!G75 -> 14 | F15: ='241'!H75 -> 0 | G15: ='241'!I75 -> 0 | H15: ='241'!J75 -> 60.310113 | I15: ='241'!K75 -> 0 | J15: ='241'!L75 -> 0 | K15: =IF(SUM(D15:G15)=0,"— não preenchido",IF(ROUND(SUM(D15:G15)-C15,3)=0,"OK","ERRO — dif. de "&ROUND(SUM(D15:G15)-C15,3)&" km")) -> OK
A16: 242 | B16: RODOVIA TO-495 - TRECHO DIVISA TO-GO - LOURENÇO BORGES - ENTR. TO-296 | C16: ='242'!I41 -> 21.676393 | D16: ='242'!F38 -> 21.676393 | E16: ='242'!G38 -> 0 | F16: ='242'!H38 -> 0 | G16: ='242'!I38 -> 0 | H16: ='242'!J38 -> 16.27242 | I16: ='242'!K38 -> 0 | J16: ='242'!L38 -> 5.4039722 | K16: =IF(SUM(D16:G16)=0,"— não preenchido",IF(ROUND(SUM(D16:G16)-C16,3)=0,"OK","ERRO — dif. de "&ROUND(SUM(D16:G16)-C16,3)&" km")) -> OK
B17: TOTAL PERCORRIDO NO MÊS | C17: =SUM(C6:C16) -> 576.67876 | D17: =SUM(D6:D16) -> 441.31857 | E17: =SUM(E6:E16) -> 134.3602 | F17: =SUM(F6:F16) -> 1 | G17: =SUM(G6:G16) -> 0 | H17: =SUM(H6:H16) -> 420.31288 | I17: =SUM(I6:I16) -> 84.076208 | J17: =SUM(J6:J16) -> 72.289675
B18: % DA EXTENSÃO DA MALHA (576.68 km) | D18: =SUM(D17:G17)/576.68 -> 0.99999785 | H18: (soma do grupo 'CONDIÇÃO DA PLATAFORMA' dividida pela malha)

Sheet 228
A1: PROGRAMA DE MANUTENÇÃO RODOVIÁRIA — FICHA DE INSPEÇÃO — RODOVIAS NÃO PAVIMENTADAS | P1: Valores dos gráficos — troca 0 por N/D para a fatia não aparecer. Não editar.
A2: REGIÃO: 12 — PEIXE | D2: MÊS / ANO: | F2: 46235 | G2: DATA: | J2: TÉCNICO: | K2: ENG. THIAGO BORGES TORQUATO | P2: =IF(F27=0,NA(),F27) -> #N/A | Q2: =IF(G27=0,NA(),G27) -> 12.317348 | R2: =IF(H27=0,NA(),H27) -> #N/A | S2: =IF(I27=0,NA(),I27) -> #N/A | T2: =IF(J27=0,NA(),J27) -> 9.3173481 | U2: =IF(K27=0,NA(),K27) -> 3 | V2: =IF(L27=0,NA(),L27) -> #N/A
A3: TRECHO 228 — RODOVIA TO-296 - TRECHO SÃO SALVADOR DO TOCANTINS - PARANÃ | K3: EXTENSÃO: 12,317 km · 1 S.R.E.
A4: COMO PREENCHER: uma X em UMA coluna de cada grupo, por linha. Se houver mais de um defeito no mesmo km, marque o PREDOMINANTE e escreva o resto em OBSERVAÇÕES. A quilometragem é contada de 0 até o fim de CADA S.R.E. (não é o marco da rodovia).
A6: S.R.E. | B6: SENT. | C6: INÍCIO (KM) | D6: FIM (KM) | E6: EXT. (KM) | F6: CONDIÇÃO DA PLATAFORMA | J6: DRENAGEM SUPERFICIAL | M6: OBSERVAÇÕES | N6: CONFERÊNCIA (só na tela)
F7: BOM | G7: REG. (ATÉ 10 IRR./KM) | H7: RUIM (+ 10 IRR./KM) | I7: PÉSSIMA (ATOLEIRO/PTO. CRÍTICO) | J7: LIMPA | K7: OBSTRUÍDA | L7: AUSENTE
A8: S.R.E. ACESSO02 | ENTR. TO-387 - UHE SÃO SALVADOR (código antigo: ACESSO) | LEN · Outros · 12.317 km · início: -12.729837, -48.234105
A9: ACESSO02 | B9: C | C9: 0 | D9: 1 | E9: =D9-C9 -> 1 | G9: x | J9: x | N9: =IF(COUNTA(F9:L9)=0,"— não preenchido",IF(COUNTIF(F9:I9,"X")<>1,"FALTA/DUPLA: CONDIÇÃO DA PLATAFORMA",IF(COUNTIF(J9:L9,"X")<>1,"FALTA/DUPLA: DRENAGEM SUPERFICIAL","OK"))) -> OK
A10: ACESSO02 | B10: C | C10: 1 | D10: 2 | E10: =D10-C10 -> 1 | G10: x | K10: x | N10: =IF(COUNTA(F10:L10)=0,"— não preenchido",IF(COUNTIF(F10:I10,"X")<>1,"FALTA/DUPLA: CONDIÇÃO DA PLATAFORMA",IF(COUNTIF(J10:L10,"X")<>1,"FALTA/DUPLA: DRENAGEM SUPERFICIAL","OK"))) -> OK
A11: ACESSO02 | B11: C | C11: 2 | D11: 3 | E11: =D11-C11 -> 1 | G11: x | K11: x | N11: =IF(COUNTA(F11:L11)=0,"— não preenchido",IF(COUNTIF(F11:I11,"X")<>1,"FALTA/DUPLA: CONDIÇÃO DA PLATAFORMA",IF(COUNTIF(J11:L11,"X")<>1,"FALTA/DUPLA: DRENAGEM SUPERFICIAL","OK"))) -> OK
A12: ACESSO02 | B12: C | C12: 3 | D12: 4 | E12: =D12-C12 -> 1 | G12: x | K12: x | N12: =IF(COUNTA(F12:L12)=0,"— não preenchido",IF(COUNTIF(F12:I12,"X")<>1,"FALTA/DUPLA: CONDIÇÃO DA PLATAFORMA",IF(COUNTIF(J12:L12,"X")<>1,"FALTA/DUPLA: DRENAGEM SUPERFICIAL","OK"))) -> OK
A13: ACESSO02 | B13: C | C13: 4 | D13: 5 | E13: =D13-C13 -> 1 | G13: x | J13: x | N13: =IF(COUNTA(F13:L13)=0,"— não preenchido",IF(COUNTIF(F13:I13,"X")<>1,"FALTA/DUPLA: CONDIÇÃO DA PLATAFORMA",IF(COUNTIF(J13:L13,"X")<>1,"FALTA/DUPLA: DRENAGEM SUPERFICIAL","OK"))) -> OK
A14: ACESSO02 | B14: C | C14: 5 | D14: 6 | E14: =D14-C14 -> 1 | G14: x | J14: x | N14: =IF(COUNTA(F14:L14)=0,"— não preenchido",IF(COUNTIF(F14:I14,"X")<>1,"FALTA/DUPLA: CONDIÇÃO DA PLATAFORMA",IF(COUNTIF(J14:L14,"X")<>1,"FALTA/DUPLA: DRENAGEM SUPERFICIAL","OK"))) -> OK
A15: ACESSO02 | B15: C | C15: 6 | D15: 7 | E15: =D15-C15 -> 1 | G15: x | J15: x | N15: =IF(COUNTA(F15:L15)=0,"— não preenchido",IF(COUNTIF(F15:I15,"X")<>1,"FALTA/DUPLA: CONDIÇÃO DA PLATAFORMA",IF(COUNTIF(J15:L15,"X")<>1,"FALTA/DUPLA: DRENAGEM SUPERFICIAL","OK"))) -> OK
A16: ACESSO02 | B16: C | C16: 7 | D16: 8 | E16: =D16-C16 -> 1 | G16: x | J16: x | N16: =IF(COUNTA(F16:L16)=0,"— não preenchido",IF(COUNTIF(F16:I16,"X")<>1,"FALTA/DUPLA: CONDIÇÃO DA PLATAFORMA",IF(COUNTIF(J16:L16,"X")<>1,"FALTA/DUPLA: DRENAGEM SUPERFICIAL","OK"))) -> OK
A17: ACESSO02 | B17: C | C17: 8 | D17: 9 | E17: =D17-C17 -> 1 | G17: x | J17: x | N17: =IF(COUNTA(F17:L17)=0,"— não preenchido",IF(COUNTIF(F17:I17,"X")<>1,"FALTA/DUPLA: CONDIÇÃO DA PLATAFORMA",IF(COUNTIF(J17:L17,"X")<>1,"FALTA/DUPLA: DRENAGEM SUPERFICIAL","OK"))) -> OK
A18: ACESSO02 | B18: C | C18: 9 | D18: 10 | E18: =D18-C18 -> 1 | G18: x | J18: x | N18: =IF(COUNTA(F18:L18)=0,"— não preenchido",IF(COUNTIF(F18:I18,"X")<>1,"FALTA/DUPLA: CONDIÇÃO DA PLATAFORMA",IF(COUNTIF(J18:L18,"X")<>1,"FALTA/DUPLA: DRENAGEM SUPERFICIAL","OK"))) -> OK
A19: ACESSO02 | B19: C | C19: 10 | D19: 11 | E19: =D19-C19 -> 1 | G19: x | J19: x | N19: =IF(COUNTA(F19:L19)=0,"— não preenchido",IF(COUNTIF(F19:I19,"X")<>1,"FALTA/DUPLA: CONDIÇÃO DA PLATAFORMA",IF(COUNTIF(J19:L19,"X")<>1,"FALTA/DUPLA: DRENAGEM SUPERFICIAL","OK"))) -> OK
A20: ACESSO02 | B20: C | C20: 11 | D20: 12 | E20: =D20-C20 -> 1 | G20: x | J20: x | N20: =IF(COUNTA(F20:L20)=0,"— não preenchido",IF(COUNTIF(F20:I20,"X")<>1,"FALTA/DUPLA: CONDIÇÃO DA PLATAFORMA",IF(COUNTIF(J20:L20,"X")<>1,"FALTA/DUPLA: DRENAGEM SUPERFICIAL","OK"))) -> OK
A21: ACESSO02 | B21: C | C21: 12 | D21: 12.317348 | E21: =D21-C21 -> 0.31734807 | G21: x | J21: x | N21: =IF(COUNTA(F21:L21)=0,"— não preenchido",IF(COUNTIF(F21:I21,"X")<>1,"FALTA/DUPLA: CONDIÇÃO DA PLATAFORMA",IF(COUNTIF(J21:L21,"X")<>1,"FALTA/DUPLA: DRENAGEM SUPERFICIAL","OK"))) -> OK
A23: ____________________________________________ | G23: ____________________________________________
A24: TÉCNICO RESPONSÁVEL PELA INSPEÇÃO | G24: VISTO DA SUPERVISÃO
A26: RESUMO DO TRECHO — KM LANÇADO POR ITEM
A27: KM LANÇADO | F27: =SUMIF(F$9:F$21,"X",$E$9:$E$21) -> 0 | G27: =SUMIF(G$9:G$21,"X",$E$9:$E$21) -> 12.317348 | H27: =SUMIF(H$9:H$21,"X",$E$9:$E$21) -> 0 | I27: =SUMIF(I$9:I$21,"X",$E$9:$E$21) -> 0 | J27: =SUMIF(J$9:J$21,"X",$E$9:$E$21) -> 9.3173481 | K27: =SUMIF(K$9:K$21,"X",$E$9:$E$21) -> 3 | L27: =SUMIF(L$9:L$21,"X",$E$9:$E$21) -> 0
A28: % DA EXTENSÃO | F28: =IF($I30=0,0,F27/$I30) -> 0 | G28: =IF($I30=0,0,G27/$I30) -> 1 | H28: =IF($I30=0,0,H27/$I30) -> 0 | I28: =IF($I30=0,0,I27/$I30) -> 0 | J28: =IF($I30=0,0,J27/$I30) -> 0.75644108 | K28: =IF($I30=0,0,K27/$I30) -> 0.24355892 | L28: =IF($I30=0,0,L27/$I30) -> 0
A29: CONFERÊNCIA POR GRUPO | F29: =IF(SUM(F27:I27)=0,"— não preenchido",IF(ROUND(SUM(F27:I27)-$I30,3)=0,"OK — "&ROUND(SUM(F27:I27),3)&" km","ERRO — dif. de "&ROUND(SUM(F27:I27)-$I30,3)&" km")) -> OK — 12,317 km | J29: =IF(SUM(J27:L27)=0,"— não preenchido",IF(ROUND(SUM(J27:L27)-$I30,3)=0,"OK — "&ROUND(SUM(J27:L27),3)&" km","ERRO — dif. de "&ROUND(SUM(J27:L27)-$I30,3)&" km")) -> OK — 12,317 km
A30: EXTENSÃO TOTAL DO TRECHO | I30: =SUM(E9:E21) -> 12.317348 | M30: =COUNTIF(N9:N21,"OK")&" de "&COUNT($E$9:$E$21)&" linhas conferidas" -> 13 de 13 linhas conferidas
A32: LEGENDA
A33: REGULAR | E33: Até 10 irregularidades por km
A34: RUIM | E34: Mais de 10 irregularidades por km
A35: PÉSSIMA | E35: Atoleiro ou ponto crítico
A36: SIT. | E36: LEN = leito natural · EOP = em obras de pavimentação
A37: FAIXA AZUL | E37: Cabeçalho de cada S.R.E.: descrição, situação, jurisdição, extensão e coordenada de início.
A38: INÍCIO / FIM (KM) | E38: Contados de 0 até o fim de CADA S.R.E. Não é o marco quilométrico da rodovia.
A39: SENT. | E39: C = crescente · D = decrescente
A40: FAIXA CINZA | E40: Segmento fora do escopo do contrato: você passa por ele, mas não preenche.
A41: CÉLULA VERMELHA | E41: Mais de uma X no mesmo grupo. Apague uma delas.
A42: CONFERÊNCIA | E42: Só na tela, não sai impresso. Fica OK com uma X em cada grupo.

Sheet 229
A1: PROGRAMA DE MANUTENÇÃO RODOVIÁRIA — FICHA DE INSPEÇÃO — RODOVIAS NÃO PAVIMENTADAS | P1: Valores dos gráficos — troca 0 por N/D para a fatia não aparecer. Não editar.
A2: REGIÃO: 12 — PEIXE | D2: MÊS / ANO: | F2: 46235 | G2: DATA: | J2: TÉCNICO: | K2: ENG. THIAGO BORGES TORQUATO | P2: =IF(F99=0,NA(),F99) -> 81.717854 | Q2: =IF(G99=0,NA(),G99) -> #N/A | R2: =IF(H99=0,NA(),H99) -> #N/A | S2: =IF(I99=0,NA(),I99) -> #N/A | T2: =IF(J99=0,NA(),J99) -> 81.717854 | U2: =IF(K99=0,NA(),K99) -> #N/A | V2: =IF(L99=0,NA(),L99) -> #N/A
A3: TRECHO 229 — RODOVIA TO-296 - TRECHO JAÚ DO TOCANTINS - SÃO SALVADOR DO TOCANTINS | K3: EXTENSÃO: 81,718 km · 3 S.R.E.
A4: COMO PREENCHER: uma X em UMA coluna de cada grupo, por linha. Se houver mais de um defeito no mesmo km, marque o PREDOMINANTE e escreva o resto em OBSERVAÇÕES. A quilometragem é contada de 0 até o fim de CADA S.R.E. (não é o marco da rodovia).
A6: S.R.E. | B6: SENT. | C6: INÍCIO (KM) | D6: FIM (KM) | E6: EXT. (KM) | F6: CONDIÇÃO DA PLATAFORMA | J6: DRENAGEM SUPERFICIAL | M6: OBSERVAÇÕES | N6: CONFERÊNCIA (só na tela)
F7: BOM | G7: REG. (ATÉ 10 IRR./KM) | H7: RUIM (+ 10 IRR./KM) | I7: PÉSSIMA (ATOLEIRO/PTO. CRÍTICO) | J7: LIMPA | K7: OBSTRUÍDA | L7: AUSENTE
A8: S.R.E. 296ETO0240 | ENTR. TO-387 - RETIRO | EOP · Estadual · 22.432 km · início: -12.613204, -48.284007
A9: 296ETO0240 | B9: C | C9: 0 | D9: 1 | E9: =D9-C9 -> 1 | F9: X | J9: X | N9: =IF(COUNTA(F9:L9)=0,"— não preenchido",IF(COUNTIF(F9:I9,"X")<>1,"FALTA/DUPLA: CONDIÇÃO DA PLATAFORMA",IF(COUNTIF(J9:L9,"X")<>1,"FALTA/DUPLA: DRENAGEM SUPERFICIAL","OK"))) -> OK
A10: 296ETO0240 | B10: C | C10: 1 | D10: 2 | E10: =D10-C10 -> 1 | F10: X | J10: X | N10: =IF(COUNTA(F10:L10)=0,"— não preenchido",IF(COUNTIF(F10:I10,"X")<>1,"FALTA/DUPLA: CONDIÇÃO DA PLATAFORMA",IF(COUNTIF(J10:L10,"X")<>1,"FALTA/DUPLA: DRENAGEM SUPERFICIAL","OK"))) -> OK
A11: 296ETO0240 | B11: C | C11: 2 | D11: 3 | E11: =D11-C11 -> 1 | F11: X | J11: X | N11: =IF(COUNTA(F11:L11)=0,"— não preenchido",IF(COUNTIF(F11:I11,"X")<>1,"FALTA/DUPLA: CONDIÇÃO DA PLATAFORMA",IF(COUNTIF(J11:L11,"X")<>1,"FALTA/DUPLA: DRENAGEM SUPERFICIAL","OK"))) -> OK
A12: 296ETO0240 | B12: C | C12: 3 | D12: 4 | E12: =D12-C12 -> 1 | F12: X | J12: X | N12: =IF(COUNTA(F12:L12)=0,"— não preenchido",IF(COUNTIF(F12:I12,"X")<>1,"FALTA/DUPLA: CONDIÇÃO DA PLATAFORMA",IF(COUNTIF(J12:L12,"X")<>1,"FALTA/DUPLA: DRENAGEM SUPERFICIAL","OK"))) -> OK
A13: 296ETO0240 | B13: C | C13: 4 | D13: 5 | E13: =D13-C13 -> 1 | F13: X | J13: X | N13: =IF(COUNTA(F13:L13)=0,"— não preenchido",IF(COUNTIF(F13:I13,"X")<>1,"FALTA/DUPLA: CONDIÇÃO DA PLATAFORMA",IF(COUNTIF(J13:L13,"X")<>1,"FALTA/DUPLA: DRENAGEM SUPERFICIAL","OK"))) -> OK
A14: 296ETO0240 | B14: C | C14: 5 | D14: 6 | E14: =D14-C14 -> 1 | F14: X | J14: X | N14: =IF(COUNTA(F14:L14)=0,"— não preenchido",IF(COUNTIF(F14:I14,"X")<>1,"FALTA/DUPLA: CONDIÇÃO DA PLATAFORMA",IF(COUNTIF(J14:L14,"X")<>1,"FALTA/DUPLA: DRENAGEM SUPERFICIAL","OK"))) -> OK
A15: 296ETO0240 | B15: C | C15: 6 | D15: 7 | E15: =D15-C15 -> 1 | F15: X | J15: X | N15: =IF(COUNTA(F15:L15)=0,"— não preenchido",IF(COUNTIF(F15:I15,"X")<>1,"FALTA/DUPLA: CONDIÇÃO DA PLATAFORMA",IF(COUNTIF(J15:L15,"X")<>1,"FALTA/DUPLA: DRENAGEM SUPERFICIAL","OK"))) -> OK
A16: 296ETO0240 | B16: C | C16: 7 | D16: 8 | E16: =D16-C16 -> 1 | F16: X | J16: X | N16: =IF(COUNTA(F16:L16)=0,"— não preenchido",IF(COUNTIF(F16:I16,"X")<>1,"FALTA/DUPLA: CONDIÇÃO DA PLATAFORMA",IF(COUNTIF(J16:L16,"X")<>1,"FALTA/DUPLA: DRENAGEM SUPERFICIAL","OK"))) -> OK
A17: 296ETO0240 | B17: C | C17: 8 | D17: 9 | E17: =D17-C17 -> 1 | F17: X | J17: X | N17: =IF(COUNTA(F17:L17)=0,"— não preenchido",IF(COUNTIF(F17:I17,"X")<>1,"FALTA/DUPLA: CONDIÇÃO DA PLATAFORMA",IF(COUNTIF(J17:L17,"X")<>1,"FALTA/DUPLA: DRENAGEM SUPERFICIAL","OK"))) -> OK
A18: 296ETO0240 | B18: C | C18: 9 | D18: 10 | E18: =D18-C18 -> 1 | F18: X | J18: X | N18: =IF(COUNTA(F18:L18)=0,"— não preenchido",IF(COUNTIF(F18:I18,"X")<>1,"FALTA/DUPLA: CONDIÇÃO DA PLATAFORMA",IF(COUNTIF(J18:L18,"X")<>1,"FALTA/DUPLA: DRENAGEM SUPERFICIAL","OK"))) -> OK
A19: 296ETO0240 | B19: C | C19: 10 | D19: 11 | E19: =D19-C19 -> 1 | F19: X | J19: X | N19: =IF(COUNTA(F19:L19)=0,"— não preenchido",IF(COUNTIF(F19:I19,"X")<>1,"FALTA/DUPLA: CONDIÇÃO DA PLATAFORMA",IF(COUNTIF(J19:L19,"X")<>1,"FALTA/DUPLA: DRENAGEM SUPERFICIAL","OK"))) -> OK
A20: 296ETO0240 | B20: C | C20: 11 | D20: 12 | E20: =D20-C20 -> 1 | F20: X | J20: X | N20: =IF(COUNTA(F20:L20)=0,"— não preenchido",IF(COUNTIF(F20:I20,"X")<>1,"FALTA/DUPLA: CONDIÇÃO DA PLATAFORMA",IF(COUNTIF(J20:L20,"X")<>1,"FALTA/DUPLA: DRENAGEM SUPERFICIAL","OK"))) -> OK
... A31: 296ETO0240 | B31: C | C31: 22 | D31: 22.432307 | E31: =D31-C31 -> 0.43230674 | F31: X | J31: X | N31: =IF(COUNTA(F31:L31)=0,"— não preenchido",IF(COUNTIF(F31:I31,"X")<>1,"FALTA/DUPLA: CONDIÇÃO DA PLATAFORMA",IF(COUNTIF(J31:L31,"X")<>1,"FALTA/DUPLA: DRENAGEM SUPERFICIAL","OK"))) -> OK
A32: S.R.E. 296ETO0250 | RETIRO - ENTR. TO-491 | EOP · Estadual · 7.658 km · início: -12.610954, -48.286
A33: 296ETO0250 | B33: C | C33: 0 | D33: 1 | E33: =D33-C33 -> 1 | F33: X | J33: X | N33: =IF(COUNTA(F33:L33)=0,"— não preenchido",IF(COUNTIF(F33:I33,"X")<>1,"FALTA/DUPLA: CONDIÇÃO DA PLATAFORMA",IF(COUNTIF(J33:L33,"X")<>1,"FALTA/DUPLA: DRENAGEM SUPERFICIAL","OK"))) -> OK
A34: 296ETO0250 | B34: C | C34: 1 | D34: 2 | E34: =D34-C34 -> 1 | F34: X | J34: X | N34: =IF(COUNTA(F34:L34)=0,"— não preenchido",IF(COUNTIF(F34:I34,"X")<>1,"FALTA/DUPLA: CONDIÇÃO DA PLATAFORMA",IF(COUNTIF(J34:L34,"X")<>1,"FALTA/DUPLA: DRENAGEM SUPERFICIAL","OK"))) -> OK
A35: 296ETO0250 | B35: C | C35: 2 | D35: 3 | E35: =D35-C35 -> 1 | F35: X | J35: X | N35: =IF(COUNTA(F35:L35)=0,"— não preenchido",IF(COUNTIF(F35:I35,"X")<>1,"FALTA/DUPLA: CONDIÇÃO DA PLATAFORMA",IF(COUNTIF(J35:L35,"X")<>1,"FALTA/DUPLA: DRENAGEM SUPERFICIAL","OK"))) -> OK
A36: 296ETO0250 | B36: C | C36: 3 | D36: 4 | E36: =D36-C36 -> 1 | F36: X | J36: X | N36: =IF(COUNTA(F36:L36)=0,"— não preenchido",IF(COUNTIF(F36:I36,"X")<>1,"FALTA/DUPLA: CONDIÇÃO DA PLATAFORMA",IF(COUNTIF(J36:L36,"X")<>1,"FALTA/DUPLA: DRENAGEM SUPERFICIAL","OK"))) -> OK
A37: 296ETO0250 | B37: C | C37: 4 | D37: 5 | E37: =D37-C37 -> 1 | F37: X | J37: X | N37: =IF(COUNTA(F37:L37)=0,"— não preenchido",IF(COUNTIF(F37:I37,"X")<>1,"FALTA/DUPLA: CONDIÇÃO DA PLATAFORMA",IF(COUNTIF(J37:L37,"X")<>1,"FALTA/DUPLA: DRENAGEM SUPERFICIAL","OK"))) -> OK
A38: 296ETO0250 | B38: C | C38: 5 | D38: 6 | E38: =D38-C38 -> 1 | F38: X | J38: X | N38: =IF(COUNTA(F38:L38)=0,"— não preenchido",IF(COUNTIF(F38:I38,"X")<>1,"FALTA/DUPLA: CONDIÇÃO DA PLATAFORMA",IF(COUNTIF(J38:L38,"X")<>1,"FALTA/DUPLA: DRENAGEM SUPERFICIAL","OK"))) -> OK
A39: 296ETO0250 | B39: C | C39: 6 | D39: 7 | E39: =D39-C39 -> 1 | F39: X | J39: X | N39: =IF(COUNTA(F39:L39)=0,"— não preenchido",IF(COUNTIF(F39:I39,"X")<>1,"FALTA/DUPLA: CONDIÇÃO DA PLATAFORMA",IF(COUNTIF(J39:L39,"X")<>1,"FALTA/DUPLA: DRENAGEM SUPERFICIAL","OK"))) -> OK
A40: 296ETO0250 | B40: C | C40: 7 | D40: 7.6576128 | E40: =D40-C40 -> 0.65761278 | F40: X | J40: X | N40: =IF(COUNTA(F40:L40)=0,"— não preenchido",IF(COUNTIF(F40:I40,"X")<>1,"FALTA/DUPLA: CONDIÇÃO DA PLATAFORMA",IF(COUNTIF(J40:L40,"X")<>1,"FALTA/DUPLA: DRENAGEM SUPERFICIAL","OK"))) -> OK
A41: S.R.E. 296ETO0260 | ENTR. TO-491 - JAÚ DO TOCANTINS *TRECHO URBANO* | EOP · Estadual · 51.628 km · início: -12.570387, -48.319684
A42: 296ETO0260 | B42: C | C42: 0 | D42: 1 | E42: =D42-C42 -> 1 | F42: X | J42: X | N42: =IF(COUNTA(F42:L42)=0,"— não preenchido",IF(COUNTIF(F42:I42,"X")<>1,"FALTA/DUPLA: CONDIÇÃO DA PLATAFORMA",IF(COUNTIF(J42:L42,"X")<>1,"FALTA/DUPLA: DRENAGEM SUPERFICIAL","OK"))) -> OK
A43: 296ETO0260 | B43: C | C43: 1 | D43: 2 | E43: =D43-C43 -> 1 | F43: X | J43: X | N43: =IF(COUNTA(F43:L43)=0,"— não preenchido",IF(COUNTIF(F43:I43,"X")<>1,"FALTA/DUPLA: CONDIÇÃO DA PLATAFORMA",IF(COUNTIF(J43:L43,"X")<>1,"FALTA/DUPLA: DRENAGEM SUPERFICIAL","OK"))) -> OK
A44: 296ETO0260 | B44: C | C44: 2 | D44: 3 | E44: =D44-C44 -> 1 | F44: X | J44: X | N44: =IF(COUNTA(F44:L44)=0,"— não preenchido",IF(COUNTIF(F44:I44,"X")<>1,"FALTA/DUPLA: CONDIÇÃO DA PLATAFORMA",IF(COUNTIF(J44:L44,"X")<>1,"FALTA/DUPLA: DRENAGEM SUPERFICIAL","OK"))) -> OK
A45: 296ETO0260 | B45: C | C45: 3 | D45: 4 | E45: =D45-C45 -> 1 | F45: X | J45: X | N45: =IF(COUNTA(F45:L45)=0,"— não preenchido",IF(COUNTIF(F45:I45,"X")<>1,"FALTA/DUPLA: CONDIÇÃO DA PLATAFORMA",IF(COUNTIF(J45:L45,"X")<>1,"FALTA/DUPLA: DRENAGEM SUPERFICIAL","OK"))) -> OK
A46: 296ETO0260 | B46: C | C46: 4 | D46: 5 | E46: =D46-C46 -> 1 | F46: X | J46: X | N46: =IF(COUNTA(F46:L46)=0,"— não preenchido",IF(COUNTIF(F46:I46,"X")<>1,"FALTA/DUPLA: CONDIÇÃO DA PLATAFORMA",IF(COUNTIF(J46:L46,"X")<>1,"FALTA/DUPLA: DRENAGEM SUPERFICIAL","OK"))) -> OK
A47: 296ETO0260 | B47: C | C47: 5 | D47: 6 | E47: =D47-C47 -> 1 | F47: X | J47: X | N47: =IF(COUNTA(F47:L47)=0,"— não preenchido",IF(COUNTIF(F47:I47,"X")<>1,"FALTA/DUPLA: CONDIÇÃO DA PLATAFORMA",IF(COUNTIF(J47:L47,"X")<>1,"FALTA/DUPLA: DRENAGEM SUPERFICIAL","OK"))) -> OK
A48: 296ETO0260 | B48: C | C48: 6 | D48: 7 | E48: =D48-C48 -> 1 | F48: X | J48: X | N48: =IF(COUNTA(F48:L48)=0,"— não preenchido",IF(COUNTIF(F48:I48,"X")<>1,"FALTA/DUPLA: CONDIÇÃO DA PLATAFORMA",IF(COUNTIF(J48:L48,"X")<>1,"FALTA/DUPLA: DRENAGEM SUPERFICIAL","OK"))) -> OK
A49: 296ETO0260 | B49: C | C49: 7 | D49: 8 | E49: =D49-C49 -> 1 | F49: X | J49: X | N49: =IF(COUNTA(F49:L49)=0,"— não preenchido",IF(COUNTIF(F49:I49,"X")<>1,"FALTA/DUPLA: CONDIÇÃO DA PLATAFORMA",IF(COUNTIF(J49:L49,"X")<>1,"FALTA/DUPLA: DRENAGEM SUPERFICIAL","OK"))) -> OK
A50: 296ETO0260 | B50: C | C50: 8 | D50: 9 | E50: =D50-C50 -> 1 | F50: X | J50: X | N50: =IF(COUNTA(F50:L50)=0,"— não preenchido",IF(COUNTIF(F50:I50,"X")<>1,"FALTA/DUPLA: CONDIÇÃO DA PLATAFORMA",IF(COUNTIF(J50:L50,"X")<>1,"FALTA/DUPLA: DRENAGEM SUPERFICIAL","OK"))) -> OK
A51: 296ETO0260 | B51: C | C51: 9 | D51: 10 | E51: =D51-C51 -> 1 | F51: X | J51: X | N51: =IF(COUNTA(F51:L51)=0,"— não preenchido",IF(COUNTIF(F51:I51,"X")<>1,"FALTA/DUPLA: CONDIÇÃO DA PLATAFORMA",IF(COUNTIF(J51:L51,"X")<>1,"FALTA/DUPLA: DRENAGEM SUPERFICIAL","OK"))) -> OK
A52: 296ETO0260 | B52: C | C52: 10 | D52: 11 | E52: =D52-C52 -> 1 | F52: X | J52: X | N52: =IF(COUNTA(F52:L52)=0,"— não preenchido",IF(COUNTIF(F52:I52,"X")<>1,"FALTA/DUPLA: CONDIÇÃO DA PLATAFORMA",IF(COUNTIF(J52:L52,"X")<>1,"FALTA/DUPLA: DRENAGEM SUPERFICIAL","OK"))) -> OK
A53: 296ETO0260 | B53: C | C53: 11 | D53: 12 | E53: =D53-C53 -> 1 | F53: X | J53: X | N53: =IF(COUNTA(F53:L53)=0,"— não preenchido",IF(COUNTIF(F53:I53,"X")<>1,"FALTA/DUPLA: CONDIÇÃO DA PLATAFORMA",IF(COUNTIF(J53:L53,"X")<>1,"FALTA/DUPLA: DRENAGEM SUPERFICIAL","OK"))) -> OK
... A93: 296ETO0260 | B93: C | C93: 51 | D93: 51.627935 | E93: =D93-C93 -> 0.62793494 | F93: X | J93: X | N93: =IF(COUNTA(F93:L93)=0,"— não preenchido",IF(COUNTIF(F93:I93,"X")<>1,"FALTA/DUPLA: CONDIÇÃO DA PLATAFORMA",IF(COUNTIF(J93:L93,"X")<>1,"FALTA/DUPLA: DRENAGEM SUPERFICIAL","OK"))) -> OK
A95: ____________________________________________ | G95: ____________________________________________
A96: TÉCNICO RESPONSÁVEL PELA INSPEÇÃO | G96: VISTO DA SUPERVISÃO
A98: RESUMO DO TRECHO — KM LANÇADO POR ITEM
A99: KM LANÇADO | F99: =SUMIF(F$9:F$93,"X",$E$9:$E$93) -> 81.717854 | G99: =SUMIF(G$9:G$93,"X",$E$9:$E$93) -> 0 | H99: =SUMIF(H$9:H$93,"X",$E$9:$E$93) -> 0 | I99: =SUMIF(I$9:I$93,"X",$E$9:$E$93) -> 0 | J99: =SUMIF(J$9:J$93,"X",$E$9:$E$93) -> 81.717854 | K99: =SUMIF(K$9:K$93,"X",$E$9:$E$93) -> 0 | L99: =SUMIF(L$9:L$93,"X",$E$9:$E$93) -> 0
A100: % DA EXTENSÃO | F100: =IF($I102=0,0,F99/$I102) -> 1 | G100: =IF($I102=0,0,G99/$I102) -> 0 | H100: =IF($I102=0,0,H99/$I102) -> 0 | I100: =IF($I102=0,0,I99/$I102) -> 0 | J100: =IF($I102=0,0,J99/$I102) -> 1 | K100: =IF($I102=0,0,K99/$I102) -> 0 | L100: =IF($I102=0,0,L99/$I102) -> 0
A101: CONFERÊNCIA POR GRUPO | F101: =IF(SUM(F99:I99)=0,"— não preenchido",IF(ROUND(SUM(F99:I99)-$I102,3)=0,"OK — "&ROUND(SUM(F99:I99),3)&" km","ERRO — dif. de "&ROUND(SUM(F99:I99)-$I102,3)&" km")) -> OK — 81,718 km | J101: =IF(SUM(J99:L99)=0,"— não preenchido",IF(ROUND(SUM(J99:L99)-$I102,3)=0,"OK — "&ROUND(SUM(J99:L99),3)&" km","ERRO — dif. de "&ROUND(SUM(J99:L99)-$I102,3)&" km")) -> OK — 81,718 km
A102: EXTENSÃO TOTAL DO TRECHO | I102: =SUM(E9:E93) -> 81.717854 | M102: =COUNTIF(N9:N93,"OK")&" de "&COUNT($E$9:$E$93)&" linhas conferidas" -> 83 de 83 linhas conferidas
A104: LEGENDA
A105: REGULAR | E105: Até 10 irregularidades por km
A106: RUIM | E106: Mais de 10 irregularidades por km
A107: PÉSSIMA | E107: Atoleiro ou ponto crítico
A108: SIT. | E108: LEN = leito natural · EOP = em obras de pavimentação
A109: FAIXA AZUL | E109: Cabeçalho de cada S.R.E.: descrição, situação, jurisdição, extensão e coordenada de início.
A110: INÍCIO / FIM (KM) | E110: Contados de 0 até o fim de CADA S.R.E. Não é o marco quilométrico da rodovia.
A111: SENT. | E111: C = crescente · D = decrescente
A112: FAIXA CINZA | E112: Segmento fora do escopo do contrato: você passa por ele, mas não preenche.
A113: CÉLULA VERMELHA | E113: Mais de uma X no mesmo grupo. Apague uma delas.
A114: CONFERÊNCIA | E114: Só na tela, não sai impresso. Fica OK com uma X em cada grupo.

Sheet 231
A1: PROGRAMA DE MANUTENÇÃO RODOVIÁRIA — FICHA DE INSPEÇÃO — RODOVIAS NÃO PAVIMENTADAS | P1: Valores dos gráficos — troca 0 por N/D para a fatia não aparecer. Não editar.
A2: REGIÃO: 12 — PEIXE | D2: MÊS / ANO: | F2: 46235 | G2: DATA: | J2: TÉCNICO: | K2: ENG. THIAGO BORGES TORQUATO | P2: =IF(F55=0,NA(),F55) -> 34.254616 | Q2: =IF(G55=0,NA(),G55) -> #N/A | R2: =IF(H55=0,NA(),H55) -> #N/A | S2: =IF(I55=0,NA(),I55) -> #N/A | T2: =IF(J55=0,NA(),J55) -> 34.254616 | U2: =IF(K55=0,NA(),K55) -> #N/A | V2: =IF(L55=0,NA(),L55) -> #N/A
A3: TRECHO 231 — RODOVIA TO-365 - TRECHO IPUEIRAS - SILVANÓPOLIS | K3: EXTENSÃO: 34,255 km · 4 S.R.E.
A4: COMO PREENCHER: uma X em UMA coluna de cada grupo, por linha. Se houver mais de um defeito no mesmo km, marque o PREDOMINANTE e escreva o resto em OBSERVAÇÕES. A quilometragem é contada de 0 até o fim de CADA S.R.E. (não é o marco da rodovia).
A6: S.R.E. | B6: SENT. | C6: INÍCIO (KM) | D6: FIM (KM) | E6: EXT. (KM) | F6: CONDIÇÃO DA PLATAFORMA | J6: DRENAGEM SUPERFICIAL | M6: OBSERVAÇÕES | N6: CONFERÊNCIA (só na tela)
F7: BOM | G7: REG. (ATÉ 10 IRR./KM) | H7: RUIM (+ 10 IRR./KM) | I7: PÉSSIMA (ATOLEIRO/PTO. CRÍTICO) | J7: LIMPA | K7: OBSTRUÍDA | L7: AUSENTE
A8: S.R.E. 365ETO0170 | ENTR- TO-050-BR-010 (SILVANÓPOLIS) - SURUBIM | LEN · Estadual · 21.354 km · início: -11.15112, -48.182983
A9: 365ETO0170 | B9: C | C9: 0 | D9: 1 | E9: =D9-C9 -> 1 | F9: X | J9: X | N9: =IF(COUNTA(F9:L9)=0,"— não preenchido",IF(COUNTIF(F9:I9,"X")<>1,"FALTA/DUPLA: CONDIÇÃO DA PLATAFORMA",IF(COUNTIF(J9:L9,"X")<>1,"FALTA/DUPLA: DRENAGEM SUPERFICIAL","OK"))) -> OK
A10: 365ETO0170 | B10: C | C10: 1 | D10: 2 | E10: =D10-C10 -> 1 | F10: X | J10: X | N10: =IF(COUNTA(F10:L10)=0,"— não preenchido",IF(COUNTIF(F10:I10,"X")<>1,"FALTA/DUPLA: CONDIÇÃO DA PLATAFORMA",IF(COUNTIF(J10:L10,"X")<>1,"FALTA/DUPLA: DRENAGEM SUPERFICIAL","OK"))) -> OK
A11: 365ETO0170 | B11: C | C11: 2 | D11: 3 | E11: =D11-C11 -> 1 | F11: X | J11: X | N11: =IF(COUNTA(F11:L11)=0,"— não preenchido",IF(COUNTIF(F11:I11,"X")<>1,"FALTA/DUPLA: CONDIÇÃO DA PLATAFORMA",IF(COUNTIF(J11:L11,"X")<>1,"FALTA/DUPLA: DRENAGEM SUPERFICIAL","OK"))) -> OK
A12: 365ETO0170 | B12: C | C12: 3 | D12: 4 | E12: =D12-C12 -> 1 | F12: X | J12: X | N12: =IF(COUNTA(F12:L12)=0,"— não preenchido",IF(COUNTIF(F12:I12,"X")<>1,"FALTA/DUPLA: CONDIÇÃO DA PLATAFORMA",IF(COUNTIF(J12:L12,"X")<>1,"FALTA/DUPLA: DRENAGEM SUPERFICIAL","OK"))) -> OK
A13: 365ETO0170 | B13: C | C13: 4 | D13: 5 | E13: =D13-C13 -> 1 | F13: X | J13: X | N13: =IF(COUNTA(F13:L13)=0,"— não preenchido",IF(COUNTIF(F13:I13,"X")<>1,"FALTA/DUPLA: CONDIÇÃO DA PLATAFORMA",IF(COUNTIF(J13:L13,"X")<>1,"FALTA/DUPLA: DRENAGEM SUPERFICIAL","OK"))) -> OK
A14: 365ETO0170 | B14: C | C14: 5 | D14: 6 | E14: =D14-C14 -> 1 | F14: X | J14: X | N14: =IF(COUNTA(F14:L14)=0,"— não preenchido",IF(COUNTIF(F14:I14,"X")<>1,"FALTA/DUPLA: CONDIÇÃO DA PLATAFORMA",IF(COUNTIF(J14:L14,"X")<>1,"FALTA/DUPLA: DRENAGEM SUPERFICIAL","OK"))) -> OK
A15: 365ETO0170 | B15: C | C15: 6 | D15: 7 | E15: =D15-C15 -> 1 | F15: X | J15: X | N15: =IF(COUNTA(F15:L15)=0,"— não preenchido",IF(COUNTIF(F15:I15,"X")<>1,"FALTA/DUPLA: CONDIÇÃO DA PLATAFORMA",IF(COUNTIF(J15:L15,"X")<>1,"FALTA/DUPLA: DRENAGEM SUPERFICIAL","OK"))) -> OK
A16: 365ETO0170 | B16: C | C16: 7 | D16: 8 | E16: =D16-C16 -> 1 | F16: X | J16: X | N16: =IF(COUNTA(F16:L16)=0,"— não preenchido",IF(COUNTIF(F16:I16,"X")<>1,"FALTA/DUPLA: CONDIÇÃO DA PLATAFORMA",IF(COUNTIF(J16:L16,"X")<>1,"FALTA/DUPLA: DRENAGEM SUPERFICIAL","OK"))) -> OK
A17: 365ETO0170 | B17: C | C17: 8 | D17: 9 | E17: =D17-C17 -> 1 | F17: X | J17: X | N17: =IF(COUNTA(F17:L17)=0,"— não preenchido",IF(COUNTIF(F17:I17,"X")<>1,"FALTA/DUPLA: CONDIÇÃO DA PLATAFORMA",IF(COUNTIF(J17:L17,"X")<>1,"FALTA/DUPLA: DRENAGEM SUPERFICIAL","OK"))) -> OK
A18: 365ETO0170 | B18: C | C18: 9 | D18: 10 | E18: =D18-C18 -> 1 | F18: X | J18: X | N18: =IF(COUNTA(F18:L18)=0,"— não preenchido",IF(COUNTIF(F18:I18,"X")<>1,"FALTA/DUPLA: CONDIÇÃO DA PLATAFORMA",IF(COUNTIF(J18:L18,"X")<>1,"FALTA/DUPLA: DRENAGEM SUPERFICIAL","OK"))) -> OK
A19: 365ETO0170 | B19: C | C19: 10 | D19: 11 | E19: =D19-C19 -> 1 | F19: X | J19: X | N19: =IF(COUNTA(F19:L19)=0,"— não preenchido",IF(COUNTIF(F19:I19,"X")<>1,"FALTA/DUPLA: CONDIÇÃO DA PLATAFORMA",IF(COUNTIF(J19:L19,"X")<>1,"FALTA/DUPLA: DRENAGEM SUPERFICIAL","OK"))) -> OK
A20: 365ETO0170 | B20: C | C20: 11 | D20: 12 | E20: =D20-C20 -> 1 | F20: X | J20: X | N20: =IF(COUNTA(F20:L20)=0,"— não preenchido",IF(COUNTIF(F20:I20,"X")<>1,"FALTA/DUPLA: CONDIÇÃO DA PLATAFORMA",IF(COUNTIF(J20:L20,"X")<>1,"FALTA/DUPLA: DRENAGEM SUPERFICIAL","OK"))) -> OK
... A30: 365ETO0170 | B30: C | C30: 21 | D30: 21.354216 | E30: =D30-C30 -> 0.35421556 | F30: X | J30: X | N30: =IF(COUNTA(F30:L30)=0,"— não preenchido",IF(COUNTIF(F30:I30,"X")<>1,"FALTA/DUPLA: CONDIÇÃO DA PLATAFORMA",IF(COUNTIF(J30:L30,"X")<>1,"FALTA/DUPLA: DRENAGEM SUPERFICIAL","OK"))) -> OK
A31: S.R.E. 365ETO0180 | SURUBIM - ENTR. TO-458 | LEN · Estadual · 6.239 km · início: -11.246862, -48.34366
A32: 365ETO0180 | B32: C | C32: 0 | D32: 1 | E32: =D32-C32 -> 1 | F32: X | J32: X | N32: =IF(COUNTA(F32:L32)=0,"— não preenchido",IF(COUNTIF(F32:I32,"X")<>1,"FALTA/DUPLA: CONDIÇÃO DA PLATAFORMA",IF(COUNTIF(J32:L32,"X")<>1,"FALTA/DUPLA: DRENAGEM SUPERFICIAL","OK"))) -> OK
A33: 365ETO0180 | B33: C | C33: 1 | D33: 2 | E33: =D33-C33 -> 1 | F33: X | J33: X | N33: =IF(COUNTA(F33:L33)=0,"— não preenchido",IF(COUNTIF(F33:I33,"X")<>1,"FALTA/DUPLA: CONDIÇÃO DA PLATAFORMA",IF(COUNTIF(J33:L33,"X")<>1,"FALTA/DUPLA: DRENAGEM SUPERFICIAL","OK"))) -> OK
A34: 365ETO0180 | B34: C | C34: 2 | D34: 3 | E34: =D34-C34 -> 1 | F34: X | J34: X | N34: =IF(COUNTA(F34:L34)=0,"— não preenchido",IF(COUNTIF(F34:I34,"X")<>1,"FALTA/DUPLA: CONDIÇÃO DA PLATAFORMA",IF(COUNTIF(J34:L34,"X")<>1,"FALTA/DUPLA: DRENAGEM SUPERFICIAL","OK"))) -> OK
A35: 365ETO0180 | B35: C | C35: 3 | D35: 4 | E35: =D35-C35 -> 1 | F35: X | J35: X | N35: =IF(COUNTA(F35:L35)=0,"— não preenchido",IF(COUNTIF(F35:I35,"X")<>1,"FALTA/DUPLA: CONDIÇÃO DA PLATAFORMA",IF(COUNTIF(J35:L35,"X")<>1,"FALTA/DUPLA: DRENAGEM SUPERFICIAL","OK"))) -> OK
A36: 365ETO0180 | B36: C | C36: 4 | D36: 5 | E36: =D36-C36 -> 1 | F36: X | J36: X | N36: =IF(COUNTA(F36:L36)=0,"— não preenchido",IF(COUNTIF(F36:I36,"X")<>1,"FALTA/DUPLA: CONDIÇÃO DA PLATAFORMA",IF(COUNTIF(J36:L36,"X")<>1,"FALTA/DUPLA: DRENAGEM SUPERFICIAL","OK"))) -> OK
A37: 365ETO0180 | B37: C | C37: 5 | D37: 6 | E37: =D37-C37 -> 1 | F37: X | J37: X | N37: =IF(COUNTA(F37:L37)=0,"— não preenchido",IF(COUNTIF(F37:I37,"X")<>1,"FALTA/DUPLA: CONDIÇÃO DA PLATAFORMA",IF(COUNTIF(J37:L37,"X")<>1,"FALTA/DUPLA: DRENAGEM SUPERFICIAL","OK"))) -> OK
A38: 365ETO0180 | B38: C | C38: 6 | D38: 6.2394458 | E38: =D38-C38 -> 0.23944584 | F38: X | J38: X | N38: =IF(COUNTA(F38:L38)=0,"— não preenchido",IF(COUNTIF(F38:I38,"X")<>1,"FALTA/DUPLA: CONDIÇÃO DA PLATAFORMA",IF(COUNTIF(J38:L38,"X")<>1,"FALTA/DUPLA: DRENAGEM SUPERFICIAL","OK"))) -> OK
A39: S.R.E. 365ETO0190 | ENTR. TO-458 - IPUEIRAS *TRECHO URBANO* | LEN · Estadual · 5.330 km · início: -11.259612, -48.398791
A40: 365ETO0190 | B40: C | C40: 0 | D40: 1 | E40: =D40-C40 -> 1 | F40: X | J40: X | N40: =IF(COUNTA(F40:L40)=0,"— não preenchido",IF(COUNTIF(F40:I40,"X")<>1,"FALTA/DUPLA: CONDIÇÃO DA PLATAFORMA",IF(COUNTIF(J40:L40,"X")<>1,"FALTA/DUPLA: DRENAGEM SUPERFICIAL","OK"))) -> OK
A41: 365ETO0190 | B41: C | C41: 1 | D41: 2 | E41: =D41-C41 -> 1 | F41: X | J41: X | N41: =IF(COUNTA(F41:L41)=0,"— não preenchido",IF(COUNTIF(F41:I41,"X")<>1,"FALTA/DUPLA: CONDIÇÃO DA PLATAFORMA",IF(COUNTIF(J41:L41,"X")<>1,"FALTA/DUPLA: DRENAGEM SUPERFICIAL","OK"))) -> OK
A42: 365ETO0190 | B42: C | C42: 2 | D42: 3 | E42: =D42-C42 -> 1 | F42: X | J42: X | N42: =IF(COUNTA(F42:L42)=0,"— não preenchido",IF(COUNTIF(F42:I42,"X")<>1,"FALTA/DUPLA: CONDIÇÃO DA PLATAFORMA",IF(COUNTIF(J42:L42,"X")<>1,"FALTA/DUPLA: DRENAGEM SUPERFICIAL","OK"))) -> OK
A43: 365ETO0190 | B43: C | C43: 3 | D43: 4 | E43: =D43-C43 -> 1 | F43: X | J43: X | N43: =IF(COUNTA(F43:L43)=0,"— não preenchido",IF(COUNTIF(F43:I43,"X")<>1,"FALTA/DUPLA: CONDIÇÃO DA PLATAFORMA",IF(COUNTIF(J43:L43,"X")<>1,"FALTA/DUPLA: DRENAGEM SUPERFICIAL","OK"))) -> OK
A44: 365ETO0190 | B44: C | C44: 4 | D44: 5 | E44: =D44-C44 -> 1 | F44: X | J44: X | N44: =IF(COUNTA(F44:L44)=0,"— não preenchido",IF(COUNTIF(F44:I44,"X")<>1,"FALTA/DUPLA: CONDIÇÃO DA PLATAFORMA",IF(COUNTIF(J44:L44,"X")<>1,"FALTA/DUPLA: DRENAGEM SUPERFICIAL","OK"))) -> OK
A45: 365ETO0190 | B45: C | C45: 5 | D45: 5.3298942 | E45: =D45-C45 -> 0.32989419 | F45: X | J45: X | N45: =IF(COUNTA(F45:L45)=0,"— não preenchido",IF(COUNTIF(F45:I45,"X")<>1,"FALTA/DUPLA: CONDIÇÃO DA PLATAFORMA",IF(COUNTIF(J45:L45,"X")<>1,"FALTA/DUPLA: DRENAGEM SUPERFICIAL","OK"))) -> OK
A46: ▲ AQUI HÁ 1.125 km FORA DO ESCOPO DO CONTRATO (perímetro urbano de jurisdição municipal). Você passa por ele, mas NÃO preenche.
A47: S.R.E. 365ETO0210 | ENTR. TO-458 (IPUEIRAS *TRECHO URBANO*) - RIO TOCANTINS( BALSA) | LEN · Estadual · 1.331 km · início: -11.240851, -48.448866
A48: 365ETO0210 | B48: C | C48: 0 | D48: 1 | E48: =D48-C48 -> 1 | F48: X | J48: X | N48: =IF(COUNTA(F48:L48)=0,"— não preenchido",IF(COUNTIF(F48:I48,"X")<>1,"FALTA/DUPLA: CONDIÇÃO DA PLATAFORMA",IF(COUNTIF(J48:L48,"X")<>1,"FALTA/DUPLA: DRENAGEM SUPERFICIAL","OK"))) -> OK
A49: 365ETO0210 | B49: C | C49: 1 | D49: 1.3310602 | E49: =D49-C49 -> 0.33106017 | F49: X | J49: X | N49: =IF(COUNTA(F49:L49)=0,"— não preenchido",IF(COUNTIF(F49:I49,"X")<>1,"FALTA/DUPLA: CONDIÇÃO DA PLATAFORMA",IF(COUNTIF(J49:L49,"X")<>1,"FALTA/DUPLA: DRENAGEM SUPERFICIAL","OK"))) -> OK
A51: ____________________________________________ | G51: ____________________________________________
A52: TÉCNICO RESPONSÁVEL PELA INSPEÇÃO | G52: VISTO DA SUPERVISÃO
A54: RESUMO DO TRECHO — KM LANÇADO POR ITEM
A55: KM LANÇADO | F55: =SUMIF(F$9:F$49,"X",$E$9:$E$49) -> 34.254616 | G55: =SUMIF(G$9:G$49,"X",$E$9:$E$49) -> 0 | H55: =SUMIF(H$9:H$49,"X",$E$9:$E$49) -> 0 | I55: =SUMIF(I$9:I$49,"X",$E$9:$E$49) -> 0 | J55: =SUMIF(J$9:J$49,"X",$E$9:$E$49) -> 34.254616 | K55: =SUMIF(K$9:K$49,"X",$E$9:$E$49) -> 0 | L55: =SUMIF(L$9:L$49,"X",$E$9:$E$49) -> 0
A56: % DA EXTENSÃO | F56: =IF($I58=0,0,F55/$I58) -> 1 | G56: =IF($I58=0,0,G55/$I58) -> 0 | H56: =IF($I58=0,0,H55/$I58) -> 0 | I56: =IF($I58=0,0,I55/$I58) -> 0 | J56: =IF($I58=0,0,J55/$I58) -> 1 | K56: =IF($I58=0,0,K55/$I58) -> 0 | L56: =IF($I58=0,0,L55/$I58) -> 0
A57: CONFERÊNCIA POR GRUPO | F57: =IF(SUM(F55:I55)=0,"— não preenchido",IF(ROUND(SUM(F55:I55)-$I58,3)=0,"OK — "&ROUND(SUM(F55:I55),3)&" km","ERRO — dif. de "&ROUND(SUM(F55:I55)-$I58,3)&" km")) -> OK — 34,255 km | J57: =IF(SUM(J55:L55)=0,"— não preenchido",IF(ROUND(SUM(J55:L55)-$I58,3)=0,"OK — "&ROUND(SUM(J55:L55),3)&" km","ERRO — dif. de "&ROUND(SUM(J55:L55)-$I58,3)&" km")) -> OK — 34,255 km
A58: EXTENSÃO TOTAL DO TRECHO | I58: =SUM(E9:E49) -> 34.254616 | M58: =COUNTIF(N9:N49,"OK")&" de "&COUNT($E$9:$E$49)&" linhas conferidas" -> 37 de 37 linhas conferidas
A60: LEGENDA
A61: REGULAR | E61: Até 10 irregularidades por km
A62: RUIM | E62: Mais de 10 irregularidades por km
A63: PÉSSIMA | E63: Atoleiro ou ponto crítico
A64: SIT. | E64: LEN = leito natural · EOP = em obras de pavimentação
A65: FAIXA AZUL | E65: Cabeçalho de cada S.R.E.: descrição, situação, jurisdição, extensão e coordenada de início.
A66: INÍCIO / FIM (KM) | E66: Contados de 0 até o fim de CADA S.R.E. Não é o marco quilométrico da rodovia.
A67: SENT. | E67: C = crescente · D = decrescente
A68: FAIXA CINZA | E68: Segmento fora do escopo do contrato: você passa por ele, mas não preenche.
A69: CÉLULA VERMELHA | E69: Mais de uma X no mesmo grupo. Apague uma delas.
A70: CONFERÊNCIA | E70: Só na tela, não sai impresso. Fica OK com uma X em cada grupo.

Sheet 232
A1: PROGRAMA DE MANUTENÇÃO RODOVIÁRIA — FICHA DE INSPEÇÃO — RODOVIAS NÃO PAVIMENTADAS | P1: Valores dos gráficos — troca 0 por N/D para a fatia não aparecer. Não editar.
A2: REGIÃO: 12 — PEIXE | D2: MÊS / ANO: | F2: 46235 | G2: DATA: | J2: TÉCNICO: | K2: ENG. THIAGO BORGES TORQUATO | P2: =IF(F106=0,NA(),F106) -> 87.831045 | Q2: =IF(G106=0,NA(),G106) -> #N/A | R2: =IF(H106=0,NA(),H106) -> #N/A | S2: =IF(I106=0,NA(),I106) -> #N/A | T2: =IF(J106=0,NA(),J106) -> 20.945342 | U2: =IF(K106=0,NA(),K106) -> #N/A | V2: =IF(L106=0,NA(),L106) -> 66.885703
A3: TRECHO 232 — RODOVIA TO-373 - TRECHO ENTR. TO-365 (BALSA) - SÃO MIGUEL - LAGOA DO ROMÃO -ENTR. TO-280 | K3: EXTENSÃO: 87,831 km · 4 S.R.E.
A4: COMO PREENCHER: uma X em UMA coluna de cada grupo, por linha. Se houver mais de um defeito no mesmo km, marque o PREDOMINANTE e escreva o resto em OBSERVAÇÕES. A quilometragem é contada de 0 até o fim de CADA S.R.E. (não é o marco da rodovia).
A6: S.R.E. | B6: SENT. | C6: INÍCIO (KM) | D6: FIM (KM) | E6: EXT. (KM) | F6: CONDIÇÃO DA PLATAFORMA | J6: DRENAGEM SUPERFICIAL | M6: OBSERVAÇÕES | N6: CONFERÊNCIA (só na tela)
F7: BOM | G7: REG. (ATÉ 10 IRR./KM) | H7: RUIM (+ 10 IRR./KM) | I7: PÉSSIMA (ATOLEIRO/PTO. CRÍTICO) | J7: LIMPA | K7: OBSTRUÍDA | L7: AUSENTE
A8: S.R.E. 373ETO0120 | RIO TOCANTINS (BALSA) - SÃO MIGUEL | LEN · Estadual · 25.933 km · início: -11.428717, -48.58823
A9: 373ETO0120 | B9: C | C9: 0 | D9: 1 | E9: =D9-C9 -> 1 | F9: X | L9: X | N9: =IF(COUNTA(F9:L9)=0,"— não preenchido",IF(COUNTIF(F9:I9,"X")<>1,"FALTA/DUPLA: CONDIÇÃO DA PLATAFORMA",IF(COUNTIF(J9:L9,"X")<>1,"FALTA/DUPLA: DRENAGEM SUPERFICIAL","OK"))) -> OK
A10: 373ETO0120 | B10: C | C10: 1 | D10: 2 | E10: =D10-C10 -> 1 | F10: X | L10: X | N10: =IF(COUNTA(F10:L10)=0,"— não preenchido",IF(COUNTIF(F10:I10,"X")<>1,"FALTA/DUPLA: CONDIÇÃO DA PLATAFORMA",IF(COUNTIF(J10:L10,"X")<>1,"FALTA/DUPLA: DRENAGEM SUPERFICIAL","OK"))) -> OK
A11: 373ETO0120 | B11: C | C11: 2 | D11: 3 | E11: =D11-C11 -> 1 | F11: X | L11: X | N11: =IF(COUNTA(F11:L11)=0,"— não preenchido",IF(COUNTIF(F11:I11,"X")<>1,"FALTA/DUPLA: CONDIÇÃO DA PLATAFORMA",IF(COUNTIF(J11:L11,"X")<>1,"FALTA/DUPLA: DRENAGEM SUPERFICIAL","OK"))) -> OK
A12: 373ETO0120 | B12: C | C12: 3 | D12: 4 | E12: =D12-C12 -> 1 | F12: X | L12: X | N12: =IF(COUNTA(F12:L12)=0,"— não preenchido",IF(COUNTIF(F12:I12,"X")<>1,"FALTA/DUPLA: CONDIÇÃO DA PLATAFORMA",IF(COUNTIF(J12:L12,"X")<>1,"FALTA/DUPLA: DRENAGEM SUPERFICIAL","OK"))) -> OK
A13: 373ETO0120 | B13: C | C13: 4 | D13: 5 | E13: =D13-C13 -> 1 | F13: X | L13: X | N13: =IF(COUNTA(F13:L13)=0,"— não preenchido",IF(COUNTIF(F13:I13,"X")<>1,"FALTA/DUPLA: CONDIÇÃO DA PLATAFORMA",IF(COUNTIF(J13:L13,"X")<>1,"FALTA/DUPLA: DRENAGEM SUPERFICIAL","OK"))) -> OK
A14: 373ETO0120 | B14: C | C14: 5 | D14: 6 | E14: =D14-C14 -> 1 | F14: X | L14: X | N14: =IF(COUNTA(F14:L14)=0,"— não preenchido",IF(COUNTIF(F14:I14,"X")<>1,"FALTA/DUPLA: CONDIÇÃO DA PLATAFORMA",IF(COUNTIF(J14:L14,"X")<>1,"FALTA/DUPLA: DRENAGEM SUPERFICIAL","OK"))) -> OK
A15: 373ETO0120 | B15: C | C15: 6 | D15: 7 | E15: =D15-C15 -> 1 | F15: X | L15: X | N15: =IF(COUNTA(F15:L15)=0,"— não preenchido",IF(COUNTIF(F15:I15,"X")<>1,"FALTA/DUPLA: CONDIÇÃO DA PLATAFORMA",IF(COUNTIF(J15:L15,"X")<>1,"FALTA/DUPLA: DRENAGEM SUPERFICIAL","OK"))) -> OK
A16: 373ETO0120 | B16: C | C16: 7 | D16: 8 | E16: =D16-C16 -> 1 | F16: X | L16: X | N16: =IF(COUNTA(F16:L16)=0,"— não preenchido",IF(COUNTIF(F16:I16,"X")<>1,"FALTA/DUPLA: CONDIÇÃO DA PLATAFORMA",IF(COUNTIF(J16:L16,"X")<>1,"FALTA/DUPLA: DRENAGEM SUPERFICIAL","OK"))) -> OK
A17: 373ETO0120 | B17: C | C17: 8 | D17: 9 | E17: =D17-C17 -> 1 | F17: X | L17: X | N17: =IF(COUNTA(F17:L17)=0,"— não preenchido",IF(COUNTIF(F17:I17,"X")<>1,"FALTA/DUPLA: CONDIÇÃO DA PLATAFORMA",IF(COUNTIF(J17:L17,"X")<>1,"FALTA/DUPLA: DRENAGEM SUPERFICIAL","OK"))) -> OK
A18: 373ETO0120 | B18: C | C18: 9 | D18: 10 | E18: =D18-C18 -> 1 | F18: X | L18: X | N18: =IF(COUNTA(F18:L18)=0,"— não preenchido",IF(COUNTIF(F18:I18,"X")<>1,"FALTA/DUPLA: CONDIÇÃO DA PLATAFORMA",IF(COUNTIF(J18:L18,"X")<>1,"FALTA/DUPLA: DRENAGEM SUPERFICIAL","OK"))) -> OK
A19: 373ETO0120 | B19: C | C19: 10 | D19: 11 | E19: =D19-C19 -> 1 | F19: X | L19: X | N19: =IF(COUNTA(F19:L19)=0,"— não preenchido",IF(COUNTIF(F19:I19,"X")<>1,"FALTA/DUPLA: CONDIÇÃO DA PLATAFORMA",IF(COUNTIF(J19:L19,"X")<>1,"FALTA/DUPLA: DRENAGEM SUPERFICIAL","OK"))) -> OK
A20: 373ETO0120 | B20: C | C20: 11 | D20: 12 | E20: =D20-C20 -> 1 | F20: X | L20: X | N20: =IF(COUNTA(F20:L20)=0,"— não preenchido",IF(COUNTIF(F20:I20,"X")<>1,"FALTA/DUPLA: CONDIÇÃO DA PLATAFORMA",IF(COUNTIF(J20:L20,"X")<>1,"FALTA/DUPLA: DRENAGEM SUPERFICIAL","OK"))) -> OK
... A34: 373ETO0120 | B34: C | C34: 25 | D34: 25.932627 | E34: =D34-C34 -> 0.93262673 | F34: X | L34: X | N34: =IF(COUNTA(F34:L34)=0,"— não preenchido",IF(COUNTIF(F34:I34,"X")<>1,"FALTA/DUPLA: CONDIÇÃO DA PLATAFORMA",IF(COUNTIF(J34:L34,"X")<>1,"FALTA/DUPLA: DRENAGEM SUPERFICIAL","OK"))) -> OK
A35: S.R.E. 373ETO0130 | SÃO MIGUEL - LAGOA DO ROMÃO | LEN · Estadual · 39.401 km · início: -11.59937, -48.527765
A36: 373ETO0130 | B36: C | C36: 0 | D36: 1 | E36: =D36-C36 -> 1 | F36: X | L36: X | N36: =IF(COUNTA(F36:L36)=0,"— não preenchido",IF(COUNTIF(F36:I36,"X")<>1,"FALTA/DUPLA: CONDIÇÃO DA PLATAFORMA",IF(COUNTIF(J36:L36,"X")<>1,"FALTA/DUPLA: DRENAGEM SUPERFICIAL","OK"))) -> OK
A37: 373ETO0130 | B37: C | C37: 1 | D37: 2 | E37: =D37-C37 -> 1 | F37: X | L37: X | N37: =IF(COUNTA(F37:L37)=0,"— não preenchido",IF(COUNTIF(F37:I37,"X")<>1,"FALTA/DUPLA: CONDIÇÃO DA PLATAFORMA",IF(COUNTIF(J37:L37,"X")<>1,"FALTA/DUPLA: DRENAGEM SUPERFICIAL","OK"))) -> OK
A38: 373ETO0130 | B38: C | C38: 2 | D38: 3 | E38: =D38-C38 -> 1 | F38: X | L38: X | N38: =IF(COUNTA(F38:L38)=0,"— não preenchido",IF(COUNTIF(F38:I38,"X")<>1,"FALTA/DUPLA: CONDIÇÃO DA PLATAFORMA",IF(COUNTIF(J38:L38,"X")<>1,"FALTA/DUPLA: DRENAGEM SUPERFICIAL","OK"))) -> OK
A39: 373ETO0130 | B39: C | C39: 3 | D39: 4 | E39: =D39-C39 -> 1 | F39: X | L39: X | N39: =IF(COUNTA(F39:L39)=0,"— não preenchido",IF(COUNTIF(F39:I39,"X")<>1,"FALTA/DUPLA: CONDIÇÃO DA PLATAFORMA",IF(COUNTIF(J39:L39,"X")<>1,"FALTA/DUPLA: DRENAGEM SUPERFICIAL","OK"))) -> OK
A40: 373ETO0130 | B40: C | C40: 4 | D40: 5 | E40: =D40-C40 -> 1 | F40: X | L40: X | N40: =IF(COUNTA(F40:L40)=0,"— não preenchido",IF(COUNTIF(F40:I40,"X")<>1,"FALTA/DUPLA: CONDIÇÃO DA PLATAFORMA",IF(COUNTIF(J40:L40,"X")<>1,"FALTA/DUPLA: DRENAGEM SUPERFICIAL","OK"))) -> OK
A41: 373ETO0130 | B41: C | C41: 5 | D41: 6 | E41: =D41-C41 -> 1 | F41: X | L41: X | N41: =IF(COUNTA(F41:L41)=0,"— não preenchido",IF(COUNTIF(F41:I41,"X")<>1,"FALTA/DUPLA: CONDIÇÃO DA PLATAFORMA",IF(COUNTIF(J41:L41,"X")<>1,"FALTA/DUPLA: DRENAGEM SUPERFICIAL","OK"))) -> OK
A42: 373ETO0130 | B42: C | C42: 6 | D42: 7 | E42: =D42-C42 -> 1 | F42: X | L42: X | N42: =IF(COUNTA(F42:L42)=0,"— não preenchido",IF(COUNTIF(F42:I42,"X")<>1,"FALTA/DUPLA: CONDIÇÃO DA PLATAFORMA",IF(COUNTIF(J42:L42,"X")<>1,"FALTA/DUPLA: DRENAGEM SUPERFICIAL","OK"))) -> OK
A43: 373ETO0130 | B43: C | C43: 7 | D43: 8 | E43: =D43-C43 -> 1 | F43: X | L43: X | N43: =IF(COUNTA(F43:L43)=0,"— não preenchido",IF(COUNTIF(F43:I43,"X")<>1,"FALTA/DUPLA: CONDIÇÃO DA PLATAFORMA",IF(COUNTIF(J43:L43,"X")<>1,"FALTA/DUPLA: DRENAGEM SUPERFICIAL","OK"))) -> OK
A44: 373ETO0130 | B44: C | C44: 8 | D44: 9 | E44: =D44-C44 -> 1 | F44: X | L44: X | N44: =IF(COUNTA(F44:L44)=0,"— não preenchido",IF(COUNTIF(F44:I44,"X")<>1,"FALTA/DUPLA: CONDIÇÃO DA PLATAFORMA",IF(COUNTIF(J44:L44,"X")<>1,"FALTA/DUPLA: DRENAGEM SUPERFICIAL","OK"))) -> OK
A45: 373ETO0130 | B45: C | C45: 9 | D45: 10 | E45: =D45-C45 -> 1 | F45: X | L45: X | N45: =IF(COUNTA(F45:L45)=0,"— não preenchido",IF(COUNTIF(F45:I45,"X")<>1,"FALTA/DUPLA: CONDIÇÃO DA PLATAFORMA",IF(COUNTIF(J45:L45,"X")<>1,"FALTA/DUPLA: DRENAGEM SUPERFICIAL","OK"))) -> OK
A46: 373ETO0130 | B46: C | C46: 10 | D46: 11 | E46: =D46-C46 -> 1 | F46: X | L46: X | N46: =IF(COUNTA(F46:L46)=0,"— não preenchido",IF(COUNTIF(F46:I46,"X")<>1,"FALTA/DUPLA: CONDIÇÃO DA PLATAFORMA",IF(COUNTIF(J46:L46,"X")<>1,"FALTA/DUPLA: DRENAGEM SUPERFICIAL","OK"))) -> OK
A47: 373ETO0130 | B47: C | C47: 11 | D47: 12 | E47: =D47-C47 -> 1 | F47: X | L47: X | N47: =IF(COUNTA(F47:L47)=0,"— não preenchido",IF(COUNTIF(F47:I47,"X")<>1,"FALTA/DUPLA: CONDIÇÃO DA PLATAFORMA",IF(COUNTIF(J47:L47,"X")<>1,"FALTA/DUPLA: DRENAGEM SUPERFICIAL","OK"))) -> OK
... A75: 373ETO0130 | B75: C | C75: 39 | D75: 39.401208 | E75: =D75-C75 -> 0.40120784 | F75: X | L75: X | N75: =IF(COUNTA(F75:L75)=0,"— não preenchido",IF(COUNTIF(F75:I75,"X")<>1,"FALTA/DUPLA: CONDIÇÃO DA PLATAFORMA",IF(COUNTIF(J75:L75,"X")<>1,"FALTA/DUPLA: DRENAGEM SUPERFICIAL","OK"))) -> OK
A76: S.R.E. 373ETO0140 | LAGOA DO ROMÃO - ENTR. TO-479 | LEN · Estadual · 1.552 km · início: -11.842096, -48.39303
A77: 373ETO0140 | B77: C | C77: 0 | D77: 1 | E77: =D77-C77 -> 1 | F77: X | L77: X | N77: =IF(COUNTA(F77:L77)=0,"— não preenchido",IF(COUNTIF(F77:I77,"X")<>1,"FALTA/DUPLA: CONDIÇÃO DA PLATAFORMA",IF(COUNTIF(J77:L77,"X")<>1,"FALTA/DUPLA: DRENAGEM SUPERFICIAL","OK"))) -> OK
A78: 373ETO0140 | B78: C | C78: 1 | D78: 1.5518686 | E78: =D78-C78 -> 0.55186857 | F78: X | L78: X | N78: =IF(COUNTA(F78:L78)=0,"— não preenchido",IF(COUNTIF(F78:I78,"X")<>1,"FALTA/DUPLA: CONDIÇÃO DA PLATAFORMA",IF(COUNTIF(J78:L78,"X")<>1,"FALTA/DUPLA: DRENAGEM SUPERFICIAL","OK"))) -> OK
A79: S.R.E. 373ETO0150 | ENTR.TO- 479 - ENTR. TO-280 | LEN · Estadual · 20.945 km · início: -11.853915, -48.395878
A80: 373ETO0150 | B80: C | C80: 0 | D80: 1 | E80: =D80-C80 -> 1 | F80: X | J80: X | N80: =IF(COUNTA(F80:L80)=0,"— não preenchido",IF(COUNTIF(F80:I80,"X")<>1,"FALTA/DUPLA: CONDIÇÃO DA PLATAFORMA",IF(COUNTIF(J80:L80,"X")<>1,"FALTA/DUPLA: DRENAGEM SUPERFICIAL","OK"))) -> OK
A81: 373ETO0150 | B81: C | C81: 1 | D81: 2 | E81: =D81-C81 -> 1 | F81: X | J81: X | N81: =IF(COUNTA(F81:L81)=0,"— não preenchido",IF(COUNTIF(F81:I81,"X")<>1,"FALTA/DUPLA: CONDIÇÃO DA PLATAFORMA",IF(COUNTIF(J81:L81,"X")<>1,"FALTA/DUPLA: DRENAGEM SUPERFICIAL","OK"))) -> OK
A82: 373ETO0150 | B82: C | C82: 2 | D82: 3 | E82: =D82-C82 -> 1 | F82: X | J82: X | N82: =IF(COUNTA(F82:L82)=0,"— não preenchido",IF(COUNTIF(F82:I82,"X")<>1,"FALTA/DUPLA: CONDIÇÃO DA PLATAFORMA",IF(COUNTIF(J82:L82,"X")<>1,"FALTA/DUPLA: DRENAGEM SUPERFICIAL","OK"))) -> OK
A83: 373ETO0150 | B83: C | C83: 3 | D83: 4 | E83: =D83-C83 -> 1 | F83: X | J83: X | N83: =IF(COUNTA(F83:L83)=0,"— não preenchido",IF(COUNTIF(F83:I83,"X")<>1,"FALTA/DUPLA: CONDIÇÃO DA PLATAFORMA",IF(COUNTIF(J83:L83,"X")<>1,"FALTA/DUPLA: DRENAGEM SUPERFICIAL","OK"))) -> OK
A84: 373ETO0150 | B84: C | C84: 4 | D84: 5 | E84: =D84-C84 -> 1 | F84: X | J84: X | N84: =IF(COUNTA(F84:L84)=0,"— não preenchido",IF(COUNTIF(F84:I84,"X")<>1,"FALTA/DUPLA: CONDIÇÃO DA PLATAFORMA",IF(COUNTIF(J84:L84,"X")<>1,"FALTA/DUPLA: DRENAGEM SUPERFICIAL","OK"))) -> OK
A85: 373ETO0150 | B85: C | C85: 5 | D85: 6 | E85: =D85-C85 -> 1 | F85: X | J85: X | N85: =IF(COUNTA(F85:L85)=0,"— não preenchido",IF(COUNTIF(F85:I85,"X")<>1,"FALTA/DUPLA: CONDIÇÃO DA PLATAFORMA",IF(COUNTIF(J85:L85,"X")<>1,"FALTA/DUPLA: DRENAGEM SUPERFICIAL","OK"))) -> OK
A86: 373ETO0150 | B86: C | C86: 6 | D86: 7 | E86: =D86-C86 -> 1 | F86: X | J86: X | N86: =IF(COUNTA(F86:L86)=0,"— não preenchido",IF(COUNTIF(F86:I86,"X")<>1,"FALTA/DUPLA: CONDIÇÃO DA PLATAFORMA",IF(COUNTIF(J86:L86,"X")<>1,"FALTA/DUPLA: DRENAGEM SUPERFICIAL","OK"))) -> OK
A87: 373ETO0150 | B87: C | C87: 7 | D87: 8 | E87: =D87-C87 -> 1 | F87: X | J87: X | N87: =IF(COUNTA(F87:L87)=0,"— não preenchido",IF(COUNTIF(F87:I87,"X")<>1,"FALTA/DUPLA: CONDIÇÃO DA PLATAFORMA",IF(COUNTIF(J87:L87,"X")<>1,"FALTA/DUPLA: DRENAGEM SUPERFICIAL","OK"))) -> OK
A88: 373ETO0150 | B88: C | C88: 8 | D88: 9 | E88: =D88-C88 -> 1 | F88: X | J88: X | N88: =IF(COUNTA(F88:L88)=0,"— não preenchido",IF(COUNTIF(F88:I88,"X")<>1,"FALTA/DUPLA: CONDIÇÃO DA PLATAFORMA",IF(COUNTIF(J88:L88,"X")<>1,"FALTA/DUPLA: DRENAGEM SUPERFICIAL","OK"))) -> OK
A89: 373ETO0150 | B89: C | C89: 9 | D89: 10 | E89: =D89-C89 -> 1 | F89: X | J89: X | N89: =IF(COUNTA(F89:L89)=0,"— não preenchido",IF(COUNTIF(F89:I89,"X")<>1,"FALTA/DUPLA: CONDIÇÃO DA PLATAFORMA",IF(COUNTIF(J89:L89,"X")<>1,"FALTA/DUPLA: DRENAGEM SUPERFICIAL","OK"))) -> OK
A90: 373ETO0150 | B90: C | C90: 10 | D90: 11 | E90: =D90-C90 -> 1 | F90: X | J90: X | N90: =IF(COUNTA(F90:L90)=0,"— não preenchido",IF(COUNTIF(F90:I90,"X")<>1,"FALTA/DUPLA: CONDIÇÃO DA PLATAFORMA",IF(COUNTIF(J90:L90,"X")<>1,"FALTA/DUPLA: DRENAGEM SUPERFICIAL","OK"))) -> OK
A91: 373ETO0150 | B91: C | C91: 11 | D91: 12 | E91: =D91-C91 -> 1 | F91: X | J91: X | N91: =IF(COUNTA(F91:L91)=0,"— não preenchido",IF(COUNTIF(F91:I91,"X")<>1,"FALTA/DUPLA: CONDIÇÃO DA PLATAFORMA",IF(COUNTIF(J91:L91,"X")<>1,"FALTA/DUPLA: DRENAGEM SUPERFICIAL","OK"))) -> OK
... A100: 373ETO0150 | B100: C | C100: 20 | D100: 20.945342 | E100: =D100-C100 -> 0.94534184 | F100: X | J100: X | N100: =IF(COUNTA(F100:L100)=0,"— não preenchido",IF(COUNTIF(F100:I100,"X")<>1,"FALTA/DUPLA: CONDIÇÃO DA PLATAFORMA",IF(COUNTIF(J100:L100,"X")<>1,"FALTA/DUPLA: DRENAGEM SUPERFICIAL","OK"))) -> OK
A102: ____________________________________________ | G102: ____________________________________________
A103: TÉCNICO RESPONSÁVEL PELA INSPEÇÃO | G103: VISTO DA SUPERVISÃO
A105: RESUMO DO TRECHO — KM LANÇADO POR ITEM
A106: KM LANÇADO | F106: =SUMIF(F$9:F$100,"X",$E$9:$E$100) -> 87.831045 | G106: =SUMIF(G$9:G$100,"X",$E$9:$E$100) -> 0 | H106: =SUMIF(H$9:H$100,"X",$E$9:$E$100) -> 0 | I106: =SUMIF(I$9:I$100,"X",$E$9:$E$100) -> 0 | J106: =SUMIF(J$9:J$100,"X",$E$9:$E$100) -> 20.945342 | K106: =SUMIF(K$9:K$100,"X",$E$9:$E$100) -> 0 | L106: =SUMIF(L$9:L$100,"X",$E$9:$E$100) -> 66.885703
A107: % DA EXTENSÃO | F107: =IF($I109=0,0,F106/$I109) -> 1 | G107: =IF($I109=0,0,G106/$I109) -> 0 | H107: =IF($I109=0,0,H106/$I109) -> 0 | I107: =IF($I109=0,0,I106/$I109) -> 0 | J107: =IF($I109=0,0,J106/$I109) -> 0.2384731 | K107: =IF($I109=0,0,K106/$I109) -> 0 | L107: =IF($I109=0,0,L106/$I109) -> 0.7615269
A108: CONFERÊNCIA POR GRUPO | F108: =IF(SUM(F106:I106)=0,"— não preenchido",IF(ROUND(SUM(F106:I106)-$I109,3)=0,"OK — "&ROUND(SUM(F106:I106),3)&" km","ERRO — dif. de "&ROUND(SUM(F106:I106)-$I109,3)&" km")) -> OK — 87,831 km | J108: =IF(SUM(J106:L106)=0,"— não preenchido",IF(ROUND(SUM(J106:L106)-$I109,3)=0,"OK — "&ROUND(SUM(J106:L106),3)&" km","ERRO — dif. de "&ROUND(SUM(J106:L106)-$I109,3)&" km")) -> OK — 87,831 km
A109: EXTENSÃO TOTAL DO TRECHO | I109: =SUM(E9:E100) -> 87.831045 | M109: =COUNTIF(N9:N100,"OK")&" de "&COUNT($E$9:$E$100)&" linhas conferidas" -> 89 de 89 linhas conferidas
A111: LEGENDA
A112: REGULAR | E112: Até 10 irregularidades por km
A113: RUIM | E113: Mais de 10 irregularidades por km
A114: PÉSSIMA | E114: Atoleiro ou ponto crítico
A115: SIT. | E115: LEN = leito natural · EOP = em obras de pavimentação
A116: FAIXA AZUL | E116: Cabeçalho de cada S.R.E.: descrição, situação, jurisdição, extensão e coordenada de início.
A117: INÍCIO / FIM (KM) | E117: Contados de 0 até o fim de CADA S.R.E. Não é o marco quilométrico da rodovia.
A118: SENT. | E118: C = crescente · D = decrescente
A119: FAIXA CINZA | E119: Segmento fora do escopo do contrato: você passa por ele, mas não preenche.
A120: CÉLULA VERMELHA | E120: Mais de uma X no mesmo grupo. Apague uma delas.
A121: CONFERÊNCIA | E121: Só na tela, não sai impresso. Fica OK com uma X em cada grupo.

Sheet 236
A1: PROGRAMA DE MANUTENÇÃO RODOVIÁRIA — FICHA DE INSPEÇÃO — RODOVIAS NÃO PAVIMENTADAS | P1: Valores dos gráficos — troca 0 por N/D para a fatia não aparecer. Não editar.
A2: REGIÃO: 12 — PEIXE | D2: MÊS / ANO: | F2: 46235 | G2: DATA: | J2: TÉCNICO: | K2: ENG. THIAGO BORGES TORQUATO | P2: =IF(F52=0,NA(),F52) -> 6 | Q2: =IF(G52=0,NA(),G52) -> 26.96664 | R2: =IF(H52=0,NA(),H52) -> 1 | S2: =IF(I52=0,NA(),I52) -> #N/A | T2: =IF(J52=0,NA(),J52) -> 33.96664 | U2: =IF(K52=0,NA(),K52) -> #N/A | V2: =IF(L52=0,NA(),L52) -> #N/A
A3: TRECHO 236 — RODOVIA TO-458 - TRECHO ENTR. TO-365 (IPUEIRAS) - ENTR. BR-010 | K3: EXTENSÃO: 33,967 km · 3 S.R.E.
A4: COMO PREENCHER: uma X em UMA coluna de cada grupo, por linha. Se houver mais de um defeito no mesmo km, marque o PREDOMINANTE e escreva o resto em OBSERVAÇÕES. A quilometragem é contada de 0 até o fim de CADA S.R.E. (não é o marco da rodovia).
A6: S.R.E. | B6: SENT. | C6: INÍCIO (KM) | D6: FIM (KM) | E6: EXT. (KM) | F6: CONDIÇÃO DA PLATAFORMA | J6: DRENAGEM SUPERFICIAL | M6: OBSERVAÇÕES | N6: CONFERÊNCIA (só na tela)
F7: BOM | G7: REG. (ATÉ 10 IRR./KM) | H7: RUIM (+ 10 IRR./KM) | I7: PÉSSIMA (ATOLEIRO/PTO. CRÍTICO) | J7: LIMPA | K7: OBSTRUÍDA | L7: AUSENTE
A8: S.R.E. 458ETO0050 | ENTR. TO-365 - MORRO DE SÃO JOÃO | LEN · Estadual · 9.478 km · início: -11.259612, -48.398791
A9: 458ETO0050 | B9: C | C9: 0 | D9: 1 | E9: =D9-C9 -> 1 | F9: X | J9: X | N9: =IF(COUNTA(F9:L9)=0,"— não preenchido",IF(COUNTIF(F9:I9,"X")<>1,"FALTA/DUPLA: CONDIÇÃO DA PLATAFORMA",IF(COUNTIF(J9:L9,"X")<>1,"FALTA/DUPLA: DRENAGEM SUPERFICIAL","OK"))) -> OK
A10: 458ETO0050 | B10: C | C10: 1 | D10: 2 | E10: =D10-C10 -> 1 | F10: X | J10: X | N10: =IF(COUNTA(F10:L10)=0,"— não preenchido",IF(COUNTIF(F10:I10,"X")<>1,"FALTA/DUPLA: CONDIÇÃO DA PLATAFORMA",IF(COUNTIF(J10:L10,"X")<>1,"FALTA/DUPLA: DRENAGEM SUPERFICIAL","OK"))) -> OK
A11: 458ETO0050 | B11: C | C11: 2 | D11: 3 | E11: =D11-C11 -> 1 | F11: X | J11: X | N11: =IF(COUNTA(F11:L11)=0,"— não preenchido",IF(COUNTIF(F11:I11,"X")<>1,"FALTA/DUPLA: CONDIÇÃO DA PLATAFORMA",IF(COUNTIF(J11:L11,"X")<>1,"FALTA/DUPLA: DRENAGEM SUPERFICIAL","OK"))) -> OK
A12: 458ETO0050 | B12: C | C12: 3 | D12: 4 | E12: =D12-C12 -> 1 | F12: X | J12: X | N12: =IF(COUNTA(F12:L12)=0,"— não preenchido",IF(COUNTIF(F12:I12,"X")<>1,"FALTA/DUPLA: CONDIÇÃO DA PLATAFORMA",IF(COUNTIF(J12:L12,"X")<>1,"FALTA/DUPLA: DRENAGEM SUPERFICIAL","OK"))) -> OK
A13: 458ETO0050 | B13: C | C13: 4 | D13: 5 | E13: =D13-C13 -> 1 | F13: X | J13: X | N13: =IF(COUNTA(F13:L13)=0,"— não preenchido",IF(COUNTIF(F13:I13,"X")<>1,"FALTA/DUPLA: CONDIÇÃO DA PLATAFORMA",IF(COUNTIF(J13:L13,"X")<>1,"FALTA/DUPLA: DRENAGEM SUPERFICIAL","OK"))) -> OK
A14: 458ETO0050 | B14: C | C14: 5 | D14: 6 | E14: =D14-C14 -> 1 | F14: X | J14: X | N14: =IF(COUNTA(F14:L14)=0,"— não preenchido",IF(COUNTIF(F14:I14,"X")<>1,"FALTA/DUPLA: CONDIÇÃO DA PLATAFORMA",IF(COUNTIF(J14:L14,"X")<>1,"FALTA/DUPLA: DRENAGEM SUPERFICIAL","OK"))) -> OK
A15: 458ETO0050 | B15: C | C15: 6 | D15: 7 | E15: =D15-C15 -> 1 | G15: X | J15: X | N15: =IF(COUNTA(F15:L15)=0,"— não preenchido",IF(COUNTIF(F15:I15,"X")<>1,"FALTA/DUPLA: CONDIÇÃO DA PLATAFORMA",IF(COUNTIF(J15:L15,"X")<>1,"FALTA/DUPLA: DRENAGEM SUPERFICIAL","OK"))) -> OK
A16: 458ETO0050 | B16: C | C16: 7 | D16: 8 | E16: =D16-C16 -> 1 | G16: X | J16: X | N16: =IF(COUNTA(F16:L16)=0,"— não preenchido",IF(COUNTIF(F16:I16,"X")<>1,"FALTA/DUPLA: CONDIÇÃO DA PLATAFORMA",IF(COUNTIF(J16:L16,"X")<>1,"FALTA/DUPLA: DRENAGEM SUPERFICIAL","OK"))) -> OK
A17: 458ETO0050 | B17: C | C17: 8 | D17: 9 | E17: =D17-C17 -> 1 | G17: X | J17: X | N17: =IF(COUNTA(F17:L17)=0,"— não preenchido",IF(COUNTIF(F17:I17,"X")<>1,"FALTA/DUPLA: CONDIÇÃO DA PLATAFORMA",IF(COUNTIF(J17:L17,"X")<>1,"FALTA/DUPLA: DRENAGEM SUPERFICIAL","OK"))) -> OK
A18: 458ETO0050 | B18: C | C18: 9 | D18: 9.4784748 | E18: =D18-C18 -> 0.4784748 | G18: X | J18: X | N18: =IF(COUNTA(F18:L18)=0,"— não preenchido",IF(COUNTIF(F18:I18,"X")<>1,"FALTA/DUPLA: CONDIÇÃO DA PLATAFORMA",IF(COUNTIF(J18:L18,"X")<>1,"FALTA/DUPLA: DRENAGEM SUPERFICIAL","OK"))) -> OK
A19: S.R.E. 458ETO0060 | MORRO DE SÃO JOÃO - ENTR. TO-482 | LEN · Estadual · 21.461 km · início: -11.39927, -48.20139
A20: 458ETO0060 | B20: C | C20: 0 | D20: 1 | E20: =D20-C20 -> 1 | G20: X | J20: X | N20: =IF(COUNTA(F20:L20)=0,"— não preenchido",IF(COUNTIF(F20:I20,"X")<>1,"FALTA/DUPLA: CONDIÇÃO DA PLATAFORMA",IF(COUNTIF(J20:L20,"X")<>1,"FALTA/DUPLA: DRENAGEM SUPERFICIAL","OK"))) -> OK
A21: 458ETO0060 | B21: C | C21: 1 | D21: 2 | E21: =D21-C21 -> 1 | G21: X | J21: X | N21: =IF(COUNTA(F21:L21)=0,"— não preenchido",IF(COUNTIF(F21:I21,"X")<>1,"FALTA/DUPLA: CONDIÇÃO DA PLATAFORMA",IF(COUNTIF(J21:L21,"X")<>1,"FALTA/DUPLA: DRENAGEM SUPERFICIAL","OK"))) -> OK
A22: 458ETO0060 | B22: C | C22: 2 | D22: 3 | E22: =D22-C22 -> 1 | G22: X | J22: X | N22: =IF(COUNTA(F22:L22)=0,"— não preenchido",IF(COUNTIF(F22:I22,"X")<>1,"FALTA/DUPLA: CONDIÇÃO DA PLATAFORMA",IF(COUNTIF(J22:L22,"X")<>1,"FALTA/DUPLA: DRENAGEM SUPERFICIAL","OK"))) -> OK
A23: 458ETO0060 | B23: C | C23: 3 | D23: 4 | E23: =D23-C23 -> 1 | G23: X | J23: X | N23: =IF(COUNTA(F23:L23)=0,"— não preenchido",IF(COUNTIF(F23:I23,"X")<>1,"FALTA/DUPLA: CONDIÇÃO DA PLATAFORMA",IF(COUNTIF(J23:L23,"X")<>1,"FALTA/DUPLA: DRENAGEM SUPERFICIAL","OK"))) -> OK
A24: 458ETO0060 | B24: C | C24: 4 | D24: 5 | E24: =D24-C24 -> 1 | G24: X | J24: X | N24: =IF(COUNTA(F24:L24)=0,"— não preenchido",IF(COUNTIF(F24:I24,"X")<>1,"FALTA/DUPLA: CONDIÇÃO DA PLATAFORMA",IF(COUNTIF(J24:L24,"X")<>1,"FALTA/DUPLA: DRENAGEM SUPERFICIAL","OK"))) -> OK
A25: 458ETO0060 | B25: C | C25: 5 | D25: 6 | E25: =D25-C25 -> 1 | G25: X | J25: X | N25: =IF(COUNTA(F25:L25)=0,"— não preenchido",IF(COUNTIF(F25:I25,"X")<>1,"FALTA/DUPLA: CONDIÇÃO DA PLATAFORMA",IF(COUNTIF(J25:L25,"X")<>1,"FALTA/DUPLA: DRENAGEM SUPERFICIAL","OK"))) -> OK
A26: 458ETO0060 | B26: C | C26: 6 | D26: 7 | E26: =D26-C26 -> 1 | G26: X | J26: X | N26: =IF(COUNTA(F26:L26)=0,"— não preenchido",IF(COUNTIF(F26:I26,"X")<>1,"FALTA/DUPLA: CONDIÇÃO DA PLATAFORMA",IF(COUNTIF(J26:L26,"X")<>1,"FALTA/DUPLA: DRENAGEM SUPERFICIAL","OK"))) -> OK
A27: 458ETO0060 | B27: C | C27: 7 | D27: 8 | E27: =D27-C27 -> 1 | G27: X | J27: X | N27: =IF(COUNTA(F27:L27)=0,"— não preenchido",IF(COUNTIF(F27:I27,"X")<>1,"FALTA/DUPLA: CONDIÇÃO DA PLATAFORMA",IF(COUNTIF(J27:L27,"X")<>1,"FALTA/DUPLA: DRENAGEM SUPERFICIAL","OK"))) -> OK
A28: 458ETO0060 | B28: C | C28: 8 | D28: 9 | E28: =D28-C28 -> 1 | G28: X | J28: X | N28: =IF(COUNTA(F28:L28)=0,"— não preenchido",IF(COUNTIF(F28:I28,"X")<>1,"FALTA/DUPLA: CONDIÇÃO DA PLATAFORMA",IF(COUNTIF(J28:L28,"X")<>1,"FALTA/DUPLA: DRENAGEM SUPERFICIAL","OK"))) -> OK
A29: 458ETO0060 | B29: C | C29: 9 | D29: 10 | E29: =D29-C29 -> 1 | G29: X | J29: X | N29: =IF(COUNTA(F29:L29)=0,"— não preenchido",IF(COUNTIF(F29:I29,"X")<>1,"FALTA/DUPLA: CONDIÇÃO DA PLATAFORMA",IF(COUNTIF(J29:L29,"X")<>1,"FALTA/DUPLA: DRENAGEM SUPERFICIAL","OK"))) -> OK
A30: 458ETO0060 | B30: C | C30: 10 | D30: 11 | E30: =D30-C30 -> 1 | G30: X | J30: X | N30: =IF(COUNTA(F30:L30)=0,"— não preenchido",IF(COUNTIF(F30:I30,"X")<>1,"FALTA/DUPLA: CONDIÇÃO DA PLATAFORMA",IF(COUNTIF(J30:L30,"X")<>1,"FALTA/DUPLA: DRENAGEM SUPERFICIAL","OK"))) -> OK
A31: 458ETO0060 | B31: C | C31: 11 | D31: 12 | E31: =D31-C31 -> 1 | G31: X | J31: X | N31: =IF(COUNTA(F31:L31)=0,"— não preenchido",IF(COUNTIF(F31:I31,"X")<>1,"FALTA/DUPLA: CONDIÇÃO DA PLATAFORMA",IF(COUNTIF(J31:L31,"X")<>1,"FALTA/DUPLA: DRENAGEM SUPERFICIAL","OK"))) -> OK
... A41: 458ETO0060 | B41: C | C41: 21 | D41: 21.460758 | E41: =D41-C41 -> 0.46075812 | G41: X | J41: X | N41: =IF(COUNTA(F41:L41)=0,"— não preenchido",IF(COUNTIF(F41:I41,"X")<>1,"FALTA/DUPLA: CONDIÇÃO DA PLATAFORMA",IF(COUNTIF(J41:L41,"X")<>1,"FALTA/DUPLA: DRENAGEM SUPERFICIAL","OK"))) -> OK
A42: S.R.E. 458ETO0070 | ENTR. TO-482 - ENTR. TO-050-BR-010 | LEN · Estadual · 3.027 km · início: -11.399238, -48.201314
A43: 458ETO0070 | B43: C | C43: 0 | D43: 1 | E43: =D43-C43 -> 1 | G43: X | J43: X | N43: =IF(COUNTA(F43:L43)=0,"— não preenchido",IF(COUNTIF(F43:I43,"X")<>1,"FALTA/DUPLA: CONDIÇÃO DA PLATAFORMA",IF(COUNTIF(J43:L43,"X")<>1,"FALTA/DUPLA: DRENAGEM SUPERFICIAL","OK"))) -> OK
A44: 458ETO0070 | B44: C | C44: 1 | D44: 2 | E44: =D44-C44 -> 1 | H44: X | J44: X | N44: =IF(COUNTA(F44:L44)=0,"— não preenchido",IF(COUNTIF(F44:I44,"X")<>1,"FALTA/DUPLA: CONDIÇÃO DA PLATAFORMA",IF(COUNTIF(J44:L44,"X")<>1,"FALTA/DUPLA: DRENAGEM SUPERFICIAL","OK"))) -> OK
A45: 458ETO0070 | B45: C | C45: 2 | D45: 3 | E45: =D45-C45 -> 1 | G45: X | J45: X | N45: =IF(COUNTA(F45:L45)=0,"— não preenchido",IF(COUNTIF(F45:I45,"X")<>1,"FALTA/DUPLA: CONDIÇÃO DA PLATAFORMA",IF(COUNTIF(J45:L45,"X")<>1,"FALTA/DUPLA: DRENAGEM SUPERFICIAL","OK"))) -> OK
A46: 458ETO0070 | B46: C | C46: 3 | D46: 3.0274067 | E46: =D46-C46 -> 0.027406718 | G46: X | J46: X | N46: =IF(COUNTA(F46:L46)=0,"— não preenchido",IF(COUNTIF(F46:I46,"X")<>1,"FALTA/DUPLA: CONDIÇÃO DA PLATAFORMA",IF(COUNTIF(J46:L46,"X")<>1,"FALTA/DUPLA: DRENAGEM SUPERFICIAL","OK"))) -> OK
A48: ____________________________________________ | G48: ____________________________________________
A49: TÉCNICO RESPONSÁVEL PELA INSPEÇÃO | G49: VISTO DA SUPERVISÃO
A51: RESUMO DO TRECHO — KM LANÇADO POR ITEM
A52: KM LANÇADO | F52: =SUMIF(F$9:F$46,"X",$E$9:$E$46) -> 6 | G52: =SUMIF(G$9:G$46,"X",$E$9:$E$46) -> 26.96664 | H52: =SUMIF(H$9:H$46,"X",$E$9:$E$46) -> 1 | I52: =SUMIF(I$9:I$46,"X",$E$9:$E$46) -> 0 | J52: =SUMIF(J$9:J$46,"X",$E$9:$E$46) -> 33.96664 | K52: =SUMIF(K$9:K$46,"X",$E$9:$E$46) -> 0 | L52: =SUMIF(L$9:L$46,"X",$E$9:$E$46) -> 0
A53: % DA EXTENSÃO | F53: =IF($I55=0,0,F52/$I55) -> 0.17664391 | G53: =IF($I55=0,0,G52/$I55) -> 0.79391544 | H53: =IF($I55=0,0,H52/$I55) -> 0.029440651 | I53: =IF($I55=0,0,I52/$I55) -> 0 | J53: =IF($I55=0,0,J52/$I55) -> 1 | K53: =IF($I55=0,0,K52/$I55) -> 0 | L53: =IF($I55=0,0,L52/$I55) -> 0
A54: CONFERÊNCIA POR GRUPO | F54: =IF(SUM(F52:I52)=0,"— não preenchido",IF(ROUND(SUM(F52:I52)-$I55,3)=0,"OK — "&ROUND(SUM(F52:I52),3)&" km","ERRO — dif. de "&ROUND(SUM(F52:I52)-$I55,3)&" km")) -> OK — 33,967 km | J54: =IF(SUM(J52:L52)=0,"— não preenchido",IF(ROUND(SUM(J52:L52)-$I55,3)=0,"OK — "&ROUND(SUM(J52:L52),3)&" km","ERRO — dif. de "&ROUND(SUM(J52:L52)-$I55,3)&" km")) -> OK — 33,967 km
A55: EXTENSÃO TOTAL DO TRECHO | I55: =SUM(E9:E46) -> 33.96664 | M55: =COUNTIF(N9:N46,"OK")&" de "&COUNT($E$9:$E$46)&" linhas conferidas" -> 36 de 36 linhas conferidas
A57: LEGENDA
A58: REGULAR | E58: Até 10 irregularidades por km
A59: RUIM | E59: Mais de 10 irregularidades por km
A60: PÉSSIMA | E60: Atoleiro ou ponto crítico
A61: SIT. | E61: LEN = leito natural · EOP = em obras de pavimentação
A62: FAIXA AZUL | E62: Cabeçalho de cada S.R.E.: descrição, situação, jurisdição, extensão e coordenada de início.
A63: INÍCIO / FIM (KM) | E63: Contados de 0 até o fim de CADA S.R.E. Não é o marco quilométrico da rodovia.
A64: SENT. | E64: C = crescente · D = decrescente
A65: FAIXA CINZA | E65: Segmento fora do escopo do contrato: você passa por ele, mas não preenche.
A66: CÉLULA VERMELHA | E66: Mais de uma X no mesmo grupo. Apague uma delas.
A67: CONFERÊNCIA | E67: Só na tela, não sai impresso. Fica OK com uma X em cada grupo.

Sheet 237
A1: PROGRAMA DE MANUTENÇÃO RODOVIÁRIA — FICHA DE INSPEÇÃO — RODOVIAS NÃO PAVIMENTADAS | P1: Valores dos gráficos — troca 0 por N/D para a fatia não aparecer. Não editar.
A2: REGIÃO: 12 — PEIXE | D2: MÊS / ANO: | F2: 46235 | G2: DATA: | J2: TÉCNICO: | K2: ENG. THIAGO BORGES TORQUATO | P2: =IF(F41=0,NA(),F41) -> 26.043993 | Q2: =IF(G41=0,NA(),G41) -> #N/A | R2: =IF(H41=0,NA(),H41) -> #N/A | S2: =IF(I41=0,NA(),I41) -> #N/A | T2: =IF(J41=0,NA(),J41) -> 26.043993 | U2: =IF(K41=0,NA(),K41) -> #N/A | V2: =IF(L41=0,NA(),L41) -> #N/A
A3: TRECHO 237 — RODOVIA TO-479 - TRECHO PEIXE - POVOADO LAGOA DO ROMÃO (ENTR. TO-373) | K3: EXTENSÃO: 26,044 km · 1 S.R.E.
A4: COMO PREENCHER: uma X em UMA coluna de cada grupo, por linha. Se houver mais de um defeito no mesmo km, marque o PREDOMINANTE e escreva o resto em OBSERVAÇÕES. A quilometragem é contada de 0 até o fim de CADA S.R.E. (não é o marco da rodovia).
A6: S.R.E. | B6: SENT. | C6: INÍCIO (KM) | D6: FIM (KM) | E6: EXT. (KM) | F6: CONDIÇÃO DA PLATAFORMA | J6: DRENAGEM SUPERFICIAL | M6: OBSERVAÇÕES | N6: CONFERÊNCIA (só na tela)
F7: BOM | G7: REG. (ATÉ 10 IRR./KM) | H7: RUIM (+ 10 IRR./KM) | I7: PÉSSIMA (ATOLEIRO/PTO. CRÍTICO) | J7: LIMPA | K7: OBSTRUÍDA | L7: AUSENTE
A8: S.R.E. 479ETO0010 | ENTROC. TO-373 - PEIXE (RIO TOCANTINS) | LEN · Estadual · 26.044 km · início: -11.853915, -48.395878
A9: 479ETO0010 | B9: C | C9: 0 | D9: 1 | E9: =D9-C9 -> 1 | F9: X | J9: X | N9: =IF(COUNTA(F9:L9)=0,"— não preenchido",IF(COUNTIF(F9:I9,"X")<>1,"FALTA/DUPLA: CONDIÇÃO DA PLATAFORMA",IF(COUNTIF(J9:L9,"X")<>1,"FALTA/DUPLA: DRENAGEM SUPERFICIAL","OK"))) -> OK
A10: 479ETO0010 | B10: C | C10: 1 | D10: 2 | E10: =D10-C10 -> 1 | F10: X | J10: X | N10: =IF(COUNTA(F10:L10)=0,"— não preenchido",IF(COUNTIF(F10:I10,"X")<>1,"FALTA/DUPLA: CONDIÇÃO DA PLATAFORMA",IF(COUNTIF(J10:L10,"X")<>1,"FALTA/DUPLA: DRENAGEM SUPERFICIAL","OK"))) -> OK
A11: 479ETO0010 | B11: C | C11: 2 | D11: 3 | E11: =D11-C11 -> 1 | F11: X | J11: X | N11: =IF(COUNTA(F11:L11)=0,"— não preenchido",IF(COUNTIF(F11:I11,"X")<>1,"FALTA/DUPLA: CONDIÇÃO DA PLATAFORMA",IF(COUNTIF(J11:L11,"X")<>1,"FALTA/DUPLA: DRENAGEM SUPERFICIAL","OK"))) -> OK
A12: 479ETO0010 | B12: C | C12: 3 | D12: 4 | E12: =D12-C12 -> 1 | F12: X | J12: X | N12: =IF(COUNTA(F12:L12)=0,"— não preenchido",IF(COUNTIF(F12:I12,"X")<>1,"FALTA/DUPLA: CONDIÇÃO DA PLATAFORMA",IF(COUNTIF(J12:L12,"X")<>1,"FALTA/DUPLA: DRENAGEM SUPERFICIAL","OK"))) -> OK
A13: 479ETO0010 | B13: C | C13: 4 | D13: 5 | E13: =D13-C13 -> 1 | F13: X | J13: X | N13: =IF(COUNTA(F13:L13)=0,"— não preenchido",IF(COUNTIF(F13:I13,"X")<>1,"FALTA/DUPLA: CONDIÇÃO DA PLATAFORMA",IF(COUNTIF(J13:L13,"X")<>1,"FALTA/DUPLA: DRENAGEM SUPERFICIAL","OK"))) -> OK
A14: 479ETO0010 | B14: C | C14: 5 | D14: 6 | E14: =D14-C14 -> 1 | F14: X | J14: X | N14: =IF(COUNTA(F14:L14)=0,"— não preenchido",IF(COUNTIF(F14:I14,"X")<>1,"FALTA/DUPLA: CONDIÇÃO DA PLATAFORMA",IF(COUNTIF(J14:L14,"X")<>1,"FALTA/DUPLA: DRENAGEM SUPERFICIAL","OK"))) -> OK
A15: 479ETO0010 | B15: C | C15: 6 | D15: 7 | E15: =D15-C15 -> 1 | F15: X | J15: X | N15: =IF(COUNTA(F15:L15)=0,"— não preenchido",IF(COUNTIF(F15:I15,"X")<>1,"FALTA/DUPLA: CONDIÇÃO DA PLATAFORMA",IF(COUNTIF(J15:L15,"X")<>1,"FALTA/DUPLA: DRENAGEM SUPERFICIAL","OK"))) -> OK
A16: 479ETO0010 | B16: C | C16: 7 | D16: 8 | E16: =D16-C16 -> 1 | F16: X | J16: X | N16: =IF(COUNTA(F16:L16)=0,"— não preenchido",IF(COUNTIF(F16:I16,"X")<>1,"FALTA/DUPLA: CONDIÇÃO DA PLATAFORMA",IF(COUNTIF(J16:L16,"X")<>1,"FALTA/DUPLA: DRENAGEM SUPERFICIAL","OK"))) -> OK
A17: 479ETO0010 | B17: C | C17: 8 | D17: 9 | E17: =D17-C17 -> 1 | F17: X | J17: X | N17: =IF(COUNTA(F17:L17)=0,"— não preenchido",IF(COUNTIF(F17:I17,"X")<>1,"FALTA/DUPLA: CONDIÇÃO DA PLATAFORMA",IF(COUNTIF(J17:L17,"X")<>1,"FALTA/DUPLA: DRENAGEM SUPERFICIAL","OK"))) -> OK
A18: 479ETO0010 | B18: C | C18: 9 | D18: 10 | E18: =D18-C18 -> 1 | F18: X | J18: X | N18: =IF(COUNTA(F18:L18)=0,"— não preenchido",IF(COUNTIF(F18:I18,"X")<>1,"FALTA/DUPLA: CONDIÇÃO DA PLATAFORMA",IF(COUNTIF(J18:L18,"X")<>1,"FALTA/DUPLA: DRENAGEM SUPERFICIAL","OK"))) -> OK
A19: 479ETO0010 | B19: C | C19: 10 | D19: 11 | E19: =D19-C19 -> 1 | F19: X | J19: X | N19: =IF(COUNTA(F19:L19)=0,"— não preenchido",IF(COUNTIF(F19:I19,"X")<>1,"FALTA/DUPLA: CONDIÇÃO DA PLATAFORMA",IF(COUNTIF(J19:L19,"X")<>1,"FALTA/DUPLA: DRENAGEM SUPERFICIAL","OK"))) -> OK
A20: 479ETO0010 | B20: C | C20: 11 | D20: 12 | E20: =D20-C20 -> 1 | F20: X | J20: X | N20: =IF(COUNTA(F20:L20)=0,"— não preenchido",IF(COUNTIF(F20:I20,"X")<>1,"FALTA/DUPLA: CONDIÇÃO DA PLATAFORMA",IF(COUNTIF(J20:L20,"X")<>1,"FALTA/DUPLA: DRENAGEM SUPERFICIAL","OK"))) -> OK
... A35: 479ETO0010 | B35: C | C35: 26 | D35: 26.043993 | E35: =D35-C35 -> 0.043992978 | F35: X | J35: X | N35: =IF(COUNTA(F35:L35)=0,"— não preenchido",IF(COUNTIF(F35:I35,"X")<>1,"FALTA/DUPLA: CONDIÇÃO DA PLATAFORMA",IF(COUNTIF(J35:L35,"X")<>1,"FALTA/DUPLA: DRENAGEM SUPERFICIAL","OK"))) -> OK
A37: ____________________________________________ | G37: ____________________________________________
A38: TÉCNICO RESPONSÁVEL PELA INSPEÇÃO | G38: VISTO DA SUPERVISÃO
A40: RESUMO DO TRECHO — KM LANÇADO POR ITEM
A41: KM LANÇADO | F41: =SUMIF(F$9:F$35,"X",$E$9:$E$35) -> 26.043993 | G41: =SUMIF(G$9:G$35,"X",$E$9:$E$35) -> 0 | H41: =SUMIF(H$9:H$35,"X",$E$9:$E$35) -> 0 | I41: =SUMIF(I$9:I$35,"X",$E$9:$E$35) -> 0 | J41: =SUMIF(J$9:J$35,"X",$E$9:$E$35) -> 26.043993 | K41: =SUMIF(K$9:K$35,"X",$E$9:$E$35) -> 0 | L41: =SUMIF(L$9:L$35,"X",$E$9:$E$35) -> 0
A42: % DA EXTENSÃO | F42: =IF($I44=0,0,F41/$I44) -> 1 | G42: =IF($I44=0,0,G41/$I44) -> 0 | H42: =IF($I44=0,0,H41/$I44) -> 0 | I42: =IF($I44=0,0,I41/$I44) -> 0 | J42: =IF($I44=0,0,J41/$I44) -> 1 | K42: =IF($I44=0,0,K41/$I44) -> 0 | L42: =IF($I44=0,0,L41/$I44) -> 0
A43: CONFERÊNCIA POR GRUPO | F43: =IF(SUM(F41:I41)=0,"— não preenchido",IF(ROUND(SUM(F41:I41)-$I44,3)=0,"OK — "&ROUND(SUM(F41:I41),3)&" km","ERRO — dif. de "&ROUND(SUM(F41:I41)-$I44,3)&" km")) -> OK — 26,044 km | J43: =IF(SUM(J41:L41)=0,"— não preenchido",IF(ROUND(SUM(J41:L41)-$I44,3)=0,"OK — "&ROUND(SUM(J41:L41),3)&" km","ERRO — dif. de "&ROUND(SUM(J41:L41)-$I44,3)&" km")) -> OK — 26,044 km
A44: EXTENSÃO TOTAL DO TRECHO | I44: =SUM(E9:E35) -> 26.043993 | M44: =COUNTIF(N9:N35,"OK")&" de "&COUNT($E$9:$E$35)&" linhas conferidas" -> 27 de 27 linhas conferidas
A46: LEGENDA
A47: REGULAR | E47: Até 10 irregularidades por km
A48: RUIM | E48: Mais de 10 irregularidades por km
A49: PÉSSIMA | E49: Atoleiro ou ponto crítico
A50: SIT. | E50: LEN = leito natural · EOP = em obras de pavimentação
A51: FAIXA AZUL | E51: Cabeçalho de cada S.R.E.: descrição, situação, jurisdição, extensão e coordenada de início.
A52: INÍCIO / FIM (KM) | E52: Contados de 0 até o fim de CADA S.R.E. Não é o marco quilométrico da rodovia.
A53: SENT. | E53: C = crescente · D = decrescente
A54: FAIXA CINZA | E54: Segmento fora do escopo do contrato: você passa por ele, mas não preenche.
A55: CÉLULA VERMELHA | E55: Mais de uma X no mesmo grupo. Apague uma delas.
A56: CONFERÊNCIA | E56: Só na tela, não sai impresso. Fica OK com uma X em cada grupo.

Sheet 238
A1: PROGRAMA DE MANUTENÇÃO RODOVIÁRIA — FICHA DE INSPEÇÃO — RODOVIAS NÃO PAVIMENTADAS | P1: Valores dos gráficos — troca 0 por N/D para a fatia não aparecer. Não editar.
A2: REGIÃO: 12 — PEIXE | D2: MÊS / ANO: | F2: 46235 | G2: DATA: | J2: TÉCNICO: | K2: ENG. THIAGO BORGES TORQUATO | P2: =IF(F91=0,NA(),F91) -> 73.554481 | Q2: =IF(G91=0,NA(),G91) -> #N/A | R2: =IF(H91=0,NA(),H91) -> #N/A | S2: =IF(I91=0,NA(),I91) -> #N/A | T2: =IF(J91=0,NA(),J91) -> 73.554481 | U2: =IF(K91=0,NA(),K91) -> #N/A | V2: =IF(L91=0,NA(),L91) -> #N/A
A3: TRECHO 238 — RODOVIA TO-482 - TRECHO: ENTR. TO-280 (SÃO VALÉRIO DE NATIVIDADE) / ENTR. TO-458 | K3: EXTENSÃO: 73,554 km · 3 S.R.E.
A4: COMO PREENCHER: uma X em UMA coluna de cada grupo, por linha. Se houver mais de um defeito no mesmo km, marque o PREDOMINANTE e escreva o resto em OBSERVAÇÕES. A quilometragem é contada de 0 até o fim de CADA S.R.E. (não é o marco da rodovia).
A6: S.R.E. | B6: SENT. | C6: INÍCIO (KM) | D6: FIM (KM) | E6: EXT. (KM) | F6: CONDIÇÃO DA PLATAFORMA | J6: DRENAGEM SUPERFICIAL | M6: OBSERVAÇÕES | N6: CONFERÊNCIA (só na tela)
F7: BOM | G7: REG. (ATÉ 10 IRR./KM) | H7: RUIM (+ 10 IRR./KM) | I7: PÉSSIMA (ATOLEIRO/PTO. CRÍTICO) | J7: LIMPA | K7: OBSTRUÍDA | L7: AUSENTE
A8: S.R.E. 482ETO0010 | ENTR. TO-458 - POV. APINAJE (BALSA) | LEN · Estadual · 21.698 km · início: -11.39927, -48.20139
A9: 482ETO0010 | B9: C | C9: 0 | D9: 1 | E9: =D9-C9 -> 1 | F9: X | J9: X | N9: =IF(COUNTA(F9:L9)=0,"— não preenchido",IF(COUNTIF(F9:I9,"X")<>1,"FALTA/DUPLA: CONDIÇÃO DA PLATAFORMA",IF(COUNTIF(J9:L9,"X")<>1,"FALTA/DUPLA: DRENAGEM SUPERFICIAL","OK"))) -> OK
A10: 482ETO0010 | B10: C | C10: 1 | D10: 2 | E10: =D10-C10 -> 1 | F10: X | J10: X | N10: =IF(COUNTA(F10:L10)=0,"— não preenchido",IF(COUNTIF(F10:I10,"X")<>1,"FALTA/DUPLA: CONDIÇÃO DA PLATAFORMA",IF(COUNTIF(J10:L10,"X")<>1,"FALTA/DUPLA: DRENAGEM SUPERFICIAL","OK"))) -> OK
A11: 482ETO0010 | B11: C | C11: 2 | D11: 3 | E11: =D11-C11 -> 1 | F11: X | J11: X | N11: =IF(COUNTA(F11:L11)=0,"— não preenchido",IF(COUNTIF(F11:I11,"X")<>1,"FALTA/DUPLA: CONDIÇÃO DA PLATAFORMA",IF(COUNTIF(J11:L11,"X")<>1,"FALTA/DUPLA: DRENAGEM SUPERFICIAL","OK"))) -> OK
A12: 482ETO0010 | B12: C | C12: 3 | D12: 4 | E12: =D12-C12 -> 1 | F12: X | J12: X | N12: =IF(COUNTA(F12:L12)=0,"— não preenchido",IF(COUNTIF(F12:I12,"X")<>1,"FALTA/DUPLA: CONDIÇÃO DA PLATAFORMA",IF(COUNTIF(J12:L12,"X")<>1,"FALTA/DUPLA: DRENAGEM SUPERFICIAL","OK"))) -> OK
A13: 482ETO0010 | B13: C | C13: 4 | D13: 5 | E13: =D13-C13 -> 1 | F13: X | J13: X | N13: =IF(COUNTA(F13:L13)=0,"— não preenchido",IF(COUNTIF(F13:I13,"X")<>1,"FALTA/DUPLA: CONDIÇÃO DA PLATAFORMA",IF(COUNTIF(J13:L13,"X")<>1,"FALTA/DUPLA: DRENAGEM SUPERFICIAL","OK"))) -> OK
A14: 482ETO0010 | B14: C | C14: 5 | D14: 6 | E14: =D14-C14 -> 1 | F14: X | J14: X | N14: =IF(COUNTA(F14:L14)=0,"— não preenchido",IF(COUNTIF(F14:I14,"X")<>1,"FALTA/DUPLA: CONDIÇÃO DA PLATAFORMA",IF(COUNTIF(J14:L14,"X")<>1,"FALTA/DUPLA: DRENAGEM SUPERFICIAL","OK"))) -> OK
A15: 482ETO0010 | B15: C | C15: 6 | D15: 7 | E15: =D15-C15 -> 1 | F15: X | J15: X | N15: =IF(COUNTA(F15:L15)=0,"— não preenchido",IF(COUNTIF(F15:I15,"X")<>1,"FALTA/DUPLA: CONDIÇÃO DA PLATAFORMA",IF(COUNTIF(J15:L15,"X")<>1,"FALTA/DUPLA: DRENAGEM SUPERFICIAL","OK"))) -> OK
A16: 482ETO0010 | B16: C | C16: 7 | D16: 8 | E16: =D16-C16 -> 1 | F16: X | J16: X | N16: =IF(COUNTA(F16:L16)=0,"— não preenchido",IF(COUNTIF(F16:I16,"X")<>1,"FALTA/DUPLA: CONDIÇÃO DA PLATAFORMA",IF(COUNTIF(J16:L16,"X")<>1,"FALTA/DUPLA: DRENAGEM SUPERFICIAL","OK"))) -> OK
A17: 482ETO0010 | B17: C | C17: 8 | D17: 9 | E17: =D17-C17 -> 1 | F17: X | J17: X | N17: =IF(COUNTA(F17:L17)=0,"— não preenchido",IF(COUNTIF(F17:I17,"X")<>1,"FALTA/DUPLA: CONDIÇÃO DA PLATAFORMA",IF(COUNTIF(J17:L17,"X")<>1,"FALTA/DUPLA: DRENAGEM SUPERFICIAL","OK"))) -> OK
A18: 482ETO0010 | B18: C | C18: 9 | D18: 10 | E18: =D18-C18 -> 1 | F18: X | J18: X | N18: =IF(COUNTA(F18:L18)=0,"— não preenchido",IF(COUNTIF(F18:I18,"X")<>1,"FALTA/DUPLA: CONDIÇÃO DA PLATAFORMA",IF(COUNTIF(J18:L18,"X")<>1,"FALTA/DUPLA: DRENAGEM SUPERFICIAL","OK"))) -> OK
A19: 482ETO0010 | B19: C | C19: 10 | D19: 11 | E19: =D19-C19 -> 1 | F19: X | J19: X | N19: =IF(COUNTA(F19:L19)=0,"— não preenchido",IF(COUNTIF(F19:I19,"X")<>1,"FALTA/DUPLA: CONDIÇÃO DA PLATAFORMA",IF(COUNTIF(J19:L19,"X")<>1,"FALTA/DUPLA: DRENAGEM SUPERFICIAL","OK"))) -> OK
A20: 482ETO0010 | B20: C | C20: 11 | D20: 12 | E20: =D20-C20 -> 1 | F20: X | J20: X | N20: =IF(COUNTA(F20:L20)=0,"— não preenchido",IF(COUNTIF(F20:I20,"X")<>1,"FALTA/DUPLA: CONDIÇÃO DA PLATAFORMA",IF(COUNTIF(J20:L20,"X")<>1,"FALTA/DUPLA: DRENAGEM SUPERFICIAL","OK"))) -> OK
... A30: 482ETO0010 | B30: C | C30: 21 | D30: 21.698197 | E30: =D30-C30 -> 0.69819663 | F30: X | J30: X | N30: =IF(COUNTA(F30:L30)=0,"— não preenchido",IF(COUNTIF(F30:I30,"X")<>1,"FALTA/DUPLA: CONDIÇÃO DA PLATAFORMA",IF(COUNTIF(J30:L30,"X")<>1,"FALTA/DUPLA: DRENAGEM SUPERFICIAL","OK"))) -> OK
A31: S.R.E. 482ETO0020 | POV. APINAJE (BALSA) - POV. SÃO PEDRO | LEN · Estadual · 17.368 km · início: -11.536082, -48.293071
A32: 482ETO0020 | B32: C | C32: 0 | D32: 1 | E32: =D32-C32 -> 1 | F32: X | J32: X | N32: =IF(COUNTA(F32:L32)=0,"— não preenchido",IF(COUNTIF(F32:I32,"X")<>1,"FALTA/DUPLA: CONDIÇÃO DA PLATAFORMA",IF(COUNTIF(J32:L32,"X")<>1,"FALTA/DUPLA: DRENAGEM SUPERFICIAL","OK"))) -> OK
A33: 482ETO0020 | B33: C | C33: 1 | D33: 2 | E33: =D33-C33 -> 1 | F33: X | J33: X | N33: =IF(COUNTA(F33:L33)=0,"— não preenchido",IF(COUNTIF(F33:I33,"X")<>1,"FALTA/DUPLA: CONDIÇÃO DA PLATAFORMA",IF(COUNTIF(J33:L33,"X")<>1,"FALTA/DUPLA: DRENAGEM SUPERFICIAL","OK"))) -> OK
A34: 482ETO0020 | B34: C | C34: 2 | D34: 3 | E34: =D34-C34 -> 1 | F34: X | J34: X | N34: =IF(COUNTA(F34:L34)=0,"— não preenchido",IF(COUNTIF(F34:I34,"X")<>1,"FALTA/DUPLA: CONDIÇÃO DA PLATAFORMA",IF(COUNTIF(J34:L34,"X")<>1,"FALTA/DUPLA: DRENAGEM SUPERFICIAL","OK"))) -> OK
A35: 482ETO0020 | B35: C | C35: 3 | D35: 4 | E35: =D35-C35 -> 1 | F35: X | J35: X | N35: =IF(COUNTA(F35:L35)=0,"— não preenchido",IF(COUNTIF(F35:I35,"X")<>1,"FALTA/DUPLA: CONDIÇÃO DA PLATAFORMA",IF(COUNTIF(J35:L35,"X")<>1,"FALTA/DUPLA: DRENAGEM SUPERFICIAL","OK"))) -> OK
A36: 482ETO0020 | B36: C | C36: 4 | D36: 5 | E36: =D36-C36 -> 1 | F36: X | J36: X | N36: =IF(COUNTA(F36:L36)=0,"— não preenchido",IF(COUNTIF(F36:I36,"X")<>1,"FALTA/DUPLA: CONDIÇÃO DA PLATAFORMA",IF(COUNTIF(J36:L36,"X")<>1,"FALTA/DUPLA: DRENAGEM SUPERFICIAL","OK"))) -> OK
A37: 482ETO0020 | B37: C | C37: 5 | D37: 6 | E37: =D37-C37 -> 1 | F37: X | J37: X | N37: =IF(COUNTA(F37:L37)=0,"— não preenchido",IF(COUNTIF(F37:I37,"X")<>1,"FALTA/DUPLA: CONDIÇÃO DA PLATAFORMA",IF(COUNTIF(J37:L37,"X")<>1,"FALTA/DUPLA: DRENAGEM SUPERFICIAL","OK"))) -> OK
A38: 482ETO0020 | B38: C | C38: 6 | D38: 7 | E38: =D38-C38 -> 1 | F38: X | J38: X | N38: =IF(COUNTA(F38:L38)=0,"— não preenchido",IF(COUNTIF(F38:I38,"X")<>1,"FALTA/DUPLA: CONDIÇÃO DA PLATAFORMA",IF(COUNTIF(J38:L38,"X")<>1,"FALTA/DUPLA: DRENAGEM SUPERFICIAL","OK"))) -> OK
A39: 482ETO0020 | B39: C | C39: 7 | D39: 8 | E39: =D39-C39 -> 1 | F39: X | J39: X | N39: =IF(COUNTA(F39:L39)=0,"— não preenchido",IF(COUNTIF(F39:I39,"X")<>1,"FALTA/DUPLA: CONDIÇÃO DA PLATAFORMA",IF(COUNTIF(J39:L39,"X")<>1,"FALTA/DUPLA: DRENAGEM SUPERFICIAL","OK"))) -> OK
A40: 482ETO0020 | B40: C | C40: 8 | D40: 9 | E40: =D40-C40 -> 1 | F40: X | J40: X | N40: =IF(COUNTA(F40:L40)=0,"— não preenchido",IF(COUNTIF(F40:I40,"X")<>1,"FALTA/DUPLA: CONDIÇÃO DA PLATAFORMA",IF(COUNTIF(J40:L40,"X")<>1,"FALTA/DUPLA: DRENAGEM SUPERFICIAL","OK"))) -> OK
A41: 482ETO0020 | B41: C | C41: 9 | D41: 10 | E41: =D41-C41 -> 1 | F41: X | J41: X | N41: =IF(COUNTA(F41:L41)=0,"— não preenchido",IF(COUNTIF(F41:I41,"X")<>1,"FALTA/DUPLA: CONDIÇÃO DA PLATAFORMA",IF(COUNTIF(J41:L41,"X")<>1,"FALTA/DUPLA: DRENAGEM SUPERFICIAL","OK"))) -> OK
A42: 482ETO0020 | B42: C | C42: 10 | D42: 11 | E42: =D42-C42 -> 1 | F42: X | J42: X | N42: =IF(COUNTA(F42:L42)=0,"— não preenchido",IF(COUNTIF(F42:I42,"X")<>1,"FALTA/DUPLA: CONDIÇÃO DA PLATAFORMA",IF(COUNTIF(J42:L42,"X")<>1,"FALTA/DUPLA: DRENAGEM SUPERFICIAL","OK"))) -> OK
A43: 482ETO0020 | B43: C | C43: 11 | D43: 12 | E43: =D43-C43 -> 1 | F43: X | J43: X | N43: =IF(COUNTA(F43:L43)=0,"— não preenchido",IF(COUNTIF(F43:I43,"X")<>1,"FALTA/DUPLA: CONDIÇÃO DA PLATAFORMA",IF(COUNTIF(J43:L43,"X")<>1,"FALTA/DUPLA: DRENAGEM SUPERFICIAL","OK"))) -> OK
... A49: 482ETO0020 | B49: C | C49: 17 | D49: 17.367842 | E49: =D49-C49 -> 0.36784227 | F49: X | J49: X | N49: =IF(COUNTA(F49:L49)=0,"— não preenchido",IF(COUNTIF(F49:I49,"X")<>1,"FALTA/DUPLA: CONDIÇÃO DA PLATAFORMA",IF(COUNTIF(J49:L49,"X")<>1,"FALTA/DUPLA: DRENAGEM SUPERFICIAL","OK"))) -> OK
A50: S.R.E. 482ETO0030 | POV. SÃO PEDRO - ENTR. TO-280 | LEN · Estadual · 34.488 km · início: -11.678081, -48.280162
A51: 482ETO0030 | B51: C | C51: 0 | D51: 1 | E51: =D51-C51 -> 1 | F51: X | J51: X | N51: =IF(COUNTA(F51:L51)=0,"— não preenchido",IF(COUNTIF(F51:I51,"X")<>1,"FALTA/DUPLA: CONDIÇÃO DA PLATAFORMA",IF(COUNTIF(J51:L51,"X")<>1,"FALTA/DUPLA: DRENAGEM SUPERFICIAL","OK"))) -> OK
A52: 482ETO0030 | B52: C | C52: 1 | D52: 2 | E52: =D52-C52 -> 1 | F52: X | J52: X | N52: =IF(COUNTA(F52:L52)=0,"— não preenchido",IF(COUNTIF(F52:I52,"X")<>1,"FALTA/DUPLA: CONDIÇÃO DA PLATAFORMA",IF(COUNTIF(J52:L52,"X")<>1,"FALTA/DUPLA: DRENAGEM SUPERFICIAL","OK"))) -> OK
A53: 482ETO0030 | B53: C | C53: 2 | D53: 3 | E53: =D53-C53 -> 1 | F53: X | J53: X | N53: =IF(COUNTA(F53:L53)=0,"— não preenchido",IF(COUNTIF(F53:I53,"X")<>1,"FALTA/DUPLA: CONDIÇÃO DA PLATAFORMA",IF(COUNTIF(J53:L53,"X")<>1,"FALTA/DUPLA: DRENAGEM SUPERFICIAL","OK"))) -> OK
A54: 482ETO0030 | B54: C | C54: 3 | D54: 4 | E54: =D54-C54 -> 1 | F54: X | J54: X | N54: =IF(COUNTA(F54:L54)=0,"— não preenchido",IF(COUNTIF(F54:I54,"X")<>1,"FALTA/DUPLA: CONDIÇÃO DA PLATAFORMA",IF(COUNTIF(J54:L54,"X")<>1,"FALTA/DUPLA: DRENAGEM SUPERFICIAL","OK"))) -> OK
A55: 482ETO0030 | B55: C | C55: 4 | D55: 5 | E55: =D55-C55 -> 1 | F55: X | J55: X | N55: =IF(COUNTA(F55:L55)=0,"— não preenchido",IF(COUNTIF(F55:I55,"X")<>1,"FALTA/DUPLA: CONDIÇÃO DA PLATAFORMA",IF(COUNTIF(J55:L55,"X")<>1,"FALTA/DUPLA: DRENAGEM SUPERFICIAL","OK"))) -> OK
A56: 482ETO0030 | B56: C | C56: 5 | D56: 6 | E56: =D56-C56 -> 1 | F56: X | J56: X | N56: =IF(COUNTA(F56:L56)=0,"— não preenchido",IF(COUNTIF(F56:I56,"X")<>1,"FALTA/DUPLA: CONDIÇÃO DA PLATAFORMA",IF(COUNTIF(J56:L56,"X")<>1,"FALTA/DUPLA: DRENAGEM SUPERFICIAL","OK"))) -> OK
A57: 482ETO0030 | B57: C | C57: 6 | D57: 7 | E57: =D57-C57 -> 1 | F57: X | J57: X | N57: =IF(COUNTA(F57:L57)=0,"— não preenchido",IF(COUNTIF(F57:I57,"X")<>1,"FALTA/DUPLA: CONDIÇÃO DA PLATAFORMA",IF(COUNTIF(J57:L57,"X")<>1,"FALTA/DUPLA: DRENAGEM SUPERFICIAL","OK"))) -> OK
A58: 482ETO0030 | B58: C | C58: 7 | D58: 8 | E58: =D58-C58 -> 1 | F58: X | J58: X | N58: =IF(COUNTA(F58:L58)=0,"— não preenchido",IF(COUNTIF(F58:I58,"X")<>1,"FALTA/DUPLA: CONDIÇÃO DA PLATAFORMA",IF(COUNTIF(J58:L58,"X")<>1,"FALTA/DUPLA: DRENAGEM SUPERFICIAL","OK"))) -> OK
A59: 482ETO0030 | B59: C | C59: 8 | D59: 9 | E59: =D59-C59 -> 1 | F59: X | J59: X | N59: =IF(COUNTA(F59:L59)=0,"— não preenchido",IF(COUNTIF(F59:I59,"X")<>1,"FALTA/DUPLA: CONDIÇÃO DA PLATAFORMA",IF(COUNTIF(J59:L59,"X")<>1,"FALTA/DUPLA: DRENAGEM SUPERFICIAL","OK"))) -> OK
A60: 482ETO0030 | B60: C | C60: 9 | D60: 10 | E60: =D60-C60 -> 1 | F60: X | J60: X | N60: =IF(COUNTA(F60:L60)=0,"— não preenchido",IF(COUNTIF(F60:I60,"X")<>1,"FALTA/DUPLA: CONDIÇÃO DA PLATAFORMA",IF(COUNTIF(J60:L60,"X")<>1,"FALTA/DUPLA: DRENAGEM SUPERFICIAL","OK"))) -> OK
A61: 482ETO0030 | B61: C | C61: 10 | D61: 11 | E61: =D61-C61 -> 1 | F61: X | J61: X | N61: =IF(COUNTA(F61:L61)=0,"— não preenchido",IF(COUNTIF(F61:I61,"X")<>1,"FALTA/DUPLA: CONDIÇÃO DA PLATAFORMA",IF(COUNTIF(J61:L61,"X")<>1,"FALTA/DUPLA: DRENAGEM SUPERFICIAL","OK"))) -> OK
A62: 482ETO0030 | B62: C | C62: 11 | D62: 12 | E62: =D62-C62 -> 1 | F62: X | J62: X | N62: =IF(COUNTA(F62:L62)=0,"— não preenchido",IF(COUNTIF(F62:I62,"X")<>1,"FALTA/DUPLA: CONDIÇÃO DA PLATAFORMA",IF(COUNTIF(J62:L62,"X")<>1,"FALTA/DUPLA: DRENAGEM SUPERFICIAL","OK"))) -> OK
... A85: 482ETO0030 | B85: C | C85: 34 | D85: 34.488442 | E85: =D85-C85 -> 0.48844227 | F85: X | J85: X | N85: =IF(COUNTA(F85:L85)=0,"— não preenchido",IF(COUNTIF(F85:I85,"X")<>1,"FALTA/DUPLA: CONDIÇÃO DA PLATAFORMA",IF(COUNTIF(J85:L85,"X")<>1,"FALTA/DUPLA: DRENAGEM SUPERFICIAL","OK"))) -> OK
A87: ____________________________________________ | G87: ____________________________________________
A88: TÉCNICO RESPONSÁVEL PELA INSPEÇÃO | G88: VISTO DA SUPERVISÃO
A90: RESUMO DO TRECHO — KM LANÇADO POR ITEM
A91: KM LANÇADO | F91: =SUMIF(F$9:F$85,"X",$E$9:$E$85) -> 73.554481 | G91: =SUMIF(G$9:G$85,"X",$E$9:$E$85) -> 0 | H91: =SUMIF(H$9:H$85,"X",$E$9:$E$85) -> 0 | I91: =SUMIF(I$9:I$85,"X",$E$9:$E$85) -> 0 | J91: =SUMIF(J$9:J$85,"X",$E$9:$E$85) -> 73.554481 | K91: =SUMIF(K$9:K$85,"X",$E$9:$E$85) -> 0 | L91: =SUMIF(L$9:L$85,"X",$E$9:$E$85) -> 0
A92: % DA EXTENSÃO | F92: =IF($I94=0,0,F91/$I94) -> 1 | G92: =IF($I94=0,0,G91/$I94) -> 0 | H92: =IF($I94=0,0,H91/$I94) -> 0 | I92: =IF($I94=0,0,I91/$I94) -> 0 | J92: =IF($I94=0,0,J91/$I94) -> 1 | K92: =IF($I94=0,0,K91/$I94) -> 0 | L92: =IF($I94=0,0,L91/$I94) -> 0
A93: CONFERÊNCIA POR GRUPO | F93: =IF(SUM(F91:I91)=0,"— não preenchido",IF(ROUND(SUM(F91:I91)-$I94,3)=0,"OK — "&ROUND(SUM(F91:I91),3)&" km","ERRO — dif. de "&ROUND(SUM(F91:I91)-$I94,3)&" km")) -> OK — 73,554 km | J93: =IF(SUM(J91:L91)=0,"— não preenchido",IF(ROUND(SUM(J91:L91)-$I94,3)=0,"OK — "&ROUND(SUM(J91:L91),3)&" km","ERRO — dif. de "&ROUND(SUM(J91:L91)-$I94,3)&" km")) -> OK — 73,554 km
A94: EXTENSÃO TOTAL DO TRECHO | I94: =SUM(E9:E85) -> 73.554481 | M94: =COUNTIF(N9:N85,"OK")&" de "&COUNT($E$9:$E$85)&" linhas conferidas" -> 75 de 75 linhas conferidas
A96: LEGENDA
A97: REGULAR | E97: Até 10 irregularidades por km
A98: RUIM | E98: Mais de 10 irregularidades por km
A99: PÉSSIMA | E99: Atoleiro ou ponto crítico
A100: SIT. | E100: LEN = leito natural · EOP = em obras de pavimentação
A101: FAIXA AZUL | E101: Cabeçalho de cada S.R.E.: descrição, situação, jurisdição, extensão e coordenada de início.
A102: INÍCIO / FIM (KM) | E102: Contados de 0 até o fim de CADA S.R.E. Não é o marco quilométrico da rodovia.
A103: SENT. | E103: C = crescente · D = decrescente
A104: FAIXA CINZA | E104: Segmento fora do escopo do contrato: você passa por ele, mas não preenche.
A105: CÉLULA VERMELHA | E105: Mais de uma X no mesmo grupo. Apague uma delas.
A106: CONFERÊNCIA | E106: Só na tela, não sai impresso. Fica OK com uma X em cada grupo.

Sheet 239
A1: PROGRAMA DE MANUTENÇÃO RODOVIÁRIA — FICHA DE INSPEÇÃO — RODOVIAS NÃO PAVIMENTADAS | P1: Valores dos gráficos — troca 0 por N/D para a fatia não aparecer. Não editar.
A2: REGIÃO: 12 — PEIXE | D2: MÊS / ANO: | F2: 46235 | G2: DATA: | J2: TÉCNICO: | K2: ENG. THIAGO BORGES TORQUATO | P2: =IF(F78=0,NA(),F78) -> 63.930071 | Q2: =IF(G78=0,NA(),G78) -> #N/A | R2: =IF(H78=0,NA(),H78) -> #N/A | S2: =IF(I78=0,NA(),I78) -> #N/A | T2: =IF(J78=0,NA(),J78) -> 63.930071 | U2: =IF(K78=0,NA(),K78) -> #N/A | V2: =IF(L78=0,NA(),L78) -> #N/A
A3: TRECHO 239 — RODOVIA TO-486 - TRECHO SANTA ROSA DO TOCANTINS - ENTR. TO-280 (NATIVIDADE) | K3: EXTENSÃO: 63,930 km · 1 S.R.E.
A4: COMO PREENCHER: uma X em UMA coluna de cada grupo, por linha. Se houver mais de um defeito no mesmo km, marque o PREDOMINANTE e escreva o resto em OBSERVAÇÕES. A quilometragem é contada de 0 até o fim de CADA S.R.E. (não é o marco da rodovia).
A6: S.R.E. | B6: SENT. | C6: INÍCIO (KM) | D6: FIM (KM) | E6: EXT. (KM) | F6: CONDIÇÃO DA PLATAFORMA | J6: DRENAGEM SUPERFICIAL | M6: OBSERVAÇÕES | N6: CONFERÊNCIA (só na tela)
F7: BOM | G7: REG. (ATÉ 10 IRR./KM) | H7: RUIM (+ 10 IRR./KM) | I7: PÉSSIMA (ATOLEIRO/PTO. CRÍTICO) | J7: LIMPA | K7: OBSTRUÍDA | L7: AUSENTE
A8: S.R.E. 486ETO0010 | SANTA ROSA *TRECHO URBANO* - ENTR. TO-280 (NATIVIDADE) | LEN · Estadual · 63.930 km · início: -11.454148, -48.116724
A9: 486ETO0010 | B9: C | C9: 0 | D9: 1 | E9: =D9-C9 -> 1 | F9: X | J9: X | N9: =IF(COUNTA(F9:L9)=0,"— não preenchido",IF(COUNTIF(F9:I9,"X")<>1,"FALTA/DUPLA: CONDIÇÃO DA PLATAFORMA",IF(COUNTIF(J9:L9,"X")<>1,"FALTA/DUPLA: DRENAGEM SUPERFICIAL","OK"))) -> OK
A10: 486ETO0010 | B10: C | C10: 1 | D10: 2 | E10: =D10-C10 -> 1 | F10: X | J10: X | N10: =IF(COUNTA(F10:L10)=0,"— não preenchido",IF(COUNTIF(F10:I10,"X")<>1,"FALTA/DUPLA: CONDIÇÃO DA PLATAFORMA",IF(COUNTIF(J10:L10,"X")<>1,"FALTA/DUPLA: DRENAGEM SUPERFICIAL","OK"))) -> OK
A11: 486ETO0010 | B11: C | C11: 2 | D11: 3 | E11: =D11-C11 -> 1 | F11: X | J11: X | N11: =IF(COUNTA(F11:L11)=0,"— não preenchido",IF(COUNTIF(F11:I11,"X")<>1,"FALTA/DUPLA: CONDIÇÃO DA PLATAFORMA",IF(COUNTIF(J11:L11,"X")<>1,"FALTA/DUPLA: DRENAGEM SUPERFICIAL","OK"))) -> OK
A12: 486ETO0010 | B12: C | C12: 3 | D12: 4 | E12: =D12-C12 -> 1 | F12: X | J12: X | N12: =IF(COUNTA(F12:L12)=0,"— não preenchido",IF(COUNTIF(F12:I12,"X")<>1,"FALTA/DUPLA: CONDIÇÃO DA PLATAFORMA",IF(COUNTIF(J12:L12,"X")<>1,"FALTA/DUPLA: DRENAGEM SUPERFICIAL","OK"))) -> OK
A13: 486ETO0010 | B13: C | C13: 4 | D13: 5 | E13: =D13-C13 -> 1 | F13: X | J13: X | N13: =IF(COUNTA(F13:L13)=0,"— não preenchido",IF(COUNTIF(F13:I13,"X")<>1,"FALTA/DUPLA: CONDIÇÃO DA PLATAFORMA",IF(COUNTIF(J13:L13,"X")<>1,"FALTA/DUPLA: DRENAGEM SUPERFICIAL","OK"))) -> OK
A14: 486ETO0010 | B14: C | C14: 5 | D14: 6 | E14: =D14-C14 -> 1 | F14: X | J14: X | N14: =IF(COUNTA(F14:L14)=0,"— não preenchido",IF(COUNTIF(F14:I14,"X")<>1,"FALTA/DUPLA: CONDIÇÃO DA PLATAFORMA",IF(COUNTIF(J14:L14,"X")<>1,"FALTA/DUPLA: DRENAGEM SUPERFICIAL","OK"))) -> OK
A15: 486ETO0010 | B15: C | C15: 6 | D15: 7 | E15: =D15-C15 -> 1 | F15: X | J15: X | N15: =IF(COUNTA(F15:L15)=0,"— não preenchido",IF(COUNTIF(F15:I15,"X")<>1,"FALTA/DUPLA: CONDIÇÃO DA PLATAFORMA",IF(COUNTIF(J15:L15,"X")<>1,"FALTA/DUPLA: DRENAGEM SUPERFICIAL","OK"))) -> OK
A16: 486ETO0010 | B16: C | C16: 7 | D16: 8 | E16: =D16-C16 -> 1 | F16: X | J16: X | N16: =IF(COUNTA(F16:L16)=0,"— não preenchido",IF(COUNTIF(F16:I16,"X")<>1,"FALTA/DUPLA: CONDIÇÃO DA PLATAFORMA",IF(COUNTIF(J16:L16,"X")<>1,"FALTA/DUPLA: DRENAGEM SUPERFICIAL","OK"))) -> OK
A17: 486ETO0010 | B17: C | C17: 8 | D17: 9 | E17: =D17-C17 -> 1 | F17: X | J17: X | N17: =IF(COUNTA(F17:L17)=0,"— não preenchido",IF(COUNTIF(F17:I17,"X")<>1,"FALTA/DUPLA: CONDIÇÃO DA PLATAFORMA",IF(COUNTIF(J17:L17,"X")<>1,"FALTA/DUPLA: DRENAGEM SUPERFICIAL","OK"))) -> OK
A18: 486ETO0010 | B18: C | C18: 9 | D18: 10 | E18: =D18-C18 -> 1 | F18: X | J18: X | N18: =IF(COUNTA(F18:L18)=0,"— não preenchido",IF(COUNTIF(F18:I18,"X")<>1,"FALTA/DUPLA: CONDIÇÃO DA PLATAFORMA",IF(COUNTIF(J18:L18,"X")<>1,"FALTA/DUPLA: DRENAGEM SUPERFICIAL","OK"))) -> OK
A19: 486ETO0010 | B19: C | C19: 10 | D19: 11 | E19: =D19-C19 -> 1 | F19: X | J19: X | N19: =IF(COUNTA(F19:L19)=0,"— não preenchido",IF(COUNTIF(F19:I19,"X")<>1,"FALTA/DUPLA: CONDIÇÃO DA PLATAFORMA",IF(COUNTIF(J19:L19,"X")<>1,"FALTA/DUPLA: DRENAGEM SUPERFICIAL","OK"))) -> OK
A20: 486ETO0010 | B20: C | C20: 11 | D20: 12 | E20: =D20-C20 -> 1 | F20: X | J20: X | N20: =IF(COUNTA(F20:L20)=0,"— não preenchido",IF(COUNTIF(F20:I20,"X")<>1,"FALTA/DUPLA: CONDIÇÃO DA PLATAFORMA",IF(COUNTIF(J20:L20,"X")<>1,"FALTA/DUPLA: DRENAGEM SUPERFICIAL","OK"))) -> OK
... A72: 486ETO0010 | B72: C | C72: 63 | D72: 63.930071 | E72: =D72-C72 -> 0.93007138 | F72: X | J72: X | N72: =IF(COUNTA(F72:L72)=0,"— não preenchido",IF(COUNTIF(F72:I72,"X")<>1,"FALTA/DUPLA: CONDIÇÃO DA PLATAFORMA",IF(COUNTIF(J72:L72,"X")<>1,"FALTA/DUPLA: DRENAGEM SUPERFICIAL","OK"))) -> OK
A74: ____________________________________________ | G74: ____________________________________________
A75: TÉCNICO RESPONSÁVEL PELA INSPEÇÃO | G75: VISTO DA SUPERVISÃO
A77: RESUMO DO TRECHO — KM LANÇADO POR ITEM
A78: KM LANÇADO | F78: =SUMIF(F$9:F$72,"X",$E$9:$E$72) -> 63.930071 | G78: =SUMIF(G$9:G$72,"X",$E$9:$E$72) -> 0 | H78: =SUMIF(H$9:H$72,"X",$E$9:$E$72) -> 0 | I78: =SUMIF(I$9:I$72,"X",$E$9:$E$72) -> 0 | J78: =SUMIF(J$9:J$72,"X",$E$9:$E$72) -> 63.930071 | K78: =SUMIF(K$9:K$72,"X",$E$9:$E$72) -> 0 | L78: =SUMIF(L$9:L$72,"X",$E$9:$E$72) -> 0
A79: % DA EXTENSÃO | F79: =IF($I81=0,0,F78/$I81) -> 1 | G79: =IF($I81=0,0,G78/$I81) -> 0 | H79: =IF($I81=0,0,H78/$I81) -> 0 | I79: =IF($I81=0,0,I78/$I81) -> 0 | J79: =IF($I81=0,0,J78/$I81) -> 1 | K79: =IF($I81=0,0,K78/$I81) -> 0 | L79: =IF($I81=0,0,L78/$I81) -> 0
A80: CONFERÊNCIA POR GRUPO | F80: =IF(SUM(F78:I78)=0,"— não preenchido",IF(ROUND(SUM(F78:I78)-$I81,3)=0,"OK — "&ROUND(SUM(F78:I78),3)&" km","ERRO — dif. de "&ROUND(SUM(F78:I78)-$I81,3)&" km")) -> OK — 63,93 km | J80: =IF(SUM(J78:L78)=0,"— não preenchido",IF(ROUND(SUM(J78:L78)-$I81,3)=0,"OK — "&ROUND(SUM(J78:L78),3)&" km","ERRO — dif. de "&ROUND(SUM(J78:L78)-$I81,3)&" km")) -> OK — 63,93 km
A81: EXTENSÃO TOTAL DO TRECHO | I81: =SUM(E9:E72) -> 63.930071 | M81: =COUNTIF(N9:N72,"OK")&" de "&COUNT($E$9:$E$72)&" linhas conferidas" -> 64 de 64 linhas conferidas
A83: LEGENDA
A84: REGULAR | E84: Até 10 irregularidades por km
A85: RUIM | E85: Mais de 10 irregularidades por km
A86: PÉSSIMA | E86: Atoleiro ou ponto crítico
A87: SIT. | E87: LEN = leito natural · EOP = em obras de pavimentação
A88: FAIXA AZUL | E88: Cabeçalho de cada S.R.E.: descrição, situação, jurisdição, extensão e coordenada de início.
A89: INÍCIO / FIM (KM) | E89: Contados de 0 até o fim de CADA S.R.E. Não é o marco quilométrico da rodovia.
A90: SENT. | E90: C = crescente · D = decrescente
A91: FAIXA CINZA | E91: Segmento fora do escopo do contrato: você passa por ele, mas não preenche.
A92: CÉLULA VERMELHA | E92: Mais de uma X no mesmo grupo. Apague uma delas.
A93: CONFERÊNCIA | E93: Só na tela, não sai impresso. Fica OK com uma X em cada grupo.

Sheet 240
A1: PROGRAMA DE MANUTENÇÃO RODOVIÁRIA — FICHA DE INSPEÇÃO — RODOVIAS NÃO PAVIMENTADAS | P1: Valores dos gráficos — troca 0 por N/D para a fatia não aparecer. Não editar.
A2: REGIÃO: 12 — PEIXE | D2: MÊS / ANO: | F2: 46235 | G2: DATA: | J2: TÉCNICO: | K2: ENG. THIAGO BORGES TORQUATO | P2: =IF(F97=0,NA(),F97) -> #N/A | Q2: =IF(G97=0,NA(),G97) -> 81.076208 | R2: =IF(H97=0,NA(),H97) -> #N/A | S2: =IF(I97=0,NA(),I97) -> #N/A | T2: =IF(J97=0,NA(),J97) -> #N/A | U2: =IF(K97=0,NA(),K97) -> 81.076208 | V2: =IF(L97=0,NA(),L97) -> #N/A
A3: TRECHO 240 — RODOVIA TO-490 - TRECHO SÃO VALÉRIO DE NATIVIDADE - ENTR. BR-242 | K3: EXTENSÃO: 81,076 km · 2 S.R.E.
A4: COMO PREENCHER: uma X em UMA coluna de cada grupo, por linha. Se houver mais de um defeito no mesmo km, marque o PREDOMINANTE e escreva o resto em OBSERVAÇÕES. A quilometragem é contada de 0 até o fim de CADA S.R.E. (não é o marco da rodovia).
A6: S.R.E. | B6: SENT. | C6: INÍCIO (KM) | D6: FIM (KM) | E6: EXT. (KM) | F6: CONDIÇÃO DA PLATAFORMA | J6: DRENAGEM SUPERFICIAL | M6: OBSERVAÇÕES | N6: CONFERÊNCIA (só na tela)
F7: BOM | G7: REG. (ATÉ 10 IRR./KM) | H7: RUIM (+ 10 IRR./KM) | I7: PÉSSIMA (ATOLEIRO/PTO. CRÍTICO) | J7: LIMPA | K7: OBSTRUÍDA | L7: AUSENTE
A8: S.R.E. 490ETO0010 | ENTR. TO-280 (SÃO VALÉRIO DA NATIVIDADE) - TIGRE | LEN · Estadual · 34.769 km · início: -11.990464, -48.242908
A9: 490ETO0010 | B9: C | C9: 0 | D9: 1 | E9: =D9-C9 -> 1 | G9: X | K9: X | N9: =IF(COUNTA(F9:L9)=0,"— não preenchido",IF(COUNTIF(F9:I9,"X")<>1,"FALTA/DUPLA: CONDIÇÃO DA PLATAFORMA",IF(COUNTIF(J9:L9,"X")<>1,"FALTA/DUPLA: DRENAGEM SUPERFICIAL","OK"))) -> OK
A10: 490ETO0010 | B10: C | C10: 1 | D10: 2 | E10: =D10-C10 -> 1 | G10: X | K10: X | N10: =IF(COUNTA(F10:L10)=0,"— não preenchido",IF(COUNTIF(F10:I10,"X")<>1,"FALTA/DUPLA: CONDIÇÃO DA PLATAFORMA",IF(COUNTIF(J10:L10,"X")<>1,"FALTA/DUPLA: DRENAGEM SUPERFICIAL","OK"))) -> OK
A11: 490ETO0010 | B11: C | C11: 2 | D11: 3 | E11: =D11-C11 -> 1 | G11: X | K11: X | N11: =IF(COUNTA(F11:L11)=0,"— não preenchido",IF(COUNTIF(F11:I11,"X")<>1,"FALTA/DUPLA: CONDIÇÃO DA PLATAFORMA",IF(COUNTIF(J11:L11,"X")<>1,"FALTA/DUPLA: DRENAGEM SUPERFICIAL","OK"))) -> OK
A12: 490ETO0010 | B12: C | C12: 3 | D12: 4 | E12: =D12-C12 -> 1 | G12: X | K12: X | N12: =IF(COUNTA(F12:L12)=0,"— não preenchido",IF(COUNTIF(F12:I12,"X")<>1,"FALTA/DUPLA: CONDIÇÃO DA PLATAFORMA",IF(COUNTIF(J12:L12,"X")<>1,"FALTA/DUPLA: DRENAGEM SUPERFICIAL","OK"))) -> OK
A13: 490ETO0010 | B13: C | C13: 4 | D13: 5 | E13: =D13-C13 -> 1 | G13: X | K13: X | N13: =IF(COUNTA(F13:L13)=0,"— não preenchido",IF(COUNTIF(F13:I13,"X")<>1,"FALTA/DUPLA: CONDIÇÃO DA PLATAFORMA",IF(COUNTIF(J13:L13,"X")<>1,"FALTA/DUPLA: DRENAGEM SUPERFICIAL","OK"))) -> OK
A14: 490ETO0010 | B14: C | C14: 5 | D14: 6 | E14: =D14-C14 -> 1 | G14: X | K14: X | N14: =IF(COUNTA(F14:L14)=0,"— não preenchido",IF(COUNTIF(F14:I14,"X")<>1,"FALTA/DUPLA: CONDIÇÃO DA PLATAFORMA",IF(COUNTIF(J14:L14,"X")<>1,"FALTA/DUPLA: DRENAGEM SUPERFICIAL","OK"))) -> OK
A15: 490ETO0010 | B15: C | C15: 6 | D15: 7 | E15: =D15-C15 -> 1 | G15: X | K15: X | N15: =IF(COUNTA(F15:L15)=0,"— não preenchido",IF(COUNTIF(F15:I15,"X")<>1,"FALTA/DUPLA: CONDIÇÃO DA PLATAFORMA",IF(COUNTIF(J15:L15,"X")<>1,"FALTA/DUPLA: DRENAGEM SUPERFICIAL","OK"))) -> OK
A16: 490ETO0010 | B16: C | C16: 7 | D16: 8 | E16: =D16-C16 -> 1 | G16: X | K16: X | N16: =IF(COUNTA(F16:L16)=0,"— não preenchido",IF(COUNTIF(F16:I16,"X")<>1,"FALTA/DUPLA: CONDIÇÃO DA PLATAFORMA",IF(COUNTIF(J16:L16,"X")<>1,"FALTA/DUPLA: DRENAGEM SUPERFICIAL","OK"))) -> OK
A17: 490ETO0010 | B17: C | C17: 8 | D17: 9 | E17: =D17-C17 -> 1 | G17: X | K17: X | N17: =IF(COUNTA(F17:L17)=0,"— não preenchido",IF(COUNTIF(F17:I17,"X")<>1,"FALTA/DUPLA: CONDIÇÃO DA PLATAFORMA",IF(COUNTIF(J17:L17,"X")<>1,"FALTA/DUPLA: DRENAGEM SUPERFICIAL","OK"))) -> OK
A18: 490ETO0010 | B18: C | C18: 9 | D18: 10 | E18: =D18-C18 -> 1 | G18: X | K18: X | N18: =IF(COUNTA(F18:L18)=0,"— não preenchido",IF(COUNTIF(F18:I18,"X")<>1,"FALTA/DUPLA: CONDIÇÃO DA PLATAFORMA",IF(COUNTIF(J18:L18,"X")<>1,"FALTA/DUPLA: DRENAGEM SUPERFICIAL","OK"))) -> OK
A19: 490ETO0010 | B19: C | C19: 10 | D19: 11 | E19: =D19-C19 -> 1 | G19: X | K19: X | N19: =IF(COUNTA(F19:L19)=0,"— não preenchido",IF(COUNTIF(F19:I19,"X")<>1,"FALTA/DUPLA: CONDIÇÃO DA PLATAFORMA",IF(COUNTIF(J19:L19,"X")<>1,"FALTA/DUPLA: DRENAGEM SUPERFICIAL","OK"))) -> OK
A20: 490ETO0010 | B20: C | C20: 11 | D20: 12 | E20: =D20-C20 -> 1 | G20: X | K20: X | N20: =IF(COUNTA(F20:L20)=0,"— não preenchido",IF(COUNTIF(F20:I20,"X")<>1,"FALTA/DUPLA: CONDIÇÃO DA PLATAFORMA",IF(COUNTIF(J20:L20,"X")<>1,"FALTA/DUPLA: DRENAGEM SUPERFICIAL","OK"))) -> OK
... A43: 490ETO0010 | B43: C | C43: 34 | D43: 34.769174 | E43: =D43-C43 -> 0.76917446 | G43: X | K43: X | N43: =IF(COUNTA(F43:L43)=0,"— não preenchido",IF(COUNTIF(F43:I43,"X")<>1,"FALTA/DUPLA: CONDIÇÃO DA PLATAFORMA",IF(COUNTIF(J43:L43,"X")<>1,"FALTA/DUPLA: DRENAGEM SUPERFICIAL","OK"))) -> OK
A44: S.R.E. 490ETO0020 | TIGRE - ENTR. BR-242 | LEN · Estadual · 46.307 km · início: -12.163853, -48.054423
A45: 490ETO0020 | B45: C | C45: 0 | D45: 1 | E45: =D45-C45 -> 1 | G45: X | K45: X | N45: =IF(COUNTA(F45:L45)=0,"— não preenchido",IF(COUNTIF(F45:I45,"X")<>1,"FALTA/DUPLA: CONDIÇÃO DA PLATAFORMA",IF(COUNTIF(J45:L45,"X")<>1,"FALTA/DUPLA: DRENAGEM SUPERFICIAL","OK"))) -> OK
A46: 490ETO0020 | B46: C | C46: 1 | D46: 2 | E46: =D46-C46 -> 1 | G46: X | K46: X | N46: =IF(COUNTA(F46:L46)=0,"— não preenchido",IF(COUNTIF(F46:I46,"X")<>1,"FALTA/DUPLA: CONDIÇÃO DA PLATAFORMA",IF(COUNTIF(J46:L46,"X")<>1,"FALTA/DUPLA: DRENAGEM SUPERFICIAL","OK"))) -> OK
A47: 490ETO0020 | B47: C | C47: 2 | D47: 3 | E47: =D47-C47 -> 1 | G47: X | K47: X | N47: =IF(COUNTA(F47:L47)=0,"— não preenchido",IF(COUNTIF(F47:I47,"X")<>1,"FALTA/DUPLA: CONDIÇÃO DA PLATAFORMA",IF(COUNTIF(J47:L47,"X")<>1,"FALTA/DUPLA: DRENAGEM SUPERFICIAL","OK"))) -> OK
A48: 490ETO0020 | B48: C | C48: 3 | D48: 4 | E48: =D48-C48 -> 1 | G48: X | K48: X | N48: =IF(COUNTA(F48:L48)=0,"— não preenchido",IF(COUNTIF(F48:I48,"X")<>1,"FALTA/DUPLA: CONDIÇÃO DA PLATAFORMA",IF(COUNTIF(J48:L48,"X")<>1,"FALTA/DUPLA: DRENAGEM SUPERFICIAL","OK"))) -> OK
A49: 490ETO0020 | B49: C | C49: 4 | D49: 5 | E49: =D49-C49 -> 1 | G49: X | K49: X | N49: =IF(COUNTA(F49:L49)=0,"— não preenchido",IF(COUNTIF(F49:I49,"X")<>1,"FALTA/DUPLA: CONDIÇÃO DA PLATAFORMA",IF(COUNTIF(J49:L49,"X")<>1,"FALTA/DUPLA: DRENAGEM SUPERFICIAL","OK"))) -> OK
A50: 490ETO0020 | B50: C | C50: 5 | D50: 6 | E50: =D50-C50 -> 1 | G50: X | K50: X | N50: =IF(COUNTA(F50:L50)=0,"— não preenchido",IF(COUNTIF(F50:I50,"X")<>1,"FALTA/DUPLA: CONDIÇÃO DA PLATAFORMA",IF(COUNTIF(J50:L50,"X")<>1,"FALTA/DUPLA: DRENAGEM SUPERFICIAL","OK"))) -> OK
A51: 490ETO0020 | B51: C | C51: 6 | D51: 7 | E51: =D51-C51 -> 1 | G51: X | K51: X | N51: =IF(COUNTA(F51:L51)=0,"— não preenchido",IF(COUNTIF(F51:I51,"X")<>1,"FALTA/DUPLA: CONDIÇÃO DA PLATAFORMA",IF(COUNTIF(J51:L51,"X")<>1,"FALTA/DUPLA: DRENAGEM SUPERFICIAL","OK"))) -> OK
A52: 490ETO0020 | B52: C | C52: 7 | D52: 8 | E52: =D52-C52 -> 1 | G52: X | K52: X | N52: =IF(COUNTA(F52:L52)=0,"— não preenchido",IF(COUNTIF(F52:I52,"X")<>1,"FALTA/DUPLA: CONDIÇÃO DA PLATAFORMA",IF(COUNTIF(J52:L52,"X")<>1,"FALTA/DUPLA: DRENAGEM SUPERFICIAL","OK"))) -> OK
A53: 490ETO0020 | B53: C | C53: 8 | D53: 9 | E53: =D53-C53 -> 1 | G53: X | K53: X | N53: =IF(COUNTA(F53:L53)=0,"— não preenchido",IF(COUNTIF(F53:I53,"X")<>1,"FALTA/DUPLA: CONDIÇÃO DA PLATAFORMA",IF(COUNTIF(J53:L53,"X")<>1,"FALTA/DUPLA: DRENAGEM SUPERFICIAL","OK"))) -> OK
A54: 490ETO0020 | B54: C | C54: 9 | D54: 10 | E54: =D54-C54 -> 1 | G54: X | K54: X | N54: =IF(COUNTA(F54:L54)=0,"— não preenchido",IF(COUNTIF(F54:I54,"X")<>1,"FALTA/DUPLA: CONDIÇÃO DA PLATAFORMA",IF(COUNTIF(J54:L54,"X")<>1,"FALTA/DUPLA: DRENAGEM SUPERFICIAL","OK"))) -> OK
A55: 490ETO0020 | B55: C | C55: 10 | D55: 11 | E55: =D55-C55 -> 1 | G55: X | K55: X | N55: =IF(COUNTA(F55:L55)=0,"— não preenchido",IF(COUNTIF(F55:I55,"X")<>1,"FALTA/DUPLA: CONDIÇÃO DA PLATAFORMA",IF(COUNTIF(J55:L55,"X")<>1,"FALTA/DUPLA: DRENAGEM SUPERFICIAL","OK"))) -> OK
A56: 490ETO0020 | B56: C | C56: 11 | D56: 12 | E56: =D56-C56 -> 1 | G56: X | K56: X | N56: =IF(COUNTA(F56:L56)=0,"— não preenchido",IF(COUNTIF(F56:I56,"X")<>1,"FALTA/DUPLA: CONDIÇÃO DA PLATAFORMA",IF(COUNTIF(J56:L56,"X")<>1,"FALTA/DUPLA: DRENAGEM SUPERFICIAL","OK"))) -> OK
... A91: 490ETO0020 | B91: C | C91: 46 | D91: 46.307034 | E91: =D91-C91 -> 0.30703358 | G91: X | K91: X | N91: =IF(COUNTA(F91:L91)=0,"— não preenchido",IF(COUNTIF(F91:I91,"X")<>1,"FALTA/DUPLA: CONDIÇÃO DA PLATAFORMA",IF(COUNTIF(J91:L91,"X")<>1,"FALTA/DUPLA: DRENAGEM SUPERFICIAL","OK"))) -> OK
A93: ____________________________________________ | G93: ____________________________________________
A94: TÉCNICO RESPONSÁVEL PELA INSPEÇÃO | G94: VISTO DA SUPERVISÃO
A96: RESUMO DO TRECHO — KM LANÇADO POR ITEM
A97: KM LANÇADO | F97: =SUMIF(F$9:F$91,"X",$E$9:$E$91) -> 0 | G97: =SUMIF(G$9:G$91,"X",$E$9:$E$91) -> 81.076208 | H97: =SUMIF(H$9:H$91,"X",$E$9:$E$91) -> 0 | I97: =SUMIF(I$9:I$91,"X",$E$9:$E$91) -> 0 | J97: =SUMIF(J$9:J$91,"X",$E$9:$E$91) -> 0 | K97: =SUMIF(K$9:K$91,"X",$E$9:$E$91) -> 81.076208 | L97: =SUMIF(L$9:L$91,"X",$E$9:$E$91) -> 0
A98: % DA EXTENSÃO | F98: =IF($I100=0,0,F97/$I100) -> 0 | G98: =IF($I100=0,0,G97/$I100) -> 1 | H98: =IF($I100=0,0,H97/$I100) -> 0 | I98: =IF($I100=0,0,I97/$I100) -> 0 | J98: =IF($I100=0,0,J97/$I100) -> 0 | K98: =IF($I100=0,0,K97/$I100) -> 1 | L98: =IF($I100=0,0,L97/$I100) -> 0
A99: CONFERÊNCIA POR GRUPO | F99: =IF(SUM(F97:I97)=0,"— não preenchido",IF(ROUND(SUM(F97:I97)-$I100,3)=0,"OK — "&ROUND(SUM(F97:I97),3)&" km","ERRO — dif. de "&ROUND(SUM(F97:I97)-$I100,3)&" km")) -> OK — 81,076 km | J99: =IF(SUM(J97:L97)=0,"— não preenchido",IF(ROUND(SUM(J97:L97)-$I100,3)=0,"OK — "&ROUND(SUM(J97:L97),3)&" km","ERRO — dif. de "&ROUND(SUM(J97:L97)-$I100,3)&" km")) -> OK — 81,076 km
A100: EXTENSÃO TOTAL DO TRECHO | I100: =SUM(E9:E91) -> 81.076208 | M100: =COUNTIF(N9:N91,"OK")&" de "&COUNT($E$9:$E$91)&" linhas conferidas" -> 82 de 82 linhas conferidas
A102: LEGENDA
A103: REGULAR | E103: Até 10 irregularidades por km
A104: RUIM | E104: Mais de 10 irregularidades por km
A105: PÉSSIMA | E105: Atoleiro ou ponto crítico
A106: SIT. | E106: LEN = leito natural · EOP = em obras de pavimentação
A107: FAIXA AZUL | E107: Cabeçalho de cada S.R.E.: descrição, situação, jurisdição, extensão e coordenada de início.
A108: INÍCIO / FIM (KM) | E108: Contados de 0 até o fim de CADA S.R.E. Não é o marco quilométrico da rodovia.
A109: SENT. | E109: C = crescente · D = decrescente
A110: FAIXA CINZA | E110: Segmento fora do escopo do contrato: você passa por ele, mas não preenche.
A111: CÉLULA VERMELHA | E111: Mais de uma X no mesmo grupo. Apague uma delas.
A112: CONFERÊNCIA | E112: Só na tela, não sai impresso. Fica OK com uma X em cada grupo.

Sheet 241
A1: PROGRAMA DE MANUTENÇÃO RODOVIÁRIA — FICHA DE INSPEÇÃO — RODOVIAS NÃO PAVIMENTADAS | P1: Valores dos gráficos — troca 0 por N/D para a fatia não aparecer. Não editar.
A2: REGIÃO: 12 — PEIXE | D2: MÊS / ANO: | F2: 46235 | G2: DATA: | J2: TÉCNICO: | K2: ENG. THIAGO BORGES TORQUATO | P2: =IF(F75=0,NA(),F75) -> 46.310113 | Q2: =IF(G75=0,NA(),G75) -> 14 | R2: =IF(H75=0,NA(),H75) -> #N/A | S2: =IF(I75=0,NA(),I75) -> #N/A | T2: =IF(J75=0,NA(),J75) -> 60.310113 | U2: =IF(K75=0,NA(),K75) -> #N/A | V2: =IF(L75=0,NA(),L75) -> #N/A
A3: TRECHO 241 — RODOVIA TO-491 - TRECHO ENTR. BR-242 - ENTR. TO-296 (POVOADO RETIRO) | K3: EXTENSÃO: 60,310 km · 1 S.R.E.
A4: COMO PREENCHER: uma X em UMA coluna de cada grupo, por linha. Se houver mais de um defeito no mesmo km, marque o PREDOMINANTE e escreva o resto em OBSERVAÇÕES. A quilometragem é contada de 0 até o fim de CADA S.R.E. (não é o marco da rodovia).
A6: S.R.E. | B6: SENT. | C6: INÍCIO (KM) | D6: FIM (KM) | E6: EXT. (KM) | F6: CONDIÇÃO DA PLATAFORMA | J6: DRENAGEM SUPERFICIAL | M6: OBSERVAÇÕES | N6: CONFERÊNCIA (só na tela)
F7: BOM | G7: REG. (ATÉ 10 IRR./KM) | H7: RUIM (+ 10 IRR./KM) | I7: PÉSSIMA (ATOLEIRO/PTO. CRÍTICO) | J7: LIMPA | K7: OBSTRUÍDA | L7: AUSENTE
A8: S.R.E. 491ETO0010 | ENTR. TO-373-BR-242 - ENTR. TO-296 | LEN · Estadual · 60.310 km · início: -12.570387, -48.319684
A9: 491ETO0010 | B9: C | C9: 0 | D9: 1 | E9: =D9-C9 -> 1 | F9: X | J9: X | N9: =IF(COUNTA(F9:L9)=0,"— não preenchido",IF(COUNTIF(F9:I9,"X")<>1,"FALTA/DUPLA: CONDIÇÃO DA PLATAFORMA",IF(COUNTIF(J9:L9,"X")<>1,"FALTA/DUPLA: DRENAGEM SUPERFICIAL","OK"))) -> OK
A10: 491ETO0010 | B10: C | C10: 1 | D10: 2 | E10: =D10-C10 -> 1 | F10: X | J10: X | N10: =IF(COUNTA(F10:L10)=0,"— não preenchido",IF(COUNTIF(F10:I10,"X")<>1,"FALTA/DUPLA: CONDIÇÃO DA PLATAFORMA",IF(COUNTIF(J10:L10,"X")<>1,"FALTA/DUPLA: DRENAGEM SUPERFICIAL","OK"))) -> OK
A11: 491ETO0010 | B11: C | C11: 2 | D11: 3 | E11: =D11-C11 -> 1 | F11: X | J11: X | N11: =IF(COUNTA(F11:L11)=0,"— não preenchido",IF(COUNTIF(F11:I11,"X")<>1,"FALTA/DUPLA: CONDIÇÃO DA PLATAFORMA",IF(COUNTIF(J11:L11,"X")<>1,"FALTA/DUPLA: DRENAGEM SUPERFICIAL","OK"))) -> OK
A12: 491ETO0010 | B12: C | C12: 3 | D12: 4 | E12: =D12-C12 -> 1 | F12: X | J12: X | N12: =IF(COUNTA(F12:L12)=0,"— não preenchido",IF(COUNTIF(F12:I12,"X")<>1,"FALTA/DUPLA: CONDIÇÃO DA PLATAFORMA",IF(COUNTIF(J12:L12,"X")<>1,"FALTA/DUPLA: DRENAGEM SUPERFICIAL","OK"))) -> OK
A13: 491ETO0010 | B13: C | C13: 4 | D13: 5 | E13: =D13-C13 -> 1 | F13: X | J13: X | N13: =IF(COUNTA(F13:L13)=0,"— não preenchido",IF(COUNTIF(F13:I13,"X")<>1,"FALTA/DUPLA: CONDIÇÃO DA PLATAFORMA",IF(COUNTIF(J13:L13,"X")<>1,"FALTA/DUPLA: DRENAGEM SUPERFICIAL","OK"))) -> OK
A14: 491ETO0010 | B14: C | C14: 5 | D14: 6 | E14: =D14-C14 -> 1 | F14: X | J14: X | N14: =IF(COUNTA(F14:L14)=0,"— não preenchido",IF(COUNTIF(F14:I14,"X")<>1,"FALTA/DUPLA: CONDIÇÃO DA PLATAFORMA",IF(COUNTIF(J14:L14,"X")<>1,"FALTA/DUPLA: DRENAGEM SUPERFICIAL","OK"))) -> OK
A15: 491ETO0010 | B15: C | C15: 6 | D15: 7 | E15: =D15-C15 -> 1 | F15: X | J15: X | N15: =IF(COUNTA(F15:L15)=0,"— não preenchido",IF(COUNTIF(F15:I15,"X")<>1,"FALTA/DUPLA: CONDIÇÃO DA PLATAFORMA",IF(COUNTIF(J15:L15,"X")<>1,"FALTA/DUPLA: DRENAGEM SUPERFICIAL","OK"))) -> OK
A16: 491ETO0010 | B16: C | C16: 7 | D16: 8 | E16: =D16-C16 -> 1 | F16: X | J16: X | N16: =IF(COUNTA(F16:L16)=0,"— não preenchido",IF(COUNTIF(F16:I16,"X")<>1,"FALTA/DUPLA: CONDIÇÃO DA PLATAFORMA",IF(COUNTIF(J16:L16,"X")<>1,"FALTA/DUPLA: DRENAGEM SUPERFICIAL","OK"))) -> OK
A17: 491ETO0010 | B17: C | C17: 8 | D17: 9 | E17: =D17-C17 -> 1 | F17: X | J17: X | N17: =IF(COUNTA(F17:L17)=0,"— não preenchido",IF(COUNTIF(F17:I17,"X")<>1,"FALTA/DUPLA: CONDIÇÃO DA PLATAFORMA",IF(COUNTIF(J17:L17,"X")<>1,"FALTA/DUPLA: DRENAGEM SUPERFICIAL","OK"))) -> OK
A18: 491ETO0010 | B18: C | C18: 9 | D18: 10 | E18: =D18-C18 -> 1 | F18: X | J18: X | N18: =IF(COUNTA(F18:L18)=0,"— não preenchido",IF(COUNTIF(F18:I18,"X")<>1,"FALTA/DUPLA: CONDIÇÃO DA PLATAFORMA",IF(COUNTIF(J18:L18,"X")<>1,"FALTA/DUPLA: DRENAGEM SUPERFICIAL","OK"))) -> OK
A19: 491ETO0010 | B19: C | C19: 10 | D19: 11 | E19: =D19-C19 -> 1 | F19: X | J19: X | N19: =IF(COUNTA(F19:L19)=0,"— não preenchido",IF(COUNTIF(F19:I19,"X")<>1,"FALTA/DUPLA: CONDIÇÃO DA PLATAFORMA",IF(COUNTIF(J19:L19,"X")<>1,"FALTA/DUPLA: DRENAGEM SUPERFICIAL","OK"))) -> OK
A20: 491ETO0010 | B20: C | C20: 11 | D20: 12 | E20: =D20-C20 -> 1 | F20: X | J20: X | N20: =IF(COUNTA(F20:L20)=0,"— não preenchido",IF(COUNTIF(F20:I20,"X")<>1,"FALTA/DUPLA: CONDIÇÃO DA PLATAFORMA",IF(COUNTIF(J20:L20,"X")<>1,"FALTA/DUPLA: DRENAGEM SUPERFICIAL","OK"))) -> OK
... A45: 491ETO0010 | B45: C | C45: 36 | D45: 37 | E45: =D45-C45 -> 1 | F45: X | J45: X | N45: =IF(COUNTA(F45:L45)=0,"— não preenchido",IF(COUNTIF(F45:I45,"X")<>1,"FALTA/DUPLA: CONDIÇÃO DA PLATAFORMA",IF(COUNTIF(J45:L45,"X")<>1,"FALTA/DUPLA: DRENAGEM SUPERFICIAL","OK"))) -> OK
A46: 491ETO0010 | B46: C | C46: 37 | D46: 38 | E46: =D46-C46 -> 1 | G46: X | J46: X | N46: =IF(COUNTA(F46:L46)=0,"— não preenchido",IF(COUNTIF(F46:I46,"X")<>1,"FALTA/DUPLA: CONDIÇÃO DA PLATAFORMA",IF(COUNTIF(J46:L46,"X")<>1,"FALTA/DUPLA: DRENAGEM SUPERFICIAL","OK"))) -> OK
A47: 491ETO0010 | B47: C | C47: 38 | D47: 39 | E47: =D47-C47 -> 1 | G47: X | J47: X | N47: =IF(COUNTA(F47:L47)=0,"— não preenchido",IF(COUNTIF(F47:I47,"X")<>1,"FALTA/DUPLA: CONDIÇÃO DA PLATAFORMA",IF(COUNTIF(J47:L47,"X")<>1,"FALTA/DUPLA: DRENAGEM SUPERFICIAL","OK"))) -> OK
A48: 491ETO0010 | B48: C | C48: 39 | D48: 40 | E48: =D48-C48 -> 1 | G48: X | J48: X | N48: =IF(COUNTA(F48:L48)=0,"— não preenchido",IF(COUNTIF(F48:I48,"X")<>1,"FALTA/DUPLA: CONDIÇÃO DA PLATAFORMA",IF(COUNTIF(J48:L48,"X")<>1,"FALTA/DUPLA: DRENAGEM SUPERFICIAL","OK"))) -> OK
A49: 491ETO0010 | B49: C | C49: 40 | D49: 41 | E49: =D49-C49 -> 1 | G49: X | J49: X | N49: =IF(COUNTA(F49:L49)=0,"— não preenchido",IF(COUNTIF(F49:I49,"X")<>1,"FALTA/DUPLA: CONDIÇÃO DA PLATAFORMA",IF(COUNTIF(J49:L49,"X")<>1,"FALTA/DUPLA: DRENAGEM SUPERFICIAL","OK"))) -> OK
A50: 491ETO0010 | B50: C | C50: 41 | D50: 42 | E50: =D50-C50 -> 1 | G50: X | J50: X | N50: =IF(COUNTA(F50:L50)=0,"— não preenchido",IF(COUNTIF(F50:I50,"X")<>1,"FALTA/DUPLA: CONDIÇÃO DA PLATAFORMA",IF(COUNTIF(J50:L50,"X")<>1,"FALTA/DUPLA: DRENAGEM SUPERFICIAL","OK"))) -> OK
A51: 491ETO0010 | B51: C | C51: 42 | D51: 43 | E51: =D51-C51 -> 1 | F51: X | J51: X | N51: =IF(COUNTA(F51:L51)=0,"— não preenchido",IF(COUNTIF(F51:I51,"X")<>1,"FALTA/DUPLA: CONDIÇÃO DA PLATAFORMA",IF(COUNTIF(J51:L51,"X")<>1,"FALTA/DUPLA: DRENAGEM SUPERFICIAL","OK"))) -> OK
A52: 491ETO0010 | B52: C | C52: 43 | D52: 44 | E52: =D52-C52 -> 1 | F52: X | J52: X | N52: =IF(COUNTA(F52:L52)=0,"— não preenchido",IF(COUNTIF(F52:I52,"X")<>1,"FALTA/DUPLA: CONDIÇÃO DA PLATAFORMA",IF(COUNTIF(J52:L52,"X")<>1,"FALTA/DUPLA: DRENAGEM SUPERFICIAL","OK"))) -> OK
A53: 491ETO0010 | B53: C | C53: 44 | D53: 45 | E53: =D53-C53 -> 1 | F53: X | J53: X | N53: =IF(COUNTA(F53:L53)=0,"— não preenchido",IF(COUNTIF(F53:I53,"X")<>1,"FALTA/DUPLA: CONDIÇÃO DA PLATAFORMA",IF(COUNTIF(J53:L53,"X")<>1,"FALTA/DUPLA: DRENAGEM SUPERFICIAL","OK"))) -> OK
A54: 491ETO0010 | B54: C | C54: 45 | D54: 46 | E54: =D54-C54 -> 1 | F54: X | J54: X | N54: =IF(COUNTA(F54:L54)=0,"— não preenchido",IF(COUNTIF(F54:I54,"X")<>1,"FALTA/DUPLA: CONDIÇÃO DA PLATAFORMA",IF(COUNTIF(J54:L54,"X")<>1,"FALTA/DUPLA: DRENAGEM SUPERFICIAL","OK"))) -> OK
A55: 491ETO0010 | B55: C | C55: 46 | D55: 47 | E55: =D55-C55 -> 1 | G55: X | J55: X | N55: =IF(COUNTA(F55:L55)=0,"— não preenchido",IF(COUNTIF(F55:I55,"X")<>1,"FALTA/DUPLA: CONDIÇÃO DA PLATAFORMA",IF(COUNTIF(J55:L55,"X")<>1,"FALTA/DUPLA: DRENAGEM SUPERFICIAL","OK"))) -> OK
A56: 491ETO0010 | B56: C | C56: 47 | D56: 48 | E56: =D56-C56 -> 1 | G56: X | J56: X | N56: =IF(COUNTA(F56:L56)=0,"— não preenchido",IF(COUNTIF(F56:I56,"X")<>1,"FALTA/DUPLA: CONDIÇÃO DA PLATAFORMA",IF(COUNTIF(J56:L56,"X")<>1,"FALTA/DUPLA: DRENAGEM SUPERFICIAL","OK"))) -> OK
A57: 491ETO0010 | B57: C | C57: 48 | D57: 49 | E57: =D57-C57 -> 1 | G57: X | J57: X | N57: =IF(COUNTA(F57:L57)=0,"— não preenchido",IF(COUNTIF(F57:I57,"X")<>1,"FALTA/DUPLA: CONDIÇÃO DA PLATAFORMA",IF(COUNTIF(J57:L57,"X")<>1,"FALTA/DUPLA: DRENAGEM SUPERFICIAL","OK"))) -> OK
A58: 491ETO0010 | B58: C | C58: 49 | D58: 50 | E58: =D58-C58 -> 1 | G58: X | J58: X | N58: =IF(COUNTA(F58:L58)=0,"— não preenchido",IF(COUNTIF(F58:I58,"X")<>1,"FALTA/DUPLA: CONDIÇÃO DA PLATAFORMA",IF(COUNTIF(J58:L58,"X")<>1,"FALTA/DUPLA: DRENAGEM SUPERFICIAL","OK"))) -> OK
A59: 491ETO0010 | B59: C | C59: 50 | D59: 51 | E59: =D59-C59 -> 1 | G59: X | J59: X | N59: =IF(COUNTA(F59:L59)=0,"— não preenchido",IF(COUNTIF(F59:I59,"X")<>1,"FALTA/DUPLA: CONDIÇÃO DA PLATAFORMA",IF(COUNTIF(J59:L59,"X")<>1,"FALTA/DUPLA: DRENAGEM SUPERFICIAL","OK"))) -> OK
A60: 491ETO0010 | B60: C | C60: 51 | D60: 52 | E60: =D60-C60 -> 1 | G60: X | J60: X | N60: =IF(COUNTA(F60:L60)=0,"— não preenchido",IF(COUNTIF(F60:I60,"X")<>1,"FALTA/DUPLA: CONDIÇÃO DA PLATAFORMA",IF(COUNTIF(J60:L60,"X")<>1,"FALTA/DUPLA: DRENAGEM SUPERFICIAL","OK"))) -> OK
A61: 491ETO0010 | B61: C | C61: 52 | D61: 53 | E61: =D61-C61 -> 1 | G61: X | J61: X | N61: =IF(COUNTA(F61:L61)=0,"— não preenchido",IF(COUNTIF(F61:I61,"X")<>1,"FALTA/DUPLA: CONDIÇÃO DA PLATAFORMA",IF(COUNTIF(J61:L61,"X")<>1,"FALTA/DUPLA: DRENAGEM SUPERFICIAL","OK"))) -> OK
A62: 491ETO0010 | B62: C | C62: 53 | D62: 54 | E62: =D62-C62 -> 1 | F62: X | J62: X | N62: =IF(COUNTA(F62:L62)=0,"— não preenchido",IF(COUNTIF(F62:I62,"X")<>1,"FALTA/DUPLA: CONDIÇÃO DA PLATAFORMA",IF(COUNTIF(J62:L62,"X")<>1,"FALTA/DUPLA: DRENAGEM SUPERFICIAL","OK"))) -> OK
A63: 491ETO0010 | B63: C | C63: 54 | D63: 55 | E63: =D63-C63 -> 1 | F63: X | J63: X | N63: =IF(COUNTA(F63:L63)=0,"— não preenchido",IF(COUNTIF(F63:I63,"X")<>1,"FALTA/DUPLA: CONDIÇÃO DA PLATAFORMA",IF(COUNTIF(J63:L63,"X")<>1,"FALTA/DUPLA: DRENAGEM SUPERFICIAL","OK"))) -> OK
A64: 491ETO0010 | B64: C | C64: 55 | D64: 56 | E64: =D64-C64 -> 1 | F64: X | J64: X | N64: =IF(COUNTA(F64:L64)=0,"— não preenchido",IF(COUNTIF(F64:I64,"X")<>1,"FALTA/DUPLA: CONDIÇÃO DA PLATAFORMA",IF(COUNTIF(J64:L64,"X")<>1,"FALTA/DUPLA: DRENAGEM SUPERFICIAL","OK"))) -> OK
A65: 491ETO0010 | B65: C | C65: 56 | D65: 57 | E65: =D65-C65 -> 1 | F65: X | J65: X | N65: =IF(COUNTA(F65:L65)=0,"— não preenchido",IF(COUNTIF(F65:I65,"X")<>1,"FALTA/DUPLA: CONDIÇÃO DA PLATAFORMA",IF(COUNTIF(J65:L65,"X")<>1,"FALTA/DUPLA: DRENAGEM SUPERFICIAL","OK"))) -> OK
A66: 491ETO0010 | B66: C | C66: 57 | D66: 58 | E66: =D66-C66 -> 1 | F66: X | J66: X | N66: =IF(COUNTA(F66:L66)=0,"— não preenchido",IF(COUNTIF(F66:I66,"X")<>1,"FALTA/DUPLA: CONDIÇÃO DA PLATAFORMA",IF(COUNTIF(J66:L66,"X")<>1,"FALTA/DUPLA: DRENAGEM SUPERFICIAL","OK"))) -> OK
A67: 491ETO0010 | B67: C | C67: 58 | D67: 59 | E67: =D67-C67 -> 1 | G67: X | J67: X | N67: =IF(COUNTA(F67:L67)=0,"— não preenchido",IF(COUNTIF(F67:I67,"X")<>1,"FALTA/DUPLA: CONDIÇÃO DA PLATAFORMA",IF(COUNTIF(J67:L67,"X")<>1,"FALTA/DUPLA: DRENAGEM SUPERFICIAL","OK"))) -> OK
A68: 491ETO0010 | B68: C | C68: 59 | D68: 60 | E68: =D68-C68 -> 1 | G68: X | J68: X | N68: =IF(COUNTA(F68:L68)=0,"— não preenchido",IF(COUNTIF(F68:I68,"X")<>1,"FALTA/DUPLA: CONDIÇÃO DA PLATAFORMA",IF(COUNTIF(J68:L68,"X")<>1,"FALTA/DUPLA: DRENAGEM SUPERFICIAL","OK"))) -> OK
A69: 491ETO0010 | B69: C | C69: 60 | D69: 60.310113 | E69: =D69-C69 -> 0.31011259 | F69: X | J69: X | N69: =IF(COUNTA(F69:L69)=0,"— não preenchido",IF(COUNTIF(F69:I69,"X")<>1,"FALTA/DUPLA: CONDIÇÃO DA PLATAFORMA",IF(COUNTIF(J69:L69,"X")<>1,"FALTA/DUPLA: DRENAGEM SUPERFICIAL","OK"))) -> OK
A71: ____________________________________________ | G71: ____________________________________________
A72: TÉCNICO RESPONSÁVEL PELA INSPEÇÃO | G72: VISTO DA SUPERVISÃO
A74: RESUMO DO TRECHO — KM LANÇADO POR ITEM
A75: KM LANÇADO | F75: =SUMIF(F$9:F$69,"X",$E$9:$E$69) -> 46.310113 | G75: =SUMIF(G$9:G$69,"X",$E$9:$E$69) -> 14 | H75: =SUMIF(H$9:H$69,"X",$E$9:$E$69) -> 0 | I75: =SUMIF(I$9:I$69,"X",$E$9:$E$69) -> 0 | J75: =SUMIF(J$9:J$69,"X",$E$9:$E$69) -> 60.310113 | K75: =SUMIF(K$9:K$69,"X",$E$9:$E$69) -> 0 | L75: =SUMIF(L$9:L$69,"X",$E$9:$E$69) -> 0
A76: % DA EXTENSÃO | F76: =IF($I78=0,0,F75/$I78) -> 0.76786646 | G76: =IF($I78=0,0,G75/$I78) -> 0.23213354 | H76: =IF($I78=0,0,H75/$I78) -> 0 | I76: =IF($I78=0,0,I75/$I78) -> 0 | J76: =IF($I78=0,0,J75/$I78) -> 1 | K76: =IF($I78=0,0,K75/$I78) -> 0 | L76: =IF($I78=0,0,L75/$I78) -> 0
A77: CONFERÊNCIA POR GRUPO | F77: =IF(SUM(F75:I75)=0,"— não preenchido",IF(ROUND(SUM(F75:I75)-$I78,3)=0,"OK — "&ROUND(SUM(F75:I75),3)&" km","ERRO — dif. de "&ROUND(SUM(F75:I75)-$I78,3)&" km")) -> OK — 60,31 km | J77: =IF(SUM(J75:L75)=0,"— não preenchido",IF(ROUND(SUM(J75:L75)-$I78,3)=0,"OK — "&ROUND(SUM(J75:L75),3)&" km","ERRO — dif. de "&ROUND(SUM(J75:L75)-$I78,3)&" km")) -> OK — 60,31 km
A78: EXTENSÃO TOTAL DO TRECHO | I78: =SUM(E9:E69) -> 60.310113 | M78: =COUNTIF(N9:N69,"OK")&" de "&COUNT($E$9:$E$69)&" linhas conferidas" -> 61 de 61 linhas conferidas
A80: LEGENDA
A81: REGULAR | E81: Até 10 irregularidades por km
A82: RUIM | E82: Mais de 10 irregularidades por km
A83: PÉSSIMA | E83: Atoleiro ou ponto crítico
A84: SIT. | E84: LEN = leito natural · EOP = em obras de pavimentação
A85: FAIXA AZUL | E85: Cabeçalho de cada S.R.E.: descrição, situação, jurisdição, extensão e coordenada de início.
A86: INÍCIO / FIM (KM) | E86: Contados de 0 até o fim de CADA S.R.E. Não é o marco quilométrico da rodovia.
A87: SENT. | E87: C = crescente · D = decrescente
A88: FAIXA CINZA | E88: Segmento fora do escopo do contrato: você passa por ele, mas não preenche.
A89: CÉLULA VERMELHA | E89: Mais de uma X no mesmo grupo. Apague uma delas.
A90: CONFERÊNCIA | E90: Só na tela, não sai impresso. Fica OK com uma X em cada grupo.

Sheet 242
A1: PROGRAMA DE MANUTENÇÃO RODOVIÁRIA — FICHA DE INSPEÇÃO — RODOVIAS NÃO PAVIMENTADAS | P1: Valores dos gráficos — troca 0 por N/D para a fatia não aparecer. Não editar.
A2: REGIÃO: 12 — PEIXE | D2: MÊS / ANO: | F2: 46235 | G2: DATA: | J2: TÉCNICO: | K2: ENG. THIAGO BORGES TORQUATO | P2: =IF(F38=0,NA(),F38) -> 21.676393 | Q2: =IF(G38=0,NA(),G38) -> #N/A | R2: =IF(H38=0,NA(),H38) -> #N/A | S2: =IF(I38=0,NA(),I38) -> #N/A | T2: =IF(J38=0,NA(),J38) -> 16.27242 | U2: =IF(K38=0,NA(),K38) -> #N/A | V2: =IF(L38=0,NA(),L38) -> 5.4039722
A3: TRECHO 242 — RODOVIA TO-495 - TRECHO DIVISA TO-GO - LOURENÇO BORGES - ENTR. TO-296 | K3: EXTENSÃO: 21,676 km · 2 S.R.E.
A4: COMO PREENCHER: uma X em UMA coluna de cada grupo, por linha. Se houver mais de um defeito no mesmo km, marque o PREDOMINANTE e escreva o resto em OBSERVAÇÕES. A quilometragem é contada de 0 até o fim de CADA S.R.E. (não é o marco da rodovia).
A6: S.R.E. | B6: SENT. | C6: INÍCIO (KM) | D6: FIM (KM) | E6: EXT. (KM) | F6: CONDIÇÃO DA PLATAFORMA | J6: DRENAGEM SUPERFICIAL | M6: OBSERVAÇÕES | N6: CONFERÊNCIA (só na tela)
F7: BOM | G7: REG. (ATÉ 10 IRR./KM) | H7: RUIM (+ 10 IRR./KM) | I7: PÉSSIMA (ATOLEIRO/PTO. CRÍTICO) | J7: LIMPA | K7: OBSTRUÍDA | L7: AUSENTE
A8: S.R.E. 495ETO0010 | ENTR. TO-296 - POV LORENÇO BORGES | LEN · Estadual · 16.272 km · início: -12.743445, -48.67785
A9: 495ETO0010 | B9: C | C9: 0 | D9: 1 | E9: =D9-C9 -> 1 | F9: X | J9: X | N9: =IF(COUNTA(F9:L9)=0,"— não preenchido",IF(COUNTIF(F9:I9,"X")<>1,"FALTA/DUPLA: CONDIÇÃO DA PLATAFORMA",IF(COUNTIF(J9:L9,"X")<>1,"FALTA/DUPLA: DRENAGEM SUPERFICIAL","OK"))) -> OK
A10: 495ETO0010 | B10: C | C10: 1 | D10: 2 | E10: =D10-C10 -> 1 | F10: X | J10: X | N10: =IF(COUNTA(F10:L10)=0,"— não preenchido",IF(COUNTIF(F10:I10,"X")<>1,"FALTA/DUPLA: CONDIÇÃO DA PLATAFORMA",IF(COUNTIF(J10:L10,"X")<>1,"FALTA/DUPLA: DRENAGEM SUPERFICIAL","OK"))) -> OK
A11: 495ETO0010 | B11: C | C11: 2 | D11: 3 | E11: =D11-C11 -> 1 | F11: X | J11: X | N11: =IF(COUNTA(F11:L11)=0,"— não preenchido",IF(COUNTIF(F11:I11,"X")<>1,"FALTA/DUPLA: CONDIÇÃO DA PLATAFORMA",IF(COUNTIF(J11:L11,"X")<>1,"FALTA/DUPLA: DRENAGEM SUPERFICIAL","OK"))) -> OK
A12: 495ETO0010 | B12: C | C12: 3 | D12: 4 | E12: =D12-C12 -> 1 | F12: X | J12: X | N12: =IF(COUNTA(F12:L12)=0,"— não preenchido",IF(COUNTIF(F12:I12,"X")<>1,"FALTA/DUPLA: CONDIÇÃO DA PLATAFORMA",IF(COUNTIF(J12:L12,"X")<>1,"FALTA/DUPLA: DRENAGEM SUPERFICIAL","OK"))) -> OK
A13: 495ETO0010 | B13: C | C13: 4 | D13: 5 | E13: =D13-C13 -> 1 | F13: X | J13: X | N13: =IF(COUNTA(F13:L13)=0,"— não preenchido",IF(COUNTIF(F13:I13,"X")<>1,"FALTA/DUPLA: CONDIÇÃO DA PLATAFORMA",IF(COUNTIF(J13:L13,"X")<>1,"FALTA/DUPLA: DRENAGEM SUPERFICIAL","OK"))) -> OK
A14: 495ETO0010 | B14: C | C14: 5 | D14: 6 | E14: =D14-C14 -> 1 | F14: X | J14: X | N14: =IF(COUNTA(F14:L14)=0,"— não preenchido",IF(COUNTIF(F14:I14,"X")<>1,"FALTA/DUPLA: CONDIÇÃO DA PLATAFORMA",IF(COUNTIF(J14:L14,"X")<>1,"FALTA/DUPLA: DRENAGEM SUPERFICIAL","OK"))) -> OK
A15: 495ETO0010 | B15: C | C15: 6 | D15: 7 | E15: =D15-C15 -> 1 | F15: X | J15: X | N15: =IF(COUNTA(F15:L15)=0,"— não preenchido",IF(COUNTIF(F15:I15,"X")<>1,"FALTA/DUPLA: CONDIÇÃO DA PLATAFORMA",IF(COUNTIF(J15:L15,"X")<>1,"FALTA/DUPLA: DRENAGEM SUPERFICIAL","OK"))) -> OK
A16: 495ETO0010 | B16: C | C16: 7 | D16: 8 | E16: =D16-C16 -> 1 | F16: X | J16: X | N16: =IF(COUNTA(F16:L16)=0,"— não preenchido",IF(COUNTIF(F16:I16,"X")<>1,"FALTA/DUPLA: CONDIÇÃO DA PLATAFORMA",IF(COUNTIF(J16:L16,"X")<>1,"FALTA/DUPLA: DRENAGEM SUPERFICIAL","OK"))) -> OK
A17: 495ETO0010 | B17: C | C17: 8 | D17: 9 | E17: =D17-C17 -> 1 | F17: X | J17: X | N17: =IF(COUNTA(F17:L17)=0,"— não preenchido",IF(COUNTIF(F17:I17,"X")<>1,"FALTA/DUPLA: CONDIÇÃO DA PLATAFORMA",IF(COUNTIF(J17:L17,"X")<>1,"FALTA/DUPLA: DRENAGEM SUPERFICIAL","OK"))) -> OK
A18: 495ETO0010 | B18: C | C18: 9 | D18: 10 | E18: =D18-C18 -> 1 | F18: X | J18: X | N18: =IF(COUNTA(F18:L18)=0,"— não preenchido",IF(COUNTIF(F18:I18,"X")<>1,"FALTA/DUPLA: CONDIÇÃO DA PLATAFORMA",IF(COUNTIF(J18:L18,"X")<>1,"FALTA/DUPLA: DRENAGEM SUPERFICIAL","OK"))) -> OK
A19: 495ETO0010 | B19: C | C19: 10 | D19: 11 | E19: =D19-C19 -> 1 | F19: X | J19: X | N19: =IF(COUNTA(F19:L19)=0,"— não preenchido",IF(COUNTIF(F19:I19,"X")<>1,"FALTA/DUPLA: CONDIÇÃO DA PLATAFORMA",IF(COUNTIF(J19:L19,"X")<>1,"FALTA/DUPLA: DRENAGEM SUPERFICIAL","OK"))) -> OK
A20: 495ETO0010 | B20: C | C20: 11 | D20: 12 | E20: =D20-C20 -> 1 | F20: X | J20: X | N20: =IF(COUNTA(F20:L20)=0,"— não preenchido",IF(COUNTIF(F20:I20,"X")<>1,"FALTA/DUPLA: CONDIÇÃO DA PLATAFORMA",IF(COUNTIF(J20:L20,"X")<>1,"FALTA/DUPLA: DRENAGEM SUPERFICIAL","OK"))) -> OK
... A25: 495ETO0010 | B25: C | C25: 16 | D25: 16.27242 | E25: =D25-C25 -> 0.27242042 | F25: X | J25: X | N25: =IF(COUNTA(F25:L25)=0,"— não preenchido",IF(COUNTIF(F25:I25,"X")<>1,"FALTA/DUPLA: CONDIÇÃO DA PLATAFORMA",IF(COUNTIF(J25:L25,"X")<>1,"FALTA/DUPLA: DRENAGEM SUPERFICIAL","OK"))) -> OK
A26: S.R.E. 495ETO0020 | POV LORENÇO BORGES - DIVISA TO-GO | LEN · Estadual · 5.404 km · início: -12.854602, -48.761424
A27: 495ETO0020 | B27: C | C27: 0 | D27: 1 | E27: =D27-C27 -> 1 | F27: X | L27: X | N27: =IF(COUNTA(F27:L27)=0,"— não preenchido",IF(COUNTIF(F27:I27,"X")<>1,"FALTA/DUPLA: CONDIÇÃO DA PLATAFORMA",IF(COUNTIF(J27:L27,"X")<>1,"FALTA/DUPLA: DRENAGEM SUPERFICIAL","OK"))) -> OK
A28: 495ETO0020 | B28: C | C28: 1 | D28: 2 | E28: =D28-C28 -> 1 | F28: X | L28: X | N28: =IF(COUNTA(F28:L28)=0,"— não preenchido",IF(COUNTIF(F28:I28,"X")<>1,"FALTA/DUPLA: CONDIÇÃO DA PLATAFORMA",IF(COUNTIF(J28:L28,"X")<>1,"FALTA/DUPLA: DRENAGEM SUPERFICIAL","OK"))) -> OK
A29: 495ETO0020 | B29: C | C29: 2 | D29: 3 | E29: =D29-C29 -> 1 | F29: X | L29: X | N29: =IF(COUNTA(F29:L29)=0,"— não preenchido",IF(COUNTIF(F29:I29,"X")<>1,"FALTA/DUPLA: CONDIÇÃO DA PLATAFORMA",IF(COUNTIF(J29:L29,"X")<>1,"FALTA/DUPLA: DRENAGEM SUPERFICIAL","OK"))) -> OK
A30: 495ETO0020 | B30: C | C30: 3 | D30: 4 | E30: =D30-C30 -> 1 | F30: X | L30: X | N30: =IF(COUNTA(F30:L30)=0,"— não preenchido",IF(COUNTIF(F30:I30,"X")<>1,"FALTA/DUPLA: CONDIÇÃO DA PLATAFORMA",IF(COUNTIF(J30:L30,"X")<>1,"FALTA/DUPLA: DRENAGEM SUPERFICIAL","OK"))) -> OK
A31: 495ETO0020 | B31: C | C31: 4 | D31: 5 | E31: =D31-C31 -> 1 | F31: X | L31: X | N31: =IF(COUNTA(F31:L31)=0,"— não preenchido",IF(COUNTIF(F31:I31,"X")<>1,"FALTA/DUPLA: CONDIÇÃO DA PLATAFORMA",IF(COUNTIF(J31:L31,"X")<>1,"FALTA/DUPLA: DRENAGEM SUPERFICIAL","OK"))) -> OK
A32: 495ETO0020 | B32: C | C32: 5 | D32: 5.4039722 | E32: =D32-C32 -> 0.40397218 | F32: X | L32: X | N32: =IF(COUNTA(F32:L32)=0,"— não preenchido",IF(COUNTIF(F32:I32,"X")<>1,"FALTA/DUPLA: CONDIÇÃO DA PLATAFORMA",IF(COUNTIF(J32:L32,"X")<>1,"FALTA/DUPLA: DRENAGEM SUPERFICIAL","OK"))) -> OK
A34: ____________________________________________ | G34: ____________________________________________
A35: TÉCNICO RESPONSÁVEL PELA INSPEÇÃO | G35: VISTO DA SUPERVISÃO
A37: RESUMO DO TRECHO — KM LANÇADO POR ITEM
A38: KM LANÇADO | F38: =SUMIF(F$9:F$32,"X",$E$9:$E$32) -> 21.676393 | G38: =SUMIF(G$9:G$32,"X",$E$9:$E$32) -> 0 | H38: =SUMIF(H$9:H$32,"X",$E$9:$E$32) -> 0 | I38: =SUMIF(I$9:I$32,"X",$E$9:$E$32) -> 0 | J38: =SUMIF(J$9:J$32,"X",$E$9:$E$32) -> 16.27242 | K38: =SUMIF(K$9:K$32,"X",$E$9:$E$32) -> 0 | L38: =SUMIF(L$9:L$32,"X",$E$9:$E$32) -> 5.4039722
A39: % DA EXTENSÃO | F39: =IF($I41=0,0,F38/$I41) -> 1 | G39: =IF($I41=0,0,G38/$I41) -> 0 | H39: =IF($I41=0,0,H38/$I41) -> 0 | I39: =IF($I41=0,0,I38/$I41) -> 0 | J39: =IF($I41=0,0,J38/$I41) -> 0.75069781 | K39: =IF($I41=0,0,K38/$I41) -> 0 | L39: =IF($I41=0,0,L38/$I41) -> 0.24930219
A40: CONFERÊNCIA POR GRUPO | F40: =IF(SUM(F38:I38)=0,"— não preenchido",IF(ROUND(SUM(F38:I38)-$I41,3)=0,"OK — "&ROUND(SUM(F38:I38),3)&" km","ERRO — dif. de "&ROUND(SUM(F38:I38)-$I41,3)&" km")) -> OK — 21,676 km | J40: =IF(SUM(J38:L38)=0,"— não preenchido",IF(ROUND(SUM(J38:L38)-$I41,3)=0,"OK — "&ROUND(SUM(J38:L38),3)&" km","ERRO — dif. de "&ROUND(SUM(J38:L38)-$I41,3)&" km")) -> OK — 21,676 km
A41: EXTENSÃO TOTAL DO TRECHO | I41: =SUM(E9:E32) -> 21.676393 | M41: =COUNTIF(N9:N32,"OK")&" de "&COUNT($E$9:$E$32)&" linhas conferidas" -> 23 de 23 linhas conferidas
A43: LEGENDA
A44: REGULAR | E44: Até 10 irregularidades por km
A45: RUIM | E45: Mais de 10 irregularidades por km
A46: PÉSSIMA | E46: Atoleiro ou ponto crítico
A47: SIT. | E47: LEN = leito natural · EOP = em obras de pavimentação
A48: FAIXA AZUL | E48: Cabeçalho de cada S.R.E.: descrição, situação, jurisdição, extensão e coordenada de início.
A49: INÍCIO / FIM (KM) | E49: Contados de 0 até o fim de CADA S.R.E. Não é o marco quilométrico da rodovia.
A50: SENT. | E50: C = crescente · D = decrescente
A51: FAIXA CINZA | E51: Segmento fora do escopo do contrato: você passa por ele, mas não preenche.
A52: CÉLULA VERMELHA | E52: Mais de uma X no mesmo grupo. Apague uma delas.
A53: CONFERÊNCIA | E53: Só na tela, não sai impresso. Fica OK com uma X em cada grupo.

Sheet LISTAS
A1: TÉCNICOS
A2: ENG. VINÍCIUS RODRIGUES FERREIRA DE OLIVEIRA
A3: LABORATORISTA CLAUDIOMIRO VIEIRA LOPES
