Workbook

Sheet RESUMO
A1: RESUMO CONSOLIDADO — REGIÃO 1 — RODOVIAS NÃO PAVIMENTADAS | M1: Valores dos gráficos — troca 0 por N/D para a fatia não aparecer. Não editar.
A2: Todos os números vêm das abas dos trechos por referência direta. Não digite nada aqui. A coluna CONFERÊNCIA acusa qualquer trecho em que a soma das marcações não fecha com a extensão. | M2: =IF(D17=0,NA(),D17) -> 112.73775 | N2: =IF(E17=0,NA(),E17) -> 178.2525 | O2: =IF(F17=0,NA(),F17) -> 237.98815 | P2: =IF(G17=0,NA(),G17) -> 13 | Q2: =IF(H17=0,NA(),H17) -> 238.60706 | R2: =IF(I17=0,NA(),I17) -> 222.97457 | S2: =IF(J17=0,NA(),J17) -> 80.396771
A4: Nº TRECHO | B4: TRECHO | C4: EXTENSÃO (KM) | D4: CONDIÇÃO DA PLATAFORMA | H4: DRENAGEM SUPERFICIAL | K4: CONFERÊNCIA
D5: BOM | E5: REG. (ATÉ 10 IRR./KM) | F5: RUIM (+ 10 IRR./KM) | G5: PÉSSIMA (ATOLEIRO/PTO. CRÍTICO) | H5: LIMPA | I5: OBSTRUÍDA | J5: AUSENTE
A6: 207 | B6: RODOVIA TO-181 - TRECHO ENTR. TO-255 - ENTR. TO-481 (CAPAO DO COCO) | C6: ='207'!I83 -> 65.901646 | D6: ='207'!F80 -> 0 | E6: ='207'!G80 -> 30 | F6: ='207'!H80 -> 35.901646 | G6: ='207'!I80 -> 0 | H6: ='207'!J80 -> 30 | I6: ='207'!K80 -> 35.901646 | J6: ='207'!L80 -> 0 | K6: =IF(SUM(D6:G6)=0,"— não preenchido",IF(ROUND(SUM(D6:G6)-C6,3)=0,"OK","ERRO — dif. de "&ROUND(SUM(D6:G6)-C6,3)&" km")) -> OK
A7: 208 | B7: RODOVIA TO-181 - TRECHO ENTR. TO-481 (CAPAO DO COCO) - FAZENDA COBRAPE | C7: ='208'!I59 -> 41.632983 | D7: ='208'!F56 -> 41.632983 | E7: ='208'!G56 -> 0 | F7: ='208'!H56 -> 0 | G7: ='208'!I56 -> 0 | H7: ='208'!J56 -> 0 | I7: ='208'!K56 -> 0 | J7: ='208'!L56 -> 41.632983 | K7: =IF(SUM(D7:G7)=0,"— não preenchido",IF(ROUND(SUM(D7:G7)-C7,3)=0,"OK","ERRO — dif. de "&ROUND(SUM(D7:G7)-C7,3)&" km")) -> OK
A8: 211 | B8: RODOVIA TO-181 - TRECHO FUNDAÇÃO BRADESCO - ENTR. TO-070 | C8: ='211'!I59 -> 41.818855 | D8: ='211'!F56 -> 0 | E8: ='211'!G56 -> 30 | F8: ='211'!H56 -> 11.818855 | G8: ='211'!I56 -> 0 | H8: ='211'!J56 -> 0 | I8: ='211'!K56 -> 41.818855 | J8: ='211'!L56 -> 0 | K8: =IF(SUM(D8:G8)=0,"— não preenchido",IF(ROUND(SUM(D8:G8)-C8,3)=0,"OK","ERRO — dif. de "&ROUND(SUM(D8:G8)-C8,3)&" km")) -> OK
A9: 213 | B9: RODOVIA TO-181 - TRECHO ARAGUAÇU - DIVISA TO-GO | C9: ='213'!I58 -> 40.379495 | D9: ='213'!F55 -> 0 | E9: ='213'!G55 -> 0 | F9: ='213'!H55 -> 27.379495 | G9: ='213'!I55 -> 13 | H9: ='213'!J55 -> 0 | I9: ='213'!K55 -> 40.379495 | J9: ='213'!L55 -> 0 | K9: =IF(SUM(D9:G9)=0,"— não preenchido",IF(ROUND(SUM(D9:G9)-C9,3)=0,"OK","ERRO — dif. de "&ROUND(SUM(D9:G9)-C9,3)&" km")) -> OK
A10: 214 | B10: RODOVIA TO-362 - TRECHO SANTA RITA DO TOCANTINS - BREJINHO DE NAZARÉ | C10: ='214'!I63 -> 45.214542 | D10: ='214'!F60 -> 0 | E10: ='214'!G60 -> 15 | F10: ='214'!H60 -> 30.214542 | G10: ='214'!I60 -> 0 | H10: ='214'!J60 -> 45.214542 | I10: ='214'!K60 -> 0 | J10: ='214'!L60 -> 0 | K10: =IF(SUM(D10:G10)=0,"— não preenchido",IF(ROUND(SUM(D10:G10)-C10,3)=0,"OK","ERRO — dif. de "&ROUND(SUM(D10:G10)-C10,3)&" km")) -> OK
A11: 215 | B11: RODOVIA TO-362 - TRECHO BREJINHO DE NAZARÉ - ENTR. TO-365 (ACESSO BALSA) | C11: ='215'!I54 -> 36.281095 | D11: ='215'!F51 -> 0 | E11: ='215'!G51 -> 11 | F11: ='215'!H51 -> 25.281095 | G11: ='215'!I51 -> 0 | H11: ='215'!J51 -> 0 | I11: ='215'!K51 -> 33 | J11: ='215'!L51 -> 3.2810952 | K11: =IF(SUM(D11:G11)=0,"— não preenchido",IF(ROUND(SUM(D11:G11)-C11,3)=0,"OK","ERRO — dif. de "&ROUND(SUM(D11:G11)-C11,3)&" km")) -> OK
A12: 216 | B12: RODOVIA TO-365 - TRECHO RIO TOCANTINS (BALSA) - TREVO DA PRAIA - ENTR. BR-153 | C12: ='216'!I110 -> 89.379777 | D12: ='216'!F107 -> 0 | E12: ='216'!G107 -> 0 | F12: ='216'!H107 -> 89.379777 | G12: ='216'!I107 -> 0 | H12: ='216'!J107 -> 88.379777 | I12: ='216'!K107 -> 0 | J12: ='216'!L107 -> 1 | K12: =IF(SUM(D12:G12)=0,"— não preenchido",IF(ROUND(SUM(D12:G12)-C12,3)=0,"OK","ERRO — dif. de "&ROUND(SUM(D12:G12)-C12,3)&" km")) -> OK
A13: 217 | B13: RODOVIA TO-373 - TRECHO ENTR. TO-365 - RIO TOCANTINS (BALSA) | C13: ='217'!I20 -> 2.3779246 | D13: ='217'!F17 -> 0 | E13: ='217'!G17 -> 2.3779246 | F13: ='217'!H17 -> 0 | G13: ='217'!I17 -> 0 | H13: ='217'!J17 -> 0 | I13: ='217'!K17 -> 0 | J13: ='217'!L17 -> 2.3779246 | K13: =IF(SUM(D13:G13)=0,"— não preenchido",IF(ROUND(SUM(D13:G13)-C13,3)=0,"OK","ERRO — dif. de "&ROUND(SUM(D13:G13)-C13,3)&" km")) -> OK
A14: 221 | B14: RODOVIA TO-481 - TRECHO DUERÉ - ENTR. TO-181 (CAPAO DO COCO) | C14: ='221'!I95 -> 77.104768 | D14: ='221'!F92 -> 71.104768 | E14: ='221'!G92 -> 6 | F14: ='221'!H92 -> 0 | G14: ='221'!I92 -> 0 | H14: ='221'!J92 -> 37 | I14: ='221'!K92 -> 8 | J14: ='221'!L92 -> 32.104768 | K14: =IF(SUM(D14:G14)=0,"— não preenchido",IF(ROUND(SUM(D14:G14)-C14,3)=0,"OK","ERRO — dif. de "&ROUND(SUM(D14:G14)-C14,3)&" km")) -> OK
A15: 222 | B15: RODOVIA TO-483 - TRECHO SUCUPIRA - FIGUEIRÓPOLIS | C15: ='222'!I56 -> 38.012738 | D15: ='222'!F53 -> 0 | E15: ='222'!G53 -> 20 | F15: ='222'!H53 -> 18.012738 | G15: ='222'!I53 -> 0 | H15: ='222'!J53 -> 38.012738 | I15: ='222'!K53 -> 0 | J15: ='222'!L53 -> 0 | K15: =IF(SUM(D15:G15)=0,"— não preenchido",IF(ROUND(SUM(D15:G15)-C15,3)=0,"OK","ERRO — dif. de "&ROUND(SUM(D15:G15)-C15,3)&" km")) -> OK
A16: 223 | B16: RODOVIA TO-484 - TRECHO FIGUEIRÓPOLIS - KM 64 (RIO FORMOSO) | C16: ='223'!I81 -> 63.874574 | D16: ='223'!F78 -> 0 | E16: ='223'!G78 -> 63.874574 | F16: ='223'!H78 -> 0 | G16: ='223'!I78 -> 0 | H16: ='223'!J78 -> 0 | I16: ='223'!K78 -> 63.874574 | J16: ='223'!L78 -> 0 | K16: =IF(SUM(D16:G16)=0,"— não preenchido",IF(ROUND(SUM(D16:G16)-C16,3)=0,"OK","ERRO — dif. de "&ROUND(SUM(D16:G16)-C16,3)&" km")) -> OK
B17: TOTAL PERCORRIDO NO MÊS | C17: =SUM(C6:C16) -> 541.9784 | D17: =SUM(D6:D16) -> 112.73775 | E17: =SUM(E6:E16) -> 178.2525 | F17: =SUM(F6:F16) -> 237.98815 | G17: =SUM(G6:G16) -> 13 | H17: =SUM(H6:H16) -> 238.60706 | I17: =SUM(I6:I16) -> 222.97457 | J17: =SUM(J6:J16) -> 80.396771
B18: % DA EXTENSÃO DA MALHA (541.98 km) | D18: =SUM(D17:G17)/541.98 -> 0.99999705 | H18: (soma do grupo 'CONDIÇÃO DA PLATAFORMA' dividida pela malha)

Sheet 207
A1: PROGRAMA DE MANUTENÇÃO RODOVIÁRIA — FICHA DE INSPEÇÃO — RODOVIAS NÃO PAVIMENTADAS | P1: Valores dos gráficos — troca 0 por N/D para a fatia não aparecer. Não editar.
A2: REGIÃO: 11 — GURUPI | D2: MÊS / ANO: | F2: 46235 | G2: DATA: | J2: TÉCNICO: | K2: ENG. THIAGO BORGES TORQUATO | P2: =IF(F80=0,NA(),F80) -> #N/A | Q2: =IF(G80=0,NA(),G80) -> 30 | R2: =IF(H80=0,NA(),H80) -> 35.901646 | S2: =IF(I80=0,NA(),I80) -> #N/A | T2: =IF(J80=0,NA(),J80) -> 30 | U2: =IF(K80=0,NA(),K80) -> 35.901646 | V2: =IF(L80=0,NA(),L80) -> #N/A
A3: TRECHO 207 — RODOVIA TO-181 - TRECHO ENTR. TO-255 - ENTR. TO-481 (CAPAO DO COCO) | K3: EXTENSÃO: 65,902 km · 1 S.R.E.
A4: COMO PREENCHER: uma X em UMA coluna de cada grupo, por linha. Se houver mais de um defeito no mesmo km, marque o PREDOMINANTE e escreva o resto em OBSERVAÇÕES. A quilometragem é contada de 0 até o fim de CADA S.R.E. (não é o marco da rodovia).
A6: S.R.E. | B6: SENT. | C6: INÍCIO (KM) | D6: FIM (KM) | E6: EXT. (KM) | F6: CONDIÇÃO DA PLATAFORMA | J6: DRENAGEM SUPERFICIAL | M6: OBSERVAÇÕES | N6: CONFERÊNCIA (só na tela)
F7: BOM | G7: REG. (ATÉ 10 IRR./KM) | H7: RUIM (+ 10 IRR./KM) | I7: PÉSSIMA (ATOLEIRO/PTO. CRÍTICO) | J7: LIMPA | K7: OBSTRUÍDA | L7: AUSENTE
A8: S.R.E. 181ETO0070 | ENTR. TO-255 - ENTR. TO-481 (CAPAO DO COCO) | LEN · Estadual · 65.902 km · início: -11.186191, -49.873813
A9: 181ETO0070 | B9: C | C9: 0 | D9: 1 | E9: =D9-C9 -> 1 | G9: X | J9: X | N9: =IF(COUNTA(F9:L9)=0,"— não preenchido",IF(COUNTIF(F9:I9,"X")<>1,"FALTA/DUPLA: CONDIÇÃO DA PLATAFORMA",IF(COUNTIF(J9:L9,"X")<>1,"FALTA/DUPLA: DRENAGEM SUPERFICIAL","OK"))) -> OK
A10: 181ETO0070 | B10: C | C10: 1 | D10: 2 | E10: =D10-C10 -> 1 | G10: X | J10: X | N10: =IF(COUNTA(F10:L10)=0,"— não preenchido",IF(COUNTIF(F10:I10,"X")<>1,"FALTA/DUPLA: CONDIÇÃO DA PLATAFORMA",IF(COUNTIF(J10:L10,"X")<>1,"FALTA/DUPLA: DRENAGEM SUPERFICIAL","OK"))) -> OK
A11: 181ETO0070 | B11: C | C11: 2 | D11: 3 | E11: =D11-C11 -> 1 | G11: X | J11: X | N11: =IF(COUNTA(F11:L11)=0,"— não preenchido",IF(COUNTIF(F11:I11,"X")<>1,"FALTA/DUPLA: CONDIÇÃO DA PLATAFORMA",IF(COUNTIF(J11:L11,"X")<>1,"FALTA/DUPLA: DRENAGEM SUPERFICIAL","OK"))) -> OK
A12: 181ETO0070 | B12: C | C12: 3 | D12: 4 | E12: =D12-C12 -> 1 | G12: X | J12: X | N12: =IF(COUNTA(F12:L12)=0,"— não preenchido",IF(COUNTIF(F12:I12,"X")<>1,"FALTA/DUPLA: CONDIÇÃO DA PLATAFORMA",IF(COUNTIF(J12:L12,"X")<>1,"FALTA/DUPLA: DRENAGEM SUPERFICIAL","OK"))) -> OK
A13: 181ETO0070 | B13: C | C13: 4 | D13: 5 | E13: =D13-C13 -> 1 | G13: X | J13: X | N13: =IF(COUNTA(F13:L13)=0,"— não preenchido",IF(COUNTIF(F13:I13,"X")<>1,"FALTA/DUPLA: CONDIÇÃO DA PLATAFORMA",IF(COUNTIF(J13:L13,"X")<>1,"FALTA/DUPLA: DRENAGEM SUPERFICIAL","OK"))) -> OK
A14: 181ETO0070 | B14: C | C14: 5 | D14: 6 | E14: =D14-C14 -> 1 | G14: X | J14: X | N14: =IF(COUNTA(F14:L14)=0,"— não preenchido",IF(COUNTIF(F14:I14,"X")<>1,"FALTA/DUPLA: CONDIÇÃO DA PLATAFORMA",IF(COUNTIF(J14:L14,"X")<>1,"FALTA/DUPLA: DRENAGEM SUPERFICIAL","OK"))) -> OK
A15: 181ETO0070 | B15: C | C15: 6 | D15: 7 | E15: =D15-C15 -> 1 | G15: X | J15: X | N15: =IF(COUNTA(F15:L15)=0,"— não preenchido",IF(COUNTIF(F15:I15,"X")<>1,"FALTA/DUPLA: CONDIÇÃO DA PLATAFORMA",IF(COUNTIF(J15:L15,"X")<>1,"FALTA/DUPLA: DRENAGEM SUPERFICIAL","OK"))) -> OK
A16: 181ETO0070 | B16: C | C16: 7 | D16: 8 | E16: =D16-C16 -> 1 | G16: X | J16: X | N16: =IF(COUNTA(F16:L16)=0,"— não preenchido",IF(COUNTIF(F16:I16,"X")<>1,"FALTA/DUPLA: CONDIÇÃO DA PLATAFORMA",IF(COUNTIF(J16:L16,"X")<>1,"FALTA/DUPLA: DRENAGEM SUPERFICIAL","OK"))) -> OK
A17: 181ETO0070 | B17: C | C17: 8 | D17: 9 | E17: =D17-C17 -> 1 | G17: X | J17: X | N17: =IF(COUNTA(F17:L17)=0,"— não preenchido",IF(COUNTIF(F17:I17,"X")<>1,"FALTA/DUPLA: CONDIÇÃO DA PLATAFORMA",IF(COUNTIF(J17:L17,"X")<>1,"FALTA/DUPLA: DRENAGEM SUPERFICIAL","OK"))) -> OK
A18: 181ETO0070 | B18: C | C18: 9 | D18: 10 | E18: =D18-C18 -> 1 | G18: X | J18: X | N18: =IF(COUNTA(F18:L18)=0,"— não preenchido",IF(COUNTIF(F18:I18,"X")<>1,"FALTA/DUPLA: CONDIÇÃO DA PLATAFORMA",IF(COUNTIF(J18:L18,"X")<>1,"FALTA/DUPLA: DRENAGEM SUPERFICIAL","OK"))) -> OK
A19: 181ETO0070 | B19: C | C19: 10 | D19: 11 | E19: =D19-C19 -> 1 | G19: X | J19: X | N19: =IF(COUNTA(F19:L19)=0,"— não preenchido",IF(COUNTIF(F19:I19,"X")<>1,"FALTA/DUPLA: CONDIÇÃO DA PLATAFORMA",IF(COUNTIF(J19:L19,"X")<>1,"FALTA/DUPLA: DRENAGEM SUPERFICIAL","OK"))) -> OK
A20: 181ETO0070 | B20: C | C20: 11 | D20: 12 | E20: =D20-C20 -> 1 | G20: X | J20: X | N20: =IF(COUNTA(F20:L20)=0,"— não preenchido",IF(COUNTIF(F20:I20,"X")<>1,"FALTA/DUPLA: CONDIÇÃO DA PLATAFORMA",IF(COUNTIF(J20:L20,"X")<>1,"FALTA/DUPLA: DRENAGEM SUPERFICIAL","OK"))) -> OK
... A38: 181ETO0070 | B38: C | C38: 29 | D38: 30 | E38: =D38-C38 -> 1 | G38: X | J38: X | N38: =IF(COUNTA(F38:L38)=0,"— não preenchido",IF(COUNTIF(F38:I38,"X")<>1,"FALTA/DUPLA: CONDIÇÃO DA PLATAFORMA",IF(COUNTIF(J38:L38,"X")<>1,"FALTA/DUPLA: DRENAGEM SUPERFICIAL","OK"))) -> OK
A39: 181ETO0070 | B39: C | C39: 30 | D39: 31 | E39: =D39-C39 -> 1 | H39: X | K39: X | N39: =IF(COUNTA(F39:L39)=0,"— não preenchido",IF(COUNTIF(F39:I39,"X")<>1,"FALTA/DUPLA: CONDIÇÃO DA PLATAFORMA",IF(COUNTIF(J39:L39,"X")<>1,"FALTA/DUPLA: DRENAGEM SUPERFICIAL","OK"))) -> OK
A40: 181ETO0070 | B40: C | C40: 31 | D40: 32 | E40: =D40-C40 -> 1 | H40: X | K40: X | N40: =IF(COUNTA(F40:L40)=0,"— não preenchido",IF(COUNTIF(F40:I40,"X")<>1,"FALTA/DUPLA: CONDIÇÃO DA PLATAFORMA",IF(COUNTIF(J40:L40,"X")<>1,"FALTA/DUPLA: DRENAGEM SUPERFICIAL","OK"))) -> OK
A41: 181ETO0070 | B41: C | C41: 32 | D41: 33 | E41: =D41-C41 -> 1 | H41: X | K41: X | N41: =IF(COUNTA(F41:L41)=0,"— não preenchido",IF(COUNTIF(F41:I41,"X")<>1,"FALTA/DUPLA: CONDIÇÃO DA PLATAFORMA",IF(COUNTIF(J41:L41,"X")<>1,"FALTA/DUPLA: DRENAGEM SUPERFICIAL","OK"))) -> OK
A42: 181ETO0070 | B42: C | C42: 33 | D42: 34 | E42: =D42-C42 -> 1 | H42: X | K42: X | N42: =IF(COUNTA(F42:L42)=0,"— não preenchido",IF(COUNTIF(F42:I42,"X")<>1,"FALTA/DUPLA: CONDIÇÃO DA PLATAFORMA",IF(COUNTIF(J42:L42,"X")<>1,"FALTA/DUPLA: DRENAGEM SUPERFICIAL","OK"))) -> OK
A43: 181ETO0070 | B43: C | C43: 34 | D43: 35 | E43: =D43-C43 -> 1 | H43: X | K43: X | N43: =IF(COUNTA(F43:L43)=0,"— não preenchido",IF(COUNTIF(F43:I43,"X")<>1,"FALTA/DUPLA: CONDIÇÃO DA PLATAFORMA",IF(COUNTIF(J43:L43,"X")<>1,"FALTA/DUPLA: DRENAGEM SUPERFICIAL","OK"))) -> OK
A44: 181ETO0070 | B44: C | C44: 35 | D44: 36 | E44: =D44-C44 -> 1 | H44: X | K44: X | N44: =IF(COUNTA(F44:L44)=0,"— não preenchido",IF(COUNTIF(F44:I44,"X")<>1,"FALTA/DUPLA: CONDIÇÃO DA PLATAFORMA",IF(COUNTIF(J44:L44,"X")<>1,"FALTA/DUPLA: DRENAGEM SUPERFICIAL","OK"))) -> OK
A45: 181ETO0070 | B45: C | C45: 36 | D45: 37 | E45: =D45-C45 -> 1 | H45: X | K45: X | N45: =IF(COUNTA(F45:L45)=0,"— não preenchido",IF(COUNTIF(F45:I45,"X")<>1,"FALTA/DUPLA: CONDIÇÃO DA PLATAFORMA",IF(COUNTIF(J45:L45,"X")<>1,"FALTA/DUPLA: DRENAGEM SUPERFICIAL","OK"))) -> OK
A46: 181ETO0070 | B46: C | C46: 37 | D46: 38 | E46: =D46-C46 -> 1 | H46: X | K46: X | N46: =IF(COUNTA(F46:L46)=0,"— não preenchido",IF(COUNTIF(F46:I46,"X")<>1,"FALTA/DUPLA: CONDIÇÃO DA PLATAFORMA",IF(COUNTIF(J46:L46,"X")<>1,"FALTA/DUPLA: DRENAGEM SUPERFICIAL","OK"))) -> OK
A47: 181ETO0070 | B47: C | C47: 38 | D47: 39 | E47: =D47-C47 -> 1 | H47: X | K47: X | N47: =IF(COUNTA(F47:L47)=0,"— não preenchido",IF(COUNTIF(F47:I47,"X")<>1,"FALTA/DUPLA: CONDIÇÃO DA PLATAFORMA",IF(COUNTIF(J47:L47,"X")<>1,"FALTA/DUPLA: DRENAGEM SUPERFICIAL","OK"))) -> OK
A48: 181ETO0070 | B48: C | C48: 39 | D48: 40 | E48: =D48-C48 -> 1 | H48: X | K48: X | N48: =IF(COUNTA(F48:L48)=0,"— não preenchido",IF(COUNTIF(F48:I48,"X")<>1,"FALTA/DUPLA: CONDIÇÃO DA PLATAFORMA",IF(COUNTIF(J48:L48,"X")<>1,"FALTA/DUPLA: DRENAGEM SUPERFICIAL","OK"))) -> OK
A49: 181ETO0070 | B49: C | C49: 40 | D49: 41 | E49: =D49-C49 -> 1 | H49: X | K49: X | N49: =IF(COUNTA(F49:L49)=0,"— não preenchido",IF(COUNTIF(F49:I49,"X")<>1,"FALTA/DUPLA: CONDIÇÃO DA PLATAFORMA",IF(COUNTIF(J49:L49,"X")<>1,"FALTA/DUPLA: DRENAGEM SUPERFICIAL","OK"))) -> OK
A50: 181ETO0070 | B50: C | C50: 41 | D50: 42 | E50: =D50-C50 -> 1 | H50: X | K50: X | N50: =IF(COUNTA(F50:L50)=0,"— não preenchido",IF(COUNTIF(F50:I50,"X")<>1,"FALTA/DUPLA: CONDIÇÃO DA PLATAFORMA",IF(COUNTIF(J50:L50,"X")<>1,"FALTA/DUPLA: DRENAGEM SUPERFICIAL","OK"))) -> OK
... A74: 181ETO0070 | B74: C | C74: 65 | D74: 65.901646 | E74: =D74-C74 -> 0.90164623 | H74: X | K74: X | N74: =IF(COUNTA(F74:L74)=0,"— não preenchido",IF(COUNTIF(F74:I74,"X")<>1,"FALTA/DUPLA: CONDIÇÃO DA PLATAFORMA",IF(COUNTIF(J74:L74,"X")<>1,"FALTA/DUPLA: DRENAGEM SUPERFICIAL","OK"))) -> OK
A76: ____________________________________________ | G76: ____________________________________________
A77: TÉCNICO RESPONSÁVEL PELA INSPEÇÃO | G77: VISTO DA SUPERVISÃO
A79: RESUMO DO TRECHO — KM LANÇADO POR ITEM
A80: KM LANÇADO | F80: =SUMIF(F$9:F$74,"X",$E$9:$E$74) -> 0 | G80: =SUMIF(G$9:G$74,"X",$E$9:$E$74) -> 30 | H80: =SUMIF(H$9:H$74,"X",$E$9:$E$74) -> 35.901646 | I80: =SUMIF(I$9:I$74,"X",$E$9:$E$74) -> 0 | J80: =SUMIF(J$9:J$74,"X",$E$9:$E$74) -> 30 | K80: =SUMIF(K$9:K$74,"X",$E$9:$E$74) -> 35.901646 | L80: =SUMIF(L$9:L$74,"X",$E$9:$E$74) -> 0
A81: % DA EXTENSÃO | F81: =IF($I83=0,0,F80/$I83) -> 0 | G81: =IF($I83=0,0,G80/$I83) -> 0.45522383 | H81: =IF($I83=0,0,H80/$I83) -> 0.54477617 | I81: =IF($I83=0,0,I80/$I83) -> 0 | J81: =IF($I83=0,0,J80/$I83) -> 0.45522383 | K81: =IF($I83=0,0,K80/$I83) -> 0.54477617 | L81: =IF($I83=0,0,L80/$I83) -> 0
A82: CONFERÊNCIA POR GRUPO | F82: =IF(SUM(F80:I80)=0,"— não preenchido",IF(ROUND(SUM(F80:I80)-$I83,3)=0,"OK — "&ROUND(SUM(F80:I80),3)&" km","ERRO — dif. de "&ROUND(SUM(F80:I80)-$I83,3)&" km")) -> OK — 65,902 km | J82: =IF(SUM(J80:L80)=0,"— não preenchido",IF(ROUND(SUM(J80:L80)-$I83,3)=0,"OK — "&ROUND(SUM(J80:L80),3)&" km","ERRO — dif. de "&ROUND(SUM(J80:L80)-$I83,3)&" km")) -> OK — 65,902 km
A83: EXTENSÃO TOTAL DO TRECHO | I83: =SUM(E9:E74) -> 65.901646 | M83: =COUNTIF(N9:N74,"OK")&" de "&COUNT($E$9:$E$74)&" linhas conferidas" -> 66 de 66 linhas conferidas
A85: LEGENDA
A86: REGULAR | E86: Até 10 irregularidades por km
A87: RUIM | E87: Mais de 10 irregularidades por km
A88: PÉSSIMA | E88: Atoleiro ou ponto crítico
A89: SIT. | E89: LEN = leito natural · EOP = em obras de pavimentação
A90: FAIXA AZUL | E90: Cabeçalho de cada S.R.E.: descrição, situação, jurisdição, extensão e coordenada de início.
A91: INÍCIO / FIM (KM) | E91: Contados de 0 até o fim de CADA S.R.E. Não é o marco quilométrico da rodovia.
A92: SENT. | E92: C = crescente · D = decrescente
A93: FAIXA CINZA | E93: Segmento fora do escopo do contrato: você passa por ele, mas não preenche.
A94: CÉLULA VERMELHA | E94: Mais de uma X no mesmo grupo. Apague uma delas.
A95: CONFERÊNCIA | E95: Só na tela, não sai impresso. Fica OK com uma X em cada grupo.

Sheet 208
A1: PROGRAMA DE MANUTENÇÃO RODOVIÁRIA — FICHA DE INSPEÇÃO — RODOVIAS NÃO PAVIMENTADAS | P1: Valores dos gráficos — troca 0 por N/D para a fatia não aparecer. Não editar.
A2: REGIÃO: 11 — GURUPI | D2: MÊS / ANO: | F2: 46235 | G2: DATA: | J2: TÉCNICO: | K2: ENG. THIAGO BORGES TORQUATO | P2: =IF(F56=0,NA(),F56) -> 41.632983 | Q2: =IF(G56=0,NA(),G56) -> #N/A | R2: =IF(H56=0,NA(),H56) -> #N/A | S2: =IF(I56=0,NA(),I56) -> #N/A | T2: =IF(J56=0,NA(),J56) -> #N/A | U2: =IF(K56=0,NA(),K56) -> #N/A | V2: =IF(L56=0,NA(),L56) -> 41.632983
A3: TRECHO 208 — RODOVIA TO-181 - TRECHO ENTR. TO-481 (CAPAO DO COCO) - FAZENDA COBRAPE | K3: EXTENSÃO: 41,633 km · 1 S.R.E.
A4: COMO PREENCHER: uma X em UMA coluna de cada grupo, por linha. Se houver mais de um defeito no mesmo km, marque o PREDOMINANTE e escreva o resto em OBSERVAÇÕES. A quilometragem é contada de 0 até o fim de CADA S.R.E. (não é o marco da rodovia).
A6: S.R.E. | B6: SENT. | C6: INÍCIO (KM) | D6: FIM (KM) | E6: EXT. (KM) | F6: CONDIÇÃO DA PLATAFORMA | J6: DRENAGEM SUPERFICIAL | M6: OBSERVAÇÕES | N6: CONFERÊNCIA (só na tela)
F7: BOM | G7: REG. (ATÉ 10 IRR./KM) | H7: RUIM (+ 10 IRR./KM) | I7: PÉSSIMA (ATOLEIRO/PTO. CRÍTICO) | J7: LIMPA | K7: OBSTRUÍDA | L7: AUSENTE
A8: S.R.E. 181ETO0090 | ENTR. TO-481 (CAPAO DO COCO) - INICIO PAVIMENTAÇÃO (FAZ. COBRAPE) | LEN · Estadual · 41.633 km · início: -11.186191, -49.873813
A9: 181ETO0090 | B9: C | C9: 0 | D9: 1 | E9: =D9-C9 -> 1 | F9: X | L9: X | N9: =IF(COUNTA(F9:L9)=0,"— não preenchido",IF(COUNTIF(F9:I9,"X")<>1,"FALTA/DUPLA: CONDIÇÃO DA PLATAFORMA",IF(COUNTIF(J9:L9,"X")<>1,"FALTA/DUPLA: DRENAGEM SUPERFICIAL","OK"))) -> OK
A10: 181ETO0090 | B10: C | C10: 1 | D10: 2 | E10: =D10-C10 -> 1 | F10: X | L10: X | N10: =IF(COUNTA(F10:L10)=0,"— não preenchido",IF(COUNTIF(F10:I10,"X")<>1,"FALTA/DUPLA: CONDIÇÃO DA PLATAFORMA",IF(COUNTIF(J10:L10,"X")<>1,"FALTA/DUPLA: DRENAGEM SUPERFICIAL","OK"))) -> OK
A11: 181ETO0090 | B11: C | C11: 2 | D11: 3 | E11: =D11-C11 -> 1 | F11: X | L11: X | N11: =IF(COUNTA(F11:L11)=0,"— não preenchido",IF(COUNTIF(F11:I11,"X")<>1,"FALTA/DUPLA: CONDIÇÃO DA PLATAFORMA",IF(COUNTIF(J11:L11,"X")<>1,"FALTA/DUPLA: DRENAGEM SUPERFICIAL","OK"))) -> OK
A12: 181ETO0090 | B12: C | C12: 3 | D12: 4 | E12: =D12-C12 -> 1 | F12: X | L12: X | N12: =IF(COUNTA(F12:L12)=0,"— não preenchido",IF(COUNTIF(F12:I12,"X")<>1,"FALTA/DUPLA: CONDIÇÃO DA PLATAFORMA",IF(COUNTIF(J12:L12,"X")<>1,"FALTA/DUPLA: DRENAGEM SUPERFICIAL","OK"))) -> OK
A13: 181ETO0090 | B13: C | C13: 4 | D13: 5 | E13: =D13-C13 -> 1 | F13: X | L13: X | N13: =IF(COUNTA(F13:L13)=0,"— não preenchido",IF(COUNTIF(F13:I13,"X")<>1,"FALTA/DUPLA: CONDIÇÃO DA PLATAFORMA",IF(COUNTIF(J13:L13,"X")<>1,"FALTA/DUPLA: DRENAGEM SUPERFICIAL","OK"))) -> OK
A14: 181ETO0090 | B14: C | C14: 5 | D14: 6 | E14: =D14-C14 -> 1 | F14: X | L14: X | N14: =IF(COUNTA(F14:L14)=0,"— não preenchido",IF(COUNTIF(F14:I14,"X")<>1,"FALTA/DUPLA: CONDIÇÃO DA PLATAFORMA",IF(COUNTIF(J14:L14,"X")<>1,"FALTA/DUPLA: DRENAGEM SUPERFICIAL","OK"))) -> OK
A15: 181ETO0090 | B15: C | C15: 6 | D15: 7 | E15: =D15-C15 -> 1 | F15: X | L15: X | N15: =IF(COUNTA(F15:L15)=0,"— não preenchido",IF(COUNTIF(F15:I15,"X")<>1,"FALTA/DUPLA: CONDIÇÃO DA PLATAFORMA",IF(COUNTIF(J15:L15,"X")<>1,"FALTA/DUPLA: DRENAGEM SUPERFICIAL","OK"))) -> OK
A16: 181ETO0090 | B16: C | C16: 7 | D16: 8 | E16: =D16-C16 -> 1 | F16: X | L16: X | N16: =IF(COUNTA(F16:L16)=0,"— não preenchido",IF(COUNTIF(F16:I16,"X")<>1,"FALTA/DUPLA: CONDIÇÃO DA PLATAFORMA",IF(COUNTIF(J16:L16,"X")<>1,"FALTA/DUPLA: DRENAGEM SUPERFICIAL","OK"))) -> OK
A17: 181ETO0090 | B17: C | C17: 8 | D17: 9 | E17: =D17-C17 -> 1 | F17: X | L17: X | N17: =IF(COUNTA(F17:L17)=0,"— não preenchido",IF(COUNTIF(F17:I17,"X")<>1,"FALTA/DUPLA: CONDIÇÃO DA PLATAFORMA",IF(COUNTIF(J17:L17,"X")<>1,"FALTA/DUPLA: DRENAGEM SUPERFICIAL","OK"))) -> OK
A18: 181ETO0090 | B18: C | C18: 9 | D18: 10 | E18: =D18-C18 -> 1 | F18: X | L18: X | N18: =IF(COUNTA(F18:L18)=0,"— não preenchido",IF(COUNTIF(F18:I18,"X")<>1,"FALTA/DUPLA: CONDIÇÃO DA PLATAFORMA",IF(COUNTIF(J18:L18,"X")<>1,"FALTA/DUPLA: DRENAGEM SUPERFICIAL","OK"))) -> OK
A19: 181ETO0090 | B19: C | C19: 10 | D19: 11 | E19: =D19-C19 -> 1 | F19: X | L19: X | N19: =IF(COUNTA(F19:L19)=0,"— não preenchido",IF(COUNTIF(F19:I19,"X")<>1,"FALTA/DUPLA: CONDIÇÃO DA PLATAFORMA",IF(COUNTIF(J19:L19,"X")<>1,"FALTA/DUPLA: DRENAGEM SUPERFICIAL","OK"))) -> OK
A20: 181ETO0090 | B20: C | C20: 11 | D20: 12 | E20: =D20-C20 -> 1 | F20: X | L20: X | N20: =IF(COUNTA(F20:L20)=0,"— não preenchido",IF(COUNTIF(F20:I20,"X")<>1,"FALTA/DUPLA: CONDIÇÃO DA PLATAFORMA",IF(COUNTIF(J20:L20,"X")<>1,"FALTA/DUPLA: DRENAGEM SUPERFICIAL","OK"))) -> OK
... A50: 181ETO0090 | B50: C | C50: 41 | D50: 41.632983 | E50: =D50-C50 -> 0.63298326 | F50: X | L50: X | N50: =IF(COUNTA(F50:L50)=0,"— não preenchido",IF(COUNTIF(F50:I50,"X")<>1,"FALTA/DUPLA: CONDIÇÃO DA PLATAFORMA",IF(COUNTIF(J50:L50,"X")<>1,"FALTA/DUPLA: DRENAGEM SUPERFICIAL","OK"))) -> OK
A52: ____________________________________________ | G52: ____________________________________________
A53: TÉCNICO RESPONSÁVEL PELA INSPEÇÃO | G53: VISTO DA SUPERVISÃO
A55: RESUMO DO TRECHO — KM LANÇADO POR ITEM
A56: KM LANÇADO | F56: =SUMIF(F$9:F$50,"X",$E$9:$E$50) -> 41.632983 | G56: =SUMIF(G$9:G$50,"X",$E$9:$E$50) -> 0 | H56: =SUMIF(H$9:H$50,"X",$E$9:$E$50) -> 0 | I56: =SUMIF(I$9:I$50,"X",$E$9:$E$50) -> 0 | J56: =SUMIF(J$9:J$50,"X",$E$9:$E$50) -> 0 | K56: =SUMIF(K$9:K$50,"X",$E$9:$E$50) -> 0 | L56: =SUMIF(L$9:L$50,"X",$E$9:$E$50) -> 41.632983
A57: % DA EXTENSÃO | F57: =IF($I59=0,0,F56/$I59) -> 1 | G57: =IF($I59=0,0,G56/$I59) -> 0 | H57: =IF($I59=0,0,H56/$I59) -> 0 | I57: =IF($I59=0,0,I56/$I59) -> 0 | J57: =IF($I59=0,0,J56/$I59) -> 0 | K57: =IF($I59=0,0,K56/$I59) -> 0 | L57: =IF($I59=0,0,L56/$I59) -> 1
A58: CONFERÊNCIA POR GRUPO | F58: =IF(SUM(F56:I56)=0,"— não preenchido",IF(ROUND(SUM(F56:I56)-$I59,3)=0,"OK — "&ROUND(SUM(F56:I56),3)&" km","ERRO — dif. de "&ROUND(SUM(F56:I56)-$I59,3)&" km")) -> OK — 41,633 km | J58: =IF(SUM(J56:L56)=0,"— não preenchido",IF(ROUND(SUM(J56:L56)-$I59,3)=0,"OK — "&ROUND(SUM(J56:L56),3)&" km","ERRO — dif. de "&ROUND(SUM(J56:L56)-$I59,3)&" km")) -> OK — 41,633 km
A59: EXTENSÃO TOTAL DO TRECHO | I59: =SUM(E9:E50) -> 41.632983 | M59: =COUNTIF(N9:N50,"OK")&" de "&COUNT($E$9:$E$50)&" linhas conferidas" -> 42 de 42 linhas conferidas
A61: LEGENDA
A62: REGULAR | E62: Até 10 irregularidades por km
A63: RUIM | E63: Mais de 10 irregularidades por km
A64: PÉSSIMA | E64: Atoleiro ou ponto crítico
A65: SIT. | E65: LEN = leito natural · EOP = em obras de pavimentação
A66: FAIXA AZUL | E66: Cabeçalho de cada S.R.E.: descrição, situação, jurisdição, extensão e coordenada de início.
A67: INÍCIO / FIM (KM) | E67: Contados de 0 até o fim de CADA S.R.E. Não é o marco quilométrico da rodovia.
A68: SENT. | E68: C = crescente · D = decrescente
A69: FAIXA CINZA | E69: Segmento fora do escopo do contrato: você passa por ele, mas não preenche.
A70: CÉLULA VERMELHA | E70: Mais de uma X no mesmo grupo. Apague uma delas.
A71: CONFERÊNCIA | E71: Só na tela, não sai impresso. Fica OK com uma X em cada grupo.

Sheet 211
A1: PROGRAMA DE MANUTENÇÃO RODOVIÁRIA — FICHA DE INSPEÇÃO — RODOVIAS NÃO PAVIMENTADAS | P1: Valores dos gráficos — troca 0 por N/D para a fatia não aparecer. Não editar.
A2: REGIÃO: 11 — GURUPI | D2: MÊS / ANO: | F2: 46235 | G2: DATA: | J2: TÉCNICO: | K2: ENG. THIAGO BORGES TORQUATO | P2: =IF(F56=0,NA(),F56) -> #N/A | Q2: =IF(G56=0,NA(),G56) -> 30 | R2: =IF(H56=0,NA(),H56) -> 11.818855 | S2: =IF(I56=0,NA(),I56) -> #N/A | T2: =IF(J56=0,NA(),J56) -> #N/A | U2: =IF(K56=0,NA(),K56) -> 41.818855 | V2: =IF(L56=0,NA(),L56) -> #N/A
A3: TRECHO 211 — RODOVIA TO-181 - TRECHO FUNDAÇÃO BRADESCO - ENTR. TO-070 | K3: EXTENSÃO: 41,819 km · 1 S.R.E.
A4: COMO PREENCHER: uma X em UMA coluna de cada grupo, por linha. Se houver mais de um defeito no mesmo km, marque o PREDOMINANTE e escreva o resto em OBSERVAÇÕES. A quilometragem é contada de 0 até o fim de CADA S.R.E. (não é o marco da rodovia).
A6: S.R.E. | B6: SENT. | C6: INÍCIO (KM) | D6: FIM (KM) | E6: EXT. (KM) | F6: CONDIÇÃO DA PLATAFORMA | J6: DRENAGEM SUPERFICIAL | M6: OBSERVAÇÕES | N6: CONFERÊNCIA (só na tela)
F7: BOM | G7: REG. (ATÉ 10 IRR./KM) | H7: RUIM (+ 10 IRR./KM) | I7: PÉSSIMA (ATOLEIRO/PTO. CRÍTICO) | J7: LIMPA | K7: OBSTRUÍDA | L7: AUSENTE
A8: S.R.E. 181ETO0150 | FIM PAVIMENTAÇÃO - ENTR. TO-070 | LEN · Estadual · 41.819 km · início: -11.979505, -49.896445
A9: 181ETO0150 | B9: C | C9: 0 | D9: 1 | E9: =D9-C9 -> 1 | G9: X | K9: X | N9: =IF(COUNTA(F9:L9)=0,"— não preenchido",IF(COUNTIF(F9:I9,"X")<>1,"FALTA/DUPLA: CONDIÇÃO DA PLATAFORMA",IF(COUNTIF(J9:L9,"X")<>1,"FALTA/DUPLA: DRENAGEM SUPERFICIAL","OK"))) -> OK
A10: 181ETO0150 | B10: C | C10: 1 | D10: 2 | E10: =D10-C10 -> 1 | G10: X | K10: X | N10: =IF(COUNTA(F10:L10)=0,"— não preenchido",IF(COUNTIF(F10:I10,"X")<>1,"FALTA/DUPLA: CONDIÇÃO DA PLATAFORMA",IF(COUNTIF(J10:L10,"X")<>1,"FALTA/DUPLA: DRENAGEM SUPERFICIAL","OK"))) -> OK
A11: 181ETO0150 | B11: C | C11: 2 | D11: 3 | E11: =D11-C11 -> 1 | G11: X | K11: X | N11: =IF(COUNTA(F11:L11)=0,"— não preenchido",IF(COUNTIF(F11:I11,"X")<>1,"FALTA/DUPLA: CONDIÇÃO DA PLATAFORMA",IF(COUNTIF(J11:L11,"X")<>1,"FALTA/DUPLA: DRENAGEM SUPERFICIAL","OK"))) -> OK
A12: 181ETO0150 | B12: C | C12: 3 | D12: 4 | E12: =D12-C12 -> 1 | G12: X | K12: X | N12: =IF(COUNTA(F12:L12)=0,"— não preenchido",IF(COUNTIF(F12:I12,"X")<>1,"FALTA/DUPLA: CONDIÇÃO DA PLATAFORMA",IF(COUNTIF(J12:L12,"X")<>1,"FALTA/DUPLA: DRENAGEM SUPERFICIAL","OK"))) -> OK
A13: 181ETO0150 | B13: C | C13: 4 | D13: 5 | E13: =D13-C13 -> 1 | G13: X | K13: X | N13: =IF(COUNTA(F13:L13)=0,"— não preenchido",IF(COUNTIF(F13:I13,"X")<>1,"FALTA/DUPLA: CONDIÇÃO DA PLATAFORMA",IF(COUNTIF(J13:L13,"X")<>1,"FALTA/DUPLA: DRENAGEM SUPERFICIAL","OK"))) -> OK
A14: 181ETO0150 | B14: C | C14: 5 | D14: 6 | E14: =D14-C14 -> 1 | G14: X | K14: X | N14: =IF(COUNTA(F14:L14)=0,"— não preenchido",IF(COUNTIF(F14:I14,"X")<>1,"FALTA/DUPLA: CONDIÇÃO DA PLATAFORMA",IF(COUNTIF(J14:L14,"X")<>1,"FALTA/DUPLA: DRENAGEM SUPERFICIAL","OK"))) -> OK
A15: 181ETO0150 | B15: C | C15: 6 | D15: 7 | E15: =D15-C15 -> 1 | G15: X | K15: X | N15: =IF(COUNTA(F15:L15)=0,"— não preenchido",IF(COUNTIF(F15:I15,"X")<>1,"FALTA/DUPLA: CONDIÇÃO DA PLATAFORMA",IF(COUNTIF(J15:L15,"X")<>1,"FALTA/DUPLA: DRENAGEM SUPERFICIAL","OK"))) -> OK
A16: 181ETO0150 | B16: C | C16: 7 | D16: 8 | E16: =D16-C16 -> 1 | G16: X | K16: X | N16: =IF(COUNTA(F16:L16)=0,"— não preenchido",IF(COUNTIF(F16:I16,"X")<>1,"FALTA/DUPLA: CONDIÇÃO DA PLATAFORMA",IF(COUNTIF(J16:L16,"X")<>1,"FALTA/DUPLA: DRENAGEM SUPERFICIAL","OK"))) -> OK
A17: 181ETO0150 | B17: C | C17: 8 | D17: 9 | E17: =D17-C17 -> 1 | G17: X | K17: X | N17: =IF(COUNTA(F17:L17)=0,"— não preenchido",IF(COUNTIF(F17:I17,"X")<>1,"FALTA/DUPLA: CONDIÇÃO DA PLATAFORMA",IF(COUNTIF(J17:L17,"X")<>1,"FALTA/DUPLA: DRENAGEM SUPERFICIAL","OK"))) -> OK
A18: 181ETO0150 | B18: C | C18: 9 | D18: 10 | E18: =D18-C18 -> 1 | G18: X | K18: X | N18: =IF(COUNTA(F18:L18)=0,"— não preenchido",IF(COUNTIF(F18:I18,"X")<>1,"FALTA/DUPLA: CONDIÇÃO DA PLATAFORMA",IF(COUNTIF(J18:L18,"X")<>1,"FALTA/DUPLA: DRENAGEM SUPERFICIAL","OK"))) -> OK
A19: 181ETO0150 | B19: C | C19: 10 | D19: 11 | E19: =D19-C19 -> 1 | G19: X | K19: X | N19: =IF(COUNTA(F19:L19)=0,"— não preenchido",IF(COUNTIF(F19:I19,"X")<>1,"FALTA/DUPLA: CONDIÇÃO DA PLATAFORMA",IF(COUNTIF(J19:L19,"X")<>1,"FALTA/DUPLA: DRENAGEM SUPERFICIAL","OK"))) -> OK
A20: 181ETO0150 | B20: C | C20: 11 | D20: 12 | E20: =D20-C20 -> 1 | G20: X | K20: X | N20: =IF(COUNTA(F20:L20)=0,"— não preenchido",IF(COUNTIF(F20:I20,"X")<>1,"FALTA/DUPLA: CONDIÇÃO DA PLATAFORMA",IF(COUNTIF(J20:L20,"X")<>1,"FALTA/DUPLA: DRENAGEM SUPERFICIAL","OK"))) -> OK
... A38: 181ETO0150 | B38: C | C38: 29 | D38: 30 | E38: =D38-C38 -> 1 | G38: X | K38: X | N38: =IF(COUNTA(F38:L38)=0,"— não preenchido",IF(COUNTIF(F38:I38,"X")<>1,"FALTA/DUPLA: CONDIÇÃO DA PLATAFORMA",IF(COUNTIF(J38:L38,"X")<>1,"FALTA/DUPLA: DRENAGEM SUPERFICIAL","OK"))) -> OK
A39: 181ETO0150 | B39: C | C39: 30 | D39: 31 | E39: =D39-C39 -> 1 | H39: X | K39: X | N39: =IF(COUNTA(F39:L39)=0,"— não preenchido",IF(COUNTIF(F39:I39,"X")<>1,"FALTA/DUPLA: CONDIÇÃO DA PLATAFORMA",IF(COUNTIF(J39:L39,"X")<>1,"FALTA/DUPLA: DRENAGEM SUPERFICIAL","OK"))) -> OK
A40: 181ETO0150 | B40: C | C40: 31 | D40: 32 | E40: =D40-C40 -> 1 | H40: X | K40: X | N40: =IF(COUNTA(F40:L40)=0,"— não preenchido",IF(COUNTIF(F40:I40,"X")<>1,"FALTA/DUPLA: CONDIÇÃO DA PLATAFORMA",IF(COUNTIF(J40:L40,"X")<>1,"FALTA/DUPLA: DRENAGEM SUPERFICIAL","OK"))) -> OK
A41: 181ETO0150 | B41: C | C41: 32 | D41: 33 | E41: =D41-C41 -> 1 | H41: X | K41: X | N41: =IF(COUNTA(F41:L41)=0,"— não preenchido",IF(COUNTIF(F41:I41,"X")<>1,"FALTA/DUPLA: CONDIÇÃO DA PLATAFORMA",IF(COUNTIF(J41:L41,"X")<>1,"FALTA/DUPLA: DRENAGEM SUPERFICIAL","OK"))) -> OK
A42: 181ETO0150 | B42: C | C42: 33 | D42: 34 | E42: =D42-C42 -> 1 | H42: X | K42: X | N42: =IF(COUNTA(F42:L42)=0,"— não preenchido",IF(COUNTIF(F42:I42,"X")<>1,"FALTA/DUPLA: CONDIÇÃO DA PLATAFORMA",IF(COUNTIF(J42:L42,"X")<>1,"FALTA/DUPLA: DRENAGEM SUPERFICIAL","OK"))) -> OK
A43: 181ETO0150 | B43: C | C43: 34 | D43: 35 | E43: =D43-C43 -> 1 | H43: X | K43: X | N43: =IF(COUNTA(F43:L43)=0,"— não preenchido",IF(COUNTIF(F43:I43,"X")<>1,"FALTA/DUPLA: CONDIÇÃO DA PLATAFORMA",IF(COUNTIF(J43:L43,"X")<>1,"FALTA/DUPLA: DRENAGEM SUPERFICIAL","OK"))) -> OK
A44: 181ETO0150 | B44: C | C44: 35 | D44: 36 | E44: =D44-C44 -> 1 | H44: X | K44: X | N44: =IF(COUNTA(F44:L44)=0,"— não preenchido",IF(COUNTIF(F44:I44,"X")<>1,"FALTA/DUPLA: CONDIÇÃO DA PLATAFORMA",IF(COUNTIF(J44:L44,"X")<>1,"FALTA/DUPLA: DRENAGEM SUPERFICIAL","OK"))) -> OK
A45: 181ETO0150 | B45: C | C45: 36 | D45: 37 | E45: =D45-C45 -> 1 | H45: X | K45: X | N45: =IF(COUNTA(F45:L45)=0,"— não preenchido",IF(COUNTIF(F45:I45,"X")<>1,"FALTA/DUPLA: CONDIÇÃO DA PLATAFORMA",IF(COUNTIF(J45:L45,"X")<>1,"FALTA/DUPLA: DRENAGEM SUPERFICIAL","OK"))) -> OK
A46: 181ETO0150 | B46: C | C46: 37 | D46: 38 | E46: =D46-C46 -> 1 | H46: X | K46: X | N46: =IF(COUNTA(F46:L46)=0,"— não preenchido",IF(COUNTIF(F46:I46,"X")<>1,"FALTA/DUPLA: CONDIÇÃO DA PLATAFORMA",IF(COUNTIF(J46:L46,"X")<>1,"FALTA/DUPLA: DRENAGEM SUPERFICIAL","OK"))) -> OK
A47: 181ETO0150 | B47: C | C47: 38 | D47: 39 | E47: =D47-C47 -> 1 | H47: X | K47: X | N47: =IF(COUNTA(F47:L47)=0,"— não preenchido",IF(COUNTIF(F47:I47,"X")<>1,"FALTA/DUPLA: CONDIÇÃO DA PLATAFORMA",IF(COUNTIF(J47:L47,"X")<>1,"FALTA/DUPLA: DRENAGEM SUPERFICIAL","OK"))) -> OK
A48: 181ETO0150 | B48: C | C48: 39 | D48: 40 | E48: =D48-C48 -> 1 | H48: X | K48: X | N48: =IF(COUNTA(F48:L48)=0,"— não preenchido",IF(COUNTIF(F48:I48,"X")<>1,"FALTA/DUPLA: CONDIÇÃO DA PLATAFORMA",IF(COUNTIF(J48:L48,"X")<>1,"FALTA/DUPLA: DRENAGEM SUPERFICIAL","OK"))) -> OK
A49: 181ETO0150 | B49: C | C49: 40 | D49: 41 | E49: =D49-C49 -> 1 | H49: X | K49: X | N49: =IF(COUNTA(F49:L49)=0,"— não preenchido",IF(COUNTIF(F49:I49,"X")<>1,"FALTA/DUPLA: CONDIÇÃO DA PLATAFORMA",IF(COUNTIF(J49:L49,"X")<>1,"FALTA/DUPLA: DRENAGEM SUPERFICIAL","OK"))) -> OK
A50: 181ETO0150 | B50: C | C50: 41 | D50: 41.818855 | E50: =D50-C50 -> 0.8188554 | H50: X | K50: X | N50: =IF(COUNTA(F50:L50)=0,"— não preenchido",IF(COUNTIF(F50:I50,"X")<>1,"FALTA/DUPLA: CONDIÇÃO DA PLATAFORMA",IF(COUNTIF(J50:L50,"X")<>1,"FALTA/DUPLA: DRENAGEM SUPERFICIAL","OK"))) -> OK
A52: ____________________________________________ | G52: ____________________________________________
A53: TÉCNICO RESPONSÁVEL PELA INSPEÇÃO | G53: VISTO DA SUPERVISÃO
A55: RESUMO DO TRECHO — KM LANÇADO POR ITEM
A56: KM LANÇADO | F56: =SUMIF(F$9:F$50,"X",$E$9:$E$50) -> 0 | G56: =SUMIF(G$9:G$50,"X",$E$9:$E$50) -> 30 | H56: =SUMIF(H$9:H$50,"X",$E$9:$E$50) -> 11.818855 | I56: =SUMIF(I$9:I$50,"X",$E$9:$E$50) -> 0 | J56: =SUMIF(J$9:J$50,"X",$E$9:$E$50) -> 0 | K56: =SUMIF(K$9:K$50,"X",$E$9:$E$50) -> 41.818855 | L56: =SUMIF(L$9:L$50,"X",$E$9:$E$50) -> 0
A57: % DA EXTENSÃO | F57: =IF($I59=0,0,F56/$I59) -> 0 | G57: =IF($I59=0,0,G56/$I59) -> 0.71737975 | H57: =IF($I59=0,0,H56/$I59) -> 0.28262025 | I57: =IF($I59=0,0,I56/$I59) -> 0 | J57: =IF($I59=0,0,J56/$I59) -> 0 | K57: =IF($I59=0,0,K56/$I59) -> 1 | L57: =IF($I59=0,0,L56/$I59) -> 0
A58: CONFERÊNCIA POR GRUPO | F58: =IF(SUM(F56:I56)=0,"— não preenchido",IF(ROUND(SUM(F56:I56)-$I59,3)=0,"OK — "&ROUND(SUM(F56:I56),3)&" km","ERRO — dif. de "&ROUND(SUM(F56:I56)-$I59,3)&" km")) -> OK — 41,819 km | J58: =IF(SUM(J56:L56)=0,"— não preenchido",IF(ROUND(SUM(J56:L56)-$I59,3)=0,"OK — "&ROUND(SUM(J56:L56),3)&" km","ERRO — dif. de "&ROUND(SUM(J56:L56)-$I59,3)&" km")) -> OK — 41,819 km
A59: EXTENSÃO TOTAL DO TRECHO | I59: =SUM(E9:E50) -> 41.818855 | M59: =COUNTIF(N9:N50,"OK")&" de "&COUNT($E$9:$E$50)&" linhas conferidas" -> 42 de 42 linhas conferidas
A61: LEGENDA
A62: REGULAR | E62: Até 10 irregularidades por km
A63: RUIM | E63: Mais de 10 irregularidades por km
A64: PÉSSIMA | E64: Atoleiro ou ponto crítico
A65: SIT. | E65: LEN = leito natural · EOP = em obras de pavimentação
A66: FAIXA AZUL | E66: Cabeçalho de cada S.R.E.: descrição, situação, jurisdição, extensão e coordenada de início.
A67: INÍCIO / FIM (KM) | E67: Contados de 0 até o fim de CADA S.R.E. Não é o marco quilométrico da rodovia.
A68: SENT. | E68: C = crescente · D = decrescente
A69: FAIXA CINZA | E69: Segmento fora do escopo do contrato: você passa por ele, mas não preenche.
A70: CÉLULA VERMELHA | E70: Mais de uma X no mesmo grupo. Apague uma delas.
A71: CONFERÊNCIA | E71: Só na tela, não sai impresso. Fica OK com uma X em cada grupo.

Sheet 213
A1: PROGRAMA DE MANUTENÇÃO RODOVIÁRIA — FICHA DE INSPEÇÃO — RODOVIAS NÃO PAVIMENTADAS | P1: Valores dos gráficos — troca 0 por N/D para a fatia não aparecer. Não editar.
A2: REGIÃO: 11 — GURUPI | D2: MÊS / ANO: | F2: 46235 | G2: DATA: | J2: TÉCNICO: | K2: ENG. THIAGO BORGES TORQUATO | P2: =IF(F55=0,NA(),F55) -> #N/A | Q2: =IF(G55=0,NA(),G55) -> #N/A | R2: =IF(H55=0,NA(),H55) -> 27.379495 | S2: =IF(I55=0,NA(),I55) -> 13 | T2: =IF(J55=0,NA(),J55) -> #N/A | U2: =IF(K55=0,NA(),K55) -> 40.379495 | V2: =IF(L55=0,NA(),L55) -> #N/A
A3: TRECHO 213 — RODOVIA TO-181 - TRECHO ARAGUAÇU - DIVISA TO-GO | K3: EXTENSÃO: 40,379 km · 1 S.R.E.
A4: COMO PREENCHER: uma X em UMA coluna de cada grupo, por linha. Se houver mais de um defeito no mesmo km, marque o PREDOMINANTE e escreva o resto em OBSERVAÇÕES. A quilometragem é contada de 0 até o fim de CADA S.R.E. (não é o marco da rodovia).
A6: S.R.E. | B6: SENT. | C6: INÍCIO (KM) | D6: FIM (KM) | E6: EXT. (KM) | F6: CONDIÇÃO DA PLATAFORMA | J6: DRENAGEM SUPERFICIAL | M6: OBSERVAÇÕES | N6: CONFERÊNCIA (só na tela)
F7: BOM | G7: REG. (ATÉ 10 IRR./KM) | H7: RUIM (+ 10 IRR./KM) | I7: PÉSSIMA (ATOLEIRO/PTO. CRÍTICO) | J7: LIMPA | K7: OBSTRUÍDA | L7: AUSENTE
A8: S.R.E. 181ETO0230 | ARAGUAÇU *TRECHO URBANO* - DIV TO-GO | LEN · Estadual · 40.379 km · início: -12.946693, -49.8179
A9: 181ETO0230 | B9: C | C9: 0 | D9: 1 | E9: =D9-C9 -> 1 | I9: X | K9: X | N9: =IF(COUNTA(F9:L9)=0,"— não preenchido",IF(COUNTIF(F9:I9,"X")<>1,"FALTA/DUPLA: CONDIÇÃO DA PLATAFORMA",IF(COUNTIF(J9:L9,"X")<>1,"FALTA/DUPLA: DRENAGEM SUPERFICIAL","OK"))) -> OK
A10: 181ETO0230 | B10: C | C10: 1 | D10: 2 | E10: =D10-C10 -> 1 | I10: X | K10: X | N10: =IF(COUNTA(F10:L10)=0,"— não preenchido",IF(COUNTIF(F10:I10,"X")<>1,"FALTA/DUPLA: CONDIÇÃO DA PLATAFORMA",IF(COUNTIF(J10:L10,"X")<>1,"FALTA/DUPLA: DRENAGEM SUPERFICIAL","OK"))) -> OK
A11: 181ETO0230 | B11: C | C11: 2 | D11: 3 | E11: =D11-C11 -> 1 | I11: X | K11: X | N11: =IF(COUNTA(F11:L11)=0,"— não preenchido",IF(COUNTIF(F11:I11,"X")<>1,"FALTA/DUPLA: CONDIÇÃO DA PLATAFORMA",IF(COUNTIF(J11:L11,"X")<>1,"FALTA/DUPLA: DRENAGEM SUPERFICIAL","OK"))) -> OK
A12: 181ETO0230 | B12: C | C12: 3 | D12: 4 | E12: =D12-C12 -> 1 | I12: X | K12: X | N12: =IF(COUNTA(F12:L12)=0,"— não preenchido",IF(COUNTIF(F12:I12,"X")<>1,"FALTA/DUPLA: CONDIÇÃO DA PLATAFORMA",IF(COUNTIF(J12:L12,"X")<>1,"FALTA/DUPLA: DRENAGEM SUPERFICIAL","OK"))) -> OK
A13: 181ETO0230 | B13: C | C13: 4 | D13: 5 | E13: =D13-C13 -> 1 | I13: X | K13: X | N13: =IF(COUNTA(F13:L13)=0,"— não preenchido",IF(COUNTIF(F13:I13,"X")<>1,"FALTA/DUPLA: CONDIÇÃO DA PLATAFORMA",IF(COUNTIF(J13:L13,"X")<>1,"FALTA/DUPLA: DRENAGEM SUPERFICIAL","OK"))) -> OK
A14: 181ETO0230 | B14: C | C14: 5 | D14: 6 | E14: =D14-C14 -> 1 | I14: X | K14: X | N14: =IF(COUNTA(F14:L14)=0,"— não preenchido",IF(COUNTIF(F14:I14,"X")<>1,"FALTA/DUPLA: CONDIÇÃO DA PLATAFORMA",IF(COUNTIF(J14:L14,"X")<>1,"FALTA/DUPLA: DRENAGEM SUPERFICIAL","OK"))) -> OK
A15: 181ETO0230 | B15: C | C15: 6 | D15: 7 | E15: =D15-C15 -> 1 | I15: X | K15: X | N15: =IF(COUNTA(F15:L15)=0,"— não preenchido",IF(COUNTIF(F15:I15,"X")<>1,"FALTA/DUPLA: CONDIÇÃO DA PLATAFORMA",IF(COUNTIF(J15:L15,"X")<>1,"FALTA/DUPLA: DRENAGEM SUPERFICIAL","OK"))) -> OK
A16: 181ETO0230 | B16: C | C16: 7 | D16: 8 | E16: =D16-C16 -> 1 | I16: X | K16: X | N16: =IF(COUNTA(F16:L16)=0,"— não preenchido",IF(COUNTIF(F16:I16,"X")<>1,"FALTA/DUPLA: CONDIÇÃO DA PLATAFORMA",IF(COUNTIF(J16:L16,"X")<>1,"FALTA/DUPLA: DRENAGEM SUPERFICIAL","OK"))) -> OK
A17: 181ETO0230 | B17: C | C17: 8 | D17: 9 | E17: =D17-C17 -> 1 | I17: X | K17: X | N17: =IF(COUNTA(F17:L17)=0,"— não preenchido",IF(COUNTIF(F17:I17,"X")<>1,"FALTA/DUPLA: CONDIÇÃO DA PLATAFORMA",IF(COUNTIF(J17:L17,"X")<>1,"FALTA/DUPLA: DRENAGEM SUPERFICIAL","OK"))) -> OK
A18: 181ETO0230 | B18: C | C18: 9 | D18: 10 | E18: =D18-C18 -> 1 | I18: X | K18: X | N18: =IF(COUNTA(F18:L18)=0,"— não preenchido",IF(COUNTIF(F18:I18,"X")<>1,"FALTA/DUPLA: CONDIÇÃO DA PLATAFORMA",IF(COUNTIF(J18:L18,"X")<>1,"FALTA/DUPLA: DRENAGEM SUPERFICIAL","OK"))) -> OK
A19: 181ETO0230 | B19: C | C19: 10 | D19: 11 | E19: =D19-C19 -> 1 | I19: X | K19: X | N19: =IF(COUNTA(F19:L19)=0,"— não preenchido",IF(COUNTIF(F19:I19,"X")<>1,"FALTA/DUPLA: CONDIÇÃO DA PLATAFORMA",IF(COUNTIF(J19:L19,"X")<>1,"FALTA/DUPLA: DRENAGEM SUPERFICIAL","OK"))) -> OK
A20: 181ETO0230 | B20: C | C20: 11 | D20: 12 | E20: =D20-C20 -> 1 | I20: X | K20: X | N20: =IF(COUNTA(F20:L20)=0,"— não preenchido",IF(COUNTIF(F20:I20,"X")<>1,"FALTA/DUPLA: CONDIÇÃO DA PLATAFORMA",IF(COUNTIF(J20:L20,"X")<>1,"FALTA/DUPLA: DRENAGEM SUPERFICIAL","OK"))) -> OK
A21: 181ETO0230 | B21: C | C21: 12 | D21: 13 | E21: =D21-C21 -> 1 | I21: X | K21: X | N21: =IF(COUNTA(F21:L21)=0,"— não preenchido",IF(COUNTIF(F21:I21,"X")<>1,"FALTA/DUPLA: CONDIÇÃO DA PLATAFORMA",IF(COUNTIF(J21:L21,"X")<>1,"FALTA/DUPLA: DRENAGEM SUPERFICIAL","OK"))) -> OK
A22: 181ETO0230 | B22: C | C22: 13 | D22: 14 | E22: =D22-C22 -> 1 | H22: X | K22: X | N22: =IF(COUNTA(F22:L22)=0,"— não preenchido",IF(COUNTIF(F22:I22,"X")<>1,"FALTA/DUPLA: CONDIÇÃO DA PLATAFORMA",IF(COUNTIF(J22:L22,"X")<>1,"FALTA/DUPLA: DRENAGEM SUPERFICIAL","OK"))) -> OK
A23: 181ETO0230 | B23: C | C23: 14 | D23: 15 | E23: =D23-C23 -> 1 | H23: X | K23: X | N23: =IF(COUNTA(F23:L23)=0,"— não preenchido",IF(COUNTIF(F23:I23,"X")<>1,"FALTA/DUPLA: CONDIÇÃO DA PLATAFORMA",IF(COUNTIF(J23:L23,"X")<>1,"FALTA/DUPLA: DRENAGEM SUPERFICIAL","OK"))) -> OK
A24: 181ETO0230 | B24: C | C24: 15 | D24: 16 | E24: =D24-C24 -> 1 | H24: X | K24: X | N24: =IF(COUNTA(F24:L24)=0,"— não preenchido",IF(COUNTIF(F24:I24,"X")<>1,"FALTA/DUPLA: CONDIÇÃO DA PLATAFORMA",IF(COUNTIF(J24:L24,"X")<>1,"FALTA/DUPLA: DRENAGEM SUPERFICIAL","OK"))) -> OK
A25: 181ETO0230 | B25: C | C25: 16 | D25: 17 | E25: =D25-C25 -> 1 | H25: X | K25: X | N25: =IF(COUNTA(F25:L25)=0,"— não preenchido",IF(COUNTIF(F25:I25,"X")<>1,"FALTA/DUPLA: CONDIÇÃO DA PLATAFORMA",IF(COUNTIF(J25:L25,"X")<>1,"FALTA/DUPLA: DRENAGEM SUPERFICIAL","OK"))) -> OK
A26: 181ETO0230 | B26: C | C26: 17 | D26: 18 | E26: =D26-C26 -> 1 | H26: X | K26: X | N26: =IF(COUNTA(F26:L26)=0,"— não preenchido",IF(COUNTIF(F26:I26,"X")<>1,"FALTA/DUPLA: CONDIÇÃO DA PLATAFORMA",IF(COUNTIF(J26:L26,"X")<>1,"FALTA/DUPLA: DRENAGEM SUPERFICIAL","OK"))) -> OK
A27: 181ETO0230 | B27: C | C27: 18 | D27: 19 | E27: =D27-C27 -> 1 | H27: X | K27: X | N27: =IF(COUNTA(F27:L27)=0,"— não preenchido",IF(COUNTIF(F27:I27,"X")<>1,"FALTA/DUPLA: CONDIÇÃO DA PLATAFORMA",IF(COUNTIF(J27:L27,"X")<>1,"FALTA/DUPLA: DRENAGEM SUPERFICIAL","OK"))) -> OK
A28: 181ETO0230 | B28: C | C28: 19 | D28: 20 | E28: =D28-C28 -> 1 | H28: X | K28: X | N28: =IF(COUNTA(F28:L28)=0,"— não preenchido",IF(COUNTIF(F28:I28,"X")<>1,"FALTA/DUPLA: CONDIÇÃO DA PLATAFORMA",IF(COUNTIF(J28:L28,"X")<>1,"FALTA/DUPLA: DRENAGEM SUPERFICIAL","OK"))) -> OK
A29: 181ETO0230 | B29: C | C29: 20 | D29: 21 | E29: =D29-C29 -> 1 | H29: X | K29: X | N29: =IF(COUNTA(F29:L29)=0,"— não preenchido",IF(COUNTIF(F29:I29,"X")<>1,"FALTA/DUPLA: CONDIÇÃO DA PLATAFORMA",IF(COUNTIF(J29:L29,"X")<>1,"FALTA/DUPLA: DRENAGEM SUPERFICIAL","OK"))) -> OK
A30: 181ETO0230 | B30: C | C30: 21 | D30: 22 | E30: =D30-C30 -> 1 | H30: X | K30: X | N30: =IF(COUNTA(F30:L30)=0,"— não preenchido",IF(COUNTIF(F30:I30,"X")<>1,"FALTA/DUPLA: CONDIÇÃO DA PLATAFORMA",IF(COUNTIF(J30:L30,"X")<>1,"FALTA/DUPLA: DRENAGEM SUPERFICIAL","OK"))) -> OK
A31: 181ETO0230 | B31: C | C31: 22 | D31: 23 | E31: =D31-C31 -> 1 | H31: X | K31: X | N31: =IF(COUNTA(F31:L31)=0,"— não preenchido",IF(COUNTIF(F31:I31,"X")<>1,"FALTA/DUPLA: CONDIÇÃO DA PLATAFORMA",IF(COUNTIF(J31:L31,"X")<>1,"FALTA/DUPLA: DRENAGEM SUPERFICIAL","OK"))) -> OK
A32: 181ETO0230 | B32: C | C32: 23 | D32: 24 | E32: =D32-C32 -> 1 | H32: X | K32: X | N32: =IF(COUNTA(F32:L32)=0,"— não preenchido",IF(COUNTIF(F32:I32,"X")<>1,"FALTA/DUPLA: CONDIÇÃO DA PLATAFORMA",IF(COUNTIF(J32:L32,"X")<>1,"FALTA/DUPLA: DRENAGEM SUPERFICIAL","OK"))) -> OK
A33: 181ETO0230 | B33: C | C33: 24 | D33: 25 | E33: =D33-C33 -> 1 | H33: X | K33: X | N33: =IF(COUNTA(F33:L33)=0,"— não preenchido",IF(COUNTIF(F33:I33,"X")<>1,"FALTA/DUPLA: CONDIÇÃO DA PLATAFORMA",IF(COUNTIF(J33:L33,"X")<>1,"FALTA/DUPLA: DRENAGEM SUPERFICIAL","OK"))) -> OK
... A49: 181ETO0230 | B49: C | C49: 40 | D49: 40.379495 | E49: =D49-C49 -> 0.37949493 | H49: X | K49: X | N49: =IF(COUNTA(F49:L49)=0,"— não preenchido",IF(COUNTIF(F49:I49,"X")<>1,"FALTA/DUPLA: CONDIÇÃO DA PLATAFORMA",IF(COUNTIF(J49:L49,"X")<>1,"FALTA/DUPLA: DRENAGEM SUPERFICIAL","OK"))) -> OK
A51: ____________________________________________ | G51: ____________________________________________
A52: TÉCNICO RESPONSÁVEL PELA INSPEÇÃO | G52: VISTO DA SUPERVISÃO
A54: RESUMO DO TRECHO — KM LANÇADO POR ITEM
A55: KM LANÇADO | F55: =SUMIF(F$9:F$49,"X",$E$9:$E$49) -> 0 | G55: =SUMIF(G$9:G$49,"X",$E$9:$E$49) -> 0 | H55: =SUMIF(H$9:H$49,"X",$E$9:$E$49) -> 27.379495 | I55: =SUMIF(I$9:I$49,"X",$E$9:$E$49) -> 13 | J55: =SUMIF(J$9:J$49,"X",$E$9:$E$49) -> 0 | K55: =SUMIF(K$9:K$49,"X",$E$9:$E$49) -> 40.379495 | L55: =SUMIF(L$9:L$49,"X",$E$9:$E$49) -> 0
A56: % DA EXTENSÃO | F56: =IF($I58=0,0,F55/$I58) -> 0 | G56: =IF($I58=0,0,G55/$I58) -> 0 | H56: =IF($I58=0,0,H55/$I58) -> 0.67805442 | I56: =IF($I58=0,0,I55/$I58) -> 0.32194558 | J56: =IF($I58=0,0,J55/$I58) -> 0 | K56: =IF($I58=0,0,K55/$I58) -> 1 | L56: =IF($I58=0,0,L55/$I58) -> 0
A57: CONFERÊNCIA POR GRUPO | F57: =IF(SUM(F55:I55)=0,"— não preenchido",IF(ROUND(SUM(F55:I55)-$I58,3)=0,"OK — "&ROUND(SUM(F55:I55),3)&" km","ERRO — dif. de "&ROUND(SUM(F55:I55)-$I58,3)&" km")) -> OK — 40,379 km | J57: =IF(SUM(J55:L55)=0,"— não preenchido",IF(ROUND(SUM(J55:L55)-$I58,3)=0,"OK — "&ROUND(SUM(J55:L55),3)&" km","ERRO — dif. de "&ROUND(SUM(J55:L55)-$I58,3)&" km")) -> OK — 40,379 km
A58: EXTENSÃO TOTAL DO TRECHO | I58: =SUM(E9:E49) -> 40.379495 | M58: =COUNTIF(N9:N49,"OK")&" de "&COUNT($E$9:$E$49)&" linhas conferidas" -> 41 de 41 linhas conferidas
A60: LEGENDA
A61: REGULAR | E61: Até 10 irregularidades por km
A62: RUIM | E62: Mais de 10 irregularidades por km
A63: PÉSSIMA | E63: Atoleiro ou ponto crítico
A64: SIT. | E64: LEN = leito natural · EOP = em obras de pavimentação
A65: FAIXA AZUL | E65: Cabeçalho de cada S.R.E.: descrição, situação, jurisdição, extensão e coordenada de início.
A66: INÍCIO / FIM (KM) | E66: Contados de 0 até o fim de CADA S.R.E. Não é o marco quilométrico da rodovia.
A67: SENT. | E67: C = crescente · D = decrescente
A68: FAIXA CINZA | E68: Segmento fora do escopo do contrato: você passa por ele, mas não preenche.
A69: CÉLULA VERMELHA | E69: Mais de uma X no mesmo grupo. Apague uma delas.
A70: CONFERÊNCIA | E70: Só na tela, não sai impresso. Fica OK com uma X em cada grupo.

Sheet 214
A1: PROGRAMA DE MANUTENÇÃO RODOVIÁRIA — FICHA DE INSPEÇÃO — RODOVIAS NÃO PAVIMENTADAS | P1: Valores dos gráficos — troca 0 por N/D para a fatia não aparecer. Não editar.
A2: REGIÃO: 11 — GURUPI | D2: MÊS / ANO: | F2: 46235 | G2: DATA: | J2: TÉCNICO: | K2: ENG. THIAGO BORGES TORQUATO | P2: =IF(F60=0,NA(),F60) -> #N/A | Q2: =IF(G60=0,NA(),G60) -> 15 | R2: =IF(H60=0,NA(),H60) -> 30.214542 | S2: =IF(I60=0,NA(),I60) -> #N/A | T2: =IF(J60=0,NA(),J60) -> 45.214542 | U2: =IF(K60=0,NA(),K60) -> #N/A | V2: =IF(L60=0,NA(),L60) -> #N/A
A3: TRECHO 214 — RODOVIA TO-362 - TRECHO SANTA RITA DO TOCANTINS - BREJINHO DE NAZARÉ | K3: EXTENSÃO: 45,215 km · 1 S.R.E.
A4: COMO PREENCHER: uma X em UMA coluna de cada grupo, por linha. Se houver mais de um defeito no mesmo km, marque o PREDOMINANTE e escreva o resto em OBSERVAÇÕES. A quilometragem é contada de 0 até o fim de CADA S.R.E. (não é o marco da rodovia).
A6: S.R.E. | B6: SENT. | C6: INÍCIO (KM) | D6: FIM (KM) | E6: EXT. (KM) | F6: CONDIÇÃO DA PLATAFORMA | J6: DRENAGEM SUPERFICIAL | M6: OBSERVAÇÕES | N6: CONFERÊNCIA (só na tela)
F7: BOM | G7: REG. (ATÉ 10 IRR./KM) | H7: RUIM (+ 10 IRR./KM) | I7: PÉSSIMA (ATOLEIRO/PTO. CRÍTICO) | J7: LIMPA | K7: OBSTRUÍDA | L7: AUSENTE
A8: S.R.E. 362ETO0100 | ENTR. BR-153 (STA RITA DO TO) - ENTR. TO-070 (BREJINHO DE NAZARÉ) | LEN · Estadual · 45.215 km · início: -10.864649, -48.905564
A9: 362ETO0100 | B9: C | C9: 0 | D9: 1 | E9: =D9-C9 -> 1 | G9: X | J9: X | N9: =IF(COUNTA(F9:L9)=0,"— não preenchido",IF(COUNTIF(F9:I9,"X")<>1,"FALTA/DUPLA: CONDIÇÃO DA PLATAFORMA",IF(COUNTIF(J9:L9,"X")<>1,"FALTA/DUPLA: DRENAGEM SUPERFICIAL","OK"))) -> OK
A10: 362ETO0100 | B10: C | C10: 1 | D10: 2 | E10: =D10-C10 -> 1 | G10: X | J10: X | N10: =IF(COUNTA(F10:L10)=0,"— não preenchido",IF(COUNTIF(F10:I10,"X")<>1,"FALTA/DUPLA: CONDIÇÃO DA PLATAFORMA",IF(COUNTIF(J10:L10,"X")<>1,"FALTA/DUPLA: DRENAGEM SUPERFICIAL","OK"))) -> OK
A11: 362ETO0100 | B11: C | C11: 2 | D11: 3 | E11: =D11-C11 -> 1 | G11: X | J11: X | N11: =IF(COUNTA(F11:L11)=0,"— não preenchido",IF(COUNTIF(F11:I11,"X")<>1,"FALTA/DUPLA: CONDIÇÃO DA PLATAFORMA",IF(COUNTIF(J11:L11,"X")<>1,"FALTA/DUPLA: DRENAGEM SUPERFICIAL","OK"))) -> OK
A12: 362ETO0100 | B12: C | C12: 3 | D12: 4 | E12: =D12-C12 -> 1 | G12: X | J12: X | N12: =IF(COUNTA(F12:L12)=0,"— não preenchido",IF(COUNTIF(F12:I12,"X")<>1,"FALTA/DUPLA: CONDIÇÃO DA PLATAFORMA",IF(COUNTIF(J12:L12,"X")<>1,"FALTA/DUPLA: DRENAGEM SUPERFICIAL","OK"))) -> OK
A13: 362ETO0100 | B13: C | C13: 4 | D13: 5 | E13: =D13-C13 -> 1 | G13: X | J13: X | N13: =IF(COUNTA(F13:L13)=0,"— não preenchido",IF(COUNTIF(F13:I13,"X")<>1,"FALTA/DUPLA: CONDIÇÃO DA PLATAFORMA",IF(COUNTIF(J13:L13,"X")<>1,"FALTA/DUPLA: DRENAGEM SUPERFICIAL","OK"))) -> OK
A14: 362ETO0100 | B14: C | C14: 5 | D14: 6 | E14: =D14-C14 -> 1 | G14: X | J14: X | N14: =IF(COUNTA(F14:L14)=0,"— não preenchido",IF(COUNTIF(F14:I14,"X")<>1,"FALTA/DUPLA: CONDIÇÃO DA PLATAFORMA",IF(COUNTIF(J14:L14,"X")<>1,"FALTA/DUPLA: DRENAGEM SUPERFICIAL","OK"))) -> OK
A15: 362ETO0100 | B15: C | C15: 6 | D15: 7 | E15: =D15-C15 -> 1 | G15: X | J15: X | N15: =IF(COUNTA(F15:L15)=0,"— não preenchido",IF(COUNTIF(F15:I15,"X")<>1,"FALTA/DUPLA: CONDIÇÃO DA PLATAFORMA",IF(COUNTIF(J15:L15,"X")<>1,"FALTA/DUPLA: DRENAGEM SUPERFICIAL","OK"))) -> OK
A16: 362ETO0100 | B16: C | C16: 7 | D16: 8 | E16: =D16-C16 -> 1 | G16: X | J16: X | N16: =IF(COUNTA(F16:L16)=0,"— não preenchido",IF(COUNTIF(F16:I16,"X")<>1,"FALTA/DUPLA: CONDIÇÃO DA PLATAFORMA",IF(COUNTIF(J16:L16,"X")<>1,"FALTA/DUPLA: DRENAGEM SUPERFICIAL","OK"))) -> OK
A17: 362ETO0100 | B17: C | C17: 8 | D17: 9 | E17: =D17-C17 -> 1 | G17: X | J17: X | N17: =IF(COUNTA(F17:L17)=0,"— não preenchido",IF(COUNTIF(F17:I17,"X")<>1,"FALTA/DUPLA: CONDIÇÃO DA PLATAFORMA",IF(COUNTIF(J17:L17,"X")<>1,"FALTA/DUPLA: DRENAGEM SUPERFICIAL","OK"))) -> OK
A18: 362ETO0100 | B18: C | C18: 9 | D18: 10 | E18: =D18-C18 -> 1 | G18: X | J18: X | N18: =IF(COUNTA(F18:L18)=0,"— não preenchido",IF(COUNTIF(F18:I18,"X")<>1,"FALTA/DUPLA: CONDIÇÃO DA PLATAFORMA",IF(COUNTIF(J18:L18,"X")<>1,"FALTA/DUPLA: DRENAGEM SUPERFICIAL","OK"))) -> OK
A19: 362ETO0100 | B19: C | C19: 10 | D19: 11 | E19: =D19-C19 -> 1 | G19: X | J19: X | N19: =IF(COUNTA(F19:L19)=0,"— não preenchido",IF(COUNTIF(F19:I19,"X")<>1,"FALTA/DUPLA: CONDIÇÃO DA PLATAFORMA",IF(COUNTIF(J19:L19,"X")<>1,"FALTA/DUPLA: DRENAGEM SUPERFICIAL","OK"))) -> OK
A20: 362ETO0100 | B20: C | C20: 11 | D20: 12 | E20: =D20-C20 -> 1 | G20: X | J20: X | N20: =IF(COUNTA(F20:L20)=0,"— não preenchido",IF(COUNTIF(F20:I20,"X")<>1,"FALTA/DUPLA: CONDIÇÃO DA PLATAFORMA",IF(COUNTIF(J20:L20,"X")<>1,"FALTA/DUPLA: DRENAGEM SUPERFICIAL","OK"))) -> OK
... A23: 362ETO0100 | B23: C | C23: 14 | D23: 15 | E23: =D23-C23 -> 1 | G23: X | J23: X | N23: =IF(COUNTA(F23:L23)=0,"— não preenchido",IF(COUNTIF(F23:I23,"X")<>1,"FALTA/DUPLA: CONDIÇÃO DA PLATAFORMA",IF(COUNTIF(J23:L23,"X")<>1,"FALTA/DUPLA: DRENAGEM SUPERFICIAL","OK"))) -> OK
A24: 362ETO0100 | B24: C | C24: 15 | D24: 16 | E24: =D24-C24 -> 1 | H24: X | J24: X | N24: =IF(COUNTA(F24:L24)=0,"— não preenchido",IF(COUNTIF(F24:I24,"X")<>1,"FALTA/DUPLA: CONDIÇÃO DA PLATAFORMA",IF(COUNTIF(J24:L24,"X")<>1,"FALTA/DUPLA: DRENAGEM SUPERFICIAL","OK"))) -> OK
A25: 362ETO0100 | B25: C | C25: 16 | D25: 17 | E25: =D25-C25 -> 1 | H25: X | J25: X | N25: =IF(COUNTA(F25:L25)=0,"— não preenchido",IF(COUNTIF(F25:I25,"X")<>1,"FALTA/DUPLA: CONDIÇÃO DA PLATAFORMA",IF(COUNTIF(J25:L25,"X")<>1,"FALTA/DUPLA: DRENAGEM SUPERFICIAL","OK"))) -> OK
A26: 362ETO0100 | B26: C | C26: 17 | D26: 18 | E26: =D26-C26 -> 1 | H26: X | J26: X | N26: =IF(COUNTA(F26:L26)=0,"— não preenchido",IF(COUNTIF(F26:I26,"X")<>1,"FALTA/DUPLA: CONDIÇÃO DA PLATAFORMA",IF(COUNTIF(J26:L26,"X")<>1,"FALTA/DUPLA: DRENAGEM SUPERFICIAL","OK"))) -> OK
A27: 362ETO0100 | B27: C | C27: 18 | D27: 19 | E27: =D27-C27 -> 1 | H27: X | J27: X | N27: =IF(COUNTA(F27:L27)=0,"— não preenchido",IF(COUNTIF(F27:I27,"X")<>1,"FALTA/DUPLA: CONDIÇÃO DA PLATAFORMA",IF(COUNTIF(J27:L27,"X")<>1,"FALTA/DUPLA: DRENAGEM SUPERFICIAL","OK"))) -> OK
A28: 362ETO0100 | B28: C | C28: 19 | D28: 20 | E28: =D28-C28 -> 1 | H28: X | J28: X | N28: =IF(COUNTA(F28:L28)=0,"— não preenchido",IF(COUNTIF(F28:I28,"X")<>1,"FALTA/DUPLA: CONDIÇÃO DA PLATAFORMA",IF(COUNTIF(J28:L28,"X")<>1,"FALTA/DUPLA: DRENAGEM SUPERFICIAL","OK"))) -> OK
A29: 362ETO0100 | B29: C | C29: 20 | D29: 21 | E29: =D29-C29 -> 1 | H29: X | J29: X | N29: =IF(COUNTA(F29:L29)=0,"— não preenchido",IF(COUNTIF(F29:I29,"X")<>1,"FALTA/DUPLA: CONDIÇÃO DA PLATAFORMA",IF(COUNTIF(J29:L29,"X")<>1,"FALTA/DUPLA: DRENAGEM SUPERFICIAL","OK"))) -> OK
A30: 362ETO0100 | B30: C | C30: 21 | D30: 22 | E30: =D30-C30 -> 1 | H30: X | J30: X | N30: =IF(COUNTA(F30:L30)=0,"— não preenchido",IF(COUNTIF(F30:I30,"X")<>1,"FALTA/DUPLA: CONDIÇÃO DA PLATAFORMA",IF(COUNTIF(J30:L30,"X")<>1,"FALTA/DUPLA: DRENAGEM SUPERFICIAL","OK"))) -> OK
A31: 362ETO0100 | B31: C | C31: 22 | D31: 23 | E31: =D31-C31 -> 1 | H31: X | J31: X | N31: =IF(COUNTA(F31:L31)=0,"— não preenchido",IF(COUNTIF(F31:I31,"X")<>1,"FALTA/DUPLA: CONDIÇÃO DA PLATAFORMA",IF(COUNTIF(J31:L31,"X")<>1,"FALTA/DUPLA: DRENAGEM SUPERFICIAL","OK"))) -> OK
A32: 362ETO0100 | B32: C | C32: 23 | D32: 24 | E32: =D32-C32 -> 1 | H32: X | J32: X | N32: =IF(COUNTA(F32:L32)=0,"— não preenchido",IF(COUNTIF(F32:I32,"X")<>1,"FALTA/DUPLA: CONDIÇÃO DA PLATAFORMA",IF(COUNTIF(J32:L32,"X")<>1,"FALTA/DUPLA: DRENAGEM SUPERFICIAL","OK"))) -> OK
A33: 362ETO0100 | B33: C | C33: 24 | D33: 25 | E33: =D33-C33 -> 1 | H33: X | J33: X | N33: =IF(COUNTA(F33:L33)=0,"— não preenchido",IF(COUNTIF(F33:I33,"X")<>1,"FALTA/DUPLA: CONDIÇÃO DA PLATAFORMA",IF(COUNTIF(J33:L33,"X")<>1,"FALTA/DUPLA: DRENAGEM SUPERFICIAL","OK"))) -> OK
A34: 362ETO0100 | B34: C | C34: 25 | D34: 26 | E34: =D34-C34 -> 1 | H34: X | J34: X | N34: =IF(COUNTA(F34:L34)=0,"— não preenchido",IF(COUNTIF(F34:I34,"X")<>1,"FALTA/DUPLA: CONDIÇÃO DA PLATAFORMA",IF(COUNTIF(J34:L34,"X")<>1,"FALTA/DUPLA: DRENAGEM SUPERFICIAL","OK"))) -> OK
A35: 362ETO0100 | B35: C | C35: 26 | D35: 27 | E35: =D35-C35 -> 1 | H35: X | J35: X | N35: =IF(COUNTA(F35:L35)=0,"— não preenchido",IF(COUNTIF(F35:I35,"X")<>1,"FALTA/DUPLA: CONDIÇÃO DA PLATAFORMA",IF(COUNTIF(J35:L35,"X")<>1,"FALTA/DUPLA: DRENAGEM SUPERFICIAL","OK"))) -> OK
... A54: 362ETO0100 | B54: C | C54: 45 | D54: 45.214542 | E54: =D54-C54 -> 0.21454243 | H54: X | J54: X | N54: =IF(COUNTA(F54:L54)=0,"— não preenchido",IF(COUNTIF(F54:I54,"X")<>1,"FALTA/DUPLA: CONDIÇÃO DA PLATAFORMA",IF(COUNTIF(J54:L54,"X")<>1,"FALTA/DUPLA: DRENAGEM SUPERFICIAL","OK"))) -> OK
A56: ____________________________________________ | G56: ____________________________________________
A57: TÉCNICO RESPONSÁVEL PELA INSPEÇÃO | G57: VISTO DA SUPERVISÃO
A59: RESUMO DO TRECHO — KM LANÇADO POR ITEM
A60: KM LANÇADO | F60: =SUMIF(F$9:F$54,"X",$E$9:$E$54) -> 0 | G60: =SUMIF(G$9:G$54,"X",$E$9:$E$54) -> 15 | H60: =SUMIF(H$9:H$54,"X",$E$9:$E$54) -> 30.214542 | I60: =SUMIF(I$9:I$54,"X",$E$9:$E$54) -> 0 | J60: =SUMIF(J$9:J$54,"X",$E$9:$E$54) -> 45.214542 | K60: =SUMIF(K$9:K$54,"X",$E$9:$E$54) -> 0 | L60: =SUMIF(L$9:L$54,"X",$E$9:$E$54) -> 0
A61: % DA EXTENSÃO | F61: =IF($I63=0,0,F60/$I63) -> 0 | G61: =IF($I63=0,0,G60/$I63) -> 0.33175167 | H61: =IF($I63=0,0,H60/$I63) -> 0.66824833 | I61: =IF($I63=0,0,I60/$I63) -> 0 | J61: =IF($I63=0,0,J60/$I63) -> 1 | K61: =IF($I63=0,0,K60/$I63) -> 0 | L61: =IF($I63=0,0,L60/$I63) -> 0
A62: CONFERÊNCIA POR GRUPO | F62: =IF(SUM(F60:I60)=0,"— não preenchido",IF(ROUND(SUM(F60:I60)-$I63,3)=0,"OK — "&ROUND(SUM(F60:I60),3)&" km","ERRO — dif. de "&ROUND(SUM(F60:I60)-$I63,3)&" km")) -> OK — 45,215 km | J62: =IF(SUM(J60:L60)=0,"— não preenchido",IF(ROUND(SUM(J60:L60)-$I63,3)=0,"OK — "&ROUND(SUM(J60:L60),3)&" km","ERRO — dif. de "&ROUND(SUM(J60:L60)-$I63,3)&" km")) -> OK — 45,215 km
A63: EXTENSÃO TOTAL DO TRECHO | I63: =SUM(E9:E54) -> 45.214542 | M63: =COUNTIF(N9:N54,"OK")&" de "&COUNT($E$9:$E$54)&" linhas conferidas" -> 46 de 46 linhas conferidas
A65: LEGENDA
A66: REGULAR | E66: Até 10 irregularidades por km
A67: RUIM | E67: Mais de 10 irregularidades por km
A68: PÉSSIMA | E68: Atoleiro ou ponto crítico
A69: SIT. | E69: LEN = leito natural · EOP = em obras de pavimentação
A70: FAIXA AZUL | E70: Cabeçalho de cada S.R.E.: descrição, situação, jurisdição, extensão e coordenada de início.
A71: INÍCIO / FIM (KM) | E71: Contados de 0 até o fim de CADA S.R.E. Não é o marco quilométrico da rodovia.
A72: SENT. | E72: C = crescente · D = decrescente
A73: FAIXA CINZA | E73: Segmento fora do escopo do contrato: você passa por ele, mas não preenche.
A74: CÉLULA VERMELHA | E74: Mais de uma X no mesmo grupo. Apague uma delas.
A75: CONFERÊNCIA | E75: Só na tela, não sai impresso. Fica OK com uma X em cada grupo.

Sheet 215
A1: PROGRAMA DE MANUTENÇÃO RODOVIÁRIA — FICHA DE INSPEÇÃO — RODOVIAS NÃO PAVIMENTADAS | P1: Valores dos gráficos — troca 0 por N/D para a fatia não aparecer. Não editar.
A2: REGIÃO: 11 — GURUPI | D2: MÊS / ANO: | F2: 46235 | G2: DATA: | J2: TÉCNICO: | K2: ENG. THIAGO BORGES TORQUATO | P2: =IF(F51=0,NA(),F51) -> #N/A | Q2: =IF(G51=0,NA(),G51) -> 11 | R2: =IF(H51=0,NA(),H51) -> 25.281095 | S2: =IF(I51=0,NA(),I51) -> #N/A | T2: =IF(J51=0,NA(),J51) -> #N/A | U2: =IF(K51=0,NA(),K51) -> 33 | V2: =IF(L51=0,NA(),L51) -> 3.2810952
A3: TRECHO 215 — RODOVIA TO-362 - TRECHO BREJINHO DE NAZARÉ - ENTR. TO-365 (ACESSO BALSA) | K3: EXTENSÃO: 36,281 km · 1 S.R.E.
A4: COMO PREENCHER: uma X em UMA coluna de cada grupo, por linha. Se houver mais de um defeito no mesmo km, marque o PREDOMINANTE e escreva o resto em OBSERVAÇÕES. A quilometragem é contada de 0 até o fim de CADA S.R.E. (não é o marco da rodovia).
A6: S.R.E. | B6: SENT. | C6: INÍCIO (KM) | D6: FIM (KM) | E6: EXT. (KM) | F6: CONDIÇÃO DA PLATAFORMA | J6: DRENAGEM SUPERFICIAL | M6: OBSERVAÇÕES | N6: CONFERÊNCIA (só na tela)
F7: BOM | G7: REG. (ATÉ 10 IRR./KM) | H7: RUIM (+ 10 IRR./KM) | I7: PÉSSIMA (ATOLEIRO/PTO. CRÍTICO) | J7: LIMPA | K7: OBSTRUÍDA | L7: AUSENTE
A8: S.R.E. 362ETO0120 | BREJINHO DE NAZARÉ *TRECHO URBANO* - ENTR. TO-365 | LEN · Estadual · 36.281 km · início: -11.265538, -48.471305
A9: 362ETO0120 | B9: C | C9: 0 | D9: 1 | E9: =D9-C9 -> 1 | G9: X | K9: X | N9: =IF(COUNTA(F9:L9)=0,"— não preenchido",IF(COUNTIF(F9:I9,"X")<>1,"FALTA/DUPLA: CONDIÇÃO DA PLATAFORMA",IF(COUNTIF(J9:L9,"X")<>1,"FALTA/DUPLA: DRENAGEM SUPERFICIAL","OK"))) -> OK
A10: 362ETO0120 | B10: C | C10: 1 | D10: 2 | E10: =D10-C10 -> 1 | G10: X | K10: X | N10: =IF(COUNTA(F10:L10)=0,"— não preenchido",IF(COUNTIF(F10:I10,"X")<>1,"FALTA/DUPLA: CONDIÇÃO DA PLATAFORMA",IF(COUNTIF(J10:L10,"X")<>1,"FALTA/DUPLA: DRENAGEM SUPERFICIAL","OK"))) -> OK
A11: 362ETO0120 | B11: C | C11: 2 | D11: 3 | E11: =D11-C11 -> 1 | G11: X | K11: X | N11: =IF(COUNTA(F11:L11)=0,"— não preenchido",IF(COUNTIF(F11:I11,"X")<>1,"FALTA/DUPLA: CONDIÇÃO DA PLATAFORMA",IF(COUNTIF(J11:L11,"X")<>1,"FALTA/DUPLA: DRENAGEM SUPERFICIAL","OK"))) -> OK
A12: 362ETO0120 | B12: C | C12: 3 | D12: 4 | E12: =D12-C12 -> 1 | G12: X | K12: X | N12: =IF(COUNTA(F12:L12)=0,"— não preenchido",IF(COUNTIF(F12:I12,"X")<>1,"FALTA/DUPLA: CONDIÇÃO DA PLATAFORMA",IF(COUNTIF(J12:L12,"X")<>1,"FALTA/DUPLA: DRENAGEM SUPERFICIAL","OK"))) -> OK
A13: 362ETO0120 | B13: C | C13: 4 | D13: 5 | E13: =D13-C13 -> 1 | G13: X | K13: X | N13: =IF(COUNTA(F13:L13)=0,"— não preenchido",IF(COUNTIF(F13:I13,"X")<>1,"FALTA/DUPLA: CONDIÇÃO DA PLATAFORMA",IF(COUNTIF(J13:L13,"X")<>1,"FALTA/DUPLA: DRENAGEM SUPERFICIAL","OK"))) -> OK
A14: 362ETO0120 | B14: C | C14: 5 | D14: 6 | E14: =D14-C14 -> 1 | G14: X | K14: X | N14: =IF(COUNTA(F14:L14)=0,"— não preenchido",IF(COUNTIF(F14:I14,"X")<>1,"FALTA/DUPLA: CONDIÇÃO DA PLATAFORMA",IF(COUNTIF(J14:L14,"X")<>1,"FALTA/DUPLA: DRENAGEM SUPERFICIAL","OK"))) -> OK
A15: 362ETO0120 | B15: C | C15: 6 | D15: 7 | E15: =D15-C15 -> 1 | G15: X | K15: X | N15: =IF(COUNTA(F15:L15)=0,"— não preenchido",IF(COUNTIF(F15:I15,"X")<>1,"FALTA/DUPLA: CONDIÇÃO DA PLATAFORMA",IF(COUNTIF(J15:L15,"X")<>1,"FALTA/DUPLA: DRENAGEM SUPERFICIAL","OK"))) -> OK
A16: 362ETO0120 | B16: C | C16: 7 | D16: 8 | E16: =D16-C16 -> 1 | G16: X | K16: X | N16: =IF(COUNTA(F16:L16)=0,"— não preenchido",IF(COUNTIF(F16:I16,"X")<>1,"FALTA/DUPLA: CONDIÇÃO DA PLATAFORMA",IF(COUNTIF(J16:L16,"X")<>1,"FALTA/DUPLA: DRENAGEM SUPERFICIAL","OK"))) -> OK
A17: 362ETO0120 | B17: C | C17: 8 | D17: 9 | E17: =D17-C17 -> 1 | G17: X | K17: X | N17: =IF(COUNTA(F17:L17)=0,"— não preenchido",IF(COUNTIF(F17:I17,"X")<>1,"FALTA/DUPLA: CONDIÇÃO DA PLATAFORMA",IF(COUNTIF(J17:L17,"X")<>1,"FALTA/DUPLA: DRENAGEM SUPERFICIAL","OK"))) -> OK
A18: 362ETO0120 | B18: C | C18: 9 | D18: 10 | E18: =D18-C18 -> 1 | G18: X | K18: X | N18: =IF(COUNTA(F18:L18)=0,"— não preenchido",IF(COUNTIF(F18:I18,"X")<>1,"FALTA/DUPLA: CONDIÇÃO DA PLATAFORMA",IF(COUNTIF(J18:L18,"X")<>1,"FALTA/DUPLA: DRENAGEM SUPERFICIAL","OK"))) -> OK
A19: 362ETO0120 | B19: C | C19: 10 | D19: 11 | E19: =D19-C19 -> 1 | G19: X | K19: X | N19: =IF(COUNTA(F19:L19)=0,"— não preenchido",IF(COUNTIF(F19:I19,"X")<>1,"FALTA/DUPLA: CONDIÇÃO DA PLATAFORMA",IF(COUNTIF(J19:L19,"X")<>1,"FALTA/DUPLA: DRENAGEM SUPERFICIAL","OK"))) -> OK
A20: 362ETO0120 | B20: C | C20: 11 | D20: 12 | E20: =D20-C20 -> 1 | H20: X | K20: X | N20: =IF(COUNTA(F20:L20)=0,"— não preenchido",IF(COUNTIF(F20:I20,"X")<>1,"FALTA/DUPLA: CONDIÇÃO DA PLATAFORMA",IF(COUNTIF(J20:L20,"X")<>1,"FALTA/DUPLA: DRENAGEM SUPERFICIAL","OK"))) -> OK
A21: 362ETO0120 | B21: C | C21: 12 | D21: 13 | E21: =D21-C21 -> 1 | H21: X | K21: X | N21: =IF(COUNTA(F21:L21)=0,"— não preenchido",IF(COUNTIF(F21:I21,"X")<>1,"FALTA/DUPLA: CONDIÇÃO DA PLATAFORMA",IF(COUNTIF(J21:L21,"X")<>1,"FALTA/DUPLA: DRENAGEM SUPERFICIAL","OK"))) -> OK
A22: 362ETO0120 | B22: C | C22: 13 | D22: 14 | E22: =D22-C22 -> 1 | H22: X | K22: X | N22: =IF(COUNTA(F22:L22)=0,"— não preenchido",IF(COUNTIF(F22:I22,"X")<>1,"FALTA/DUPLA: CONDIÇÃO DA PLATAFORMA",IF(COUNTIF(J22:L22,"X")<>1,"FALTA/DUPLA: DRENAGEM SUPERFICIAL","OK"))) -> OK
A23: 362ETO0120 | B23: C | C23: 14 | D23: 15 | E23: =D23-C23 -> 1 | H23: X | K23: X | N23: =IF(COUNTA(F23:L23)=0,"— não preenchido",IF(COUNTIF(F23:I23,"X")<>1,"FALTA/DUPLA: CONDIÇÃO DA PLATAFORMA",IF(COUNTIF(J23:L23,"X")<>1,"FALTA/DUPLA: DRENAGEM SUPERFICIAL","OK"))) -> OK
A24: 362ETO0120 | B24: C | C24: 15 | D24: 16 | E24: =D24-C24 -> 1 | H24: X | K24: X | N24: =IF(COUNTA(F24:L24)=0,"— não preenchido",IF(COUNTIF(F24:I24,"X")<>1,"FALTA/DUPLA: CONDIÇÃO DA PLATAFORMA",IF(COUNTIF(J24:L24,"X")<>1,"FALTA/DUPLA: DRENAGEM SUPERFICIAL","OK"))) -> OK
A25: 362ETO0120 | B25: C | C25: 16 | D25: 17 | E25: =D25-C25 -> 1 | H25: X | K25: X | N25: =IF(COUNTA(F25:L25)=0,"— não preenchido",IF(COUNTIF(F25:I25,"X")<>1,"FALTA/DUPLA: CONDIÇÃO DA PLATAFORMA",IF(COUNTIF(J25:L25,"X")<>1,"FALTA/DUPLA: DRENAGEM SUPERFICIAL","OK"))) -> OK
A26: 362ETO0120 | B26: C | C26: 17 | D26: 18 | E26: =D26-C26 -> 1 | H26: X | K26: X | N26: =IF(COUNTA(F26:L26)=0,"— não preenchido",IF(COUNTIF(F26:I26,"X")<>1,"FALTA/DUPLA: CONDIÇÃO DA PLATAFORMA",IF(COUNTIF(J26:L26,"X")<>1,"FALTA/DUPLA: DRENAGEM SUPERFICIAL","OK"))) -> OK
A27: 362ETO0120 | B27: C | C27: 18 | D27: 19 | E27: =D27-C27 -> 1 | H27: X | K27: X | N27: =IF(COUNTA(F27:L27)=0,"— não preenchido",IF(COUNTIF(F27:I27,"X")<>1,"FALTA/DUPLA: CONDIÇÃO DA PLATAFORMA",IF(COUNTIF(J27:L27,"X")<>1,"FALTA/DUPLA: DRENAGEM SUPERFICIAL","OK"))) -> OK
A28: 362ETO0120 | B28: C | C28: 19 | D28: 20 | E28: =D28-C28 -> 1 | H28: X | K28: X | N28: =IF(COUNTA(F28:L28)=0,"— não preenchido",IF(COUNTIF(F28:I28,"X")<>1,"FALTA/DUPLA: CONDIÇÃO DA PLATAFORMA",IF(COUNTIF(J28:L28,"X")<>1,"FALTA/DUPLA: DRENAGEM SUPERFICIAL","OK"))) -> OK
A29: 362ETO0120 | B29: C | C29: 20 | D29: 21 | E29: =D29-C29 -> 1 | H29: X | K29: X | N29: =IF(COUNTA(F29:L29)=0,"— não preenchido",IF(COUNTIF(F29:I29,"X")<>1,"FALTA/DUPLA: CONDIÇÃO DA PLATAFORMA",IF(COUNTIF(J29:L29,"X")<>1,"FALTA/DUPLA: DRENAGEM SUPERFICIAL","OK"))) -> OK
A30: 362ETO0120 | B30: C | C30: 21 | D30: 22 | E30: =D30-C30 -> 1 | H30: X | K30: X | N30: =IF(COUNTA(F30:L30)=0,"— não preenchido",IF(COUNTIF(F30:I30,"X")<>1,"FALTA/DUPLA: CONDIÇÃO DA PLATAFORMA",IF(COUNTIF(J30:L30,"X")<>1,"FALTA/DUPLA: DRENAGEM SUPERFICIAL","OK"))) -> OK
A31: 362ETO0120 | B31: C | C31: 22 | D31: 23 | E31: =D31-C31 -> 1 | H31: X | K31: X | N31: =IF(COUNTA(F31:L31)=0,"— não preenchido",IF(COUNTIF(F31:I31,"X")<>1,"FALTA/DUPLA: CONDIÇÃO DA PLATAFORMA",IF(COUNTIF(J31:L31,"X")<>1,"FALTA/DUPLA: DRENAGEM SUPERFICIAL","OK"))) -> OK
... A41: 362ETO0120 | B41: C | C41: 32 | D41: 33 | E41: =D41-C41 -> 1 | H41: X | K41: X | N41: =IF(COUNTA(F41:L41)=0,"— não preenchido",IF(COUNTIF(F41:I41,"X")<>1,"FALTA/DUPLA: CONDIÇÃO DA PLATAFORMA",IF(COUNTIF(J41:L41,"X")<>1,"FALTA/DUPLA: DRENAGEM SUPERFICIAL","OK"))) -> OK
A42: 362ETO0120 | B42: C | C42: 33 | D42: 34 | E42: =D42-C42 -> 1 | H42: X | L42: X | N42: =IF(COUNTA(F42:L42)=0,"— não preenchido",IF(COUNTIF(F42:I42,"X")<>1,"FALTA/DUPLA: CONDIÇÃO DA PLATAFORMA",IF(COUNTIF(J42:L42,"X")<>1,"FALTA/DUPLA: DRENAGEM SUPERFICIAL","OK"))) -> OK
A43: 362ETO0120 | B43: C | C43: 34 | D43: 35 | E43: =D43-C43 -> 1 | H43: X | L43: X | N43: =IF(COUNTA(F43:L43)=0,"— não preenchido",IF(COUNTIF(F43:I43,"X")<>1,"FALTA/DUPLA: CONDIÇÃO DA PLATAFORMA",IF(COUNTIF(J43:L43,"X")<>1,"FALTA/DUPLA: DRENAGEM SUPERFICIAL","OK"))) -> OK
A44: 362ETO0120 | B44: C | C44: 35 | D44: 36 | E44: =D44-C44 -> 1 | H44: X | L44: X | N44: =IF(COUNTA(F44:L44)=0,"— não preenchido",IF(COUNTIF(F44:I44,"X")<>1,"FALTA/DUPLA: CONDIÇÃO DA PLATAFORMA",IF(COUNTIF(J44:L44,"X")<>1,"FALTA/DUPLA: DRENAGEM SUPERFICIAL","OK"))) -> OK
A45: 362ETO0120 | B45: C | C45: 36 | D45: 36.281095 | E45: =D45-C45 -> 0.2810952 | H45: X | L45: X | N45: =IF(COUNTA(F45:L45)=0,"— não preenchido",IF(COUNTIF(F45:I45,"X")<>1,"FALTA/DUPLA: CONDIÇÃO DA PLATAFORMA",IF(COUNTIF(J45:L45,"X")<>1,"FALTA/DUPLA: DRENAGEM SUPERFICIAL","OK"))) -> OK
A47: ____________________________________________ | G47: ____________________________________________
A48: TÉCNICO RESPONSÁVEL PELA INSPEÇÃO | G48: VISTO DA SUPERVISÃO
A50: RESUMO DO TRECHO — KM LANÇADO POR ITEM
A51: KM LANÇADO | F51: =SUMIF(F$9:F$45,"X",$E$9:$E$45) -> 0 | G51: =SUMIF(G$9:G$45,"X",$E$9:$E$45) -> 11 | H51: =SUMIF(H$9:H$45,"X",$E$9:$E$45) -> 25.281095 | I51: =SUMIF(I$9:I$45,"X",$E$9:$E$45) -> 0 | J51: =SUMIF(J$9:J$45,"X",$E$9:$E$45) -> 0 | K51: =SUMIF(K$9:K$45,"X",$E$9:$E$45) -> 33 | L51: =SUMIF(L$9:L$45,"X",$E$9:$E$45) -> 3.2810952
A52: % DA EXTENSÃO | F52: =IF($I54=0,0,F51/$I54) -> 0 | G52: =IF($I54=0,0,G51/$I54) -> 0.3031882 | H52: =IF($I54=0,0,H51/$I54) -> 0.6968118 | I52: =IF($I54=0,0,I51/$I54) -> 0 | J52: =IF($I54=0,0,J51/$I54) -> 0 | K52: =IF($I54=0,0,K51/$I54) -> 0.9095646 | L52: =IF($I54=0,0,L51/$I54) -> 0.090435396
A53: CONFERÊNCIA POR GRUPO | F53: =IF(SUM(F51:I51)=0,"— não preenchido",IF(ROUND(SUM(F51:I51)-$I54,3)=0,"OK — "&ROUND(SUM(F51:I51),3)&" km","ERRO — dif. de "&ROUND(SUM(F51:I51)-$I54,3)&" km")) -> OK — 36,281 km | J53: =IF(SUM(J51:L51)=0,"— não preenchido",IF(ROUND(SUM(J51:L51)-$I54,3)=0,"OK — "&ROUND(SUM(J51:L51),3)&" km","ERRO — dif. de "&ROUND(SUM(J51:L51)-$I54,3)&" km")) -> OK — 36,281 km
A54: EXTENSÃO TOTAL DO TRECHO | I54: =SUM(E9:E45) -> 36.281095 | M54: =COUNTIF(N9:N45,"OK")&" de "&COUNT($E$9:$E$45)&" linhas conferidas" -> 37 de 37 linhas conferidas
A56: LEGENDA
A57: REGULAR | E57: Até 10 irregularidades por km
A58: RUIM | E58: Mais de 10 irregularidades por km
A59: PÉSSIMA | E59: Atoleiro ou ponto crítico
A60: SIT. | E60: LEN = leito natural · EOP = em obras de pavimentação
A61: FAIXA AZUL | E61: Cabeçalho de cada S.R.E.: descrição, situação, jurisdição, extensão e coordenada de início.
A62: INÍCIO / FIM (KM) | E62: Contados de 0 até o fim de CADA S.R.E. Não é o marco quilométrico da rodovia.
A63: SENT. | E63: C = crescente · D = decrescente
A64: FAIXA CINZA | E64: Segmento fora do escopo do contrato: você passa por ele, mas não preenche.
A65: CÉLULA VERMELHA | E65: Mais de uma X no mesmo grupo. Apague uma delas.
A66: CONFERÊNCIA | E66: Só na tela, não sai impresso. Fica OK com uma X em cada grupo.

Sheet 216
A1: PROGRAMA DE MANUTENÇÃO RODOVIÁRIA — FICHA DE INSPEÇÃO — RODOVIAS NÃO PAVIMENTADAS | P1: Valores dos gráficos — troca 0 por N/D para a fatia não aparecer. Não editar.
A2: REGIÃO: 11 — GURUPI | D2: MÊS / ANO: | F2: 46235 | G2: DATA: | J2: TÉCNICO: | K2: ENG. THIAGO BORGES TORQUATO | P2: =IF(F107=0,NA(),F107) -> #N/A | Q2: =IF(G107=0,NA(),G107) -> #N/A | R2: =IF(H107=0,NA(),H107) -> 89.379777 | S2: =IF(I107=0,NA(),I107) -> #N/A | T2: =IF(J107=0,NA(),J107) -> 88.379777 | U2: =IF(K107=0,NA(),K107) -> #N/A | V2: =IF(L107=0,NA(),L107) -> 1
A3: TRECHO 216 — RODOVIA TO-365 - TRECHO RIO TOCANTINS (BALSA) - TREVO DA PRAIA - ENTR. BR-153 | K3: EXTENSÃO: 89,380 km · 4 S.R.E.
A4: COMO PREENCHER: uma X em UMA coluna de cada grupo, por linha. Se houver mais de um defeito no mesmo km, marque o PREDOMINANTE e escreva o resto em OBSERVAÇÕES. A quilometragem é contada de 0 até o fim de CADA S.R.E. (não é o marco da rodovia).
A6: S.R.E. | B6: SENT. | C6: INÍCIO (KM) | D6: FIM (KM) | E6: EXT. (KM) | F6: CONDIÇÃO DA PLATAFORMA | J6: DRENAGEM SUPERFICIAL | M6: OBSERVAÇÕES | N6: CONFERÊNCIA (só na tela)
F7: BOM | G7: REG. (ATÉ 10 IRR./KM) | H7: RUIM (+ 10 IRR./KM) | I7: PÉSSIMA (ATOLEIRO/PTO. CRÍTICO) | J7: LIMPA | K7: OBSTRUÍDA | L7: AUSENTE
A8: S.R.E. 365ETO0220 | RIO TOCANTINS (BALSA) - ENTR. TO-362 | LEN · Estadual · 1.978 km · início: -11.250884, -48.464147
A9: 365ETO0220 | B9: C | C9: 0 | D9: 1 | E9: =D9-C9 -> 1 | H9: X | J9: X | N9: =IF(COUNTA(F9:L9)=0,"— não preenchido",IF(COUNTIF(F9:I9,"X")<>1,"FALTA/DUPLA: CONDIÇÃO DA PLATAFORMA",IF(COUNTIF(J9:L9,"X")<>1,"FALTA/DUPLA: DRENAGEM SUPERFICIAL","OK"))) -> OK
A10: 365ETO0220 | B10: C | C10: 1 | D10: 1.9776353 | E10: =D10-C10 -> 0.97763533 | H10: X | J10: X | N10: =IF(COUNTA(F10:L10)=0,"— não preenchido",IF(COUNTIF(F10:I10,"X")<>1,"FALTA/DUPLA: CONDIÇÃO DA PLATAFORMA",IF(COUNTIF(J10:L10,"X")<>1,"FALTA/DUPLA: DRENAGEM SUPERFICIAL","OK"))) -> OK
A11: S.R.E. 365ETO0230 | ENTR. TO-362 - ENTR. TO-373 | LEN · Estadual · 31.591 km · início: -11.265538, -48.471305
A12: 365ETO0230 | B12: C | C12: 0 | D12: 1 | E12: =D12-C12 -> 1 | H12: X | J12: X | N12: =IF(COUNTA(F12:L12)=0,"— não preenchido",IF(COUNTIF(F12:I12,"X")<>1,"FALTA/DUPLA: CONDIÇÃO DA PLATAFORMA",IF(COUNTIF(J12:L12,"X")<>1,"FALTA/DUPLA: DRENAGEM SUPERFICIAL","OK"))) -> OK
A13: 365ETO0230 | B13: C | C13: 1 | D13: 2 | E13: =D13-C13 -> 1 | H13: X | J13: X | N13: =IF(COUNTA(F13:L13)=0,"— não preenchido",IF(COUNTIF(F13:I13,"X")<>1,"FALTA/DUPLA: CONDIÇÃO DA PLATAFORMA",IF(COUNTIF(J13:L13,"X")<>1,"FALTA/DUPLA: DRENAGEM SUPERFICIAL","OK"))) -> OK
A14: 365ETO0230 | B14: C | C14: 2 | D14: 3 | E14: =D14-C14 -> 1 | H14: X | J14: X | N14: =IF(COUNTA(F14:L14)=0,"— não preenchido",IF(COUNTIF(F14:I14,"X")<>1,"FALTA/DUPLA: CONDIÇÃO DA PLATAFORMA",IF(COUNTIF(J14:L14,"X")<>1,"FALTA/DUPLA: DRENAGEM SUPERFICIAL","OK"))) -> OK
A15: 365ETO0230 | B15: C | C15: 3 | D15: 4 | E15: =D15-C15 -> 1 | H15: X | J15: X | N15: =IF(COUNTA(F15:L15)=0,"— não preenchido",IF(COUNTIF(F15:I15,"X")<>1,"FALTA/DUPLA: CONDIÇÃO DA PLATAFORMA",IF(COUNTIF(J15:L15,"X")<>1,"FALTA/DUPLA: DRENAGEM SUPERFICIAL","OK"))) -> OK
A16: 365ETO0230 | B16: C | C16: 4 | D16: 5 | E16: =D16-C16 -> 1 | H16: X | J16: X | N16: =IF(COUNTA(F16:L16)=0,"— não preenchido",IF(COUNTIF(F16:I16,"X")<>1,"FALTA/DUPLA: CONDIÇÃO DA PLATAFORMA",IF(COUNTIF(J16:L16,"X")<>1,"FALTA/DUPLA: DRENAGEM SUPERFICIAL","OK"))) -> OK
A17: 365ETO0230 | B17: C | C17: 5 | D17: 6 | E17: =D17-C17 -> 1 | H17: X | J17: X | N17: =IF(COUNTA(F17:L17)=0,"— não preenchido",IF(COUNTIF(F17:I17,"X")<>1,"FALTA/DUPLA: CONDIÇÃO DA PLATAFORMA",IF(COUNTIF(J17:L17,"X")<>1,"FALTA/DUPLA: DRENAGEM SUPERFICIAL","OK"))) -> OK
A18: 365ETO0230 | B18: C | C18: 6 | D18: 7 | E18: =D18-C18 -> 1 | H18: X | J18: X | N18: =IF(COUNTA(F18:L18)=0,"— não preenchido",IF(COUNTIF(F18:I18,"X")<>1,"FALTA/DUPLA: CONDIÇÃO DA PLATAFORMA",IF(COUNTIF(J18:L18,"X")<>1,"FALTA/DUPLA: DRENAGEM SUPERFICIAL","OK"))) -> OK
A19: 365ETO0230 | B19: C | C19: 7 | D19: 8 | E19: =D19-C19 -> 1 | H19: X | J19: X | N19: =IF(COUNTA(F19:L19)=0,"— não preenchido",IF(COUNTIF(F19:I19,"X")<>1,"FALTA/DUPLA: CONDIÇÃO DA PLATAFORMA",IF(COUNTIF(J19:L19,"X")<>1,"FALTA/DUPLA: DRENAGEM SUPERFICIAL","OK"))) -> OK
A20: 365ETO0230 | B20: C | C20: 8 | D20: 9 | E20: =D20-C20 -> 1 | H20: X | J20: X | N20: =IF(COUNTA(F20:L20)=0,"— não preenchido",IF(COUNTIF(F20:I20,"X")<>1,"FALTA/DUPLA: CONDIÇÃO DA PLATAFORMA",IF(COUNTIF(J20:L20,"X")<>1,"FALTA/DUPLA: DRENAGEM SUPERFICIAL","OK"))) -> OK
A21: 365ETO0230 | B21: C | C21: 9 | D21: 10 | E21: =D21-C21 -> 1 | H21: X | J21: X | N21: =IF(COUNTA(F21:L21)=0,"— não preenchido",IF(COUNTIF(F21:I21,"X")<>1,"FALTA/DUPLA: CONDIÇÃO DA PLATAFORMA",IF(COUNTIF(J21:L21,"X")<>1,"FALTA/DUPLA: DRENAGEM SUPERFICIAL","OK"))) -> OK
A22: 365ETO0230 | B22: C | C22: 10 | D22: 11 | E22: =D22-C22 -> 1 | H22: X | J22: X | N22: =IF(COUNTA(F22:L22)=0,"— não preenchido",IF(COUNTIF(F22:I22,"X")<>1,"FALTA/DUPLA: CONDIÇÃO DA PLATAFORMA",IF(COUNTIF(J22:L22,"X")<>1,"FALTA/DUPLA: DRENAGEM SUPERFICIAL","OK"))) -> OK
A23: 365ETO0230 | B23: C | C23: 11 | D23: 12 | E23: =D23-C23 -> 1 | H23: X | J23: X | N23: =IF(COUNTA(F23:L23)=0,"— não preenchido",IF(COUNTIF(F23:I23,"X")<>1,"FALTA/DUPLA: CONDIÇÃO DA PLATAFORMA",IF(COUNTIF(J23:L23,"X")<>1,"FALTA/DUPLA: DRENAGEM SUPERFICIAL","OK"))) -> OK
... A43: 365ETO0230 | B43: C | C43: 31 | D43: 31.591065 | E43: =D43-C43 -> 0.59106538 | H43: X | J43: X | N43: =IF(COUNTA(F43:L43)=0,"— não preenchido",IF(COUNTIF(F43:I43,"X")<>1,"FALTA/DUPLA: CONDIÇÃO DA PLATAFORMA",IF(COUNTIF(J43:L43,"X")<>1,"FALTA/DUPLA: DRENAGEM SUPERFICIAL","OK"))) -> OK
A44: S.R.E. 365ETO0240 | ENTR. TO-373 - TREVO DA PRAIA | EOP · Estadual · 3.896 km · início: -11.419316, -48.614256
A45: 365ETO0240 | B45: C | C45: 0 | D45: 1 | E45: =D45-C45 -> 1 | H45: X | L45: X | N45: =IF(COUNTA(F45:L45)=0,"— não preenchido",IF(COUNTIF(F45:I45,"X")<>1,"FALTA/DUPLA: CONDIÇÃO DA PLATAFORMA",IF(COUNTIF(J45:L45,"X")<>1,"FALTA/DUPLA: DRENAGEM SUPERFICIAL","OK"))) -> OK
A46: 365ETO0240 | B46: C | C46: 1 | D46: 2 | E46: =D46-C46 -> 1 | H46: X | J46: X | N46: =IF(COUNTA(F46:L46)=0,"— não preenchido",IF(COUNTIF(F46:I46,"X")<>1,"FALTA/DUPLA: CONDIÇÃO DA PLATAFORMA",IF(COUNTIF(J46:L46,"X")<>1,"FALTA/DUPLA: DRENAGEM SUPERFICIAL","OK"))) -> OK
A47: 365ETO0240 | B47: C | C47: 2 | D47: 3 | E47: =D47-C47 -> 1 | H47: X | J47: X | N47: =IF(COUNTA(F47:L47)=0,"— não preenchido",IF(COUNTIF(F47:I47,"X")<>1,"FALTA/DUPLA: CONDIÇÃO DA PLATAFORMA",IF(COUNTIF(J47:L47,"X")<>1,"FALTA/DUPLA: DRENAGEM SUPERFICIAL","OK"))) -> OK
A48: 365ETO0240 | B48: C | C48: 3 | D48: 3.8962468 | E48: =D48-C48 -> 0.89624683 | H48: X | J48: X | N48: =IF(COUNTA(F48:L48)=0,"— não preenchido",IF(COUNTIF(F48:I48,"X")<>1,"FALTA/DUPLA: CONDIÇÃO DA PLATAFORMA",IF(COUNTIF(J48:L48,"X")<>1,"FALTA/DUPLA: DRENAGEM SUPERFICIAL","OK"))) -> OK
A49: S.R.E. 365ETO0250 | TREVO DA PRAIA - ENTR. BR-153 | EOP · Estadual · 51.915 km · início: -11.439639, -48.640822
A50: 365ETO0250 | B50: C | C50: 0 | D50: 1 | E50: =D50-C50 -> 1 | H50: X | J50: X | N50: =IF(COUNTA(F50:L50)=0,"— não preenchido",IF(COUNTIF(F50:I50,"X")<>1,"FALTA/DUPLA: CONDIÇÃO DA PLATAFORMA",IF(COUNTIF(J50:L50,"X")<>1,"FALTA/DUPLA: DRENAGEM SUPERFICIAL","OK"))) -> OK
A51: 365ETO0250 | B51: C | C51: 1 | D51: 2 | E51: =D51-C51 -> 1 | H51: X | J51: X | N51: =IF(COUNTA(F51:L51)=0,"— não preenchido",IF(COUNTIF(F51:I51,"X")<>1,"FALTA/DUPLA: CONDIÇÃO DA PLATAFORMA",IF(COUNTIF(J51:L51,"X")<>1,"FALTA/DUPLA: DRENAGEM SUPERFICIAL","OK"))) -> OK
A52: 365ETO0250 | B52: C | C52: 2 | D52: 3 | E52: =D52-C52 -> 1 | H52: X | J52: X | N52: =IF(COUNTA(F52:L52)=0,"— não preenchido",IF(COUNTIF(F52:I52,"X")<>1,"FALTA/DUPLA: CONDIÇÃO DA PLATAFORMA",IF(COUNTIF(J52:L52,"X")<>1,"FALTA/DUPLA: DRENAGEM SUPERFICIAL","OK"))) -> OK
A53: 365ETO0250 | B53: C | C53: 3 | D53: 4 | E53: =D53-C53 -> 1 | H53: X | J53: X | N53: =IF(COUNTA(F53:L53)=0,"— não preenchido",IF(COUNTIF(F53:I53,"X")<>1,"FALTA/DUPLA: CONDIÇÃO DA PLATAFORMA",IF(COUNTIF(J53:L53,"X")<>1,"FALTA/DUPLA: DRENAGEM SUPERFICIAL","OK"))) -> OK
A54: 365ETO0250 | B54: C | C54: 4 | D54: 5 | E54: =D54-C54 -> 1 | H54: X | J54: X | N54: =IF(COUNTA(F54:L54)=0,"— não preenchido",IF(COUNTIF(F54:I54,"X")<>1,"FALTA/DUPLA: CONDIÇÃO DA PLATAFORMA",IF(COUNTIF(J54:L54,"X")<>1,"FALTA/DUPLA: DRENAGEM SUPERFICIAL","OK"))) -> OK
A55: 365ETO0250 | B55: C | C55: 5 | D55: 6 | E55: =D55-C55 -> 1 | H55: X | J55: X | N55: =IF(COUNTA(F55:L55)=0,"— não preenchido",IF(COUNTIF(F55:I55,"X")<>1,"FALTA/DUPLA: CONDIÇÃO DA PLATAFORMA",IF(COUNTIF(J55:L55,"X")<>1,"FALTA/DUPLA: DRENAGEM SUPERFICIAL","OK"))) -> OK
A56: 365ETO0250 | B56: C | C56: 6 | D56: 7 | E56: =D56-C56 -> 1 | H56: X | J56: X | N56: =IF(COUNTA(F56:L56)=0,"— não preenchido",IF(COUNTIF(F56:I56,"X")<>1,"FALTA/DUPLA: CONDIÇÃO DA PLATAFORMA",IF(COUNTIF(J56:L56,"X")<>1,"FALTA/DUPLA: DRENAGEM SUPERFICIAL","OK"))) -> OK
A57: 365ETO0250 | B57: C | C57: 7 | D57: 8 | E57: =D57-C57 -> 1 | H57: X | J57: X | N57: =IF(COUNTA(F57:L57)=0,"— não preenchido",IF(COUNTIF(F57:I57,"X")<>1,"FALTA/DUPLA: CONDIÇÃO DA PLATAFORMA",IF(COUNTIF(J57:L57,"X")<>1,"FALTA/DUPLA: DRENAGEM SUPERFICIAL","OK"))) -> OK
A58: 365ETO0250 | B58: C | C58: 8 | D58: 9 | E58: =D58-C58 -> 1 | H58: X | J58: X | N58: =IF(COUNTA(F58:L58)=0,"— não preenchido",IF(COUNTIF(F58:I58,"X")<>1,"FALTA/DUPLA: CONDIÇÃO DA PLATAFORMA",IF(COUNTIF(J58:L58,"X")<>1,"FALTA/DUPLA: DRENAGEM SUPERFICIAL","OK"))) -> OK
A59: 365ETO0250 | B59: C | C59: 9 | D59: 10 | E59: =D59-C59 -> 1 | H59: X | J59: X | N59: =IF(COUNTA(F59:L59)=0,"— não preenchido",IF(COUNTIF(F59:I59,"X")<>1,"FALTA/DUPLA: CONDIÇÃO DA PLATAFORMA",IF(COUNTIF(J59:L59,"X")<>1,"FALTA/DUPLA: DRENAGEM SUPERFICIAL","OK"))) -> OK
A60: 365ETO0250 | B60: C | C60: 10 | D60: 11 | E60: =D60-C60 -> 1 | H60: X | J60: X | N60: =IF(COUNTA(F60:L60)=0,"— não preenchido",IF(COUNTIF(F60:I60,"X")<>1,"FALTA/DUPLA: CONDIÇÃO DA PLATAFORMA",IF(COUNTIF(J60:L60,"X")<>1,"FALTA/DUPLA: DRENAGEM SUPERFICIAL","OK"))) -> OK
A61: 365ETO0250 | B61: C | C61: 11 | D61: 12 | E61: =D61-C61 -> 1 | H61: X | J61: X | N61: =IF(COUNTA(F61:L61)=0,"— não preenchido",IF(COUNTIF(F61:I61,"X")<>1,"FALTA/DUPLA: CONDIÇÃO DA PLATAFORMA",IF(COUNTIF(J61:L61,"X")<>1,"FALTA/DUPLA: DRENAGEM SUPERFICIAL","OK"))) -> OK
... A101: 365ETO0250 | B101: C | C101: 51 | D101: 51.914829 | E101: =D101-C101 -> 0.91482898 | H101: X | J101: X | N101: =IF(COUNTA(F101:L101)=0,"— não preenchido",IF(COUNTIF(F101:I101,"X")<>1,"FALTA/DUPLA: CONDIÇÃO DA PLATAFORMA",IF(COUNTIF(J101:L101,"X")<>1,"FALTA/DUPLA: DRENAGEM SUPERFICIAL","OK"))) -> OK
A103: ____________________________________________ | G103: ____________________________________________
A104: TÉCNICO RESPONSÁVEL PELA INSPEÇÃO | G104: VISTO DA SUPERVISÃO
A106: RESUMO DO TRECHO — KM LANÇADO POR ITEM
A107: KM LANÇADO | F107: =SUMIF(F$9:F$101,"X",$E$9:$E$101) -> 0 | G107: =SUMIF(G$9:G$101,"X",$E$9:$E$101) -> 0 | H107: =SUMIF(H$9:H$101,"X",$E$9:$E$101) -> 89.379777 | I107: =SUMIF(I$9:I$101,"X",$E$9:$E$101) -> 0 | J107: =SUMIF(J$9:J$101,"X",$E$9:$E$101) -> 88.379777 | K107: =SUMIF(K$9:K$101,"X",$E$9:$E$101) -> 0 | L107: =SUMIF(L$9:L$101,"X",$E$9:$E$101) -> 1
A108: % DA EXTENSÃO | F108: =IF($I110=0,0,F107/$I110) -> 0 | G108: =IF($I110=0,0,G107/$I110) -> 0 | H108: =IF($I110=0,0,H107/$I110) -> 1 | I108: =IF($I110=0,0,I107/$I110) -> 0 | J108: =IF($I110=0,0,J107/$I110) -> 0.98881179 | K108: =IF($I110=0,0,K107/$I110) -> 0 | L108: =IF($I110=0,0,L107/$I110) -> 0.011188213
A109: CONFERÊNCIA POR GRUPO | F109: =IF(SUM(F107:I107)=0,"— não preenchido",IF(ROUND(SUM(F107:I107)-$I110,3)=0,"OK — "&ROUND(SUM(F107:I107),3)&" km","ERRO — dif. de "&ROUND(SUM(F107:I107)-$I110,3)&" km")) -> OK — 89,38 km | J109: =IF(SUM(J107:L107)=0,"— não preenchido",IF(ROUND(SUM(J107:L107)-$I110,3)=0,"OK — "&ROUND(SUM(J107:L107),3)&" km","ERRO — dif. de "&ROUND(SUM(J107:L107)-$I110,3)&" km")) -> OK — 89,38 km
A110: EXTENSÃO TOTAL DO TRECHO | I110: =SUM(E9:E101) -> 89.379777 | M110: =COUNTIF(N9:N101,"OK")&" de "&COUNT($E$9:$E$101)&" linhas conferidas" -> 90 de 90 linhas conferidas
A112: LEGENDA
A113: REGULAR | E113: Até 10 irregularidades por km
A114: RUIM | E114: Mais de 10 irregularidades por km
A115: PÉSSIMA | E115: Atoleiro ou ponto crítico
A116: SIT. | E116: LEN = leito natural · EOP = em obras de pavimentação
A117: FAIXA AZUL | E117: Cabeçalho de cada S.R.E.: descrição, situação, jurisdição, extensão e coordenada de início.
A118: INÍCIO / FIM (KM) | E118: Contados de 0 até o fim de CADA S.R.E. Não é o marco quilométrico da rodovia.
A119: SENT. | E119: C = crescente · D = decrescente
A120: FAIXA CINZA | E120: Segmento fora do escopo do contrato: você passa por ele, mas não preenche.
A121: CÉLULA VERMELHA | E121: Mais de uma X no mesmo grupo. Apague uma delas.
A122: CONFERÊNCIA | E122: Só na tela, não sai impresso. Fica OK com uma X em cada grupo.

Sheet 217
A1: PROGRAMA DE MANUTENÇÃO RODOVIÁRIA — FICHA DE INSPEÇÃO — RODOVIAS NÃO PAVIMENTADAS | P1: Valores dos gráficos — troca 0 por N/D para a fatia não aparecer. Não editar.
A2: REGIÃO: 11 — GURUPI | D2: MÊS / ANO: | F2: 46235 | G2: DATA: | J2: TÉCNICO: | K2: ENG. THIAGO BORGES TORQUATO | P2: =IF(F17=0,NA(),F17) -> #N/A | Q2: =IF(G17=0,NA(),G17) -> 2.3779246 | R2: =IF(H17=0,NA(),H17) -> #N/A | S2: =IF(I17=0,NA(),I17) -> #N/A | T2: =IF(J17=0,NA(),J17) -> #N/A | U2: =IF(K17=0,NA(),K17) -> #N/A | V2: =IF(L17=0,NA(),L17) -> 2.3779246
A3: TRECHO 217 — RODOVIA TO-373 - TRECHO ENTR. TO-365 - RIO TOCANTINS (BALSA) | K3: EXTENSÃO: 2,378 km · 1 S.R.E.
A4: COMO PREENCHER: uma X em UMA coluna de cada grupo, por linha. Se houver mais de um defeito no mesmo km, marque o PREDOMINANTE e escreva o resto em OBSERVAÇÕES. A quilometragem é contada de 0 até o fim de CADA S.R.E. (não é o marco da rodovia).
A6: S.R.E. | B6: SENT. | C6: INÍCIO (KM) | D6: FIM (KM) | E6: EXT. (KM) | F6: CONDIÇÃO DA PLATAFORMA | J6: DRENAGEM SUPERFICIAL | M6: OBSERVAÇÕES | N6: CONFERÊNCIA (só na tela)
F7: BOM | G7: REG. (ATÉ 10 IRR./KM) | H7: RUIM (+ 10 IRR./KM) | I7: PÉSSIMA (ATOLEIRO/PTO. CRÍTICO) | J7: LIMPA | K7: OBSTRUÍDA | L7: AUSENTE
A8: S.R.E. 373ETO0100 | ENTR. TO-365 - RIO TOCANTINS (BALSA) | LEN · Estadual · 2.378 km · início: -11.419316, -48.614256
A9: 373ETO0100 | B9: C | C9: 0 | D9: 1 | E9: =D9-C9 -> 1 | G9: X | L9: X | N9: =IF(COUNTA(F9:L9)=0,"— não preenchido",IF(COUNTIF(F9:I9,"X")<>1,"FALTA/DUPLA: CONDIÇÃO DA PLATAFORMA",IF(COUNTIF(J9:L9,"X")<>1,"FALTA/DUPLA: DRENAGEM SUPERFICIAL","OK"))) -> OK
A10: 373ETO0100 | B10: C | C10: 1 | D10: 2 | E10: =D10-C10 -> 1 | G10: X | L10: X | N10: =IF(COUNTA(F10:L10)=0,"— não preenchido",IF(COUNTIF(F10:I10,"X")<>1,"FALTA/DUPLA: CONDIÇÃO DA PLATAFORMA",IF(COUNTIF(J10:L10,"X")<>1,"FALTA/DUPLA: DRENAGEM SUPERFICIAL","OK"))) -> OK
A11: 373ETO0100 | B11: C | C11: 2 | D11: 2.3779246 | E11: =D11-C11 -> 0.37792464 | G11: X | L11: X | N11: =IF(COUNTA(F11:L11)=0,"— não preenchido",IF(COUNTIF(F11:I11,"X")<>1,"FALTA/DUPLA: CONDIÇÃO DA PLATAFORMA",IF(COUNTIF(J11:L11,"X")<>1,"FALTA/DUPLA: DRENAGEM SUPERFICIAL","OK"))) -> OK
A13: ____________________________________________ | G13: ____________________________________________
A14: TÉCNICO RESPONSÁVEL PELA INSPEÇÃO | G14: VISTO DA SUPERVISÃO
A16: RESUMO DO TRECHO — KM LANÇADO POR ITEM
A17: KM LANÇADO | F17: =SUMIF(F$9:F$11,"X",$E$9:$E$11) -> 0 | G17: =SUMIF(G$9:G$11,"X",$E$9:$E$11) -> 2.3779246 | H17: =SUMIF(H$9:H$11,"X",$E$9:$E$11) -> 0 | I17: =SUMIF(I$9:I$11,"X",$E$9:$E$11) -> 0 | J17: =SUMIF(J$9:J$11,"X",$E$9:$E$11) -> 0 | K17: =SUMIF(K$9:K$11,"X",$E$9:$E$11) -> 0 | L17: =SUMIF(L$9:L$11,"X",$E$9:$E$11) -> 2.3779246
A18: % DA EXTENSÃO | F18: =IF($I20=0,0,F17/$I20) -> 0 | G18: =IF($I20=0,0,G17/$I20) -> 1 | H18: =IF($I20=0,0,H17/$I20) -> 0 | I18: =IF($I20=0,0,I17/$I20) -> 0 | J18: =IF($I20=0,0,J17/$I20) -> 0 | K18: =IF($I20=0,0,K17/$I20) -> 0 | L18: =IF($I20=0,0,L17/$I20) -> 1
A19: CONFERÊNCIA POR GRUPO | F19: =IF(SUM(F17:I17)=0,"— não preenchido",IF(ROUND(SUM(F17:I17)-$I20,3)=0,"OK — "&ROUND(SUM(F17:I17),3)&" km","ERRO — dif. de "&ROUND(SUM(F17:I17)-$I20,3)&" km")) -> OK — 2,378 km | J19: =IF(SUM(J17:L17)=0,"— não preenchido",IF(ROUND(SUM(J17:L17)-$I20,3)=0,"OK — "&ROUND(SUM(J17:L17),3)&" km","ERRO — dif. de "&ROUND(SUM(J17:L17)-$I20,3)&" km")) -> OK — 2,378 km
A20: EXTENSÃO TOTAL DO TRECHO | I20: =SUM(E9:E11) -> 2.3779246 | M20: =COUNTIF(N9:N11,"OK")&" de "&COUNT($E$9:$E$11)&" linhas conferidas" -> 3 de 3 linhas conferidas
A22: LEGENDA
A23: REGULAR | E23: Até 10 irregularidades por km
A24: RUIM | E24: Mais de 10 irregularidades por km
A25: PÉSSIMA | E25: Atoleiro ou ponto crítico
A26: SIT. | E26: LEN = leito natural · EOP = em obras de pavimentação
A27: FAIXA AZUL | E27: Cabeçalho de cada S.R.E.: descrição, situação, jurisdição, extensão e coordenada de início.
A28: INÍCIO / FIM (KM) | E28: Contados de 0 até o fim de CADA S.R.E. Não é o marco quilométrico da rodovia.
A29: SENT. | E29: C = crescente · D = decrescente
A30: FAIXA CINZA | E30: Segmento fora do escopo do contrato: você passa por ele, mas não preenche.
A31: CÉLULA VERMELHA | E31: Mais de uma X no mesmo grupo. Apague uma delas.
A32: CONFERÊNCIA | E32: Só na tela, não sai impresso. Fica OK com uma X em cada grupo.

Sheet 221
A1: PROGRAMA DE MANUTENÇÃO RODOVIÁRIA — FICHA DE INSPEÇÃO — RODOVIAS NÃO PAVIMENTADAS | P1: Valores dos gráficos — troca 0 por N/D para a fatia não aparecer. Não editar.
A2: REGIÃO: 11 — GURUPI | D2: MÊS / ANO: | F2: 46235 | G2: DATA: | J2: TÉCNICO: | K2: ENG. THIAGO BORGES TORQUATO | P2: =IF(F92=0,NA(),F92) -> 71.104768 | Q2: =IF(G92=0,NA(),G92) -> 6 | R2: =IF(H92=0,NA(),H92) -> #N/A | S2: =IF(I92=0,NA(),I92) -> #N/A | T2: =IF(J92=0,NA(),J92) -> 37 | U2: =IF(K92=0,NA(),K92) -> 8 | V2: =IF(L92=0,NA(),L92) -> 32.104768
A3: TRECHO 221 — RODOVIA TO-481 - TRECHO DUERÉ - ENTR. TO-181 (CAPAO DO COCO) | K3: EXTENSÃO: 77,105 km · 1 S.R.E.
A4: COMO PREENCHER: uma X em UMA coluna de cada grupo, por linha. Se houver mais de um defeito no mesmo km, marque o PREDOMINANTE e escreva o resto em OBSERVAÇÕES. A quilometragem é contada de 0 até o fim de CADA S.R.E. (não é o marco da rodovia).
A6: S.R.E. | B6: SENT. | C6: INÍCIO (KM) | D6: FIM (KM) | E6: EXT. (KM) | F6: CONDIÇÃO DA PLATAFORMA | J6: DRENAGEM SUPERFICIAL | M6: OBSERVAÇÕES | N6: CONFERÊNCIA (só na tela)
F7: BOM | G7: REG. (ATÉ 10 IRR./KM) | H7: RUIM (+ 10 IRR./KM) | I7: PÉSSIMA (ATOLEIRO/PTO. CRÍTICO) | J7: LIMPA | K7: OBSTRUÍDA | L7: AUSENTE
A8: S.R.E. 481ETO0020 | DUERÉ *TRECHO URBANO* - ENTR. TO-181 (CAPAO DO COCO) | LEN · Estadual · 77.105 km · início: -11.186613, -49.873841
A9: 481ETO0020 | B9: C | C9: 0 | D9: 1 | E9: =D9-C9 -> 1 | F9: X | K9: X | N9: =IF(COUNTA(F9:L9)=0,"— não preenchido",IF(COUNTIF(F9:I9,"X")<>1,"FALTA/DUPLA: CONDIÇÃO DA PLATAFORMA",IF(COUNTIF(J9:L9,"X")<>1,"FALTA/DUPLA: DRENAGEM SUPERFICIAL","OK"))) -> OK
A10: 481ETO0020 | B10: C | C10: 1 | D10: 2 | E10: =D10-C10 -> 1 | F10: X | K10: X | N10: =IF(COUNTA(F10:L10)=0,"— não preenchido",IF(COUNTIF(F10:I10,"X")<>1,"FALTA/DUPLA: CONDIÇÃO DA PLATAFORMA",IF(COUNTIF(J10:L10,"X")<>1,"FALTA/DUPLA: DRENAGEM SUPERFICIAL","OK"))) -> OK
A11: 481ETO0020 | B11: C | C11: 2 | D11: 3 | E11: =D11-C11 -> 1 | F11: X | J11: X | N11: =IF(COUNTA(F11:L11)=0,"— não preenchido",IF(COUNTIF(F11:I11,"X")<>1,"FALTA/DUPLA: CONDIÇÃO DA PLATAFORMA",IF(COUNTIF(J11:L11,"X")<>1,"FALTA/DUPLA: DRENAGEM SUPERFICIAL","OK"))) -> OK
A12: 481ETO0020 | B12: C | C12: 3 | D12: 4 | E12: =D12-C12 -> 1 | F12: X | J12: X | N12: =IF(COUNTA(F12:L12)=0,"— não preenchido",IF(COUNTIF(F12:I12,"X")<>1,"FALTA/DUPLA: CONDIÇÃO DA PLATAFORMA",IF(COUNTIF(J12:L12,"X")<>1,"FALTA/DUPLA: DRENAGEM SUPERFICIAL","OK"))) -> OK
A13: 481ETO0020 | B13: C | C13: 4 | D13: 5 | E13: =D13-C13 -> 1 | F13: X | J13: X | N13: =IF(COUNTA(F13:L13)=0,"— não preenchido",IF(COUNTIF(F13:I13,"X")<>1,"FALTA/DUPLA: CONDIÇÃO DA PLATAFORMA",IF(COUNTIF(J13:L13,"X")<>1,"FALTA/DUPLA: DRENAGEM SUPERFICIAL","OK"))) -> OK
A14: 481ETO0020 | B14: C | C14: 5 | D14: 6 | E14: =D14-C14 -> 1 | F14: X | J14: X | N14: =IF(COUNTA(F14:L14)=0,"— não preenchido",IF(COUNTIF(F14:I14,"X")<>1,"FALTA/DUPLA: CONDIÇÃO DA PLATAFORMA",IF(COUNTIF(J14:L14,"X")<>1,"FALTA/DUPLA: DRENAGEM SUPERFICIAL","OK"))) -> OK
A15: 481ETO0020 | B15: C | C15: 6 | D15: 7 | E15: =D15-C15 -> 1 | F15: X | J15: X | N15: =IF(COUNTA(F15:L15)=0,"— não preenchido",IF(COUNTIF(F15:I15,"X")<>1,"FALTA/DUPLA: CONDIÇÃO DA PLATAFORMA",IF(COUNTIF(J15:L15,"X")<>1,"FALTA/DUPLA: DRENAGEM SUPERFICIAL","OK"))) -> OK
A16: 481ETO0020 | B16: C | C16: 7 | D16: 8 | E16: =D16-C16 -> 1 | F16: X | J16: X | N16: =IF(COUNTA(F16:L16)=0,"— não preenchido",IF(COUNTIF(F16:I16,"X")<>1,"FALTA/DUPLA: CONDIÇÃO DA PLATAFORMA",IF(COUNTIF(J16:L16,"X")<>1,"FALTA/DUPLA: DRENAGEM SUPERFICIAL","OK"))) -> OK
A17: 481ETO0020 | B17: C | C17: 8 | D17: 9 | E17: =D17-C17 -> 1 | F17: X | J17: X | N17: =IF(COUNTA(F17:L17)=0,"— não preenchido",IF(COUNTIF(F17:I17,"X")<>1,"FALTA/DUPLA: CONDIÇÃO DA PLATAFORMA",IF(COUNTIF(J17:L17,"X")<>1,"FALTA/DUPLA: DRENAGEM SUPERFICIAL","OK"))) -> OK
A18: 481ETO0020 | B18: C | C18: 9 | D18: 10 | E18: =D18-C18 -> 1 | F18: X | J18: X | N18: =IF(COUNTA(F18:L18)=0,"— não preenchido",IF(COUNTIF(F18:I18,"X")<>1,"FALTA/DUPLA: CONDIÇÃO DA PLATAFORMA",IF(COUNTIF(J18:L18,"X")<>1,"FALTA/DUPLA: DRENAGEM SUPERFICIAL","OK"))) -> OK
A19: 481ETO0020 | B19: C | C19: 10 | D19: 11 | E19: =D19-C19 -> 1 | F19: X | J19: X | N19: =IF(COUNTA(F19:L19)=0,"— não preenchido",IF(COUNTIF(F19:I19,"X")<>1,"FALTA/DUPLA: CONDIÇÃO DA PLATAFORMA",IF(COUNTIF(J19:L19,"X")<>1,"FALTA/DUPLA: DRENAGEM SUPERFICIAL","OK"))) -> OK
A20: 481ETO0020 | B20: C | C20: 11 | D20: 12 | E20: =D20-C20 -> 1 | F20: X | J20: X | N20: =IF(COUNTA(F20:L20)=0,"— não preenchido",IF(COUNTIF(F20:I20,"X")<>1,"FALTA/DUPLA: CONDIÇÃO DA PLATAFORMA",IF(COUNTIF(J20:L20,"X")<>1,"FALTA/DUPLA: DRENAGEM SUPERFICIAL","OK"))) -> OK
A21: 481ETO0020 | B21: C | C21: 12 | D21: 13 | E21: =D21-C21 -> 1 | F21: X | J21: X | N21: =IF(COUNTA(F21:L21)=0,"— não preenchido",IF(COUNTIF(F21:I21,"X")<>1,"FALTA/DUPLA: CONDIÇÃO DA PLATAFORMA",IF(COUNTIF(J21:L21,"X")<>1,"FALTA/DUPLA: DRENAGEM SUPERFICIAL","OK"))) -> OK
A22: 481ETO0020 | B22: C | C22: 13 | D22: 14 | E22: =D22-C22 -> 1 | F22: X | J22: X | N22: =IF(COUNTA(F22:L22)=0,"— não preenchido",IF(COUNTIF(F22:I22,"X")<>1,"FALTA/DUPLA: CONDIÇÃO DA PLATAFORMA",IF(COUNTIF(J22:L22,"X")<>1,"FALTA/DUPLA: DRENAGEM SUPERFICIAL","OK"))) -> OK
... A37: 481ETO0020 | B37: C | C37: 28 | D37: 29 | E37: =D37-C37 -> 1 | F37: X | J37: X | N37: =IF(COUNTA(F37:L37)=0,"— não preenchido",IF(COUNTIF(F37:I37,"X")<>1,"FALTA/DUPLA: CONDIÇÃO DA PLATAFORMA",IF(COUNTIF(J37:L37,"X")<>1,"FALTA/DUPLA: DRENAGEM SUPERFICIAL","OK"))) -> OK
A38: 481ETO0020 | B38: C | C38: 29 | D38: 30 | E38: =D38-C38 -> 1 | G38: X | K38: X | N38: =IF(COUNTA(F38:L38)=0,"— não preenchido",IF(COUNTIF(F38:I38,"X")<>1,"FALTA/DUPLA: CONDIÇÃO DA PLATAFORMA",IF(COUNTIF(J38:L38,"X")<>1,"FALTA/DUPLA: DRENAGEM SUPERFICIAL","OK"))) -> OK
A39: 481ETO0020 | B39: C | C39: 30 | D39: 31 | E39: =D39-C39 -> 1 | G39: X | K39: X | N39: =IF(COUNTA(F39:L39)=0,"— não preenchido",IF(COUNTIF(F39:I39,"X")<>1,"FALTA/DUPLA: CONDIÇÃO DA PLATAFORMA",IF(COUNTIF(J39:L39,"X")<>1,"FALTA/DUPLA: DRENAGEM SUPERFICIAL","OK"))) -> OK
A40: 481ETO0020 | B40: C | C40: 31 | D40: 32 | E40: =D40-C40 -> 1 | G40: X | K40: X | N40: =IF(COUNTA(F40:L40)=0,"— não preenchido",IF(COUNTIF(F40:I40,"X")<>1,"FALTA/DUPLA: CONDIÇÃO DA PLATAFORMA",IF(COUNTIF(J40:L40,"X")<>1,"FALTA/DUPLA: DRENAGEM SUPERFICIAL","OK"))) -> OK
A41: 481ETO0020 | B41: C | C41: 32 | D41: 33 | E41: =D41-C41 -> 1 | G41: X | K41: X | N41: =IF(COUNTA(F41:L41)=0,"— não preenchido",IF(COUNTIF(F41:I41,"X")<>1,"FALTA/DUPLA: CONDIÇÃO DA PLATAFORMA",IF(COUNTIF(J41:L41,"X")<>1,"FALTA/DUPLA: DRENAGEM SUPERFICIAL","OK"))) -> OK
A42: 481ETO0020 | B42: C | C42: 33 | D42: 34 | E42: =D42-C42 -> 1 | G42: X | K42: X | N42: =IF(COUNTA(F42:L42)=0,"— não preenchido",IF(COUNTIF(F42:I42,"X")<>1,"FALTA/DUPLA: CONDIÇÃO DA PLATAFORMA",IF(COUNTIF(J42:L42,"X")<>1,"FALTA/DUPLA: DRENAGEM SUPERFICIAL","OK"))) -> OK
A43: 481ETO0020 | B43: C | C43: 34 | D43: 35 | E43: =D43-C43 -> 1 | G43: X | K43: X | N43: =IF(COUNTA(F43:L43)=0,"— não preenchido",IF(COUNTIF(F43:I43,"X")<>1,"FALTA/DUPLA: CONDIÇÃO DA PLATAFORMA",IF(COUNTIF(J43:L43,"X")<>1,"FALTA/DUPLA: DRENAGEM SUPERFICIAL","OK"))) -> OK
A44: 481ETO0020 | B44: C | C44: 35 | D44: 36 | E44: =D44-C44 -> 1 | F44: X | J44: X | N44: =IF(COUNTA(F44:L44)=0,"— não preenchido",IF(COUNTIF(F44:I44,"X")<>1,"FALTA/DUPLA: CONDIÇÃO DA PLATAFORMA",IF(COUNTIF(J44:L44,"X")<>1,"FALTA/DUPLA: DRENAGEM SUPERFICIAL","OK"))) -> OK
A45: 481ETO0020 | B45: C | C45: 36 | D45: 37 | E45: =D45-C45 -> 1 | F45: X | J45: X | N45: =IF(COUNTA(F45:L45)=0,"— não preenchido",IF(COUNTIF(F45:I45,"X")<>1,"FALTA/DUPLA: CONDIÇÃO DA PLATAFORMA",IF(COUNTIF(J45:L45,"X")<>1,"FALTA/DUPLA: DRENAGEM SUPERFICIAL","OK"))) -> OK
A46: 481ETO0020 | B46: C | C46: 37 | D46: 38 | E46: =D46-C46 -> 1 | F46: X | J46: X | N46: =IF(COUNTA(F46:L46)=0,"— não preenchido",IF(COUNTIF(F46:I46,"X")<>1,"FALTA/DUPLA: CONDIÇÃO DA PLATAFORMA",IF(COUNTIF(J46:L46,"X")<>1,"FALTA/DUPLA: DRENAGEM SUPERFICIAL","OK"))) -> OK
A47: 481ETO0020 | B47: C | C47: 38 | D47: 39 | E47: =D47-C47 -> 1 | F47: X | J47: X | N47: =IF(COUNTA(F47:L47)=0,"— não preenchido",IF(COUNTIF(F47:I47,"X")<>1,"FALTA/DUPLA: CONDIÇÃO DA PLATAFORMA",IF(COUNTIF(J47:L47,"X")<>1,"FALTA/DUPLA: DRENAGEM SUPERFICIAL","OK"))) -> OK
A48: 481ETO0020 | B48: C | C48: 39 | D48: 40 | E48: =D48-C48 -> 1 | F48: X | J48: X | N48: =IF(COUNTA(F48:L48)=0,"— não preenchido",IF(COUNTIF(F48:I48,"X")<>1,"FALTA/DUPLA: CONDIÇÃO DA PLATAFORMA",IF(COUNTIF(J48:L48,"X")<>1,"FALTA/DUPLA: DRENAGEM SUPERFICIAL","OK"))) -> OK
A49: 481ETO0020 | B49: C | C49: 40 | D49: 41 | E49: =D49-C49 -> 1 | F49: X | J49: X | N49: =IF(COUNTA(F49:L49)=0,"— não preenchido",IF(COUNTIF(F49:I49,"X")<>1,"FALTA/DUPLA: CONDIÇÃO DA PLATAFORMA",IF(COUNTIF(J49:L49,"X")<>1,"FALTA/DUPLA: DRENAGEM SUPERFICIAL","OK"))) -> OK
A50: 481ETO0020 | B50: C | C50: 41 | D50: 42 | E50: =D50-C50 -> 1 | F50: X | J50: X | N50: =IF(COUNTA(F50:L50)=0,"— não preenchido",IF(COUNTIF(F50:I50,"X")<>1,"FALTA/DUPLA: CONDIÇÃO DA PLATAFORMA",IF(COUNTIF(J50:L50,"X")<>1,"FALTA/DUPLA: DRENAGEM SUPERFICIAL","OK"))) -> OK
A51: 481ETO0020 | B51: C | C51: 42 | D51: 43 | E51: =D51-C51 -> 1 | F51: X | J51: X | N51: =IF(COUNTA(F51:L51)=0,"— não preenchido",IF(COUNTIF(F51:I51,"X")<>1,"FALTA/DUPLA: CONDIÇÃO DA PLATAFORMA",IF(COUNTIF(J51:L51,"X")<>1,"FALTA/DUPLA: DRENAGEM SUPERFICIAL","OK"))) -> OK
A52: 481ETO0020 | B52: C | C52: 43 | D52: 44 | E52: =D52-C52 -> 1 | F52: X | J52: X | N52: =IF(COUNTA(F52:L52)=0,"— não preenchido",IF(COUNTIF(F52:I52,"X")<>1,"FALTA/DUPLA: CONDIÇÃO DA PLATAFORMA",IF(COUNTIF(J52:L52,"X")<>1,"FALTA/DUPLA: DRENAGEM SUPERFICIAL","OK"))) -> OK
A53: 481ETO0020 | B53: C | C53: 44 | D53: 45 | E53: =D53-C53 -> 1 | F53: X | J53: X | N53: =IF(COUNTA(F53:L53)=0,"— não preenchido",IF(COUNTIF(F53:I53,"X")<>1,"FALTA/DUPLA: CONDIÇÃO DA PLATAFORMA",IF(COUNTIF(J53:L53,"X")<>1,"FALTA/DUPLA: DRENAGEM SUPERFICIAL","OK"))) -> OK
A54: 481ETO0020 | B54: C | C54: 45 | D54: 46 | E54: =D54-C54 -> 1 | F54: X | L54: X | N54: =IF(COUNTA(F54:L54)=0,"— não preenchido",IF(COUNTIF(F54:I54,"X")<>1,"FALTA/DUPLA: CONDIÇÃO DA PLATAFORMA",IF(COUNTIF(J54:L54,"X")<>1,"FALTA/DUPLA: DRENAGEM SUPERFICIAL","OK"))) -> OK
A55: 481ETO0020 | B55: C | C55: 46 | D55: 47 | E55: =D55-C55 -> 1 | F55: X | L55: X | N55: =IF(COUNTA(F55:L55)=0,"— não preenchido",IF(COUNTIF(F55:I55,"X")<>1,"FALTA/DUPLA: CONDIÇÃO DA PLATAFORMA",IF(COUNTIF(J55:L55,"X")<>1,"FALTA/DUPLA: DRENAGEM SUPERFICIAL","OK"))) -> OK
A56: 481ETO0020 | B56: C | C56: 47 | D56: 48 | E56: =D56-C56 -> 1 | F56: X | L56: X | N56: =IF(COUNTA(F56:L56)=0,"— não preenchido",IF(COUNTIF(F56:I56,"X")<>1,"FALTA/DUPLA: CONDIÇÃO DA PLATAFORMA",IF(COUNTIF(J56:L56,"X")<>1,"FALTA/DUPLA: DRENAGEM SUPERFICIAL","OK"))) -> OK
A57: 481ETO0020 | B57: C | C57: 48 | D57: 49 | E57: =D57-C57 -> 1 | F57: X | L57: X | N57: =IF(COUNTA(F57:L57)=0,"— não preenchido",IF(COUNTIF(F57:I57,"X")<>1,"FALTA/DUPLA: CONDIÇÃO DA PLATAFORMA",IF(COUNTIF(J57:L57,"X")<>1,"FALTA/DUPLA: DRENAGEM SUPERFICIAL","OK"))) -> OK
A58: 481ETO0020 | B58: C | C58: 49 | D58: 50 | E58: =D58-C58 -> 1 | F58: X | L58: X | N58: =IF(COUNTA(F58:L58)=0,"— não preenchido",IF(COUNTIF(F58:I58,"X")<>1,"FALTA/DUPLA: CONDIÇÃO DA PLATAFORMA",IF(COUNTIF(J58:L58,"X")<>1,"FALTA/DUPLA: DRENAGEM SUPERFICIAL","OK"))) -> OK
A59: 481ETO0020 | B59: C | C59: 50 | D59: 51 | E59: =D59-C59 -> 1 | F59: X | L59: X | N59: =IF(COUNTA(F59:L59)=0,"— não preenchido",IF(COUNTIF(F59:I59,"X")<>1,"FALTA/DUPLA: CONDIÇÃO DA PLATAFORMA",IF(COUNTIF(J59:L59,"X")<>1,"FALTA/DUPLA: DRENAGEM SUPERFICIAL","OK"))) -> OK
A60: 481ETO0020 | B60: C | C60: 51 | D60: 52 | E60: =D60-C60 -> 1 | F60: X | L60: X | N60: =IF(COUNTA(F60:L60)=0,"— não preenchido",IF(COUNTIF(F60:I60,"X")<>1,"FALTA/DUPLA: CONDIÇÃO DA PLATAFORMA",IF(COUNTIF(J60:L60,"X")<>1,"FALTA/DUPLA: DRENAGEM SUPERFICIAL","OK"))) -> OK
A61: 481ETO0020 | B61: C | C61: 52 | D61: 53 | E61: =D61-C61 -> 1 | F61: X | L61: X | N61: =IF(COUNTA(F61:L61)=0,"— não preenchido",IF(COUNTIF(F61:I61,"X")<>1,"FALTA/DUPLA: CONDIÇÃO DA PLATAFORMA",IF(COUNTIF(J61:L61,"X")<>1,"FALTA/DUPLA: DRENAGEM SUPERFICIAL","OK"))) -> OK
A62: 481ETO0020 | B62: C | C62: 53 | D62: 54 | E62: =D62-C62 -> 1 | F62: X | L62: X | N62: =IF(COUNTA(F62:L62)=0,"— não preenchido",IF(COUNTIF(F62:I62,"X")<>1,"FALTA/DUPLA: CONDIÇÃO DA PLATAFORMA",IF(COUNTIF(J62:L62,"X")<>1,"FALTA/DUPLA: DRENAGEM SUPERFICIAL","OK"))) -> OK
A63: 481ETO0020 | B63: C | C63: 54 | D63: 55 | E63: =D63-C63 -> 1 | F63: X | L63: X | N63: =IF(COUNTA(F63:L63)=0,"— não preenchido",IF(COUNTIF(F63:I63,"X")<>1,"FALTA/DUPLA: CONDIÇÃO DA PLATAFORMA",IF(COUNTIF(J63:L63,"X")<>1,"FALTA/DUPLA: DRENAGEM SUPERFICIAL","OK"))) -> OK
A64: 481ETO0020 | B64: C | C64: 55 | D64: 56 | E64: =D64-C64 -> 1 | F64: X | L64: X | N64: =IF(COUNTA(F64:L64)=0,"— não preenchido",IF(COUNTIF(F64:I64,"X")<>1,"FALTA/DUPLA: CONDIÇÃO DA PLATAFORMA",IF(COUNTIF(J64:L64,"X")<>1,"FALTA/DUPLA: DRENAGEM SUPERFICIAL","OK"))) -> OK
A65: 481ETO0020 | B65: C | C65: 56 | D65: 57 | E65: =D65-C65 -> 1 | F65: X | L65: X | N65: =IF(COUNTA(F65:L65)=0,"— não preenchido",IF(COUNTIF(F65:I65,"X")<>1,"FALTA/DUPLA: CONDIÇÃO DA PLATAFORMA",IF(COUNTIF(J65:L65,"X")<>1,"FALTA/DUPLA: DRENAGEM SUPERFICIAL","OK"))) -> OK
... A86: 481ETO0020 | B86: C | C86: 77 | D86: 77.104768 | E86: =D86-C86 -> 0.1047681 | F86: X | L86: X | N86: =IF(COUNTA(F86:L86)=0,"— não preenchido",IF(COUNTIF(F86:I86,"X")<>1,"FALTA/DUPLA: CONDIÇÃO DA PLATAFORMA",IF(COUNTIF(J86:L86,"X")<>1,"FALTA/DUPLA: DRENAGEM SUPERFICIAL","OK"))) -> OK
A88: ____________________________________________ | G88: ____________________________________________
A89: TÉCNICO RESPONSÁVEL PELA INSPEÇÃO | G89: VISTO DA SUPERVISÃO
A91: RESUMO DO TRECHO — KM LANÇADO POR ITEM
A92: KM LANÇADO | F92: =SUMIF(F$9:F$86,"X",$E$9:$E$86) -> 71.104768 | G92: =SUMIF(G$9:G$86,"X",$E$9:$E$86) -> 6 | H92: =SUMIF(H$9:H$86,"X",$E$9:$E$86) -> 0 | I92: =SUMIF(I$9:I$86,"X",$E$9:$E$86) -> 0 | J92: =SUMIF(J$9:J$86,"X",$E$9:$E$86) -> 37 | K92: =SUMIF(K$9:K$86,"X",$E$9:$E$86) -> 8 | L92: =SUMIF(L$9:L$86,"X",$E$9:$E$86) -> 32.104768
A93: % DA EXTENSÃO | F93: =IF($I95=0,0,F92/$I95) -> 0.9221838 | G93: =IF($I95=0,0,G92/$I95) -> 0.077816199 | H93: =IF($I95=0,0,H92/$I95) -> 0 | I93: =IF($I95=0,0,I92/$I95) -> 0 | J93: =IF($I95=0,0,J92/$I95) -> 0.47986656 | K93: =IF($I95=0,0,K92/$I95) -> 0.10375493 | L93: =IF($I95=0,0,L92/$I95) -> 0.41637851
A94: CONFERÊNCIA POR GRUPO | F94: =IF(SUM(F92:I92)=0,"— não preenchido",IF(ROUND(SUM(F92:I92)-$I95,3)=0,"OK — "&ROUND(SUM(F92:I92),3)&" km","ERRO — dif. de "&ROUND(SUM(F92:I92)-$I95,3)&" km")) -> OK — 77,105 km | J94: =IF(SUM(J92:L92)=0,"— não preenchido",IF(ROUND(SUM(J92:L92)-$I95,3)=0,"OK — "&ROUND(SUM(J92:L92),3)&" km","ERRO — dif. de "&ROUND(SUM(J92:L92)-$I95,3)&" km")) -> OK — 77,105 km
A95: EXTENSÃO TOTAL DO TRECHO | I95: =SUM(E9:E86) -> 77.104768 | M95: =COUNTIF(N9:N86,"OK")&" de "&COUNT($E$9:$E$86)&" linhas conferidas" -> 78 de 78 linhas conferidas
A97: LEGENDA
A98: REGULAR | E98: Até 10 irregularidades por km
A99: RUIM | E99: Mais de 10 irregularidades por km
A100: PÉSSIMA | E100: Atoleiro ou ponto crítico
A101: SIT. | E101: LEN = leito natural · EOP = em obras de pavimentação
A102: FAIXA AZUL | E102: Cabeçalho de cada S.R.E.: descrição, situação, jurisdição, extensão e coordenada de início.
A103: INÍCIO / FIM (KM) | E103: Contados de 0 até o fim de CADA S.R.E. Não é o marco quilométrico da rodovia.
A104: SENT. | E104: C = crescente · D = decrescente
A105: FAIXA CINZA | E105: Segmento fora do escopo do contrato: você passa por ele, mas não preenche.
A106: CÉLULA VERMELHA | E106: Mais de uma X no mesmo grupo. Apague uma delas.
A107: CONFERÊNCIA | E107: Só na tela, não sai impresso. Fica OK com uma X em cada grupo.

Sheet 222
A1: PROGRAMA DE MANUTENÇÃO RODOVIÁRIA — FICHA DE INSPEÇÃO — RODOVIAS NÃO PAVIMENTADAS | P1: Valores dos gráficos — troca 0 por N/D para a fatia não aparecer. Não editar.
A2: REGIÃO: 11 — GURUPI | D2: MÊS / ANO: | F2: 46235 | G2: DATA: | J2: TÉCNICO: | K2: ENG. THIAGO BORGES TORQUATO | P2: =IF(F53=0,NA(),F53) -> #N/A | Q2: =IF(G53=0,NA(),G53) -> 20 | R2: =IF(H53=0,NA(),H53) -> 18.012738 | S2: =IF(I53=0,NA(),I53) -> #N/A | T2: =IF(J53=0,NA(),J53) -> 38.012738 | U2: =IF(K53=0,NA(),K53) -> #N/A | V2: =IF(L53=0,NA(),L53) -> #N/A
A3: TRECHO 222 — RODOVIA TO-483 - TRECHO SUCUPIRA - FIGUEIRÓPOLIS | K3: EXTENSÃO: 38,013 km · 1 S.R.E.
A4: COMO PREENCHER: uma X em UMA coluna de cada grupo, por linha. Se houver mais de um defeito no mesmo km, marque o PREDOMINANTE e escreva o resto em OBSERVAÇÕES. A quilometragem é contada de 0 até o fim de CADA S.R.E. (não é o marco da rodovia).
A6: S.R.E. | B6: SENT. | C6: INÍCIO (KM) | D6: FIM (KM) | E6: EXT. (KM) | F6: CONDIÇÃO DA PLATAFORMA | J6: DRENAGEM SUPERFICIAL | M6: OBSERVAÇÕES | N6: CONFERÊNCIA (só na tela)
F7: BOM | G7: REG. (ATÉ 10 IRR./KM) | H7: RUIM (+ 10 IRR./KM) | I7: PÉSSIMA (ATOLEIRO/PTO. CRÍTICO) | J7: LIMPA | K7: OBSTRUÍDA | L7: AUSENTE
A8: S.R.E. 483ETO0020 | FIM PAVIMENTAÇÃO - FIGUEIRÓPOLIS *TRECHO URBANO* | LEN · Estadual · 38.013 km · início: -12.021766, -48.92596
A9: 483ETO0020 | B9: C | C9: 0 | D9: 1 | E9: =D9-C9 -> 1 | G9: X | J9: X | N9: =IF(COUNTA(F9:L9)=0,"— não preenchido",IF(COUNTIF(F9:I9,"X")<>1,"FALTA/DUPLA: CONDIÇÃO DA PLATAFORMA",IF(COUNTIF(J9:L9,"X")<>1,"FALTA/DUPLA: DRENAGEM SUPERFICIAL","OK"))) -> OK
A10: 483ETO0020 | B10: C | C10: 1 | D10: 2 | E10: =D10-C10 -> 1 | G10: X | J10: X | N10: =IF(COUNTA(F10:L10)=0,"— não preenchido",IF(COUNTIF(F10:I10,"X")<>1,"FALTA/DUPLA: CONDIÇÃO DA PLATAFORMA",IF(COUNTIF(J10:L10,"X")<>1,"FALTA/DUPLA: DRENAGEM SUPERFICIAL","OK"))) -> OK
A11: 483ETO0020 | B11: C | C11: 2 | D11: 3 | E11: =D11-C11 -> 1 | G11: X | J11: X | N11: =IF(COUNTA(F11:L11)=0,"— não preenchido",IF(COUNTIF(F11:I11,"X")<>1,"FALTA/DUPLA: CONDIÇÃO DA PLATAFORMA",IF(COUNTIF(J11:L11,"X")<>1,"FALTA/DUPLA: DRENAGEM SUPERFICIAL","OK"))) -> OK
A12: 483ETO0020 | B12: C | C12: 3 | D12: 4 | E12: =D12-C12 -> 1 | G12: X | J12: X | N12: =IF(COUNTA(F12:L12)=0,"— não preenchido",IF(COUNTIF(F12:I12,"X")<>1,"FALTA/DUPLA: CONDIÇÃO DA PLATAFORMA",IF(COUNTIF(J12:L12,"X")<>1,"FALTA/DUPLA: DRENAGEM SUPERFICIAL","OK"))) -> OK
A13: 483ETO0020 | B13: C | C13: 4 | D13: 5 | E13: =D13-C13 -> 1 | G13: X | J13: X | N13: =IF(COUNTA(F13:L13)=0,"— não preenchido",IF(COUNTIF(F13:I13,"X")<>1,"FALTA/DUPLA: CONDIÇÃO DA PLATAFORMA",IF(COUNTIF(J13:L13,"X")<>1,"FALTA/DUPLA: DRENAGEM SUPERFICIAL","OK"))) -> OK
A14: 483ETO0020 | B14: C | C14: 5 | D14: 6 | E14: =D14-C14 -> 1 | G14: X | J14: X | N14: =IF(COUNTA(F14:L14)=0,"— não preenchido",IF(COUNTIF(F14:I14,"X")<>1,"FALTA/DUPLA: CONDIÇÃO DA PLATAFORMA",IF(COUNTIF(J14:L14,"X")<>1,"FALTA/DUPLA: DRENAGEM SUPERFICIAL","OK"))) -> OK
A15: 483ETO0020 | B15: C | C15: 6 | D15: 7 | E15: =D15-C15 -> 1 | G15: X | J15: X | N15: =IF(COUNTA(F15:L15)=0,"— não preenchido",IF(COUNTIF(F15:I15,"X")<>1,"FALTA/DUPLA: CONDIÇÃO DA PLATAFORMA",IF(COUNTIF(J15:L15,"X")<>1,"FALTA/DUPLA: DRENAGEM SUPERFICIAL","OK"))) -> OK
A16: 483ETO0020 | B16: C | C16: 7 | D16: 8 | E16: =D16-C16 -> 1 | G16: X | J16: X | N16: =IF(COUNTA(F16:L16)=0,"— não preenchido",IF(COUNTIF(F16:I16,"X")<>1,"FALTA/DUPLA: CONDIÇÃO DA PLATAFORMA",IF(COUNTIF(J16:L16,"X")<>1,"FALTA/DUPLA: DRENAGEM SUPERFICIAL","OK"))) -> OK
A17: 483ETO0020 | B17: C | C17: 8 | D17: 9 | E17: =D17-C17 -> 1 | G17: X | J17: X | N17: =IF(COUNTA(F17:L17)=0,"— não preenchido",IF(COUNTIF(F17:I17,"X")<>1,"FALTA/DUPLA: CONDIÇÃO DA PLATAFORMA",IF(COUNTIF(J17:L17,"X")<>1,"FALTA/DUPLA: DRENAGEM SUPERFICIAL","OK"))) -> OK
A18: 483ETO0020 | B18: C | C18: 9 | D18: 10 | E18: =D18-C18 -> 1 | G18: X | J18: X | N18: =IF(COUNTA(F18:L18)=0,"— não preenchido",IF(COUNTIF(F18:I18,"X")<>1,"FALTA/DUPLA: CONDIÇÃO DA PLATAFORMA",IF(COUNTIF(J18:L18,"X")<>1,"FALTA/DUPLA: DRENAGEM SUPERFICIAL","OK"))) -> OK
A19: 483ETO0020 | B19: C | C19: 10 | D19: 11 | E19: =D19-C19 -> 1 | G19: X | J19: X | N19: =IF(COUNTA(F19:L19)=0,"— não preenchido",IF(COUNTIF(F19:I19,"X")<>1,"FALTA/DUPLA: CONDIÇÃO DA PLATAFORMA",IF(COUNTIF(J19:L19,"X")<>1,"FALTA/DUPLA: DRENAGEM SUPERFICIAL","OK"))) -> OK
A20: 483ETO0020 | B20: C | C20: 11 | D20: 12 | E20: =D20-C20 -> 1 | G20: X | J20: X | N20: =IF(COUNTA(F20:L20)=0,"— não preenchido",IF(COUNTIF(F20:I20,"X")<>1,"FALTA/DUPLA: CONDIÇÃO DA PLATAFORMA",IF(COUNTIF(J20:L20,"X")<>1,"FALTA/DUPLA: DRENAGEM SUPERFICIAL","OK"))) -> OK
... A28: 483ETO0020 | B28: C | C28: 19 | D28: 20 | E28: =D28-C28 -> 1 | G28: X | J28: X | N28: =IF(COUNTA(F28:L28)=0,"— não preenchido",IF(COUNTIF(F28:I28,"X")<>1,"FALTA/DUPLA: CONDIÇÃO DA PLATAFORMA",IF(COUNTIF(J28:L28,"X")<>1,"FALTA/DUPLA: DRENAGEM SUPERFICIAL","OK"))) -> OK
A29: 483ETO0020 | B29: C | C29: 20 | D29: 21 | E29: =D29-C29 -> 1 | H29: X | J29: X | N29: =IF(COUNTA(F29:L29)=0,"— não preenchido",IF(COUNTIF(F29:I29,"X")<>1,"FALTA/DUPLA: CONDIÇÃO DA PLATAFORMA",IF(COUNTIF(J29:L29,"X")<>1,"FALTA/DUPLA: DRENAGEM SUPERFICIAL","OK"))) -> OK
A30: 483ETO0020 | B30: C | C30: 21 | D30: 22 | E30: =D30-C30 -> 1 | H30: X | J30: X | N30: =IF(COUNTA(F30:L30)=0,"— não preenchido",IF(COUNTIF(F30:I30,"X")<>1,"FALTA/DUPLA: CONDIÇÃO DA PLATAFORMA",IF(COUNTIF(J30:L30,"X")<>1,"FALTA/DUPLA: DRENAGEM SUPERFICIAL","OK"))) -> OK
A31: 483ETO0020 | B31: C | C31: 22 | D31: 23 | E31: =D31-C31 -> 1 | H31: X | J31: X | N31: =IF(COUNTA(F31:L31)=0,"— não preenchido",IF(COUNTIF(F31:I31,"X")<>1,"FALTA/DUPLA: CONDIÇÃO DA PLATAFORMA",IF(COUNTIF(J31:L31,"X")<>1,"FALTA/DUPLA: DRENAGEM SUPERFICIAL","OK"))) -> OK
A32: 483ETO0020 | B32: C | C32: 23 | D32: 24 | E32: =D32-C32 -> 1 | H32: X | J32: X | N32: =IF(COUNTA(F32:L32)=0,"— não preenchido",IF(COUNTIF(F32:I32,"X")<>1,"FALTA/DUPLA: CONDIÇÃO DA PLATAFORMA",IF(COUNTIF(J32:L32,"X")<>1,"FALTA/DUPLA: DRENAGEM SUPERFICIAL","OK"))) -> OK
A33: 483ETO0020 | B33: C | C33: 24 | D33: 25 | E33: =D33-C33 -> 1 | H33: X | J33: X | N33: =IF(COUNTA(F33:L33)=0,"— não preenchido",IF(COUNTIF(F33:I33,"X")<>1,"FALTA/DUPLA: CONDIÇÃO DA PLATAFORMA",IF(COUNTIF(J33:L33,"X")<>1,"FALTA/DUPLA: DRENAGEM SUPERFICIAL","OK"))) -> OK
A34: 483ETO0020 | B34: C | C34: 25 | D34: 26 | E34: =D34-C34 -> 1 | H34: X | J34: X | N34: =IF(COUNTA(F34:L34)=0,"— não preenchido",IF(COUNTIF(F34:I34,"X")<>1,"FALTA/DUPLA: CONDIÇÃO DA PLATAFORMA",IF(COUNTIF(J34:L34,"X")<>1,"FALTA/DUPLA: DRENAGEM SUPERFICIAL","OK"))) -> OK
A35: 483ETO0020 | B35: C | C35: 26 | D35: 27 | E35: =D35-C35 -> 1 | H35: X | J35: X | N35: =IF(COUNTA(F35:L35)=0,"— não preenchido",IF(COUNTIF(F35:I35,"X")<>1,"FALTA/DUPLA: CONDIÇÃO DA PLATAFORMA",IF(COUNTIF(J35:L35,"X")<>1,"FALTA/DUPLA: DRENAGEM SUPERFICIAL","OK"))) -> OK
A36: 483ETO0020 | B36: C | C36: 27 | D36: 28 | E36: =D36-C36 -> 1 | H36: X | J36: X | N36: =IF(COUNTA(F36:L36)=0,"— não preenchido",IF(COUNTIF(F36:I36,"X")<>1,"FALTA/DUPLA: CONDIÇÃO DA PLATAFORMA",IF(COUNTIF(J36:L36,"X")<>1,"FALTA/DUPLA: DRENAGEM SUPERFICIAL","OK"))) -> OK
A37: 483ETO0020 | B37: C | C37: 28 | D37: 29 | E37: =D37-C37 -> 1 | H37: X | J37: X | N37: =IF(COUNTA(F37:L37)=0,"— não preenchido",IF(COUNTIF(F37:I37,"X")<>1,"FALTA/DUPLA: CONDIÇÃO DA PLATAFORMA",IF(COUNTIF(J37:L37,"X")<>1,"FALTA/DUPLA: DRENAGEM SUPERFICIAL","OK"))) -> OK
A38: 483ETO0020 | B38: C | C38: 29 | D38: 30 | E38: =D38-C38 -> 1 | H38: X | J38: X | N38: =IF(COUNTA(F38:L38)=0,"— não preenchido",IF(COUNTIF(F38:I38,"X")<>1,"FALTA/DUPLA: CONDIÇÃO DA PLATAFORMA",IF(COUNTIF(J38:L38,"X")<>1,"FALTA/DUPLA: DRENAGEM SUPERFICIAL","OK"))) -> OK
A39: 483ETO0020 | B39: C | C39: 30 | D39: 31 | E39: =D39-C39 -> 1 | H39: X | J39: X | N39: =IF(COUNTA(F39:L39)=0,"— não preenchido",IF(COUNTIF(F39:I39,"X")<>1,"FALTA/DUPLA: CONDIÇÃO DA PLATAFORMA",IF(COUNTIF(J39:L39,"X")<>1,"FALTA/DUPLA: DRENAGEM SUPERFICIAL","OK"))) -> OK
A40: 483ETO0020 | B40: C | C40: 31 | D40: 32 | E40: =D40-C40 -> 1 | H40: X | J40: X | N40: =IF(COUNTA(F40:L40)=0,"— não preenchido",IF(COUNTIF(F40:I40,"X")<>1,"FALTA/DUPLA: CONDIÇÃO DA PLATAFORMA",IF(COUNTIF(J40:L40,"X")<>1,"FALTA/DUPLA: DRENAGEM SUPERFICIAL","OK"))) -> OK
... A47: 483ETO0020 | B47: C | C47: 38 | D47: 38.012738 | E47: =D47-C47 -> 0.012738456 | H47: X | J47: X | N47: =IF(COUNTA(F47:L47)=0,"— não preenchido",IF(COUNTIF(F47:I47,"X")<>1,"FALTA/DUPLA: CONDIÇÃO DA PLATAFORMA",IF(COUNTIF(J47:L47,"X")<>1,"FALTA/DUPLA: DRENAGEM SUPERFICIAL","OK"))) -> OK
A49: ____________________________________________ | G49: ____________________________________________
A50: TÉCNICO RESPONSÁVEL PELA INSPEÇÃO | G50: VISTO DA SUPERVISÃO
A52: RESUMO DO TRECHO — KM LANÇADO POR ITEM
A53: KM LANÇADO | F53: =SUMIF(F$9:F$47,"X",$E$9:$E$47) -> 0 | G53: =SUMIF(G$9:G$47,"X",$E$9:$E$47) -> 20 | H53: =SUMIF(H$9:H$47,"X",$E$9:$E$47) -> 18.012738 | I53: =SUMIF(I$9:I$47,"X",$E$9:$E$47) -> 0 | J53: =SUMIF(J$9:J$47,"X",$E$9:$E$47) -> 38.012738 | K53: =SUMIF(K$9:K$47,"X",$E$9:$E$47) -> 0 | L53: =SUMIF(L$9:L$47,"X",$E$9:$E$47) -> 0
A54: % DA EXTENSÃO | F54: =IF($I56=0,0,F53/$I56) -> 0 | G54: =IF($I56=0,0,G53/$I56) -> 0.52613942 | H54: =IF($I56=0,0,H53/$I56) -> 0.47386058 | I54: =IF($I56=0,0,I53/$I56) -> 0 | J54: =IF($I56=0,0,J53/$I56) -> 1 | K54: =IF($I56=0,0,K53/$I56) -> 0 | L54: =IF($I56=0,0,L53/$I56) -> 0
A55: CONFERÊNCIA POR GRUPO | F55: =IF(SUM(F53:I53)=0,"— não preenchido",IF(ROUND(SUM(F53:I53)-$I56,3)=0,"OK — "&ROUND(SUM(F53:I53),3)&" km","ERRO — dif. de "&ROUND(SUM(F53:I53)-$I56,3)&" km")) -> OK — 38,013 km | J55: =IF(SUM(J53:L53)=0,"— não preenchido",IF(ROUND(SUM(J53:L53)-$I56,3)=0,"OK — "&ROUND(SUM(J53:L53),3)&" km","ERRO — dif. de "&ROUND(SUM(J53:L53)-$I56,3)&" km")) -> OK — 38,013 km
A56: EXTENSÃO TOTAL DO TRECHO | I56: =SUM(E9:E47) -> 38.012738 | M56: =COUNTIF(N9:N47,"OK")&" de "&COUNT($E$9:$E$47)&" linhas conferidas" -> 39 de 39 linhas conferidas
A58: LEGENDA
A59: REGULAR | E59: Até 10 irregularidades por km
A60: RUIM | E60: Mais de 10 irregularidades por km
A61: PÉSSIMA | E61: Atoleiro ou ponto crítico
A62: SIT. | E62: LEN = leito natural · EOP = em obras de pavimentação
A63: FAIXA AZUL | E63: Cabeçalho de cada S.R.E.: descrição, situação, jurisdição, extensão e coordenada de início.
A64: INÍCIO / FIM (KM) | E64: Contados de 0 até o fim de CADA S.R.E. Não é o marco quilométrico da rodovia.
A65: SENT. | E65: C = crescente · D = decrescente
A66: FAIXA CINZA | E66: Segmento fora do escopo do contrato: você passa por ele, mas não preenche.
A67: CÉLULA VERMELHA | E67: Mais de uma X no mesmo grupo. Apague uma delas.
A68: CONFERÊNCIA | E68: Só na tela, não sai impresso. Fica OK com uma X em cada grupo.

Sheet 223
A1: PROGRAMA DE MANUTENÇÃO RODOVIÁRIA — FICHA DE INSPEÇÃO — RODOVIAS NÃO PAVIMENTADAS | P1: Valores dos gráficos — troca 0 por N/D para a fatia não aparecer. Não editar.
A2: REGIÃO: 11 — GURUPI | D2: MÊS / ANO: | F2: 46235 | G2: DATA: | J2: TÉCNICO: | K2: ENG. THIAGO BORGES TORQUATO | P2: =IF(F78=0,NA(),F78) -> #N/A | Q2: =IF(G78=0,NA(),G78) -> 63.874574 | R2: =IF(H78=0,NA(),H78) -> #N/A | S2: =IF(I78=0,NA(),I78) -> #N/A | T2: =IF(J78=0,NA(),J78) -> #N/A | U2: =IF(K78=0,NA(),K78) -> 63.874574 | V2: =IF(L78=0,NA(),L78) -> #N/A
A3: TRECHO 223 — RODOVIA TO-484 - TRECHO FIGUEIRÓPOLIS - KM 64 (RIO FORMOSO) | K3: EXTENSÃO: 63,875 km · 1 S.R.E.
A4: COMO PREENCHER: uma X em UMA coluna de cada grupo, por linha. Se houver mais de um defeito no mesmo km, marque o PREDOMINANTE e escreva o resto em OBSERVAÇÕES. A quilometragem é contada de 0 até o fim de CADA S.R.E. (não é o marco da rodovia).
A6: S.R.E. | B6: SENT. | C6: INÍCIO (KM) | D6: FIM (KM) | E6: EXT. (KM) | F6: CONDIÇÃO DA PLATAFORMA | J6: DRENAGEM SUPERFICIAL | M6: OBSERVAÇÕES | N6: CONFERÊNCIA (só na tela)
F7: BOM | G7: REG. (ATÉ 10 IRR./KM) | H7: RUIM (+ 10 IRR./KM) | I7: PÉSSIMA (ATOLEIRO/PTO. CRÍTICO) | J7: LIMPA | K7: OBSTRUÍDA | L7: AUSENTE
A8: S.R.E. 484ETO0010 | FIGUEIROPOLIS - *FIM TRECHO*- KM 64(RIO FORMOSO) | LEN · Estadual · 63.875 km · início: -12.266032, -49.638529
A9: 484ETO0010 | B9: C | C9: 0 | D9: 1 | E9: =D9-C9 -> 1 | G9: X | K9: X | N9: =IF(COUNTA(F9:L9)=0,"— não preenchido",IF(COUNTIF(F9:I9,"X")<>1,"FALTA/DUPLA: CONDIÇÃO DA PLATAFORMA",IF(COUNTIF(J9:L9,"X")<>1,"FALTA/DUPLA: DRENAGEM SUPERFICIAL","OK"))) -> OK
A10: 484ETO0010 | B10: C | C10: 1 | D10: 2 | E10: =D10-C10 -> 1 | G10: X | K10: X | N10: =IF(COUNTA(F10:L10)=0,"— não preenchido",IF(COUNTIF(F10:I10,"X")<>1,"FALTA/DUPLA: CONDIÇÃO DA PLATAFORMA",IF(COUNTIF(J10:L10,"X")<>1,"FALTA/DUPLA: DRENAGEM SUPERFICIAL","OK"))) -> OK
A11: 484ETO0010 | B11: C | C11: 2 | D11: 3 | E11: =D11-C11 -> 1 | G11: X | K11: X | N11: =IF(COUNTA(F11:L11)=0,"— não preenchido",IF(COUNTIF(F11:I11,"X")<>1,"FALTA/DUPLA: CONDIÇÃO DA PLATAFORMA",IF(COUNTIF(J11:L11,"X")<>1,"FALTA/DUPLA: DRENAGEM SUPERFICIAL","OK"))) -> OK
A12: 484ETO0010 | B12: C | C12: 3 | D12: 4 | E12: =D12-C12 -> 1 | G12: X | K12: X | N12: =IF(COUNTA(F12:L12)=0,"— não preenchido",IF(COUNTIF(F12:I12,"X")<>1,"FALTA/DUPLA: CONDIÇÃO DA PLATAFORMA",IF(COUNTIF(J12:L12,"X")<>1,"FALTA/DUPLA: DRENAGEM SUPERFICIAL","OK"))) -> OK
A13: 484ETO0010 | B13: C | C13: 4 | D13: 5 | E13: =D13-C13 -> 1 | G13: X | K13: X | N13: =IF(COUNTA(F13:L13)=0,"— não preenchido",IF(COUNTIF(F13:I13,"X")<>1,"FALTA/DUPLA: CONDIÇÃO DA PLATAFORMA",IF(COUNTIF(J13:L13,"X")<>1,"FALTA/DUPLA: DRENAGEM SUPERFICIAL","OK"))) -> OK
A14: 484ETO0010 | B14: C | C14: 5 | D14: 6 | E14: =D14-C14 -> 1 | G14: X | K14: X | N14: =IF(COUNTA(F14:L14)=0,"— não preenchido",IF(COUNTIF(F14:I14,"X")<>1,"FALTA/DUPLA: CONDIÇÃO DA PLATAFORMA",IF(COUNTIF(J14:L14,"X")<>1,"FALTA/DUPLA: DRENAGEM SUPERFICIAL","OK"))) -> OK
A15: 484ETO0010 | B15: C | C15: 6 | D15: 7 | E15: =D15-C15 -> 1 | G15: X | K15: X | N15: =IF(COUNTA(F15:L15)=0,"— não preenchido",IF(COUNTIF(F15:I15,"X")<>1,"FALTA/DUPLA: CONDIÇÃO DA PLATAFORMA",IF(COUNTIF(J15:L15,"X")<>1,"FALTA/DUPLA: DRENAGEM SUPERFICIAL","OK"))) -> OK
A16: 484ETO0010 | B16: C | C16: 7 | D16: 8 | E16: =D16-C16 -> 1 | G16: X | K16: X | N16: =IF(COUNTA(F16:L16)=0,"— não preenchido",IF(COUNTIF(F16:I16,"X")<>1,"FALTA/DUPLA: CONDIÇÃO DA PLATAFORMA",IF(COUNTIF(J16:L16,"X")<>1,"FALTA/DUPLA: DRENAGEM SUPERFICIAL","OK"))) -> OK
A17: 484ETO0010 | B17: C | C17: 8 | D17: 9 | E17: =D17-C17 -> 1 | G17: X | K17: X | N17: =IF(COUNTA(F17:L17)=0,"— não preenchido",IF(COUNTIF(F17:I17,"X")<>1,"FALTA/DUPLA: CONDIÇÃO DA PLATAFORMA",IF(COUNTIF(J17:L17,"X")<>1,"FALTA/DUPLA: DRENAGEM SUPERFICIAL","OK"))) -> OK
A18: 484ETO0010 | B18: C | C18: 9 | D18: 10 | E18: =D18-C18 -> 1 | G18: X | K18: X | N18: =IF(COUNTA(F18:L18)=0,"— não preenchido",IF(COUNTIF(F18:I18,"X")<>1,"FALTA/DUPLA: CONDIÇÃO DA PLATAFORMA",IF(COUNTIF(J18:L18,"X")<>1,"FALTA/DUPLA: DRENAGEM SUPERFICIAL","OK"))) -> OK
A19: 484ETO0010 | B19: C | C19: 10 | D19: 11 | E19: =D19-C19 -> 1 | G19: X | K19: X | N19: =IF(COUNTA(F19:L19)=0,"— não preenchido",IF(COUNTIF(F19:I19,"X")<>1,"FALTA/DUPLA: CONDIÇÃO DA PLATAFORMA",IF(COUNTIF(J19:L19,"X")<>1,"FALTA/DUPLA: DRENAGEM SUPERFICIAL","OK"))) -> OK
A20: 484ETO0010 | B20: C | C20: 11 | D20: 12 | E20: =D20-C20 -> 1 | G20: X | K20: X | N20: =IF(COUNTA(F20:L20)=0,"— não preenchido",IF(COUNTIF(F20:I20,"X")<>1,"FALTA/DUPLA: CONDIÇÃO DA PLATAFORMA",IF(COUNTIF(J20:L20,"X")<>1,"FALTA/DUPLA: DRENAGEM SUPERFICIAL","OK"))) -> OK
... A72: 484ETO0010 | B72: C | C72: 63 | D72: 63.874574 | E72: =D72-C72 -> 0.87457367 | G72: X | K72: X | N72: =IF(COUNTA(F72:L72)=0,"— não preenchido",IF(COUNTIF(F72:I72,"X")<>1,"FALTA/DUPLA: CONDIÇÃO DA PLATAFORMA",IF(COUNTIF(J72:L72,"X")<>1,"FALTA/DUPLA: DRENAGEM SUPERFICIAL","OK"))) -> OK
A74: ____________________________________________ | G74: ____________________________________________
A75: TÉCNICO RESPONSÁVEL PELA INSPEÇÃO | G75: VISTO DA SUPERVISÃO
A77: RESUMO DO TRECHO — KM LANÇADO POR ITEM
A78: KM LANÇADO | F78: =SUMIF(F$9:F$72,"X",$E$9:$E$72) -> 0 | G78: =SUMIF(G$9:G$72,"X",$E$9:$E$72) -> 63.874574 | H78: =SUMIF(H$9:H$72,"X",$E$9:$E$72) -> 0 | I78: =SUMIF(I$9:I$72,"X",$E$9:$E$72) -> 0 | J78: =SUMIF(J$9:J$72,"X",$E$9:$E$72) -> 0 | K78: =SUMIF(K$9:K$72,"X",$E$9:$E$72) -> 63.874574 | L78: =SUMIF(L$9:L$72,"X",$E$9:$E$72) -> 0
A79: % DA EXTENSÃO | F79: =IF($I81=0,0,F78/$I81) -> 0 | G79: =IF($I81=0,0,G78/$I81) -> 1 | H79: =IF($I81=0,0,H78/$I81) -> 0 | I79: =IF($I81=0,0,I78/$I81) -> 0 | J79: =IF($I81=0,0,J78/$I81) -> 0 | K79: =IF($I81=0,0,K78/$I81) -> 1 | L79: =IF($I81=0,0,L78/$I81) -> 0
A80: CONFERÊNCIA POR GRUPO | F80: =IF(SUM(F78:I78)=0,"— não preenchido",IF(ROUND(SUM(F78:I78)-$I81,3)=0,"OK — "&ROUND(SUM(F78:I78),3)&" km","ERRO — dif. de "&ROUND(SUM(F78:I78)-$I81,3)&" km")) -> OK — 63,875 km | J80: =IF(SUM(J78:L78)=0,"— não preenchido",IF(ROUND(SUM(J78:L78)-$I81,3)=0,"OK — "&ROUND(SUM(J78:L78),3)&" km","ERRO — dif. de "&ROUND(SUM(J78:L78)-$I81,3)&" km")) -> OK — 63,875 km
A81: EXTENSÃO TOTAL DO TRECHO | I81: =SUM(E9:E72) -> 63.874574 | M81: =COUNTIF(N9:N72,"OK")&" de "&COUNT($E$9:$E$72)&" linhas conferidas" -> 64 de 64 linhas conferidas
A83: LEGENDA
A84: REGULAR | E84: Até 10 irregularidades por km
A85: RUIM | E85: Mais de 10 irregularidades por km
A86: PÉSSIMA | E86: Atoleiro ou ponto crítico
A87: SIT. | E87: LEN = leito natural · EOP = em obras de pavimentação
A88: FAIXA AZUL | E88: Cabeçalho de cada S.R.E.: descrição, situação, jurisdição, extensão e coordenada de início.
A89: INÍCIO / FIM (KM) | E89: Contados de 0 até o fim de CADA S.R.E. Não é o marco quilométrico da rodovia.
A90: SENT. | E90: C = crescente · D = decrescente
A91: FAIXA CINZA | E91: Segmento fora do escopo do contrato: você passa por ele, mas não preenche.
A92: CÉLULA VERMELHA | E92: Mais de uma X no mesmo grupo. Apague uma delas.
A93: CONFERÊNCIA | E93: Só na tela, não sai impresso. Fica OK com uma X em cada grupo.

Sheet LISTAS
A1: TÉCNICOS
A2: ENG. VINÍCIUS RODRIGUES FERREIRA DE OLIVEIRA
A3: LABORATORISTA CLAUDIOMIRO VIEIRA LOPES
