Workbook

Sheet Trechos
A1: RELAÇÃO DE TRECHOS NÃO PAVIMENTADOS R.11
A2: LOTE | B2: N. | C2: TRECHO | D2: S.R.E | E2: SBUTRECHO | F2: EXT.(KM) | G2: TIPO | H2: 45839 | I2: 45870
A3: 11 | B3: 207 | C3: RODOVIA TO-181 - TRECHO ENTR. TO-255 - ENTR. TO-481 (CAPAO DO COCO) | D3: 181ETO0070 | E3: ENTR. TO-255 - ENTR. TO-481 (CAPAO DO COCO) | F3: 65.901646 | G3: LEN
A4: 11 | B4: 208 | C4: RODOVIA TO-181 - TRECHO ENTR. TO-481 (CAPAO DO COCO) - FAZENDA COBRAPE | D4: 181ETO0090 | E4: ENTR. TO-481 (CAPAO DO COCO) - INICIO PAVIMENTAÇÃO (FAZ. COBRAPE) | F4: 41.632983 | G4: LEN
A5: 11 | B5: 211 | C5: RODOVIA TO-181 - TRECHO FUNDAÇÃO BRADESCO - ENTR. TO-070 | D5: 181ETO0150 | E5: FIM PAVIMENTAÇÃO - ENTR. TO-070 | F5: 41.818855 | G5: LEN
A6: 11 | B6: 213 | C6: RODOVIA TO-181 - TRECHO ARAGUAÇU - DIVISA TO-GO | D6: 181ETO0230 | E6: ARAGUAÇU *TRECHO URBANO* - DIV TO-GO | F6: 40.379495 | G6: LEN
A7: 11 | B7: 214 | C7: RODOVIA TO-362 - TRECHO SANTA RITA DO TOCANTINS - BREJINHO DE NAZARÉ | D7: 362ETO0100 | E7: ENTR. BR-153 (STA RITA DO TO) - ENTR. TO-070 (BREJINHO DE NAZARÉ) | F7: 45.214542 | G7: LEN
A8: 11 | B8: 215 | C8: RODOVIA TO-362 - TRECHO BREJINHO DE NAZARÉ - ENTR. TO-365 (ACESSO BALSA) | D8: 362ETO0120 | E8: BREJINHO DE NAZARÉ *TRECHO URBANO* - ENTR. TO-365 | F8: 36.281095 | G8: LEN
A9: 11 | B9: 216 | C9: RODOVIA TO-365 - TRECHO RIO TOCANTINS (BALSA) - TREVO DA PRAIA - ENTR. BR-153 | D9: 365ETO0220 | E9: RIO TOCANTINS (BALSA) - ENTR. TO-362 | F9: 1.9776353 | G9: LEN
A10: 11 | B10: 216 | C10: RODOVIA TO-365 - TRECHO RIO TOCANTINS (BALSA) - TREVO DA PRAIA - ENTR. BR-153 | D10: 365ETO0230 | E10: ENTR. TO-362 - ENTR. TO-373 | F10: 31.591065 | G10: LEN
A11: 11 | B11: 216 | C11: RODOVIA TO-365 - TRECHO RIO TOCANTINS (BALSA) - TREVO DA PRAIA - ENTR. BR-153 | D11: 365ETO0240 | E11: ENTR. TO-373 - TREVO DA PRAIA | F11: 3.8962468 | G11: EOP
A12: 11 | B12: 216 | C12: RODOVIA TO-365 - TRECHO RIO TOCANTINS (BALSA) - TREVO DA PRAIA - ENTR. BR-153 | D12: 365ETO0250 | E12: TREVO DA PRAIA - ENTR. BR-153 | F12: 51.914829 | G12: EOP
A13: 11 | B13: 217 | C13: RODOVIA TO-373 - TRECHO ENTR. TO-365 - RIO TOCANTINS (BALSA) | D13: 373ETO0100 | E13: ENTR. TO-365 - RIO TOCANTINS (BALSA) | F13: 2.3779246 | G13: LEN
A14: 11 | B14: 221 | C14: RODOVIA TO-481 - TRECHO DUERÉ - ENTR. TO-181 (CAPAO DO COCO) | D14: 481ETO0020 | E14: DUERÉ *TRECHO URBANO* - ENTR. TO-181 (CAPAO DO COCO) | F14: 77.104768 | G14: LEN
... A16: 11 | B16: 223 | C16: RODOVIA TO-484 - TRECHO FIGUEIRÓPOLIS - KM 64 (RIO FORMOSO) | D16: 484ETO0010 | E16: FIGUEIROPOLIS - *FIM TRECHO*- KM 64(RIO FORMOSO) | F16: 63.874574 | G16: LEN
F17: =SUM(F3:F16) -> 541.9784

Sheet 207
A1: PROGRAMA DE MANUTENÇÃORODOVIÁRIA | I1: DATA: | J1: 46204 | L1: TÉCNICO RESP. | N1: ENG. THIAGO TORQUATO
F2: RODOVIAS NÃO PAVIMENTADAS
A3: FICHA DE INSPEÇÃO: | B3: =TT!C4 -> RODOVIA TO-181 - TRECHO ENTR. TO-255 - ENTR. TO-481 (CAPAO DO COCO) | L3: REGIÃO: | M3: 11
A5: S.R.E. | B5: SENTIDO | C5: INÍCIO (KM) | D5: FIM (KM) | E5: CONDIÇÃO DA PLATAFORMA | I5: DRENAGEM SUPERFICIAL | L5: OBSERV.
E6: BOM | F6: REG. (ATÉ 10 IRR./KM) | G6: RUÍM (+ 10 IRR./KM) | H6: PÉSSIMA (ATOLEIRO/PTO. CRÍTICO) | I6: LIMPA | J6: OBSTRUÍDA | K6: AUSENTE
A7: 181ETO0070 | B7: c | C7: 0 | D7: 30 | F7: x | I7: x
C8: =D7 -> 30 | D8: 65.9 | G8: X | J8: x
E36: =IF(E7="X",(D7-C7),"0") -> 0 | F36: =IF(F7="X",(D7-C7),"0") -> 30 | G36: =IF(G7="X",(D7-C7),"0") -> 0 | H36: =IF(H7="X",(D7-C7),"0") -> 0 | I36: =IF(I7="X",(D7-C7),"0") -> 30 | J36: =IF(J7="X",(D7-C7),"0") -> 0 | K36: =IF(K7="X",(D7-C7),"0") -> 0
E37: =IF(E8="X",(D8-C8),"0") -> 0 | F37: =IF(F8="X",(D8-C8),"0") -> 0 | G37: =IF(G8="X",(D8-C8),"0") -> 35.9 | H37: =IF(H8="X",(D8-C8),"0") -> 0 | I37: =IF(I8="X",(D8-C8),"0") -> 0 | J37: =IF(J8="X",(D8-C8),"0") -> 35.9 | K37: =IF(K8="X",(D8-C8),"0") -> 0
E38: =IF(E9="X",(D9-C9),"0") -> 0 | F38: =IF(F9="X",(D9-C9),"0") -> 0 | G38: =IF(G9="X",(D9-C9),"0") -> 0 | H38: =IF(H9="X",(D9-C9),"0") -> 0 | I38: =IF(I9="X",(D9-C9),"0") -> 0 | J38: =IF(J9="X",(D9-C9),"0") -> 0 | K38: =IF(K9="X",(D9-C9),"0") -> 0
E39: =IF(E10="X",(D10-C10),"0") -> 0 | F39: =IF(F10="X",(D10-C10),"0") -> 0 | G39: =IF(G10="X",(D10-C10),"0") -> 0 | H39: =IF(H10="X",(D10-C10),"0") -> 0 | I39: =IF(I10="X",(D10-C10),"0") -> 0 | J39: =IF(J10="X",(D10-C10),"0") -> 0 | K39: =IF(K10="X",(D10-C10),"0") -> 0
E40: =IF(E11="X",(D11-C11),"0") -> 0 | F40: =IF(F11="X",(D11-C11),"0") -> 0 | G40: =IF(G11="X",(D11-C11),"0") -> 0 | H40: =IF(H11="X",(D11-C11),"0") -> 0 | I40: =IF(I11="X",(D11-C11),"0") -> 0 | J40: =IF(J11="X",(D11-C11),"0") -> 0 | K40: =IF(K11="X",(D11-C11),"0") -> 0
E41: =IF(E12="X",(D12-C12),"0") -> 0 | F41: =IF(F12="X",(D12-C12),"0") -> 0 | G41: =IF(G12="X",(D12-C12),"0") -> 0 | H41: =IF(H12="X",(D12-C12),"0") -> 0 | I41: =IF(I12="X",(D12-C12),"0") -> 0 | J41: =IF(J12="X",(D12-C12),"0") -> 0 | K41: =IF(K12="X",(D12-C12),"0") -> 0
E42: =IF(E13="X",(D13-C13),"0") -> 0 | F42: =IF(F13="X",(D13-C13),"0") -> 0 | G42: =IF(G13="X",(D13-C13),"0") -> 0 | H42: =IF(H13="X",(D13-C13),"0") -> 0 | I42: =IF(I13="X",(D13-C13),"0") -> 0 | J42: =IF(J13="X",(D13-C13),"0") -> 0 | K42: =IF(K13="X",(D13-C13),"0") -> 0
E43: =IF(E14="X",(D14-C14),"0") -> 0 | F43: =IF(F14="X",(D14-C14),"0") -> 0 | G43: =IF(G14="X",(D14-C14),"0") -> 0 | H43: =IF(H14="X",(D14-C14),"0") -> 0 | I43: =IF(I14="X",(D14-C14),"0") -> 0 | J43: =IF(J14="X",(D14-C14),"0") -> 0 | K43: =IF(K14="X",(D14-C14),"0") -> 0
E44: =IF(E15="X",(D15-C15),"0") -> 0 | F44: =IF(F15="X",(D15-C15),"0") -> 0 | G44: =IF(G15="X",(D15-C15),"0") -> 0 | H44: =IF(H15="X",(D15-C15),"0") -> 0 | I44: =IF(I15="X",(D15-C15),"0") -> 0 | J44: =IF(J15="X",(D15-C15),"0") -> 0 | K44: =IF(K15="X",(D15-C15),"0") -> 0
E45: =IF(E16="X",(D16-C16),"0") -> 0 | F45: =IF(F16="X",(D16-C16),"0") -> 0 | G45: =IF(G16="X",(D16-C16),"0") -> 0 | H45: =IF(H16="X",(D16-C16),"0") -> 0 | I45: =IF(I16="X",(D16-C16),"0") -> 0 | J45: =IF(J16="X",(D16-C16),"0") -> 0 | K45: =IF(K16="X",(D16-C16),"0") -> 0
E46: =IF(E17="X",(D17-C17),"0") -> 0 | F46: =IF(F17="X",(D17-C17),"0") -> 0 | G46: =IF(G17="X",(D17-C17),"0") -> 0 | H46: =IF(H17="X",(D17-C17),"0") -> 0 | I46: =IF(I17="X",(D17-C17),"0") -> 0 | J46: =IF(J17="X",(D17-C17),"0") -> 0 | K46: =IF(K17="X",(D17-C17),"0") -> 0
E47: =IF(E18="X",(D18-C18),"0") -> 0 | F47: =IF(F18="X",(D18-C18),"0") -> 0 | G47: =IF(G18="X",(D18-C18),"0") -> 0 | H47: =IF(H18="X",(D18-C18),"0") -> 0 | I47: =IF(I18="X",(D18-C18),"0") -> 0 | J47: =IF(J18="X",(D18-C18),"0") -> 0 | K47: =IF(K18="X",(D18-C18),"0") -> 0
... E61: =IF(E32="X",(D32-C32),"0") -> 0 | F61: =IF(F32="X",(D32-C32),"0") -> 0 | G61: =IF(G32="X",(D32-C32),"0") -> 0 | H61: =IF(H32="X",(D32-C32),"0") -> 0 | I61: =IF(I32="X",(D32-C32),"0") -> 0 | J61: =IF(J32="X",(D32-C32),"0") -> 0 | K61: =IF(K32="X",(D32-C32),"0") -> 0
E62: =SUM(E36:E61) -> 0 | F62: =SUM(F36:F61) -> 30 | G62: =SUM(G36:G61) -> 35.9 | H62: =SUM(H36:H61) -> 0 | I62: =SUM(I36:I61) -> 30 | J62: =SUM(J36:J61) -> 35.9 | K62: =SUM(K36:K61) -> 0

Sheet 208
A1: PROGRAMA DE MANUTENÇÃORODOVIÁRIA | I1: DATA: | J1: ='207'!J1 -> 46204 | L1: TÉCNICO RESP. | N1: ='207'!N1 -> ENG. THIAGO TORQUATO
F2: RODOVIAS NÃO PAVIMENTADAS
A3: FICHA DE INSPEÇÃO: | B3: =TT!C5 -> RODOVIA TO-181 - TRECHO ENTR. TO-481 (CAPAO DO COCO) - FAZENDA COBRAPE | L3: REGIÃO: | M3: 11
A5: S.R.E. | B5: SENTIDO | C5: INÍCIO (KM) | D5: FIM (KM) | E5: CONDIÇÃO DA PLATAFORMA | I5: DRENAGEM SUPERFICIAL | L5: OBSERV.
E6: BOM | F6: REG. (ATÉ 10 IRR./KM) | G6: RUÍM (+ 10 IRR./KM) | H6: PÉSSIMA (ATOLEIRO/PTO. CRÍTICO) | I6: LIMPA | J6: OBSTRUÍDA | K6: AUSENTE
A8: 181ETO0090 | B8: C | C8: 0 | D8: 20 | E8: X | K8: X
C9: 12 | D9: 41.63 | E9: X | K9: X
C10: 12 | D10: 30 | F10: X | K10: X
C11: 30 | D11: 41.63 | G11: X | K11: X
E37: =IF(E8="X",(D8-C8),"0") -> 20 | F37: =IF(F8="X",(D8-C8),"0") -> 0 | G37: =IF(G8="X",(D8-C8),"0") -> 0 | H37: =IF(H8="X",(D8-C8),"0") -> 0 | I37: =IF(I8="X",(D8-C8),"0") -> 0 | J37: =IF(J8="X",(D8-C8),"0") -> 0 | K37: =IF(K8="X",(D8-C8),"0") -> 20
E38: =IF(E9="X",(D9-C9),"0") -> 29.63 | F38: =IF(F9="X",(D9-C9),"0") -> 0 | G38: =IF(G9="X",(D9-C9),"0") -> 0 | H38: =IF(H9="X",(D9-C9),"0") -> 0 | I38: =IF(I9="X",(D9-C9),"0") -> 0 | J38: =IF(J9="X",(D9-C9),"0") -> 0 | K38: =IF(K9="X",(D9-C9),"0") -> 29.63
E39: =IF(E10="X",(D10-C10),"0") -> 0 | F39: =IF(F10="X",(D10-C10),"0") -> 18 | G39: =IF(G10="X",(D10-C10),"0") -> 0 | H39: =IF(H10="X",(D10-C10),"0") -> 0 | I39: =IF(I10="X",(D10-C10),"0") -> 0 | J39: =IF(J10="X",(D10-C10),"0") -> 0 | K39: =IF(K10="X",(D10-C10),"0") -> 18
E40: =IF(E11="X",(D11-C11),"0") -> 0 | F40: =IF(F11="X",(D11-C11),"0") -> 0 | G40: =IF(G11="X",(D11-C11),"0") -> 11.63 | H40: =IF(H11="X",(D11-C11),"0") -> 0 | I40: =IF(I11="X",(D11-C11),"0") -> 0 | J40: =IF(J11="X",(D11-C11),"0") -> 0 | K40: =IF(K11="X",(D11-C11),"0") -> 11.63
E41: =IF(E12="X",(D12-C12),"0") -> 0 | F41: =IF(F12="X",(D12-C12),"0") -> 0 | G41: =IF(G12="X",(D12-C12),"0") -> 0 | H41: =IF(H12="X",(D12-C12),"0") -> 0 | I41: =IF(I12="X",(D12-C12),"0") -> 0 | J41: =IF(J12="X",(D12-C12),"0") -> 0 | K41: =IF(K12="X",(D12-C12),"0") -> 0
E42: =IF(E13="X",(D13-C13),"0") -> 0 | F42: =IF(F13="X",(D13-C13),"0") -> 0 | G42: =IF(G13="X",(D13-C13),"0") -> 0 | H42: =IF(H13="X",(D13-C13),"0") -> 0 | I42: =IF(I13="X",(D13-C13),"0") -> 0 | J42: =IF(J13="X",(D13-C13),"0") -> 0 | K42: =IF(K13="X",(D13-C13),"0") -> 0
E43: =IF(E14="X",(D14-C14),"0") -> 0 | F43: =IF(F14="X",(D14-C14),"0") -> 0 | G43: =IF(G14="X",(D14-C14),"0") -> 0 | H43: =IF(H14="X",(D14-C14),"0") -> 0 | I43: =IF(I14="X",(D14-C14),"0") -> 0 | J43: =IF(J14="X",(D14-C14),"0") -> 0 | K43: =IF(K14="X",(D14-C14),"0") -> 0
E44: =IF(E15="X",(D15-C15),"0") -> 0 | F44: =IF(F15="X",(D15-C15),"0") -> 0 | G44: =IF(G15="X",(D15-C15),"0") -> 0 | H44: =IF(H15="X",(D15-C15),"0") -> 0 | I44: =IF(I15="X",(D15-C15),"0") -> 0 | J44: =IF(J15="X",(D15-C15),"0") -> 0 | K44: =IF(K15="X",(D15-C15),"0") -> 0
E45: =IF(E16="X",(D16-C16),"0") -> 0 | F45: =IF(F16="X",(D16-C16),"0") -> 0 | G45: =IF(G16="X",(D16-C16),"0") -> 0 | H45: =IF(H16="X",(D16-C16),"0") -> 0 | I45: =IF(I16="X",(D16-C16),"0") -> 0 | J45: =IF(J16="X",(D16-C16),"0") -> 0 | K45: =IF(K16="X",(D16-C16),"0") -> 0
E46: =IF(E17="X",(D17-C17),"0") -> 0 | F46: =IF(F17="X",(D17-C17),"0") -> 0 | G46: =IF(G17="X",(D17-C17),"0") -> 0 | H46: =IF(H17="X",(D17-C17),"0") -> 0 | I46: =IF(I17="X",(D17-C17),"0") -> 0 | J46: =IF(J17="X",(D17-C17),"0") -> 0 | K46: =IF(K17="X",(D17-C17),"0") -> 0
E47: =IF(E18="X",(D18-C18),"0") -> 0 | F47: =IF(F18="X",(D18-C18),"0") -> 0 | G47: =IF(G18="X",(D18-C18),"0") -> 0 | H47: =IF(H18="X",(D18-C18),"0") -> 0 | I47: =IF(I18="X",(D18-C18),"0") -> 0 | J47: =IF(J18="X",(D18-C18),"0") -> 0 | K47: =IF(K18="X",(D18-C18),"0") -> 0
E48: =IF(E19="X",(D19-C19),"0") -> 0 | F48: =IF(F19="X",(D19-C19),"0") -> 0 | G48: =IF(G19="X",(D19-C19),"0") -> 0 | H48: =IF(H19="X",(D19-C19),"0") -> 0 | I48: =IF(I19="X",(D19-C19),"0") -> 0 | J48: =IF(J19="X",(D19-C19),"0") -> 0 | K48: =IF(K19="X",(D19-C19),"0") -> 0
... E62: =IF(E33="X",(D33-C33),"0") -> 0 | F62: =IF(F33="X",(D33-C33),"0") -> 0 | G62: =IF(G33="X",(D33-C33),"0") -> 0 | H62: =IF(H33="X",(D33-C33),"0") -> 0 | I62: =IF(I33="X",(D33-C33),"0") -> 0 | J62: =IF(J33="X",(D33-C33),"0") -> 0 | K62: =IF(K33="X",(D33-C33),"0") -> 0
E63: =SUM(E37:E62) -> 49.63 | F63: =SUM(F37:F62) -> 18 | G63: =SUM(G37:G62) -> 11.63 | H63: =SUM(H37:H62) -> 0 | I63: =SUM(I37:I62) -> 0 | J63: =SUM(J37:J62) -> 0 | K63: =SUM(K37:K62) -> 79.26

Sheet 211
A1: PROGRAMA DE MANUTENÇÃORODOVIÁRIA | I1: DATA: | J1: ='207'!J1 -> 46204 | L1: TÉCNICO RESP. | N1: ='207'!N1 -> ENG. THIAGO TORQUATO
F2: RODOVIAS NÃO PAVIMENTADAS
A3: FICHA DE INSPEÇÃO: | B3: =TT!C6 -> RODOVIA TO-181 - TRECHO FUNDAÇÃO BRADESCO - ENTR. TO-070 | L3: REGIÃO: | M3: 11
A5: S.R.E. | B5: SENTIDO | C5: INÍCIO (KM) | D5: FIM (KM) | E5: CONDIÇÃO DA PLATAFORMA | I5: DRENAGEM SUPERFICIAL | L5: OBSERV.
E6: BOM | F6: REG. (ATÉ 10 IRR./KM) | G6: RUÍM (+ 10 IRR./KM) | H6: PÉSSIMA (ATOLEIRO/PTO. CRÍTICO) | I6: LIMPA | J6: OBSTRUÍDA | K6: AUSENTE
A7: 181ETO0150 | B7: D | C7: 0 | D7: 30 | F7: X | J7: X
C8: 30 | D8: 41.82 | G8: X | J8: X
E36: =IF(E7="X",(D7-C7),"0") -> 0 | F36: =IF(F7="X",(D7-C7),"0") -> 30 | G36: =IF(G7="X",(D7-C7),"0") -> 0 | H36: =IF(H7="X",(D7-C7),"0") -> 0 | I36: =IF(I7="X",(D7-C7),"0") -> 0 | J36: =IF(J7="X",(D7-C7),"0") -> 30 | K36: =IF(K7="X",(D7-C7),"0") -> 0
E37: =IF(E8="X",(D8-C8),"0") -> 0 | F37: =IF(F8="X",(D8-C8),"0") -> 0 | G37: =IF(G8="X",(D8-C8),"0") -> 11.82 | H37: =IF(H8="X",(D8-C8),"0") -> 0 | I37: =IF(I8="X",(D8-C8),"0") -> 0 | J37: =IF(J8="X",(D8-C8),"0") -> 11.82 | K37: =IF(K8="X",(D8-C8),"0") -> 0
E38: =IF(E9="X",(D9-C9),"0") -> 0 | F38: =IF(F9="X",(D9-C9),"0") -> 0 | G38: =IF(G9="X",(D9-C9),"0") -> 0 | H38: =IF(H9="X",(D9-C9),"0") -> 0 | I38: =IF(I9="X",(D9-C9),"0") -> 0 | J38: =IF(J9="X",(D9-C9),"0") -> 0 | K38: =IF(K9="X",(D9-C9),"0") -> 0
E39: =IF(E10="X",(D10-C10),"0") -> 0 | F39: =IF(F10="X",(D10-C10),"0") -> 0 | G39: =IF(G10="X",(D10-C10),"0") -> 0 | H39: =IF(H10="X",(D10-C10),"0") -> 0 | I39: =IF(I10="X",(D10-C10),"0") -> 0 | J39: =IF(J10="X",(D10-C10),"0") -> 0 | K39: =IF(K10="X",(D10-C10),"0") -> 0
E40: =IF(E11="X",(D11-C11),"0") -> 0 | F40: =IF(F11="X",(D11-C11),"0") -> 0 | G40: =IF(G11="X",(D11-C11),"0") -> 0 | H40: =IF(H11="X",(D11-C11),"0") -> 0 | I40: =IF(I11="X",(D11-C11),"0") -> 0 | J40: =IF(J11="X",(D11-C11),"0") -> 0 | K40: =IF(K11="X",(D11-C11),"0") -> 0
E41: =IF(E12="X",(D12-C12),"0") -> 0 | F41: =IF(F12="X",(D12-C12),"0") -> 0 | G41: =IF(G12="X",(D12-C12),"0") -> 0 | H41: =IF(H12="X",(D12-C12),"0") -> 0 | I41: =IF(I12="X",(D12-C12),"0") -> 0 | J41: =IF(J12="X",(D12-C12),"0") -> 0 | K41: =IF(K12="X",(D12-C12),"0") -> 0
E42: =IF(E13="X",(D13-C13),"0") -> 0 | F42: =IF(F13="X",(D13-C13),"0") -> 0 | G42: =IF(G13="X",(D13-C13),"0") -> 0 | H42: =IF(H13="X",(D13-C13),"0") -> 0 | I42: =IF(I13="X",(D13-C13),"0") -> 0 | J42: =IF(J13="X",(D13-C13),"0") -> 0 | K42: =IF(K13="X",(D13-C13),"0") -> 0
E43: =IF(E14="X",(D14-C14),"0") -> 0 | F43: =IF(F14="X",(D14-C14),"0") -> 0 | G43: =IF(G14="X",(D14-C14),"0") -> 0 | H43: =IF(H14="X",(D14-C14),"0") -> 0 | I43: =IF(I14="X",(D14-C14),"0") -> 0 | J43: =IF(J14="X",(D14-C14),"0") -> 0 | K43: =IF(K14="X",(D14-C14),"0") -> 0
E44: =IF(E15="X",(D15-C15),"0") -> 0 | F44: =IF(F15="X",(D15-C15),"0") -> 0 | G44: =IF(G15="X",(D15-C15),"0") -> 0 | H44: =IF(H15="X",(D15-C15),"0") -> 0 | I44: =IF(I15="X",(D15-C15),"0") -> 0 | J44: =IF(J15="X",(D15-C15),"0") -> 0 | K44: =IF(K15="X",(D15-C15),"0") -> 0
E45: =IF(E16="X",(D16-C16),"0") -> 0 | F45: =IF(F16="X",(D16-C16),"0") -> 0 | G45: =IF(G16="X",(D16-C16),"0") -> 0 | H45: =IF(H16="X",(D16-C16),"0") -> 0 | I45: =IF(I16="X",(D16-C16),"0") -> 0 | J45: =IF(J16="X",(D16-C16),"0") -> 0 | K45: =IF(K16="X",(D16-C16),"0") -> 0
E46: =IF(E17="X",(D17-C17),"0") -> 0 | F46: =IF(F17="X",(D17-C17),"0") -> 0 | G46: =IF(G17="X",(D17-C17),"0") -> 0 | H46: =IF(H17="X",(D17-C17),"0") -> 0 | I46: =IF(I17="X",(D17-C17),"0") -> 0 | J46: =IF(J17="X",(D17-C17),"0") -> 0 | K46: =IF(K17="X",(D17-C17),"0") -> 0
E47: =IF(E18="X",(D18-C18),"0") -> 0 | F47: =IF(F18="X",(D18-C18),"0") -> 0 | G47: =IF(G18="X",(D18-C18),"0") -> 0 | H47: =IF(H18="X",(D18-C18),"0") -> 0 | I47: =IF(I18="X",(D18-C18),"0") -> 0 | J47: =IF(J18="X",(D18-C18),"0") -> 0 | K47: =IF(K18="X",(D18-C18),"0") -> 0
... E61: =IF(E32="X",(D32-C32),"0") -> 0 | F61: =IF(F32="X",(D32-C32),"0") -> 0 | G61: =IF(G32="X",(D32-C32),"0") -> 0 | H61: =IF(H32="X",(D32-C32),"0") -> 0 | I61: =IF(I32="X",(D32-C32),"0") -> 0 | J61: =IF(J32="X",(D32-C32),"0") -> 0 | K61: =IF(K32="X",(D32-C32),"0") -> 0
E62: =SUM(E36:E61) -> 0 | F62: =SUM(F36:F61) -> 30 | G62: =SUM(G36:G61) -> 11.82 | H62: =SUM(H36:H61) -> 0 | I62: =SUM(I36:I61) -> 0 | J62: =SUM(J36:J61) -> 41.82 | K62: =SUM(K36:K61) -> 0

Sheet 213
A1: PROGRAMA DE MANUTENÇÃORODOVIÁRIA | I1: DATA: | J1: ='207'!J1 -> 46204 | L1: TÉCNICO RESP. | N1: ='207'!N1 -> ENG. THIAGO TORQUATO
F2: RODOVIAS NÃO PAVIMENTADAS
A3: FICHA DE INSPEÇÃO: | B3: =TT!C7 -> RODOVIA TO-181 - TRECHO ARAGUAÇU - DIVISA TO-GO | L3: REGIÃO: | M3: 11
A5: S.R.E. | B5: SENTIDO | C5: INÍCIO (KM) | D5: FIM (KM) | E5: CONDIÇÃO DA PLATAFORMA | I5: DRENAGEM SUPERFICIAL | L5: OBSERV.
E6: BOM | F6: REG. (ATÉ 10 IRR./KM) | G6: RUÍM (+ 10 IRR./KM) | H6: PÉSSIMA (ATOLEIRO/PTO. CRÍTICO) | I6: LIMPA | J6: OBSTRUÍDA | K6: AUSENTE
A7: 181ETO0230 | B7: D | C7: 0 | D7: 13 | H7: X | J7: X | K7: X
C8: =D7 -> 13 | D8: 40.38 | G8: X | J8: X | K8: X
E36: =IF(E7="X",(D7-C7),"0") -> 0 | F36: =IF(F7="X",(D7-C7),"0") -> 0 | G36: =IF(G7="X",(D7-C7),"0") -> 0 | H36: =IF(H7="X",(D7-C7),"0") -> 13 | I36: =IF(I7="X",(D7-C7),"0") -> 0 | J36: =IF(J7="X",(D7-C7),"0") -> 13 | K36: =IF(K7="X",(D7-C7),"0") -> 13
E37: =IF(E8="X",(D8-C8),"0") -> 0 | F37: =IF(F8="X",(D8-C8),"0") -> 0 | G37: =IF(G8="X",(D8-C8),"0") -> 27.38 | H37: =IF(H8="X",(D8-C8),"0") -> 0 | I37: =IF(I8="X",(D8-C8),"0") -> 0 | J37: =IF(J8="X",(D8-C8),"0") -> 27.38 | K37: =IF(K8="X",(D8-C8),"0") -> 27.38
E38: =IF(E9="X",(D9-C9),"0") -> 0 | F38: =IF(F9="X",(D9-C9),"0") -> 0 | G38: =IF(G9="X",(D9-C9),"0") -> 0 | H38: =IF(H9="X",(D9-C9),"0") -> 0 | I38: =IF(I9="X",(D9-C9),"0") -> 0 | J38: =IF(J9="X",(D9-C9),"0") -> 0 | K38: =IF(K9="X",(D9-C9),"0") -> 0
E39: =IF(E10="X",(D10-C10),"0") -> 0 | F39: =IF(F10="X",(D10-C10),"0") -> 0 | G39: =IF(G10="X",(D10-C10),"0") -> 0 | H39: =IF(H10="X",(D10-C10),"0") -> 0 | I39: =IF(I10="X",(D10-C10),"0") -> 0 | J39: =IF(J10="X",(D10-C10),"0") -> 0 | K39: =IF(K10="X",(D10-C10),"0") -> 0
E40: =IF(E11="X",(D11-C11),"0") -> 0 | F40: =IF(F11="X",(D11-C11),"0") -> 0 | G40: =IF(G11="X",(D11-C11),"0") -> 0 | H40: =IF(H11="X",(D11-C11),"0") -> 0 | I40: =IF(I11="X",(D11-C11),"0") -> 0 | J40: =IF(J11="X",(D11-C11),"0") -> 0 | K40: =IF(K11="X",(D11-C11),"0") -> 0
E41: =IF(E12="X",(D12-C12),"0") -> 0 | F41: =IF(F12="X",(D12-C12),"0") -> 0 | G41: =IF(G12="X",(D12-C12),"0") -> 0 | H41: =IF(H12="X",(D12-C12),"0") -> 0 | I41: =IF(I12="X",(D12-C12),"0") -> 0 | J41: =IF(J12="X",(D12-C12),"0") -> 0 | K41: =IF(K12="X",(D12-C12),"0") -> 0
E42: =IF(E13="X",(D13-C13),"0") -> 0 | F42: =IF(F13="X",(D13-C13),"0") -> 0 | G42: =IF(G13="X",(D13-C13),"0") -> 0 | H42: =IF(H13="X",(D13-C13),"0") -> 0 | I42: =IF(I13="X",(D13-C13),"0") -> 0 | J42: =IF(J13="X",(D13-C13),"0") -> 0 | K42: =IF(K13="X",(D13-C13),"0") -> 0
E43: =IF(E14="X",(D14-C14),"0") -> 0 | F43: =IF(F14="X",(D14-C14),"0") -> 0 | G43: =IF(G14="X",(D14-C14),"0") -> 0 | H43: =IF(H14="X",(D14-C14),"0") -> 0 | I43: =IF(I14="X",(D14-C14),"0") -> 0 | J43: =IF(J14="X",(D14-C14),"0") -> 0 | K43: =IF(K14="X",(D14-C14),"0") -> 0
E44: =IF(E15="X",(D15-C15),"0") -> 0 | F44: =IF(F15="X",(D15-C15),"0") -> 0 | G44: =IF(G15="X",(D15-C15),"0") -> 0 | H44: =IF(H15="X",(D15-C15),"0") -> 0 | I44: =IF(I15="X",(D15-C15),"0") -> 0 | J44: =IF(J15="X",(D15-C15),"0") -> 0 | K44: =IF(K15="X",(D15-C15),"0") -> 0
E45: =IF(E16="X",(D16-C16),"0") -> 0 | F45: =IF(F16="X",(D16-C16),"0") -> 0 | G45: =IF(G16="X",(D16-C16),"0") -> 0 | H45: =IF(H16="X",(D16-C16),"0") -> 0 | I45: =IF(I16="X",(D16-C16),"0") -> 0 | J45: =IF(J16="X",(D16-C16),"0") -> 0 | K45: =IF(K16="X",(D16-C16),"0") -> 0
E46: =IF(E17="X",(D17-C17),"0") -> 0 | F46: =IF(F17="X",(D17-C17),"0") -> 0 | G46: =IF(G17="X",(D17-C17),"0") -> 0 | H46: =IF(H17="X",(D17-C17),"0") -> 0 | I46: =IF(I17="X",(D17-C17),"0") -> 0 | J46: =IF(J17="X",(D17-C17),"0") -> 0 | K46: =IF(K17="X",(D17-C17),"0") -> 0
E47: =IF(E18="X",(D18-C18),"0") -> 0 | F47: =IF(F18="X",(D18-C18),"0") -> 0 | G47: =IF(G18="X",(D18-C18),"0") -> 0 | H47: =IF(H18="X",(D18-C18),"0") -> 0 | I47: =IF(I18="X",(D18-C18),"0") -> 0 | J47: =IF(J18="X",(D18-C18),"0") -> 0 | K47: =IF(K18="X",(D18-C18),"0") -> 0
... E61: =IF(E32="X",(D32-C32),"0") -> 0 | F61: =IF(F32="X",(D32-C32),"0") -> 0 | G61: =IF(G32="X",(D32-C32),"0") -> 0 | H61: =IF(H32="X",(D32-C32),"0") -> 0 | I61: =IF(I32="X",(D32-C32),"0") -> 0 | J61: =IF(J32="X",(D32-C32),"0") -> 0 | K61: =IF(K32="X",(D32-C32),"0") -> 0
E62: =SUM(E36:E61) -> 0 | F62: =SUM(F36:F61) -> 0 | G62: =SUM(G36:G61) -> 27.38 | H62: =SUM(H36:H61) -> 13 | I62: =SUM(I36:I61) -> 0 | J62: =SUM(J36:J61) -> 40.38 | K62: =SUM(K36:K61) -> 40.38

Sheet 214
A1: PROGRAMA DE MANUTENÇÃORODOVIÁRIA | I1: DATA: | J1: ='207'!J1 -> 46204 | L1: TÉCNICO RESP. | N1: ='207'!N1 -> ENG. THIAGO TORQUATO
F2: RODOVIAS NÃO PAVIMENTADAS
A3: FICHA DE INSPEÇÃO: | B3: =TT!C8 -> RODOVIA TO-362 - TRECHO SANTA RITA DO TOCANTINS - BREJINHO DE NAZARÉ | L3: REGIÃO: | M3: 11
A5: S.R.E. | B5: SENTIDO | C5: INÍCIO (KM) | D5: FIM (KM) | E5: CONDIÇÃO DA PLATAFORMA | I5: DRENAGEM SUPERFICIAL | L5: OBSERV.
E6: BOM | F6: REG. (ATÉ 10 IRR./KM) | G6: RUÍM (+ 10 IRR./KM) | H6: PÉSSIMA (ATOLEIRO/PTO. CRÍTICO) | I6: LIMPA | J6: OBSTRUÍDA | K6: AUSENTE
A7: 362ETO0100 | B7: C | C7: 0 | D7: 2 | F7: X | I7: X
C8: 2 | D8: 15 | F8: X | I8: X
C9: 15 | D9: 17 | G9: X | I9: X
C10: 17 | D10: 18.5 | G10: X | I10: X
C11: 18.5 | D11: 35 | G11: X | I11: X
C12: 35 | D12: 40 | G12: X | I12: X
C13: 40 | D13: 42 | G13: X | I13: X
C14: 42 | D14: 45.21 | G14: X | I14: X
E36: =IF(E7="X",(D7-C7),"0") -> 0 | F36: =IF(F7="X",(D7-C7),"0") -> 2 | G36: =IF(G7="X",(D7-C7),"0") -> 0 | H36: =IF(H7="X",(D7-C7),"0") -> 0 | I36: =IF(I7="X",(D7-C7),"0") -> 2 | J36: =IF(J7="X",(D7-C7),"0") -> 0 | K36: =IF(K7="X",(D7-C7),"0") -> 0
E37: =IF(E8="X",(D8-C8),"0") -> 0 | F37: =IF(F8="X",(D8-C8),"0") -> 13 | G37: =IF(G8="X",(D8-C8),"0") -> 0 | H37: =IF(H8="X",(D8-C8),"0") -> 0 | I37: =IF(I8="X",(D8-C8),"0") -> 13 | J37: =IF(J8="X",(D8-C8),"0") -> 0 | K37: =IF(K8="X",(D8-C8),"0") -> 0
E38: =IF(E9="X",(D9-C9),"0") -> 0 | F38: =IF(F9="X",(D9-C9),"0") -> 0 | G38: =IF(G9="X",(D9-C9),"0") -> 2 | H38: =IF(H9="X",(D9-C9),"0") -> 0 | I38: =IF(I9="X",(D9-C9),"0") -> 2 | J38: =IF(J9="X",(D9-C9),"0") -> 0 | K38: =IF(K9="X",(D9-C9),"0") -> 0
E39: =IF(E10="X",(D10-C10),"0") -> 0 | F39: =IF(F10="X",(D10-C10),"0") -> 0 | G39: =IF(G10="X",(D10-C10),"0") -> 1.5 | H39: =IF(H10="X",(D10-C10),"0") -> 0 | I39: =IF(I10="X",(D10-C10),"0") -> 1.5 | J39: =IF(J10="X",(D10-C10),"0") -> 0 | K39: =IF(K10="X",(D10-C10),"0") -> 0
E40: =IF(E11="X",(D11-C11),"0") -> 0 | F40: =IF(F11="X",(D11-C11),"0") -> 0 | G40: =IF(G11="X",(D11-C11),"0") -> 16.5 | H40: =IF(H11="X",(D11-C11),"0") -> 0 | I40: =IF(I11="X",(D11-C11),"0") -> 16.5 | J40: =IF(J11="X",(D11-C11),"0") -> 0 | K40: =IF(K11="X",(D11-C11),"0") -> 0
E41: =IF(E12="X",(D12-C12),"0") -> 0 | F41: =IF(F12="X",(D12-C12),"0") -> 0 | G41: =IF(G12="X",(D12-C12),"0") -> 5 | H41: =IF(H12="X",(D12-C12),"0") -> 0 | I41: =IF(I12="X",(D12-C12),"0") -> 5 | J41: =IF(J12="X",(D12-C12),"0") -> 0 | K41: =IF(K12="X",(D12-C12),"0") -> 0
E42: =IF(E13="X",(D13-C13),"0") -> 0 | F42: =IF(F13="X",(D13-C13),"0") -> 0 | G42: =IF(G13="X",(D13-C13),"0") -> 2 | H42: =IF(H13="X",(D13-C13),"0") -> 0 | I42: =IF(I13="X",(D13-C13),"0") -> 2 | J42: =IF(J13="X",(D13-C13),"0") -> 0 | K42: =IF(K13="X",(D13-C13),"0") -> 0
E43: =IF(E14="X",(D14-C14),"0") -> 0 | F43: =IF(F14="X",(D14-C14),"0") -> 0 | G43: =IF(G14="X",(D14-C14),"0") -> 3.21 | H43: =IF(H14="X",(D14-C14),"0") -> 0 | I43: =IF(I14="X",(D14-C14),"0") -> 3.21 | J43: =IF(J14="X",(D14-C14),"0") -> 0 | K43: =IF(K14="X",(D14-C14),"0") -> 0
E44: =IF(E15="X",(D15-C15),"0") -> 0 | F44: =IF(F15="X",(D15-C15),"0") -> 0 | G44: =IF(G15="X",(D15-C15),"0") -> 0 | H44: =IF(H15="X",(D15-C15),"0") -> 0 | I44: =IF(I15="X",(D15-C15),"0") -> 0 | J44: =IF(J15="X",(D15-C15),"0") -> 0 | K44: =IF(K15="X",(D15-C15),"0") -> 0
E45: =IF(E16="X",(D16-C16),"0") -> 0 | F45: =IF(F16="X",(D16-C16),"0") -> 0 | G45: =IF(G16="X",(D16-C16),"0") -> 0 | H45: =IF(H16="X",(D16-C16),"0") -> 0 | I45: =IF(I16="X",(D16-C16),"0") -> 0 | J45: =IF(J16="X",(D16-C16),"0") -> 0 | K45: =IF(K16="X",(D16-C16),"0") -> 0
E46: =IF(E17="X",(D17-C17),"0") -> 0 | F46: =IF(F17="X",(D17-C17),"0") -> 0 | G46: =IF(G17="X",(D17-C17),"0") -> 0 | H46: =IF(H17="X",(D17-C17),"0") -> 0 | I46: =IF(I17="X",(D17-C17),"0") -> 0 | J46: =IF(J17="X",(D17-C17),"0") -> 0 | K46: =IF(K17="X",(D17-C17),"0") -> 0
E47: =IF(E18="X",(D18-C18),"0") -> 0 | F47: =IF(F18="X",(D18-C18),"0") -> 0 | G47: =IF(G18="X",(D18-C18),"0") -> 0 | H47: =IF(H18="X",(D18-C18),"0") -> 0 | I47: =IF(I18="X",(D18-C18),"0") -> 0 | J47: =IF(J18="X",(D18-C18),"0") -> 0 | K47: =IF(K18="X",(D18-C18),"0") -> 0
... E60: =IF(E31="X",(D31-C31),"0") -> 0 | F60: =IF(F31="X",(D31-C31),"0") -> 0 | G60: =IF(G31="X",(D31-C31),"0") -> 0 | H60: =IF(H31="X",(D31-C31),"0") -> 0 | I60: =IF(I31="X",(D31-C31),"0") -> 0 | J60: =IF(J31="X",(D31-C31),"0") -> 0 | K60: =IF(K31="X",(D31-C31),"0") -> 0
E63: =SUM(E36:E62) -> 0 | F63: =SUM(F36:F62) -> 15 | G63: =SUM(G36:G62) -> 30.21 | H63: =SUM(H36:H62) -> 0 | I63: =SUM(I36:I62) -> 45.21 | J63: =SUM(J36:J62) -> 0 | K63: =SUM(K36:K62) -> 0

Sheet 215
A1: PROGRAMA DE MANUTENÇÃORODOVIÁRIA | I1: DATA: | J1: ='207'!J1 -> 46204 | L1: TÉCNICO RESP. | N1: ='207'!N1 -> ENG. THIAGO TORQUATO
F2: RODOVIAS NÃO PAVIMENTADAS
A3: FICHA DE INSPEÇÃO: | B3: =TT!C9 -> RODOVIA TO-362 - TRECHO BREJINHO DE NAZARÉ - ENTR. TO-365 (ACESSO BALSA) | L3: REGIÃO: | M3: 11
A5: S.R.E. | B5: SENTIDO | C5: INÍCIO (KM) | D5: FIM (KM) | E5: CONDIÇÃO DA PLATAFORMA | I5: DRENAGEM SUPERFICIAL | L5: OBSERV.
E6: BOM | F6: REG. (ATÉ 10 IRR./KM) | G6: RUÍM (+ 10 IRR./KM) | H6: PÉSSIMA (ATOLEIRO/PTO. CRÍTICO) | I6: LIMPA | J6: OBSTRUÍDA | K6: AUSENTE
A7: 362ETO0120 | B7: C | C7: 0 | D7: 11 | F7: X
C8: 11 | D8: 26.1 | G8: X | J8: X
C9: 26.1 | D9: 33.2 | G9: X | J9: X
C10: 33.2 | D10: 33.3 | G10: X | H10: X | K10: X
C11: 33.3 | D11: 36.28 | G11: X | K11: X
E35: =IF(E7="X",(D7-C7),"0") -> 0 | F35: =IF(F7="X",(D7-C7),"0") -> 11 | G35: =IF(G7="X",(D7-C7),"0") -> 0 | H35: =IF(H7="X",(D7-C7),"0") -> 0 | I35: =IF(I7="X",(D7-C7),"0") -> 0 | J35: =IF(J7="X",(D7-C7),"0") -> 0 | K35: =IF(K7="X",(D7-C7),"0") -> 0
E36: =IF(E8="X",(D8-C8),"0") -> 0 | F36: =IF(F8="X",(D8-C8),"0") -> 0 | G36: =IF(G8="X",(D8-C8),"0") -> 15.1 | H36: =IF(H8="X",(D8-C8),"0") -> 0 | I36: =IF(I8="X",(D8-C8),"0") -> 0 | J36: =IF(J8="X",(D8-C8),"0") -> 15.1 | K36: =IF(K8="X",(D8-C8),"0") -> 0
E37: =IF(E9="X",(D9-C9),"0") -> 0 | F37: =IF(F9="X",(D9-C9),"0") -> 0 | G37: =IF(G9="X",(D9-C9),"0") -> 7.1 | H37: =IF(H9="X",(D9-C9),"0") -> 0 | I37: =IF(I9="X",(D9-C9),"0") -> 0 | J37: =IF(J9="X",(D9-C9),"0") -> 7.1 | K37: =IF(K9="X",(D9-C9),"0") -> 0
E38: =IF(E10="X",(D10-C10),"0") -> 0 | F38: =IF(F10="X",(D10-C10),"0") -> 0 | G38: =IF(G10="X",(D10-C10),"0") -> 0.1 | H38: =IF(H10="X",(D10-C10),"0") -> 0.1 | I38: =IF(I10="X",(D10-C10),"0") -> 0 | J38: =IF(J10="X",(D10-C10),"0") -> 0 | K38: =IF(K10="X",(D10-C10),"0") -> 0.1
E39: =IF(E11="X",(D11-C11),"0") -> 0 | F39: =IF(F11="X",(D11-C11),"0") -> 0 | G39: =IF(G11="X",(D11-C11),"0") -> 2.98 | H39: =IF(H11="X",(D11-C11),"0") -> 0 | I39: =IF(I11="X",(D11-C11),"0") -> 0 | J39: =IF(J11="X",(D11-C11),"0") -> 0 | K39: =IF(K11="X",(D11-C11),"0") -> 2.98
E40: =IF(E12="X",(D12-C12),"0") -> 0 | F40: =IF(F12="X",(D12-C12),"0") -> 0 | G40: =IF(G12="X",(D12-C12),"0") -> 0 | H40: =IF(H12="X",(D12-C12),"0") -> 0 | I40: =IF(I12="X",(D12-C12),"0") -> 0 | J40: =IF(J12="X",(D12-C12),"0") -> 0 | K40: =IF(K12="X",(D12-C12),"0") -> 0
E41: =IF(E13="X",(D13-C13),"0") -> 0 | F41: =IF(F13="X",(D13-C13),"0") -> 0 | G41: =IF(G13="X",(D13-C13),"0") -> 0 | H41: =IF(H13="X",(D13-C13),"0") -> 0 | I41: =IF(I13="X",(D13-C13),"0") -> 0 | J41: =IF(J13="X",(D13-C13),"0") -> 0 | K41: =IF(K13="X",(D13-C13),"0") -> 0
E42: =IF(E14="X",(D14-C14),"0") -> 0 | F42: =IF(F14="X",(D14-C14),"0") -> 0 | G42: =IF(G14="X",(D14-C14),"0") -> 0 | H42: =IF(H14="X",(D14-C14),"0") -> 0 | I42: =IF(I14="X",(D14-C14),"0") -> 0 | J42: =IF(J14="X",(D14-C14),"0") -> 0 | K42: =IF(K14="X",(D14-C14),"0") -> 0
E43: =IF(E15="X",(D15-C15),"0") -> 0 | F43: =IF(F15="X",(D15-C15),"0") -> 0 | G43: =IF(G15="X",(D15-C15),"0") -> 0 | H43: =IF(H15="X",(D15-C15),"0") -> 0 | I43: =IF(I15="X",(D15-C15),"0") -> 0 | J43: =IF(J15="X",(D15-C15),"0") -> 0 | K43: =IF(K15="X",(D15-C15),"0") -> 0
E44: =IF(E16="X",(D16-C16),"0") -> 0 | F44: =IF(F16="X",(D16-C16),"0") -> 0 | G44: =IF(G16="X",(D16-C16),"0") -> 0 | H44: =IF(H16="X",(D16-C16),"0") -> 0 | I44: =IF(I16="X",(D16-C16),"0") -> 0 | J44: =IF(J16="X",(D16-C16),"0") -> 0 | K44: =IF(K16="X",(D16-C16),"0") -> 0
E45: =IF(E17="X",(D17-C17),"0") -> 0 | F45: =IF(F17="X",(D17-C17),"0") -> 0 | G45: =IF(G17="X",(D17-C17),"0") -> 0 | H45: =IF(H17="X",(D17-C17),"0") -> 0 | I45: =IF(I17="X",(D17-C17),"0") -> 0 | J45: =IF(J17="X",(D17-C17),"0") -> 0 | K45: =IF(K17="X",(D17-C17),"0") -> 0
E46: =IF(E18="X",(D18-C18),"0") -> 0 | F46: =IF(F18="X",(D18-C18),"0") -> 0 | G46: =IF(G18="X",(D18-C18),"0") -> 0 | H46: =IF(H18="X",(D18-C18),"0") -> 0 | I46: =IF(I18="X",(D18-C18),"0") -> 0 | J46: =IF(J18="X",(D18-C18),"0") -> 0 | K46: =IF(K18="X",(D18-C18),"0") -> 0
... E59: =IF(E31="X",(D31-C31),"0") -> 0 | F59: =IF(F31="X",(D31-C31),"0") -> 0 | G59: =IF(G31="X",(D31-C31),"0") -> 0 | H59: =IF(H31="X",(D31-C31),"0") -> 0 | I59: =IF(I31="X",(D31-C31),"0") -> 0 | J59: =IF(J31="X",(D31-C31),"0") -> 0 | K59: =IF(K31="X",(D31-C31),"0") -> 0
E60: =SUM(E35:E59) -> 0 | F60: =SUM(F35:F59) -> 11 | G60: =SUM(G35:G59) -> 25.28 | H60: =SUM(H35:H59) -> 0.1 | I60: =SUM(I35:I59) -> 0 | J60: =SUM(J35:J59) -> 22.2 | K60: =SUM(K35:K59) -> 3.08

Sheet 216
A1: PROGRAMA DE MANUTENÇÃORODOVIÁRIA | I1: DATA: | J1: ='207'!J1 -> 46204 | L1: TÉCNICO RESP. | N1: ='207'!N1 -> ENG. THIAGO TORQUATO
F2: RODOVIAS NÃO PAVIMENTADAS
A3: FICHA DE INSPEÇÃO: | B3: =TT!C10 -> RODOVIA TO-365 - TRECHO RIO TOCANTINS (BALSA) - TREVO DA PRAIA - ENTR. BR-153 | L3: REGIÃO: | M3: 11
A5: S.R.E. | B5: SENTIDO | C5: INÍCIO (KM) | D5: FIM (KM) | E5: CONDIÇÃO DA PLATAFORMA | I5: DRENAGEM SUPERFICIAL | L5: OBSERV.
E6: BOM | F6: REG. (ATÉ 10 IRR./KM) | G6: RUÍM (+ 10 IRR./KM) | H6: PÉSSIMA (ATOLEIRO/PTO. CRÍTICO) | I6: LIMPA | J6: OBSTRUÍDA | K6: AUSENTE
A7: 365ETO0220 | B7: C | C7: 0 | D7: 1 | G7: X | I7: X
C8: =D7 -> 1 | D8: 1.98 | G8: X | I8: X
A9: 365ETO0230 | B9: C | C9: 0 | D9: 1 | G9: X | I9: X
C10: =D9 -> 1 | D10: 2 | G10: X | I10: X
C11: =D10 -> 2 | D11: 3 | G11: X | I11: X
C12: =D11 -> 3 | D12: 4 | G12: X | I12: X
C13: =D12 -> 4 | D13: 5 | G13: X | I13: X
C14: =D13 -> 5 | D14: 6 | G14: X | I14: X
C15: =D14 -> 6 | D15: 7 | G15: X | I15: X
C16: =D15 -> 7 | D16: 8 | G16: X | I16: X
C17: =D16 -> 8 | D17: 9 | G17: X | I17: X
C18: =D17 -> 9 | D18: 10 | G18: X | I18: X
C19: =D18 -> 10 | D19: 11 | G19: X | I19: X
C20: =D19 -> 11 | D20: 12 | G20: X | I20: X
C21: =D20 -> 12 | D21: 13 | G21: X | I21: X
... C40: =D39 -> 31 | D40: 31.59 | G40: X | I40: X
A41: 365ETO0240 | B41: C | C41: 0 | D41: 1 | G41: X | H41: X | K41: X
C42: =D41 -> 1 | D42: 3.9 | G42: X | I42: X
E50: =IF(E7="X",(D7-C7),"0") -> 0 | F50: =IF(F7="X",(D7-C7),"0") -> 0 | G50: =IF(G7="X",(D7-C7),"0") -> 1 | H50: =IF(H7="X",(D7-C7),"0") -> 0 | I50: =IF(I7="X",(D7-C7),"0") -> 1 | J50: =IF(J7="X",(D7-C7),"0") -> 0 | K50: =IF(K7="X",(D7-C7),"0") -> 0
E51: =IF(E8="X",(D8-C8),"0") -> 0 | F51: =IF(F8="X",(D8-C8),"0") -> 0 | G51: =IF(G8="X",(D8-C8),"0") -> 0.98 | H51: =IF(H8="X",(D8-C8),"0") -> 0 | I51: =IF(I8="X",(D8-C8),"0") -> 0.98 | J51: =IF(J8="X",(D8-C8),"0") -> 0 | K51: =IF(K8="X",(D8-C8),"0") -> 0
E52: =IF(E9="X",(D9-C9),"0") -> 0 | F52: =IF(F9="X",(D9-C9),"0") -> 0 | G52: =IF(G9="X",(D9-C9),"0") -> 1 | H52: =IF(H9="X",(D9-C9),"0") -> 0 | I52: =IF(I9="X",(D9-C9),"0") -> 1 | J52: =IF(J9="X",(D9-C9),"0") -> 0 | K52: =IF(K9="X",(D9-C9),"0") -> 0
E53: =IF(E10="X",(D10-C10),"0") -> 0 | F53: =IF(F10="X",(D10-C10),"0") -> 0 | G53: =IF(G10="X",(D10-C10),"0") -> 1 | H53: =IF(H10="X",(D10-C10),"0") -> 0 | I53: =IF(I10="X",(D10-C10),"0") -> 1 | J53: =IF(J10="X",(D10-C10),"0") -> 0 | K53: =IF(K10="X",(D10-C10),"0") -> 0
E54: =IF(E11="X",(D11-C11),"0") -> 0 | F54: =IF(F11="X",(D11-C11),"0") -> 0 | G54: =IF(G11="X",(D11-C11),"0") -> 1 | H54: =IF(H11="X",(D11-C11),"0") -> 0 | I54: =IF(I11="X",(D11-C11),"0") -> 1 | J54: =IF(J11="X",(D11-C11),"0") -> 0 | K54: =IF(K11="X",(D11-C11),"0") -> 0
E55: =IF(E12="X",(D12-C12),"0") -> 0 | F55: =IF(F12="X",(D12-C12),"0") -> 0 | G55: =IF(G12="X",(D12-C12),"0") -> 1 | H55: =IF(H12="X",(D12-C12),"0") -> 0 | I55: =IF(I12="X",(D12-C12),"0") -> 1 | J55: =IF(J12="X",(D12-C12),"0") -> 0 | K55: =IF(K12="X",(D12-C12),"0") -> 0
E56: =IF(E13="X",(D13-C13),"0") -> 0 | F56: =IF(F13="X",(D13-C13),"0") -> 0 | G56: =IF(G13="X",(D13-C13),"0") -> 1 | H56: =IF(H13="X",(D13-C13),"0") -> 0 | I56: =IF(I13="X",(D13-C13),"0") -> 1 | J56: =IF(J13="X",(D13-C13),"0") -> 0 | K56: =IF(K13="X",(D13-C13),"0") -> 0
E57: =IF(E14="X",(D14-C14),"0") -> 0 | F57: =IF(F14="X",(D14-C14),"0") -> 0 | G57: =IF(G14="X",(D14-C14),"0") -> 1 | H57: =IF(H14="X",(D14-C14),"0") -> 0 | I57: =IF(I14="X",(D14-C14),"0") -> 1 | J57: =IF(J14="X",(D14-C14),"0") -> 0 | K57: =IF(K14="X",(D14-C14),"0") -> 0
E58: =IF(E15="X",(D15-C15),"0") -> 0 | F58: =IF(F15="X",(D15-C15),"0") -> 0 | G58: =IF(G15="X",(D15-C15),"0") -> 1 | H58: =IF(H15="X",(D15-C15),"0") -> 0 | I58: =IF(I15="X",(D15-C15),"0") -> 1 | J58: =IF(J15="X",(D15-C15),"0") -> 0 | K58: =IF(K15="X",(D15-C15),"0") -> 0
E59: =IF(E16="X",(D16-C16),"0") -> 0 | F59: =IF(F16="X",(D16-C16),"0") -> 0 | G59: =IF(G16="X",(D16-C16),"0") -> 1 | H59: =IF(H16="X",(D16-C16),"0") -> 0 | I59: =IF(I16="X",(D16-C16),"0") -> 1 | J59: =IF(J16="X",(D16-C16),"0") -> 0 | K59: =IF(K16="X",(D16-C16),"0") -> 0
E60: =IF(E17="X",(D17-C17),"0") -> 0 | F60: =IF(F17="X",(D17-C17),"0") -> 0 | G60: =IF(G17="X",(D17-C17),"0") -> 1 | H60: =IF(H17="X",(D17-C17),"0") -> 0 | I60: =IF(I17="X",(D17-C17),"0") -> 1 | J60: =IF(J17="X",(D17-C17),"0") -> 0 | K60: =IF(K17="X",(D17-C17),"0") -> 0
E61: =IF(E18="X",(D18-C18),"0") -> 0 | F61: =IF(F18="X",(D18-C18),"0") -> 0 | G61: =IF(G18="X",(D18-C18),"0") -> 1 | H61: =IF(H18="X",(D18-C18),"0") -> 0 | I61: =IF(I18="X",(D18-C18),"0") -> 1 | J61: =IF(J18="X",(D18-C18),"0") -> 0 | K61: =IF(K18="X",(D18-C18),"0") -> 0
... E86: =IF(E43="X",(D43-C43),"0") -> 0 | F86: =IF(F43="X",(D43-C43),"0") -> 0 | G86: =IF(G43="X",(D43-C43),"0") -> 0 | H86: =IF(H43="X",(D43-C43),"0") -> 0 | I86: =IF(I43="X",(D43-C43),"0") -> 0 | J86: =IF(J43="X",(D43-C43),"0") -> 0 | K86: =IF(K43="X",(D43-C43),"0") -> 0
E87: =SUM(E50:E86) -> 0 | F87: =SUM(F50:F86) -> 0 | G87: =SUM(G50:G86) -> 37.47 | H87: =SUM(H50:H86) -> 1 | I87: =SUM(I50:I86) -> 36.47 | J87: =SUM(J50:J86) -> 0 | K87: =SUM(K50:K86) -> 1

Sheet 217
A1: PROGRAMA DE MANUTENÇÃORODOVIÁRIA | I1: DATA: | J1: ='207'!J1 -> 46204 | L1: TÉCNICO RESP. | N1: ='207'!N1 -> ENG. THIAGO TORQUATO
F2: RODOVIAS NÃO PAVIMENTADAS
A3: FICHA DE INSPEÇÃO: | B3: =TT!C11 -> RODOVIA TO-373 - TRECHO ENTR. TO-365 - RIO TOCANTINS (BALSA) | L3: REGIÃO: | M3: 11
A5: S.R.E. | B5: SENTIDO | C5: INÍCIO (KM) | D5: FIM (KM) | E5: CONDIÇÃO DA PLATAFORMA | I5: DRENAGEM SUPERFICIAL | L5: OBSERV.
E6: BOM | F6: REG. (ATÉ 10 IRR./KM) | G6: RUÍM (+ 10 IRR./KM) | H6: PÉSSIMA (ATOLEIRO/PTO. CRÍTICO) | I6: LIMPA | J6: OBSTRUÍDA | K6: AUSENTE
A7: 373ETO0100 | B7: D | C7: 0 | D7: 2 | F7: X | K7: X
C8: 2 | D8: 2.38 | F8: X | K8: X
E36: =IF(E7="X",(D7-C7),"0") -> 0 | F36: =IF(F7="X",(D7-C7),"0") -> 2 | G36: =IF(G7="X",(D7-C7),"0") -> 0 | H36: =IF(H7="X",(D7-C7),"0") -> 0 | I36: =IF(I7="X",(D7-C7),"0") -> 0 | J36: =IF(J7="X",(D7-C7),"0") -> 0 | K36: =IF(K7="X",(D7-C7),"0") -> 2
E37: =IF(E8="X",(D8-C8),"0") -> 0 | F37: =IF(F8="X",(D8-C8),"0") -> 0.38 | G37: =IF(G8="X",(D8-C8),"0") -> 0 | H37: =IF(H8="X",(D8-C8),"0") -> 0 | I37: =IF(I8="X",(D8-C8),"0") -> 0 | J37: =IF(J8="X",(D8-C8),"0") -> 0 | K37: =IF(K8="X",(D8-C8),"0") -> 0.38
E38: =IF(E9="X",(D9-C9),"0") -> 0 | F38: =IF(F9="X",(D9-C9),"0") -> 0 | G38: =IF(G9="X",(D9-C9),"0") -> 0 | H38: =IF(H9="X",(D9-C9),"0") -> 0 | I38: =IF(I9="X",(D9-C9),"0") -> 0 | J38: =IF(J9="X",(D9-C9),"0") -> 0 | K38: =IF(K9="X",(D9-C9),"0") -> 0
E39: =IF(E10="X",(D10-C10),"0") -> 0 | F39: =IF(F10="X",(D10-C10),"0") -> 0 | G39: =IF(G10="X",(D10-C10),"0") -> 0 | H39: =IF(H10="X",(D10-C10),"0") -> 0 | I39: =IF(I10="X",(D10-C10),"0") -> 0 | J39: =IF(J10="X",(D10-C10),"0") -> 0 | K39: =IF(K10="X",(D10-C10),"0") -> 0
E40: =IF(E11="X",(D11-C11),"0") -> 0 | F40: =IF(F11="X",(D11-C11),"0") -> 0 | G40: =IF(G11="X",(D11-C11),"0") -> 0 | H40: =IF(H11="X",(D11-C11),"0") -> 0 | I40: =IF(I11="X",(D11-C11),"0") -> 0 | J40: =IF(J11="X",(D11-C11),"0") -> 0 | K40: =IF(K11="X",(D11-C11),"0") -> 0
E41: =IF(E12="X",(D12-C12),"0") -> 0 | F41: =IF(F12="X",(D12-C12),"0") -> 0 | G41: =IF(G12="X",(D12-C12),"0") -> 0 | H41: =IF(H12="X",(D12-C12),"0") -> 0 | I41: =IF(I12="X",(D12-C12),"0") -> 0 | J41: =IF(J12="X",(D12-C12),"0") -> 0 | K41: =IF(K12="X",(D12-C12),"0") -> 0
E42: =IF(E13="X",(D13-C13),"0") -> 0 | F42: =IF(F13="X",(D13-C13),"0") -> 0 | G42: =IF(G13="X",(D13-C13),"0") -> 0 | H42: =IF(H13="X",(D13-C13),"0") -> 0 | I42: =IF(I13="X",(D13-C13),"0") -> 0 | J42: =IF(J13="X",(D13-C13),"0") -> 0 | K42: =IF(K13="X",(D13-C13),"0") -> 0
E43: =IF(E14="X",(D14-C14),"0") -> 0 | F43: =IF(F14="X",(D14-C14),"0") -> 0 | G43: =IF(G14="X",(D14-C14),"0") -> 0 | H43: =IF(H14="X",(D14-C14),"0") -> 0 | I43: =IF(I14="X",(D14-C14),"0") -> 0 | J43: =IF(J14="X",(D14-C14),"0") -> 0 | K43: =IF(K14="X",(D14-C14),"0") -> 0
E44: =IF(E15="X",(D15-C15),"0") -> 0 | F44: =IF(F15="X",(D15-C15),"0") -> 0 | G44: =IF(G15="X",(D15-C15),"0") -> 0 | H44: =IF(H15="X",(D15-C15),"0") -> 0 | I44: =IF(I15="X",(D15-C15),"0") -> 0 | J44: =IF(J15="X",(D15-C15),"0") -> 0 | K44: =IF(K15="X",(D15-C15),"0") -> 0
E45: =IF(E16="X",(D16-C16),"0") -> 0 | F45: =IF(F16="X",(D16-C16),"0") -> 0 | G45: =IF(G16="X",(D16-C16),"0") -> 0 | H45: =IF(H16="X",(D16-C16),"0") -> 0 | I45: =IF(I16="X",(D16-C16),"0") -> 0 | J45: =IF(J16="X",(D16-C16),"0") -> 0 | K45: =IF(K16="X",(D16-C16),"0") -> 0
E46: =IF(E17="X",(D17-C17),"0") -> 0 | F46: =IF(F17="X",(D17-C17),"0") -> 0 | G46: =IF(G17="X",(D17-C17),"0") -> 0 | H46: =IF(H17="X",(D17-C17),"0") -> 0 | I46: =IF(I17="X",(D17-C17),"0") -> 0 | J46: =IF(J17="X",(D17-C17),"0") -> 0 | K46: =IF(K17="X",(D17-C17),"0") -> 0
E47: =IF(E18="X",(D18-C18),"0") -> 0 | F47: =IF(F18="X",(D18-C18),"0") -> 0 | G47: =IF(G18="X",(D18-C18),"0") -> 0 | H47: =IF(H18="X",(D18-C18),"0") -> 0 | I47: =IF(I18="X",(D18-C18),"0") -> 0 | J47: =IF(J18="X",(D18-C18),"0") -> 0 | K47: =IF(K18="X",(D18-C18),"0") -> 0
... E61: =IF(E32="X",(D32-C32),"0") -> 0 | F61: =IF(F32="X",(D32-C32),"0") -> 0 | G61: =IF(G32="X",(D32-C32),"0") -> 0 | H61: =IF(H32="X",(D32-C32),"0") -> 0 | I61: =IF(I32="X",(D32-C32),"0") -> 0 | J61: =IF(J32="X",(D32-C32),"0") -> 0 | K61: =IF(K32="X",(D32-C32),"0") -> 0
E62: =SUM(E36:E61) -> 0 | F62: =SUM(F36:F61) -> 2.38 | G62: =SUM(G36:G61) -> 0 | H62: =SUM(H36:H61) -> 0 | I62: =SUM(I36:I61) -> 0 | J62: =SUM(J36:J61) -> 0 | K62: =SUM(K36:K61) -> 2.38

Sheet 221
A1: PROGRAMA DE MANUTENÇÃORODOVIÁRIA | I1: DATA: | J1: ='207'!J1 -> 46204 | L1: TÉCNICO RESP. | N1: ='207'!N1 -> ENG. THIAGO TORQUATO
F2: RODOVIAS NÃO PAVIMENTADAS
A3: FICHA DE INSPEÇÃO: | B3: =TT!C12 -> RODOVIA TO-481 - TRECHO DUERÉ - ENTR. TO-181 (CAPAO DO COCO) | L3: REGIÃO: | M3: 11
A5: S.R.E. | B5: SENTIDO | C5: INÍCIO (KM) | D5: FIM (KM) | E5: CONDIÇÃO DA PLATAFORMA | I5: DRENAGEM SUPERFICIAL | L5: OBSERV.
E6: BOM | F6: REG. (ATÉ 10 IRR./KM) | G6: RUÍM (+ 10 IRR./KM) | H6: PÉSSIMA (ATOLEIRO/PTO. CRÍTICO) | I6: LIMPA | J6: OBSTRUÍDA | K6: AUSENTE
A7: 481ETO0020 | B7: C | C7: 0 | D7: 2 | E7: X | J7: X
C8: =D7 -> 2 | D8: 29 | E8: X | I8: X
C9: =D8 -> 29 | D9: 35 | F9: X | J9: X
C10: =D9 -> 35 | D10: 45 | E10: X | I10: X
C11: =D10 -> 45 | D11: 68 | E11: X | K11: X
C12: 66.4 | D12: 77.1 | E12: X | K12: X
E36: =IF(E7="X",(D7-C7),"0") -> 2 | F36: =IF(F7="X",(D7-C7),"0") -> 0 | G36: =IF(G7="X",(D7-C7),"0") -> 0 | H36: =IF(H7="X",(D7-C7),"0") -> 0 | I36: =IF(I7="X",(D7-C7),"0") -> 0 | J36: =IF(J7="X",(D7-C7),"0") -> 2 | K36: =IF(K7="X",(D7-C7),"0") -> 0
E37: =IF(E8="X",(D8-C8),"0") -> 27 | F37: =IF(F8="X",(D8-C8),"0") -> 0 | G37: =IF(G8="X",(D8-C8),"0") -> 0 | H37: =IF(H8="X",(D8-C8),"0") -> 0 | I37: =IF(I8="X",(D8-C8),"0") -> 27 | J37: =IF(J8="X",(D8-C8),"0") -> 0 | K37: =IF(K8="X",(D8-C8),"0") -> 0
E38: =IF(E9="X",(D9-C9),"0") -> 0 | F38: =IF(F9="X",(D9-C9),"0") -> 6 | G38: =IF(G9="X",(D9-C9),"0") -> 0 | H38: =IF(H9="X",(D9-C9),"0") -> 0 | I38: =IF(I9="X",(D9-C9),"0") -> 0 | J38: =IF(J9="X",(D9-C9),"0") -> 6 | K38: =IF(K9="X",(D9-C9),"0") -> 0
E39: =IF(E10="X",(D10-C10),"0") -> 10 | F39: =IF(F10="X",(D10-C10),"0") -> 0 | G39: =IF(G10="X",(D10-C10),"0") -> 0 | H39: =IF(H10="X",(D10-C10),"0") -> 0 | I39: =IF(I10="X",(D10-C10),"0") -> 10 | J39: =IF(J10="X",(D10-C10),"0") -> 0 | K39: =IF(K10="X",(D10-C10),"0") -> 0
E40: =IF(E11="X",(D11-C11),"0") -> 23 | F40: =IF(F11="X",(D11-C11),"0") -> 0 | G40: =IF(G11="X",(D11-C11),"0") -> 0 | H40: =IF(H11="X",(D11-C11),"0") -> 0 | I40: =IF(I11="X",(D11-C11),"0") -> 0 | J40: =IF(J11="X",(D11-C11),"0") -> 0 | K40: =IF(K11="X",(D11-C11),"0") -> 23
E41: =IF(E12="X",(D12-C12),"0") -> 10.7 | F41: =IF(F12="X",(D12-C12),"0") -> 0 | G41: =IF(G12="X",(D12-C12),"0") -> 0 | H41: =IF(H12="X",(D12-C12),"0") -> 0 | I41: =IF(I12="X",(D12-C12),"0") -> 0 | J41: =IF(J12="X",(D12-C12),"0") -> 0 | K41: =IF(K12="X",(D12-C12),"0") -> 10.7
E42: =IF(E13="X",(D13-C13),"0") -> 0 | F42: =IF(F13="X",(D13-C13),"0") -> 0 | G42: =IF(G13="X",(D13-C13),"0") -> 0 | H42: =IF(H13="X",(D13-C13),"0") -> 0 | I42: =IF(I13="X",(D13-C13),"0") -> 0 | J42: =IF(J13="X",(D13-C13),"0") -> 0 | K42: =IF(K13="X",(D13-C13),"0") -> 0
E43: =IF(E14="X",(D14-C14),"0") -> 0 | F43: =IF(F14="X",(D14-C14),"0") -> 0 | G43: =IF(G14="X",(D14-C14),"0") -> 0 | H43: =IF(H14="X",(D14-C14),"0") -> 0 | I43: =IF(I14="X",(D14-C14),"0") -> 0 | J43: =IF(J14="X",(D14-C14),"0") -> 0 | K43: =IF(K14="X",(D14-C14),"0") -> 0
E44: =IF(E15="X",(D15-C15),"0") -> 0 | F44: =IF(F15="X",(D15-C15),"0") -> 0 | G44: =IF(G15="X",(D15-C15),"0") -> 0 | H44: =IF(H15="X",(D15-C15),"0") -> 0 | I44: =IF(I15="X",(D15-C15),"0") -> 0 | J44: =IF(J15="X",(D15-C15),"0") -> 0 | K44: =IF(K15="X",(D15-C15),"0") -> 0
E45: =IF(E16="X",(D16-C16),"0") -> 0 | F45: =IF(F16="X",(D16-C16),"0") -> 0 | G45: =IF(G16="X",(D16-C16),"0") -> 0 | H45: =IF(H16="X",(D16-C16),"0") -> 0 | I45: =IF(I16="X",(D16-C16),"0") -> 0 | J45: =IF(J16="X",(D16-C16),"0") -> 0 | K45: =IF(K16="X",(D16-C16),"0") -> 0
E46: =IF(E17="X",(D17-C17),"0") -> 0 | F46: =IF(F17="X",(D17-C17),"0") -> 0 | G46: =IF(G17="X",(D17-C17),"0") -> 0 | H46: =IF(H17="X",(D17-C17),"0") -> 0 | I46: =IF(I17="X",(D17-C17),"0") -> 0 | J46: =IF(J17="X",(D17-C17),"0") -> 0 | K46: =IF(K17="X",(D17-C17),"0") -> 0
E47: =IF(E18="X",(D18-C18),"0") -> 0 | F47: =IF(F18="X",(D18-C18),"0") -> 0 | G47: =IF(G18="X",(D18-C18),"0") -> 0 | H47: =IF(H18="X",(D18-C18),"0") -> 0 | I47: =IF(I18="X",(D18-C18),"0") -> 0 | J47: =IF(J18="X",(D18-C18),"0") -> 0 | K47: =IF(K18="X",(D18-C18),"0") -> 0
... E61: =IF(E32="X",(D32-C32),"0") -> 0 | F61: =IF(F32="X",(D32-C32),"0") -> 0 | G61: =IF(G32="X",(D32-C32),"0") -> 0 | H61: =IF(H32="X",(D32-C32),"0") -> 0 | I61: =IF(I32="X",(D32-C32),"0") -> 0 | J61: =IF(J32="X",(D32-C32),"0") -> 0 | K61: =IF(K32="X",(D32-C32),"0") -> 0
E62: =SUM(E36:E61) -> 72.7 | F62: =SUM(F36:F61) -> 6 | G62: =SUM(G36:G61) -> 0 | H62: =SUM(H36:H61) -> 0 | I62: =SUM(I36:I61) -> 37 | J62: =SUM(J36:J61) -> 8 | K62: =SUM(K36:K61) -> 33.7

Sheet 222
A1: PROGRAMA DE MANUTENÇÃORODOVIÁRIA | I1: DATA: | J1: ='207'!J1 -> 46204 | L1: TÉCNICO RESP. | N1: ='207'!N1 -> ENG. THIAGO TORQUATO
F2: RODOVIAS NÃO PAVIMENTADAS
A3: FICHA DE INSPEÇÃO: | B3: =TT!C13 -> RODOVIA TO-483 - TRECHO SUCUPIRA - FIGUEIRÓPOLIS | L3: REGIÃO: | M3: 11
A5: S.R.E. | B5: SENTIDO | C5: INÍCIO (KM) | D5: FIM (KM) | E5: CONDIÇÃO DA PLATAFORMA | I5: DRENAGEM SUPERFICIAL | L5: OBSERV.
E6: BOM | F6: REG. (ATÉ 10 IRR./KM) | G6: RUÍM (+ 10 IRR./KM) | H6: PÉSSIMA (ATOLEIRO/PTO. CRÍTICO) | I6: LIMPA | J6: OBSTRUÍDA | K6: AUSENTE
A7: 483ETO0020 | B7: C | C7: 0 | D7: 16 | F7: X | I7: X
C8: 16 | D8: 20 | F8: X | I8: X
C9: =D8 -> 20 | D9: 38.01 | G9: X | I9: X
E36: =IF(E7="X",(D7-C7),"0") -> 0 | F36: =IF(F7="X",(D7-C7),"0") -> 16 | G36: =IF(G7="X",(D7-C7),"0") -> 0 | H36: =IF(H7="X",(D7-C7),"0") -> 0 | I36: =IF(I7="X",(D7-C7),"0") -> 16 | J36: =IF(J7="X",(D7-C7),"0") -> 0 | K36: =IF(K7="X",(D7-C7),"0") -> 0
E37: =IF(E8="X",(D8-C8),"0") -> 0 | F37: =IF(F8="X",(D8-C8),"0") -> 4 | G37: =IF(G8="X",(D8-C8),"0") -> 0 | H37: =IF(H8="X",(D8-C8),"0") -> 0 | I37: =IF(I8="X",(D8-C8),"0") -> 4 | J37: =IF(J8="X",(D8-C8),"0") -> 0 | K37: =IF(K8="X",(D8-C8),"0") -> 0
E38: =IF(E9="X",(D9-C9),"0") -> 0 | F38: =IF(F9="X",(D9-C9),"0") -> 0 | G38: =IF(G9="X",(D9-C9),"0") -> 18.01 | H38: =IF(H9="X",(D9-C9),"0") -> 0 | I38: =IF(I9="X",(D9-C9),"0") -> 18.01 | J38: =IF(J9="X",(D9-C9),"0") -> 0 | K38: =IF(K9="X",(D9-C9),"0") -> 0
E39: =IF(E10="X",(D10-C10),"0") -> 0 | F39: =IF(F10="X",(D10-C10),"0") -> 0 | G39: =IF(G10="X",(D10-C10),"0") -> 0 | H39: =IF(H10="X",(D10-C10),"0") -> 0 | I39: =IF(I10="X",(D10-C10),"0") -> 0 | J39: =IF(J10="X",(D10-C10),"0") -> 0 | K39: =IF(K10="X",(D10-C10),"0") -> 0
E40: =IF(E11="X",(D11-C11),"0") -> 0 | F40: =IF(F11="X",(D11-C11),"0") -> 0 | G40: =IF(G11="X",(D11-C11),"0") -> 0 | H40: =IF(H11="X",(D11-C11),"0") -> 0 | I40: =IF(I11="X",(D11-C11),"0") -> 0 | J40: =IF(J11="X",(D11-C11),"0") -> 0 | K40: =IF(K11="X",(D11-C11),"0") -> 0
E41: =IF(E12="X",(D12-C12),"0") -> 0 | F41: =IF(F12="X",(D12-C12),"0") -> 0 | G41: =IF(G12="X",(D12-C12),"0") -> 0 | H41: =IF(H12="X",(D12-C12),"0") -> 0 | I41: =IF(I12="X",(D12-C12),"0") -> 0 | J41: =IF(J12="X",(D12-C12),"0") -> 0 | K41: =IF(K12="X",(D12-C12),"0") -> 0
E42: =IF(E13="X",(D13-C13),"0") -> 0 | F42: =IF(F13="X",(D13-C13),"0") -> 0 | G42: =IF(G13="X",(D13-C13),"0") -> 0 | H42: =IF(H13="X",(D13-C13),"0") -> 0 | I42: =IF(I13="X",(D13-C13),"0") -> 0 | J42: =IF(J13="X",(D13-C13),"0") -> 0 | K42: =IF(K13="X",(D13-C13),"0") -> 0
E43: =IF(E14="X",(D14-C14),"0") -> 0 | F43: =IF(F14="X",(D14-C14),"0") -> 0 | G43: =IF(G14="X",(D14-C14),"0") -> 0 | H43: =IF(H14="X",(D14-C14),"0") -> 0 | I43: =IF(I14="X",(D14-C14),"0") -> 0 | J43: =IF(J14="X",(D14-C14),"0") -> 0 | K43: =IF(K14="X",(D14-C14),"0") -> 0
E44: =IF(E15="X",(D15-C15),"0") -> 0 | F44: =IF(F15="X",(D15-C15),"0") -> 0 | G44: =IF(G15="X",(D15-C15),"0") -> 0 | H44: =IF(H15="X",(D15-C15),"0") -> 0 | I44: =IF(I15="X",(D15-C15),"0") -> 0 | J44: =IF(J15="X",(D15-C15),"0") -> 0 | K44: =IF(K15="X",(D15-C15),"0") -> 0
E45: =IF(E16="X",(D16-C16),"0") -> 0 | F45: =IF(F16="X",(D16-C16),"0") -> 0 | G45: =IF(G16="X",(D16-C16),"0") -> 0 | H45: =IF(H16="X",(D16-C16),"0") -> 0 | I45: =IF(I16="X",(D16-C16),"0") -> 0 | J45: =IF(J16="X",(D16-C16),"0") -> 0 | K45: =IF(K16="X",(D16-C16),"0") -> 0
E46: =IF(E17="X",(D17-C17),"0") -> 0 | F46: =IF(F17="X",(D17-C17),"0") -> 0 | G46: =IF(G17="X",(D17-C17),"0") -> 0 | H46: =IF(H17="X",(D17-C17),"0") -> 0 | I46: =IF(I17="X",(D17-C17),"0") -> 0 | J46: =IF(J17="X",(D17-C17),"0") -> 0 | K46: =IF(K17="X",(D17-C17),"0") -> 0
E47: =IF(E18="X",(D18-C18),"0") -> 0 | F47: =IF(F18="X",(D18-C18),"0") -> 0 | G47: =IF(G18="X",(D18-C18),"0") -> 0 | H47: =IF(H18="X",(D18-C18),"0") -> 0 | I47: =IF(I18="X",(D18-C18),"0") -> 0 | J47: =IF(J18="X",(D18-C18),"0") -> 0 | K47: =IF(K18="X",(D18-C18),"0") -> 0
... E61: =IF(E32="X",(D32-C32),"0") -> 0 | F61: =IF(F32="X",(D32-C32),"0") -> 0 | G61: =IF(G32="X",(D32-C32),"0") -> 0 | H61: =IF(H32="X",(D32-C32),"0") -> 0 | I61: =IF(I32="X",(D32-C32),"0") -> 0 | J61: =IF(J32="X",(D32-C32),"0") -> 0 | K61: =IF(K32="X",(D32-C32),"0") -> 0
E62: =SUM(E36:E61) -> 0 | F62: =SUM(F36:F61) -> 20 | G62: =SUM(G36:G61) -> 18.01 | H62: =SUM(H36:H61) -> 0 | I62: =SUM(I36:I61) -> 38.01 | J62: =SUM(J36:J61) -> 0 | K62: =SUM(K36:K61) -> 0

Sheet 223
A1: PROGRAMA DE MANUTENÇÃORODOVIÁRIA | I1: DATA: | J1: ='207'!J1 -> 46204 | L1: TÉCNICO RESP. | N1: ='207'!N1 -> ENG. THIAGO TORQUATO
F2: RODOVIAS NÃO PAVIMENTADAS
A3: FICHA DE INSPEÇÃO: | B3: =TT!C14 -> RODOVIA TO-484 - TRECHO FIGUEIRÓPOLIS - KM 64 (RIO FORMOSO) | L3: REGIÃO: | M3: 11
A5: S.R.E. | B5: SENTIDO | C5: INÍCIO (KM) | D5: FIM (KM) | E5: CONDIÇÃO DA PLATAFORMA | I5: DRENAGEM SUPERFICIAL | L5: OBSERV.
E6: BOM | F6: REG. (ATÉ 10 IRR./KM) | G6: RUÍM (+ 10 IRR./KM) | H6: PÉSSIMA (ATOLEIRO/PTO. CRÍTICO) | I6: LIMPA | J6: OBSTRUÍDA | K6: AUSENTE
A7: 484ETO0010 | B7: C | C7: 0 | D7: 50 | F7: X | J7: X
C8: =D7 -> 50 | D8: 63.87 | F8: X | J8: X
E36: =IF(E7="X",(D7-C7),"0") -> 0 | F36: =IF(F7="X",(D7-C7),"0") -> 50 | G36: =IF(G7="X",(D7-C7),"0") -> 0 | H36: =IF(H7="X",(D7-C7),"0") -> 0 | I36: =IF(I7="X",(D7-C7),"0") -> 0 | J36: =IF(J7="X",(D7-C7),"0") -> 50 | K36: =IF(K7="X",(D7-C7),"0") -> 0
E37: =IF(#REF!="X",(D8-C8),"0") -> #REF! | F37: =IF(E8="X",(D8-C8),"0") -> 0 | G37: =IF(G8="X",(D8-C8),"0") -> 0 | H37: =IF(H8="X",(D8-C8),"0") -> 0 | I37: =IF(I8="X",(D8-C8),"0") -> 0 | J37: =IF(J8="X",(D8-C8),"0") -> 13.87 | K37: =IF(K8="X",(D8-C8),"0") -> 0
E38: =IF(E9="X",(D9-C9),"0") -> 0 | F38: =IF(F9="X",(D9-C9),"0") -> 0 | G38: =IF(G9="X",(D9-C9),"0") -> 0 | H38: =IF(H9="X",(D9-C9),"0") -> 0 | I38: =IF(I9="X",(D9-C9),"0") -> 0 | J38: =IF(J9="X",(D9-C9),"0") -> 0 | K38: =IF(K9="X",(D9-C9),"0") -> 0
E39: =IF(E10="X",(D10-C10),"0") -> 0 | F39: =IF(F10="X",(D10-C10),"0") -> 0 | G39: =IF(G10="X",(D10-C10),"0") -> 0 | H39: =IF(H10="X",(D10-C10),"0") -> 0 | I39: =IF(I10="X",(D10-C10),"0") -> 0 | J39: =IF(J10="X",(D10-C10),"0") -> 0 | K39: =IF(K10="X",(D10-C10),"0") -> 0
E40: =IF(E11="X",(D11-C11),"0") -> 0 | F40: =IF(F11="X",(D11-C11),"0") -> 0 | G40: =IF(G11="X",(D11-C11),"0") -> 0 | H40: =IF(H11="X",(D11-C11),"0") -> 0 | I40: =IF(I11="X",(D11-C11),"0") -> 0 | J40: =IF(J11="X",(D11-C11),"0") -> 0 | K40: =IF(K11="X",(D11-C11),"0") -> 0
E41: =IF(E12="X",(D12-C12),"0") -> 0 | F41: =IF(F12="X",(D12-C12),"0") -> 0 | G41: =IF(G12="X",(D12-C12),"0") -> 0 | H41: =IF(H12="X",(D12-C12),"0") -> 0 | I41: =IF(I12="X",(D12-C12),"0") -> 0 | J41: =IF(J12="X",(D12-C12),"0") -> 0 | K41: =IF(K12="X",(D12-C12),"0") -> 0
E42: =IF(E13="X",(D13-C13),"0") -> 0 | F42: =IF(F13="X",(D13-C13),"0") -> 0 | G42: =IF(G13="X",(D13-C13),"0") -> 0 | H42: =IF(H13="X",(D13-C13),"0") -> 0 | I42: =IF(I13="X",(D13-C13),"0") -> 0 | J42: =IF(J13="X",(D13-C13),"0") -> 0 | K42: =IF(K13="X",(D13-C13),"0") -> 0
E43: =IF(E14="X",(D14-C14),"0") -> 0 | F43: =IF(F14="X",(D14-C14),"0") -> 0 | G43: =IF(G14="X",(D14-C14),"0") -> 0 | H43: =IF(H14="X",(D14-C14),"0") -> 0 | I43: =IF(I14="X",(D14-C14),"0") -> 0 | J43: =IF(J14="X",(D14-C14),"0") -> 0 | K43: =IF(K14="X",(D14-C14),"0") -> 0
E44: =IF(E15="X",(D15-C15),"0") -> 0 | F44: =IF(F15="X",(D15-C15),"0") -> 0 | G44: =IF(G15="X",(D15-C15),"0") -> 0 | H44: =IF(H15="X",(D15-C15),"0") -> 0 | I44: =IF(I15="X",(D15-C15),"0") -> 0 | J44: =IF(J15="X",(D15-C15),"0") -> 0 | K44: =IF(K15="X",(D15-C15),"0") -> 0
E45: =IF(E16="X",(D16-C16),"0") -> 0 | F45: =IF(F16="X",(D16-C16),"0") -> 0 | G45: =IF(G16="X",(D16-C16),"0") -> 0 | H45: =IF(H16="X",(D16-C16),"0") -> 0 | I45: =IF(I16="X",(D16-C16),"0") -> 0 | J45: =IF(J16="X",(D16-C16),"0") -> 0 | K45: =IF(K16="X",(D16-C16),"0") -> 0
E46: =IF(E17="X",(D17-C17),"0") -> 0 | F46: =IF(F17="X",(D17-C17),"0") -> 0 | G46: =IF(G17="X",(D17-C17),"0") -> 0 | H46: =IF(H17="X",(D17-C17),"0") -> 0 | I46: =IF(I17="X",(D17-C17),"0") -> 0 | J46: =IF(J17="X",(D17-C17),"0") -> 0 | K46: =IF(K17="X",(D17-C17),"0") -> 0
E47: =IF(E18="X",(D18-C18),"0") -> 0 | F47: =IF(F18="X",(D18-C18),"0") -> 0 | G47: =IF(G18="X",(D18-C18),"0") -> 0 | H47: =IF(H18="X",(D18-C18),"0") -> 0 | I47: =IF(I18="X",(D18-C18),"0") -> 0 | J47: =IF(J18="X",(D18-C18),"0") -> 0 | K47: =IF(K18="X",(D18-C18),"0") -> 0
E48: =IF(E19="X",(D19-C19),"0") -> 0 | F48: =IF(F19="X",(D19-C19),"0") -> 0 | G48: =IF(G19="X",(D19-C19),"0") -> 0 | H48: =IF(H19="X",(D19-C19),"0") -> 0 | I48: =IF(I19="X",(D19-C19),"0") -> 0 | J48: =IF(J19="X",(D19-C19),"0") -> 0 | K48: =IF(K19="X",(D19-C19),"0") -> 0
E49: =IF(E20="X",(D20-C20),"0") -> 0 | F49: =IF(F20="X",(D20-C20),"0") -> 0 | G49: =IF(G20="X",(D20-C20),"0") -> 0 | H49: =IF(H20="X",(D20-C20),"0") -> 0 | I49: =IF(I20="X",(D20-C20),"0") -> 0 | J49: =IF(J20="X",(D20-C20),"0") -> 0 | K49: =IF(K20="X",(D20-C20),"0") -> 0
... E61: =IF(E32="X",(D32-C32),"0") -> 0 | F61: =IF(F32="X",(D32-C32),"0") -> 0 | G61: =IF(G32="X",(D32-C32),"0") -> 0 | H61: =IF(H32="X",(D32-C32),"0") -> 0 | I61: =IF(I32="X",(D32-C32),"0") -> 0 | J61: =IF(J32="X",(D32-C32),"0") -> 0 | K61: =IF(K32="X",(D32-C32),"0") -> 0
E62: =SUM(E36:E61) -> #REF! | F62: =SUM(F36:F61) -> 50 | G62: =SUM(G36:G61) -> 0 | H62: =SUM(H36:H61) -> 0 | I62: =SUM(I36:I61) -> 0 | J62: =SUM(J36:J61) -> 63.87 | K62: =SUM(K36:K61) -> 0

Sheet TT
D1: RESUMO
B2: Nº DO TRECHO | C2: TRECHO | D2: CONDIÇÃO DA PLATAFORMA | H2: DRENAGEM SUPERFICIAL
D3: BOM | E3: REG. (ATÉ 10 IRR./KM) | F3: RUÍM (+ 10 IRR./KM) | G3: PÉSSIMA (ATOLEIRO/PTO. CRÍTICO) | H3: LIMPA | I3: OBSTRUÍDA | J3: AUSENTE
B4: 207 | C4: RODOVIA TO-181 - TRECHO ENTR. TO-255 - ENTR. TO-481 (CAPAO DO COCO) | D4: ='207'!E62 -> 0 | E4: ='207'!F62 -> 30 | F4: ='207'!G62 -> 35.9 | G4: ='207'!H62 -> 0 | H4: ='207'!I62 -> 30 | I4: ='207'!J62 -> 35.9 | J4: ='207'!K62 -> 0
B5: 208 | C5: RODOVIA TO-181 - TRECHO ENTR. TO-481 (CAPAO DO COCO) - FAZENDA COBRAPE | D5: ='208'!E63 -> 49.63 | E5: ='208'!F63 -> 18 | F5: ='208'!G63 -> 11.63 | G5: ='208'!H63 -> 0 | H5: ='208'!I63 -> 0 | I5: ='208'!J63 -> 0 | J5: ='208'!K63 -> 79.26
B6: 211 | C6: RODOVIA TO-181 - TRECHO FUNDAÇÃO BRADESCO - ENTR. TO-070 | D6: ='211'!E62 -> 0 | E6: ='211'!F62 -> 30 | F6: ='211'!G62 -> 11.82 | G6: ='211'!H62 -> 0 | H6: ='211'!I62 -> 0 | I6: ='211'!J62 -> 41.82 | J6: ='211'!K62 -> 0
B7: 213 | C7: RODOVIA TO-181 - TRECHO ARAGUAÇU - DIVISA TO-GO | D7: ='213'!E62 -> 0 | E7: ='213'!F62 -> 0 | F7: ='213'!G62 -> 27.38 | G7: ='213'!H62 -> 13 | H7: ='213'!I62 -> 0 | I7: ='213'!J62 -> 40.38 | J7: ='213'!K62 -> 40.38
B8: 214 | C8: RODOVIA TO-362 - TRECHO SANTA RITA DO TOCANTINS - BREJINHO DE NAZARÉ | D8: ='214'!E63 -> 0 | E8: ='214'!F63 -> 15 | F8: ='214'!G63 -> 30.21 | G8: ='214'!H63 -> 0 | H8: ='214'!I63 -> 45.21 | I8: ='214'!J63 -> 0 | J8: ='214'!K63 -> 0
B9: 215 | C9: RODOVIA TO-362 - TRECHO BREJINHO DE NAZARÉ - ENTR. TO-365 (ACESSO BALSA) | D9: ='215'!E60 -> 0 | E9: ='215'!F60 -> 11 | F9: ='215'!G60 -> 25.28 | G9: ='215'!H60 -> 0.1 | H9: ='215'!I60 -> 0 | I9: ='215'!J60 -> 22.2 | J9: ='215'!K60 -> 3.08
B10: 216 | C10: RODOVIA TO-365 - TRECHO RIO TOCANTINS (BALSA) - TREVO DA PRAIA - ENTR. BR-153 | D10: ='216'!E87 -> 0 | E10: ='216'!F87 -> 0 | F10: ='216'!G87 -> 37.47 | G10: ='216'!H87 -> 1 | H10: ='216'!I87 -> 36.47 | I10: ='216'!J87 -> 0 | J10: ='216'!K87 -> 1
B11: 217 | C11: RODOVIA TO-373 - TRECHO ENTR. TO-365 - RIO TOCANTINS (BALSA) | D11: ='217'!E62 -> 0 | E11: ='217'!F62 -> 2.38 | F11: ='217'!G62 -> 0 | G11: ='217'!H62 -> 0 | H11: ='217'!I62 -> 0 | I11: ='217'!J62 -> 0 | J11: ='217'!K62 -> 2.38
B12: 221 | C12: RODOVIA TO-481 - TRECHO DUERÉ - ENTR. TO-181 (CAPAO DO COCO) | D12: ='221'!E62 -> 72.7 | E12: ='221'!F62 -> 6 | F12: ='221'!G62 -> 0 | G12: ='221'!H62 -> 0 | H12: ='221'!I62 -> 37 | I12: ='221'!J62 -> 8 | J12: ='221'!K62 -> 33.7
B13: 222 | C13: RODOVIA TO-483 - TRECHO SUCUPIRA - FIGUEIRÓPOLIS | D13: ='222'!E62 -> 0 | E13: ='222'!F62 -> 20 | F13: ='222'!G62 -> 18.01 | G13: ='222'!H62 -> 0 | H13: ='222'!I62 -> 38.01 | I13: ='222'!J62 -> 0 | J13: ='222'!K62 -> 0
B14: 223 | C14: RODOVIA TO-484 - TRECHO FIGUEIRÓPOLIS - KM 64 (RIO FORMOSO) | D14: ='223'!E62 -> #REF! | E14: ='223'!F62 -> 50 | F14: ='223'!G62 -> 0 | G14: ='223'!H62 -> 0 | H14: ='223'!I62 -> 0 | I14: ='223'!J62 -> 63.87 | J14: ='223'!K62 -> 0
B16: PERCORRIDO NO MÊS: | D16: =SUM(D2:D14) -> #REF! | E16: =SUM(E2:E14) -> 182.38 | F16: =SUM(F2:F14) -> 197.7 | G16: =SUM(G2:G14) -> 14.1 | H16: =SUM(H2:H14) -> 186.69 | I16: =SUM(I2:I14) -> 212.17 | J16: =SUM(J2:J14) -> 159.8
B17: TOTAL: | G17: =SUM(D16:G16) -> #REF!
B18: % DA EXTENSÃO DA MALHA: | G18: =G17/Trechos!F17 -> #REF!
