Workbook

Sheet Trechos
A1: RELAÇÃO DOS TRECHOS DAS REGIÕES DE MANUTENÇÃO
A2: LOTE | B2: N. | C2: TRECHO | D2: S.R.E | E2: SUBTRECHOS | F2: EXT. (KM) | G2: TIPO | H2: 45839 | I2: 45870 | J2: 45901 | K2: 45931 | L2: 45962 | M2: 45992
A3: 2 | B3: 39 | C3: RODOVIA TO-010 - TRECHO RIACHINHO - ANANÁS | D3: 416ETO0040 | E3: ENTR. TO-010 - RIACHINHO | F3: 2.4295262 | G3: PPS | I3: X
A4: 2 | B4: 39 | C4: RODOVIA TO-010 - TRECHO RIACHINHO - ANANÁS | D4: 010ETO0500 | E4: ENTR. TO-416 - SÃO RAIMUNDO | F4: 4.2669872 | G4: PPS | I4: X
A5: 2 | B5: 39 | C5: RODOVIA TO-010 - TRECHO RIACHINHO - ANANÁS | D5: 010ETO0510 | E5: SÃO RAIMUNDO - ANANÁS *TRECHO URBANO* | F5: 3.7562933 | G5: PPS | I5: X
A6: 2 | B6: 40 | C6: RODOVIA TO-010 - TRECHO WANDERLÂNDIA - RIACHINHO | D6: 010ETO0421 | E6: WANDERLÂNDIA *TRECHO URBANO* | F6: 1.0835334 | G6: PSU | I6: X
A7: 2 | B7: 40 | C7: RODOVIA TO-010 - TRECHO WANDERLÂNDIA - RIACHINHO | D7: 010ETO0422 | E7: WANDERLÂNDIA *TRECHO URBANO* | F7: 0.7148177 | G7: PSU | I7: X
A8: 2 | B8: 40 | C8: RODOVIA TO-010 - TRECHO WANDERLÂNDIA - RIACHINHO | D8: 010ETO0430 | E8: WANDERLANDIA - ENTR. BR-153 | F8: 1.0743694 | G8: PPS | I8: X
A9: 2 | B9: 40 | C9: RODOVIA TO-010 - TRECHO WANDERLÂNDIA - RIACHINHO | D9: 010ETO0440 | E9: ENTR. BR-226 - ENTR.BR-153 | F9: 2.9880881 | G9: PPS | I9: X
A10: 2 | B10: 40 | C10: RODOVIA TO-010 - TRECHO WANDERLÂNDIA - RIACHINHO | D10: 010ETO0470 | E10: ENTR. BR-153 - CENTRO DOS BORGES | F10: 42.716102 | G10: PPS | I10: X
A11: 2 | B11: 40 | C11: RODOVIA TO-010 - TRECHO WANDERLÂNDIA - RIACHINHO | D11: 010ETO0480 | E11: CENTRO DOS BORGES - SOROROCA | F11: 5.2299312 | G11: PPS | I11: X
A12: 2 | B12: 40 | C12: RODOVIA TO-010 - TRECHO WANDERLÂNDIA - RIACHINHO | D12: 010ETO0490 | E12: SOROROCA - ENTR. TO-416 | F12: 6.9420402 | G12: PPS | I12: X
A13: 2 | B13: 41 | C13: RODOVIA TO-164 - TRECHO ENTR. BR-153 (XAMBIOÁ) - ARAGUANÃ | D13: 164ETO0101 | E13: ARAGUANÃ *TRECHO URBANO* | F13: 2.5646179 | G13: PSU | I13: X
A14: 2 | B14: 41 | C14: RODOVIA TO-164 - TRECHO ENTR. BR-153 (XAMBIOÁ) - ARAGUANÃ | D14: 164ETO0095 | E14: ENTR. BR-153 (XAMBIOÁ) - ENTR. TO-418 (XAMBIOAZINHO) | F14: 3.9243314 | G14: PPS | I14: X
... A55: 2 | B55: 57 | C55: RODOVIA TO-416 - TRECHO ENTR. BR-153 - RIACHINHO | D55: 416ETO0050 | E55: RIACHINHO - ENTR. BR-153 | F55: 32.246741 | G55: PPS | I55: X
A56: 2 | B56: 58 | C56: RODOVIA TO-416 - TRECHO ENTR. TO-222 - POVOADO COCALINHO | D56: 416ETO0100 | E56: POV. COCALINHO - ENTR. TO-222 | F56: 3.8680293 | G56: PPS
A57: 2 | B57: 61 | C57: RODOVIA TO-420 - TRECHO ENTR. BR-153 (POVOADO XAMBERLÂNDIA) - PIRAQUÊ - ENTR. BR-153 | D57: 420ETO0010 | E57: ENTR. BR-153 - PIRAQUÊ *TRECHO URBANO* | F57: 6.4242395 | G57: PPS | I57: X
A58: 2 | B58: 61 | C58: RODOVIA TO-420 - TRECHO ENTR. BR-153 (POVOADO XAMBERLÂNDIA) - PIRAQUÊ - ENTR. BR-153 | D58: 420ETO0030 | E58: PIRAQUÊ *TRECHO URBANO* - ENTR. BR-153 (XAMBERLÂNDIA) | F58: 31.717802 | G58: PPS | I58: X
A59: 2 | B59: 63 | C59: RODOVIA TO-427 - TRECHO PAU D'ARCO (DIVISA TO-PA) - ENTR. TO-226 | D59: 427ETO0010 | E59: ENTR. TO-226 - PAU D'ARCO *TRECHO URBANO* | F59: 28.990649 | G59: PPS | I59: X
F60: =SUM(F3:F59) -> 677.61588

Sheet 39
A1: PROGRAMA DE MANUTENÇÃORODOVIÁRIA
D2: RODOVIAS PAVIMENTADAS | I2: DATA: | J2: 46204 | N2: TÉCNICO RESP. | O2: ENG. VINICIUS RODRIGUES FERREIRA DE OLIVEIRA | T2: REGIÃO: | U2: 02
A3: FICHA DE INSPEÇÃO: | B3: =TT!C4 -> RODOVIA TO-010 - TRECHO RIACHINHO - ANANÁS
A5: S.R.E. | B5: SENTIDO | C5: INÍCIO (KM) | D5: FIM (KM) | E5: CONDIÇÃO DO PAVIMENTO | J5: VEGETAÇÃO | L5: ELEM. DE DRENAGEM | O5: SIN. HOR. | R5: SIN. VERTICAL | U5: OBSERV.
E6: BOM | F6: REM. I. | G6: REM. L | H6: BUR. I | I6: BUR. L | J6: ADEQ. | K6: INADED. | L6: LIMPOS | M6: SUJOS | N6: DAN. | O6: BOM | P6: REG. | Q6: INEXIST. | R6: BOM | S6: POUCAS | T6: INEXIST.
A7: 010ETO0510 | B7: D | C7: =D6 -> 0 | D7: 1 | G7: X | J7: X | M7: X | Q7: X | S7: X
C8: =D7 -> 1 | D8: 2 | G8: X | J8: X | M8: X | Q8: X | S8: X
C9: =D8 -> 2 | D9: 3 | G9: X | J9: X | M9: X | Q9: X | S9: X
C10: =D9 -> 3 | D10: 3.76 | G10: X | J10: X | M10: X | Q10: X | S10: X
A11: 010ETO0500 | B11: D | C11: 0 | D11: 1 | G11: X | J11: X | M11: X | Q11: X | S11: X
C12: =D11 -> 1 | D12: 2 | G12: X | J12: X | M12: X | Q12: X | S12: X
C13: =D12 -> 2 | D13: 3 | G13: X | J13: X | M13: X | Q13: X | S13: X
C14: =D13 -> 3 | D14: 4 | G14: X | J14: X | M14: X | Q14: X | S14: X
C15: =D14 -> 4 | D15: 4.27 | G15: X | J15: X | M15: X | Q15: X | S15: X
A16: 416ETO0040 | B16: D | C16: 0 | D16: 1 | G16: X | J16: X | M16: X | Q16: X | T16: X
C17: =D16 -> 1 | D17: 2 | G17: X | J17: X | M17: X | Q17: X | T17: X
C18: =D17 -> 2 | D18: 2.43 | G18: X | J18: X | M18: X | Q18: X | T18: X
A29: LEGENDA | B29: CONDIÇÃO DO PAVIMENTO
A30: REM. I | B30: REMENDOS ISOLADOS | E30: ATÉ 10 REMENDOS/KM | I30: BUR. I | J30: BURACOS ISOLADOS | M30: ATÉ 5 BURACOS/KM
A31: REM. L | B31: REMENDOS AO LONGO | E31: MAIS DE 10 REMENDOS/KM | I31: BUR. L | J31: BURACOS AO LONGO | M31: MAIS DE 5 BURACOS/KM
E36: =IF(E7="X",(D7-C7),"0") -> 0 | F36: =IF(F7="X",(D7-C7),"0") -> 0 | G36: =IF(G7="X",(D7-C7),"0") -> 1 | H36: =IF(H7="X",(D7-C7),"0") -> 0 | I36: =IF(I7="X",(D7-C7),"0") -> 0 | J36: =IF(J7="X",(D7-C7),"0") -> 1 | K36: =IF(K7="X",(D7-C7),"0") -> 0 | L36: =IF(L7="X",(D7-C7),"0") -> 0 | M36: =IF(M7="X",(D7-C7),"0") -> 1 | N36: =IF(N7="X",(D7-C7),"0") -> 0 | O36: =IF(O7="X",(D7-C7),"0") -> 0 | P36: =IF(P7="X",(D7-C7),"0") -> 0 | Q36: =IF(Q7="X",(D7-C7),"0") -> 1 | R36: =IF(R7="X",(D7-C7),"0") -> 0 | S36: =IF(S7="X",(D7-C7),"0") -> 1 | T36: =IF(T7="X",(D7-C7),"0") -> 0
E37: =IF(E8="X",(D8-C8),"0") -> 0 | F37: =IF(F8="X",(D8-C8),"0") -> 0 | G37: =IF(G8="X",(D8-C8),"0") -> 1 | H37: =IF(H8="X",(D8-C8),"0") -> 0 | I37: =IF(I8="X",(D8-C8),"0") -> 0 | J37: =IF(J8="X",(D8-C8),"0") -> 1 | K37: =IF(K8="X",(D8-C8),"0") -> 0 | L37: =IF(L8="X",(D8-C8),"0") -> 0 | M37: =IF(M8="X",(D8-C8),"0") -> 1 | N37: =IF(N8="X",(D8-C8),"0") -> 0 | O37: =IF(O8="X",(D8-C8),"0") -> 0 | P37: =IF(P8="X",(D8-C8),"0") -> 0 | Q37: =IF(Q8="X",(D8-C8),"0") -> 1 | R37: =IF(R8="X",(D8-C8),"0") -> 0 | S37: =IF(S8="X",(D8-C8),"0") -> 1 | T37: =IF(T8="X",(D8-C8),"0") -> 0
E38: =IF(E9="X",(D9-C9),"0") -> 0 | F38: =IF(F9="X",(D9-C9),"0") -> 0 | G38: =IF(G9="X",(D9-C9),"0") -> 1 | H38: =IF(H9="X",(D9-C9),"0") -> 0 | I38: =IF(I9="X",(D9-C9),"0") -> 0 | J38: =IF(J9="X",(D9-C9),"0") -> 1 | K38: =IF(K9="X",(D9-C9),"0") -> 0 | L38: =IF(L9="X",(D9-C9),"0") -> 0 | M38: =IF(M9="X",(D9-C9),"0") -> 1 | N38: =IF(N9="X",(D9-C9),"0") -> 0 | O38: =IF(O9="X",(D9-C9),"0") -> 0 | P38: =IF(P9="X",(D9-C9),"0") -> 0 | Q38: =IF(Q9="X",(D9-C9),"0") -> 1 | R38: =IF(R9="X",(D9-C9),"0") -> 0 | S38: =IF(S9="X",(D9-C9),"0") -> 1 | T38: =IF(T9="X",(D9-C9),"0") -> 0
E39: =IF(E10="X",(D10-C10),"0") -> 0 | F39: =IF(F10="X",(D10-C10),"0") -> 0 | G39: =IF(G10="X",(D10-C10),"0") -> 0.76 | H39: =IF(H10="X",(D10-C10),"0") -> 0 | I39: =IF(I10="X",(D10-C10),"0") -> 0 | J39: =IF(J10="X",(D10-C10),"0") -> 0.76 | K39: =IF(K10="X",(D10-C10),"0") -> 0 | L39: =IF(L10="X",(D10-C10),"0") -> 0 | M39: =IF(M10="X",(D10-C10),"0") -> 0.76 | N39: =IF(N10="X",(D10-C10),"0") -> 0 | O39: =IF(O10="X",(D10-C10),"0") -> 0 | P39: =IF(P10="X",(D10-C10),"0") -> 0 | Q39: =IF(Q10="X",(D10-C10),"0") -> 0.76 | R39: =IF(R10="X",(D10-C10),"0") -> 0 | S39: =IF(S10="X",(D10-C10),"0") -> 0.76 | T39: =IF(T10="X",(D10-C10),"0") -> 0
E40: =IF(E11="X",(D11-C11),"0") -> 0 | F40: =IF(F11="X",(D11-C11),"0") -> 0 | G40: =IF(G11="X",(D11-C11),"0") -> 1 | H40: =IF(H11="X",(D11-C11),"0") -> 0 | I40: =IF(I11="X",(D11-C11),"0") -> 0 | J40: =IF(J11="X",(D11-C11),"0") -> 1 | K40: =IF(K11="X",(D11-C11),"0") -> 0 | L40: =IF(L11="X",(D11-C11),"0") -> 0 | M40: =IF(M11="X",(D11-C11),"0") -> 1 | N40: =IF(N11="X",(D11-C11),"0") -> 0 | O40: =IF(O11="X",(D11-C11),"0") -> 0 | P40: =IF(P11="X",(D11-C11),"0") -> 0 | Q40: =IF(Q11="X",(D11-C11),"0") -> 1 | R40: =IF(R11="X",(D11-C11),"0") -> 0 | S40: =IF(S11="X",(D11-C11),"0") -> 1 | T40: =IF(T11="X",(D11-C11),"0") -> 0
E41: =IF(E12="X",(D12-C12),"0") -> 0 | F41: =IF(F12="X",(D12-C12),"0") -> 0 | G41: =IF(G12="X",(D12-C12),"0") -> 1 | H41: =IF(H12="X",(D12-C12),"0") -> 0 | I41: =IF(I12="X",(D12-C12),"0") -> 0 | J41: =IF(J12="X",(D12-C12),"0") -> 1 | K41: =IF(K12="X",(D12-C12),"0") -> 0 | L41: =IF(L12="X",(D12-C12),"0") -> 0 | M41: =IF(M12="X",(D12-C12),"0") -> 1 | N41: =IF(N12="X",(D12-C12),"0") -> 0 | O41: =IF(O12="X",(D12-C12),"0") -> 0 | P41: =IF(P12="X",(D12-C12),"0") -> 0 | Q41: =IF(Q12="X",(D12-C12),"0") -> 1 | R41: =IF(R12="X",(D12-C12),"0") -> 0 | S41: =IF(S12="X",(D12-C12),"0") -> 1 | T41: =IF(T12="X",(D12-C12),"0") -> 0
E42: =IF(E13="X",(D13-C13),"0") -> 0 | F42: =IF(F13="X",(D13-C13),"0") -> 0 | G42: =IF(G13="X",(D13-C13),"0") -> 1 | H42: =IF(H13="X",(D13-C13),"0") -> 0 | I42: =IF(I13="X",(D13-C13),"0") -> 0 | J42: =IF(J13="X",(D13-C13),"0") -> 1 | K42: =IF(K13="X",(D13-C13),"0") -> 0 | L42: =IF(L13="X",(D13-C13),"0") -> 0 | M42: =IF(M13="X",(D13-C13),"0") -> 1 | N42: =IF(N13="X",(D13-C13),"0") -> 0 | O42: =IF(O13="X",(D13-C13),"0") -> 0 | P42: =IF(P13="X",(D13-C13),"0") -> 0 | Q42: =IF(Q13="X",(D13-C13),"0") -> 1 | R42: =IF(R13="X",(D13-C13),"0") -> 0 | S42: =IF(S13="X",(D13-C13),"0") -> 1 | T42: =IF(T13="X",(D13-C13),"0") -> 0
E43: =IF(E14="X",(D14-C14),"0") -> 0 | F43: =IF(F14="X",(D14-C14),"0") -> 0 | G43: =IF(G14="X",(D14-C14),"0") -> 1 | H43: =IF(H14="X",(D14-C14),"0") -> 0 | I43: =IF(I14="X",(D14-C14),"0") -> 0 | J43: =IF(J14="X",(D14-C14),"0") -> 1 | K43: =IF(K14="X",(D14-C14),"0") -> 0 | L43: =IF(L14="X",(D14-C14),"0") -> 0 | M43: =IF(M14="X",(D14-C14),"0") -> 1 | N43: =IF(N14="X",(D14-C14),"0") -> 0 | O43: =IF(O14="X",(D14-C14),"0") -> 0 | P43: =IF(P14="X",(D14-C14),"0") -> 0 | Q43: =IF(Q14="X",(D14-C14),"0") -> 1 | R43: =IF(R14="X",(D14-C14),"0") -> 0 | S43: =IF(S14="X",(D14-C14),"0") -> 1 | T43: =IF(T14="X",(D14-C14),"0") -> 0
E44: =IF(E15="X",(D15-C15),"0") -> 0 | F44: =IF(F15="X",(D15-C15),"0") -> 0 | G44: =IF(G15="X",(D15-C15),"0") -> 0.27 | H44: =IF(H15="X",(D15-C15),"0") -> 0 | I44: =IF(I15="X",(D15-C15),"0") -> 0 | J44: =IF(J15="X",(D15-C15),"0") -> 0.27 | K44: =IF(K15="X",(D15-C15),"0") -> 0 | L44: =IF(L15="X",(D15-C15),"0") -> 0 | M44: =IF(M15="X",(D15-C15),"0") -> 0.27 | N44: =IF(N15="X",(D15-C15),"0") -> 0 | O44: =IF(O15="X",(D15-C15),"0") -> 0 | P44: =IF(P15="X",(D15-C15),"0") -> 0 | Q44: =IF(Q15="X",(D15-C15),"0") -> 0.27 | R44: =IF(R15="X",(D15-C15),"0") -> 0 | S44: =IF(S15="X",(D15-C15),"0") -> 0.27 | T44: =IF(T15="X",(D15-C15),"0") -> 0
E45: =IF(E16="X",(D16-C16),"0") -> 0 | F45: =IF(F16="X",(D16-C16),"0") -> 0 | G45: =IF(G16="X",(D16-C16),"0") -> 1 | H45: =IF(H16="X",(D16-C16),"0") -> 0 | I45: =IF(I16="X",(D16-C16),"0") -> 0 | J45: =IF(J16="X",(D16-C16),"0") -> 1 | K45: =IF(K16="X",(D16-C16),"0") -> 0 | L45: =IF(L16="X",(D16-C16),"0") -> 0 | M45: =IF(M16="X",(D16-C16),"0") -> 1 | N45: =IF(N16="X",(D16-C16),"0") -> 0 | O45: =IF(O16="X",(D16-C16),"0") -> 0 | P45: =IF(P16="X",(D16-C16),"0") -> 0 | Q45: =IF(Q16="X",(D16-C16),"0") -> 1 | R45: =IF(R16="X",(D16-C16),"0") -> 0 | S45: =IF(S16="X",(D16-C16),"0") -> 0 | T45: =IF(T16="X",(D16-C16),"0") -> 1
E46: =IF(E17="X",(D17-C17),"0") -> 0 | F46: =IF(F17="X",(D17-C17),"0") -> 0 | G46: =IF(G17="X",(D17-C17),"0") -> 1 | H46: =IF(H17="X",(D17-C17),"0") -> 0 | I46: =IF(I17="X",(D17-C17),"0") -> 0 | J46: =IF(J17="X",(D17-C17),"0") -> 1 | K46: =IF(K17="X",(D17-C17),"0") -> 0 | L46: =IF(L17="X",(D17-C17),"0") -> 0 | M46: =IF(M17="X",(D17-C17),"0") -> 1 | N46: =IF(N17="X",(D17-C17),"0") -> 0 | O46: =IF(O17="X",(D17-C17),"0") -> 0 | P46: =IF(P17="X",(D17-C17),"0") -> 0 | Q46: =IF(Q17="X",(D17-C17),"0") -> 1 | R46: =IF(R17="X",(D17-C17),"0") -> 0 | S46: =IF(S17="X",(D17-C17),"0") -> 0 | T46: =IF(T17="X",(D17-C17),"0") -> 1
E47: =IF(E18="X",(D18-C18),"0") -> 0 | F47: =IF(F18="X",(D18-C18),"0") -> 0 | G47: =IF(G18="X",(D18-C18),"0") -> 0.43 | H47: =IF(H18="X",(D18-C18),"0") -> 0 | I47: =IF(I18="X",(D18-C18),"0") -> 0 | J47: =IF(J18="X",(D18-C18),"0") -> 0.43 | K47: =IF(K18="X",(D18-C18),"0") -> 0 | L47: =IF(L18="X",(D18-C18),"0") -> 0 | M47: =IF(M18="X",(D18-C18),"0") -> 0.43 | N47: =IF(N18="X",(D18-C18),"0") -> 0 | O47: =IF(O18="X",(D18-C18),"0") -> 0 | P47: =IF(P18="X",(D18-C18),"0") -> 0 | Q47: =IF(Q18="X",(D18-C18),"0") -> 0.43 | R47: =IF(R18="X",(D18-C18),"0") -> 0 | S47: =IF(S18="X",(D18-C18),"0") -> 0 | T47: =IF(T18="X",(D18-C18),"0") -> 0.43
... E63: =IF(E34="X",(D34-C34),"0") -> 0 | F63: =IF(F34="X",(D34-C34),"0") -> 0 | G63: =IF(G34="X",(D34-C34),"0") -> 0 | H63: =IF(H34="X",(D34-C34),"0") -> 0 | I63: =IF(I34="X",(D34-C34),"0") -> 0 | J63: =IF(J34="X",(D34-C34),"0") -> 0 | K63: =IF(K34="X",(D34-C34),"0") -> 0 | L63: =IF(L34="X",(D34-C34),"0") -> 0 | M63: =IF(M34="X",(D34-C34),"0") -> 0 | N63: =IF(N34="X",(D34-C34),"0") -> 0 | O63: =IF(O34="X",(D34-C34),"0") -> 0 | P63: =IF(P34="X",(D34-C34),"0") -> 0 | Q63: =IF(Q34="X",(D34-C34),"0") -> 0 | R63: =IF(R34="X",(D34-C34),"0") -> 0 | S63: =IF(S34="X",(D34-C34),"0") -> 0 | T63: =IF(T34="X",(D34-C34),"0") -> 0
E66: =SUM(E36:E63) -> 0 | F66: =SUM(F36:F63) -> 0 | G66: =SUM(G36:G63) -> 10.46 | H66: =SUM(H36:H63) -> 0 | I66: =SUM(I36:I63) -> 0 | J66: =SUM(J36:J63) -> 10.46 | K66: =SUM(K36:K63) -> 0 | L66: =SUM(L36:L63) -> 0 | ... T66: =SUM(T36:T63) -> 2.43

Sheet 40
A1: PROGRAMA DE MANUTENÇÃORODOVIÁRIA
D2: RODOVIAS PAVIMENTADAS | I2: DATA: | J2: ='39'!J2 -> 46204 | N2: TÉCNICO RESP. | O2: ='39'!O2 -> ENG. VINICIUS RODRIGUES FERREIRA DE OLIVEIRA | T2: REGIÃO: | U2: 02
A3: FICHA DE INSPEÇÃO: | B3: =TT!C5 -> RODOVIA TO-010 - TRECHO WANDERLÂNDIA - RIACHINHO
A5: S.R.E. | B5: SENTIDO | C5: INÍCIO (KM) | D5: FIM (KM) | E5: CONDIÇÃO DO PAVIMENTO | J5: VEGETAÇÃO | L5: ELEM. DE DRENAGEM | O5: SIN. HOR. | R5: SIN. VERTICAL | U5: OBSERV.
E6: BOM | F6: REM. I. | G6: REM. L | H6: BUR. I | I6: BUR. L | J6: ADEQ. | K6: INADED. | L6: LIMPOS | M6: SUJOS | N6: DAN. | O6: BOM | P6: REG. | Q6: INEXIST. | R6: BOM | S6: POUCAS | T6: INEXIST.
A7: 010ETO0421 | B7: C | C7: 0 | D7: 1.08 | E7: X | J7: X | L7: X | Q7: X | T7: X
A8: 010ETO0422 | B8: C | C8: 0 | D8: 0.71 | E8: X | J8: X | L8: X | Q8: X | T8: X
A9: 010ETO0430 | B9: C | C9: 0 | D9: 1.07 | G9: X | J9: X | M9: X | Q9: X | T9: X
A10: 010ETO0440 | B10: C | C10: 0 | D10: 2.99 | E10: X | J10: X | N10: X | Q10: X | T10: X
A11: 010ETO0470 | B11: C | C11: 0 | D11: 6.4 | E11: X | J11: X | M11: X | O11: X | S11: X
C12: 6.4 | D12: 6.5 | E12: X | J12: X | M12: X | O12: X | S12: X
C13: 6.5 | D13: 22.5 | E13: X | J13: X | M13: X | O13: X | S13: X
C14: 22.5 | D14: 31.1 | E14: X | J14: X | M14: X | O14: X | S14: X
C15: 31.1 | D15: 36.9 | E15: X | J15: X | M15: X | O15: X | S15: X
C16: 36.9 | D16: 42.72 | E16: X | J16: X | M16: X | O16: X | S16: X
A17: 010ETO0480 | B17: C | C17: 0 | D17: 5.23 | E17: X | J17: X | M17: X | O17: X | S17: X
A18: 010ETO0490 | B18: C | C18: 0 | D18: 2.4 | E18: X | J18: X | M18: X | O18: X | S18: X
C19: 2.4 | D19: 6.94 | E19: X | J19: X | M19: X | O19: X | S19: X
A32: LEGENDA | B32: CONDIÇÃO DO PAVIMENTO
A33: REM. I | B33: REMENDOS ISOLADOS | E33: ATÉ 10 REMENDOS/KM | I33: BUR. I | J33: BURACOS ISOLADOS | M33: ATÉ 5 BURACOS/KM
A34: REM. L | B34: REMENDOS AO LONGO | E34: MAIS DE 10 REMENDOS/KM | I34: BUR. L | J34: BURACOS AO LONGO | M34: MAIS DE 5 BURACOS/KM
E39: =IF(E7="X",(D7-C7),"0") -> 1.08 | F39: =IF(F7="X",(D7-C7),"0") -> 0 | G39: =IF(G7="X",(D7-C7),"0") -> 0 | H39: =IF(H7="X",(D7-C7),"0") -> 0 | I39: =IF(I7="X",(D7-C7),"0") -> 0 | J39: =IF(J7="X",(D7-C7),"0") -> 1.08 | K39: =IF(K7="X",(D7-C7),"0") -> 0 | L39: =IF(L7="X",(D7-C7),"0") -> 1.08 | M39: =IF(M7="X",(D7-C7),"0") -> 0 | N39: =IF(N7="X",(D7-C7),"0") -> 0 | O39: =IF(O7="X",(D7-C7),"0") -> 0 | P39: =IF(P7="X",(D7-C7),"0") -> 0 | Q39: =IF(Q7="X",(D7-C7),"0") -> 1.08 | R39: =IF(R7="X",(D7-C7),"0") -> 0 | S39: =IF(S7="X",(D7-C7),"0") -> 0 | T39: =IF(T7="X",(D7-C7),"0") -> 1.08
E40: =IF(E8="X",(D8-C8),"0") -> 0.71 | F40: =IF(F8="X",(D8-C8),"0") -> 0 | G40: =IF(G8="X",(D8-C8),"0") -> 0 | H40: =IF(H8="X",(D8-C8),"0") -> 0 | I40: =IF(I8="X",(D8-C8),"0") -> 0 | J40: =IF(J8="X",(D8-C8),"0") -> 0.71 | K40: =IF(K8="X",(D8-C8),"0") -> 0 | L40: =IF(L8="X",(D8-C8),"0") -> 0.71 | M40: =IF(M8="X",(D8-C8),"0") -> 0 | N40: =IF(N8="X",(D8-C8),"0") -> 0 | O40: =IF(O8="X",(D8-C8),"0") -> 0 | P40: =IF(P8="X",(D8-C8),"0") -> 0 | Q40: =IF(Q8="X",(D8-C8),"0") -> 0.71 | R40: =IF(R8="X",(D8-C8),"0") -> 0 | S40: =IF(S8="X",(D8-C8),"0") -> 0 | T40: =IF(T8="X",(D8-C8),"0") -> 0.71
E41: =IF(E9="X",(D9-C9),"0") -> 0 | F41: =IF(F9="X",(D9-C9),"0") -> 0 | G41: =IF(G9="X",(D9-C9),"0") -> 1.07 | H41: =IF(H9="X",(D9-C9),"0") -> 0 | I41: =IF(I9="X",(D9-C9),"0") -> 0 | J41: =IF(J9="X",(D9-C9),"0") -> 1.07 | K41: =IF(K9="X",(D9-C9),"0") -> 0 | L41: =IF(L9="X",(D9-C9),"0") -> 0 | M41: =IF(M9="X",(D9-C9),"0") -> 1.07 | N41: =IF(N9="X",(D9-C9),"0") -> 0 | O41: =IF(O9="X",(D9-C9),"0") -> 0 | P41: =IF(P9="X",(D9-C9),"0") -> 0 | Q41: =IF(Q9="X",(D9-C9),"0") -> 1.07 | R41: =IF(R9="X",(D9-C9),"0") -> 0 | S41: =IF(S9="X",(D9-C9),"0") -> 0 | T41: =IF(T9="X",(D9-C9),"0") -> 1.07
E42: =IF(E10="X",(D10-C10),"0") -> 2.99 | F42: =IF(F10="X",(D10-C10),"0") -> 0 | G42: =IF(G10="X",(D10-C10),"0") -> 0 | H42: =IF(H10="X",(D10-C10),"0") -> 0 | I42: =IF(I10="X",(D10-C10),"0") -> 0 | J42: =IF(J10="X",(D10-C10),"0") -> 2.99 | K42: =IF(K10="X",(D10-C10),"0") -> 0 | L42: =IF(L10="X",(D10-C10),"0") -> 0 | M42: =IF(M10="X",(D10-C10),"0") -> 0 | N42: =IF(N10="X",(D10-C10),"0") -> 2.99 | O42: =IF(O10="X",(D10-C10),"0") -> 0 | P42: =IF(P10="X",(D10-C10),"0") -> 0 | Q42: =IF(Q10="X",(D10-C10),"0") -> 2.99 | R42: =IF(R10="X",(D10-C10),"0") -> 0 | S42: =IF(S10="X",(D10-C10),"0") -> 0 | T42: =IF(T10="X",(D10-C10),"0") -> 2.99
E43: =IF(E11="X",(D11-C11),"0") -> 6.4 | F43: =IF(F11="X",(D11-C11),"0") -> 0 | G43: =IF(G11="X",(D11-C11),"0") -> 0 | H43: =IF(H11="X",(D11-C11),"0") -> 0 | I43: =IF(I11="X",(D11-C11),"0") -> 0 | J43: =IF(J11="X",(D11-C11),"0") -> 6.4 | K43: =IF(K11="X",(D11-C11),"0") -> 0 | L43: =IF(L11="X",(D11-C11),"0") -> 0 | M43: =IF(M11="X",(D11-C11),"0") -> 6.4 | N43: =IF(N11="X",(D11-C11),"0") -> 0 | O43: =IF(O11="X",(D11-C11),"0") -> 6.4 | P43: =IF(P11="X",(D11-C11),"0") -> 0 | Q43: =IF(Q11="X",(D11-C11),"0") -> 0 | R43: =IF(R11="X",(D11-C11),"0") -> 0 | S43: =IF(S11="X",(D11-C11),"0") -> 6.4 | T43: =IF(T11="X",(D11-C11),"0") -> 0
E44: =IF(E12="X",(D12-C12),"0") -> 0.1 | F44: =IF(F12="X",(D12-C12),"0") -> 0 | G44: =IF(G12="X",(D12-C12),"0") -> 0 | H44: =IF(H12="X",(D12-C12),"0") -> 0 | I44: =IF(I12="X",(D12-C12),"0") -> 0 | J44: =IF(J12="X",(D12-C12),"0") -> 0.1 | K44: =IF(K12="X",(D12-C12),"0") -> 0 | L44: =IF(L12="X",(D12-C12),"0") -> 0 | M44: =IF(M12="X",(D12-C12),"0") -> 0.1 | N44: =IF(N12="X",(D12-C12),"0") -> 0 | O44: =IF(O12="X",(D12-C12),"0") -> 0.1 | P44: =IF(P12="X",(D12-C12),"0") -> 0 | Q44: =IF(Q12="X",(D12-C12),"0") -> 0 | R44: =IF(R12="X",(D12-C12),"0") -> 0 | S44: =IF(S12="X",(D12-C12),"0") -> 0.1 | T44: =IF(T12="X",(D12-C12),"0") -> 0
E45: =IF(E13="X",(D13-C13),"0") -> 16 | F45: =IF(F13="X",(D13-C13),"0") -> 0 | G45: =IF(G13="X",(D13-C13),"0") -> 0 | H45: =IF(H13="X",(D13-C13),"0") -> 0 | I45: =IF(I13="X",(D13-C13),"0") -> 0 | J45: =IF(J13="X",(D13-C13),"0") -> 16 | K45: =IF(K13="X",(D13-C13),"0") -> 0 | L45: =IF(L13="X",(D13-C13),"0") -> 0 | M45: =IF(M13="X",(D13-C13),"0") -> 16 | N45: =IF(N13="X",(D13-C13),"0") -> 0 | O45: =IF(O13="X",(D13-C13),"0") -> 16 | P45: =IF(P13="X",(D13-C13),"0") -> 0 | Q45: =IF(Q13="X",(D13-C13),"0") -> 0 | R45: =IF(R13="X",(D13-C13),"0") -> 0 | S45: =IF(S13="X",(D13-C13),"0") -> 16 | T45: =IF(T13="X",(D13-C13),"0") -> 0
E46: =IF(E14="X",(D14-C14),"0") -> 8.6 | F46: =IF(F14="X",(D14-C14),"0") -> 0 | G46: =IF(G14="X",(D14-C14),"0") -> 0 | H46: =IF(H14="X",(D14-C14),"0") -> 0 | I46: =IF(I14="X",(D14-C14),"0") -> 0 | J46: =IF(J14="X",(D14-C14),"0") -> 8.6 | K46: =IF(K14="X",(D14-C14),"0") -> 0 | L46: =IF(L14="X",(D14-C14),"0") -> 0 | M46: =IF(M14="X",(D14-C14),"0") -> 8.6 | N46: =IF(N14="X",(D14-C14),"0") -> 0 | O46: =IF(O14="X",(D14-C14),"0") -> 8.6 | P46: =IF(P14="X",(D14-C14),"0") -> 0 | Q46: =IF(Q14="X",(D14-C14),"0") -> 0 | R46: =IF(R14="X",(D14-C14),"0") -> 0 | S46: =IF(S14="X",(D14-C14),"0") -> 8.6 | T46: =IF(T14="X",(D14-C14),"0") -> 0
E47: =IF(E15="X",(D15-C15),"0") -> 5.8 | F47: =IF(F15="X",(D15-C15),"0") -> 0 | G47: =IF(G15="X",(D15-C15),"0") -> 0 | H47: =IF(H15="X",(D15-C15),"0") -> 0 | I47: =IF(I15="X",(D15-C15),"0") -> 0 | J47: =IF(J15="X",(D15-C15),"0") -> 5.8 | K47: =IF(K15="X",(D15-C15),"0") -> 0 | L47: =IF(L15="X",(D15-C15),"0") -> 0 | M47: =IF(M15="X",(D15-C15),"0") -> 5.8 | N47: =IF(N15="X",(D15-C15),"0") -> 0 | O47: =IF(O15="X",(D15-C15),"0") -> 5.8 | P47: =IF(P15="X",(D15-C15),"0") -> 0 | Q47: =IF(Q15="X",(D15-C15),"0") -> 0 | R47: =IF(R15="X",(D15-C15),"0") -> 0 | S47: =IF(S15="X",(D15-C15),"0") -> 5.8 | T47: =IF(T15="X",(D15-C15),"0") -> 0
E48: =IF(E16="X",(D16-C16),"0") -> 5.82 | F48: =IF(F16="X",(D16-C16),"0") -> 0 | G48: =IF(G16="X",(D16-C16),"0") -> 0 | H48: =IF(H16="X",(D16-C16),"0") -> 0 | I48: =IF(I16="X",(D16-C16),"0") -> 0 | J48: =IF(J16="X",(D16-C16),"0") -> 5.82 | K48: =IF(K16="X",(D16-C16),"0") -> 0 | L48: =IF(L16="X",(D16-C16),"0") -> 0 | M48: =IF(M16="X",(D16-C16),"0") -> 5.82 | N48: =IF(N16="X",(D16-C16),"0") -> 0 | O48: =IF(O16="X",(D16-C16),"0") -> 5.82 | P48: =IF(P16="X",(D16-C16),"0") -> 0 | Q48: =IF(Q16="X",(D16-C16),"0") -> 0 | R48: =IF(R16="X",(D16-C16),"0") -> 0 | S48: =IF(S16="X",(D16-C16),"0") -> 5.82 | T48: =IF(T16="X",(D16-C16),"0") -> 0
E49: =IF(E17="X",(D17-C17),"0") -> 5.23 | F49: =IF(F17="X",(D17-C17),"0") -> 0 | G49: =IF(G17="X",(D17-C17),"0") -> 0 | H49: =IF(H17="X",(D17-C17),"0") -> 0 | I49: =IF(I17="X",(D17-C17),"0") -> 0 | J49: =IF(J17="X",(D17-C17),"0") -> 5.23 | K49: =IF(K17="X",(D17-C17),"0") -> 0 | L49: =IF(L17="X",(D17-C17),"0") -> 0 | M49: =IF(M17="X",(D17-C17),"0") -> 5.23 | N49: =IF(N17="X",(D17-C17),"0") -> 0 | O49: =IF(O17="X",(D17-C17),"0") -> 5.23 | P49: =IF(P17="X",(D17-C17),"0") -> 0 | Q49: =IF(Q17="X",(D17-C17),"0") -> 0 | R49: =IF(R17="X",(D17-C17),"0") -> 0 | S49: =IF(S17="X",(D17-C17),"0") -> 5.23 | T49: =IF(T17="X",(D17-C17),"0") -> 0
E50: =IF(E18="X",(D18-C18),"0") -> 2.4 | F50: =IF(F18="X",(D18-C18),"0") -> 0 | G50: =IF(G18="X",(D18-C18),"0") -> 0 | H50: =IF(H18="X",(D18-C18),"0") -> 0 | I50: =IF(I18="X",(D18-C18),"0") -> 0 | J50: =IF(J18="X",(D18-C18),"0") -> 2.4 | K50: =IF(K18="X",(D18-C18),"0") -> 0 | L50: =IF(L18="X",(D18-C18),"0") -> 0 | M50: =IF(M18="X",(D18-C18),"0") -> 2.4 | N50: =IF(N18="X",(D18-C18),"0") -> 0 | O50: =IF(O18="X",(D18-C18),"0") -> 2.4 | P50: =IF(P18="X",(D18-C18),"0") -> 0 | Q50: =IF(Q18="X",(D18-C18),"0") -> 0 | R50: =IF(R18="X",(D18-C18),"0") -> 0 | S50: =IF(S18="X",(D18-C18),"0") -> 2.4 | T50: =IF(T18="X",(D18-C18),"0") -> 0
... E127: =IF(E95="X",(D95-C95),"0") -> 0 | F127: =IF(F95="X",(D95-C95),"0") -> 0 | G127: =IF(G95="X",(D95-C95),"0") -> 0 | H127: =IF(H95="X",(D95-C95),"0") -> 0 | I127: =IF(I95="X",(D95-C95),"0") -> 0 | J127: =IF(J95="X",(D95-C95),"0") -> 0 | K127: =IF(K95="X",(D95-C95),"0") -> 0 | L127: =IF(L95="X",(D95-C95),"0") -> 0 | M127: =IF(M95="X",(D95-C95),"0") -> 0 | N127: =IF(N95="X",(D95-C95),"0") -> 0 | O127: =IF(O95="X",(D95-C95),"0") -> 0 | P127: =IF(P95="X",(D95-C95),"0") -> 0 | Q127: =IF(Q95="X",(D95-C95),"0") -> 0 | R127: =IF(R95="X",(D95-C95),"0") -> 0 | S127: =IF(S95="X",(D95-C95),"0") -> 0 | T127: =IF(T95="X",(D95-C95),"0") -> 0
E130: =SUM(E39:E127) -> 59.67 | F130: =SUM(F39:F127) -> 0 | G130: =SUM(G39:G127) -> 1.07 | H130: =SUM(H39:H127) -> 0 | I130: =SUM(I39:I127) -> 0 | J130: =SUM(J39:J127) -> 60.74 | K130: =SUM(K39:K127) -> 0 | L130: =SUM(L39:L127) -> 1.79 | ... T130: =SUM(T39:T127) -> 5.85

Sheet 41
A1: PROGRAMA DE MANUTENÇÃORODOVIÁRIA
D2: RODOVIAS PAVIMENTADAS | I2: DATA: | J2: ='39'!J2 -> 46204 | N2: TÉCNICO RESP. | O2: ='39'!O2 -> ENG. VINICIUS RODRIGUES FERREIRA DE OLIVEIRA | T2: REGIÃO: | U2: 02
A3: FICHA DE INSPEÇÃO: | B3: =TT!C6 -> RODOVIA TO-164 - TRECHO ENTR. BR-153 (XAMBIOÁ) - ARAGUANÃ
A5: S.R.E. | B5: SENTIDO | C5: INÍCIO (KM) | D5: FIM (KM) | E5: CONDIÇÃO DO PAVIMENTO | J5: VEGETAÇÃO | L5: ELEM. DE DRENAGEM | O5: SIN. HOR. | R5: SIN. VERTICAL | U5: OBSERV.
E6: BOM | F6: REM. I. | G6: REM. L | H6: BUR. I | I6: BUR. L | J6: ADEQ. | K6: INADED. | L6: LIMPOS | M6: SUJOS | N6: DAN. | O6: BOM | P6: REG. | Q6: INEXIST. | R6: BOM | S6: POUCAS | T6: INEXIST.
A7: 164ETO0100 | B7: C | C7: 0 | D7: 1 | E7: X | J7: X | M7: X | O7: X | R7: X
C8: =D7 -> 1 | D8: 2 | E8: X | J8: X | M8: X | O8: X | R8: X
C9: =D8 -> 2 | D9: 3 | E9: X | J9: X | M9: X | O9: X | R9: X
C10: =D9 -> 3 | D10: 4 | E10: X | J10: X | M10: X | O10: X | R10: X
C11: =D10 -> 4 | D11: 5 | E11: X | J11: X | M11: X | O11: X | R11: X
C12: =D11 -> 5 | D12: 6 | F12: X | J12: X | M12: X | O12: X | R12: X
C13: =D12 -> 6 | D13: 7 | E13: X | J13: X | M13: X | O13: X | R13: X
C14: =D13 -> 7 | D14: 8 | E14: X | J14: X | M14: X | O14: X | R14: X
C15: =D14 -> 8 | D15: 9 | E15: X | J15: X | M15: X | O15: X | R15: X
C16: =D15 -> 9 | D16: 10 | H16: X | J16: X | M16: X | O16: X | R16: X
C17: =D16 -> 10 | D17: 11 | G17: X | J17: X | M17: X | O17: X | R17: X
C18: =D17 -> 11 | D18: 12 | E18: X | J18: X | M18: X | O18: X | R18: X
C19: =D18 -> 12 | D19: 13 | E19: X | J19: X | M19: X | O19: X | R19: X
C20: =D19 -> 13 | D20: 14 | E20: X | J20: X | M20: X | O20: X | R20: X
C21: =D20 -> 14 | D21: 15 | G21: X | J21: X | M21: X | O21: X | R21: X
C22: =D21 -> 15 | D22: 16 | G22: X | J22: X | M22: X | O22: X | R22: X
C23: =D22 -> 16 | D23: 17 | G23: X | J23: X | M23: X | O23: X | R23: X
C24: =D23 -> 17 | D24: 18 | E24: X | J24: X | M24: X | O24: X | R24: X
C25: =D24 -> 18 | D25: 19 | E25: X | J25: X | M25: X | O25: X | R25: X
C26: =D25 -> 19 | D26: 19.23 | E26: X | J26: X | M26: X | O26: X | R26: X
A27: 164ETO0101 | B27: C | C27: 0 | D27: 1 | E27: X | J27: X | L27: X | O27: X | R27: X
C28: =D27 -> 1 | D28: 2 | E28: X | J28: X | L28: X | O28: X | R28: X
C29: =D28 -> 2 | D29: 2.56 | E29: X | J29: X | L29: X | O29: X | R29: X
A30: 164ETO0095 | B30: C | C30: 0 | D30: 1 | E30: X | J30: X | M30: X | O30: X | R30: X
C31: =D30 -> 1 | D31: 2 | E31: X | J31: X | M31: X | O31: X | R31: X
C32: =D31 -> 2 | D32: 3 | E32: X | J32: X | M32: X | O32: X | R32: X
C33: =D32 -> 3 | D33: 3.92 | E33: X | J33: X | M33: X | O33: X | R33: X
A42: LEGENDA | B42: CONDIÇÃO DO PAVIMENTO
A43: REM. I | B43: REMENDOS ISOLADOS | E43: ATÉ 10 REMENDOS/KM | I43: BUR. I | J43: BURACOS ISOLADOS | M43: ATÉ 5 BURACOS/KM
A44: REM. L | B44: REMENDOS AO LONGO | E44: MAIS DE 10 REMENDOS/KM | I44: BUR. L | J44: BURACOS AO LONGO | M44: MAIS DE 5 BURACOS/KM
E49: =IF(E7="X",(D7-C7),"0") -> 1 | F49: =IF(F7="X",(D7-C7),"0") -> 0 | G49: =IF(G7="X",(D7-C7),"0") -> 0 | H49: =IF(H7="X",(D7-C7),"0") -> 0 | I49: =IF(I7="X",(D7-C7),"0") -> 0 | J49: =IF(J7="X",(D7-C7),"0") -> 1 | K49: =IF(K7="X",(D7-C7),"0") -> 0 | L49: =IF(L7="X",(D7-C7),"0") -> 0 | M49: =IF(M7="X",(D7-C7),"0") -> 1 | N49: =IF(N7="X",(D7-C7),"0") -> 0 | O49: =IF(O7="X",(D7-C7),"0") -> 1 | P49: =IF(P7="X",(D7-C7),"0") -> 0 | Q49: =IF(Q7="X",(D7-C7),"0") -> 0 | R49: =IF(R7="X",(D7-C7),"0") -> 1 | S49: =IF(S7="X",(D7-C7),"0") -> 0 | T49: =IF(T7="X",(D7-C7),"0") -> 0
E50: =IF(E8="X",(D8-C8),"0") -> 1 | F50: =IF(F8="X",(D8-C8),"0") -> 0 | G50: =IF(G8="X",(D8-C8),"0") -> 0 | H50: =IF(H8="X",(D8-C8),"0") -> 0 | I50: =IF(I8="X",(D8-C8),"0") -> 0 | J50: =IF(J8="X",(D8-C8),"0") -> 1 | K50: =IF(K8="X",(D8-C8),"0") -> 0 | L50: =IF(L8="X",(D8-C8),"0") -> 0 | M50: =IF(M8="X",(D8-C8),"0") -> 1 | N50: =IF(N8="X",(D8-C8),"0") -> 0 | O50: =IF(O8="X",(D8-C8),"0") -> 1 | P50: =IF(P8="X",(D8-C8),"0") -> 0 | Q50: =IF(Q8="X",(D8-C8),"0") -> 0 | R50: =IF(R8="X",(D8-C8),"0") -> 1 | S50: =IF(S8="X",(D8-C8),"0") -> 0 | T50: =IF(T8="X",(D8-C8),"0") -> 0
E51: =IF(E9="X",(D9-C9),"0") -> 1 | F51: =IF(F9="X",(D9-C9),"0") -> 0 | G51: =IF(G9="X",(D9-C9),"0") -> 0 | H51: =IF(H9="X",(D9-C9),"0") -> 0 | I51: =IF(I9="X",(D9-C9),"0") -> 0 | J51: =IF(J9="X",(D9-C9),"0") -> 1 | K51: =IF(K9="X",(D9-C9),"0") -> 0 | L51: =IF(L9="X",(D9-C9),"0") -> 0 | M51: =IF(M9="X",(D9-C9),"0") -> 1 | N51: =IF(N9="X",(D9-C9),"0") -> 0 | O51: =IF(O9="X",(D9-C9),"0") -> 1 | P51: =IF(P9="X",(D9-C9),"0") -> 0 | Q51: =IF(Q9="X",(D9-C9),"0") -> 0 | R51: =IF(R9="X",(D9-C9),"0") -> 1 | S51: =IF(S9="X",(D9-C9),"0") -> 0 | T51: =IF(T9="X",(D9-C9),"0") -> 0
E52: =IF(E10="X",(D10-C10),"0") -> 1 | F52: =IF(F10="X",(D10-C10),"0") -> 0 | G52: =IF(G10="X",(D10-C10),"0") -> 0 | H52: =IF(H10="X",(D10-C10),"0") -> 0 | I52: =IF(I10="X",(D10-C10),"0") -> 0 | J52: =IF(J10="X",(D10-C10),"0") -> 1 | K52: =IF(K10="X",(D10-C10),"0") -> 0 | L52: =IF(L10="X",(D10-C10),"0") -> 0 | M52: =IF(M10="X",(D10-C10),"0") -> 1 | N52: =IF(N10="X",(D10-C10),"0") -> 0 | O52: =IF(O10="X",(D10-C10),"0") -> 1 | P52: =IF(P10="X",(D10-C10),"0") -> 0 | Q52: =IF(Q10="X",(D10-C10),"0") -> 0 | R52: =IF(R10="X",(D10-C10),"0") -> 1 | S52: =IF(S10="X",(D10-C10),"0") -> 0 | T52: =IF(T10="X",(D10-C10),"0") -> 0
E53: =IF(E11="X",(D11-C11),"0") -> 1 | F53: =IF(F11="X",(D11-C11),"0") -> 0 | G53: =IF(G11="X",(D11-C11),"0") -> 0 | H53: =IF(H11="X",(D11-C11),"0") -> 0 | I53: =IF(I11="X",(D11-C11),"0") -> 0 | J53: =IF(J11="X",(D11-C11),"0") -> 1 | K53: =IF(K11="X",(D11-C11),"0") -> 0 | L53: =IF(L11="X",(D11-C11),"0") -> 0 | M53: =IF(M11="X",(D11-C11),"0") -> 1 | N53: =IF(N11="X",(D11-C11),"0") -> 0 | O53: =IF(O11="X",(D11-C11),"0") -> 1 | P53: =IF(P11="X",(D11-C11),"0") -> 0 | Q53: =IF(Q11="X",(D11-C11),"0") -> 0 | R53: =IF(R11="X",(D11-C11),"0") -> 1 | S53: =IF(S11="X",(D11-C11),"0") -> 0 | T53: =IF(T11="X",(D11-C11),"0") -> 0
E54: =IF(E12="X",(D12-C12),"0") -> 0 | F54: =IF(F12="X",(D12-C12),"0") -> 1 | G54: =IF(G12="X",(D12-C12),"0") -> 0 | H54: =IF(H12="X",(D12-C12),"0") -> 0 | I54: =IF(I12="X",(D12-C12),"0") -> 0 | J54: =IF(J12="X",(D12-C12),"0") -> 1 | K54: =IF(K12="X",(D12-C12),"0") -> 0 | L54: =IF(L12="X",(D12-C12),"0") -> 0 | M54: =IF(M12="X",(D12-C12),"0") -> 1 | N54: =IF(N12="X",(D12-C12),"0") -> 0 | O54: =IF(O12="X",(D12-C12),"0") -> 1 | P54: =IF(P12="X",(D12-C12),"0") -> 0 | Q54: =IF(Q12="X",(D12-C12),"0") -> 0 | R54: =IF(R12="X",(D12-C12),"0") -> 1 | S54: =IF(S12="X",(D12-C12),"0") -> 0 | T54: =IF(T12="X",(D12-C12),"0") -> 0
E55: =IF(E13="X",(D13-C13),"0") -> 1 | F55: =IF(F13="X",(D13-C13),"0") -> 0 | G55: =IF(G13="X",(D13-C13),"0") -> 0 | H55: =IF(H13="X",(D13-C13),"0") -> 0 | I55: =IF(I13="X",(D13-C13),"0") -> 0 | J55: =IF(J13="X",(D13-C13),"0") -> 1 | K55: =IF(K13="X",(D13-C13),"0") -> 0 | L55: =IF(L13="X",(D13-C13),"0") -> 0 | M55: =IF(M13="X",(D13-C13),"0") -> 1 | N55: =IF(N13="X",(D13-C13),"0") -> 0 | O55: =IF(O13="X",(D13-C13),"0") -> 1 | P55: =IF(P13="X",(D13-C13),"0") -> 0 | Q55: =IF(Q13="X",(D13-C13),"0") -> 0 | R55: =IF(R13="X",(D13-C13),"0") -> 1 | S55: =IF(S13="X",(D13-C13),"0") -> 0 | T55: =IF(T13="X",(D13-C13),"0") -> 0
E56: =IF(E14="X",(D14-C14),"0") -> 1 | F56: =IF(F14="X",(D14-C14),"0") -> 0 | G56: =IF(G14="X",(D14-C14),"0") -> 0 | H56: =IF(H14="X",(D14-C14),"0") -> 0 | I56: =IF(I14="X",(D14-C14),"0") -> 0 | J56: =IF(J14="X",(D14-C14),"0") -> 1 | K56: =IF(K14="X",(D14-C14),"0") -> 0 | L56: =IF(L14="X",(D14-C14),"0") -> 0 | M56: =IF(M14="X",(D14-C14),"0") -> 1 | N56: =IF(N14="X",(D14-C14),"0") -> 0 | O56: =IF(O14="X",(D14-C14),"0") -> 1 | P56: =IF(P14="X",(D14-C14),"0") -> 0 | Q56: =IF(Q14="X",(D14-C14),"0") -> 0 | R56: =IF(R14="X",(D14-C14),"0") -> 1 | S56: =IF(S14="X",(D14-C14),"0") -> 0 | T56: =IF(T14="X",(D14-C14),"0") -> 0
E57: =IF(E15="X",(D15-C15),"0") -> 1 | F57: =IF(F15="X",(D15-C15),"0") -> 0 | G57: =IF(G15="X",(D15-C15),"0") -> 0 | H57: =IF(H15="X",(D15-C15),"0") -> 0 | I57: =IF(I15="X",(D15-C15),"0") -> 0 | J57: =IF(J15="X",(D15-C15),"0") -> 1 | K57: =IF(K15="X",(D15-C15),"0") -> 0 | L57: =IF(L15="X",(D15-C15),"0") -> 0 | M57: =IF(M15="X",(D15-C15),"0") -> 1 | N57: =IF(N15="X",(D15-C15),"0") -> 0 | O57: =IF(O15="X",(D15-C15),"0") -> 1 | P57: =IF(P15="X",(D15-C15),"0") -> 0 | Q57: =IF(Q15="X",(D15-C15),"0") -> 0 | R57: =IF(R15="X",(D15-C15),"0") -> 1 | S57: =IF(S15="X",(D15-C15),"0") -> 0 | T57: =IF(T15="X",(D15-C15),"0") -> 0
E58: =IF(E16="X",(D16-C16),"0") -> 0 | F58: =IF(F16="X",(D16-C16),"0") -> 0 | G58: =IF(G16="X",(D16-C16),"0") -> 0 | H58: =IF(H16="X",(D16-C16),"0") -> 1 | I58: =IF(I16="X",(D16-C16),"0") -> 0 | J58: =IF(J16="X",(D16-C16),"0") -> 1 | K58: =IF(K16="X",(D16-C16),"0") -> 0 | L58: =IF(L16="X",(D16-C16),"0") -> 0 | M58: =IF(M16="X",(D16-C16),"0") -> 1 | N58: =IF(N16="X",(D16-C16),"0") -> 0 | O58: =IF(O16="X",(D16-C16),"0") -> 1 | P58: =IF(P16="X",(D16-C16),"0") -> 0 | Q58: =IF(Q16="X",(D16-C16),"0") -> 0 | R58: =IF(R16="X",(D16-C16),"0") -> 1 | S58: =IF(S16="X",(D16-C16),"0") -> 0 | T58: =IF(T16="X",(D16-C16),"0") -> 0
E59: =IF(E17="X",(D17-C17),"0") -> 0 | F59: =IF(F17="X",(D17-C17),"0") -> 0 | G59: =IF(G17="X",(D17-C17),"0") -> 1 | H59: =IF(H17="X",(D17-C17),"0") -> 0 | I59: =IF(I17="X",(D17-C17),"0") -> 0 | J59: =IF(J17="X",(D17-C17),"0") -> 1 | K59: =IF(K17="X",(D17-C17),"0") -> 0 | L59: =IF(L17="X",(D17-C17),"0") -> 0 | M59: =IF(M17="X",(D17-C17),"0") -> 1 | N59: =IF(N17="X",(D17-C17),"0") -> 0 | O59: =IF(O17="X",(D17-C17),"0") -> 1 | P59: =IF(P17="X",(D17-C17),"0") -> 0 | Q59: =IF(Q17="X",(D17-C17),"0") -> 0 | R59: =IF(R17="X",(D17-C17),"0") -> 1 | S59: =IF(S17="X",(D17-C17),"0") -> 0 | T59: =IF(T17="X",(D17-C17),"0") -> 0
E60: =IF(E18="X",(D18-C18),"0") -> 1 | F60: =IF(F18="X",(D18-C18),"0") -> 0 | G60: =IF(G18="X",(D18-C18),"0") -> 0 | H60: =IF(H18="X",(D18-C18),"0") -> 0 | I60: =IF(I18="X",(D18-C18),"0") -> 0 | J60: =IF(J18="X",(D18-C18),"0") -> 1 | K60: =IF(K18="X",(D18-C18),"0") -> 0 | L60: =IF(L18="X",(D18-C18),"0") -> 0 | M60: =IF(M18="X",(D18-C18),"0") -> 1 | N60: =IF(N18="X",(D18-C18),"0") -> 0 | O60: =IF(O18="X",(D18-C18),"0") -> 1 | P60: =IF(P18="X",(D18-C18),"0") -> 0 | Q60: =IF(Q18="X",(D18-C18),"0") -> 0 | R60: =IF(R18="X",(D18-C18),"0") -> 1 | S60: =IF(S18="X",(D18-C18),"0") -> 0 | T60: =IF(T18="X",(D18-C18),"0") -> 0
... E92: =IF(E50="X",(D50-C50),"0") -> 0 | F92: =IF(F50="X",(D50-C50),"0") -> 0 | G92: =IF(G50="X",(D50-C50),"0") -> 0 | H92: =IF(H50="X",(D50-C50),"0") -> 0 | I92: =IF(I50="X",(D50-C50),"0") -> 0 | J92: =IF(J50="X",(D50-C50),"0") -> 0 | K92: =IF(K50="X",(D50-C50),"0") -> 0 | L92: =IF(L50="X",(D50-C50),"0") -> 0 | M92: =IF(M50="X",(D50-C50),"0") -> 0 | N92: =IF(N50="X",(D50-C50),"0") -> 0 | O92: =IF(O50="X",(D50-C50),"0") -> 0 | P92: =IF(P50="X",(D50-C50),"0") -> 0 | Q92: =IF(Q50="X",(D50-C50),"0") -> 0 | R92: =IF(R50="X",(D50-C50),"0") -> 0 | S92: =IF(S50="X",(D50-C50),"0") -> 0 | T92: =IF(T50="X",(D50-C50),"0") -> 0
E95: =SUM(E49:E92) -> 19.71 | F95: =SUM(F49:F92) -> 1 | G95: =SUM(G49:G92) -> 4 | H95: =SUM(H49:H92) -> 1 | I95: =SUM(I49:I92) -> 0 | J95: =SUM(J49:J92) -> 25.71 | K95: =SUM(K49:K92) -> 0 | L95: =SUM(L49:L92) -> 2.56 | ... T95: =SUM(T49:T92) -> 0

Sheet 42
A1: PROGRAMA DE MANUTENÇÃORODOVIÁRIA
D2: RODOVIAS PAVIMENTADAS | I2: DATA: | J2: ='39'!J2 -> 46204 | N2: TÉCNICO RESP. | O2: ='39'!O2 -> ENG. VINICIUS RODRIGUES FERREIRA DE OLIVEIRA | T2: REGIÃO: | U2: 02
A3: FICHA DE INSPEÇÃO: | B3: =TT!C7 -> RODOVIA TO-164 - TRECHO FÁBRICA DE CIMENTO - XAMBIOÁ - ENTR. BR-153
A5: S.R.E. | B5: SENTIDO | C5: INÍCIO (KM) | D5: FIM (KM) | E5: CONDIÇÃO DO PAVIMENTO | J5: VEGETAÇÃO | L5: ELEM. DE DRENAGEM | O5: SIN. HOR. | R5: SIN. VERTICAL | U5: OBSERV.
E6: BOM | F6: REM. I. | G6: REM. L | H6: BUR. I | I6: BUR. L | J6: ADEQ. | K6: INADED. | L6: LIMPOS | M6: SUJOS | N6: DAN. | O6: BOM | P6: REG. | Q6: INEXIST. | R6: BOM | S6: POUCAS | T6: INEXIST.
A7: 164ETO0090 | B7: D | C7: 0 | D7: 1 | I7: X | J7: X | M7: X | Q7: X | T7: X
C8: =D7 -> 1 | D8: 2 | I8: X | J8: X | M8: X | Q8: X | T8: X
C9: =D8 -> 2 | D9: 3 | I9: X | J9: X | M9: X | Q9: X | T9: X
C10: =D9 -> 3 | D10: 3.62 | I10: X | J10: X | M10: X | Q10: X | T10: X
A11: 164ETO0080 | B11: D | C11: 0 | D11: 1 | I11: X | J11: X | M11: X | Q11: X | T11: X
C12: =D11 -> 1 | D12: 2 | I12: X | J12: X | M12: X | Q12: X | T12: X
C13: =D12 -> 2 | D13: 3 | I13: X | J13: X | M13: X | Q13: X | T13: X
C14: =D13 -> 3 | D14: 4 | E14: X | J14: X | M14: X | Q14: X | T14: X
C15: =D14 -> 4 | D15: 5 | I15: X | J15: X | M15: X | Q15: X | T15: X
C16: =D15 -> 5 | D16: 5.91 | E16: X | J16: X | M16: X | Q16: X | T16: X
A17: 164ETO0070 | B17: D | C17: 0 | D17: 1 | E17: X | J17: X | M17: X | Q17: X | T17: X
C18: =D17 -> 1 | D18: 2 | E18: X | J18: X | M18: X | Q18: X | T18: X
C19: =D18 -> 2 | D19: 3 | E19: X | J19: X | M19: X | Q19: X | T19: X
C20: =D19 -> 3 | D20: 3.92 | E20: X | J20: X | M20: X | Q20: X | T20: X
A29: LEGENDA | B29: CONDIÇÃO DO PAVIMENTO
A30: REM. I | B30: REMENDOS ISOLADOS | E30: ATÉ 10 REMENDOS/KM | I30: BUR. I | J30: BURACOS ISOLADOS | M30: ATÉ 5 BURACOS/KM
A31: REM. L | B31: REMENDOS AO LONGO | E31: MAIS DE 10 REMENDOS/KM | I31: BUR. L | J31: BURACOS AO LONGO | M31: MAIS DE 5 BURACOS/KM
E36: =IF(E7="X",(D7-C7),"0") -> 0 | F36: =IF(F7="X",(D7-C7),"0") -> 0 | G36: =IF(G7="X",(D7-C7),"0") -> 0 | H36: =IF(H7="X",(D7-C7),"0") -> 0 | I36: =IF(I7="X",(D7-C7),"0") -> 1 | J36: =IF(J7="X",(D7-C7),"0") -> 1 | K36: =IF(K7="X",(D7-C7),"0") -> 0 | L36: =IF(L7="X",(D7-C7),"0") -> 0 | M36: =IF(M7="X",(D7-C7),"0") -> 1 | N36: =IF(N7="X",(D7-C7),"0") -> 0 | O36: =IF(O7="X",(D7-C7),"0") -> 0 | P36: =IF(P7="X",(D7-C7),"0") -> 0 | Q36: =IF(Q7="X",(D7-C7),"0") -> 1 | R36: =IF(R7="X",(D7-C7),"0") -> 0 | S36: =IF(S7="X",(D7-C7),"0") -> 0 | T36: =IF(T7="X",(D7-C7),"0") -> 1
E37: =IF(E8="X",(D8-C8),"0") -> 0 | F37: =IF(F8="X",(D8-C8),"0") -> 0 | G37: =IF(G8="X",(D8-C8),"0") -> 0 | H37: =IF(H8="X",(D8-C8),"0") -> 0 | I37: =IF(I8="X",(D8-C8),"0") -> 1 | J37: =IF(J8="X",(D8-C8),"0") -> 1 | K37: =IF(K8="X",(D8-C8),"0") -> 0 | L37: =IF(L8="X",(D8-C8),"0") -> 0 | M37: =IF(M8="X",(D8-C8),"0") -> 1 | N37: =IF(N8="X",(D8-C8),"0") -> 0 | O37: =IF(O8="X",(D8-C8),"0") -> 0 | P37: =IF(P8="X",(D8-C8),"0") -> 0 | Q37: =IF(Q8="X",(D8-C8),"0") -> 1 | R37: =IF(R8="X",(D8-C8),"0") -> 0 | S37: =IF(S8="X",(D8-C8),"0") -> 0 | T37: =IF(T8="X",(D8-C8),"0") -> 1
E38: =IF(E9="X",(D9-C9),"0") -> 0 | F38: =IF(F9="X",(D9-C9),"0") -> 0 | G38: =IF(G9="X",(D9-C9),"0") -> 0 | H38: =IF(H9="X",(D9-C9),"0") -> 0 | I38: =IF(I9="X",(D9-C9),"0") -> 1 | J38: =IF(J9="X",(D9-C9),"0") -> 1 | K38: =IF(K9="X",(D9-C9),"0") -> 0 | L38: =IF(L9="X",(D9-C9),"0") -> 0 | M38: =IF(M9="X",(D9-C9),"0") -> 1 | N38: =IF(N9="X",(D9-C9),"0") -> 0 | O38: =IF(O9="X",(D9-C9),"0") -> 0 | P38: =IF(P9="X",(D9-C9),"0") -> 0 | Q38: =IF(Q9="X",(D9-C9),"0") -> 1 | R38: =IF(R9="X",(D9-C9),"0") -> 0 | S38: =IF(S9="X",(D9-C9),"0") -> 0 | T38: =IF(T9="X",(D9-C9),"0") -> 1
E39: =IF(E10="X",(D10-C10),"0") -> 0 | F39: =IF(F10="X",(D10-C10),"0") -> 0 | G39: =IF(G10="X",(D10-C10),"0") -> 0 | H39: =IF(H10="X",(D10-C10),"0") -> 0 | I39: =IF(I10="X",(D10-C10),"0") -> 0.62 | J39: =IF(J10="X",(D10-C10),"0") -> 0.62 | K39: =IF(K10="X",(D10-C10),"0") -> 0 | L39: =IF(L10="X",(D10-C10),"0") -> 0 | M39: =IF(M10="X",(D10-C10),"0") -> 0.62 | N39: =IF(N10="X",(D10-C10),"0") -> 0 | O39: =IF(O10="X",(D10-C10),"0") -> 0 | P39: =IF(P10="X",(D10-C10),"0") -> 0 | Q39: =IF(Q10="X",(D10-C10),"0") -> 0.62 | R39: =IF(R10="X",(D10-C10),"0") -> 0 | S39: =IF(S10="X",(D10-C10),"0") -> 0 | T39: =IF(T10="X",(D10-C10),"0") -> 0.62
E40: =IF(E11="X",(D11-C11),"0") -> 0 | F40: =IF(F11="X",(D11-C11),"0") -> 0 | G40: =IF(G11="X",(D11-C11),"0") -> 0 | H40: =IF(H11="X",(D11-C11),"0") -> 0 | I40: =IF(I11="X",(D11-C11),"0") -> 1 | J40: =IF(J11="X",(D11-C11),"0") -> 1 | K40: =IF(K11="X",(D11-C11),"0") -> 0 | L40: =IF(L11="X",(D11-C11),"0") -> 0 | M40: =IF(M11="X",(D11-C11),"0") -> 1 | N40: =IF(N11="X",(D11-C11),"0") -> 0 | O40: =IF(O11="X",(D11-C11),"0") -> 0 | P40: =IF(P11="X",(D11-C11),"0") -> 0 | Q40: =IF(Q11="X",(D11-C11),"0") -> 1 | R40: =IF(R11="X",(D11-C11),"0") -> 0 | S40: =IF(S11="X",(D11-C11),"0") -> 0 | T40: =IF(T11="X",(D11-C11),"0") -> 1
E41: =IF(E12="X",(D12-C12),"0") -> 0 | F41: =IF(F12="X",(D12-C12),"0") -> 0 | G41: =IF(G12="X",(D12-C12),"0") -> 0 | H41: =IF(H12="X",(D12-C12),"0") -> 0 | I41: =IF(I12="X",(D12-C12),"0") -> 1 | J41: =IF(J12="X",(D12-C12),"0") -> 1 | K41: =IF(K12="X",(D12-C12),"0") -> 0 | L41: =IF(L12="X",(D12-C12),"0") -> 0 | M41: =IF(M12="X",(D12-C12),"0") -> 1 | N41: =IF(N12="X",(D12-C12),"0") -> 0 | O41: =IF(O12="X",(D12-C12),"0") -> 0 | P41: =IF(P12="X",(D12-C12),"0") -> 0 | Q41: =IF(Q12="X",(D12-C12),"0") -> 1 | R41: =IF(R12="X",(D12-C12),"0") -> 0 | S41: =IF(S12="X",(D12-C12),"0") -> 0 | T41: =IF(T12="X",(D12-C12),"0") -> 1
E42: =IF(E13="X",(D13-C13),"0") -> 0 | F42: =IF(F13="X",(D13-C13),"0") -> 0 | G42: =IF(G13="X",(D13-C13),"0") -> 0 | H42: =IF(H13="X",(D13-C13),"0") -> 0 | I42: =IF(I13="X",(D13-C13),"0") -> 1 | J42: =IF(J13="X",(D13-C13),"0") -> 1 | K42: =IF(K13="X",(D13-C13),"0") -> 0 | L42: =IF(L13="X",(D13-C13),"0") -> 0 | M42: =IF(M13="X",(D13-C13),"0") -> 1 | N42: =IF(N13="X",(D13-C13),"0") -> 0 | O42: =IF(O13="X",(D13-C13),"0") -> 0 | P42: =IF(P13="X",(D13-C13),"0") -> 0 | Q42: =IF(Q13="X",(D13-C13),"0") -> 1 | R42: =IF(R13="X",(D13-C13),"0") -> 0 | S42: =IF(S13="X",(D13-C13),"0") -> 0 | T42: =IF(T13="X",(D13-C13),"0") -> 1
E43: =IF(E14="X",(D14-C14),"0") -> 1 | F43: =IF(F14="X",(D14-C14),"0") -> 0 | G43: =IF(G14="X",(D14-C14),"0") -> 0 | H43: =IF(H14="X",(D14-C14),"0") -> 0 | I43: =IF(I14="X",(D14-C14),"0") -> 0 | J43: =IF(J14="X",(D14-C14),"0") -> 1 | K43: =IF(K14="X",(D14-C14),"0") -> 0 | L43: =IF(L14="X",(D14-C14),"0") -> 0 | M43: =IF(M14="X",(D14-C14),"0") -> 1 | N43: =IF(N14="X",(D14-C14),"0") -> 0 | O43: =IF(O14="X",(D14-C14),"0") -> 0 | P43: =IF(P14="X",(D14-C14),"0") -> 0 | Q43: =IF(Q14="X",(D14-C14),"0") -> 1 | R43: =IF(R14="X",(D14-C14),"0") -> 0 | S43: =IF(S14="X",(D14-C14),"0") -> 0 | T43: =IF(T14="X",(D14-C14),"0") -> 1
E44: =IF(E15="X",(D15-C15),"0") -> 0 | F44: =IF(F15="X",(D15-C15),"0") -> 0 | G44: =IF(G15="X",(D15-C15),"0") -> 0 | H44: =IF(H15="X",(D15-C15),"0") -> 0 | I44: =IF(I15="X",(D15-C15),"0") -> 1 | J44: =IF(J15="X",(D15-C15),"0") -> 1 | K44: =IF(K15="X",(D15-C15),"0") -> 0 | L44: =IF(L15="X",(D15-C15),"0") -> 0 | M44: =IF(M15="X",(D15-C15),"0") -> 1 | N44: =IF(N15="X",(D15-C15),"0") -> 0 | O44: =IF(O15="X",(D15-C15),"0") -> 0 | P44: =IF(P15="X",(D15-C15),"0") -> 0 | Q44: =IF(Q15="X",(D15-C15),"0") -> 1 | R44: =IF(R15="X",(D15-C15),"0") -> 0 | S44: =IF(S15="X",(D15-C15),"0") -> 0 | T44: =IF(T15="X",(D15-C15),"0") -> 1
E45: =IF(E16="X",(D16-C16),"0") -> 0.91 | F45: =IF(F16="X",(D16-C16),"0") -> 0 | G45: =IF(G16="X",(D16-C16),"0") -> 0 | H45: =IF(H16="X",(D16-C16),"0") -> 0 | I45: =IF(I16="X",(D16-C16),"0") -> 0 | J45: =IF(J16="X",(D16-C16),"0") -> 0.91 | K45: =IF(K16="X",(D16-C16),"0") -> 0 | L45: =IF(L16="X",(D16-C16),"0") -> 0 | M45: =IF(M16="X",(D16-C16),"0") -> 0.91 | N45: =IF(N16="X",(D16-C16),"0") -> 0 | O45: =IF(O16="X",(D16-C16),"0") -> 0 | P45: =IF(P16="X",(D16-C16),"0") -> 0 | Q45: =IF(Q16="X",(D16-C16),"0") -> 0.91 | R45: =IF(R16="X",(D16-C16),"0") -> 0 | S45: =IF(S16="X",(D16-C16),"0") -> 0 | T45: =IF(T16="X",(D16-C16),"0") -> 0.91
E46: =IF(E17="X",(D17-C17),"0") -> 1 | F46: =IF(F17="X",(D17-C17),"0") -> 0 | G46: =IF(G17="X",(D17-C17),"0") -> 0 | H46: =IF(H17="X",(D17-C17),"0") -> 0 | I46: =IF(I17="X",(D17-C17),"0") -> 0 | J46: =IF(J17="X",(D17-C17),"0") -> 1 | K46: =IF(K17="X",(D17-C17),"0") -> 0 | L46: =IF(L17="X",(D17-C17),"0") -> 0 | M46: =IF(M17="X",(D17-C17),"0") -> 1 | N46: =IF(N17="X",(D17-C17),"0") -> 0 | O46: =IF(O17="X",(D17-C17),"0") -> 0 | P46: =IF(P17="X",(D17-C17),"0") -> 0 | Q46: =IF(Q17="X",(D17-C17),"0") -> 1 | R46: =IF(R17="X",(D17-C17),"0") -> 0 | S46: =IF(S17="X",(D17-C17),"0") -> 0 | T46: =IF(T17="X",(D17-C17),"0") -> 1
E47: =IF(E18="X",(D18-C18),"0") -> 1 | F47: =IF(F18="X",(D18-C18),"0") -> 0 | G47: =IF(G18="X",(D18-C18),"0") -> 0 | H47: =IF(H18="X",(D18-C18),"0") -> 0 | I47: =IF(I18="X",(D18-C18),"0") -> 0 | J47: =IF(J18="X",(D18-C18),"0") -> 1 | K47: =IF(K18="X",(D18-C18),"0") -> 0 | L47: =IF(L18="X",(D18-C18),"0") -> 0 | M47: =IF(M18="X",(D18-C18),"0") -> 1 | N47: =IF(N18="X",(D18-C18),"0") -> 0 | O47: =IF(O18="X",(D18-C18),"0") -> 0 | P47: =IF(P18="X",(D18-C18),"0") -> 0 | Q47: =IF(Q18="X",(D18-C18),"0") -> 1 | R47: =IF(R18="X",(D18-C18),"0") -> 0 | S47: =IF(S18="X",(D18-C18),"0") -> 0 | T47: =IF(T18="X",(D18-C18),"0") -> 1
... E86: =IF(E57="X",(D57-C57),"0") -> 0 | F86: =IF(F57="X",(D57-C57),"0") -> 0 | G86: =IF(G57="X",(D57-C57),"0") -> 0 | H86: =IF(H57="X",(D57-C57),"0") -> 0 | I86: =IF(I57="X",(D57-C57),"0") -> 0 | J86: =IF(J57="X",(D57-C57),"0") -> 0 | K86: =IF(K57="X",(D57-C57),"0") -> 0 | L86: =IF(L57="X",(D57-C57),"0") -> 0 | M86: =IF(M57="X",(D57-C57),"0") -> 0 | N86: =IF(N57="X",(D57-C57),"0") -> 0 | O86: =IF(O57="X",(D57-C57),"0") -> 0 | P86: =IF(P57="X",(D57-C57),"0") -> 0 | Q86: =IF(Q57="X",(D57-C57),"0") -> 0 | R86: =IF(R57="X",(D57-C57),"0") -> 0 | S86: =IF(S57="X",(D57-C57),"0") -> 0 | T86: =IF(T57="X",(D57-C57),"0") -> 0
E89: =SUM(E36:E86) -> 5.83 | F89: =SUM(F36:F86) -> 0 | G89: =SUM(G36:G86) -> 0 | H89: =SUM(H36:H86) -> 0 | I89: =SUM(I36:I86) -> 7.62 | J89: =SUM(J36:J86) -> 13.45 | K89: =SUM(K36:K86) -> 0 | L89: =SUM(L36:L86) -> 0 | ... T89: =SUM(T36:T86) -> 13.45

Sheet 43
A1: PROGRAMA DE MANUTENÇÃORODOVIÁRIA
D2: RODOVIAS PAVIMENTADAS | I2: DATA: | J2: ='39'!J2 -> 46204 | N2: TÉCNICO RESP. | O2: ='39'!O2 -> ENG. VINICIUS RODRIGUES FERREIRA DE OLIVEIRA | T2: REGIÃO: | U2: 02
A3: FICHA DE INSPEÇÃO: | B3: =TT!C8 -> RODOVIA TO-164 - TRECHO ARAGOMINAS - MURICILÂNDIA
A5: S.R.E. | B5: SENTIDO | C5: INÍCIO (KM) | D5: FIM (KM) | E5: CONDIÇÃO DO PAVIMENTO | J5: VEGETAÇÃO | L5: ELEM. DE DRENAGEM | O5: SIN. HOR. | R5: SIN. VERTICAL | U5: OBSERV.
E6: BOM | F6: REM. I. | G6: REM. L | H6: BUR. I | I6: BUR. L | J6: ADEQ. | K6: INADED. | L6: LIMPOS | M6: SUJOS | N6: DAN. | O6: BOM | P6: REG. | Q6: INEXIST. | R6: BOM | S6: POUCAS | T6: INEXIST.
A7: 164ETO0155 | B7: D | C7: 0 | D7: 0.9 | F7: X | J7: X | M7: X | P7: X | S7: X
A8: (222ETO0170) | B8: D | C8: 0.9 | D8: 2.6 | G8: X | J8: X | M8: X | P8: X | S8: X
B9: D | C9: 2.6 | D9: 3.8 | F9: X | J9: X | M9: X | P9: X | S9: X
B10: D | C10: 3.8 | D10: 5.5 | F10: X | J10: X | M10: X | P10: X | S10: X
B11: D | C11: 5.5 | D11: 10 | F11: X | J11: X | M11: X | P11: X | S11: X
B12: D | C12: 10 | D12: 20 | F12: X | J12: X | M12: X | P12: X | S12: X
A13: 164ETO0151 | B13: D | C13: 0 | D13: 1.15 | F13: X | J13: X | L13: X | P13: X | T13: X
A32: LEGENDA | B32: CONDIÇÃO DO PAVIMENTO
A33: REM. I | B33: REMENDOS ISOLADOS | E33: ATÉ 10 REMENDOS/KM | I33: BUR. I | J33: BURACOS ISOLADOS | M33: ATÉ 5 BURACOS/KM
A34: REM. L | B34: REMENDOS AO LONGO | E34: MAIS DE 10 REMENDOS/KM | I34: BUR. L | J34: BURACOS AO LONGO | M34: MAIS DE 5 BURACOS/KM
E39: =IF(E7="X",(D7-C7),"0") -> 0 | F39: =IF(F7="X",(D7-C7),"0") -> 0.9 | G39: =IF(G7="X",(D7-C7),"0") -> 0 | H39: =IF(H7="X",(D7-C7),"0") -> 0 | I39: =IF(I7="X",(D7-C7),"0") -> 0 | J39: =IF(J7="X",(D7-C7),"0") -> 0.9 | K39: =IF(K7="X",(D7-C7),"0") -> 0 | L39: =IF(L7="X",(D7-C7),"0") -> 0 | M39: =IF(M7="X",(D7-C7),"0") -> 0.9 | N39: =IF(N7="X",(D7-C7),"0") -> 0 | O39: =IF(O7="X",(D7-C7),"0") -> 0 | P39: =IF(P7="X",(D7-C7),"0") -> 0.9 | Q39: =IF(Q7="X",(D7-C7),"0") -> 0 | R39: =IF(R7="X",(D7-C7),"0") -> 0 | S39: =IF(S7="X",(D7-C7),"0") -> 0.9 | T39: =IF(T7="X",(D7-C7),"0") -> 0
E40: =IF(E8="X",(D8-C8),"0") -> 0 | F40: =IF(F8="X",(D8-C8),"0") -> 0 | G40: =IF(G8="X",(D8-C8),"0") -> 1.7 | H40: =IF(H8="X",(D8-C8),"0") -> 0 | I40: =IF(I8="X",(D8-C8),"0") -> 0 | J40: =IF(J8="X",(D8-C8),"0") -> 1.7 | K40: =IF(K8="X",(D8-C8),"0") -> 0 | L40: =IF(L8="X",(D8-C8),"0") -> 0 | M40: =IF(M8="X",(D8-C8),"0") -> 1.7 | N40: =IF(N8="X",(D8-C8),"0") -> 0 | O40: =IF(O8="X",(D8-C8),"0") -> 0 | P40: =IF(P8="X",(D8-C8),"0") -> 1.7 | Q40: =IF(Q8="X",(D8-C8),"0") -> 0 | R40: =IF(R8="X",(D8-C8),"0") -> 0 | S40: =IF(S8="X",(D8-C8),"0") -> 1.7 | T40: =IF(T8="X",(D8-C8),"0") -> 0
E41: =IF(E9="X",(D9-C9),"0") -> 0 | F41: =IF(F9="X",(D9-C9),"0") -> 1.2 | G41: =IF(G9="X",(D9-C9),"0") -> 0 | H41: =IF(H9="X",(D9-C9),"0") -> 0 | I41: =IF(I9="X",(D9-C9),"0") -> 0 | J41: =IF(J9="X",(D9-C9),"0") -> 1.2 | K41: =IF(K9="X",(D9-C9),"0") -> 0 | L41: =IF(L9="X",(D9-C9),"0") -> 0 | M41: =IF(M9="X",(D9-C9),"0") -> 1.2 | N41: =IF(N9="X",(D9-C9),"0") -> 0 | O41: =IF(O9="X",(D9-C9),"0") -> 0 | P41: =IF(P9="X",(D9-C9),"0") -> 1.2 | Q41: =IF(Q9="X",(D9-C9),"0") -> 0 | R41: =IF(R9="X",(D9-C9),"0") -> 0 | S41: =IF(S9="X",(D9-C9),"0") -> 1.2 | T41: =IF(T9="X",(D9-C9),"0") -> 0
E42: =IF(E10="X",(D10-C10),"0") -> 0 | F42: =IF(F10="X",(D10-C10),"0") -> 1.7 | G42: =IF(G10="X",(D10-C10),"0") -> 0 | H42: =IF(H10="X",(D10-C10),"0") -> 0 | I42: =IF(I10="X",(D10-C10),"0") -> 0 | J42: =IF(J10="X",(D10-C10),"0") -> 1.7 | K42: =IF(K10="X",(D10-C10),"0") -> 0 | L42: =IF(L10="X",(D10-C10),"0") -> 0 | M42: =IF(M10="X",(D10-C10),"0") -> 1.7 | N42: =IF(N10="X",(D10-C10),"0") -> 0 | O42: =IF(O10="X",(D10-C10),"0") -> 0 | P42: =IF(P10="X",(D10-C10),"0") -> 1.7 | Q42: =IF(Q10="X",(D10-C10),"0") -> 0 | R42: =IF(R10="X",(D10-C10),"0") -> 0 | S42: =IF(S10="X",(D10-C10),"0") -> 1.7 | T42: =IF(T10="X",(D10-C10),"0") -> 0
E43: =IF(E11="X",(D11-C11),"0") -> 0 | F43: =IF(F11="X",(D11-C11),"0") -> 4.5 | G43: =IF(G11="X",(D11-C11),"0") -> 0 | H43: =IF(H11="X",(D11-C11),"0") -> 0 | I43: =IF(I11="X",(D11-C11),"0") -> 0 | J43: =IF(J11="X",(D11-C11),"0") -> 4.5 | K43: =IF(K11="X",(D11-C11),"0") -> 0 | L43: =IF(L11="X",(D11-C11),"0") -> 0 | M43: =IF(M11="X",(D11-C11),"0") -> 4.5 | N43: =IF(N11="X",(D11-C11),"0") -> 0 | O43: =IF(O11="X",(D11-C11),"0") -> 0 | P43: =IF(P11="X",(D11-C11),"0") -> 4.5 | Q43: =IF(Q11="X",(D11-C11),"0") -> 0 | R43: =IF(R11="X",(D11-C11),"0") -> 0 | S43: =IF(S11="X",(D11-C11),"0") -> 4.5 | T43: =IF(T11="X",(D11-C11),"0") -> 0
E44: =IF(E12="X",(D12-C12),"0") -> 0 | F44: =IF(F12="X",(D12-C12),"0") -> 10 | G44: =IF(G12="X",(D12-C12),"0") -> 0 | H44: =IF(H12="X",(D12-C12),"0") -> 0 | I44: =IF(I12="X",(D12-C12),"0") -> 0 | J44: =IF(J12="X",(D12-C12),"0") -> 10 | K44: =IF(K12="X",(D12-C12),"0") -> 0 | L44: =IF(L12="X",(D12-C12),"0") -> 0 | M44: =IF(M12="X",(D12-C12),"0") -> 10 | N44: =IF(N12="X",(D12-C12),"0") -> 0 | O44: =IF(O12="X",(D12-C12),"0") -> 0 | P44: =IF(P12="X",(D12-C12),"0") -> 10 | Q44: =IF(Q12="X",(D12-C12),"0") -> 0 | R44: =IF(R12="X",(D12-C12),"0") -> 0 | S44: =IF(S12="X",(D12-C12),"0") -> 10 | T44: =IF(T12="X",(D12-C12),"0") -> 0
E45: =IF(E13="X",(D13-C13),"0") -> 0 | F45: =IF(F13="X",(D13-C13),"0") -> 1.15 | G45: =IF(G13="X",(D13-C13),"0") -> 0 | H45: =IF(H13="X",(D13-C13),"0") -> 0 | I45: =IF(I13="X",(D13-C13),"0") -> 0 | J45: =IF(J13="X",(D13-C13),"0") -> 1.15 | K45: =IF(K13="X",(D13-C13),"0") -> 0 | L45: =IF(L13="X",(D13-C13),"0") -> 1.15 | M45: =IF(M13="X",(D13-C13),"0") -> 0 | N45: =IF(N13="X",(D13-C13),"0") -> 0 | O45: =IF(O13="X",(D13-C13),"0") -> 0 | P45: =IF(P13="X",(D13-C13),"0") -> 1.15 | Q45: =IF(Q13="X",(D13-C13),"0") -> 0 | R45: =IF(R13="X",(D13-C13),"0") -> 0 | S45: =IF(S13="X",(D13-C13),"0") -> 0 | T45: =IF(T13="X",(D13-C13),"0") -> 1.15
E46: =IF(E14="X",(D14-C14),"0") -> 0 | F46: =IF(F14="X",(D14-C14),"0") -> 0 | G46: =IF(G14="X",(D14-C14),"0") -> 0 | H46: =IF(H14="X",(D14-C14),"0") -> 0 | I46: =IF(I14="X",(D14-C14),"0") -> 0 | J46: =IF(J14="X",(D14-C14),"0") -> 0 | K46: =IF(K14="X",(D14-C14),"0") -> 0 | L46: =IF(L14="X",(D14-C14),"0") -> 0 | M46: =IF(M14="X",(D14-C14),"0") -> 0 | N46: =IF(N14="X",(D14-C14),"0") -> 0 | O46: =IF(O14="X",(D14-C14),"0") -> 0 | P46: =IF(P14="X",(D14-C14),"0") -> 0 | Q46: =IF(Q14="X",(D14-C14),"0") -> 0 | R46: =IF(R14="X",(D14-C14),"0") -> 0 | S46: =IF(S14="X",(D14-C14),"0") -> 0 | T46: =IF(T14="X",(D14-C14),"0") -> 0
E47: =IF(E15="X",(D15-C15),"0") -> 0 | F47: =IF(F15="X",(D15-C15),"0") -> 0 | G47: =IF(G15="X",(D15-C15),"0") -> 0 | H47: =IF(H15="X",(D15-C15),"0") -> 0 | I47: =IF(I15="X",(D15-C15),"0") -> 0 | J47: =IF(J15="X",(D15-C15),"0") -> 0 | K47: =IF(K15="X",(D15-C15),"0") -> 0 | L47: =IF(L15="X",(D15-C15),"0") -> 0 | M47: =IF(M15="X",(D15-C15),"0") -> 0 | N47: =IF(N15="X",(D15-C15),"0") -> 0 | O47: =IF(O15="X",(D15-C15),"0") -> 0 | P47: =IF(P15="X",(D15-C15),"0") -> 0 | Q47: =IF(Q15="X",(D15-C15),"0") -> 0 | R47: =IF(R15="X",(D15-C15),"0") -> 0 | S47: =IF(S15="X",(D15-C15),"0") -> 0 | T47: =IF(T15="X",(D15-C15),"0") -> 0
E48: =IF(E16="X",(D16-C16),"0") -> 0 | F48: =IF(F16="X",(D16-C16),"0") -> 0 | G48: =IF(G16="X",(D16-C16),"0") -> 0 | H48: =IF(H16="X",(D16-C16),"0") -> 0 | I48: =IF(I16="X",(D16-C16),"0") -> 0 | J48: =IF(J16="X",(D16-C16),"0") -> 0 | K48: =IF(K16="X",(D16-C16),"0") -> 0 | L48: =IF(L16="X",(D16-C16),"0") -> 0 | M48: =IF(M16="X",(D16-C16),"0") -> 0 | N48: =IF(N16="X",(D16-C16),"0") -> 0 | O48: =IF(O16="X",(D16-C16),"0") -> 0 | P48: =IF(P16="X",(D16-C16),"0") -> 0 | Q48: =IF(Q16="X",(D16-C16),"0") -> 0 | R48: =IF(R16="X",(D16-C16),"0") -> 0 | S48: =IF(S16="X",(D16-C16),"0") -> 0 | T48: =IF(T16="X",(D16-C16),"0") -> 0
E49: =IF(E17="X",(D17-C17),"0") -> 0 | F49: =IF(F17="X",(D17-C17),"0") -> 0 | G49: =IF(G17="X",(D17-C17),"0") -> 0 | H49: =IF(H17="X",(D17-C17),"0") -> 0 | I49: =IF(I17="X",(D17-C17),"0") -> 0 | J49: =IF(J17="X",(D17-C17),"0") -> 0 | K49: =IF(K17="X",(D17-C17),"0") -> 0 | L49: =IF(L17="X",(D17-C17),"0") -> 0 | M49: =IF(M17="X",(D17-C17),"0") -> 0 | N49: =IF(N17="X",(D17-C17),"0") -> 0 | O49: =IF(O17="X",(D17-C17),"0") -> 0 | P49: =IF(P17="X",(D17-C17),"0") -> 0 | Q49: =IF(Q17="X",(D17-C17),"0") -> 0 | R49: =IF(R17="X",(D17-C17),"0") -> 0 | S49: =IF(S17="X",(D17-C17),"0") -> 0 | T49: =IF(T17="X",(D17-C17),"0") -> 0
E50: =IF(E18="X",(D18-C18),"0") -> 0 | F50: =IF(F18="X",(D18-C18),"0") -> 0 | G50: =IF(G18="X",(D18-C18),"0") -> 0 | H50: =IF(H18="X",(D18-C18),"0") -> 0 | I50: =IF(I18="X",(D18-C18),"0") -> 0 | J50: =IF(J18="X",(D18-C18),"0") -> 0 | K50: =IF(K18="X",(D18-C18),"0") -> 0 | L50: =IF(L18="X",(D18-C18),"0") -> 0 | M50: =IF(M18="X",(D18-C18),"0") -> 0 | N50: =IF(N18="X",(D18-C18),"0") -> 0 | O50: =IF(O18="X",(D18-C18),"0") -> 0 | P50: =IF(P18="X",(D18-C18),"0") -> 0 | Q50: =IF(Q18="X",(D18-C18),"0") -> 0 | R50: =IF(R18="X",(D18-C18),"0") -> 0 | S50: =IF(S18="X",(D18-C18),"0") -> 0 | T50: =IF(T18="X",(D18-C18),"0") -> 0
... E127: =IF(E95="X",(D95-C95),"0") -> 0 | F127: =IF(F95="X",(D95-C95),"0") -> 0 | G127: =IF(G95="X",(D95-C95),"0") -> 0 | H127: =IF(H95="X",(D95-C95),"0") -> 0 | I127: =IF(I95="X",(D95-C95),"0") -> 0 | J127: =IF(J95="X",(D95-C95),"0") -> 0 | K127: =IF(K95="X",(D95-C95),"0") -> 0 | L127: =IF(L95="X",(D95-C95),"0") -> 0 | M127: =IF(M95="X",(D95-C95),"0") -> 0 | N127: =IF(N95="X",(D95-C95),"0") -> 0 | O127: =IF(O95="X",(D95-C95),"0") -> 0 | P127: =IF(P95="X",(D95-C95),"0") -> 0 | Q127: =IF(Q95="X",(D95-C95),"0") -> 0 | R127: =IF(R95="X",(D95-C95),"0") -> 0 | S127: =IF(S95="X",(D95-C95),"0") -> 0 | T127: =IF(T95="X",(D95-C95),"0") -> 0
E130: =SUM(E39:E127) -> 0 | F130: =SUM(F39:F127) -> 19.45 | G130: =SUM(G39:G127) -> 1.7 | H130: =SUM(H39:H127) -> 0 | I130: =SUM(I39:I127) -> 0 | J130: =SUM(J39:J127) -> 21.15 | K130: =SUM(K39:K127) -> 0 | L130: =SUM(L39:L127) -> 1.15 | ... T130: =SUM(T39:T127) -> 1.15

Sheet 44
A1: PROGRAMA DE MANUTENÇÃORODOVIÁRIA
D2: RODOVIAS PAVIMENTADAS | I2: DATA: | J2: ='39'!J2 -> 46204 | N2: TÉCNICO RESP. | O2: ='39'!O2 -> ENG. VINICIUS RODRIGUES FERREIRA DE OLIVEIRA | T2: REGIÃO: | U2: 02
A3: FICHA DE INSPEÇÃO: | B3: =TT!C9 -> RODOVIA TO-164 - TRECHO ARAGUANÃ - CARMOLÂNDIA
A5: S.R.E. | B5: SENTIDO | C5: INÍCIO (KM) | D5: FIM (KM) | E5: CONDIÇÃO DO PAVIMENTO | J5: VEGETAÇÃO | L5: ELEM. DE DRENAGEM | O5: SIN. HOR. | R5: SIN. VERTICAL | U5: OBSERV.
E6: BOM | F6: REM. I. | G6: REM. L | H6: BUR. I | I6: BUR. L | J6: ADEQ. | K6: INADED. | L6: LIMPOS | M6: SUJOS | N6: DAN. | O6: BOM | P6: REG. | Q6: INEXIST. | R6: BOM | S6: POUCAS | T6: INEXIST.
A7: 164ETO0110 | B7: C | C7: 0 | D7: 1 | E7: X | J7: X | M7: X | O7: X | R7: X
C8: =D7 -> 1 | D8: 2 | E8: X | J8: X | M8: X | O8: X | R8: X
C9: =D8 -> 2 | D9: 3 | G9: X | J9: X | M9: X | O9: X | R9: X
C10: =D9 -> 3 | D10: 4 | G10: X | J10: X | M10: X | O10: X | R10: X
C11: =D10 -> 4 | D11: 5 | H11: X | J11: X | M11: X | O11: X | R11: X
C12: =D11 -> 5 | D12: 6 | H12: X | J12: X | M12: X | O12: X | R12: X
C13: =D12 -> 6 | D13: 7 | H13: X | J13: X | M13: X | O13: X | R13: X
C14: =D13 -> 7 | D14: 8 | H14: X | J14: X | M14: X | O14: X | R14: X
C15: =D14 -> 8 | D15: 9 | H15: X | J15: X | M15: X | O15: X | R15: X
C16: =D15 -> 9 | D16: 10 | H16: X | J16: X | M16: X | O16: X | R16: X
C17: =D16 -> 10 | D17: 11 | H17: X | J17: X | M17: X | O17: X | R17: X
C18: =D17 -> 11 | D18: 12 | H18: X | J18: X | M18: X | O18: X | R18: X
C19: =D18 -> 12 | D19: 13 | H19: X | J19: X | M19: X | O19: X | R19: X
C20: =D19 -> 13 | D20: 14 | E20: X | J20: X | M20: X | O20: X | R20: X
C21: =D20 -> 14 | D21: 15 | E21: X | J21: X | M21: X | O21: X | R21: X
C22: =D21 -> 15 | D22: 16 | E22: X | J22: X | M22: X | O22: X | R22: X
C23: =D22 -> 16 | D23: 17 | E23: X | J23: X | M23: X | O23: X | R23: X
C24: =D23 -> 17 | D24: 18 | E24: X | J24: X | M24: X | O24: X | R24: X
C25: =D24 -> 18 | D25: 19 | E25: X | J25: X | M25: X | O25: X | R25: X
C26: =D25 -> 19 | D26: 20 | G26: X | J26: X | M26: X | O26: X | R26: X
C27: =D26 -> 20 | D27: 21 | E27: X | J27: X | M27: X | O27: X | R27: X
C28: =D27 -> 21 | D28: 22 | E28: X | J28: X | M28: X | O28: X | R28: X
C29: =D28 -> 22 | D29: 23 | E29: X | J29: X | M29: X | O29: X | R29: X
C30: =D29 -> 23 | D30: 24 | E30: X | J30: X | M30: X | O30: X | R30: X
C31: =D30 -> 24 | D31: 25 | E31: X | J31: X | M31: X | O31: X | R31: X
C32: =D31 -> 25 | D32: 26 | E32: X | J32: X | M32: X | O32: X | R32: X
C33: =D32 -> 26 | D33: 27 | E33: X | J33: X | M33: X | O33: X | R33: X
C34: =D33 -> 27 | D34: 28 | E34: X | J34: X | M34: X | O34: X | R34: X
C35: =D34 -> 28 | D35: 29 | E35: X | J35: X | M35: X | O35: X | R35: X
C36: =D35 -> 29 | D36: 30 | E36: X | J36: X | M36: X | O36: X | R36: X
C37: =D36 -> 30 | D37: 31 | E37: X | J37: X | M37: X | O37: X | R37: X
C38: =D37 -> 31 | D38: 32 | E38: X | J38: X | M38: X | O38: X | R38: X
... C40: =D39 -> 33 | D40: 33.93 | E40: X | J40: X | M40: X | O40: X | R40: X
A41: 164ETO0120 | B41: C | C41: 0 | D41: 1 | E41: X | J41: X | M41: X | O41: X | R41: X
C42: =D7 -> 1 | D42: 2 | E42: X | J42: X | M42: X | O42: X | R42: X
C43: =D8 -> 2 | D43: 3 | E43: X | J43: X | M43: X | O43: X | R43: X
C44: =D9 -> 3 | D44: 4 | E44: X | J44: X | M44: X | O44: X | R44: X
C45: =D10 -> 4 | D45: 5 | E45: X | J45: X | M45: X | O45: X | R45: X
C46: =D11 -> 5 | D46: 6 | E46: X | J46: X | M46: X | O46: X | R46: X
C47: =D12 -> 6 | D47: 7 | E47: X | J47: X | M47: X | O47: X | R47: X
C48: =D13 -> 7 | D48: 8 | E48: X | J48: X | M48: X | O48: X | R48: X
C49: =D14 -> 8 | D49: 9 | E49: X | J49: X | M49: X | O49: X | R49: X
C50: =D15 -> 9 | D50: 10 | E50: X | J50: X | M50: X | O50: X | R50: X
C51: =D16 -> 10 | D51: 11 | E51: X | J51: X | M51: X | O51: X | R51: X
C52: =D17 -> 11 | D52: 12 | E52: X | J52: X | M52: X | O52: X | R52: X
C53: =D18 -> 12 | D53: 13 | E53: X | J53: X | M53: X | O53: X | R53: X
... C64: =D29 -> 23 | D64: 24 | E64: X | J64: X | M64: X | O64: X | R64: X
C65: =D30 -> 24 | D65: 25 | E65: X | J65: X | L65: X | O65: X | R65: X
C66: =D31 -> 25 | D66: 26 | E66: X | J66: X | L66: X | O66: X | R66: X
C67: =D32 -> 26 | D67: 26.5 | E67: X | J67: X | L67: X | O67: X | R67: X
A74: LEGENDA | B74: CONDIÇÃO DO PAVIMENTO
A75: REM. I | B75: REMENDOS ISOLADOS | E75: ATÉ 10 REMENDOS/KM | I75: BUR. I | J75: BURACOS ISOLADOS | M75: ATÉ 5 BURACOS/KM
A76: REM. L | B76: REMENDOS AO LONGO | E76: MAIS DE 10 REMENDOS/KM | I76: BUR. L | J76: BURACOS AO LONGO | M76: MAIS DE 5 BURACOS/KM
E81: =IF(E7="X",(D7-C7),"0") -> 1 | F81: =IF(F7="X",(D7-C7),"0") -> 0 | G81: =IF(G7="X",(D7-C7),"0") -> 0 | H81: =IF(H7="X",(D7-C7),"0") -> 0 | I81: =IF(I7="X",(D7-C7),"0") -> 0 | J81: =IF(J7="X",(D7-C7),"0") -> 1 | K81: =IF(K7="X",(D7-C7),"0") -> 0 | L81: =IF(L7="X",(D7-C7),"0") -> 0 | M81: =IF(M7="X",(D7-C7),"0") -> 1 | N81: =IF(N7="X",(D7-C7),"0") -> 0 | O81: =IF(O7="X",(D7-C7),"0") -> 1 | P81: =IF(P7="X",(D7-C7),"0") -> 0 | Q81: =IF(Q7="X",(D7-C7),"0") -> 0 | R81: =IF(R7="X",(D7-C7),"0") -> 1 | S81: =IF(S7="X",(D7-C7),"0") -> 0 | T81: =IF(T7="X",(D7-C7),"0") -> 0
E82: =IF(E8="X",(D8-C8),"0") -> 1 | F82: =IF(F8="X",(D8-C8),"0") -> 0 | G82: =IF(G8="X",(D8-C8),"0") -> 0 | H82: =IF(H8="X",(D8-C8),"0") -> 0 | I82: =IF(I8="X",(D8-C8),"0") -> 0 | J82: =IF(J8="X",(D8-C8),"0") -> 1 | K82: =IF(K8="X",(D8-C8),"0") -> 0 | L82: =IF(L8="X",(D8-C8),"0") -> 0 | M82: =IF(M8="X",(D8-C8),"0") -> 1 | N82: =IF(N8="X",(D8-C8),"0") -> 0 | O82: =IF(O8="X",(D8-C8),"0") -> 1 | P82: =IF(P8="X",(D8-C8),"0") -> 0 | Q82: =IF(Q8="X",(D8-C8),"0") -> 0 | R82: =IF(R8="X",(D8-C8),"0") -> 1 | S82: =IF(S8="X",(D8-C8),"0") -> 0 | T82: =IF(T8="X",(D8-C8),"0") -> 0
E83: =IF(E9="X",(D9-C9),"0") -> 0 | F83: =IF(F9="X",(D9-C9),"0") -> 0 | G83: =IF(G9="X",(D9-C9),"0") -> 1 | H83: =IF(H9="X",(D9-C9),"0") -> 0 | I83: =IF(I9="X",(D9-C9),"0") -> 0 | J83: =IF(J9="X",(D9-C9),"0") -> 1 | K83: =IF(K9="X",(D9-C9),"0") -> 0 | L83: =IF(L9="X",(D9-C9),"0") -> 0 | M83: =IF(M9="X",(D9-C9),"0") -> 1 | N83: =IF(N9="X",(D9-C9),"0") -> 0 | O83: =IF(O9="X",(D9-C9),"0") -> 1 | P83: =IF(P9="X",(D9-C9),"0") -> 0 | Q83: =IF(Q9="X",(D9-C9),"0") -> 0 | R83: =IF(R9="X",(D9-C9),"0") -> 1 | S83: =IF(S9="X",(D9-C9),"0") -> 0 | T83: =IF(T9="X",(D9-C9),"0") -> 0
E84: =IF(E10="X",(D10-C10),"0") -> 0 | F84: =IF(F10="X",(D10-C10),"0") -> 0 | G84: =IF(G10="X",(D10-C10),"0") -> 1 | H84: =IF(H10="X",(D10-C10),"0") -> 0 | I84: =IF(I10="X",(D10-C10),"0") -> 0 | J84: =IF(J10="X",(D10-C10),"0") -> 1 | K84: =IF(K10="X",(D10-C10),"0") -> 0 | L84: =IF(L10="X",(D10-C10),"0") -> 0 | M84: =IF(M10="X",(D10-C10),"0") -> 1 | N84: =IF(N10="X",(D10-C10),"0") -> 0 | O84: =IF(O10="X",(D10-C10),"0") -> 1 | P84: =IF(P10="X",(D10-C10),"0") -> 0 | Q84: =IF(Q10="X",(D10-C10),"0") -> 0 | R84: =IF(R10="X",(D10-C10),"0") -> 1 | S84: =IF(S10="X",(D10-C10),"0") -> 0 | T84: =IF(T10="X",(D10-C10),"0") -> 0
E85: =IF(E11="X",(D11-C11),"0") -> 0 | F85: =IF(F11="X",(D11-C11),"0") -> 0 | G85: =IF(G11="X",(D11-C11),"0") -> 0 | H85: =IF(H11="X",(D11-C11),"0") -> 1 | I85: =IF(I11="X",(D11-C11),"0") -> 0 | J85: =IF(J11="X",(D11-C11),"0") -> 1 | K85: =IF(K11="X",(D11-C11),"0") -> 0 | L85: =IF(L11="X",(D11-C11),"0") -> 0 | M85: =IF(M11="X",(D11-C11),"0") -> 1 | N85: =IF(N11="X",(D11-C11),"0") -> 0 | O85: =IF(O11="X",(D11-C11),"0") -> 1 | P85: =IF(P11="X",(D11-C11),"0") -> 0 | Q85: =IF(Q11="X",(D11-C11),"0") -> 0 | R85: =IF(R11="X",(D11-C11),"0") -> 1 | S85: =IF(S11="X",(D11-C11),"0") -> 0 | T85: =IF(T11="X",(D11-C11),"0") -> 0
E86: =IF(E12="X",(D12-C12),"0") -> 0 | F86: =IF(F12="X",(D12-C12),"0") -> 0 | G86: =IF(G12="X",(D12-C12),"0") -> 0 | H86: =IF(H12="X",(D12-C12),"0") -> 1 | I86: =IF(I12="X",(D12-C12),"0") -> 0 | J86: =IF(J12="X",(D12-C12),"0") -> 1 | K86: =IF(K12="X",(D12-C12),"0") -> 0 | L86: =IF(L12="X",(D12-C12),"0") -> 0 | M86: =IF(M12="X",(D12-C12),"0") -> 1 | N86: =IF(N12="X",(D12-C12),"0") -> 0 | O86: =IF(O12="X",(D12-C12),"0") -> 1 | P86: =IF(P12="X",(D12-C12),"0") -> 0 | Q86: =IF(Q12="X",(D12-C12),"0") -> 0 | R86: =IF(R12="X",(D12-C12),"0") -> 1 | S86: =IF(S12="X",(D12-C12),"0") -> 0 | T86: =IF(T12="X",(D12-C12),"0") -> 0
E87: =IF(E13="X",(D13-C13),"0") -> 0 | F87: =IF(F13="X",(D13-C13),"0") -> 0 | G87: =IF(G13="X",(D13-C13),"0") -> 0 | H87: =IF(H13="X",(D13-C13),"0") -> 1 | I87: =IF(I13="X",(D13-C13),"0") -> 0 | J87: =IF(J13="X",(D13-C13),"0") -> 1 | K87: =IF(K13="X",(D13-C13),"0") -> 0 | L87: =IF(L13="X",(D13-C13),"0") -> 0 | M87: =IF(M13="X",(D13-C13),"0") -> 1 | N87: =IF(N13="X",(D13-C13),"0") -> 0 | O87: =IF(O13="X",(D13-C13),"0") -> 1 | P87: =IF(P13="X",(D13-C13),"0") -> 0 | Q87: =IF(Q13="X",(D13-C13),"0") -> 0 | R87: =IF(R13="X",(D13-C13),"0") -> 1 | S87: =IF(S13="X",(D13-C13),"0") -> 0 | T87: =IF(T13="X",(D13-C13),"0") -> 0
E88: =IF(E14="X",(D14-C14),"0") -> 0 | F88: =IF(F14="X",(D14-C14),"0") -> 0 | G88: =IF(G14="X",(D14-C14),"0") -> 0 | H88: =IF(H14="X",(D14-C14),"0") -> 1 | I88: =IF(I14="X",(D14-C14),"0") -> 0 | J88: =IF(J14="X",(D14-C14),"0") -> 1 | K88: =IF(K14="X",(D14-C14),"0") -> 0 | L88: =IF(L14="X",(D14-C14),"0") -> 0 | M88: =IF(M14="X",(D14-C14),"0") -> 1 | N88: =IF(N14="X",(D14-C14),"0") -> 0 | O88: =IF(O14="X",(D14-C14),"0") -> 1 | P88: =IF(P14="X",(D14-C14),"0") -> 0 | Q88: =IF(Q14="X",(D14-C14),"0") -> 0 | R88: =IF(R14="X",(D14-C14),"0") -> 1 | S88: =IF(S14="X",(D14-C14),"0") -> 0 | T88: =IF(T14="X",(D14-C14),"0") -> 0
E89: =IF(E15="X",(D15-C15),"0") -> 0 | F89: =IF(F15="X",(D15-C15),"0") -> 0 | G89: =IF(G15="X",(D15-C15),"0") -> 0 | H89: =IF(H15="X",(D15-C15),"0") -> 1 | I89: =IF(I15="X",(D15-C15),"0") -> 0 | J89: =IF(J15="X",(D15-C15),"0") -> 1 | K89: =IF(K15="X",(D15-C15),"0") -> 0 | L89: =IF(L15="X",(D15-C15),"0") -> 0 | M89: =IF(M15="X",(D15-C15),"0") -> 1 | N89: =IF(N15="X",(D15-C15),"0") -> 0 | O89: =IF(O15="X",(D15-C15),"0") -> 1 | P89: =IF(P15="X",(D15-C15),"0") -> 0 | Q89: =IF(Q15="X",(D15-C15),"0") -> 0 | R89: =IF(R15="X",(D15-C15),"0") -> 1 | S89: =IF(S15="X",(D15-C15),"0") -> 0 | T89: =IF(T15="X",(D15-C15),"0") -> 0
E90: =IF(E16="X",(D16-C16),"0") -> 0 | F90: =IF(F16="X",(D16-C16),"0") -> 0 | G90: =IF(G16="X",(D16-C16),"0") -> 0 | H90: =IF(H16="X",(D16-C16),"0") -> 1 | I90: =IF(I16="X",(D16-C16),"0") -> 0 | J90: =IF(J16="X",(D16-C16),"0") -> 1 | K90: =IF(K16="X",(D16-C16),"0") -> 0 | L90: =IF(L16="X",(D16-C16),"0") -> 0 | M90: =IF(M16="X",(D16-C16),"0") -> 1 | N90: =IF(N16="X",(D16-C16),"0") -> 0 | O90: =IF(O16="X",(D16-C16),"0") -> 1 | P90: =IF(P16="X",(D16-C16),"0") -> 0 | Q90: =IF(Q16="X",(D16-C16),"0") -> 0 | R90: =IF(R16="X",(D16-C16),"0") -> 1 | S90: =IF(S16="X",(D16-C16),"0") -> 0 | T90: =IF(T16="X",(D16-C16),"0") -> 0
E91: =IF(E17="X",(D17-C17),"0") -> 0 | F91: =IF(F17="X",(D17-C17),"0") -> 0 | G91: =IF(G17="X",(D17-C17),"0") -> 0 | H91: =IF(H17="X",(D17-C17),"0") -> 1 | I91: =IF(I17="X",(D17-C17),"0") -> 0 | J91: =IF(J17="X",(D17-C17),"0") -> 1 | K91: =IF(K17="X",(D17-C17),"0") -> 0 | L91: =IF(L17="X",(D17-C17),"0") -> 0 | M91: =IF(M17="X",(D17-C17),"0") -> 1 | N91: =IF(N17="X",(D17-C17),"0") -> 0 | O91: =IF(O17="X",(D17-C17),"0") -> 1 | P91: =IF(P17="X",(D17-C17),"0") -> 0 | Q91: =IF(Q17="X",(D17-C17),"0") -> 0 | R91: =IF(R17="X",(D17-C17),"0") -> 1 | S91: =IF(S17="X",(D17-C17),"0") -> 0 | T91: =IF(T17="X",(D17-C17),"0") -> 0
E92: =IF(E18="X",(D18-C18),"0") -> 0 | F92: =IF(F18="X",(D18-C18),"0") -> 0 | G92: =IF(G18="X",(D18-C18),"0") -> 0 | H92: =IF(H18="X",(D18-C18),"0") -> 1 | I92: =IF(I18="X",(D18-C18),"0") -> 0 | J92: =IF(J18="X",(D18-C18),"0") -> 1 | K92: =IF(K18="X",(D18-C18),"0") -> 0 | L92: =IF(L18="X",(D18-C18),"0") -> 0 | M92: =IF(M18="X",(D18-C18),"0") -> 1 | N92: =IF(N18="X",(D18-C18),"0") -> 0 | O92: =IF(O18="X",(D18-C18),"0") -> 1 | P92: =IF(P18="X",(D18-C18),"0") -> 0 | Q92: =IF(Q18="X",(D18-C18),"0") -> 0 | R92: =IF(R18="X",(D18-C18),"0") -> 1 | S92: =IF(S18="X",(D18-C18),"0") -> 0 | T92: =IF(T18="X",(D18-C18),"0") -> 0
... E169: =IF(E95="X",(D95-C95),"0") -> 0 | F169: =IF(F95="X",(D95-C95),"0") -> 0 | G169: =IF(G95="X",(D95-C95),"0") -> 0 | H169: =IF(H95="X",(D95-C95),"0") -> 0 | I169: =IF(I95="X",(D95-C95),"0") -> 0 | J169: =IF(J95="X",(D95-C95),"0") -> 0 | K169: =IF(K95="X",(D95-C95),"0") -> 0 | L169: =IF(L95="X",(D95-C95),"0") -> 0 | M169: =IF(M95="X",(D95-C95),"0") -> 0 | N169: =IF(N95="X",(D95-C95),"0") -> 0 | O169: =IF(O95="X",(D95-C95),"0") -> 0 | P169: =IF(P95="X",(D95-C95),"0") -> 0 | Q169: =IF(Q95="X",(D95-C95),"0") -> 0 | R169: =IF(R95="X",(D95-C95),"0") -> 0 | S169: =IF(S95="X",(D95-C95),"0") -> 0 | T169: =IF(T95="X",(D95-C95),"0") -> 0
E172: =SUM(E81:E169) -> 48.43 | F172: =SUM(F81:F169) -> 0 | G172: =SUM(G81:G169) -> 3 | H172: =SUM(H81:H169) -> 9 | I172: =SUM(I81:I169) -> 0 | J172: =SUM(J81:J169) -> 60.43 | K172: =SUM(K81:K169) -> 0 | L172: =SUM(L81:L169) -> 2.5 | ... T172: =SUM(T81:T169) -> 0

Sheet 45
A1: PROGRAMA DE MANUTENÇÃORODOVIÁRIA
D2: RODOVIAS PAVIMENTADAS | I2: DATA: | J2: ='39'!J2 -> 46204 | N2: TÉCNICO RESP. | O2: ='39'!O2 -> ENG. VINICIUS RODRIGUES FERREIRA DE OLIVEIRA | T2: REGIÃO: | U2: 02
A3: FICHA DE INSPEÇÃO: | B3: =TT!C10 -> RODOVIA TO-164 - TRECHO CARMOLÂNDIA - ENTR. TO-222 - ARAGOMINAS
A5: S.R.E. | B5: SENTIDO | C5: INÍCIO (KM) | D5: FIM (KM) | E5: CONDIÇÃO DO PAVIMENTO | J5: VEGETAÇÃO | L5: ELEM. DE DRENAGEM | O5: SIN. HOR. | R5: SIN. VERTICAL | U5: OBSERV.
E6: BOM | F6: REM. I. | G6: REM. L | H6: BUR. I | I6: BUR. L | J6: ADEQ. | K6: INADED. | L6: LIMPOS | M6: SUJOS | N6: DAN. | O6: BOM | P6: REG. | Q6: INEXIST. | R6: BOM | S6: POUCAS | T6: INEXIST.
A7: 164ETO0130 | B7: D | C7: 0 | D7: 1 | E7: X | J7: X | M7: X | Q7: X | S7: X
C8: =D7 -> 1 | D8: 2 | E8: X | J8: X | M8: X | Q8: X | S8: X
C9: =D8 -> 2 | D9: 3 | G9: X | J9: X | M9: X | Q9: X | S9: X
C10: =D9 -> 3 | D10: 4 | G10: X | J10: X | Q10: X | S10: X
C11: =D10 -> 4 | D11: 5 | G11: X | J11: X | Q11: X | S11: X
C12: =D11 -> 5 | D12: 6 | G12: X | J12: X | M12: X | Q12: X | S12: X
C13: =D12 -> 6 | D13: 7 | G13: X | J13: X | M13: X | Q13: X | S13: X
C14: =D13 -> 7 | D14: 8 | E14: X | J14: X | M14: X | Q14: X | S14: X
C15: =D14 -> 8 | D15: 9 | G15: X | J15: X | M15: X | Q15: X | S15: X
C16: =D15 -> 9 | D16: 10 | G16: X | J16: X | Q16: X | S16: X
C17: =D16 -> 10 | D17: 11 | G17: X | J17: X | Q17: X | S17: X
C18: =D17 -> 11 | D18: 12 | G18: X | J18: X | Q18: X | S18: X
C19: =D18 -> 12 | D19: 13 | G19: X | J19: X | Q19: X | S19: X
C20: =D19 -> 13 | D20: 14 | G20: X | J20: X | Q20: X | S20: X
C21: =D20 -> 14 | D21: 15 | G21: X | J21: X | Q21: X | S21: X
C22: =D21 -> 15 | D22: 16 | G22: X | J22: X | Q22: X | S22: X
C23: =D22 -> 16 | D23: 17 | G23: X | J23: X | Q23: X | S23: X
C24: =D23 -> 17 | D24: 17.71 | G24: X | J24: X | Q24: X | S24: X
A25: 164ETO0140 | B25: C | C25: 0 | D25: 1 | G25: X | J25: X | M25: X | O25: X | S25: X
C26: 1 | D26: 4.4 | G26: X | J26: X | M26: X | O26: X | S26: X
C27: 4.4 | D27: 5.5 | G27: X | J27: X | M27: X | O27: X | S27: X
C28: 5.5 | D28: 11.97 | G28: X | J28: X | M28: X | Q28: X | S28: X
A29: 164ETO0150 | B29: C | C29: 0 | D29: 0.4 | E29: X | J29: X | M29: X | Q29: X | S29: X
C30: 0.4 | D30: 1.8 | E30: X | J30: X | M30: X | Q30: X | S30: X
C31: 1.8 | D31: 3.1 | E31: X | J31: X | M31: X | Q31: X | S31: X
C32: 3.1 | D32: 9.2 | E32: X | J32: X | M32: X | Q32: X | S32: X
C33: 9.2 | D33: 11.5 | E33: X | J33: X | M33: X | Q33: X | S33: X
C34: 11.5 | D34: 12.93 | E34: X | J34: X | M34: X | Q34: X | S34: X
A42: LEGENDA | B42: CONDIÇÃO DO PAVIMENTO
A43: REM. I | B43: REMENDOS ISOLADOS | E43: ATÉ 10 REMENDOS/KM | I43: BUR. I | J43: BURACOS ISOLADOS | M43: ATÉ 5 BURACOS/KM
A44: REM. L | B44: REMENDOS AO LONGO | E44: MAIS DE 10 REMENDOS/KM | I44: BUR. L | J44: BURACOS AO LONGO | M44: MAIS DE 5 BURACOS/KM
E49: =IF(E7="X",(D7-C7),"0") -> 1 | F49: =IF(F7="X",(D7-C7),"0") -> 0 | G49: =IF(G7="X",(D7-C7),"0") -> 0 | H49: =IF(H7="X",(D7-C7),"0") -> 0 | I49: =IF(I7="X",(D7-C7),"0") -> 0 | J49: =IF(J7="X",(D7-C7),"0") -> 1 | K49: =IF(K7="X",(D7-C7),"0") -> 0 | L49: =IF(L7="X",(D7-C7),"0") -> 0 | M49: =IF(M7="X",(D7-C7),"0") -> 1 | N49: =IF(N7="X",(D7-C7),"0") -> 0 | O49: =IF(O7="X",(D7-C7),"0") -> 0 | P49: =IF(P7="X",(D7-C7),"0") -> 0 | Q49: =IF(Q7="X",(D7-C7),"0") -> 1 | R49: =IF(R7="X",(D7-C7),"0") -> 0 | S49: =IF(S7="X",(D7-C7),"0") -> 1 | T49: =IF(T7="X",(D7-C7),"0") -> 0
E50: =IF(E8="X",(D8-C8),"0") -> 1 | F50: =IF(F8="X",(D8-C8),"0") -> 0 | G50: =IF(G8="X",(D8-C8),"0") -> 0 | H50: =IF(H8="X",(D8-C8),"0") -> 0 | I50: =IF(I8="X",(D8-C8),"0") -> 0 | J50: =IF(J8="X",(D8-C8),"0") -> 1 | K50: =IF(K8="X",(D8-C8),"0") -> 0 | L50: =IF(L8="X",(D8-C8),"0") -> 0 | M50: =IF(M8="X",(D8-C8),"0") -> 1 | N50: =IF(N8="X",(D8-C8),"0") -> 0 | O50: =IF(O8="X",(D8-C8),"0") -> 0 | P50: =IF(P8="X",(D8-C8),"0") -> 0 | Q50: =IF(Q8="X",(D8-C8),"0") -> 1 | R50: =IF(R8="X",(D8-C8),"0") -> 0 | S50: =IF(S8="X",(D8-C8),"0") -> 1 | T50: =IF(T8="X",(D8-C8),"0") -> 0
E51: =IF(E9="X",(D9-C9),"0") -> 0 | F51: =IF(F9="X",(D9-C9),"0") -> 0 | G51: =IF(G9="X",(D9-C9),"0") -> 1 | H51: =IF(H9="X",(D9-C9),"0") -> 0 | I51: =IF(I9="X",(D9-C9),"0") -> 0 | J51: =IF(J9="X",(D9-C9),"0") -> 1 | K51: =IF(K9="X",(D9-C9),"0") -> 0 | L51: =IF(L9="X",(D9-C9),"0") -> 0 | M51: =IF(M9="X",(D9-C9),"0") -> 1 | N51: =IF(N9="X",(D9-C9),"0") -> 0 | O51: =IF(O9="X",(D9-C9),"0") -> 0 | P51: =IF(P9="X",(D9-C9),"0") -> 0 | Q51: =IF(Q9="X",(D9-C9),"0") -> 1 | R51: =IF(R9="X",(D9-C9),"0") -> 0 | S51: =IF(S9="X",(D9-C9),"0") -> 1 | T51: =IF(T9="X",(D9-C9),"0") -> 0
E52: =IF(E10="X",(D10-C10),"0") -> 0 | F52: =IF(F10="X",(D10-C10),"0") -> 0 | G52: =IF(G10="X",(D10-C10),"0") -> 1 | H52: =IF(H10="X",(D10-C10),"0") -> 0 | I52: =IF(I10="X",(D10-C10),"0") -> 0 | J52: =IF(J10="X",(D10-C10),"0") -> 1 | K52: =IF(K10="X",(D10-C10),"0") -> 0 | L52: =IF(L10="X",(D10-C10),"0") -> 0 | M52: =IF(M10="X",(D10-C10),"0") -> 0 | N52: =IF(N10="X",(D10-C10),"0") -> 0 | O52: =IF(O10="X",(D10-C10),"0") -> 0 | P52: =IF(P10="X",(D10-C10),"0") -> 0 | Q52: =IF(Q10="X",(D10-C10),"0") -> 1 | R52: =IF(R10="X",(D10-C10),"0") -> 0 | S52: =IF(S10="X",(D10-C10),"0") -> 1 | T52: =IF(T10="X",(D10-C10),"0") -> 0
E53: =IF(E11="X",(D11-C11),"0") -> 0 | F53: =IF(F11="X",(D11-C11),"0") -> 0 | G53: =IF(G11="X",(D11-C11),"0") -> 1 | H53: =IF(H11="X",(D11-C11),"0") -> 0 | I53: =IF(I11="X",(D11-C11),"0") -> 0 | J53: =IF(J11="X",(D11-C11),"0") -> 1 | K53: =IF(K11="X",(D11-C11),"0") -> 0 | L53: =IF(L11="X",(D11-C11),"0") -> 0 | M53: =IF(M11="X",(D11-C11),"0") -> 0 | N53: =IF(N11="X",(D11-C11),"0") -> 0 | O53: =IF(O11="X",(D11-C11),"0") -> 0 | P53: =IF(P11="X",(D11-C11),"0") -> 0 | Q53: =IF(Q11="X",(D11-C11),"0") -> 1 | R53: =IF(R11="X",(D11-C11),"0") -> 0 | S53: =IF(S11="X",(D11-C11),"0") -> 1 | T53: =IF(T11="X",(D11-C11),"0") -> 0
E54: =IF(E12="X",(D12-C12),"0") -> 0 | F54: =IF(F12="X",(D12-C12),"0") -> 0 | G54: =IF(G12="X",(D12-C12),"0") -> 1 | H54: =IF(H12="X",(D12-C12),"0") -> 0 | I54: =IF(I12="X",(D12-C12),"0") -> 0 | J54: =IF(J12="X",(D12-C12),"0") -> 1 | K54: =IF(K12="X",(D12-C12),"0") -> 0 | L54: =IF(L12="X",(D12-C12),"0") -> 0 | M54: =IF(M12="X",(D12-C12),"0") -> 1 | N54: =IF(N12="X",(D12-C12),"0") -> 0 | O54: =IF(O12="X",(D12-C12),"0") -> 0 | P54: =IF(P12="X",(D12-C12),"0") -> 0 | Q54: =IF(Q12="X",(D12-C12),"0") -> 1 | R54: =IF(R12="X",(D12-C12),"0") -> 0 | S54: =IF(S12="X",(D12-C12),"0") -> 1 | T54: =IF(T12="X",(D12-C12),"0") -> 0
E55: =IF(E13="X",(D13-C13),"0") -> 0 | F55: =IF(F13="X",(D13-C13),"0") -> 0 | G55: =IF(G13="X",(D13-C13),"0") -> 1 | H55: =IF(H13="X",(D13-C13),"0") -> 0 | I55: =IF(I13="X",(D13-C13),"0") -> 0 | J55: =IF(J13="X",(D13-C13),"0") -> 1 | K55: =IF(K13="X",(D13-C13),"0") -> 0 | L55: =IF(L13="X",(D13-C13),"0") -> 0 | M55: =IF(M13="X",(D13-C13),"0") -> 1 | N55: =IF(N13="X",(D13-C13),"0") -> 0 | O55: =IF(O13="X",(D13-C13),"0") -> 0 | P55: =IF(P13="X",(D13-C13),"0") -> 0 | Q55: =IF(Q13="X",(D13-C13),"0") -> 1 | R55: =IF(R13="X",(D13-C13),"0") -> 0 | S55: =IF(S13="X",(D13-C13),"0") -> 1 | T55: =IF(T13="X",(D13-C13),"0") -> 0
E56: =IF(E14="X",(D14-C14),"0") -> 1 | F56: =IF(F14="X",(D14-C14),"0") -> 0 | G56: =IF(G14="X",(D14-C14),"0") -> 0 | H56: =IF(H14="X",(D14-C14),"0") -> 0 | I56: =IF(I14="X",(D14-C14),"0") -> 0 | J56: =IF(J14="X",(D14-C14),"0") -> 1 | K56: =IF(K14="X",(D14-C14),"0") -> 0 | L56: =IF(L14="X",(D14-C14),"0") -> 0 | M56: =IF(M14="X",(D14-C14),"0") -> 1 | N56: =IF(N14="X",(D14-C14),"0") -> 0 | O56: =IF(O14="X",(D14-C14),"0") -> 0 | P56: =IF(P14="X",(D14-C14),"0") -> 0 | Q56: =IF(Q14="X",(D14-C14),"0") -> 1 | R56: =IF(R14="X",(D14-C14),"0") -> 0 | S56: =IF(S14="X",(D14-C14),"0") -> 1 | T56: =IF(T14="X",(D14-C14),"0") -> 0
E57: =IF(E15="X",(D15-C15),"0") -> 0 | F57: =IF(F15="X",(D15-C15),"0") -> 0 | G57: =IF(G15="X",(D15-C15),"0") -> 1 | H57: =IF(H15="X",(D15-C15),"0") -> 0 | I57: =IF(I15="X",(D15-C15),"0") -> 0 | J57: =IF(J15="X",(D15-C15),"0") -> 1 | K57: =IF(K15="X",(D15-C15),"0") -> 0 | L57: =IF(L15="X",(D15-C15),"0") -> 0 | M57: =IF(M15="X",(D15-C15),"0") -> 1 | N57: =IF(N15="X",(D15-C15),"0") -> 0 | O57: =IF(O15="X",(D15-C15),"0") -> 0 | P57: =IF(P15="X",(D15-C15),"0") -> 0 | Q57: =IF(Q15="X",(D15-C15),"0") -> 1 | R57: =IF(R15="X",(D15-C15),"0") -> 0 | S57: =IF(S15="X",(D15-C15),"0") -> 1 | T57: =IF(T15="X",(D15-C15),"0") -> 0
E58: =IF(E16="X",(D16-C16),"0") -> 0 | F58: =IF(F16="X",(D16-C16),"0") -> 0 | G58: =IF(G16="X",(D16-C16),"0") -> 1 | H58: =IF(H16="X",(D16-C16),"0") -> 0 | I58: =IF(I16="X",(D16-C16),"0") -> 0 | J58: =IF(J16="X",(D16-C16),"0") -> 1 | K58: =IF(K16="X",(D16-C16),"0") -> 0 | L58: =IF(L16="X",(D16-C16),"0") -> 0 | M58: =IF(M16="X",(D16-C16),"0") -> 0 | N58: =IF(N16="X",(D16-C16),"0") -> 0 | O58: =IF(O16="X",(D16-C16),"0") -> 0 | P58: =IF(P16="X",(D16-C16),"0") -> 0 | Q58: =IF(Q16="X",(D16-C16),"0") -> 1 | R58: =IF(R16="X",(D16-C16),"0") -> 0 | S58: =IF(S16="X",(D16-C16),"0") -> 1 | T58: =IF(T16="X",(D16-C16),"0") -> 0
E59: =IF(E17="X",(D17-C17),"0") -> 0 | F59: =IF(F17="X",(D17-C17),"0") -> 0 | G59: =IF(G17="X",(D17-C17),"0") -> 1 | H59: =IF(H17="X",(D17-C17),"0") -> 0 | I59: =IF(I17="X",(D17-C17),"0") -> 0 | J59: =IF(J17="X",(D17-C17),"0") -> 1 | K59: =IF(K17="X",(D17-C17),"0") -> 0 | L59: =IF(L17="X",(D17-C17),"0") -> 0 | M59: =IF(M17="X",(D17-C17),"0") -> 0 | N59: =IF(N17="X",(D17-C17),"0") -> 0 | O59: =IF(O17="X",(D17-C17),"0") -> 0 | P59: =IF(P17="X",(D17-C17),"0") -> 0 | Q59: =IF(Q17="X",(D17-C17),"0") -> 1 | R59: =IF(R17="X",(D17-C17),"0") -> 0 | S59: =IF(S17="X",(D17-C17),"0") -> 1 | T59: =IF(T17="X",(D17-C17),"0") -> 0
E60: =IF(E18="X",(D18-C18),"0") -> 0 | F60: =IF(F18="X",(D18-C18),"0") -> 0 | G60: =IF(G18="X",(D18-C18),"0") -> 1 | H60: =IF(H18="X",(D18-C18),"0") -> 0 | I60: =IF(I18="X",(D18-C18),"0") -> 0 | J60: =IF(J18="X",(D18-C18),"0") -> 1 | K60: =IF(K18="X",(D18-C18),"0") -> 0 | L60: =IF(L18="X",(D18-C18),"0") -> 0 | M60: =IF(M18="X",(D18-C18),"0") -> 0 | N60: =IF(N18="X",(D18-C18),"0") -> 0 | O60: =IF(O18="X",(D18-C18),"0") -> 0 | P60: =IF(P18="X",(D18-C18),"0") -> 0 | Q60: =IF(Q18="X",(D18-C18),"0") -> 1 | R60: =IF(R18="X",(D18-C18),"0") -> 0 | S60: =IF(S18="X",(D18-C18),"0") -> 1 | T60: =IF(T18="X",(D18-C18),"0") -> 0
... E91: =IF(E49="X",(D49-C49),"0") -> 0 | F91: =IF(F49="X",(D49-C49),"0") -> 0 | G91: =IF(G49="X",(D49-C49),"0") -> 0 | H91: =IF(H49="X",(D49-C49),"0") -> 0 | I91: =IF(I49="X",(D49-C49),"0") -> 0 | J91: =IF(J49="X",(D49-C49),"0") -> 0 | K91: =IF(K49="X",(D49-C49),"0") -> 0 | L91: =IF(L49="X",(D49-C49),"0") -> 0 | M91: =IF(M49="X",(D49-C49),"0") -> 0 | N91: =IF(N49="X",(D49-C49),"0") -> 0 | O91: =IF(O49="X",(D49-C49),"0") -> 0 | P91: =IF(P49="X",(D49-C49),"0") -> 0 | Q91: =IF(Q49="X",(D49-C49),"0") -> 0 | R91: =IF(R49="X",(D49-C49),"0") -> 0 | S91: =IF(S49="X",(D49-C49),"0") -> 0 | T91: =IF(T49="X",(D49-C49),"0") -> 0
E94: =SUM(E49:E91) -> 15.93 | F94: =SUM(F49:F91) -> 0 | G94: =SUM(G49:G91) -> 26.68 | H94: =SUM(H49:H91) -> 0 | I94: =SUM(I49:I91) -> 0 | J94: =SUM(J49:J91) -> 42.61 | K94: =SUM(K49:K91) -> 0 | L94: =SUM(L49:L91) -> 0 | ... T94: =SUM(T49:T91) -> 0

Sheet 46
A1: PROGRAMA DE MANUTENÇÃORODOVIÁRIA
D2: RODOVIAS PAVIMENTADAS | I2: DATA: | J2: ='39'!J2 -> 46204 | N2: TÉCNICO RESP. | O2: ='39'!O2 -> ENG. VINICIUS RODRIGUES FERREIRA DE OLIVEIRA | T2: REGIÃO: | U2: 02
A3: FICHA DE INSPEÇÃO: | B3: =TT!C11 -> RODOVIA TO-164 - TRECHO ENTR. TO-226 - POVOADO DEZENOVE - BERNARDO SAYÃO
A5: S.R.E. | B5: SENTIDO | C5: INÍCIO (KM) | D5: FIM (KM) | E5: CONDIÇÃO DO PAVIMENTO | J5: VEGETAÇÃO | L5: ELEM. DE DRENAGEM | O5: SIN. HOR. | R5: SIN. VERTICAL | U5: OBSERV.
E6: BOM | F6: REM. I. | G6: REM. L | H6: BUR. I | I6: BUR. L | J6: ADEQ. | K6: INADED. | L6: LIMPOS | M6: SUJOS | N6: DAN. | O6: BOM | P6: REG. | Q6: INEXIST. | R6: BOM | S6: POUCAS | T6: INEXIST.
A7: 164ETO0210 | B7: C | C7: 0 | D7: 8 | E7: X | K7: X | M7: X | P7: X | S7: X
C8: 8 | D8: 9 | I8: X | K8: X | M8: X | P8: X | S8: X
C9: 9 | D9: 11 | I9: X | K9: X | M9: X | P9: X | S9: X
C10: 11 | D10: 12.6 | E10: X | K10: X | N10: X | Q10: X | S10: X
C11: 12.6 | D11: 14.3 | H11: X | K11: X | M11: X | Q11: X | S11: X
C12: 14.3 | D12: 14.3 | E12: X | K12: X | N12: X | Q12: X | S12: X
C13: 14.3 | D13: 24.68 | E13: X | K13: X | M13: X | Q13: X | S13: X
A14: 164ETO0230 | B14: C | C14: 0 | D14: 1 | E14: X | K14: X | Q14: X | S14: X
C15: =D14 -> 1 | D15: 2 | E15: X | K15: X | L15: X | Q15: X | S15: X
C16: =D15 -> 2 | D16: 3 | H16: X | K16: X | L16: X | Q16: X | S16: X
C17: =D16 -> 3 | D17: 4 | H17: X | K17: X | L17: X | Q17: X | S17: X
C18: =D17 -> 4 | D18: 4.98 | E18: X | K18: X | Q18: X | S18: X
A19: 164ETO0240 | B19: C | C19: 0 | D19: 1 | E19: X | K19: X | L19: X | Q19: X | S19: X
C20: =D19 -> 1 | D20: 2 | E20: X | K20: X | L20: X | Q20: X | S20: X
C21: =D20 -> 2 | D21: 3 | E21: X | K21: X | L21: X | Q21: X | S21: X
C22: =D21 -> 3 | D22: 4 | E22: X | K22: X | L22: X | Q22: X | S22: X
C23: =D22 -> 4 | D23: 5 | E23: X | K23: X | Q23: X | S23: X
C24: =D23 -> 5 | D24: 6 | I24: X | K24: X | O24: X | S24: X
C25: =D24 -> 6 | D25: 7 | E25: X | K25: X | O25: X | S25: X
C26: =D25 -> 7 | D26: 8 | E26: X | K26: X | Q26: X | S26: X
C27: =D26 -> 8 | D27: 8.82 | E27: X | K27: X | Q27: X | S27: X
A28: 164ETO0250 | B28: C | C28: 0 | D28: 1 | E28: X | K28: X | L28: X | Q28: X | S28: X
C29: =D28 -> 1 | D29: 2 | E29: X | K29: X | L29: X | Q29: X | S29: X
C30: =D29 -> 2 | D30: 2.5 | E30: X | K30: X | L30: X | Q30: X | S30: X
A34: LEGENDA | B34: CONDIÇÃO DO PAVIMENTO
A35: REM. I | B35: REMENDOS ISOLADOS | E35: ATÉ 10 REMENDOS/KM | I35: BUR. I | J35: BURACOS ISOLADOS | M35: ATÉ 5 BURACOS/KM
A36: REM. L | B36: REMENDOS AO LONGO | E36: MAIS DE 10 REMENDOS/KM | I36: BUR. L | J36: BURACOS AO LONGO | M36: MAIS DE 5 BURACOS/KM
E41: =IF(E7="X",(D7-C7),"0") -> 8 | F41: =IF(F7="X",(D7-C7),"0") -> 0 | G41: =IF(G7="X",(D7-C7),"0") -> 0 | H41: =IF(H7="X",(D7-C7),"0") -> 0 | I41: =IF(I7="X",(D7-C7),"0") -> 0 | J41: =IF(J7="X",(D7-C7),"0") -> 0 | K41: =IF(K7="X",(D7-C7),"0") -> 8 | L41: =IF(L7="X",(D7-C7),"0") -> 0 | M41: =IF(M7="X",(D7-C7),"0") -> 8 | N41: =IF(N7="X",(D7-C7),"0") -> 0 | O41: =IF(O7="X",(D7-C7),"0") -> 0 | P41: =IF(P7="X",(D7-C7),"0") -> 8 | Q41: =IF(Q7="X",(D7-C7),"0") -> 0 | R41: =IF(R7="X",(D7-C7),"0") -> 0 | S41: =IF(S7="X",(D7-C7),"0") -> 8 | T41: =IF(T7="X",(D7-C7),"0") -> 0
E42: =IF(E8="X",(D8-C8),"0") -> 0 | F42: =IF(F8="X",(D8-C8),"0") -> 0 | G42: =IF(G8="X",(D8-C8),"0") -> 0 | H42: =IF(H8="X",(D8-C8),"0") -> 0 | I42: =IF(I8="X",(D8-C8),"0") -> 1 | J42: =IF(J8="X",(D8-C8),"0") -> 0 | K42: =IF(K8="X",(D8-C8),"0") -> 1 | L42: =IF(L8="X",(D8-C8),"0") -> 0 | M42: =IF(M8="X",(D8-C8),"0") -> 1 | N42: =IF(N8="X",(D8-C8),"0") -> 0 | O42: =IF(O8="X",(D8-C8),"0") -> 0 | P42: =IF(P8="X",(D8-C8),"0") -> 1 | Q42: =IF(Q8="X",(D8-C8),"0") -> 0 | R42: =IF(R8="X",(D8-C8),"0") -> 0 | S42: =IF(S8="X",(D8-C8),"0") -> 1 | T42: =IF(T8="X",(D8-C8),"0") -> 0
E43: =IF(E9="X",(D9-C9),"0") -> 0 | F43: =IF(F9="X",(D9-C9),"0") -> 0 | G43: =IF(G9="X",(D9-C9),"0") -> 0 | H43: =IF(H9="X",(D9-C9),"0") -> 0 | I43: =IF(I9="X",(D9-C9),"0") -> 2 | J43: =IF(J9="X",(D9-C9),"0") -> 0 | K43: =IF(K9="X",(D9-C9),"0") -> 2 | L43: =IF(L9="X",(D9-C9),"0") -> 0 | M43: =IF(M9="X",(D9-C9),"0") -> 2 | N43: =IF(N9="X",(D9-C9),"0") -> 0 | O43: =IF(O9="X",(D9-C9),"0") -> 0 | P43: =IF(P9="X",(D9-C9),"0") -> 2 | Q43: =IF(Q9="X",(D9-C9),"0") -> 0 | R43: =IF(R9="X",(D9-C9),"0") -> 0 | S43: =IF(S9="X",(D9-C9),"0") -> 2 | T43: =IF(T9="X",(D9-C9),"0") -> 0
E44: =IF(E10="X",(D10-C10),"0") -> 1.6 | F44: =IF(F10="X",(D10-C10),"0") -> 0 | G44: =IF(G10="X",(D10-C10),"0") -> 0 | H44: =IF(H10="X",(D10-C10),"0") -> 0 | I44: =IF(I10="X",(D10-C10),"0") -> 0 | J44: =IF(J10="X",(D10-C10),"0") -> 0 | K44: =IF(K10="X",(D10-C10),"0") -> 1.6 | L44: =IF(L10="X",(D10-C10),"0") -> 0 | M44: =IF(M10="X",(D10-C10),"0") -> 0 | N44: =IF(N10="X",(D10-C10),"0") -> 1.6 | O44: =IF(O10="X",(D10-C10),"0") -> 0 | P44: =IF(P10="X",(D10-C10),"0") -> 0 | Q44: =IF(Q10="X",(D10-C10),"0") -> 1.6 | R44: =IF(R10="X",(D10-C10),"0") -> 0 | S44: =IF(S10="X",(D10-C10),"0") -> 1.6 | T44: =IF(T10="X",(D10-C10),"0") -> 0
E45: =IF(E11="X",(D11-C11),"0") -> 0 | F45: =IF(F11="X",(D11-C11),"0") -> 0 | G45: =IF(G11="X",(D11-C11),"0") -> 0 | H45: =IF(H11="X",(D11-C11),"0") -> 1.7 | I45: =IF(I11="X",(D11-C11),"0") -> 0 | J45: =IF(J11="X",(D11-C11),"0") -> 0 | K45: =IF(K11="X",(D11-C11),"0") -> 1.7 | L45: =IF(L11="X",(D11-C11),"0") -> 0 | M45: =IF(M11="X",(D11-C11),"0") -> 1.7 | N45: =IF(N11="X",(D11-C11),"0") -> 0 | O45: =IF(O11="X",(D11-C11),"0") -> 0 | P45: =IF(P11="X",(D11-C11),"0") -> 0 | Q45: =IF(Q11="X",(D11-C11),"0") -> 1.7 | R45: =IF(R11="X",(D11-C11),"0") -> 0 | S45: =IF(S11="X",(D11-C11),"0") -> 1.7 | T45: =IF(T11="X",(D11-C11),"0") -> 0
E46: =IF(E12="X",(D12-C12),"0") -> 0 | F46: =IF(F12="X",(D12-C12),"0") -> 0 | G46: =IF(G12="X",(D12-C12),"0") -> 0 | H46: =IF(H12="X",(D12-C12),"0") -> 0 | I46: =IF(I12="X",(D12-C12),"0") -> 0 | J46: =IF(J12="X",(D12-C12),"0") -> 0 | K46: =IF(K12="X",(D12-C12),"0") -> 0 | L46: =IF(L12="X",(D12-C12),"0") -> 0 | M46: =IF(M12="X",(D12-C12),"0") -> 0 | N46: =IF(N12="X",(D12-C12),"0") -> 0 | O46: =IF(O12="X",(D12-C12),"0") -> 0 | P46: =IF(P12="X",(D12-C12),"0") -> 0 | Q46: =IF(Q12="X",(D12-C12),"0") -> 0 | R46: =IF(R12="X",(D12-C12),"0") -> 0 | S46: =IF(S12="X",(D12-C12),"0") -> 0 | T46: =IF(T12="X",(D12-C12),"0") -> 0
E47: =IF(E13="X",(D13-C13),"0") -> 10.38 | F47: =IF(F13="X",(D13-C13),"0") -> 0 | G47: =IF(G13="X",(D13-C13),"0") -> 0 | H47: =IF(H13="X",(D13-C13),"0") -> 0 | I47: =IF(I13="X",(D13-C13),"0") -> 0 | J47: =IF(J13="X",(D13-C13),"0") -> 0 | K47: =IF(K13="X",(D13-C13),"0") -> 10.38 | L47: =IF(L13="X",(D13-C13),"0") -> 0 | M47: =IF(M13="X",(D13-C13),"0") -> 10.38 | N47: =IF(N13="X",(D13-C13),"0") -> 0 | O47: =IF(O13="X",(D13-C13),"0") -> 0 | P47: =IF(P13="X",(D13-C13),"0") -> 0 | Q47: =IF(Q13="X",(D13-C13),"0") -> 10.38 | R47: =IF(R13="X",(D13-C13),"0") -> 0 | S47: =IF(S13="X",(D13-C13),"0") -> 10.38 | T47: =IF(T13="X",(D13-C13),"0") -> 0
E48: =IF(E14="X",(D14-C14),"0") -> 1 | F48: =IF(F14="X",(D14-C14),"0") -> 0 | G48: =IF(G14="X",(D14-C14),"0") -> 0 | H48: =IF(H14="X",(D14-C14),"0") -> 0 | I48: =IF(I14="X",(D14-C14),"0") -> 0 | J48: =IF(J14="X",(D14-C14),"0") -> 0 | K48: =IF(K14="X",(D14-C14),"0") -> 1 | L48: =IF(L14="X",(D14-C14),"0") -> 0 | M48: =IF(M14="X",(D14-C14),"0") -> 0 | N48: =IF(N14="X",(D14-C14),"0") -> 0 | O48: =IF(O14="X",(D14-C14),"0") -> 0 | P48: =IF(P14="X",(D14-C14),"0") -> 0 | Q48: =IF(Q14="X",(D14-C14),"0") -> 1 | R48: =IF(R14="X",(D14-C14),"0") -> 0 | S48: =IF(S14="X",(D14-C14),"0") -> 1 | T48: =IF(T14="X",(D14-C14),"0") -> 0
E49: =IF(E15="X",(D15-C15),"0") -> 1 | F49: =IF(F15="X",(D15-C15),"0") -> 0 | G49: =IF(G15="X",(D15-C15),"0") -> 0 | H49: =IF(H15="X",(D15-C15),"0") -> 0 | I49: =IF(I15="X",(D15-C15),"0") -> 0 | J49: =IF(J15="X",(D15-C15),"0") -> 0 | K49: =IF(K15="X",(D15-C15),"0") -> 1 | L49: =IF(L15="X",(D15-C15),"0") -> 1 | M49: =IF(M15="X",(D15-C15),"0") -> 0 | N49: =IF(N15="X",(D15-C15),"0") -> 0 | O49: =IF(O15="X",(D15-C15),"0") -> 0 | P49: =IF(P15="X",(D15-C15),"0") -> 0 | Q49: =IF(Q15="X",(D15-C15),"0") -> 1 | R49: =IF(R15="X",(D15-C15),"0") -> 0 | S49: =IF(S15="X",(D15-C15),"0") -> 1 | T49: =IF(T15="X",(D15-C15),"0") -> 0
E50: =IF(E16="X",(D16-C16),"0") -> 0 | F50: =IF(F16="X",(D16-C16),"0") -> 0 | G50: =IF(G16="X",(D16-C16),"0") -> 0 | H50: =IF(H16="X",(D16-C16),"0") -> 1 | I50: =IF(I16="X",(D16-C16),"0") -> 0 | J50: =IF(J16="X",(D16-C16),"0") -> 0 | K50: =IF(K16="X",(D16-C16),"0") -> 1 | L50: =IF(L16="X",(D16-C16),"0") -> 1 | M50: =IF(M16="X",(D16-C16),"0") -> 0 | N50: =IF(N16="X",(D16-C16),"0") -> 0 | O50: =IF(O16="X",(D16-C16),"0") -> 0 | P50: =IF(P16="X",(D16-C16),"0") -> 0 | Q50: =IF(Q16="X",(D16-C16),"0") -> 1 | R50: =IF(R16="X",(D16-C16),"0") -> 0 | S50: =IF(S16="X",(D16-C16),"0") -> 1 | T50: =IF(T16="X",(D16-C16),"0") -> 0
E51: =IF(E17="X",(D17-C17),"0") -> 0 | F51: =IF(F17="X",(D17-C17),"0") -> 0 | G51: =IF(G17="X",(D17-C17),"0") -> 0 | H51: =IF(H17="X",(D17-C17),"0") -> 1 | I51: =IF(I17="X",(D17-C17),"0") -> 0 | J51: =IF(J17="X",(D17-C17),"0") -> 0 | K51: =IF(K17="X",(D17-C17),"0") -> 1 | L51: =IF(L17="X",(D17-C17),"0") -> 1 | M51: =IF(M17="X",(D17-C17),"0") -> 0 | N51: =IF(N17="X",(D17-C17),"0") -> 0 | O51: =IF(O17="X",(D17-C17),"0") -> 0 | P51: =IF(P17="X",(D17-C17),"0") -> 0 | Q51: =IF(Q17="X",(D17-C17),"0") -> 1 | R51: =IF(R17="X",(D17-C17),"0") -> 0 | S51: =IF(S17="X",(D17-C17),"0") -> 1 | T51: =IF(T17="X",(D17-C17),"0") -> 0
E52: =IF(E18="X",(D18-C18),"0") -> 0.98 | F52: =IF(F18="X",(D18-C18),"0") -> 0 | G52: =IF(G18="X",(D18-C18),"0") -> 0 | H52: =IF(H18="X",(D18-C18),"0") -> 0 | I52: =IF(I18="X",(D18-C18),"0") -> 0 | J52: =IF(J18="X",(D18-C18),"0") -> 0 | K52: =IF(K18="X",(D18-C18),"0") -> 0.98 | L52: =IF(L18="X",(D18-C18),"0") -> 0 | M52: =IF(M18="X",(D18-C18),"0") -> 0 | N52: =IF(N18="X",(D18-C18),"0") -> 0 | O52: =IF(O18="X",(D18-C18),"0") -> 0 | P52: =IF(P18="X",(D18-C18),"0") -> 0 | Q52: =IF(Q18="X",(D18-C18),"0") -> 0.98 | R52: =IF(R18="X",(D18-C18),"0") -> 0 | S52: =IF(S18="X",(D18-C18),"0") -> 0.98 | T52: =IF(T18="X",(D18-C18),"0") -> 0
... E62: =IF(E28="X",(D28-C28),"0") -> 1 | F62: =IF(F28="X",(D28-C28),"0") -> 0 | G62: =IF(G28="X",(D28-C28),"0") -> 0 | H62: =IF(H28="X",(D28-C28),"0") -> 0 | I62: =IF(I28="X",(D28-C28),"0") -> 0 | J62: =IF(J28="X",(D28-C28),"0") -> 0 | K62: =IF(K28="X",(D28-C28),"0") -> 1 | L62: =IF(L28="X",(D28-C28),"0") -> 1 | M62: =IF(M28="X",(D28-C28),"0") -> 0 | N62: =IF(N28="X",(D28-C28),"0") -> 0 | O62: =IF(O28="X",(D28-C28),"0") -> 0 | P62: =IF(P28="X",(D28-C28),"0") -> 0 | Q62: =IF(Q28="X",(D28-C28),"0") -> 1 | R62: =IF(R28="X",(D28-C28),"0") -> 0 | S62: =IF(S28="X",(D28-C28),"0") -> 1 | T62: =IF(T28="X",(D28-C28),"0") -> 0
E63: =IF(E31="X",(D31-C31),"0") -> 0 | F63: =IF(F31="X",(D31-C31),"0") -> 0 | G63: =IF(G31="X",(D31-C31),"0") -> 0 | H63: =IF(H31="X",(D31-C31),"0") -> 0 | I63: =IF(I31="X",(D31-C31),"0") -> 0 | J63: =IF(J31="X",(D31-C31),"0") -> 0 | K63: =IF(K31="X",(D31-C31),"0") -> 0 | L63: =IF(L31="X",(D31-C31),"0") -> 0 | M63: =IF(M31="X",(D31-C31),"0") -> 0 | N63: =IF(N31="X",(D31-C31),"0") -> 0 | O63: =IF(O31="X",(D31-C31),"0") -> 0 | P63: =IF(P31="X",(D31-C31),"0") -> 0 | Q63: =IF(Q31="X",(D31-C31),"0") -> 0 | R63: =IF(R31="X",(D31-C31),"0") -> 0 | S63: =IF(S31="X",(D31-C31),"0") -> 0 | T63: =IF(T31="X",(D31-C31),"0") -> 0
E64: =IF(E32="X",(D32-C32),"0") -> 0 | F64: =IF(F32="X",(D32-C32),"0") -> 0 | G64: =IF(G32="X",(D32-C32),"0") -> 0 | H64: =IF(H32="X",(D32-C32),"0") -> 0 | I64: =IF(I32="X",(D32-C32),"0") -> 0 | J64: =IF(J32="X",(D32-C32),"0") -> 0 | K64: =IF(K32="X",(D32-C32),"0") -> 0 | L64: =IF(L32="X",(D32-C32),"0") -> 0 | M64: =IF(M32="X",(D32-C32),"0") -> 0 | N64: =IF(N32="X",(D32-C32),"0") -> 0 | O64: =IF(O32="X",(D32-C32),"0") -> 0 | P64: =IF(P32="X",(D32-C32),"0") -> 0 | Q64: =IF(Q32="X",(D32-C32),"0") -> 0 | R64: =IF(R32="X",(D32-C32),"0") -> 0 | S64: =IF(S32="X",(D32-C32),"0") -> 0 | T64: =IF(T32="X",(D32-C32),"0") -> 0
E65: =IF(E33="X",(D33-C33),"0") -> 0 | F65: =IF(F33="X",(D33-C33),"0") -> 0 | G65: =IF(G33="X",(D33-C33),"0") -> 0 | H65: =IF(H33="X",(D33-C33),"0") -> 0 | I65: =IF(I33="X",(D33-C33),"0") -> 0 | J65: =IF(J33="X",(D33-C33),"0") -> 0 | K65: =IF(K33="X",(D33-C33),"0") -> 0 | L65: =IF(L33="X",(D33-C33),"0") -> 0 | M65: =IF(M33="X",(D33-C33),"0") -> 0 | N65: =IF(N33="X",(D33-C33),"0") -> 0 | O65: =IF(O33="X",(D33-C33),"0") -> 0 | P65: =IF(P33="X",(D33-C33),"0") -> 0 | Q65: =IF(Q33="X",(D33-C33),"0") -> 0 | R65: =IF(R33="X",(D33-C33),"0") -> 0 | S65: =IF(S33="X",(D33-C33),"0") -> 0 | T65: =IF(T33="X",(D33-C33),"0") -> 0
E66: =IF(E34="X",(D34-C34),"0") -> 0 | F66: =IF(F34="X",(D34-C34),"0") -> 0 | G66: =IF(G34="X",(D34-C34),"0") -> 0 | H66: =IF(H34="X",(D34-C34),"0") -> 0 | I66: =IF(I34="X",(D34-C34),"0") -> 0 | J66: =IF(J34="X",(D34-C34),"0") -> 0 | K66: =IF(K34="X",(D34-C34),"0") -> 0 | L66: =IF(L34="X",(D34-C34),"0") -> 0 | M66: =IF(M34="X",(D34-C34),"0") -> 0 | N66: =IF(N34="X",(D34-C34),"0") -> 0 | O66: =IF(O34="X",(D34-C34),"0") -> 0 | P66: =IF(P34="X",(D34-C34),"0") -> 0 | Q66: =IF(Q34="X",(D34-C34),"0") -> 0 | R66: =IF(R34="X",(D34-C34),"0") -> 0 | S66: =IF(S34="X",(D34-C34),"0") -> 0 | T66: =IF(T34="X",(D34-C34),"0") -> 0
E67: =IF(E35="X",(D35-C35),"0") -> 0 | F67: =IF(F35="X",(D35-C35),"0") -> 0 | G67: =IF(G35="X",(D35-C35),"0") -> 0 | H67: =IF(H35="X",(D35-C35),"0") -> 0 | I67: =IF(I35="X",(D35-C35),"0") -> 0 | J67: =IF(J35="X",(D35-C35),"0") -> 0 | K67: =IF(K35="X",(D35-C35),"0") -> 0 | L67: =IF(L35="X",(D35-C35),"0") -> 0 | M67: =IF(M35="X",(D35-C35),"0") -> 0 | N67: =IF(N35="X",(D35-C35),"0") -> 0 | O67: =IF(O35="X",(D35-C35),"0") -> 0 | P67: =IF(P35="X",(D35-C35),"0") -> 0 | Q67: =IF(Q35="X",(D35-C35),"0") -> 0 | R67: =IF(R35="X",(D35-C35),"0") -> 0 | S67: =IF(S35="X",(D35-C35),"0") -> 0 | T67: =IF(T35="X",(D35-C35),"0") -> 0
E68: =IF(E36="X",(D36-C36),"0") -> 0 | F68: =IF(F36="X",(D36-C36),"0") -> 0 | G68: =IF(G36="X",(D36-C36),"0") -> 0 | H68: =IF(H36="X",(D36-C36),"0") -> 0 | I68: =IF(I36="X",(D36-C36),"0") -> 0 | J68: =IF(J36="X",(D36-C36),"0") -> 0 | K68: =IF(K36="X",(D36-C36),"0") -> 0 | L68: =IF(L36="X",(D36-C36),"0") -> 0 | M68: =IF(M36="X",(D36-C36),"0") -> 0 | N68: =IF(N36="X",(D36-C36),"0") -> 0 | O68: =IF(O36="X",(D36-C36),"0") -> 0 | P68: =IF(P36="X",(D36-C36),"0") -> 0 | Q68: =IF(Q36="X",(D36-C36),"0") -> 0 | R68: =IF(R36="X",(D36-C36),"0") -> 0 | S68: =IF(S36="X",(D36-C36),"0") -> 0 | T68: =IF(T36="X",(D36-C36),"0") -> 0
E69: =IF(E37="X",(D37-C37),"0") -> 0 | F69: =IF(F37="X",(D37-C37),"0") -> 0 | G69: =IF(G37="X",(D37-C37),"0") -> 0 | H69: =IF(H37="X",(D37-C37),"0") -> 0 | I69: =IF(I37="X",(D37-C37),"0") -> 0 | J69: =IF(J37="X",(D37-C37),"0") -> 0 | K69: =IF(K37="X",(D37-C37),"0") -> 0 | L69: =IF(L37="X",(D37-C37),"0") -> 0 | M69: =IF(M37="X",(D37-C37),"0") -> 0 | N69: =IF(N37="X",(D37-C37),"0") -> 0 | O69: =IF(O37="X",(D37-C37),"0") -> 0 | P69: =IF(P37="X",(D37-C37),"0") -> 0 | Q69: =IF(Q37="X",(D37-C37),"0") -> 0 | R69: =IF(R37="X",(D37-C37),"0") -> 0 | S69: =IF(S37="X",(D37-C37),"0") -> 0 | T69: =IF(T37="X",(D37-C37),"0") -> 0
E70: =IF(E38="X",(D38-C38),"0") -> 0 | F70: =IF(F38="X",(D38-C38),"0") -> 0 | G70: =IF(G38="X",(D38-C38),"0") -> 0 | H70: =IF(H38="X",(D38-C38),"0") -> 0 | I70: =IF(I38="X",(D38-C38),"0") -> 0 | J70: =IF(J38="X",(D38-C38),"0") -> 0 | K70: =IF(K38="X",(D38-C38),"0") -> 0 | L70: =IF(L38="X",(D38-C38),"0") -> 0 | M70: =IF(M38="X",(D38-C38),"0") -> 0 | N70: =IF(N38="X",(D38-C38),"0") -> 0 | O70: =IF(O38="X",(D38-C38),"0") -> 0 | P70: =IF(P38="X",(D38-C38),"0") -> 0 | Q70: =IF(Q38="X",(D38-C38),"0") -> 0 | R70: =IF(R38="X",(D38-C38),"0") -> 0 | S70: =IF(S38="X",(D38-C38),"0") -> 0 | T70: =IF(T38="X",(D38-C38),"0") -> 0
E71: =IF(E39="X",(D39-C39),"0") -> 0 | F71: =IF(F39="X",(D39-C39),"0") -> 0 | G71: =IF(G39="X",(D39-C39),"0") -> 0 | H71: =IF(H39="X",(D39-C39),"0") -> 0 | I71: =IF(I39="X",(D39-C39),"0") -> 0 | J71: =IF(J39="X",(D39-C39),"0") -> 0 | K71: =IF(K39="X",(D39-C39),"0") -> 0 | L71: =IF(L39="X",(D39-C39),"0") -> 0 | M71: =IF(M39="X",(D39-C39),"0") -> 0 | N71: =IF(N39="X",(D39-C39),"0") -> 0 | O71: =IF(O39="X",(D39-C39),"0") -> 0 | P71: =IF(P39="X",(D39-C39),"0") -> 0 | Q71: =IF(Q39="X",(D39-C39),"0") -> 0 | R71: =IF(R39="X",(D39-C39),"0") -> 0 | S71: =IF(S39="X",(D39-C39),"0") -> 0 | T71: =IF(T39="X",(D39-C39),"0") -> 0
E72: =IF(E40="X",(D40-C40),"0") -> 0 | F72: =IF(F40="X",(D40-C40),"0") -> 0 | G72: =IF(G40="X",(D40-C40),"0") -> 0 | H72: =IF(H40="X",(D40-C40),"0") -> 0 | I72: =IF(I40="X",(D40-C40),"0") -> 0 | J72: =IF(J40="X",(D40-C40),"0") -> 0 | K72: =IF(K40="X",(D40-C40),"0") -> 0 | L72: =IF(L40="X",(D40-C40),"0") -> 0 | M72: =IF(M40="X",(D40-C40),"0") -> 0 | N72: =IF(N40="X",(D40-C40),"0") -> 0 | O72: =IF(O40="X",(D40-C40),"0") -> 0 | P72: =IF(P40="X",(D40-C40),"0") -> 0 | Q72: =IF(Q40="X",(D40-C40),"0") -> 0 | R72: =IF(R40="X",(D40-C40),"0") -> 0 | S72: =IF(S40="X",(D40-C40),"0") -> 0 | T72: =IF(T40="X",(D40-C40),"0") -> 0
E73: =IF(E41="X",(D41-C41),"0") -> 0 | F73: =IF(F41="X",(D41-C41),"0") -> 0 | G73: =IF(G41="X",(D41-C41),"0") -> 0 | H73: =IF(H41="X",(D41-C41),"0") -> 0 | I73: =IF(I41="X",(D41-C41),"0") -> 0 | J73: =IF(J41="X",(D41-C41),"0") -> 0 | K73: =IF(K41="X",(D41-C41),"0") -> 0 | L73: =IF(L41="X",(D41-C41),"0") -> 0 | M73: =IF(M41="X",(D41-C41),"0") -> 0 | N73: =IF(N41="X",(D41-C41),"0") -> 0 | O73: =IF(O41="X",(D41-C41),"0") -> 0 | P73: =IF(P41="X",(D41-C41),"0") -> 0 | Q73: =IF(Q41="X",(D41-C41),"0") -> 0 | R73: =IF(R41="X",(D41-C41),"0") -> 0 | S73: =IF(S41="X",(D41-C41),"0") -> 0 | T73: =IF(T41="X",(D41-C41),"0") -> 0
E74: =IF(E42="X",(D42-C42),"0") -> 0 | F74: =IF(F42="X",(D42-C42),"0") -> 0 | G74: =IF(G42="X",(D42-C42),"0") -> 0 | H74: =IF(H42="X",(D42-C42),"0") -> 0 | I74: =IF(I42="X",(D42-C42),"0") -> 0 | J74: =IF(J42="X",(D42-C42),"0") -> 0 | K74: =IF(K42="X",(D42-C42),"0") -> 0 | L74: =IF(L42="X",(D42-C42),"0") -> 0 | M74: =IF(M42="X",(D42-C42),"0") -> 0 | N74: =IF(N42="X",(D42-C42),"0") -> 0 | O74: =IF(O42="X",(D42-C42),"0") -> 0 | P74: =IF(P42="X",(D42-C42),"0") -> 0 | Q74: =IF(Q42="X",(D42-C42),"0") -> 0 | R74: =IF(R42="X",(D42-C42),"0") -> 0 | S74: =IF(S42="X",(D42-C42),"0") -> 0 | T74: =IF(T42="X",(D42-C42),"0") -> 0
... E129: =IF(E97="X",(D97-C97),"0") -> 0 | F129: =IF(F97="X",(D97-C97),"0") -> 0 | G129: =IF(G97="X",(D97-C97),"0") -> 0 | H129: =IF(H97="X",(D97-C97),"0") -> 0 | I129: =IF(I97="X",(D97-C97),"0") -> 0 | J129: =IF(J97="X",(D97-C97),"0") -> 0 | K129: =IF(K97="X",(D97-C97),"0") -> 0 | L129: =IF(L97="X",(D97-C97),"0") -> 0 | M129: =IF(M97="X",(D97-C97),"0") -> 0 | N129: =IF(N97="X",(D97-C97),"0") -> 0 | O129: =IF(O97="X",(D97-C97),"0") -> 0 | P129: =IF(P97="X",(D97-C97),"0") -> 0 | Q129: =IF(Q97="X",(D97-C97),"0") -> 0 | R129: =IF(R97="X",(D97-C97),"0") -> 0 | S129: =IF(S97="X",(D97-C97),"0") -> 0 | T129: =IF(T97="X",(D97-C97),"0") -> 0
E132: =SUM(E41:E129) -> 31.78 | F132: =SUM(F41:F129) -> 0 | G132: =SUM(G41:G129) -> 0 | H132: =SUM(H41:H129) -> 3.7 | I132: =SUM(I41:I129) -> 4 | J132: =SUM(J41:J129) -> 0 | K132: =SUM(K41:K129) -> 39.48 | L132: =SUM(L41:L129) -> 8 | ... T132: =SUM(T41:T129) -> 0

Sheet 47
A1: PROGRAMA DE MANUTENÇÃORODOVIÁRIA
D2: RODOVIAS PAVIMENTADAS | I2: DATA: | J2: ='39'!J2 -> 46204 | N2: TÉCNICO RESP. | O2: ='39'!O2 -> ENG. VINICIUS RODRIGUES FERREIRA DE OLIVEIRA | T2: REGIÃO: | U2: 02
A3: FICHA DE INSPEÇÃO: | B3: =TT!C12 -> RODOVIA TO-164 - TRECHO MURICILÂNDIA - ENTR. TO-226
A5: S.R.E. | B5: SENTIDO | C5: INÍCIO (KM) | D5: FIM (KM) | E5: CONDIÇÃO DO PAVIMENTO | J5: VEGETAÇÃO | L5: ELEM. DE DRENAGEM | O5: SIN. HOR. | R5: SIN. VERTICAL | U5: OBSERV.
E6: BOM | F6: REM. I. | G6: REM. L | H6: BUR. I | I6: BUR. L | J6: ADEQ. | K6: INADED. | L6: LIMPOS | M6: SUJOS | N6: DAN. | O6: BOM | P6: REG. | Q6: INEXIST. | R6: BOM | S6: POUCAS | T6: INEXIST.
A7: 164ETO0155 | B7: C | C7: 0 | D7: 1.89 | E7: X | K7: X | L7: X | P7: X | S7: X
A32: LEGENDA | B32: CONDIÇÃO DO PAVIMENTO
A33: REM. I | B33: REMENDOS ISOLADOS | E33: ATÉ 10 REMENDOS/KM | I33: BUR. I | J33: BURACOS ISOLADOS | M33: ATÉ 5 BURACOS/KM
A34: REM. L | B34: REMENDOS AO LONGO | E34: MAIS DE 10 REMENDOS/KM | I34: BUR. L | J34: BURACOS AO LONGO | M34: MAIS DE 5 BURACOS/KM
E39: =IF(E7="X",(D7-C7),"0") -> 1.89 | F39: =IF(F7="X",(D7-C7),"0") -> 0 | G39: =IF(G7="X",(D7-C7),"0") -> 0 | H39: =IF(H7="X",(D7-C7),"0") -> 0 | I39: =IF(I7="X",(D7-C7),"0") -> 0 | J39: =IF(J7="X",(D7-C7),"0") -> 0 | K39: =IF(K7="X",(D7-C7),"0") -> 1.89 | L39: =IF(L7="X",(D7-C7),"0") -> 1.89 | M39: =IF(M7="X",(D7-C7),"0") -> 0 | N39: =IF(N7="X",(D7-C7),"0") -> 0 | O39: =IF(O7="X",(D7-C7),"0") -> 0 | P39: =IF(P7="X",(D7-C7),"0") -> 1.89 | Q39: =IF(Q7="X",(D7-C7),"0") -> 0 | R39: =IF(R7="X",(D7-C7),"0") -> 0 | S39: =IF(S7="X",(D7-C7),"0") -> 1.89 | T39: =IF(T7="X",(D7-C7),"0") -> 0
E40: =IF(E8="X",(D8-C8),"0") -> 0 | F40: =IF(F8="X",(D8-C8),"0") -> 0 | G40: =IF(G8="X",(D8-C8),"0") -> 0 | H40: =IF(H8="X",(D8-C8),"0") -> 0 | I40: =IF(I8="X",(D8-C8),"0") -> 0 | J40: =IF(J8="X",(D8-C8),"0") -> 0 | K40: =IF(K8="X",(D8-C8),"0") -> 0 | L40: =IF(L8="X",(D8-C8),"0") -> 0 | M40: =IF(M8="X",(D8-C8),"0") -> 0 | N40: =IF(N8="X",(D8-C8),"0") -> 0 | O40: =IF(O8="X",(D8-C8),"0") -> 0 | P40: =IF(P8="X",(D8-C8),"0") -> 0 | Q40: =IF(Q8="X",(D8-C8),"0") -> 0 | R40: =IF(R8="X",(D8-C8),"0") -> 0 | S40: =IF(S8="X",(D8-C8),"0") -> 0 | T40: =IF(T8="X",(D8-C8),"0") -> 0
E41: =IF(E9="X",(D9-C9),"0") -> 0 | F41: =IF(F9="X",(D9-C9),"0") -> 0 | G41: =IF(G9="X",(D9-C9),"0") -> 0 | H41: =IF(H9="X",(D9-C9),"0") -> 0 | I41: =IF(I9="X",(D9-C9),"0") -> 0 | J41: =IF(J9="X",(D9-C9),"0") -> 0 | K41: =IF(K9="X",(D9-C9),"0") -> 0 | L41: =IF(L9="X",(D9-C9),"0") -> 0 | M41: =IF(M9="X",(D9-C9),"0") -> 0 | N41: =IF(N9="X",(D9-C9),"0") -> 0 | O41: =IF(O9="X",(D9-C9),"0") -> 0 | P41: =IF(P9="X",(D9-C9),"0") -> 0 | Q41: =IF(Q9="X",(D9-C9),"0") -> 0 | R41: =IF(R9="X",(D9-C9),"0") -> 0 | S41: =IF(S9="X",(D9-C9),"0") -> 0 | T41: =IF(T9="X",(D9-C9),"0") -> 0
E42: =IF(E10="X",(D10-C10),"0") -> 0 | F42: =IF(F10="X",(D10-C10),"0") -> 0 | G42: =IF(G10="X",(D10-C10),"0") -> 0 | H42: =IF(H10="X",(D10-C10),"0") -> 0 | I42: =IF(I10="X",(D10-C10),"0") -> 0 | J42: =IF(J10="X",(D10-C10),"0") -> 0 | K42: =IF(K10="X",(D10-C10),"0") -> 0 | L42: =IF(L10="X",(D10-C10),"0") -> 0 | M42: =IF(M10="X",(D10-C10),"0") -> 0 | N42: =IF(N10="X",(D10-C10),"0") -> 0 | O42: =IF(O10="X",(D10-C10),"0") -> 0 | P42: =IF(P10="X",(D10-C10),"0") -> 0 | Q42: =IF(Q10="X",(D10-C10),"0") -> 0 | R42: =IF(R10="X",(D10-C10),"0") -> 0 | S42: =IF(S10="X",(D10-C10),"0") -> 0 | T42: =IF(T10="X",(D10-C10),"0") -> 0
E43: =IF(E11="X",(D11-C11),"0") -> 0 | F43: =IF(F11="X",(D11-C11),"0") -> 0 | G43: =IF(G11="X",(D11-C11),"0") -> 0 | H43: =IF(H11="X",(D11-C11),"0") -> 0 | I43: =IF(I11="X",(D11-C11),"0") -> 0 | J43: =IF(J11="X",(D11-C11),"0") -> 0 | K43: =IF(K11="X",(D11-C11),"0") -> 0 | L43: =IF(L11="X",(D11-C11),"0") -> 0 | M43: =IF(M11="X",(D11-C11),"0") -> 0 | N43: =IF(N11="X",(D11-C11),"0") -> 0 | O43: =IF(O11="X",(D11-C11),"0") -> 0 | P43: =IF(P11="X",(D11-C11),"0") -> 0 | Q43: =IF(Q11="X",(D11-C11),"0") -> 0 | R43: =IF(R11="X",(D11-C11),"0") -> 0 | S43: =IF(S11="X",(D11-C11),"0") -> 0 | T43: =IF(T11="X",(D11-C11),"0") -> 0
E44: =IF(E12="X",(D12-C12),"0") -> 0 | F44: =IF(F12="X",(D12-C12),"0") -> 0 | G44: =IF(G12="X",(D12-C12),"0") -> 0 | H44: =IF(H12="X",(D12-C12),"0") -> 0 | I44: =IF(I12="X",(D12-C12),"0") -> 0 | J44: =IF(J12="X",(D12-C12),"0") -> 0 | K44: =IF(K12="X",(D12-C12),"0") -> 0 | L44: =IF(L12="X",(D12-C12),"0") -> 0 | M44: =IF(M12="X",(D12-C12),"0") -> 0 | N44: =IF(N12="X",(D12-C12),"0") -> 0 | O44: =IF(O12="X",(D12-C12),"0") -> 0 | P44: =IF(P12="X",(D12-C12),"0") -> 0 | Q44: =IF(Q12="X",(D12-C12),"0") -> 0 | R44: =IF(R12="X",(D12-C12),"0") -> 0 | S44: =IF(S12="X",(D12-C12),"0") -> 0 | T44: =IF(T12="X",(D12-C12),"0") -> 0
E45: =IF(E13="X",(D13-C13),"0") -> 0 | F45: =IF(F13="X",(D13-C13),"0") -> 0 | G45: =IF(G13="X",(D13-C13),"0") -> 0 | H45: =IF(H13="X",(D13-C13),"0") -> 0 | I45: =IF(I13="X",(D13-C13),"0") -> 0 | J45: =IF(J13="X",(D13-C13),"0") -> 0 | K45: =IF(K13="X",(D13-C13),"0") -> 0 | L45: =IF(L13="X",(D13-C13),"0") -> 0 | M45: =IF(M13="X",(D13-C13),"0") -> 0 | N45: =IF(N13="X",(D13-C13),"0") -> 0 | O45: =IF(O13="X",(D13-C13),"0") -> 0 | P45: =IF(P13="X",(D13-C13),"0") -> 0 | Q45: =IF(Q13="X",(D13-C13),"0") -> 0 | R45: =IF(R13="X",(D13-C13),"0") -> 0 | S45: =IF(S13="X",(D13-C13),"0") -> 0 | T45: =IF(T13="X",(D13-C13),"0") -> 0
E46: =IF(E14="X",(D14-C14),"0") -> 0 | F46: =IF(F14="X",(D14-C14),"0") -> 0 | G46: =IF(G14="X",(D14-C14),"0") -> 0 | H46: =IF(H14="X",(D14-C14),"0") -> 0 | I46: =IF(I14="X",(D14-C14),"0") -> 0 | J46: =IF(J14="X",(D14-C14),"0") -> 0 | K46: =IF(K14="X",(D14-C14),"0") -> 0 | L46: =IF(L14="X",(D14-C14),"0") -> 0 | M46: =IF(M14="X",(D14-C14),"0") -> 0 | N46: =IF(N14="X",(D14-C14),"0") -> 0 | O46: =IF(O14="X",(D14-C14),"0") -> 0 | P46: =IF(P14="X",(D14-C14),"0") -> 0 | Q46: =IF(Q14="X",(D14-C14),"0") -> 0 | R46: =IF(R14="X",(D14-C14),"0") -> 0 | S46: =IF(S14="X",(D14-C14),"0") -> 0 | T46: =IF(T14="X",(D14-C14),"0") -> 0
E47: =IF(E15="X",(D15-C15),"0") -> 0 | F47: =IF(F15="X",(D15-C15),"0") -> 0 | G47: =IF(G15="X",(D15-C15),"0") -> 0 | H47: =IF(H15="X",(D15-C15),"0") -> 0 | I47: =IF(I15="X",(D15-C15),"0") -> 0 | J47: =IF(J15="X",(D15-C15),"0") -> 0 | K47: =IF(K15="X",(D15-C15),"0") -> 0 | L47: =IF(L15="X",(D15-C15),"0") -> 0 | M47: =IF(M15="X",(D15-C15),"0") -> 0 | N47: =IF(N15="X",(D15-C15),"0") -> 0 | O47: =IF(O15="X",(D15-C15),"0") -> 0 | P47: =IF(P15="X",(D15-C15),"0") -> 0 | Q47: =IF(Q15="X",(D15-C15),"0") -> 0 | R47: =IF(R15="X",(D15-C15),"0") -> 0 | S47: =IF(S15="X",(D15-C15),"0") -> 0 | T47: =IF(T15="X",(D15-C15),"0") -> 0
E48: =IF(E16="X",(D16-C16),"0") -> 0 | F48: =IF(F16="X",(D16-C16),"0") -> 0 | G48: =IF(G16="X",(D16-C16),"0") -> 0 | H48: =IF(H16="X",(D16-C16),"0") -> 0 | I48: =IF(I16="X",(D16-C16),"0") -> 0 | J48: =IF(J16="X",(D16-C16),"0") -> 0 | K48: =IF(K16="X",(D16-C16),"0") -> 0 | L48: =IF(L16="X",(D16-C16),"0") -> 0 | M48: =IF(M16="X",(D16-C16),"0") -> 0 | N48: =IF(N16="X",(D16-C16),"0") -> 0 | O48: =IF(O16="X",(D16-C16),"0") -> 0 | P48: =IF(P16="X",(D16-C16),"0") -> 0 | Q48: =IF(Q16="X",(D16-C16),"0") -> 0 | R48: =IF(R16="X",(D16-C16),"0") -> 0 | S48: =IF(S16="X",(D16-C16),"0") -> 0 | T48: =IF(T16="X",(D16-C16),"0") -> 0
E49: =IF(E17="X",(D17-C17),"0") -> 0 | F49: =IF(F17="X",(D17-C17),"0") -> 0 | G49: =IF(G17="X",(D17-C17),"0") -> 0 | H49: =IF(H17="X",(D17-C17),"0") -> 0 | I49: =IF(I17="X",(D17-C17),"0") -> 0 | J49: =IF(J17="X",(D17-C17),"0") -> 0 | K49: =IF(K17="X",(D17-C17),"0") -> 0 | L49: =IF(L17="X",(D17-C17),"0") -> 0 | M49: =IF(M17="X",(D17-C17),"0") -> 0 | N49: =IF(N17="X",(D17-C17),"0") -> 0 | O49: =IF(O17="X",(D17-C17),"0") -> 0 | P49: =IF(P17="X",(D17-C17),"0") -> 0 | Q49: =IF(Q17="X",(D17-C17),"0") -> 0 | R49: =IF(R17="X",(D17-C17),"0") -> 0 | S49: =IF(S17="X",(D17-C17),"0") -> 0 | T49: =IF(T17="X",(D17-C17),"0") -> 0
E50: =IF(E18="X",(D18-C18),"0") -> 0 | F50: =IF(F18="X",(D18-C18),"0") -> 0 | G50: =IF(G18="X",(D18-C18),"0") -> 0 | H50: =IF(H18="X",(D18-C18),"0") -> 0 | I50: =IF(I18="X",(D18-C18),"0") -> 0 | J50: =IF(J18="X",(D18-C18),"0") -> 0 | K50: =IF(K18="X",(D18-C18),"0") -> 0 | L50: =IF(L18="X",(D18-C18),"0") -> 0 | M50: =IF(M18="X",(D18-C18),"0") -> 0 | N50: =IF(N18="X",(D18-C18),"0") -> 0 | O50: =IF(O18="X",(D18-C18),"0") -> 0 | P50: =IF(P18="X",(D18-C18),"0") -> 0 | Q50: =IF(Q18="X",(D18-C18),"0") -> 0 | R50: =IF(R18="X",(D18-C18),"0") -> 0 | S50: =IF(S18="X",(D18-C18),"0") -> 0 | T50: =IF(T18="X",(D18-C18),"0") -> 0
... E127: =IF(E95="X",(D95-C95),"0") -> 0 | F127: =IF(F95="X",(D95-C95),"0") -> 0 | G127: =IF(G95="X",(D95-C95),"0") -> 0 | H127: =IF(H95="X",(D95-C95),"0") -> 0 | I127: =IF(I95="X",(D95-C95),"0") -> 0 | J127: =IF(J95="X",(D95-C95),"0") -> 0 | K127: =IF(K95="X",(D95-C95),"0") -> 0 | L127: =IF(L95="X",(D95-C95),"0") -> 0 | M127: =IF(M95="X",(D95-C95),"0") -> 0 | N127: =IF(N95="X",(D95-C95),"0") -> 0 | O127: =IF(O95="X",(D95-C95),"0") -> 0 | P127: =IF(P95="X",(D95-C95),"0") -> 0 | Q127: =IF(Q95="X",(D95-C95),"0") -> 0 | R127: =IF(R95="X",(D95-C95),"0") -> 0 | S127: =IF(S95="X",(D95-C95),"0") -> 0 | T127: =IF(T95="X",(D95-C95),"0") -> 0
E130: =SUM(E39:E127) -> 1.89 | F130: =SUM(F39:F127) -> 0 | G130: =SUM(G39:G127) -> 0 | H130: =SUM(H39:H127) -> 0 | I130: =SUM(I39:I127) -> 0 | J130: =SUM(J39:J127) -> 0 | K130: =SUM(K39:K127) -> 1.89 | L130: =SUM(L39:L127) -> 1.89 | ... T130: =SUM(T39:T127) -> 0

Sheet 50
A1: PROGRAMA DE MANUTENÇÃORODOVIÁRIA
D2: RODOVIAS PAVIMENTADAS | I2: DATA: | J2: ='39'!J2 -> 46204 | N2: TÉCNICO RESP. | O2: ='39'!O2 -> ENG. VINICIUS RODRIGUES FERREIRA DE OLIVEIRA | T2: REGIÃO: | U2: 02
A3: FICHA DE INSPEÇÃO: | B3: =TT!C13 -> RODOVIA TO-222 - TRECHO ARAGUAÍNA - ENTR. TO-164 (NOVO HORIZONTE)
A5: S.R.E. | B5: SENTIDO | C5: INÍCIO (KM) | D5: FIM (KM) | E5: CONDIÇÃO DO PAVIMENTO | J5: VEGETAÇÃO | L5: ELEM. DE DRENAGEM | O5: SIN. HOR. | R5: SIN. VERTICAL | U5: OBSERV.
E6: BOM | F6: REM. I. | G6: REM. L | H6: BUR. I | I6: BUR. L | J6: ADEQ. | K6: INADED. | L6: LIMPOS | M6: SUJOS | N6: DAN. | O6: BOM | P6: REG. | Q6: INEXIST. | R6: BOM | S6: POUCAS | T6: INEXIST.
A7: 222ETO0130 | B7: C | C7: 0 | D7: 1 | E7: X | J7: X | M7: X | P7: X | S7: X
C8: =D7 -> 1 | D8: 2 | F8: X | H8: X | J8: X | M8: X | Q8: X | S8: X
C9: =D8 -> 2 | D9: 3 | E9: X | J9: X | M9: X | Q9: X | S9: X
C10: =D9 -> 3 | D10: 4 | F10: X | H10: X | J10: X | M10: X | Q10: X | S10: X
C11: =D10 -> 4 | D11: 5 | E11: X | J11: X | M11: X | Q11: X | S11: X
C12: =D11 -> 5 | D12: 6 | F12: X | H12: X | J12: X | M12: X | Q12: X | S12: X
C13: =D12 -> 6 | D13: 7 | E13: X | J13: X | M13: X | Q13: X | S13: X
C14: =D13 -> 7 | D14: 8 | F14: X | H14: X | J14: X | M14: X | Q14: X | S14: X
A15: 222ETO0140 | B15: C | C15: 0 | D15: 1 | F15: X | J15: X | M15: X | Q15: X | S15: X
C16: =D15 -> 1 | D16: 2 | F16: X | J16: X | M16: X | Q16: X | S16: X
C17: =D16 -> 2 | D17: 3 | E17: X | J17: X | M17: X | Q17: X | S17: X
C18: =D17 -> 3 | D18: 4 | F18: X | H18: X | J18: X | M18: X | Q18: X | S18: X
C19: =D18 -> 4 | D19: 5 | E19: X | J19: X | M19: X | Q19: X | S19: X
C20: =D19 -> 5 | D20: 5.38 | F20: X | H20: X | J20: X | M20: X | Q20: X | S20: X
A32: LEGENDA | B32: CONDIÇÃO DO PAVIMENTO
A33: REM. I | B33: REMENDOS ISOLADOS | E33: ATÉ 10 REMENDOS/KM | I33: BUR. I | J33: BURACOS ISOLADOS | M33: ATÉ 5 BURACOS/KM
A34: REM. L | B34: REMENDOS AO LONGO | E34: MAIS DE 10 REMENDOS/KM | I34: BUR. L | J34: BURACOS AO LONGO | M34: MAIS DE 5 BURACOS/KM
E39: =IF(E7="X",(D7-C7),"0") -> 1 | F39: =IF(F7="X",(D7-C7),"0") -> 0 | G39: =IF(G7="X",(D7-C7),"0") -> 0 | H39: =IF(H7="X",(D7-C7),"0") -> 0 | I39: =IF(I7="X",(D7-C7),"0") -> 0 | J39: =IF(J7="X",(D7-C7),"0") -> 1 | K39: =IF(K7="X",(D7-C7),"0") -> 0 | L39: =IF(L7="X",(D7-C7),"0") -> 0 | M39: =IF(M7="X",(D7-C7),"0") -> 1 | N39: =IF(N7="X",(D7-C7),"0") -> 0 | O39: =IF(O7="X",(D7-C7),"0") -> 0 | P39: =IF(P7="X",(D7-C7),"0") -> 1 | Q39: =IF(Q7="X",(D7-C7),"0") -> 0 | R39: =IF(R7="X",(D7-C7),"0") -> 0 | S39: =IF(S7="X",(D7-C7),"0") -> 1 | T39: =IF(T7="X",(D7-C7),"0") -> 0
E40: =IF(E8="X",(D8-C8),"0") -> 0 | F40: =IF(F8="X",(D8-C8),"0") -> 1 | G40: =IF(G8="X",(D8-C8),"0") -> 0 | H40: =IF(H8="X",(D8-C8),"0") -> 1 | I40: =IF(I8="X",(D8-C8),"0") -> 0 | J40: =IF(J8="X",(D8-C8),"0") -> 1 | K40: =IF(K8="X",(D8-C8),"0") -> 0 | L40: =IF(L8="X",(D8-C8),"0") -> 0 | M40: =IF(M8="X",(D8-C8),"0") -> 1 | N40: =IF(N8="X",(D8-C8),"0") -> 0 | O40: =IF(O8="X",(D8-C8),"0") -> 0 | P40: =IF(P8="X",(D8-C8),"0") -> 0 | Q40: =IF(Q8="X",(D8-C8),"0") -> 1 | R40: =IF(R8="X",(D8-C8),"0") -> 0 | S40: =IF(S8="X",(D8-C8),"0") -> 1 | T40: =IF(T8="X",(D8-C8),"0") -> 0
E41: =IF(E9="X",(D9-C9),"0") -> 1 | F41: =IF(F9="X",(D9-C9),"0") -> 0 | G41: =IF(G9="X",(D9-C9),"0") -> 0 | H41: =IF(H9="X",(D9-C9),"0") -> 0 | I41: =IF(I9="X",(D9-C9),"0") -> 0 | J41: =IF(J9="X",(D9-C9),"0") -> 1 | K41: =IF(K9="X",(D9-C9),"0") -> 0 | L41: =IF(L9="X",(D9-C9),"0") -> 0 | M41: =IF(M9="X",(D9-C9),"0") -> 1 | N41: =IF(N9="X",(D9-C9),"0") -> 0 | O41: =IF(O9="X",(D9-C9),"0") -> 0 | P41: =IF(P9="X",(D9-C9),"0") -> 0 | Q41: =IF(Q9="X",(D9-C9),"0") -> 1 | R41: =IF(R9="X",(D9-C9),"0") -> 0 | S41: =IF(S9="X",(D9-C9),"0") -> 1 | T41: =IF(T9="X",(D9-C9),"0") -> 0
E42: =IF(E10="X",(D10-C10),"0") -> 0 | F42: =IF(F10="X",(D10-C10),"0") -> 1 | G42: =IF(G10="X",(D10-C10),"0") -> 0 | H42: =IF(H10="X",(D10-C10),"0") -> 1 | I42: =IF(I10="X",(D10-C10),"0") -> 0 | J42: =IF(J10="X",(D10-C10),"0") -> 1 | K42: =IF(K10="X",(D10-C10),"0") -> 0 | L42: =IF(L10="X",(D10-C10),"0") -> 0 | M42: =IF(M10="X",(D10-C10),"0") -> 1 | N42: =IF(N10="X",(D10-C10),"0") -> 0 | O42: =IF(O10="X",(D10-C10),"0") -> 0 | P42: =IF(P10="X",(D10-C10),"0") -> 0 | Q42: =IF(Q10="X",(D10-C10),"0") -> 1 | R42: =IF(R10="X",(D10-C10),"0") -> 0 | S42: =IF(S10="X",(D10-C10),"0") -> 1 | T42: =IF(T10="X",(D10-C10),"0") -> 0
E43: =IF(E11="X",(D11-C11),"0") -> 1 | F43: =IF(F11="X",(D11-C11),"0") -> 0 | G43: =IF(G11="X",(D11-C11),"0") -> 0 | H43: =IF(H11="X",(D11-C11),"0") -> 0 | I43: =IF(I11="X",(D11-C11),"0") -> 0 | J43: =IF(J11="X",(D11-C11),"0") -> 1 | K43: =IF(K11="X",(D11-C11),"0") -> 0 | L43: =IF(L11="X",(D11-C11),"0") -> 0 | M43: =IF(M11="X",(D11-C11),"0") -> 1 | N43: =IF(N11="X",(D11-C11),"0") -> 0 | O43: =IF(O11="X",(D11-C11),"0") -> 0 | P43: =IF(P11="X",(D11-C11),"0") -> 0 | Q43: =IF(Q11="X",(D11-C11),"0") -> 1 | R43: =IF(R11="X",(D11-C11),"0") -> 0 | S43: =IF(S11="X",(D11-C11),"0") -> 1 | T43: =IF(T11="X",(D11-C11),"0") -> 0
E44: =IF(E12="X",(D12-C12),"0") -> 0 | F44: =IF(F12="X",(D12-C12),"0") -> 1 | G44: =IF(G12="X",(D12-C12),"0") -> 0 | H44: =IF(H12="X",(D12-C12),"0") -> 1 | I44: =IF(I12="X",(D12-C12),"0") -> 0 | J44: =IF(J12="X",(D12-C12),"0") -> 1 | K44: =IF(K12="X",(D12-C12),"0") -> 0 | L44: =IF(L12="X",(D12-C12),"0") -> 0 | M44: =IF(M12="X",(D12-C12),"0") -> 1 | N44: =IF(N12="X",(D12-C12),"0") -> 0 | O44: =IF(O12="X",(D12-C12),"0") -> 0 | P44: =IF(P12="X",(D12-C12),"0") -> 0 | Q44: =IF(Q12="X",(D12-C12),"0") -> 1 | R44: =IF(R12="X",(D12-C12),"0") -> 0 | S44: =IF(S12="X",(D12-C12),"0") -> 1 | T44: =IF(T12="X",(D12-C12),"0") -> 0
E45: =IF(E13="X",(D13-C13),"0") -> 1 | F45: =IF(F13="X",(D13-C13),"0") -> 0 | G45: =IF(G13="X",(D13-C13),"0") -> 0 | H45: =IF(H13="X",(D13-C13),"0") -> 0 | I45: =IF(I13="X",(D13-C13),"0") -> 0 | J45: =IF(J13="X",(D13-C13),"0") -> 1 | K45: =IF(K13="X",(D13-C13),"0") -> 0 | L45: =IF(L13="X",(D13-C13),"0") -> 0 | M45: =IF(M13="X",(D13-C13),"0") -> 1 | N45: =IF(N13="X",(D13-C13),"0") -> 0 | O45: =IF(O13="X",(D13-C13),"0") -> 0 | P45: =IF(P13="X",(D13-C13),"0") -> 0 | Q45: =IF(Q13="X",(D13-C13),"0") -> 1 | R45: =IF(R13="X",(D13-C13),"0") -> 0 | S45: =IF(S13="X",(D13-C13),"0") -> 1 | T45: =IF(T13="X",(D13-C13),"0") -> 0
E46: =IF(E14="X",(D14-C14),"0") -> 0 | F46: =IF(F14="X",(D14-C14),"0") -> 1 | G46: =IF(G14="X",(D14-C14),"0") -> 0 | H46: =IF(H14="X",(D14-C14),"0") -> 1 | I46: =IF(I14="X",(D14-C14),"0") -> 0 | J46: =IF(J14="X",(D14-C14),"0") -> 1 | K46: =IF(K14="X",(D14-C14),"0") -> 0 | L46: =IF(L14="X",(D14-C14),"0") -> 0 | M46: =IF(M14="X",(D14-C14),"0") -> 1 | N46: =IF(N14="X",(D14-C14),"0") -> 0 | O46: =IF(O14="X",(D14-C14),"0") -> 0 | P46: =IF(P14="X",(D14-C14),"0") -> 0 | Q46: =IF(Q14="X",(D14-C14),"0") -> 1 | R46: =IF(R14="X",(D14-C14),"0") -> 0 | S46: =IF(S14="X",(D14-C14),"0") -> 1 | T46: =IF(T14="X",(D14-C14),"0") -> 0
E47: =IF(E15="X",(D15-C15),"0") -> 0 | F47: =IF(F15="X",(D15-C15),"0") -> 1 | G47: =IF(G15="X",(D15-C15),"0") -> 0 | H47: =IF(H15="X",(D15-C15),"0") -> 0 | I47: =IF(I15="X",(D15-C15),"0") -> 0 | J47: =IF(J15="X",(D15-C15),"0") -> 1 | K47: =IF(K15="X",(D15-C15),"0") -> 0 | L47: =IF(L15="X",(D15-C15),"0") -> 0 | M47: =IF(M15="X",(D15-C15),"0") -> 1 | N47: =IF(N15="X",(D15-C15),"0") -> 0 | O47: =IF(O15="X",(D15-C15),"0") -> 0 | P47: =IF(P15="X",(D15-C15),"0") -> 0 | Q47: =IF(Q15="X",(D15-C15),"0") -> 1 | R47: =IF(R15="X",(D15-C15),"0") -> 0 | S47: =IF(S15="X",(D15-C15),"0") -> 1 | T47: =IF(T15="X",(D15-C15),"0") -> 0
E48: =IF(E16="X",(D16-C16),"0") -> 0 | F48: =IF(F16="X",(D16-C16),"0") -> 1 | G48: =IF(G16="X",(D16-C16),"0") -> 0 | H48: =IF(H16="X",(D16-C16),"0") -> 0 | I48: =IF(I16="X",(D16-C16),"0") -> 0 | J48: =IF(J16="X",(D16-C16),"0") -> 1 | K48: =IF(K16="X",(D16-C16),"0") -> 0 | L48: =IF(L16="X",(D16-C16),"0") -> 0 | M48: =IF(M16="X",(D16-C16),"0") -> 1 | N48: =IF(N16="X",(D16-C16),"0") -> 0 | O48: =IF(O16="X",(D16-C16),"0") -> 0 | P48: =IF(P16="X",(D16-C16),"0") -> 0 | Q48: =IF(Q16="X",(D16-C16),"0") -> 1 | R48: =IF(R16="X",(D16-C16),"0") -> 0 | S48: =IF(S16="X",(D16-C16),"0") -> 1 | T48: =IF(T16="X",(D16-C16),"0") -> 0
E49: =IF(E17="X",(D17-C17),"0") -> 1 | F49: =IF(F17="X",(D17-C17),"0") -> 0 | G49: =IF(G17="X",(D17-C17),"0") -> 0 | H49: =IF(H17="X",(D17-C17),"0") -> 0 | I49: =IF(I17="X",(D17-C17),"0") -> 0 | J49: =IF(J17="X",(D17-C17),"0") -> 1 | K49: =IF(K17="X",(D17-C17),"0") -> 0 | L49: =IF(L17="X",(D17-C17),"0") -> 0 | M49: =IF(M17="X",(D17-C17),"0") -> 1 | N49: =IF(N17="X",(D17-C17),"0") -> 0 | O49: =IF(O17="X",(D17-C17),"0") -> 0 | P49: =IF(P17="X",(D17-C17),"0") -> 0 | Q49: =IF(Q17="X",(D17-C17),"0") -> 1 | R49: =IF(R17="X",(D17-C17),"0") -> 0 | S49: =IF(S17="X",(D17-C17),"0") -> 1 | T49: =IF(T17="X",(D17-C17),"0") -> 0
E50: =IF(E18="X",(D18-C18),"0") -> 0 | F50: =IF(F18="X",(D18-C18),"0") -> 1 | G50: =IF(G18="X",(D18-C18),"0") -> 0 | H50: =IF(H18="X",(D18-C18),"0") -> 1 | I50: =IF(I18="X",(D18-C18),"0") -> 0 | J50: =IF(J18="X",(D18-C18),"0") -> 1 | K50: =IF(K18="X",(D18-C18),"0") -> 0 | L50: =IF(L18="X",(D18-C18),"0") -> 0 | M50: =IF(M18="X",(D18-C18),"0") -> 1 | N50: =IF(N18="X",(D18-C18),"0") -> 0 | O50: =IF(O18="X",(D18-C18),"0") -> 0 | P50: =IF(P18="X",(D18-C18),"0") -> 0 | Q50: =IF(Q18="X",(D18-C18),"0") -> 1 | R50: =IF(R18="X",(D18-C18),"0") -> 0 | S50: =IF(S18="X",(D18-C18),"0") -> 1 | T50: =IF(T18="X",(D18-C18),"0") -> 0
... E72: =IF(E40="X",(D40-C40),"0") -> 0 | F72: =IF(F40="X",(D40-C40),"0") -> 0 | G72: =IF(G40="X",(D40-C40),"0") -> 0 | H72: =IF(H40="X",(D40-C40),"0") -> 0 | I72: =IF(I40="X",(D40-C40),"0") -> 0 | J72: =IF(J40="X",(D40-C40),"0") -> 0 | K72: =IF(K40="X",(D40-C40),"0") -> 0 | L72: =IF(L40="X",(D40-C40),"0") -> 0 | M72: =IF(M40="X",(D40-C40),"0") -> 0 | N72: =IF(N40="X",(D40-C40),"0") -> 0 | O72: =IF(O40="X",(D40-C40),"0") -> 0 | P72: =IF(P40="X",(D40-C40),"0") -> 0 | Q72: =IF(Q40="X",(D40-C40),"0") -> 0 | R72: =IF(R40="X",(D40-C40),"0") -> 0 | S72: =IF(S40="X",(D40-C40),"0") -> 0 | T72: =IF(T40="X",(D40-C40),"0") -> 0
E75: =SUM(E39:E72) -> 6 | F75: =SUM(F39:F72) -> 7.38 | G75: =SUM(G39:G72) -> 0 | H75: =SUM(H39:H72) -> 5.38 | I75: =SUM(I39:I72) -> 0 | J75: =SUM(J39:J72) -> 13.38 | K75: =SUM(K39:K72) -> 0 | L75: =SUM(L39:L72) -> 0 | ... T75: =SUM(T39:T72) -> 0

Sheet 51
A1: PROGRAMA DE MANUTENÇÃORODOVIÁRIA
D2: RODOVIAS PAVIMENTADAS | I2: DATA: | J2: ='39'!J2 -> 46204 | N2: TÉCNICO RESP. | O2: ='39'!O2 -> ENG. VINICIUS RODRIGUES FERREIRA DE OLIVEIRA | T2: REGIÃO: | U2: 02
A3: FICHA DE INSPEÇÃO: | B3: =TT!C14 -> RODOVIA TO-222 - TRECHO MURICILÂNDIA - SANTA FÉ DO ARAGUAIA
A5: S.R.E. | B5: SENTIDO | C5: INÍCIO (KM) | D5: FIM (KM) | E5: CONDIÇÃO DO PAVIMENTO | J5: VEGETAÇÃO | L5: ELEM. DE DRENAGEM | O5: SIN. HOR. | R5: SIN. VERTICAL | U5: OBSERV.
E6: BOM | F6: REM. I. | G6: REM. L | H6: BUR. I | I6: BUR. L | J6: ADEQ. | K6: INADED. | L6: LIMPOS | M6: SUJOS | N6: DAN. | O6: BOM | P6: REG. | Q6: INEXIST. | R6: BOM | S6: POUCAS | T6: INEXIST.
A7: 222ETO0180 | B7: D | C7: 0 | D7: 8.1 | F7: X | J7: X | M7: X | P7: X | S7: X
C8: =D7 -> 8.1 | D8: 9.71 | G8: X | J8: X | M8: X | P8: X | S8: X
A32: LEGENDA | B32: CONDIÇÃO DO PAVIMENTO
A33: REM. I | B33: REMENDOS ISOLADOS | E33: ATÉ 10 REMENDOS/KM | I33: BUR. I | J33: BURACOS ISOLADOS | M33: ATÉ 5 BURACOS/KM
A34: REM. L | B34: REMENDOS AO LONGO | E34: MAIS DE 10 REMENDOS/KM | I34: BUR. L | J34: BURACOS AO LONGO | M34: MAIS DE 5 BURACOS/KM
E39: =IF(E7="X",(D7-C7),"0") -> 0 | F39: =IF(F7="X",(D7-C7),"0") -> 8.1 | G39: =IF(G7="X",(D7-C7),"0") -> 0 | H39: =IF(H7="X",(D7-C7),"0") -> 0 | I39: =IF(I7="X",(D7-C7),"0") -> 0 | J39: =IF(J7="X",(D7-C7),"0") -> 8.1 | K39: =IF(K7="X",(D7-C7),"0") -> 0 | L39: =IF(L7="X",(D7-C7),"0") -> 0 | M39: =IF(M7="X",(D7-C7),"0") -> 8.1 | N39: =IF(N7="X",(D7-C7),"0") -> 0 | O39: =IF(O7="X",(D7-C7),"0") -> 0 | P39: =IF(P7="X",(D7-C7),"0") -> 8.1 | Q39: =IF(Q7="X",(D7-C7),"0") -> 0 | R39: =IF(R7="X",(D7-C7),"0") -> 0 | S39: =IF(S7="X",(D7-C7),"0") -> 8.1 | T39: =IF(T7="X",(D7-C7),"0") -> 0
E40: =IF(E8="X",(D8-C8),"0") -> 0 | F40: =IF(F8="X",(D8-C8),"0") -> 0 | G40: =IF(G8="X",(D8-C8),"0") -> 1.61 | H40: =IF(H8="X",(D8-C8),"0") -> 0 | I40: =IF(I8="X",(D8-C8),"0") -> 0 | J40: =IF(J8="X",(D8-C8),"0") -> 1.61 | K40: =IF(K8="X",(D8-C8),"0") -> 0 | L40: =IF(L8="X",(D8-C8),"0") -> 0 | M40: =IF(M8="X",(D8-C8),"0") -> 1.61 | N40: =IF(N8="X",(D8-C8),"0") -> 0 | O40: =IF(O8="X",(D8-C8),"0") -> 0 | P40: =IF(P8="X",(D8-C8),"0") -> 1.61 | Q40: =IF(Q8="X",(D8-C8),"0") -> 0 | R40: =IF(R8="X",(D8-C8),"0") -> 0 | S40: =IF(S8="X",(D8-C8),"0") -> 1.61 | T40: =IF(T8="X",(D8-C8),"0") -> 0
E41: =IF(E9="X",(D9-C9),"0") -> 0 | F41: =IF(F9="X",(D9-C9),"0") -> 0 | G41: =IF(G9="X",(D9-C9),"0") -> 0 | H41: =IF(H9="X",(D9-C9),"0") -> 0 | I41: =IF(I9="X",(D9-C9),"0") -> 0 | J41: =IF(J9="X",(D9-C9),"0") -> 0 | K41: =IF(K9="X",(D9-C9),"0") -> 0 | L41: =IF(L9="X",(D9-C9),"0") -> 0 | M41: =IF(M9="X",(D9-C9),"0") -> 0 | N41: =IF(N9="X",(D9-C9),"0") -> 0 | O41: =IF(O9="X",(D9-C9),"0") -> 0 | P41: =IF(P9="X",(D9-C9),"0") -> 0 | Q41: =IF(Q9="X",(D9-C9),"0") -> 0 | R41: =IF(R9="X",(D9-C9),"0") -> 0 | S41: =IF(S9="X",(D9-C9),"0") -> 0 | T41: =IF(T9="X",(D9-C9),"0") -> 0
E42: =IF(E10="X",(D10-C10),"0") -> 0 | F42: =IF(F10="X",(D10-C10),"0") -> 0 | G42: =IF(G10="X",(D10-C10),"0") -> 0 | H42: =IF(H10="X",(D10-C10),"0") -> 0 | I42: =IF(I10="X",(D10-C10),"0") -> 0 | J42: =IF(J10="X",(D10-C10),"0") -> 0 | K42: =IF(K10="X",(D10-C10),"0") -> 0 | L42: =IF(L10="X",(D10-C10),"0") -> 0 | M42: =IF(M10="X",(D10-C10),"0") -> 0 | N42: =IF(N10="X",(D10-C10),"0") -> 0 | O42: =IF(O10="X",(D10-C10),"0") -> 0 | P42: =IF(P10="X",(D10-C10),"0") -> 0 | Q42: =IF(Q10="X",(D10-C10),"0") -> 0 | R42: =IF(R10="X",(D10-C10),"0") -> 0 | S42: =IF(S10="X",(D10-C10),"0") -> 0 | T42: =IF(T10="X",(D10-C10),"0") -> 0
E43: =IF(E11="X",(D11-C11),"0") -> 0 | F43: =IF(F11="X",(D11-C11),"0") -> 0 | G43: =IF(G11="X",(D11-C11),"0") -> 0 | H43: =IF(H11="X",(D11-C11),"0") -> 0 | I43: =IF(I11="X",(D11-C11),"0") -> 0 | J43: =IF(J11="X",(D11-C11),"0") -> 0 | K43: =IF(K11="X",(D11-C11),"0") -> 0 | L43: =IF(L11="X",(D11-C11),"0") -> 0 | M43: =IF(M11="X",(D11-C11),"0") -> 0 | N43: =IF(N11="X",(D11-C11),"0") -> 0 | O43: =IF(O11="X",(D11-C11),"0") -> 0 | P43: =IF(P11="X",(D11-C11),"0") -> 0 | Q43: =IF(Q11="X",(D11-C11),"0") -> 0 | R43: =IF(R11="X",(D11-C11),"0") -> 0 | S43: =IF(S11="X",(D11-C11),"0") -> 0 | T43: =IF(T11="X",(D11-C11),"0") -> 0
E44: =IF(E12="X",(D12-C12),"0") -> 0 | F44: =IF(F12="X",(D12-C12),"0") -> 0 | G44: =IF(G12="X",(D12-C12),"0") -> 0 | H44: =IF(H12="X",(D12-C12),"0") -> 0 | I44: =IF(I12="X",(D12-C12),"0") -> 0 | J44: =IF(J12="X",(D12-C12),"0") -> 0 | K44: =IF(K12="X",(D12-C12),"0") -> 0 | L44: =IF(L12="X",(D12-C12),"0") -> 0 | M44: =IF(M12="X",(D12-C12),"0") -> 0 | N44: =IF(N12="X",(D12-C12),"0") -> 0 | O44: =IF(O12="X",(D12-C12),"0") -> 0 | P44: =IF(P12="X",(D12-C12),"0") -> 0 | Q44: =IF(Q12="X",(D12-C12),"0") -> 0 | R44: =IF(R12="X",(D12-C12),"0") -> 0 | S44: =IF(S12="X",(D12-C12),"0") -> 0 | T44: =IF(T12="X",(D12-C12),"0") -> 0
E45: =IF(E13="X",(D13-C13),"0") -> 0 | F45: =IF(F13="X",(D13-C13),"0") -> 0 | G45: =IF(G13="X",(D13-C13),"0") -> 0 | H45: =IF(H13="X",(D13-C13),"0") -> 0 | I45: =IF(I13="X",(D13-C13),"0") -> 0 | J45: =IF(J13="X",(D13-C13),"0") -> 0 | K45: =IF(K13="X",(D13-C13),"0") -> 0 | L45: =IF(L13="X",(D13-C13),"0") -> 0 | M45: =IF(M13="X",(D13-C13),"0") -> 0 | N45: =IF(N13="X",(D13-C13),"0") -> 0 | O45: =IF(O13="X",(D13-C13),"0") -> 0 | P45: =IF(P13="X",(D13-C13),"0") -> 0 | Q45: =IF(Q13="X",(D13-C13),"0") -> 0 | R45: =IF(R13="X",(D13-C13),"0") -> 0 | S45: =IF(S13="X",(D13-C13),"0") -> 0 | T45: =IF(T13="X",(D13-C13),"0") -> 0
E46: =IF(E14="X",(D14-C14),"0") -> 0 | F46: =IF(F14="X",(D14-C14),"0") -> 0 | G46: =IF(G14="X",(D14-C14),"0") -> 0 | H46: =IF(H14="X",(D14-C14),"0") -> 0 | I46: =IF(I14="X",(D14-C14),"0") -> 0 | J46: =IF(J14="X",(D14-C14),"0") -> 0 | K46: =IF(K14="X",(D14-C14),"0") -> 0 | L46: =IF(L14="X",(D14-C14),"0") -> 0 | M46: =IF(M14="X",(D14-C14),"0") -> 0 | N46: =IF(N14="X",(D14-C14),"0") -> 0 | O46: =IF(O14="X",(D14-C14),"0") -> 0 | P46: =IF(P14="X",(D14-C14),"0") -> 0 | Q46: =IF(Q14="X",(D14-C14),"0") -> 0 | R46: =IF(R14="X",(D14-C14),"0") -> 0 | S46: =IF(S14="X",(D14-C14),"0") -> 0 | T46: =IF(T14="X",(D14-C14),"0") -> 0
E47: =IF(E15="X",(D15-C15),"0") -> 0 | F47: =IF(F15="X",(D15-C15),"0") -> 0 | G47: =IF(G15="X",(D15-C15),"0") -> 0 | H47: =IF(H15="X",(D15-C15),"0") -> 0 | I47: =IF(I15="X",(D15-C15),"0") -> 0 | J47: =IF(J15="X",(D15-C15),"0") -> 0 | K47: =IF(K15="X",(D15-C15),"0") -> 0 | L47: =IF(L15="X",(D15-C15),"0") -> 0 | M47: =IF(M15="X",(D15-C15),"0") -> 0 | N47: =IF(N15="X",(D15-C15),"0") -> 0 | O47: =IF(O15="X",(D15-C15),"0") -> 0 | P47: =IF(P15="X",(D15-C15),"0") -> 0 | Q47: =IF(Q15="X",(D15-C15),"0") -> 0 | R47: =IF(R15="X",(D15-C15),"0") -> 0 | S47: =IF(S15="X",(D15-C15),"0") -> 0 | T47: =IF(T15="X",(D15-C15),"0") -> 0
E48: =IF(E16="X",(D16-C16),"0") -> 0 | F48: =IF(F16="X",(D16-C16),"0") -> 0 | G48: =IF(G16="X",(D16-C16),"0") -> 0 | H48: =IF(H16="X",(D16-C16),"0") -> 0 | I48: =IF(I16="X",(D16-C16),"0") -> 0 | J48: =IF(J16="X",(D16-C16),"0") -> 0 | K48: =IF(K16="X",(D16-C16),"0") -> 0 | L48: =IF(L16="X",(D16-C16),"0") -> 0 | M48: =IF(M16="X",(D16-C16),"0") -> 0 | N48: =IF(N16="X",(D16-C16),"0") -> 0 | O48: =IF(O16="X",(D16-C16),"0") -> 0 | P48: =IF(P16="X",(D16-C16),"0") -> 0 | Q48: =IF(Q16="X",(D16-C16),"0") -> 0 | R48: =IF(R16="X",(D16-C16),"0") -> 0 | S48: =IF(S16="X",(D16-C16),"0") -> 0 | T48: =IF(T16="X",(D16-C16),"0") -> 0
E49: =IF(E17="X",(D17-C17),"0") -> 0 | F49: =IF(F17="X",(D17-C17),"0") -> 0 | G49: =IF(G17="X",(D17-C17),"0") -> 0 | H49: =IF(H17="X",(D17-C17),"0") -> 0 | I49: =IF(I17="X",(D17-C17),"0") -> 0 | J49: =IF(J17="X",(D17-C17),"0") -> 0 | K49: =IF(K17="X",(D17-C17),"0") -> 0 | L49: =IF(L17="X",(D17-C17),"0") -> 0 | M49: =IF(M17="X",(D17-C17),"0") -> 0 | N49: =IF(N17="X",(D17-C17),"0") -> 0 | O49: =IF(O17="X",(D17-C17),"0") -> 0 | P49: =IF(P17="X",(D17-C17),"0") -> 0 | Q49: =IF(Q17="X",(D17-C17),"0") -> 0 | R49: =IF(R17="X",(D17-C17),"0") -> 0 | S49: =IF(S17="X",(D17-C17),"0") -> 0 | T49: =IF(T17="X",(D17-C17),"0") -> 0
E50: =IF(E18="X",(D18-C18),"0") -> 0 | F50: =IF(F18="X",(D18-C18),"0") -> 0 | G50: =IF(G18="X",(D18-C18),"0") -> 0 | H50: =IF(H18="X",(D18-C18),"0") -> 0 | I50: =IF(I18="X",(D18-C18),"0") -> 0 | J50: =IF(J18="X",(D18-C18),"0") -> 0 | K50: =IF(K18="X",(D18-C18),"0") -> 0 | L50: =IF(L18="X",(D18-C18),"0") -> 0 | M50: =IF(M18="X",(D18-C18),"0") -> 0 | N50: =IF(N18="X",(D18-C18),"0") -> 0 | O50: =IF(O18="X",(D18-C18),"0") -> 0 | P50: =IF(P18="X",(D18-C18),"0") -> 0 | Q50: =IF(Q18="X",(D18-C18),"0") -> 0 | R50: =IF(R18="X",(D18-C18),"0") -> 0 | S50: =IF(S18="X",(D18-C18),"0") -> 0 | T50: =IF(T18="X",(D18-C18),"0") -> 0
... E127: =IF(E95="X",(D95-C95),"0") -> 0 | F127: =IF(F95="X",(D95-C95),"0") -> 0 | G127: =IF(G95="X",(D95-C95),"0") -> 0 | H127: =IF(H95="X",(D95-C95),"0") -> 0 | I127: =IF(I95="X",(D95-C95),"0") -> 0 | J127: =IF(J95="X",(D95-C95),"0") -> 0 | K127: =IF(K95="X",(D95-C95),"0") -> 0 | L127: =IF(L95="X",(D95-C95),"0") -> 0 | M127: =IF(M95="X",(D95-C95),"0") -> 0 | N127: =IF(N95="X",(D95-C95),"0") -> 0 | O127: =IF(O95="X",(D95-C95),"0") -> 0 | P127: =IF(P95="X",(D95-C95),"0") -> 0 | Q127: =IF(Q95="X",(D95-C95),"0") -> 0 | R127: =IF(R95="X",(D95-C95),"0") -> 0 | S127: =IF(S95="X",(D95-C95),"0") -> 0 | T127: =IF(T95="X",(D95-C95),"0") -> 0
E130: =SUM(E39:E127) -> 0 | F130: =SUM(F39:F127) -> 8.1 | G130: =SUM(G39:G127) -> 1.61 | H130: =SUM(H39:H127) -> 0 | I130: =SUM(I39:I127) -> 0 | J130: =SUM(J39:J127) -> 9.71 | K130: =SUM(K39:K127) -> 0 | L130: =SUM(L39:L127) -> 0 | ... T130: =SUM(T39:T127) -> 0

Sheet 52
A1: PROGRAMA DE MANUTENÇÃORODOVIÁRIA
D2: RODOVIAS PAVIMENTADAS | I2: DATA: | J2: ='39'!J2 -> 46204 | N2: TÉCNICO RESP. | O2: ='39'!O2 -> ENG. VINICIUS RODRIGUES FERREIRA DE OLIVEIRA | T2: REGIÃO: | U2: 02
A3: FICHA DE INSPEÇÃO: | B3: =TT!C15 -> RODOVIA TO-222 - TRECHO SANTA FÉ DO ARAGUAIA - DIVISA TO-PA (POVOADO PORTO LEMOS)
A5: S.R.E. | B5: SENTIDO | C5: INÍCIO (KM) | D5: FIM (KM) | E5: CONDIÇÃO DO PAVIMENTO | J5: VEGETAÇÃO | L5: ELEM. DE DRENAGEM | O5: SIN. HOR. | R5: SIN. VERTICAL | U5: OBSERV.
E6: BOM | F6: REM. I. | G6: REM. L | H6: BUR. I | I6: BUR. L | J6: ADEQ. | K6: INADED. | L6: LIMPOS | M6: SUJOS | N6: DAN. | O6: BOM | P6: REG. | Q6: INEXIST. | R6: BOM | S6: POUCAS | T6: INEXIST.
A7: 222ETO0210 | B7: D | C7: 0 | D7: 0.2 | G7: X | J7: X | M7: X | P7: X | S7: X
C8: =D7 -> 0.2 | D8: 0.5 | G8: X | J8: X | M8: X | P8: X | S8: X
C9: =D8 -> 0.5 | D9: 4.5 | G9: X | J9: X | M9: X | P9: X | S9: X
C10: =D9 -> 4.5 | D10: 4.6 | G10: X | J10: X | M10: X | P10: X | S10: X
C11: =D10 -> 4.6 | D11: 17.4 | E11: X | J11: X | M11: X | P11: X | S11: X
C12: =D11 -> 17.4 | D12: 22.92 | F12: X | J12: X | M12: X | P12: X | S12: X
A13: 222ETO0200 | B13: D | C13: 0 | D13: 0.7 | F13: X | J13: X | M13: X | P13: X | S13: X
C14: =D13 -> 0.7 | D14: 1.3 | J14: X | N14: X | P14: X | S14: X
C15: =D14 -> 1.3 | D15: 3 | E15: X | J15: X | M15: X | P15: X | S15: X
C16: =D15 -> 3 | D16: 3.7 | E16: X | J16: X | M16: X | P16: X | S16: X
C17: =D16 -> 3.7 | D17: 9.6 | E17: X | J17: X | M17: X | P17: X | S17: X
C18: =D17 -> 9.6 | D18: 9.8 | G18: X | J18: X | M18: X | P18: X | S18: X
C19: =D18 -> 9.8 | D19: 10.3 | E19: X | J19: X | M19: X | P19: X | S19: X
C20: =D19 -> 10.3 | D20: 13.7 | F20: X | J20: X | M20: X | P20: X | S20: X
C21: =D20 -> 13.7 | D21: 14.8 | E21: X | J21: X | M21: X | P21: X | S21: X
C22: =D21 -> 14.8 | D22: 22 | E22: X | J22: X | M22: X | P22: X | S22: X
C23: =D22 -> 22 | D23: 29.9 | E23: X | J23: X | M23: X | P23: X | S23: X
C24: =D23 -> 29.9 | D24: 30.93 | F24: X | J24: X | M24: X | P24: X | S24: X
A25: 222ETO0190 | B25: D | C25: 0 | D25: 2.8 | J25: X | M25: X | P25: X | S25: X
C26: =D25 -> 2.8 | D26: 4.6 | G26: X | J26: X | M26: X | P26: X | S26: X
C27: =D26 -> 4.6 | D27: 5.1 | G27: X | J27: X | M27: X | P27: X | S27: X
A31: LEGENDA | B31: CONDIÇÃO DO PAVIMENTO
A32: REM. I | B32: REMENDOS ISOLADOS | E32: ATÉ 10 REMENDOS/KM | I32: BUR. I | J32: BURACOS ISOLADOS | M32: ATÉ 5 BURACOS/KM
A33: REM. L | B33: REMENDOS AO LONGO | E33: MAIS DE 10 REMENDOS/KM | I33: BUR. L | J33: BURACOS AO LONGO | M33: MAIS DE 5 BURACOS/KM
E38: =IF(E7="X",(D7-C7),"0") -> 0 | F38: =IF(F7="X",(D7-C7),"0") -> 0 | G38: =IF(G7="X",(D7-C7),"0") -> 0.2 | H38: =IF(H7="X",(D7-C7),"0") -> 0 | I38: =IF(I7="X",(D7-C7),"0") -> 0 | J38: =IF(J7="X",(D7-C7),"0") -> 0.2 | K38: =IF(K7="X",(D7-C7),"0") -> 0 | L38: =IF(L7="X",(D7-C7),"0") -> 0 | M38: =IF(M7="X",(D7-C7),"0") -> 0.2 | N38: =IF(N7="X",(D7-C7),"0") -> 0 | O38: =IF(O7="X",(D7-C7),"0") -> 0 | P38: =IF(P7="X",(D7-C7),"0") -> 0.2 | Q38: =IF(Q7="X",(D7-C7),"0") -> 0 | R38: =IF(R7="X",(D7-C7),"0") -> 0 | S38: =IF(S7="X",(D7-C7),"0") -> 0.2 | T38: =IF(T7="X",(D7-C7),"0") -> 0
E39: =IF(E8="X",(D8-C8),"0") -> 0 | F39: =IF(F8="X",(D8-C8),"0") -> 0 | G39: =IF(G8="X",(D8-C8),"0") -> 0.3 | H39: =IF(H8="X",(D8-C8),"0") -> 0 | I39: =IF(I8="X",(D8-C8),"0") -> 0 | J39: =IF(J8="X",(D8-C8),"0") -> 0.3 | K39: =IF(K8="X",(D8-C8),"0") -> 0 | L39: =IF(L8="X",(D8-C8),"0") -> 0 | M39: =IF(M8="X",(D8-C8),"0") -> 0.3 | N39: =IF(N8="X",(D8-C8),"0") -> 0 | O39: =IF(O8="X",(D8-C8),"0") -> 0 | P39: =IF(P8="X",(D8-C8),"0") -> 0.3 | Q39: =IF(Q8="X",(D8-C8),"0") -> 0 | R39: =IF(R8="X",(D8-C8),"0") -> 0 | S39: =IF(S8="X",(D8-C8),"0") -> 0.3 | T39: =IF(T8="X",(D8-C8),"0") -> 0
E40: =IF(E9="X",(D9-C9),"0") -> 0 | F40: =IF(F9="X",(D9-C9),"0") -> 0 | G40: =IF(G9="X",(D9-C9),"0") -> 4 | H40: =IF(H9="X",(D9-C9),"0") -> 0 | I40: =IF(I9="X",(D9-C9),"0") -> 0 | J40: =IF(J9="X",(D9-C9),"0") -> 4 | K40: =IF(K9="X",(D9-C9),"0") -> 0 | L40: =IF(L9="X",(D9-C9),"0") -> 0 | M40: =IF(M9="X",(D9-C9),"0") -> 4 | N40: =IF(N9="X",(D9-C9),"0") -> 0 | O40: =IF(O9="X",(D9-C9),"0") -> 0 | P40: =IF(P9="X",(D9-C9),"0") -> 4 | Q40: =IF(Q9="X",(D9-C9),"0") -> 0 | R40: =IF(R9="X",(D9-C9),"0") -> 0 | S40: =IF(S9="X",(D9-C9),"0") -> 4 | T40: =IF(T9="X",(D9-C9),"0") -> 0
E41: =IF(E10="X",(D10-C10),"0") -> 0 | F41: =IF(F10="X",(D10-C10),"0") -> 0 | G41: =IF(G10="X",(D10-C10),"0") -> 0.1 | H41: =IF(H10="X",(D10-C10),"0") -> 0 | I41: =IF(I10="X",(D10-C10),"0") -> 0 | J41: =IF(J10="X",(D10-C10),"0") -> 0.1 | K41: =IF(K10="X",(D10-C10),"0") -> 0 | L41: =IF(L10="X",(D10-C10),"0") -> 0 | M41: =IF(M10="X",(D10-C10),"0") -> 0.1 | N41: =IF(N10="X",(D10-C10),"0") -> 0 | O41: =IF(O10="X",(D10-C10),"0") -> 0 | P41: =IF(P10="X",(D10-C10),"0") -> 0.1 | Q41: =IF(Q10="X",(D10-C10),"0") -> 0 | R41: =IF(R10="X",(D10-C10),"0") -> 0 | S41: =IF(S10="X",(D10-C10),"0") -> 0.1 | T41: =IF(T10="X",(D10-C10),"0") -> 0
E42: =IF(E11="X",(D11-C11),"0") -> 12.8 | F42: =IF(F11="X",(D11-C11),"0") -> 0 | G42: =IF(G11="X",(D11-C11),"0") -> 0 | H42: =IF(H11="X",(D11-C11),"0") -> 0 | I42: =IF(I11="X",(D11-C11),"0") -> 0 | J42: =IF(J11="X",(D11-C11),"0") -> 12.8 | K42: =IF(K11="X",(D11-C11),"0") -> 0 | L42: =IF(L11="X",(D11-C11),"0") -> 0 | M42: =IF(M11="X",(D11-C11),"0") -> 12.8 | N42: =IF(N11="X",(D11-C11),"0") -> 0 | O42: =IF(O11="X",(D11-C11),"0") -> 0 | P42: =IF(P11="X",(D11-C11),"0") -> 12.8 | Q42: =IF(Q11="X",(D11-C11),"0") -> 0 | R42: =IF(R11="X",(D11-C11),"0") -> 0 | S42: =IF(S11="X",(D11-C11),"0") -> 12.8 | T42: =IF(T11="X",(D11-C11),"0") -> 0
E43: =IF(E12="X",(D12-C12),"0") -> 0 | F43: =IF(F12="X",(D12-C12),"0") -> 5.52 | G43: =IF(G12="X",(D12-C12),"0") -> 0 | H43: =IF(H12="X",(D12-C12),"0") -> 0 | I43: =IF(I12="X",(D12-C12),"0") -> 0 | J43: =IF(J12="X",(D12-C12),"0") -> 5.52 | K43: =IF(K12="X",(D12-C12),"0") -> 0 | L43: =IF(L12="X",(D12-C12),"0") -> 0 | M43: =IF(M12="X",(D12-C12),"0") -> 5.52 | N43: =IF(N12="X",(D12-C12),"0") -> 0 | O43: =IF(O12="X",(D12-C12),"0") -> 0 | P43: =IF(P12="X",(D12-C12),"0") -> 5.52 | Q43: =IF(Q12="X",(D12-C12),"0") -> 0 | R43: =IF(R12="X",(D12-C12),"0") -> 0 | S43: =IF(S12="X",(D12-C12),"0") -> 5.52 | T43: =IF(T12="X",(D12-C12),"0") -> 0
E44: =IF(E13="X",(D13-C13),"0") -> 0 | F44: =IF(F13="X",(D13-C13),"0") -> 0.7 | G44: =IF(G13="X",(D13-C13),"0") -> 0 | H44: =IF(H13="X",(D13-C13),"0") -> 0 | I44: =IF(I13="X",(D13-C13),"0") -> 0 | J44: =IF(J13="X",(D13-C13),"0") -> 0.7 | K44: =IF(K13="X",(D13-C13),"0") -> 0 | L44: =IF(L13="X",(D13-C13),"0") -> 0 | M44: =IF(M13="X",(D13-C13),"0") -> 0.7 | N44: =IF(N13="X",(D13-C13),"0") -> 0 | O44: =IF(O13="X",(D13-C13),"0") -> 0 | P44: =IF(P13="X",(D13-C13),"0") -> 0.7 | Q44: =IF(Q13="X",(D13-C13),"0") -> 0 | R44: =IF(R13="X",(D13-C13),"0") -> 0 | S44: =IF(S13="X",(D13-C13),"0") -> 0.7 | T44: =IF(T13="X",(D13-C13),"0") -> 0
E45: =IF(E14="X",(D14-C14),"0") -> 0 | F45: =IF(F14="X",(D14-C14),"0") -> 0 | G45: =IF(G14="X",(D14-C14),"0") -> 0 | H45: =IF(H14="X",(D14-C14),"0") -> 0 | I45: =IF(I14="X",(D14-C14),"0") -> 0 | J45: =IF(J14="X",(D14-C14),"0") -> 0.6 | K45: =IF(K14="X",(D14-C14),"0") -> 0 | L45: =IF(L14="X",(D14-C14),"0") -> 0 | M45: =IF(M14="X",(D14-C14),"0") -> 0 | N45: =IF(N14="X",(D14-C14),"0") -> 0.6 | O45: =IF(O14="X",(D14-C14),"0") -> 0 | P45: =IF(P14="X",(D14-C14),"0") -> 0.6 | Q45: =IF(Q14="X",(D14-C14),"0") -> 0 | R45: =IF(R14="X",(D14-C14),"0") -> 0 | S45: =IF(S14="X",(D14-C14),"0") -> 0.6 | T45: =IF(T14="X",(D14-C14),"0") -> 0
E46: =IF(E15="X",(D15-C15),"0") -> 1.7 | F46: =IF(F15="X",(D15-C15),"0") -> 0 | G46: =IF(G15="X",(D15-C15),"0") -> 0 | H46: =IF(H15="X",(D15-C15),"0") -> 0 | I46: =IF(I15="X",(D15-C15),"0") -> 0 | J46: =IF(J15="X",(D15-C15),"0") -> 1.7 | K46: =IF(K15="X",(D15-C15),"0") -> 0 | L46: =IF(L15="X",(D15-C15),"0") -> 0 | M46: =IF(M15="X",(D15-C15),"0") -> 1.7 | N46: =IF(N15="X",(D15-C15),"0") -> 0 | O46: =IF(O15="X",(D15-C15),"0") -> 0 | P46: =IF(P15="X",(D15-C15),"0") -> 1.7 | Q46: =IF(Q15="X",(D15-C15),"0") -> 0 | R46: =IF(R15="X",(D15-C15),"0") -> 0 | S46: =IF(S15="X",(D15-C15),"0") -> 1.7 | T46: =IF(T15="X",(D15-C15),"0") -> 0
E47: =IF(E16="X",(D16-C16),"0") -> 0.7 | F47: =IF(F16="X",(D16-C16),"0") -> 0 | G47: =IF(G16="X",(D16-C16),"0") -> 0 | H47: =IF(H16="X",(D16-C16),"0") -> 0 | I47: =IF(I16="X",(D16-C16),"0") -> 0 | J47: =IF(J16="X",(D16-C16),"0") -> 0.7 | K47: =IF(K16="X",(D16-C16),"0") -> 0 | L47: =IF(L16="X",(D16-C16),"0") -> 0 | M47: =IF(M16="X",(D16-C16),"0") -> 0.7 | N47: =IF(N16="X",(D16-C16),"0") -> 0 | O47: =IF(O16="X",(D16-C16),"0") -> 0 | P47: =IF(P16="X",(D16-C16),"0") -> 0.7 | Q47: =IF(Q16="X",(D16-C16),"0") -> 0 | R47: =IF(R16="X",(D16-C16),"0") -> 0 | S47: =IF(S16="X",(D16-C16),"0") -> 0.7 | T47: =IF(T16="X",(D16-C16),"0") -> 0
E48: =IF(E17="X",(D17-C17),"0") -> 5.9 | F48: =IF(F17="X",(D17-C17),"0") -> 0 | G48: =IF(G17="X",(D17-C17),"0") -> 0 | H48: =IF(H17="X",(D17-C17),"0") -> 0 | I48: =IF(I17="X",(D17-C17),"0") -> 0 | J48: =IF(J17="X",(D17-C17),"0") -> 5.9 | K48: =IF(K17="X",(D17-C17),"0") -> 0 | L48: =IF(L17="X",(D17-C17),"0") -> 0 | M48: =IF(M17="X",(D17-C17),"0") -> 5.9 | N48: =IF(N17="X",(D17-C17),"0") -> 0 | O48: =IF(O17="X",(D17-C17),"0") -> 0 | P48: =IF(P17="X",(D17-C17),"0") -> 5.9 | Q48: =IF(Q17="X",(D17-C17),"0") -> 0 | R48: =IF(R17="X",(D17-C17),"0") -> 0 | S48: =IF(S17="X",(D17-C17),"0") -> 5.9 | T48: =IF(T17="X",(D17-C17),"0") -> 0
E49: =IF(E18="X",(D18-C18),"0") -> 0 | F49: =IF(F18="X",(D18-C18),"0") -> 0 | G49: =IF(G18="X",(D18-C18),"0") -> 0.2 | H49: =IF(H18="X",(D18-C18),"0") -> 0 | I49: =IF(I18="X",(D18-C18),"0") -> 0 | J49: =IF(J18="X",(D18-C18),"0") -> 0.2 | K49: =IF(K18="X",(D18-C18),"0") -> 0 | L49: =IF(L18="X",(D18-C18),"0") -> 0 | M49: =IF(M18="X",(D18-C18),"0") -> 0.2 | N49: =IF(N18="X",(D18-C18),"0") -> 0 | O49: =IF(O18="X",(D18-C18),"0") -> 0 | P49: =IF(P18="X",(D18-C18),"0") -> 0.2 | Q49: =IF(Q18="X",(D18-C18),"0") -> 0 | R49: =IF(R18="X",(D18-C18),"0") -> 0 | S49: =IF(S18="X",(D18-C18),"0") -> 0.2 | T49: =IF(T18="X",(D18-C18),"0") -> 0
... E126: =IF(E95="X",(D95-C95),"0") -> 0 | F126: =IF(F95="X",(D95-C95),"0") -> 0 | G126: =IF(G95="X",(D95-C95),"0") -> 0 | H126: =IF(H95="X",(D95-C95),"0") -> 0 | I126: =IF(I95="X",(D95-C95),"0") -> 0 | J126: =IF(J95="X",(D95-C95),"0") -> 0 | K126: =IF(K95="X",(D95-C95),"0") -> 0 | L126: =IF(L95="X",(D95-C95),"0") -> 0 | M126: =IF(M95="X",(D95-C95),"0") -> 0 | N126: =IF(N95="X",(D95-C95),"0") -> 0 | O126: =IF(O95="X",(D95-C95),"0") -> 0 | P126: =IF(P95="X",(D95-C95),"0") -> 0 | Q126: =IF(Q95="X",(D95-C95),"0") -> 0 | R126: =IF(R95="X",(D95-C95),"0") -> 0 | S126: =IF(S95="X",(D95-C95),"0") -> 0 | T126: =IF(T95="X",(D95-C95),"0") -> 0
E129: =SUM(E38:E126) -> 37.8 | F129: =SUM(F38:F126) -> 10.65 | G129: =SUM(G38:G126) -> 7.1 | H129: =SUM(H38:H126) -> 0 | I129: =SUM(I38:I126) -> 0 | J129: =SUM(J38:J126) -> 58.95 | K129: =SUM(K38:K126) -> 0 | L129: =SUM(L38:L126) -> 0 | ... T129: =SUM(T38:T126) -> 0

Sheet 53
A1: PROGRAMA DE MANUTENÇÃORODOVIÁRIA
D2: RODOVIAS PAVIMENTADAS | I2: DATA: | J2: ='39'!J2 -> 46204 | N2: TÉCNICO RESP. | O2: ='39'!O2 -> ENG. VINICIUS RODRIGUES FERREIRA DE OLIVEIRA | T2: REGIÃO: | U2: 02
A3: FICHA DE INSPEÇÃO: | B3: =TT!C16 -> RODOVIA TO-226 - TRECHO ENTR. BR-153 (POVOADO RIO PRETO) - DIVISA TO-PA (POVOADO GARIMPINHO)
A5: S.R.E. | B5: SENTIDO | C5: INÍCIO (KM) | D5: FIM (KM) | E5: CONDIÇÃO DO PAVIMENTO | J5: VEGETAÇÃO | L5: ELEM. DE DRENAGEM | O5: SIN. HOR. | R5: SIN. VERTICAL | U5: OBSERV.
E6: BOM | F6: REM. I. | G6: REM. L | H6: BUR. I | I6: BUR. L | J6: ADEQ. | K6: INADED. | L6: LIMPOS | M6: SUJOS | N6: DAN. | O6: BOM | P6: REG. | Q6: INEXIST. | R6: BOM | S6: POUCAS | T6: INEXIST.
A7: 226ETO0290 | B7: C | C7: 0 | D7: 2 | E7: X | J7: X | M7: X | Q7: X | T7: X
B8: C | C8: 2 | D8: 4 | F8: X | J8: X | M8: X | Q8: X | T8: X
B9: C | C9: 4 | D9: 7.31 | E9: X | J9: X | M9: X | P9: X | T9: X
A10: 226ETO0280 | B10: D | C10: 0 | D10: 1 | E10: X | J10: X | N10: X | P10: X | T10: X
B11: D | C11: 1 | D11: 2 | G11: X | J11: X | N11: X | P11: X | T11: X
B12: D | C12: 2 | D12: 5 | F12: X | J12: X | N12: X | Q12: X | T12: X
B13: D | C13: 5 | D13: 12.49 | F13: X | J13: X | N13: X | Q13: X | T13: X
A14: 226ETO0275 | B14: D | C14: 0 | D14: 1.59 | E14: X | J14: X | N14: X | Q14: X | T14: X
A15: 226ETO0270 | B15: D | C15: 0 | D15: 1 | F15: X | J15: X | N15: X | Q15: X | T15: X
B16: D | C16: 1 | D16: 1 | F16: X | J16: X | N16: X | Q16: X | T16: X
B17: D | C17: 1 | D17: 12.4 | G17: X | J17: X | N17: X | Q17: X | T17: X
A18: 226ETO0265 | B18: D | C18: 0 | D18: 1.02 | E18: X | J18: X | M18: X | Q18: X | T18: X
A19: 226ETO0260 | B19: D | C19: 0 | D19: 4 | E19: X | J19: X | M19: X | P19: X | T19: X
B20: D | C20: 4 | D20: 25.72 | F20: X | J20: X | M20: X | P20: X | T20: X
A21: 226ETO0250 | B21: D | C21: 0 | D21: 5.79 | F21: X | J21: X | M21: X | P21: X | T21: X
A22: 226ETO0240 | B22: D | C22: 0 | D22: 6 | F22: X | J22: X | M22: X | P22: X | T22: X
B23: D | C23: 6 | D23: 7 | G23: X | J23: X | M23: X | P23: X | T23: X
B24: D | C24: 7 | D24: 32 | G24: X | J24: X | M24: X | P24: X | T24: X
B25: D | C25: 32 | D25: 36.32 | F25: X | J25: X | M25: X | P25: X | S25: X
A32: LEGENDA | B32: CONDIÇÃO DO PAVIMENTO
A33: REM. I | B33: REMENDOS ISOLADOS | E33: ATÉ 10 REMENDOS/KM | I33: BUR. I | J33: BURACOS ISOLADOS | M33: ATÉ 5 BURACOS/KM
A34: REM. L | B34: REMENDOS AO LONGO | E34: MAIS DE 10 REMENDOS/KM | I34: BUR. L | J34: BURACOS AO LONGO | M34: MAIS DE 5 BURACOS/KM
E39: =IF(E7="X",(D7-C7),"0") -> 2 | F39: =IF(F7="X",(D7-C7),"0") -> 0 | G39: =IF(G7="X",(D7-C7),"0") -> 0 | H39: =IF(H7="X",(D7-C7),"0") -> 0 | I39: =IF(I7="X",(D7-C7),"0") -> 0 | J39: =IF(J7="X",(D7-C7),"0") -> 2 | K39: =IF(K7="X",(D7-C7),"0") -> 0 | L39: =IF(L7="X",(D7-C7),"0") -> 0 | M39: =IF(M7="X",(D7-C7),"0") -> 2 | N39: =IF(N7="X",(D7-C7),"0") -> 0 | O39: =IF(O7="X",(D7-C7),"0") -> 0 | P39: =IF(P7="X",(D7-C7),"0") -> 0 | Q39: =IF(Q7="X",(D7-C7),"0") -> 2 | R39: =IF(R7="X",(D7-C7),"0") -> 0 | S39: =IF(S7="X",(D7-C7),"0") -> 0 | T39: =IF(T7="X",(D7-C7),"0") -> 2
E40: =IF(E8="X",(D8-C8),"0") -> 0 | F40: =IF(F8="X",(D8-C8),"0") -> 2 | G40: =IF(G8="X",(D8-C8),"0") -> 0 | H40: =IF(H8="X",(D8-C8),"0") -> 0 | I40: =IF(I8="X",(D8-C8),"0") -> 0 | J40: =IF(J8="X",(D8-C8),"0") -> 2 | K40: =IF(K8="X",(D8-C8),"0") -> 0 | L40: =IF(L8="X",(D8-C8),"0") -> 0 | M40: =IF(M8="X",(D8-C8),"0") -> 2 | N40: =IF(N8="X",(D8-C8),"0") -> 0 | O40: =IF(O8="X",(D8-C8),"0") -> 0 | P40: =IF(P8="X",(D8-C8),"0") -> 0 | Q40: =IF(Q8="X",(D8-C8),"0") -> 2 | R40: =IF(R8="X",(D8-C8),"0") -> 0 | S40: =IF(S8="X",(D8-C8),"0") -> 0 | T40: =IF(T8="X",(D8-C8),"0") -> 2
E41: =IF(E9="X",(D9-C9),"0") -> 3.31 | F41: =IF(F9="X",(D9-C9),"0") -> 0 | G41: =IF(G9="X",(D9-C9),"0") -> 0 | H41: =IF(H9="X",(D9-C9),"0") -> 0 | I41: =IF(I9="X",(D9-C9),"0") -> 0 | J41: =IF(J9="X",(D9-C9),"0") -> 3.31 | K41: =IF(K9="X",(D9-C9),"0") -> 0 | L41: =IF(L9="X",(D9-C9),"0") -> 0 | M41: =IF(M9="X",(D9-C9),"0") -> 3.31 | N41: =IF(N9="X",(D9-C9),"0") -> 0 | O41: =IF(O9="X",(D9-C9),"0") -> 0 | P41: =IF(P9="X",(D9-C9),"0") -> 3.31 | Q41: =IF(Q9="X",(D9-C9),"0") -> 0 | R41: =IF(R9="X",(D9-C9),"0") -> 0 | S41: =IF(S9="X",(D9-C9),"0") -> 0 | T41: =IF(T9="X",(D9-C9),"0") -> 3.31
E42: =IF(E10="X",(D10-C10),"0") -> 1 | F42: =IF(F10="X",(D10-C10),"0") -> 0 | G42: =IF(G10="X",(D10-C10),"0") -> 0 | H42: =IF(H10="X",(D10-C10),"0") -> 0 | I42: =IF(I10="X",(D10-C10),"0") -> 0 | J42: =IF(J10="X",(D10-C10),"0") -> 1 | K42: =IF(K10="X",(D10-C10),"0") -> 0 | L42: =IF(L10="X",(D10-C10),"0") -> 0 | M42: =IF(M10="X",(D10-C10),"0") -> 0 | N42: =IF(N10="X",(D10-C10),"0") -> 1 | O42: =IF(O10="X",(D10-C10),"0") -> 0 | P42: =IF(P10="X",(D10-C10),"0") -> 1 | Q42: =IF(Q10="X",(D10-C10),"0") -> 0 | R42: =IF(R10="X",(D10-C10),"0") -> 0 | S42: =IF(S10="X",(D10-C10),"0") -> 0 | T42: =IF(T10="X",(D10-C10),"0") -> 1
E43: =IF(E11="X",(D11-C11),"0") -> 0 | F43: =IF(F11="X",(D11-C11),"0") -> 0 | G43: =IF(G11="X",(D11-C11),"0") -> 1 | H43: =IF(H11="X",(D11-C11),"0") -> 0 | I43: =IF(I11="X",(D11-C11),"0") -> 0 | J43: =IF(J11="X",(D11-C11),"0") -> 1 | K43: =IF(K11="X",(D11-C11),"0") -> 0 | L43: =IF(L11="X",(D11-C11),"0") -> 0 | M43: =IF(M11="X",(D11-C11),"0") -> 0 | N43: =IF(N11="X",(D11-C11),"0") -> 1 | O43: =IF(O11="X",(D11-C11),"0") -> 0 | P43: =IF(P11="X",(D11-C11),"0") -> 1 | Q43: =IF(Q11="X",(D11-C11),"0") -> 0 | R43: =IF(R11="X",(D11-C11),"0") -> 0 | S43: =IF(S11="X",(D11-C11),"0") -> 0 | T43: =IF(T11="X",(D11-C11),"0") -> 1
E44: =IF(E12="X",(D12-C12),"0") -> 0 | F44: =IF(F12="X",(D12-C12),"0") -> 3 | G44: =IF(G12="X",(D12-C12),"0") -> 0 | H44: =IF(H12="X",(D12-C12),"0") -> 0 | I44: =IF(I12="X",(D12-C12),"0") -> 0 | J44: =IF(J12="X",(D12-C12),"0") -> 3 | K44: =IF(K12="X",(D12-C12),"0") -> 0 | L44: =IF(L12="X",(D12-C12),"0") -> 0 | M44: =IF(M12="X",(D12-C12),"0") -> 0 | N44: =IF(N12="X",(D12-C12),"0") -> 3 | O44: =IF(O12="X",(D12-C12),"0") -> 0 | P44: =IF(P12="X",(D12-C12),"0") -> 0 | Q44: =IF(Q12="X",(D12-C12),"0") -> 3 | R44: =IF(R12="X",(D12-C12),"0") -> 0 | S44: =IF(S12="X",(D12-C12),"0") -> 0 | T44: =IF(T12="X",(D12-C12),"0") -> 3
E45: =IF(E13="X",(D13-C13),"0") -> 0 | F45: =IF(F13="X",(D13-C13),"0") -> 7.49 | G45: =IF(G13="X",(D13-C13),"0") -> 0 | H45: =IF(H13="X",(D13-C13),"0") -> 0 | I45: =IF(I13="X",(D13-C13),"0") -> 0 | J45: =IF(J13="X",(D13-C13),"0") -> 7.49 | K45: =IF(K13="X",(D13-C13),"0") -> 0 | L45: =IF(L13="X",(D13-C13),"0") -> 0 | M45: =IF(M13="X",(D13-C13),"0") -> 0 | N45: =IF(N13="X",(D13-C13),"0") -> 7.49 | O45: =IF(O13="X",(D13-C13),"0") -> 0 | P45: =IF(P13="X",(D13-C13),"0") -> 0 | Q45: =IF(Q13="X",(D13-C13),"0") -> 7.49 | R45: =IF(R13="X",(D13-C13),"0") -> 0 | S45: =IF(S13="X",(D13-C13),"0") -> 0 | T45: =IF(T13="X",(D13-C13),"0") -> 7.49
E46: =IF(E14="X",(D14-C14),"0") -> 1.59 | F46: =IF(F14="X",(D14-C14),"0") -> 0 | G46: =IF(G14="X",(D14-C14),"0") -> 0 | H46: =IF(H14="X",(D14-C14),"0") -> 0 | I46: =IF(I14="X",(D14-C14),"0") -> 0 | J46: =IF(J14="X",(D14-C14),"0") -> 1.59 | K46: =IF(K14="X",(D14-C14),"0") -> 0 | L46: =IF(L14="X",(D14-C14),"0") -> 0 | M46: =IF(M14="X",(D14-C14),"0") -> 0 | N46: =IF(N14="X",(D14-C14),"0") -> 1.59 | O46: =IF(O14="X",(D14-C14),"0") -> 0 | P46: =IF(P14="X",(D14-C14),"0") -> 0 | Q46: =IF(Q14="X",(D14-C14),"0") -> 1.59 | R46: =IF(R14="X",(D14-C14),"0") -> 0 | S46: =IF(S14="X",(D14-C14),"0") -> 0 | T46: =IF(T14="X",(D14-C14),"0") -> 1.59
E47: =IF(E15="X",(D15-C15),"0") -> 0 | F47: =IF(F15="X",(D15-C15),"0") -> 1 | G47: =IF(G15="X",(D15-C15),"0") -> 0 | H47: =IF(H15="X",(D15-C15),"0") -> 0 | I47: =IF(I15="X",(D15-C15),"0") -> 0 | J47: =IF(J15="X",(D15-C15),"0") -> 1 | K47: =IF(K15="X",(D15-C15),"0") -> 0 | L47: =IF(L15="X",(D15-C15),"0") -> 0 | M47: =IF(M15="X",(D15-C15),"0") -> 0 | N47: =IF(N15="X",(D15-C15),"0") -> 1 | O47: =IF(O15="X",(D15-C15),"0") -> 0 | P47: =IF(P15="X",(D15-C15),"0") -> 0 | Q47: =IF(Q15="X",(D15-C15),"0") -> 1 | R47: =IF(R15="X",(D15-C15),"0") -> 0 | S47: =IF(S15="X",(D15-C15),"0") -> 0 | T47: =IF(T15="X",(D15-C15),"0") -> 1
E48: =IF(E16="X",(D16-C16),"0") -> 0 | F48: =IF(F16="X",(D16-C16),"0") -> 0 | G48: =IF(G16="X",(D16-C16),"0") -> 0 | H48: =IF(H16="X",(D16-C16),"0") -> 0 | I48: =IF(I16="X",(D16-C16),"0") -> 0 | J48: =IF(J16="X",(D16-C16),"0") -> 0 | K48: =IF(K16="X",(D16-C16),"0") -> 0 | L48: =IF(L16="X",(D16-C16),"0") -> 0 | M48: =IF(M16="X",(D16-C16),"0") -> 0 | N48: =IF(N16="X",(D16-C16),"0") -> 0 | O48: =IF(O16="X",(D16-C16),"0") -> 0 | P48: =IF(P16="X",(D16-C16),"0") -> 0 | Q48: =IF(Q16="X",(D16-C16),"0") -> 0 | R48: =IF(R16="X",(D16-C16),"0") -> 0 | S48: =IF(S16="X",(D16-C16),"0") -> 0 | T48: =IF(T16="X",(D16-C16),"0") -> 0
E49: =IF(E17="X",(D17-C17),"0") -> 0 | F49: =IF(F17="X",(D17-C17),"0") -> 0 | G49: =IF(G17="X",(D17-C17),"0") -> 11.4 | H49: =IF(H17="X",(D17-C17),"0") -> 0 | I49: =IF(I17="X",(D17-C17),"0") -> 0 | J49: =IF(J17="X",(D17-C17),"0") -> 11.4 | K49: =IF(K17="X",(D17-C17),"0") -> 0 | L49: =IF(L17="X",(D17-C17),"0") -> 0 | M49: =IF(M17="X",(D17-C17),"0") -> 0 | N49: =IF(N17="X",(D17-C17),"0") -> 11.4 | O49: =IF(O17="X",(D17-C17),"0") -> 0 | P49: =IF(P17="X",(D17-C17),"0") -> 0 | Q49: =IF(Q17="X",(D17-C17),"0") -> 11.4 | R49: =IF(R17="X",(D17-C17),"0") -> 0 | S49: =IF(S17="X",(D17-C17),"0") -> 0 | T49: =IF(T17="X",(D17-C17),"0") -> 11.4
E50: =IF(E18="X",(D18-C18),"0") -> 1.02 | F50: =IF(F18="X",(D18-C18),"0") -> 0 | G50: =IF(G18="X",(D18-C18),"0") -> 0 | H50: =IF(H18="X",(D18-C18),"0") -> 0 | I50: =IF(I18="X",(D18-C18),"0") -> 0 | J50: =IF(J18="X",(D18-C18),"0") -> 1.02 | K50: =IF(K18="X",(D18-C18),"0") -> 0 | L50: =IF(L18="X",(D18-C18),"0") -> 0 | M50: =IF(M18="X",(D18-C18),"0") -> 1.02 | N50: =IF(N18="X",(D18-C18),"0") -> 0 | O50: =IF(O18="X",(D18-C18),"0") -> 0 | P50: =IF(P18="X",(D18-C18),"0") -> 0 | Q50: =IF(Q18="X",(D18-C18),"0") -> 1.02 | R50: =IF(R18="X",(D18-C18),"0") -> 0 | S50: =IF(S18="X",(D18-C18),"0") -> 0 | T50: =IF(T18="X",(D18-C18),"0") -> 1.02
... E127: =IF(E95="X",(D95-C95),"0") -> 0 | F127: =IF(F95="X",(D95-C95),"0") -> 0 | G127: =IF(G95="X",(D95-C95),"0") -> 0 | H127: =IF(H95="X",(D95-C95),"0") -> 0 | I127: =IF(I95="X",(D95-C95),"0") -> 0 | J127: =IF(J95="X",(D95-C95),"0") -> 0 | K127: =IF(K95="X",(D95-C95),"0") -> 0 | L127: =IF(L95="X",(D95-C95),"0") -> 0 | M127: =IF(M95="X",(D95-C95),"0") -> 0 | N127: =IF(N95="X",(D95-C95),"0") -> 0 | O127: =IF(O95="X",(D95-C95),"0") -> 0 | P127: =IF(P95="X",(D95-C95),"0") -> 0 | Q127: =IF(Q95="X",(D95-C95),"0") -> 0 | R127: =IF(R95="X",(D95-C95),"0") -> 0 | S127: =IF(S95="X",(D95-C95),"0") -> 0 | T127: =IF(T95="X",(D95-C95),"0") -> 0
E130: =SUM(E39:E127) -> 12.92 | F130: =SUM(F39:F127) -> 51.32 | G130: =SUM(G39:G127) -> 38.4 | H130: =SUM(H39:H127) -> 0 | I130: =SUM(I39:I127) -> 0 | J130: =SUM(J39:J127) -> 102.64 | K130: =SUM(K39:K127) -> 0 | L130: =SUM(L39:L127) -> 0 | ... T130: =SUM(T39:T127) -> 98.32

Sheet 54
A1: PROGRAMA DE MANUTENÇÃORODOVIÁRIA
D2: RODOVIAS PAVIMENTADAS | I2: DATA: | J2: ='39'!J2 -> 46204 | N2: TÉCNICO RESP. | O2: ='39'!O2 -> ENG. VINICIUS RODRIGUES FERREIRA DE OLIVEIRA | T2: REGIÃO: | U2: 02
A3: FICHA DE INSPEÇÃO: | B3: =TT!C17 -> RODOVIA TO-230 - TRECHO ARAPOEMA - PAU D'ARCO (DIVISA TO-PA)
A5: S.R.E. | B5: SENTIDO | C5: INÍCIO (KM) | D5: FIM (KM) | E5: CONDIÇÃO DO PAVIMENTO | J5: VEGETAÇÃO | L5: ELEM. DE DRENAGEM | O5: SIN. HOR. | R5: SIN. VERTICAL | U5: OBSERV.
E6: BOM | F6: REM. I. | G6: REM. L | H6: BUR. I | I6: BUR. L | J6: ADEQ. | K6: INADED. | L6: LIMPOS | M6: SUJOS | N6: DAN. | O6: BOM | P6: REG. | Q6: INEXIST. | R6: BOM | S6: POUCAS | T6: INEXIST.
A7: 230ETO0200 | B7: C | C7: 0 | D7: 1 | I7: X | J7: X | L7: X | Q7: X | S7: X
A8: 230ETO0200 | B8: C | C8: 1 | D8: 2 | I8: X | J8: X | L8: X | Q8: X | S8: X
A9: 230ETO0200 | B9: C | C9: 2 | D9: 3 | F9: X | J9: X | M9: X | Q9: X | R9: X
A10: 230ETO0200 | B10: C | C10: 3 | D10: 5.31 | G10: X | J10: X | M10: X | Q10: X | R10: X
A11: 230ETO0210 | C11: 0 | D11: 1 | I11: X | J11: X | M11: X | P11: X | S11: X
C12: =D11 -> 1 | D12: 2 | G12: X | J12: X | M12: X | P12: X | S12: X
C13: =D12 -> 2 | D13: 3 | G13: X | J13: X | M13: X | P13: X | S13: X
C14: =D13 -> 3 | D14: 4 | G14: X | J14: X | M14: X | P14: X | T14: X
C15: =D14 -> 4 | D15: 5 | G15: X | J15: X | M15: X | P15: X | T15: X
C16: =D15 -> 5 | D16: 6 | I16: X | J16: X | M16: X | N16: X | P16: X | T16: X
C17: =D16 -> 6 | D17: 7 | G17: X | J17: X | M17: X | N17: X | P17: X | T17: X
C18: =D17 -> 7 | D18: 8 | F18: X | J18: X | M18: X | P18: X | T18: X
C19: =D18 -> 8 | D19: 9 | E19: X | J19: X | M19: X | P19: X | S19: X
C20: =D19 -> 9 | D20: 10 | E20: X | J20: X | M20: X | P20: X | S20: X
C21: =D20 -> 10 | D21: 11 | G21: X | J21: X | M21: X | P21: X | S21: X
C22: =D21 -> 11 | D22: 12 | G22: X | J22: X | M22: X | P22: X | S22: X
C23: =D22 -> 12 | D23: 13 | G23: X | J23: X | M23: X | P23: X | S23: X
C24: =D23 -> 13 | D24: 14 | E24: X | J24: X | M24: X | P24: X | S24: X
C25: =D24 -> 14 | D25: 15 | E25: X | J25: X | M25: X | P25: X | S25: X
C26: =D25 -> 15 | D26: 16 | E26: X | J26: X | M26: X | P26: X | S26: X
C27: =D26 -> 16 | D27: 17 | G27: X | J27: X | M27: X | N27: X | P27: X | S27: X
C28: =D27 -> 17 | D28: 18 | G28: X | J28: X | M28: X | P28: X | S28: X
C29: =D28 -> 18 | D29: 19 | G29: X | J29: X | M29: X | P29: X | S29: X
C30: =D29 -> 19 | D30: 20 | E30: X | J30: X | M30: X | P30: X | S30: X
C31: =D30 -> 20 | D31: 21 | E31: X | J31: X | M31: X | P31: X | S31: X
C32: =D31 -> 21 | D32: 22 | G32: X | J32: X | M32: X | P32: X | S32: X
C33: =D32 -> 22 | D33: 23 | E33: X | J33: X | M33: X | P33: X | S33: X
C34: =D33 -> 23 | D34: 24 | E34: X | J34: X | M34: X | P34: X | S34: X
A45: LEGENDA | B45: CONDIÇÃO DO PAVIMENTO
A46: REM. I | B46: REMENDOS ISOLADOS | E46: ATÉ 10 REMENDOS/KM | I46: BUR. I | J46: BURACOS ISOLADOS | M46: ATÉ 5 BURACOS/KM
A47: REM. L | B47: REMENDOS AO LONGO | E47: MAIS DE 10 REMENDOS/KM | I47: BUR. L | J47: BURACOS AO LONGO | M47: MAIS DE 5 BURACOS/KM
E52: =IF(E7="X",(D7-C7),"0") -> 0 | F52: =IF(F7="X",(D7-C7),"0") -> 0 | G52: =IF(G7="X",(D7-C7),"0") -> 0 | H52: =IF(H7="X",(D7-C7),"0") -> 0 | I52: =IF(I7="X",(D7-C7),"0") -> 1 | J52: =IF(J7="X",(D7-C7),"0") -> 1 | K52: =IF(K7="X",(D7-C7),"0") -> 0 | L52: =IF(L7="X",(D7-C7),"0") -> 1 | M52: =IF(M7="X",(D7-C7),"0") -> 0 | N52: =IF(N7="X",(D7-C7),"0") -> 0 | O52: =IF(O7="X",(D7-C7),"0") -> 0 | P52: =IF(P7="X",(D7-C7),"0") -> 0 | Q52: =IF(Q7="X",(D7-C7),"0") -> 1 | R52: =IF(R7="X",(D7-C7),"0") -> 0 | S52: =IF(S7="X",(D7-C7),"0") -> 1 | T52: =IF(T7="X",(D7-C7),"0") -> 0
E53: =IF(E8="X",(D8-C8),"0") -> 0 | F53: =IF(F8="X",(D8-C8),"0") -> 0 | G53: =IF(G8="X",(D8-C8),"0") -> 0 | H53: =IF(H8="X",(D8-C8),"0") -> 0 | I53: =IF(I8="X",(D8-C8),"0") -> 1 | J53: =IF(J8="X",(D8-C8),"0") -> 1 | K53: =IF(K8="X",(D8-C8),"0") -> 0 | L53: =IF(L8="X",(D8-C8),"0") -> 1 | M53: =IF(M8="X",(D8-C8),"0") -> 0 | N53: =IF(N8="X",(D8-C8),"0") -> 0 | O53: =IF(O8="X",(D8-C8),"0") -> 0 | P53: =IF(P8="X",(D8-C8),"0") -> 0 | Q53: =IF(Q8="X",(D8-C8),"0") -> 1 | R53: =IF(R8="X",(D8-C8),"0") -> 0 | S53: =IF(S8="X",(D8-C8),"0") -> 1 | T53: =IF(T8="X",(D8-C8),"0") -> 0
E54: =IF(E9="X",(D9-C9),"0") -> 0 | F54: =IF(F9="X",(D9-C9),"0") -> 1 | G54: =IF(G9="X",(D9-C9),"0") -> 0 | H54: =IF(H9="X",(D9-C9),"0") -> 0 | I54: =IF(I9="X",(D9-C9),"0") -> 0 | J54: =IF(J9="X",(D9-C9),"0") -> 1 | K54: =IF(K9="X",(D9-C9),"0") -> 0 | L54: =IF(L9="X",(D9-C9),"0") -> 0 | M54: =IF(M9="X",(D9-C9),"0") -> 1 | N54: =IF(N9="X",(D9-C9),"0") -> 0 | O54: =IF(O9="X",(D9-C9),"0") -> 0 | P54: =IF(P9="X",(D9-C9),"0") -> 0 | Q54: =IF(Q9="X",(D9-C9),"0") -> 1 | R54: =IF(R9="X",(D9-C9),"0") -> 1 | S54: =IF(S9="X",(D9-C9),"0") -> 0 | T54: =IF(T9="X",(D9-C9),"0") -> 0
E55: =IF(E10="X",(D10-C10),"0") -> 0 | F55: =IF(F10="X",(D10-C10),"0") -> 0 | G55: =IF(G10="X",(D10-C10),"0") -> 2.31 | H55: =IF(H10="X",(D10-C10),"0") -> 0 | I55: =IF(I10="X",(D10-C10),"0") -> 0 | J55: =IF(J10="X",(D10-C10),"0") -> 2.31 | K55: =IF(K10="X",(D10-C10),"0") -> 0 | L55: =IF(L10="X",(D10-C10),"0") -> 0 | M55: =IF(M10="X",(D10-C10),"0") -> 2.31 | N55: =IF(N10="X",(D10-C10),"0") -> 0 | O55: =IF(O10="X",(D10-C10),"0") -> 0 | P55: =IF(P10="X",(D10-C10),"0") -> 0 | Q55: =IF(Q10="X",(D10-C10),"0") -> 2.31 | R55: =IF(R10="X",(D10-C10),"0") -> 2.31 | S55: =IF(S10="X",(D10-C10),"0") -> 0 | T55: =IF(T10="X",(D10-C10),"0") -> 0
E56: =IF(E11="X",(D11-C11),"0") -> 0 | F56: =IF(F11="X",(D11-C11),"0") -> 0 | G56: =IF(G11="X",(D11-C11),"0") -> 0 | H56: =IF(H11="X",(D11-C11),"0") -> 0 | I56: =IF(I11="X",(D11-C11),"0") -> 1 | J56: =IF(J11="X",(D11-C11),"0") -> 1 | K56: =IF(K11="X",(D11-C11),"0") -> 0 | L56: =IF(L11="X",(D11-C11),"0") -> 0 | M56: =IF(M11="X",(D11-C11),"0") -> 1 | N56: =IF(N11="X",(D11-C11),"0") -> 0 | O56: =IF(O11="X",(D11-C11),"0") -> 0 | P56: =IF(P11="X",(D11-C11),"0") -> 1 | Q56: =IF(Q11="X",(D11-C11),"0") -> 0 | R56: =IF(R11="X",(D11-C11),"0") -> 0 | S56: =IF(S11="X",(D11-C11),"0") -> 1 | T56: =IF(T11="X",(D11-C11),"0") -> 0
E57: =IF(E12="X",(D12-C12),"0") -> 0 | F57: =IF(F12="X",(D12-C12),"0") -> 0 | G57: =IF(G12="X",(D12-C12),"0") -> 1 | H57: =IF(H12="X",(D12-C12),"0") -> 0 | I57: =IF(I12="X",(D12-C12),"0") -> 0 | J57: =IF(J12="X",(D12-C12),"0") -> 1 | K57: =IF(K12="X",(D12-C12),"0") -> 0 | L57: =IF(L12="X",(D12-C12),"0") -> 0 | M57: =IF(M12="X",(D12-C12),"0") -> 1 | N57: =IF(N12="X",(D12-C12),"0") -> 0 | O57: =IF(O12="X",(D12-C12),"0") -> 0 | P57: =IF(P12="X",(D12-C12),"0") -> 1 | Q57: =IF(Q12="X",(D12-C12),"0") -> 0 | R57: =IF(R12="X",(D12-C12),"0") -> 0 | S57: =IF(S12="X",(D12-C12),"0") -> 1 | T57: =IF(T12="X",(D12-C12),"0") -> 0
E58: =IF(E13="X",(D13-C13),"0") -> 0 | F58: =IF(F13="X",(D13-C13),"0") -> 0 | G58: =IF(G13="X",(D13-C13),"0") -> 1 | H58: =IF(H13="X",(D13-C13),"0") -> 0 | I58: =IF(I13="X",(D13-C13),"0") -> 0 | J58: =IF(J13="X",(D13-C13),"0") -> 1 | K58: =IF(K13="X",(D13-C13),"0") -> 0 | L58: =IF(L13="X",(D13-C13),"0") -> 0 | M58: =IF(M13="X",(D13-C13),"0") -> 1 | N58: =IF(N13="X",(D13-C13),"0") -> 0 | O58: =IF(O13="X",(D13-C13),"0") -> 0 | P58: =IF(P13="X",(D13-C13),"0") -> 1 | Q58: =IF(Q13="X",(D13-C13),"0") -> 0 | R58: =IF(R13="X",(D13-C13),"0") -> 0 | S58: =IF(S13="X",(D13-C13),"0") -> 1 | T58: =IF(T13="X",(D13-C13),"0") -> 0
E59: =IF(E14="X",(D14-C14),"0") -> 0 | F59: =IF(F14="X",(D14-C14),"0") -> 0 | G59: =IF(G14="X",(D14-C14),"0") -> 1 | H59: =IF(H14="X",(D14-C14),"0") -> 0 | I59: =IF(I14="X",(D14-C14),"0") -> 0 | J59: =IF(J14="X",(D14-C14),"0") -> 1 | K59: =IF(K14="X",(D14-C14),"0") -> 0 | L59: =IF(L14="X",(D14-C14),"0") -> 0 | M59: =IF(M14="X",(D14-C14),"0") -> 1 | N59: =IF(N14="X",(D14-C14),"0") -> 0 | O59: =IF(O14="X",(D14-C14),"0") -> 0 | P59: =IF(P14="X",(D14-C14),"0") -> 1 | Q59: =IF(Q14="X",(D14-C14),"0") -> 0 | R59: =IF(R14="X",(D14-C14),"0") -> 0 | S59: =IF(S14="X",(D14-C14),"0") -> 0 | T59: =IF(T14="X",(D14-C14),"0") -> 1
E60: =IF(E15="X",(D15-C15),"0") -> 0 | F60: =IF(F15="X",(D15-C15),"0") -> 0 | G60: =IF(G15="X",(D15-C15),"0") -> 1 | H60: =IF(H15="X",(D15-C15),"0") -> 0 | I60: =IF(I15="X",(D15-C15),"0") -> 0 | J60: =IF(J15="X",(D15-C15),"0") -> 1 | K60: =IF(K15="X",(D15-C15),"0") -> 0 | L60: =IF(L15="X",(D15-C15),"0") -> 0 | M60: =IF(M15="X",(D15-C15),"0") -> 1 | N60: =IF(N15="X",(D15-C15),"0") -> 0 | O60: =IF(O15="X",(D15-C15),"0") -> 0 | P60: =IF(P15="X",(D15-C15),"0") -> 1 | Q60: =IF(Q15="X",(D15-C15),"0") -> 0 | R60: =IF(R15="X",(D15-C15),"0") -> 0 | S60: =IF(S15="X",(D15-C15),"0") -> 0 | T60: =IF(T15="X",(D15-C15),"0") -> 1
E61: =IF(E16="X",(D16-C16),"0") -> 0 | F61: =IF(F16="X",(D16-C16),"0") -> 0 | G61: =IF(G16="X",(D16-C16),"0") -> 0 | H61: =IF(H16="X",(D16-C16),"0") -> 0 | I61: =IF(I16="X",(D16-C16),"0") -> 1 | J61: =IF(J16="X",(D16-C16),"0") -> 1 | K61: =IF(K16="X",(D16-C16),"0") -> 0 | L61: =IF(L16="X",(D16-C16),"0") -> 0 | M61: =IF(M16="X",(D16-C16),"0") -> 1 | N61: =IF(N16="X",(D16-C16),"0") -> 1 | O61: =IF(O16="X",(D16-C16),"0") -> 0 | P61: =IF(P16="X",(D16-C16),"0") -> 1 | Q61: =IF(Q16="X",(D16-C16),"0") -> 0 | R61: =IF(R16="X",(D16-C16),"0") -> 0 | S61: =IF(S16="X",(D16-C16),"0") -> 0 | T61: =IF(T16="X",(D16-C16),"0") -> 1
E62: =IF(E17="X",(D17-C17),"0") -> 0 | F62: =IF(F17="X",(D17-C17),"0") -> 0 | G62: =IF(G17="X",(D17-C17),"0") -> 1 | H62: =IF(H17="X",(D17-C17),"0") -> 0 | I62: =IF(I17="X",(D17-C17),"0") -> 0 | J62: =IF(J17="X",(D17-C17),"0") -> 1 | K62: =IF(K17="X",(D17-C17),"0") -> 0 | L62: =IF(L17="X",(D17-C17),"0") -> 0 | M62: =IF(M17="X",(D17-C17),"0") -> 1 | N62: =IF(N17="X",(D17-C17),"0") -> 1 | O62: =IF(O17="X",(D17-C17),"0") -> 0 | P62: =IF(P17="X",(D17-C17),"0") -> 1 | Q62: =IF(Q17="X",(D17-C17),"0") -> 0 | R62: =IF(R17="X",(D17-C17),"0") -> 0 | S62: =IF(S17="X",(D17-C17),"0") -> 0 | T62: =IF(T17="X",(D17-C17),"0") -> 1
E63: =IF(E18="X",(D18-C18),"0") -> 0 | F63: =IF(F18="X",(D18-C18),"0") -> 1 | G63: =IF(G18="X",(D18-C18),"0") -> 0 | H63: =IF(H18="X",(D18-C18),"0") -> 0 | I63: =IF(I18="X",(D18-C18),"0") -> 0 | J63: =IF(J18="X",(D18-C18),"0") -> 1 | K63: =IF(K18="X",(D18-C18),"0") -> 0 | L63: =IF(L18="X",(D18-C18),"0") -> 0 | M63: =IF(M18="X",(D18-C18),"0") -> 1 | N63: =IF(N18="X",(D18-C18),"0") -> 0 | O63: =IF(O18="X",(D18-C18),"0") -> 0 | P63: =IF(P18="X",(D18-C18),"0") -> 1 | Q63: =IF(Q18="X",(D18-C18),"0") -> 0 | R63: =IF(R18="X",(D18-C18),"0") -> 0 | S63: =IF(S18="X",(D18-C18),"0") -> 0 | T63: =IF(T18="X",(D18-C18),"0") -> 1
... E140: =IF(E95="X",(D95-C95),"0") -> 0 | F140: =IF(F95="X",(D95-C95),"0") -> 0 | G140: =IF(G95="X",(D95-C95),"0") -> 0 | H140: =IF(H95="X",(D95-C95),"0") -> 0 | I140: =IF(I95="X",(D95-C95),"0") -> 0 | J140: =IF(J95="X",(D95-C95),"0") -> 0 | K140: =IF(K95="X",(D95-C95),"0") -> 0 | L140: =IF(L95="X",(D95-C95),"0") -> 0 | M140: =IF(M95="X",(D95-C95),"0") -> 0 | N140: =IF(N95="X",(D95-C95),"0") -> 0 | O140: =IF(O95="X",(D95-C95),"0") -> 0 | P140: =IF(P95="X",(D95-C95),"0") -> 0 | Q140: =IF(Q95="X",(D95-C95),"0") -> 0 | R140: =IF(R95="X",(D95-C95),"0") -> 0 | S140: =IF(S95="X",(D95-C95),"0") -> 0 | T140: =IF(T95="X",(D95-C95),"0") -> 0
E143: =SUM(E52:E140) -> 9 | F143: =SUM(F52:F140) -> 2 | G143: =SUM(G52:G140) -> 14.31 | H143: =SUM(H52:H140) -> 0 | I143: =SUM(I52:I140) -> 4 | J143: =SUM(J52:J140) -> 29.31 | K143: =SUM(K52:K140) -> 0 | L143: =SUM(L52:L140) -> 2 | ... T143: =SUM(T52:T140) -> 5

Sheet 55
A1: PROGRAMA DE MANUTENÇÃORODOVIÁRIA
D2: RODOVIAS PAVIMENTADAS | I2: DATA: | J2: ='39'!J2 -> 46204 | N2: TÉCNICO RESP. | O2: ='39'!O2 -> ENG. VINICIUS RODRIGUES FERREIRA DE OLIVEIRA | T2: REGIÃO: | U2: 02
A3: FICHA DE INSPEÇÃO: | B3: =TT!C18 -> RODOVIA TO-230 - TRECHO BANDEIRANTES DO TOCANTINS - ARAPOEMA
A5: S.R.E. | B5: SENTIDO | C5: INÍCIO (KM) | D5: FIM (KM) | E5: CONDIÇÃO DO PAVIMENTO | J5: VEGETAÇÃO | L5: ELEM. DE DRENAGEM | O5: SIN. HOR. | R5: SIN. VERTICAL | U5: OBSERV.
E6: BOM | F6: REM. I. | G6: REM. L | H6: BUR. I | I6: BUR. L | J6: ADEQ. | K6: INADED. | L6: LIMPOS | M6: SUJOS | N6: DAN. | O6: BOM | P6: REG. | Q6: INEXIST. | R6: BOM | S6: POUCAS | T6: INEXIST.
A7: 230ETO0130 | B7: C | C7: 0 | D7: 1 | E7: X | J7: X | M7: X | O7: X | S7: X
C8: =D7 -> 1 | D8: 2 | E8: X | J8: X | M8: X | O8: X | S8: X
C9: =D8 -> 2 | D9: 3 | E9: X | J9: X | M9: X | O9: X | S9: X
C10: =D9 -> 3 | D10: 4 | E10: X | J10: X | M10: X | O10: X | S10: X
C11: =D10 -> 4 | D11: 5 | E11: X | J11: X | M11: X | O11: X | S11: X
C12: =D11 -> 5 | D12: 6 | E12: X | J12: X | M12: X | O12: X | S12: X
C13: =D12 -> 6 | D13: 7 | E13: X | J13: X | M13: X | O13: X | S13: X
C14: =D13 -> 7 | D14: 8 | E14: X | J14: X | M14: X | O14: X | S14: X
C15: =D14 -> 8 | D15: 9 | E15: X | J15: X | M15: X | O15: X | S15: X
C16: =D15 -> 9 | D16: 10 | E16: X | J16: X | M16: X | O16: X | S16: X
C17: =D16 -> 10 | D17: 11 | E17: X | J17: X | M17: X | O17: X | S17: X
C18: =D17 -> 11 | D18: 11.49 | E18: X | J18: X | M18: X | O18: X | S18: X
A19: 230ETO0140 | B19: C | C19: 0 | D19: 0.62 | E19: X | J19: X | M19: X | O19: X | S19: X
A20: 230ETO0150 | B20: C | C20: 0 | D20: 1 | E20: X | J20: X | M20: X | O20: X | R20: X
C21: =D20 -> 1 | D21: 2 | E21: X | J21: X | M21: X | O21: X | R21: X
C22: =D21 -> 2 | D22: 3 | E22: X | J22: X | M22: X | O22: X | R22: X
C23: =D22 -> 3 | D23: 4 | E23: X | J23: X | M23: X | O23: X | R23: X
C24: =D23 -> 4 | D24: 5 | E24: X | J24: X | M24: X | O24: X | R24: X
C25: =D24 -> 5 | D25: 6 | E25: X | J25: X | M25: X | O25: X | R25: X
C26: =D25 -> 6 | D26: 7 | E26: X | J26: X | M26: X | O26: X | R26: X
C27: =D26 -> 7 | D27: 8 | E27: X | J27: X | M27: X | O27: X | R27: X
C28: =D27 -> 8 | D28: 9 | E28: X | J28: X | M28: X | O28: X | R28: X
C29: =D28 -> 9 | D29: 10 | E29: X | J29: X | M29: X | O29: X | R29: X
C30: =D29 -> 10 | D30: 11 | E30: X | J30: X | M30: X | O30: X | R30: X
C31: =D30 -> 11 | D31: 12 | F31: X | J31: X | M31: X | O31: X | R31: X
C32: =D31 -> 12 | D32: 13 | E32: X | J32: X | M32: X | O32: X | R32: X
C33: =D32 -> 13 | D33: 14 | E33: X | J33: X | M33: X | O33: X | R33: X
C34: =D33 -> 14 | D34: 15 | E34: X | J34: X | M34: X | O34: X | R34: X
C35: =D34 -> 15 | D35: 16 | E35: X | J35: X | M35: X | O35: X | R35: X
C36: =D35 -> 16 | D36: 17 | E36: X | J36: X | M36: X | O36: X | R36: X
C37: =D36 -> 17 | D37: 18 | E37: X | J37: X | M37: X | O37: X | R37: X
C38: =D37 -> 18 | D38: 18.91 | E38: X | J38: X | M38: X | O38: X | R38: X
A39: 164ETO0200 | B39: D | C39: 0 | D39: 0.92 | E39: X | J39: X | M39: X | O39: X | R39: X
A40: 230ETO0170 | B40: D | C40: 0 | D40: 1 | E40: X | J40: X | M40: X | O40: X | R40: X
C41: =D40 -> 1 | D41: 2 | E41: X | J41: X | M41: X | O41: X | R41: X
C42: =D41 -> 2 | D42: 3 | E42: X | J42: X | M42: X | O42: X | R42: X
C43: =D42 -> 3 | D43: 4 | E43: X | J43: X | M43: X | O43: X | R43: X
C44: =D43 -> 4 | D44: 5 | E44: X | J44: X | M44: X | O44: X | R44: X
C45: =D44 -> 5 | D45: 6 | E45: X | J45: X | M45: X | O45: X | R45: X
C46: =D45 -> 6 | D46: 7 | E46: X | J46: X | M46: X | O46: X | R46: X
C47: =D46 -> 7 | D47: 8 | E47: X | J47: X | M47: X | O47: X | R47: X
C48: =D47 -> 8 | D48: 9 | E48: X | J48: X | M48: X | O48: X | R48: X
C49: =D48 -> 9 | D49: 10 | E49: X | J49: X | M49: X | O49: X | R49: X
C50: =D49 -> 10 | D50: 11 | E50: X | J50: X | M50: X | O50: X | R50: X
C51: =D50 -> 11 | D51: 12 | E51: X | J51: X | M51: X | O51: X | R51: X
C52: =D51 -> 12 | D52: 13 | E52: X | J52: X | M52: X | O52: X | R52: X
... C66: =D65 -> 26 | D66: 26.38 | E66: X | J66: X | M66: X | O66: X | R66: X
A67: 230ETO0180 | B67: D | C67: 0 | D67: 1.07 | E67: X | J67: X | M67: X | O67: X | R67: X
A68: 230ETO0190 | B68: D | C68: 0 | D68: 2.5 | E68: X | J68: X | M68: X | O68: X | R68: X
A78: LEGENDA | B78: CONDIÇÃO DO PAVIMENTO
A79: REM. I | B79: REMENDOS ISOLADOS | E79: ATÉ 10 REMENDOS/KM | I79: BUR. I | J79: BURACOS ISOLADOS | M79: ATÉ 5 BURACOS/KM
A80: REM. L | B80: REMENDOS AO LONGO | E80: MAIS DE 10 REMENDOS/KM | I80: BUR. L | J80: BURACOS AO LONGO | M80: MAIS DE 5 BURACOS/KM
E85: =IF(E7="X",(D7-C7),"0") -> 1 | F85: =IF(F7="X",(D7-C7),"0") -> 0 | G85: =IF(G7="X",(D7-C7),"0") -> 0 | H85: =IF(H7="X",(D7-C7),"0") -> 0 | I85: =IF(I7="X",(D7-C7),"0") -> 0 | J85: =IF(J7="X",(D7-C7),"0") -> 1 | K85: =IF(K7="X",(D7-C7),"0") -> 0 | L85: =IF(L7="X",(D7-C7),"0") -> 0 | M85: =IF(M7="X",(D7-C7),"0") -> 1 | N85: =IF(N7="X",(D7-C7),"0") -> 0 | O85: =IF(O7="X",(D7-C7),"0") -> 1 | P85: =IF(P7="X",(D7-C7),"0") -> 0 | Q85: =IF(Q7="X",(D7-C7),"0") -> 0 | R85: =IF(R7="X",(D7-C7),"0") -> 0 | S85: =IF(S7="X",(D7-C7),"0") -> 1 | T85: =IF(T7="X",(D7-C7),"0") -> 0
E86: =IF(E8="X",(D8-C8),"0") -> 1 | F86: =IF(F8="X",(D8-C8),"0") -> 0 | G86: =IF(G8="X",(D8-C8),"0") -> 0 | H86: =IF(H8="X",(D8-C8),"0") -> 0 | I86: =IF(I8="X",(D8-C8),"0") -> 0 | J86: =IF(J8="X",(D8-C8),"0") -> 1 | K86: =IF(K8="X",(D8-C8),"0") -> 0 | L86: =IF(L8="X",(D8-C8),"0") -> 0 | M86: =IF(M8="X",(D8-C8),"0") -> 1 | N86: =IF(N8="X",(D8-C8),"0") -> 0 | O86: =IF(O8="X",(D8-C8),"0") -> 1 | P86: =IF(P8="X",(D8-C8),"0") -> 0 | Q86: =IF(Q8="X",(D8-C8),"0") -> 0 | R86: =IF(R8="X",(D8-C8),"0") -> 0 | S86: =IF(S8="X",(D8-C8),"0") -> 1 | T86: =IF(T8="X",(D8-C8),"0") -> 0
E87: =IF(E9="X",(D9-C9),"0") -> 1 | F87: =IF(F9="X",(D9-C9),"0") -> 0 | G87: =IF(G9="X",(D9-C9),"0") -> 0 | H87: =IF(H9="X",(D9-C9),"0") -> 0 | I87: =IF(I9="X",(D9-C9),"0") -> 0 | J87: =IF(J9="X",(D9-C9),"0") -> 1 | K87: =IF(K9="X",(D9-C9),"0") -> 0 | L87: =IF(L9="X",(D9-C9),"0") -> 0 | M87: =IF(M9="X",(D9-C9),"0") -> 1 | N87: =IF(N9="X",(D9-C9),"0") -> 0 | O87: =IF(O9="X",(D9-C9),"0") -> 1 | P87: =IF(P9="X",(D9-C9),"0") -> 0 | Q87: =IF(Q9="X",(D9-C9),"0") -> 0 | R87: =IF(R9="X",(D9-C9),"0") -> 0 | S87: =IF(S9="X",(D9-C9),"0") -> 1 | T87: =IF(T9="X",(D9-C9),"0") -> 0
E88: =IF(E10="X",(D10-C10),"0") -> 1 | F88: =IF(F10="X",(D10-C10),"0") -> 0 | G88: =IF(G10="X",(D10-C10),"0") -> 0 | H88: =IF(H10="X",(D10-C10),"0") -> 0 | I88: =IF(I10="X",(D10-C10),"0") -> 0 | J88: =IF(J10="X",(D10-C10),"0") -> 1 | K88: =IF(K10="X",(D10-C10),"0") -> 0 | L88: =IF(L10="X",(D10-C10),"0") -> 0 | M88: =IF(M10="X",(D10-C10),"0") -> 1 | N88: =IF(N10="X",(D10-C10),"0") -> 0 | O88: =IF(O10="X",(D10-C10),"0") -> 1 | P88: =IF(P10="X",(D10-C10),"0") -> 0 | Q88: =IF(Q10="X",(D10-C10),"0") -> 0 | R88: =IF(R10="X",(D10-C10),"0") -> 0 | S88: =IF(S10="X",(D10-C10),"0") -> 1 | T88: =IF(T10="X",(D10-C10),"0") -> 0
E89: =IF(E11="X",(D11-C11),"0") -> 1 | F89: =IF(F11="X",(D11-C11),"0") -> 0 | G89: =IF(G11="X",(D11-C11),"0") -> 0 | H89: =IF(H11="X",(D11-C11),"0") -> 0 | I89: =IF(I11="X",(D11-C11),"0") -> 0 | J89: =IF(J11="X",(D11-C11),"0") -> 1 | K89: =IF(K11="X",(D11-C11),"0") -> 0 | L89: =IF(L11="X",(D11-C11),"0") -> 0 | M89: =IF(M11="X",(D11-C11),"0") -> 1 | N89: =IF(N11="X",(D11-C11),"0") -> 0 | O89: =IF(O11="X",(D11-C11),"0") -> 1 | P89: =IF(P11="X",(D11-C11),"0") -> 0 | Q89: =IF(Q11="X",(D11-C11),"0") -> 0 | R89: =IF(R11="X",(D11-C11),"0") -> 0 | S89: =IF(S11="X",(D11-C11),"0") -> 1 | T89: =IF(T11="X",(D11-C11),"0") -> 0
E90: =IF(E12="X",(D12-C12),"0") -> 1 | F90: =IF(F12="X",(D12-C12),"0") -> 0 | G90: =IF(G12="X",(D12-C12),"0") -> 0 | H90: =IF(H12="X",(D12-C12),"0") -> 0 | I90: =IF(I12="X",(D12-C12),"0") -> 0 | J90: =IF(J12="X",(D12-C12),"0") -> 1 | K90: =IF(K12="X",(D12-C12),"0") -> 0 | L90: =IF(L12="X",(D12-C12),"0") -> 0 | M90: =IF(M12="X",(D12-C12),"0") -> 1 | N90: =IF(N12="X",(D12-C12),"0") -> 0 | O90: =IF(O12="X",(D12-C12),"0") -> 1 | P90: =IF(P12="X",(D12-C12),"0") -> 0 | Q90: =IF(Q12="X",(D12-C12),"0") -> 0 | R90: =IF(R12="X",(D12-C12),"0") -> 0 | S90: =IF(S12="X",(D12-C12),"0") -> 1 | T90: =IF(T12="X",(D12-C12),"0") -> 0
E91: =IF(E13="X",(D13-C13),"0") -> 1 | F91: =IF(F13="X",(D13-C13),"0") -> 0 | G91: =IF(G13="X",(D13-C13),"0") -> 0 | H91: =IF(H13="X",(D13-C13),"0") -> 0 | I91: =IF(I13="X",(D13-C13),"0") -> 0 | J91: =IF(J13="X",(D13-C13),"0") -> 1 | K91: =IF(K13="X",(D13-C13),"0") -> 0 | L91: =IF(L13="X",(D13-C13),"0") -> 0 | M91: =IF(M13="X",(D13-C13),"0") -> 1 | N91: =IF(N13="X",(D13-C13),"0") -> 0 | O91: =IF(O13="X",(D13-C13),"0") -> 1 | P91: =IF(P13="X",(D13-C13),"0") -> 0 | Q91: =IF(Q13="X",(D13-C13),"0") -> 0 | R91: =IF(R13="X",(D13-C13),"0") -> 0 | S91: =IF(S13="X",(D13-C13),"0") -> 1 | T91: =IF(T13="X",(D13-C13),"0") -> 0
E92: =IF(E14="X",(D14-C14),"0") -> 1 | F92: =IF(F14="X",(D14-C14),"0") -> 0 | G92: =IF(G14="X",(D14-C14),"0") -> 0 | H92: =IF(H14="X",(D14-C14),"0") -> 0 | I92: =IF(I14="X",(D14-C14),"0") -> 0 | J92: =IF(J14="X",(D14-C14),"0") -> 1 | K92: =IF(K14="X",(D14-C14),"0") -> 0 | L92: =IF(L14="X",(D14-C14),"0") -> 0 | M92: =IF(M14="X",(D14-C14),"0") -> 1 | N92: =IF(N14="X",(D14-C14),"0") -> 0 | O92: =IF(O14="X",(D14-C14),"0") -> 1 | P92: =IF(P14="X",(D14-C14),"0") -> 0 | Q92: =IF(Q14="X",(D14-C14),"0") -> 0 | R92: =IF(R14="X",(D14-C14),"0") -> 0 | S92: =IF(S14="X",(D14-C14),"0") -> 1 | T92: =IF(T14="X",(D14-C14),"0") -> 0
E93: =IF(E15="X",(D15-C15),"0") -> 1 | F93: =IF(F15="X",(D15-C15),"0") -> 0 | G93: =IF(G15="X",(D15-C15),"0") -> 0 | H93: =IF(H15="X",(D15-C15),"0") -> 0 | I93: =IF(I15="X",(D15-C15),"0") -> 0 | J93: =IF(J15="X",(D15-C15),"0") -> 1 | K93: =IF(K15="X",(D15-C15),"0") -> 0 | L93: =IF(L15="X",(D15-C15),"0") -> 0 | M93: =IF(M15="X",(D15-C15),"0") -> 1 | N93: =IF(N15="X",(D15-C15),"0") -> 0 | O93: =IF(O15="X",(D15-C15),"0") -> 1 | P93: =IF(P15="X",(D15-C15),"0") -> 0 | Q93: =IF(Q15="X",(D15-C15),"0") -> 0 | R93: =IF(R15="X",(D15-C15),"0") -> 0 | S93: =IF(S15="X",(D15-C15),"0") -> 1 | T93: =IF(T15="X",(D15-C15),"0") -> 0
E94: =IF(E16="X",(D16-C16),"0") -> 1 | F94: =IF(F16="X",(D16-C16),"0") -> 0 | G94: =IF(G16="X",(D16-C16),"0") -> 0 | H94: =IF(H16="X",(D16-C16),"0") -> 0 | I94: =IF(I16="X",(D16-C16),"0") -> 0 | J94: =IF(J16="X",(D16-C16),"0") -> 1 | K94: =IF(K16="X",(D16-C16),"0") -> 0 | L94: =IF(L16="X",(D16-C16),"0") -> 0 | M94: =IF(M16="X",(D16-C16),"0") -> 1 | N94: =IF(N16="X",(D16-C16),"0") -> 0 | O94: =IF(O16="X",(D16-C16),"0") -> 1 | P94: =IF(P16="X",(D16-C16),"0") -> 0 | Q94: =IF(Q16="X",(D16-C16),"0") -> 0 | R94: =IF(R16="X",(D16-C16),"0") -> 0 | S94: =IF(S16="X",(D16-C16),"0") -> 1 | T94: =IF(T16="X",(D16-C16),"0") -> 0
E95: =IF(E17="X",(D17-C17),"0") -> 1 | F95: =IF(F17="X",(D17-C17),"0") -> 0 | G95: =IF(G17="X",(D17-C17),"0") -> 0 | H95: =IF(H17="X",(D17-C17),"0") -> 0 | I95: =IF(I17="X",(D17-C17),"0") -> 0 | J95: =IF(J17="X",(D17-C17),"0") -> 1 | K95: =IF(K17="X",(D17-C17),"0") -> 0 | L95: =IF(L17="X",(D17-C17),"0") -> 0 | M95: =IF(M17="X",(D17-C17),"0") -> 1 | N95: =IF(N17="X",(D17-C17),"0") -> 0 | O95: =IF(O17="X",(D17-C17),"0") -> 1 | P95: =IF(P17="X",(D17-C17),"0") -> 0 | Q95: =IF(Q17="X",(D17-C17),"0") -> 0 | R95: =IF(R17="X",(D17-C17),"0") -> 0 | S95: =IF(S17="X",(D17-C17),"0") -> 1 | T95: =IF(T17="X",(D17-C17),"0") -> 0
E96: =IF(E18="X",(D18-C18),"0") -> 0.49 | F96: =IF(F18="X",(D18-C18),"0") -> 0 | G96: =IF(G18="X",(D18-C18),"0") -> 0 | H96: =IF(H18="X",(D18-C18),"0") -> 0 | I96: =IF(I18="X",(D18-C18),"0") -> 0 | J96: =IF(J18="X",(D18-C18),"0") -> 0.49 | K96: =IF(K18="X",(D18-C18),"0") -> 0 | L96: =IF(L18="X",(D18-C18),"0") -> 0 | M96: =IF(M18="X",(D18-C18),"0") -> 0.49 | N96: =IF(N18="X",(D18-C18),"0") -> 0 | O96: =IF(O18="X",(D18-C18),"0") -> 0.49 | P96: =IF(P18="X",(D18-C18),"0") -> 0 | Q96: =IF(Q18="X",(D18-C18),"0") -> 0 | R96: =IF(R18="X",(D18-C18),"0") -> 0 | S96: =IF(S18="X",(D18-C18),"0") -> 0.49 | T96: =IF(T18="X",(D18-C18),"0") -> 0
... E173: =IF(E95="X",(D95-C95),"0") -> 0 | F173: =IF(F95="X",(D95-C95),"0") -> 0 | G173: =IF(G95="X",(D95-C95),"0") -> 0 | H173: =IF(H95="X",(D95-C95),"0") -> 0 | I173: =IF(I95="X",(D95-C95),"0") -> 0 | J173: =IF(J95="X",(D95-C95),"0") -> 0 | K173: =IF(K95="X",(D95-C95),"0") -> 0 | L173: =IF(L95="X",(D95-C95),"0") -> 0 | M173: =IF(M95="X",(D95-C95),"0") -> 0 | N173: =IF(N95="X",(D95-C95),"0") -> 0 | O173: =IF(O95="X",(D95-C95),"0") -> 0 | P173: =IF(P95="X",(D95-C95),"0") -> 0 | Q173: =IF(Q95="X",(D95-C95),"0") -> 0 | R173: =IF(R95="X",(D95-C95),"0") -> 0 | S173: =IF(S95="X",(D95-C95),"0") -> 0 | T173: =IF(T95="X",(D95-C95),"0") -> 0
E176: =SUM(E85:E173) -> 60.89 | F176: =SUM(F85:F173) -> 1 | G176: =SUM(G85:G173) -> 0 | H176: =SUM(H85:H173) -> 0 | I176: =SUM(I85:I173) -> 0 | J176: =SUM(J85:J173) -> 61.89 | K176: =SUM(K85:K173) -> 0 | L176: =SUM(L85:L173) -> 0 | ... T176: =SUM(T85:T173) -> 0

Sheet 56
A1: PROGRAMA DE MANUTENÇÃORODOVIÁRIA
D2: RODOVIAS PAVIMENTADAS | I2: DATA: | J2: ='39'!J2 -> 46204 | N2: TÉCNICO RESP. | O2: ='39'!O2 -> ENG. VINICIUS RODRIGUES FERREIRA DE OLIVEIRA | T2: REGIÃO: | U2: 02
A3: FICHA DE INSPEÇÃO: | B3: =TT!C19 -> RODOVIA TO-230 - TRECHO ENTR. BR-153 - BANDEIRANTES DO TOCANTINS
A5: S.R.E. | B5: SENTIDO | C5: INÍCIO (KM) | D5: FIM (KM) | E5: CONDIÇÃO DO PAVIMENTO | J5: VEGETAÇÃO | L5: ELEM. DE DRENAGEM | O5: SIN. HOR. | R5: SIN. VERTICAL | U5: OBSERV.
E6: BOM | F6: REM. I. | G6: REM. L | H6: BUR. I | I6: BUR. L | J6: ADEQ. | K6: INADED. | L6: LIMPOS | M6: SUJOS | N6: DAN. | O6: BOM | P6: REG. | Q6: INEXIST. | R6: BOM | S6: POUCAS | T6: INEXIST.
A7: 230ETO0100 | B7: D | C7: 0 | D7: 1 | E7: X | J7: X | M7: X | O7: X | S7: X
C8: =D7 -> 1 | D8: 2 | E8: X | J8: X | M8: X | O8: X | S8: X
C9: =D8 -> 2 | D9: 3 | E9: X | J9: X | M9: X | O9: X | S9: X
C10: =D9 -> 3 | D10: 4 | E10: X | J10: X | M10: X | O10: X | S10: X
C11: =D10 -> 4 | D11: 5 | E11: X | J11: X | M11: X | O11: X | S11: X
C12: =D11 -> 5 | D12: 6 | E12: X | J12: X | M12: X | O12: X | S12: X
C13: =D12 -> 6 | D13: 7 | E13: X | J13: X | M13: X | O13: X | S13: X
C14: =D13 -> 7 | D14: 8 | E14: X | J14: X | M14: X | O14: X | S14: X
C15: =D14 -> 8 | D15: 9 | E15: X | J15: X | M15: X | O15: X | S15: X
C16: =D15 -> 9 | D16: 10 | E16: X | J16: X | M16: X | O16: X | S16: X
C17: =D16 -> 10 | D17: 11 | E17: X | J17: X | M17: X | O17: X | S17: X
C18: =D17 -> 11 | D18: 12 | E18: X | J18: X | M18: X | O18: X | S18: X
C19: =D18 -> 12 | D19: 13 | E19: X | J19: X | M19: X | O19: X | S19: X
... C22: =D21 -> 15 | D22: 15.77 | E22: X | J22: X | M22: X | O22: X | S22: X
A44: LEGENDA | B44: CONDIÇÃO DO PAVIMENTO
A45: REM. I | B45: REMENDOS ISOLADOS | E45: ATÉ 10 REMENDOS/KM | I45: BUR. I | J45: BURACOS ISOLADOS | M45: ATÉ 5 BURACOS/KM
A46: REM. L | B46: REMENDOS AO LONGO | E46: MAIS DE 10 REMENDOS/KM | I46: BUR. L | J46: BURACOS AO LONGO | M46: MAIS DE 5 BURACOS/KM
E51: =IF(E7="X",(D7-C7),"0") -> 1 | F51: =IF(F7="X",(D7-C7),"0") -> 0 | G51: =IF(G7="X",(D7-C7),"0") -> 0 | H51: =IF(H7="X",(D7-C7),"0") -> 0 | I51: =IF(I7="X",(D7-C7),"0") -> 0 | J51: =IF(J7="X",(D7-C7),"0") -> 1 | K51: =IF(K7="X",(D7-C7),"0") -> 0 | L51: =IF(L7="X",(D7-C7),"0") -> 0 | M51: =IF(M7="X",(D7-C7),"0") -> 1 | N51: =IF(N7="X",(D7-C7),"0") -> 0 | O51: =IF(O7="X",(D7-C7),"0") -> 1 | P51: =IF(P7="X",(D7-C7),"0") -> 0 | Q51: =IF(Q7="X",(D7-C7),"0") -> 0 | R51: =IF(R7="X",(D7-C7),"0") -> 0 | S51: =IF(S7="X",(D7-C7),"0") -> 1 | T51: =IF(T7="X",(D7-C7),"0") -> 0
E52: =IF(E8="X",(D8-C8),"0") -> 1 | F52: =IF(F8="X",(D8-C8),"0") -> 0 | G52: =IF(G8="X",(D8-C8),"0") -> 0 | H52: =IF(H8="X",(D8-C8),"0") -> 0 | I52: =IF(I8="X",(D8-C8),"0") -> 0 | J52: =IF(J8="X",(D8-C8),"0") -> 1 | K52: =IF(K8="X",(D8-C8),"0") -> 0 | L52: =IF(L8="X",(D8-C8),"0") -> 0 | M52: =IF(M8="X",(D8-C8),"0") -> 1 | N52: =IF(N8="X",(D8-C8),"0") -> 0 | O52: =IF(O8="X",(D8-C8),"0") -> 1 | P52: =IF(P8="X",(D8-C8),"0") -> 0 | Q52: =IF(Q8="X",(D8-C8),"0") -> 0 | R52: =IF(R8="X",(D8-C8),"0") -> 0 | S52: =IF(S8="X",(D8-C8),"0") -> 1 | T52: =IF(T8="X",(D8-C8),"0") -> 0
E53: =IF(E9="X",(D9-C9),"0") -> 1 | F53: =IF(F9="X",(D9-C9),"0") -> 0 | G53: =IF(G9="X",(D9-C9),"0") -> 0 | H53: =IF(H9="X",(D9-C9),"0") -> 0 | I53: =IF(I9="X",(D9-C9),"0") -> 0 | J53: =IF(J9="X",(D9-C9),"0") -> 1 | K53: =IF(K9="X",(D9-C9),"0") -> 0 | L53: =IF(L9="X",(D9-C9),"0") -> 0 | M53: =IF(M9="X",(D9-C9),"0") -> 1 | N53: =IF(N9="X",(D9-C9),"0") -> 0 | O53: =IF(O9="X",(D9-C9),"0") -> 1 | P53: =IF(P9="X",(D9-C9),"0") -> 0 | Q53: =IF(Q9="X",(D9-C9),"0") -> 0 | R53: =IF(R9="X",(D9-C9),"0") -> 0 | S53: =IF(S9="X",(D9-C9),"0") -> 1 | T53: =IF(T9="X",(D9-C9),"0") -> 0
E54: =IF(E10="X",(D10-C10),"0") -> 1 | F54: =IF(F10="X",(D10-C10),"0") -> 0 | G54: =IF(G10="X",(D10-C10),"0") -> 0 | H54: =IF(H10="X",(D10-C10),"0") -> 0 | I54: =IF(I10="X",(D10-C10),"0") -> 0 | J54: =IF(J10="X",(D10-C10),"0") -> 1 | K54: =IF(K10="X",(D10-C10),"0") -> 0 | L54: =IF(L10="X",(D10-C10),"0") -> 0 | M54: =IF(M10="X",(D10-C10),"0") -> 1 | N54: =IF(N10="X",(D10-C10),"0") -> 0 | O54: =IF(O10="X",(D10-C10),"0") -> 1 | P54: =IF(P10="X",(D10-C10),"0") -> 0 | Q54: =IF(Q10="X",(D10-C10),"0") -> 0 | R54: =IF(R10="X",(D10-C10),"0") -> 0 | S54: =IF(S10="X",(D10-C10),"0") -> 1 | T54: =IF(T10="X",(D10-C10),"0") -> 0
E55: =IF(E11="X",(D11-C11),"0") -> 1 | F55: =IF(F11="X",(D11-C11),"0") -> 0 | G55: =IF(G11="X",(D11-C11),"0") -> 0 | H55: =IF(H11="X",(D11-C11),"0") -> 0 | I55: =IF(I11="X",(D11-C11),"0") -> 0 | J55: =IF(J11="X",(D11-C11),"0") -> 1 | K55: =IF(K11="X",(D11-C11),"0") -> 0 | L55: =IF(L11="X",(D11-C11),"0") -> 0 | M55: =IF(M11="X",(D11-C11),"0") -> 1 | N55: =IF(N11="X",(D11-C11),"0") -> 0 | O55: =IF(O11="X",(D11-C11),"0") -> 1 | P55: =IF(P11="X",(D11-C11),"0") -> 0 | Q55: =IF(Q11="X",(D11-C11),"0") -> 0 | R55: =IF(R11="X",(D11-C11),"0") -> 0 | S55: =IF(S11="X",(D11-C11),"0") -> 1 | T55: =IF(T11="X",(D11-C11),"0") -> 0
E56: =IF(E12="X",(D12-C12),"0") -> 1 | F56: =IF(F12="X",(D12-C12),"0") -> 0 | G56: =IF(G12="X",(D12-C12),"0") -> 0 | H56: =IF(H12="X",(D12-C12),"0") -> 0 | I56: =IF(I12="X",(D12-C12),"0") -> 0 | J56: =IF(J12="X",(D12-C12),"0") -> 1 | K56: =IF(K12="X",(D12-C12),"0") -> 0 | L56: =IF(L12="X",(D12-C12),"0") -> 0 | M56: =IF(M12="X",(D12-C12),"0") -> 1 | N56: =IF(N12="X",(D12-C12),"0") -> 0 | O56: =IF(O12="X",(D12-C12),"0") -> 1 | P56: =IF(P12="X",(D12-C12),"0") -> 0 | Q56: =IF(Q12="X",(D12-C12),"0") -> 0 | R56: =IF(R12="X",(D12-C12),"0") -> 0 | S56: =IF(S12="X",(D12-C12),"0") -> 1 | T56: =IF(T12="X",(D12-C12),"0") -> 0
E57: =IF(E13="X",(D13-C13),"0") -> 1 | F57: =IF(F13="X",(D13-C13),"0") -> 0 | G57: =IF(G13="X",(D13-C13),"0") -> 0 | H57: =IF(H13="X",(D13-C13),"0") -> 0 | I57: =IF(I13="X",(D13-C13),"0") -> 0 | J57: =IF(J13="X",(D13-C13),"0") -> 1 | K57: =IF(K13="X",(D13-C13),"0") -> 0 | L57: =IF(L13="X",(D13-C13),"0") -> 0 | M57: =IF(M13="X",(D13-C13),"0") -> 1 | N57: =IF(N13="X",(D13-C13),"0") -> 0 | O57: =IF(O13="X",(D13-C13),"0") -> 1 | P57: =IF(P13="X",(D13-C13),"0") -> 0 | Q57: =IF(Q13="X",(D13-C13),"0") -> 0 | R57: =IF(R13="X",(D13-C13),"0") -> 0 | S57: =IF(S13="X",(D13-C13),"0") -> 1 | T57: =IF(T13="X",(D13-C13),"0") -> 0
E58: =IF(E14="X",(D14-C14),"0") -> 1 | F58: =IF(F14="X",(D14-C14),"0") -> 0 | G58: =IF(G14="X",(D14-C14),"0") -> 0 | H58: =IF(H14="X",(D14-C14),"0") -> 0 | I58: =IF(I14="X",(D14-C14),"0") -> 0 | J58: =IF(J14="X",(D14-C14),"0") -> 1 | K58: =IF(K14="X",(D14-C14),"0") -> 0 | L58: =IF(L14="X",(D14-C14),"0") -> 0 | M58: =IF(M14="X",(D14-C14),"0") -> 1 | N58: =IF(N14="X",(D14-C14),"0") -> 0 | O58: =IF(O14="X",(D14-C14),"0") -> 1 | P58: =IF(P14="X",(D14-C14),"0") -> 0 | Q58: =IF(Q14="X",(D14-C14),"0") -> 0 | R58: =IF(R14="X",(D14-C14),"0") -> 0 | S58: =IF(S14="X",(D14-C14),"0") -> 1 | T58: =IF(T14="X",(D14-C14),"0") -> 0
E59: =IF(E15="X",(D15-C15),"0") -> 1 | F59: =IF(F15="X",(D15-C15),"0") -> 0 | G59: =IF(G15="X",(D15-C15),"0") -> 0 | H59: =IF(H15="X",(D15-C15),"0") -> 0 | I59: =IF(I15="X",(D15-C15),"0") -> 0 | J59: =IF(J15="X",(D15-C15),"0") -> 1 | K59: =IF(K15="X",(D15-C15),"0") -> 0 | L59: =IF(L15="X",(D15-C15),"0") -> 0 | M59: =IF(M15="X",(D15-C15),"0") -> 1 | N59: =IF(N15="X",(D15-C15),"0") -> 0 | O59: =IF(O15="X",(D15-C15),"0") -> 1 | P59: =IF(P15="X",(D15-C15),"0") -> 0 | Q59: =IF(Q15="X",(D15-C15),"0") -> 0 | R59: =IF(R15="X",(D15-C15),"0") -> 0 | S59: =IF(S15="X",(D15-C15),"0") -> 1 | T59: =IF(T15="X",(D15-C15),"0") -> 0
E60: =IF(E16="X",(D16-C16),"0") -> 1 | F60: =IF(F16="X",(D16-C16),"0") -> 0 | G60: =IF(G16="X",(D16-C16),"0") -> 0 | H60: =IF(H16="X",(D16-C16),"0") -> 0 | I60: =IF(I16="X",(D16-C16),"0") -> 0 | J60: =IF(J16="X",(D16-C16),"0") -> 1 | K60: =IF(K16="X",(D16-C16),"0") -> 0 | L60: =IF(L16="X",(D16-C16),"0") -> 0 | M60: =IF(M16="X",(D16-C16),"0") -> 1 | N60: =IF(N16="X",(D16-C16),"0") -> 0 | O60: =IF(O16="X",(D16-C16),"0") -> 1 | P60: =IF(P16="X",(D16-C16),"0") -> 0 | Q60: =IF(Q16="X",(D16-C16),"0") -> 0 | R60: =IF(R16="X",(D16-C16),"0") -> 0 | S60: =IF(S16="X",(D16-C16),"0") -> 1 | T60: =IF(T16="X",(D16-C16),"0") -> 0
E61: =IF(E17="X",(D17-C17),"0") -> 1 | F61: =IF(F17="X",(D17-C17),"0") -> 0 | G61: =IF(G17="X",(D17-C17),"0") -> 0 | H61: =IF(H17="X",(D17-C17),"0") -> 0 | I61: =IF(I17="X",(D17-C17),"0") -> 0 | J61: =IF(J17="X",(D17-C17),"0") -> 1 | K61: =IF(K17="X",(D17-C17),"0") -> 0 | L61: =IF(L17="X",(D17-C17),"0") -> 0 | M61: =IF(M17="X",(D17-C17),"0") -> 1 | N61: =IF(N17="X",(D17-C17),"0") -> 0 | O61: =IF(O17="X",(D17-C17),"0") -> 1 | P61: =IF(P17="X",(D17-C17),"0") -> 0 | Q61: =IF(Q17="X",(D17-C17),"0") -> 0 | R61: =IF(R17="X",(D17-C17),"0") -> 0 | S61: =IF(S17="X",(D17-C17),"0") -> 1 | T61: =IF(T17="X",(D17-C17),"0") -> 0
E62: =IF(E18="X",(D18-C18),"0") -> 1 | F62: =IF(F18="X",(D18-C18),"0") -> 0 | G62: =IF(G18="X",(D18-C18),"0") -> 0 | H62: =IF(H18="X",(D18-C18),"0") -> 0 | I62: =IF(I18="X",(D18-C18),"0") -> 0 | J62: =IF(J18="X",(D18-C18),"0") -> 1 | K62: =IF(K18="X",(D18-C18),"0") -> 0 | L62: =IF(L18="X",(D18-C18),"0") -> 0 | M62: =IF(M18="X",(D18-C18),"0") -> 1 | N62: =IF(N18="X",(D18-C18),"0") -> 0 | O62: =IF(O18="X",(D18-C18),"0") -> 1 | P62: =IF(P18="X",(D18-C18),"0") -> 0 | Q62: =IF(Q18="X",(D18-C18),"0") -> 0 | R62: =IF(R18="X",(D18-C18),"0") -> 0 | S62: =IF(S18="X",(D18-C18),"0") -> 1 | T62: =IF(T18="X",(D18-C18),"0") -> 0
... E95: =IF(E51="X",(D51-C51),"0") -> 0 | F95: =IF(F51="X",(D51-C51),"0") -> 0 | G95: =IF(G51="X",(D51-C51),"0") -> 0 | H95: =IF(H51="X",(D51-C51),"0") -> 0 | I95: =IF(I51="X",(D51-C51),"0") -> 0 | J95: =IF(J51="X",(D51-C51),"0") -> 0 | K95: =IF(K51="X",(D51-C51),"0") -> 0 | L95: =IF(L51="X",(D51-C51),"0") -> 0 | M95: =IF(M51="X",(D51-C51),"0") -> 0 | N95: =IF(N51="X",(D51-C51),"0") -> 0 | O95: =IF(O51="X",(D51-C51),"0") -> 0 | P95: =IF(P51="X",(D51-C51),"0") -> 0 | Q95: =IF(Q51="X",(D51-C51),"0") -> 0 | R95: =IF(R51="X",(D51-C51),"0") -> 0 | S95: =IF(S51="X",(D51-C51),"0") -> 0 | T95: =IF(T51="X",(D51-C51),"0") -> 0
E98: =SUM(E51:E95) -> 15.77 | F98: =SUM(F51:F95) -> 0 | G98: =SUM(G51:G95) -> 0 | H98: =SUM(H51:H95) -> 0 | I98: =SUM(I51:I95) -> 0 | J98: =SUM(J51:J95) -> 15.77 | K98: =SUM(K51:K95) -> 0 | L98: =SUM(L51:L95) -> 0 | ... T98: =SUM(T51:T95) -> 0

Sheet 57
A1: PROGRAMA DE MANUTENÇÃORODOVIÁRIA
D2: RODOVIAS PAVIMENTADAS | I2: DATA: | J2: ='39'!J2 -> 46204 | N2: TÉCNICO RESP. | O2: ='39'!O2 -> ENG. VINICIUS RODRIGUES FERREIRA DE OLIVEIRA | T2: REGIÃO: | U2: 02
A3: FICHA DE INSPEÇÃO: | B3: =TT!C20 -> RODOVIA TO-416 - TRECHO ENTR. BR-153 - RIACHINHO
A5: S.R.E. | B5: SENTIDO | C5: INÍCIO (KM) | D5: FIM (KM) | E5: CONDIÇÃO DO PAVIMENTO | J5: VEGETAÇÃO | L5: ELEM. DE DRENAGEM | O5: SIN. HOR. | R5: SIN. VERTICAL | U5: OBSERV.
E6: BOM | F6: REM. I. | G6: REM. L | H6: BUR. I | I6: BUR. L | J6: ADEQ. | K6: INADED. | L6: LIMPOS | M6: SUJOS | N6: DAN. | O6: BOM | P6: REG. | Q6: INEXIST. | R6: BOM | S6: POUCAS | T6: INEXIST.
A7: 416ETO0050 | B7: C | C7: =D6 -> 0 | D7: 1 | G7: X | J7: X | M7: X | Q7: X | T7: X
C8: =D7 -> 1 | D8: 2 | G8: X | J8: X | M8: X | Q8: X | T8: X
C9: =D8 -> 2 | D9: 3 | G9: X | J9: X | M9: X | Q9: X | T9: X
C10: =D9 -> 3 | D10: 4 | G10: X | J10: X | M10: X | Q10: X | T10: X
C11: =D10 -> 4 | D11: 5 | G11: X | J11: X | M11: X | Q11: X | T11: X
C12: =D11 -> 5 | D12: 6 | E12: X | J12: X | M12: X | Q12: X | T12: X
C13: =D12 -> 6 | D13: 7 | E13: X | J13: X | M13: X | Q13: X | T13: X
C14: =D13 -> 7 | D14: 8 | G14: X | J14: X | M14: X | Q14: X | T14: X
C15: =D14 -> 8 | D15: 9 | G15: X | J15: X | M15: X | Q15: X | T15: X
C16: =D15 -> 9 | D16: 10 | G16: X | J16: X | M16: X | Q16: X | T16: X
C17: =D16 -> 10 | D17: 11 | G17: X | J17: X | M17: X | N17: X | Q17: X | T17: X
C18: =D17 -> 11 | D18: 12 | E18: X | J18: X | M18: X | Q18: X | T18: X
C19: =D18 -> 12 | D19: 13 | E19: X | J19: X | M19: X | Q19: X | T19: X
C20: =D19 -> 13 | D20: 14 | G20: X | J20: X | M20: X | Q20: X | T20: X
C21: =D20 -> 14 | D21: 15 | G21: X | J21: X | M21: X | Q21: X | T21: X
C22: =D21 -> 15 | D22: 16 | G22: X | J22: X | M22: X | Q22: X | T22: X
C23: =D22 -> 16 | D23: 17 | G23: X | J23: X | M23: X | Q23: X | T23: X
C24: =D23 -> 17 | D24: 18 | F24: X | J24: X | M24: X | Q24: X | T24: X
C25: =D24 -> 18 | D25: 19 | G25: X | J25: X | M25: X | Q25: X | T25: X
C26: =D25 -> 19 | D26: 20 | G26: X | J26: X | M26: X | Q26: X | T26: X
C27: =D26 -> 20 | D27: 21 | F27: X | J27: X | M27: X | Q27: X | T27: X
C28: =D27 -> 21 | D28: 22 | G28: X | J28: X | M28: X | Q28: X | T28: X
C29: =D28 -> 22 | D29: 23 | G29: X | J29: X | M29: X | Q29: X | T29: X
C30: =D29 -> 23 | D30: 24 | F30: X | J30: X | M30: X | Q30: X | T30: X
C31: =D30 -> 24 | D31: 25 | G31: X | J31: X | M31: X | Q31: X | T31: X
C32: =D31 -> 25 | D32: 26 | G32: X | J32: X | M32: X | N32: X | Q32: X | T32: X
C33: =D32 -> 26 | D33: 27 | G33: X | J33: X | M33: X | Q33: X | T33: X
C34: =D33 -> 27 | D34: 28 | G34: X | J34: X | M34: X | Q34: X | T34: X
C35: =D34 -> 28 | D35: 29 | G35: X | J35: X | M35: X | Q35: X | T35: X
C36: =D35 -> 29 | D36: 30 | G36: X | J36: X | M36: X | Q36: X | T36: X
C37: =D36 -> 30 | D37: 31 | G37: X | J37: X | M37: X | Q37: X | T37: X
C38: =D37 -> 31 | D38: 32.2 | G38: X | J38: X | M38: X | Q38: X | T38: X
A44: LEGENDA | B44: CONDIÇÃO DO PAVIMENTO
A45: REM. I | B45: REMENDOS ISOLADOS | E45: ATÉ 10 REMENDOS/KM | I45: BUR. I | J45: BURACOS ISOLADOS | M45: ATÉ 5 BURACOS/KM
A46: REM. L | B46: REMENDOS AO LONGO | E46: MAIS DE 10 REMENDOS/KM | I46: BUR. L | J46: BURACOS AO LONGO | M46: MAIS DE 5 BURACOS/KM
E51: =IF(E7="X",(D7-C7),"0") -> 0 | F51: =IF(F7="X",(D7-C7),"0") -> 0 | G51: =IF(G7="X",(D7-C7),"0") -> 1 | H51: =IF(H7="X",(D7-C7),"0") -> 0 | I51: =IF(I7="X",(D7-C7),"0") -> 0 | J51: =IF(J7="X",(D7-C7),"0") -> 1 | K51: =IF(K7="X",(D7-C7),"0") -> 0 | L51: =IF(L7="X",(D7-C7),"0") -> 0 | M51: =IF(M7="X",(D7-C7),"0") -> 1 | N51: =IF(N7="X",(D7-C7),"0") -> 0 | O51: =IF(O7="X",(D7-C7),"0") -> 0 | P51: =IF(P7="X",(D7-C7),"0") -> 0 | Q51: =IF(Q8="X",(D7-C7),"0") -> 1 | R51: =IF(R7="X",(D7-C7),"0") -> 0 | S51: =IF(S7="X",(D7-C7),"0") -> 0 | T51: =IF(T7="X",(D7-C7),"0") -> 1
E52: =IF(E8="X",(D8-C8),"0") -> 0 | F52: =IF(F8="X",(D8-C8),"0") -> 0 | G52: =IF(G8="X",(D8-C8),"0") -> 1 | H52: =IF(H8="X",(D8-C8),"0") -> 0 | I52: =IF(I8="X",(D8-C8),"0") -> 0 | J52: =IF(J8="X",(D8-C8),"0") -> 1 | K52: =IF(K8="X",(D8-C8),"0") -> 0 | L52: =IF(L8="X",(D8-C8),"0") -> 0 | M52: =IF(M8="X",(D8-C8),"0") -> 1 | N52: =IF(N8="X",(D8-C8),"0") -> 0 | O52: =IF(O8="X",(D8-C8),"0") -> 0 | P52: =IF(P8="X",(D8-C8),"0") -> 0 | Q52: =IF(Q9="X",(D8-C8),"0") -> 1 | R52: =IF(R8="X",(D8-C8),"0") -> 0 | S52: =IF(S8="X",(D8-C8),"0") -> 0 | T52: =IF(T8="X",(D8-C8),"0") -> 1
E53: =IF(E9="X",(D9-C9),"0") -> 0 | F53: =IF(F9="X",(D9-C9),"0") -> 0 | G53: =IF(G9="X",(D9-C9),"0") -> 1 | H53: =IF(H9="X",(D9-C9),"0") -> 0 | I53: =IF(I9="X",(D9-C9),"0") -> 0 | J53: =IF(J9="X",(D9-C9),"0") -> 1 | K53: =IF(K9="X",(D9-C9),"0") -> 0 | L53: =IF(L9="X",(D9-C9),"0") -> 0 | M53: =IF(M9="X",(D9-C9),"0") -> 1 | N53: =IF(N9="X",(D9-C9),"0") -> 0 | O53: =IF(O9="X",(D9-C9),"0") -> 0 | P53: =IF(P9="X",(D9-C9),"0") -> 0 | Q53: =IF(Q10="X",(D9-C9),"0") -> 1 | R53: =IF(R9="X",(D9-C9),"0") -> 0 | S53: =IF(S9="X",(D9-C9),"0") -> 0 | T53: =IF(T9="X",(D9-C9),"0") -> 1
E54: =IF(E10="X",(D10-C10),"0") -> 0 | F54: =IF(F10="X",(D10-C10),"0") -> 0 | G54: =IF(G10="X",(D10-C10),"0") -> 1 | H54: =IF(H10="X",(D10-C10),"0") -> 0 | I54: =IF(I10="X",(D10-C10),"0") -> 0 | J54: =IF(J10="X",(D10-C10),"0") -> 1 | K54: =IF(K10="X",(D10-C10),"0") -> 0 | L54: =IF(L10="X",(D10-C10),"0") -> 0 | M54: =IF(M10="X",(D10-C10),"0") -> 1 | N54: =IF(N10="X",(D10-C10),"0") -> 0 | O54: =IF(O10="X",(D10-C10),"0") -> 0 | P54: =IF(P10="X",(D10-C10),"0") -> 0 | Q54: =IF(Q11="X",(D10-C10),"0") -> 1 | R54: =IF(R10="X",(D10-C10),"0") -> 0 | S54: =IF(S10="X",(D10-C10),"0") -> 0 | T54: =IF(T10="X",(D10-C10),"0") -> 1
E55: =IF(E11="X",(D11-C11),"0") -> 0 | F55: =IF(F11="X",(D11-C11),"0") -> 0 | G55: =IF(G11="X",(D11-C11),"0") -> 1 | H55: =IF(H11="X",(D11-C11),"0") -> 0 | I55: =IF(I11="X",(D11-C11),"0") -> 0 | J55: =IF(J11="X",(D11-C11),"0") -> 1 | K55: =IF(K11="X",(D11-C11),"0") -> 0 | L55: =IF(L11="X",(D11-C11),"0") -> 0 | M55: =IF(M11="X",(D11-C11),"0") -> 1 | N55: =IF(N11="X",(D11-C11),"0") -> 0 | O55: =IF(O11="X",(D11-C11),"0") -> 0 | P55: =IF(P11="X",(D11-C11),"0") -> 0 | Q55: =IF(Q12="X",(D11-C11),"0") -> 1 | R55: =IF(R11="X",(D11-C11),"0") -> 0 | S55: =IF(S11="X",(D11-C11),"0") -> 0 | T55: =IF(T11="X",(D11-C11),"0") -> 1
E56: =IF(E12="X",(D12-C12),"0") -> 1 | F56: =IF(F12="X",(D12-C12),"0") -> 0 | G56: =IF(G12="X",(D12-C12),"0") -> 0 | H56: =IF(H12="X",(D12-C12),"0") -> 0 | I56: =IF(I12="X",(D12-C12),"0") -> 0 | J56: =IF(J12="X",(D12-C12),"0") -> 1 | K56: =IF(K12="X",(D12-C12),"0") -> 0 | L56: =IF(L12="X",(D12-C12),"0") -> 0 | M56: =IF(M12="X",(D12-C12),"0") -> 1 | N56: =IF(N12="X",(D12-C12),"0") -> 0 | O56: =IF(O12="X",(D12-C12),"0") -> 0 | P56: =IF(P12="X",(D12-C12),"0") -> 0 | Q56: =IF(Q13="X",(D12-C12),"0") -> 1 | R56: =IF(R12="X",(D12-C12),"0") -> 0 | S56: =IF(S12="X",(D12-C12),"0") -> 0 | T56: =IF(T12="X",(D12-C12),"0") -> 1
E57: =IF(E13="X",(D13-C13),"0") -> 1 | F57: =IF(F13="X",(D13-C13),"0") -> 0 | G57: =IF(G13="X",(D13-C13),"0") -> 0 | H57: =IF(H13="X",(D13-C13),"0") -> 0 | I57: =IF(I13="X",(D13-C13),"0") -> 0 | J57: =IF(J13="X",(D13-C13),"0") -> 1 | K57: =IF(K13="X",(D13-C13),"0") -> 0 | L57: =IF(L13="X",(D13-C13),"0") -> 0 | M57: =IF(M13="X",(D13-C13),"0") -> 1 | N57: =IF(N13="X",(D13-C13),"0") -> 0 | O57: =IF(O13="X",(D13-C13),"0") -> 0 | P57: =IF(P13="X",(D13-C13),"0") -> 0 | Q57: =IF(Q14="X",(D13-C13),"0") -> 1 | R57: =IF(R13="X",(D13-C13),"0") -> 0 | S57: =IF(S13="X",(D13-C13),"0") -> 0 | T57: =IF(T13="X",(D13-C13),"0") -> 1
E58: =IF(E14="X",(D14-C14),"0") -> 0 | F58: =IF(F14="X",(D14-C14),"0") -> 0 | G58: =IF(G14="X",(D14-C14),"0") -> 1 | H58: =IF(H14="X",(D14-C14),"0") -> 0 | I58: =IF(I14="X",(D14-C14),"0") -> 0 | J58: =IF(J14="X",(D14-C14),"0") -> 1 | K58: =IF(K14="X",(D14-C14),"0") -> 0 | L58: =IF(L14="X",(D14-C14),"0") -> 0 | M58: =IF(M14="X",(D14-C14),"0") -> 1 | N58: =IF(N14="X",(D14-C14),"0") -> 0 | O58: =IF(O14="X",(D14-C14),"0") -> 0 | P58: =IF(P14="X",(D14-C14),"0") -> 0 | Q58: =IF(Q15="X",(D14-C14),"0") -> 1 | R58: =IF(R14="X",(D14-C14),"0") -> 0 | S58: =IF(S14="X",(D14-C14),"0") -> 0 | T58: =IF(T14="X",(D14-C14),"0") -> 1
E59: =IF(E15="X",(D15-C15),"0") -> 0 | F59: =IF(F15="X",(D15-C15),"0") -> 0 | G59: =IF(G15="X",(D15-C15),"0") -> 1 | H59: =IF(H15="X",(D15-C15),"0") -> 0 | I59: =IF(I15="X",(D15-C15),"0") -> 0 | J59: =IF(J15="X",(D15-C15),"0") -> 1 | K59: =IF(K15="X",(D15-C15),"0") -> 0 | L59: =IF(L15="X",(D15-C15),"0") -> 0 | M59: =IF(M15="X",(D15-C15),"0") -> 1 | N59: =IF(N15="X",(D15-C15),"0") -> 0 | O59: =IF(O15="X",(D15-C15),"0") -> 0 | P59: =IF(P15="X",(D15-C15),"0") -> 0 | Q59: =IF(Q16="X",(D15-C15),"0") -> 1 | R59: =IF(R15="X",(D15-C15),"0") -> 0 | S59: =IF(S15="X",(D15-C15),"0") -> 0 | T59: =IF(T15="X",(D15-C15),"0") -> 1
E60: =IF(E16="X",(D16-C16),"0") -> 0 | F60: =IF(F16="X",(D16-C16),"0") -> 0 | G60: =IF(G16="X",(D16-C16),"0") -> 1 | H60: =IF(H16="X",(D16-C16),"0") -> 0 | I60: =IF(I16="X",(D16-C16),"0") -> 0 | J60: =IF(J16="X",(D16-C16),"0") -> 1 | K60: =IF(K16="X",(D16-C16),"0") -> 0 | L60: =IF(L16="X",(D16-C16),"0") -> 0 | M60: =IF(M16="X",(D16-C16),"0") -> 1 | N60: =IF(N16="X",(D16-C16),"0") -> 0 | O60: =IF(O16="X",(D16-C16),"0") -> 0 | P60: =IF(P16="X",(D16-C16),"0") -> 0 | Q60: =IF(Q17="X",(D16-C16),"0") -> 1 | R60: =IF(R16="X",(D16-C16),"0") -> 0 | S60: =IF(S16="X",(D16-C16),"0") -> 0 | T60: =IF(T16="X",(D16-C16),"0") -> 1
E61: =IF(E17="X",(D17-C17),"0") -> 0 | F61: =IF(F17="X",(D17-C17),"0") -> 0 | G61: =IF(G17="X",(D17-C17),"0") -> 1 | H61: =IF(H17="X",(D17-C17),"0") -> 0 | I61: =IF(I17="X",(D17-C17),"0") -> 0 | J61: =IF(J17="X",(D17-C17),"0") -> 1 | K61: =IF(K17="X",(D17-C17),"0") -> 0 | L61: =IF(L17="X",(D17-C17),"0") -> 0 | M61: =IF(M17="X",(D17-C17),"0") -> 1 | N61: =IF(N17="X",(D17-C17),"0") -> 1 | O61: =IF(O17="X",(D17-C17),"0") -> 0 | P61: =IF(P17="X",(D17-C17),"0") -> 0 | Q61: =IF(Q18="X",(D17-C17),"0") -> 1 | R61: =IF(R17="X",(D17-C17),"0") -> 0 | S61: =IF(S17="X",(D17-C17),"0") -> 0 | T61: =IF(T17="X",(D17-C17),"0") -> 1
E62: =IF(E18="X",(D18-C18),"0") -> 1 | F62: =IF(F18="X",(D18-C18),"0") -> 0 | G62: =IF(G18="X",(D18-C18),"0") -> 0 | H62: =IF(H18="X",(D18-C18),"0") -> 0 | I62: =IF(I18="X",(D18-C18),"0") -> 0 | J62: =IF(J18="X",(D18-C18),"0") -> 1 | K62: =IF(K18="X",(D18-C18),"0") -> 0 | L62: =IF(L18="X",(D18-C18),"0") -> 0 | M62: =IF(M18="X",(D18-C18),"0") -> 1 | N62: =IF(N18="X",(D18-C18),"0") -> 0 | O62: =IF(O18="X",(D18-C18),"0") -> 0 | P62: =IF(P18="X",(D18-C18),"0") -> 0 | Q62: =IF(Q19="X",(D18-C18),"0") -> 1 | R62: =IF(R18="X",(D18-C18),"0") -> 0 | S62: =IF(S18="X",(D18-C18),"0") -> 0 | T62: =IF(T18="X",(D18-C18),"0") -> 1
... E94: =IF(E50="X",(D50-C50),"0") -> 0 | F94: =IF(F50="X",(D50-C50),"0") -> 0 | G94: =IF(G50="X",(D50-C50),"0") -> 0 | H94: =IF(H50="X",(D50-C50),"0") -> 0 | I94: =IF(I50="X",(D50-C50),"0") -> 0 | J94: =IF(J50="X",(D50-C50),"0") -> 0 | K94: =IF(K50="X",(D50-C50),"0") -> 0 | L94: =IF(L50="X",(D50-C50),"0") -> 0 | M94: =IF(M50="X",(D50-C50),"0") -> 0 | N94: =IF(N50="X",(D50-C50),"0") -> 0 | O94: =IF(O50="X",(D50-C50),"0") -> 0 | P94: =IF(P50="X",(D50-C50),"0") -> 0 | Q94: =IF(Q51="X",(D50-C50),"0") -> 0 | R94: =IF(R50="X",(D50-C50),"0") -> 0 | S94: =IF(S50="X",(D50-C50),"0") -> 0 | T94: =IF(T50="X",(D50-C50),"0") -> 0
E97: =SUM(E51:E94) -> 4 | F97: =SUM(F51:F94) -> 3 | G97: =SUM(G51:G94) -> 25.2 | H97: =SUM(H51:H94) -> 0 | I97: =SUM(I51:I94) -> 0 | J97: =SUM(J51:J94) -> 32.2 | K97: =SUM(K51:K94) -> 0 | L97: =SUM(L51:L94) -> 0 | ... T97: =SUM(T51:T94) -> 32.2

Sheet 58
A1: PROGRAMA DE MANUTENÇÃORODOVIÁRIA
D2: RODOVIAS PAVIMENTADAS | I2: DATA: | J2: ='39'!J2 -> 46204 | N2: TÉCNICO RESP. | O2: ='39'!O2 -> ENG. VINICIUS RODRIGUES FERREIRA DE OLIVEIRA | T2: REGIÃO: | U2: 02
A3: FICHA DE INSPEÇÃO: | B3: =TT!C21 -> RODOVIA TO-416 - TRECHO ENTR. TO-222 - POVOADO COCALINHO
A5: S.R.E. | B5: SENTIDO | C5: INÍCIO (KM) | D5: FIM (KM) | E5: CONDIÇÃO DO PAVIMENTO | J5: VEGETAÇÃO | L5: ELEM. DE DRENAGEM | O5: SIN. HOR. | R5: SIN. VERTICAL | U5: OBSERV.
E6: BOM | F6: REM. I. | G6: REM. L | H6: BUR. I | I6: BUR. L | J6: ADEQ. | K6: INADED. | L6: LIMPOS | M6: SUJOS | N6: DAN. | O6: BOM | P6: REG. | Q6: INEXIST. | R6: BOM | S6: POUCAS | T6: INEXIST.
A7: 416ETO0100 | B7: C | C7: =D6 -> 0 | D7: 0.7 | E7: X | K7: X | N7: X | Q7: X | T7: X
C8: =D7 -> 0.7 | D8: 1.6 | E8: X | K8: X | N8: X | Q8: X | T8: X
C9: =D8 -> 1.6 | D9: 1.8 | E9: X | K9: X | N9: X | Q9: X | T9: X
C10: =D9 -> 1.8 | D10: 3.87 | E10: X | K10: X | N10: X | Q10: X | T10: X
A44: LEGENDA | B44: CONDIÇÃO DO PAVIMENTO
A45: REM. I | B45: REMENDOS ISOLADOS | E45: ATÉ 10 REMENDOS/KM | I45: BUR. I | J45: BURACOS ISOLADOS | M45: ATÉ 5 BURACOS/KM
A46: REM. L | B46: REMENDOS AO LONGO | E46: MAIS DE 10 REMENDOS/KM | I46: BUR. L | J46: BURACOS AO LONGO | M46: MAIS DE 5 BURACOS/KM
E51: =IF(E7="X",(D7-C7),"0") -> 0.7 | F51: =IF(F7="X",(D7-C7),"0") -> 0 | G51: =IF(G7="X",(D7-C7),"0") -> 0 | H51: =IF(H7="X",(D7-C7),"0") -> 0 | I51: =IF(I7="X",(D7-C7),"0") -> 0 | J51: =IF(J7="X",(D7-C7),"0") -> 0 | K51: =IF(K7="X",(D7-C7),"0") -> 0.7 | L51: =IF(L7="X",(D7-C7),"0") -> 0 | M51: =IF(M7="X",(D7-C7),"0") -> 0 | N51: =IF(N7="X",(D7-C7),"0") -> 0.7 | O51: =IF(O7="X",(D7-C7),"0") -> 0 | P51: =IF(P7="X",(D7-C7),"0") -> 0 | Q51: =IF(Q7="X",(D7-C7),"0") -> 0.7 | R51: =IF(R7="X",(D7-C7),"0") -> 0 | S51: =IF(S7="X",(D7-C7),"0") -> 0 | T51: =IF(T7="X",(D7-C7),"0") -> 0.7
E52: =IF(E8="X",(D8-C8),"0") -> 0.9 | F52: =IF(F8="X",(D8-C8),"0") -> 0 | G52: =IF(G8="X",(D8-C8),"0") -> 0 | H52: =IF(H8="X",(D8-C8),"0") -> 0 | I52: =IF(I8="X",(D8-C8),"0") -> 0 | J52: =IF(J8="X",(D8-C8),"0") -> 0 | K52: =IF(K8="X",(D8-C8),"0") -> 0.9 | L52: =IF(L8="X",(D8-C8),"0") -> 0 | M52: =IF(M8="X",(D8-C8),"0") -> 0 | N52: =IF(N8="X",(D8-C8),"0") -> 0.9 | O52: =IF(O8="X",(D8-C8),"0") -> 0 | P52: =IF(P8="X",(D8-C8),"0") -> 0 | Q52: =IF(Q8="X",(D8-C8),"0") -> 0.9 | R52: =IF(R8="X",(D8-C8),"0") -> 0 | S52: =IF(S8="X",(D8-C8),"0") -> 0 | T52: =IF(T8="X",(D8-C8),"0") -> 0.9
E53: =IF(E9="X",(D9-C9),"0") -> 0.2 | F53: =IF(F9="X",(D9-C9),"0") -> 0 | G53: =IF(G9="X",(D9-C9),"0") -> 0 | H53: =IF(H9="X",(D9-C9),"0") -> 0 | I53: =IF(I9="X",(D9-C9),"0") -> 0 | J53: =IF(J9="X",(D9-C9),"0") -> 0 | K53: =IF(K9="X",(D9-C9),"0") -> 0.2 | L53: =IF(L9="X",(D9-C9),"0") -> 0 | M53: =IF(M9="X",(D9-C9),"0") -> 0 | N53: =IF(N9="X",(D9-C9),"0") -> 0.2 | O53: =IF(O9="X",(D9-C9),"0") -> 0 | P53: =IF(P9="X",(D9-C9),"0") -> 0 | Q53: =IF(Q9="X",(D9-C9),"0") -> 0.2 | R53: =IF(R9="X",(D9-C9),"0") -> 0 | S53: =IF(S9="X",(D9-C9),"0") -> 0 | T53: =IF(T9="X",(D9-C9),"0") -> 0.2
E54: =IF(E10="X",(D10-C10),"0") -> 2.07 | F54: =IF(F10="X",(D10-C10),"0") -> 0 | G54: =IF(G10="X",(D10-C10),"0") -> 0 | H54: =IF(H10="X",(D10-C10),"0") -> 0 | I54: =IF(I10="X",(D10-C10),"0") -> 0 | J54: =IF(J10="X",(D10-C10),"0") -> 0 | K54: =IF(K10="X",(D10-C10),"0") -> 2.07 | L54: =IF(L10="X",(D10-C10),"0") -> 0 | M54: =IF(M10="X",(D10-C10),"0") -> 0 | N54: =IF(N10="X",(D10-C10),"0") -> 2.07 | O54: =IF(O10="X",(D10-C10),"0") -> 0 | P54: =IF(P10="X",(D10-C10),"0") -> 0 | Q54: =IF(Q10="X",(D10-C10),"0") -> 2.07 | R54: =IF(R10="X",(D10-C10),"0") -> 0 | S54: =IF(S10="X",(D10-C10),"0") -> 0 | T54: =IF(T10="X",(D10-C10),"0") -> 2.07
E55: =IF(E11="X",(D11-C11),"0") -> 0 | F55: =IF(F11="X",(D11-C11),"0") -> 0 | G55: =IF(G11="X",(D11-C11),"0") -> 0 | H55: =IF(H11="X",(D11-C11),"0") -> 0 | I55: =IF(I11="X",(D11-C11),"0") -> 0 | J55: =IF(J11="X",(D11-C11),"0") -> 0 | K55: =IF(K11="X",(D11-C11),"0") -> 0 | L55: =IF(L11="X",(D11-C11),"0") -> 0 | M55: =IF(M11="X",(D11-C11),"0") -> 0 | N55: =IF(N11="X",(D11-C11),"0") -> 0 | O55: =IF(O11="X",(D11-C11),"0") -> 0 | P55: =IF(P11="X",(D11-C11),"0") -> 0 | Q55: =IF(Q11="X",(D11-C11),"0") -> 0 | R55: =IF(R11="X",(D11-C11),"0") -> 0 | S55: =IF(S11="X",(D11-C11),"0") -> 0 | T55: =IF(T11="X",(D11-C11),"0") -> 0
E56: =IF(E12="X",(D12-C12),"0") -> 0 | F56: =IF(F12="X",(D12-C12),"0") -> 0 | G56: =IF(G12="X",(D12-C12),"0") -> 0 | H56: =IF(H12="X",(D12-C12),"0") -> 0 | I56: =IF(I12="X",(D12-C12),"0") -> 0 | J56: =IF(J12="X",(D12-C12),"0") -> 0 | K56: =IF(K12="X",(D12-C12),"0") -> 0 | L56: =IF(L12="X",(D12-C12),"0") -> 0 | M56: =IF(M12="X",(D12-C12),"0") -> 0 | N56: =IF(N12="X",(D12-C12),"0") -> 0 | O56: =IF(O12="X",(D12-C12),"0") -> 0 | P56: =IF(P12="X",(D12-C12),"0") -> 0 | Q56: =IF(Q12="X",(D12-C12),"0") -> 0 | R56: =IF(R12="X",(D12-C12),"0") -> 0 | S56: =IF(S12="X",(D12-C12),"0") -> 0 | T56: =IF(T12="X",(D12-C12),"0") -> 0
E57: =IF(E13="X",(D13-C13),"0") -> 0 | F57: =IF(F13="X",(D13-C13),"0") -> 0 | G57: =IF(G13="X",(D13-C13),"0") -> 0 | H57: =IF(H13="X",(D13-C13),"0") -> 0 | I57: =IF(I13="X",(D13-C13),"0") -> 0 | J57: =IF(J13="X",(D13-C13),"0") -> 0 | K57: =IF(K13="X",(D13-C13),"0") -> 0 | L57: =IF(L13="X",(D13-C13),"0") -> 0 | M57: =IF(M13="X",(D13-C13),"0") -> 0 | N57: =IF(N13="X",(D13-C13),"0") -> 0 | O57: =IF(O13="X",(D13-C13),"0") -> 0 | P57: =IF(P13="X",(D13-C13),"0") -> 0 | Q57: =IF(Q13="X",(D13-C13),"0") -> 0 | R57: =IF(R13="X",(D13-C13),"0") -> 0 | S57: =IF(S13="X",(D13-C13),"0") -> 0 | T57: =IF(T13="X",(D13-C13),"0") -> 0
E58: =IF(E14="X",(D14-C14),"0") -> 0 | F58: =IF(F14="X",(D14-C14),"0") -> 0 | G58: =IF(G14="X",(D14-C14),"0") -> 0 | H58: =IF(H14="X",(D14-C14),"0") -> 0 | I58: =IF(I14="X",(D14-C14),"0") -> 0 | J58: =IF(J14="X",(D14-C14),"0") -> 0 | K58: =IF(K14="X",(D14-C14),"0") -> 0 | L58: =IF(L14="X",(D14-C14),"0") -> 0 | M58: =IF(M14="X",(D14-C14),"0") -> 0 | N58: =IF(N14="X",(D14-C14),"0") -> 0 | O58: =IF(O14="X",(D14-C14),"0") -> 0 | P58: =IF(P14="X",(D14-C14),"0") -> 0 | Q58: =IF(Q14="X",(D14-C14),"0") -> 0 | R58: =IF(R14="X",(D14-C14),"0") -> 0 | S58: =IF(S14="X",(D14-C14),"0") -> 0 | T58: =IF(T14="X",(D14-C14),"0") -> 0
