Workbook

Sheet Trechos
A1: RELAÇÃO DOS TRECHOS DAS REGIÕES DE MANUTENÇÃO
A2: LOTE | B2: CIDADE SEDE | C2: NÚMERO TRECHO | D2: TRECHO | E2: S.R.E | F2: SUBTRECHOS | G2: EXT. (KM) | H2: TIPO | I2: 45839 | J2: 45870 | K2: 45901 | L2: 45931 | M2: 45962 | N2: 45992
A3: 3 | B3: ARAGUAÍNA II | C3: 67 | D3: RODOVIA TO-010 - TRECHO ENTR. BR-010 (ITACAJÁ) - PALMEIRANTE | E3: 010ETO0250 | F3: ENTR. BR-010 - TRECHO ENTR. TO-226 (POV. CAMPOS) | G3: 58.16433 | H3: LEN
A4: 3 | B4: ARAGUAÍNA II | C4: 67 | D4: RODOVIA TO-010 - TRECHO ENTR. BR-010 (ITACAJÁ) - PALMEIRANTE | E4: 010ETO0290 | F4: ENTR. TO-226 (CAMPOS) - RIO TOCANTINS ( BALSA PALMEIRANTE) | G4: 19.427802 | H4: LEN
A5: 3 | B5: ARAGUAÍNA II | C5: 68 | D5: RODOVIA TO-010 - TRECHO PALMEIRANTE - ENTR. TO-222 (POVOADO BIELÂNDIA) | E5: 010ETO0320 | F5: PALMERANTE *TRECHO URBANO* - ENTR. TO-335 | G5: 10.999804 | H5: PPS | I5: X
A6: 3 | B6: ARAGUAÍNA II | C6: 68 | D6: RODOVIA TO-010 - TRECHO PALMEIRANTE - ENTR. TO-222 (POVOADO BIELÂNDIA) | E6: 010ETO0330 | F6: ENTR.TO-335 - TRECHO ENTR.TO-226 | G6: 9.147414 | H6: PPS | I6: X
A7: 3 | B7: ARAGUAÍNA II | C7: 68 | D7: RODOVIA TO-010 - TRECHO PALMEIRANTE - ENTR. TO-222 (POVOADO BIELÂNDIA) | E7: 010ETO0340 | F7: ENTR. TO-226 - TRECHO POV. CICILÃNDIA | G7: 11.531266 | H7: PPS | I7: X
A8: 3 | B8: ARAGUAÍNA II | C8: 68 | D8: RODOVIA TO-010 - TRECHO PALMEIRANTE - ENTR. TO-222 (POVOADO BIELÂNDIA) | E8: 010ETO0350 | F8: POV. CICILÃNDIA - ENTR. TO-130 | G8: 25.891159 | H8: PPS | I8: X
A9: 3 | B9: ARAGUAÍNA II | C9: 68 | D9: RODOVIA TO-010 - TRECHO PALMEIRANTE - ENTR. TO-222 (POVOADO BIELÂNDIA) | E9: 010ETO0360 | F9: ENTR. TO-130 - TRECHO BIELÂNDIA | G9: 14.862138 | H9: PPS | I9: X | J9: X
A10: 3 | B10: ARAGUAÍNA II | C10: 69 | D10: RODOVIA TO-010 - TRECHO ENTR. TO-222 (POVOADO FARTURÃO) - BABAÇULÂNDIA | E10: 010ETO0380 | F10: POV. FARTURAO - ENTR. TO-424 | G10: 33.591201 | H10: LEN
A11: 3 | B11: ARAGUAÍNA II | C11: 69 | D11: RODOVIA TO-010 - TRECHO ENTR. TO-222 (POVOADO FARTURÃO) - BABAÇULÂNDIA | E11: 010ETO0400 | F11: ENTR. TO-424 - TRECHO BABAÇULÂNDIA *TRECHO URBANO* | G11: 4.8384683 | H11: LEN
A12: 3 | B12: ARAGUAÍNA II | C12: 70 | D12: RODOVIA TO-010 - TRECHO BABAÇULÂNDIA - WANDERLÂNDIA | E12: 010ETO0420 | F12: BABAÇULÂNDIA *TRECHO URBANO* - WANDERLÂNDIA *TRECHO URBANO* | G12: 54.5733 | H12: PPS | I12: X
A13: 3 | B13: ARAGUAÍNA II | C13: 71 | D13: RODOVIA TO-020 - TRECHO RECURSOLÂNDIA - CAMPOS LINDOS | E13: 020ETO0200 | F13: RECURSOLÂNDIA *TRECHO URBANO* - FIM PAVIMENTAÇÃO | G13: 2.898153 | H13: PPS
A14: 3 | B14: ARAGUAÍNA II | C14: 71 | D14: RODOVIA TO-020 - TRECHO RECURSOLÂNDIA - CAMPOS LINDOS | E14: 020ETO0210 | F14: FIM PAVIMENTAÇÃO - INICIO PAVIMENTACAO (CAMPOS LINDOS) | G14: 148.40783 | H14: EOP
A15: 3 | B15: ARAGUAÍNA II | C15: 71 | D15: RODOVIA TO-020 - TRECHO RECURSOLÂNDIA - CAMPOS LINDOS | E15: 020ETO0215 | F15: INICIO PAVIMENTACAO (CAMPOS LINDOS) - ENTR. TO-226 | G15: 2.708768 | H15: PPS
A16: 3 | B16: ARAGUAÍNA II | C16: 72 | D16: RODOVIA TO-130 - TRECHO ENTR. TO-424 - TRECHO ENTR. TO-222 | E16: 130ETO0010 | F16: ENTR. TO-424 - TRECHO ENTR. TO-222 (A) | G16: 19.326516 | H16: LEN
A17: 3 | B17: ARAGUAÍNA II | C17: 73 | D17: RODOVIA TO-130 - TRECHO ENTR. TO-010 - TRECHO BARRA DO OURO - ENTR. BR-010 (POVOADO MORRO GRANDE) | E17: 130ETO0040 | F17: ENTR. TO-010 - TRECHO BARRA DO OURO | G17: 25.199964 | H17: PPS | I17: X
A18: 3 | B18: ARAGUAÍNA II | C18: 73 | D18: RODOVIA TO-130 - TRECHO ENTR. TO-010 - TRECHO BARRA DO OURO - ENTR. BR-010 (POVOADO MORRO GRANDE) | E18: 130ETO0060 | F18: BARRA DO OURO - ENTR. TO-425 | G18: 3.7520251 | H18: PPS | I18: X
A19: 3 | B19: ARAGUAÍNA II | C19: 73 | D19: RODOVIA TO-130 - TRECHO ENTR. TO-010 - TRECHO BARRA DO OURO - ENTR. BR-010 (POVOADO MORRO GRANDE) | E19: 130ETO0070 | F19: ENTR. TO-425 - TRECHO MORRO GRANDE *TRECHO URBANO* | G19: 20.011595 | H19: PPS | I19: X
A20: 3 | B20: ARAGUAÍNA II | C20: 74 | D20: RODOVIA TO-222 - TRECHO ARAGUAÍNA - FILADÉLFIA | E20: 222ETO0010 | F20: FILADÉLFIA *TRECHO URBANO* - ENTR. TO-424 | G20: 7.6612658 | H20: PPS | J20: X
A21: 3 | B21: ARAGUAÍNA II | C21: 74 | D21: RODOVIA TO-222 - TRECHO ARAGUAÍNA - FILADÉLFIA | E21: 222ETO0020 | F21: ENTR. TO-424 - TRECHO ENTR. TO-130 | G21: 21.662136 | H21: PPS | J21: X
A22: 3 | B22: ARAGUAÍNA II | C22: 74 | D22: RODOVIA TO-222 - TRECHO ARAGUAÍNA - FILADÉLFIA | E22: 222ETO0030 | F22: ENTR. TO-130 (A) - ENTR. TO-130 (B) - TO-010 POV. BIELANDIA | G22: 20.248567 | H22: PPS
A23: 3 | B23: ARAGUAÍNA II | C23: 74 | D23: RODOVIA TO-222 - TRECHO ARAGUAÍNA - FILADÉLFIA | E23: 010ETO0370 | F23: ENTR. TO-222(BIELÂNDIA) - POV. FARTURÃO | G23: 26.227299 | H23: PPS | I23: X | J23: X
A24: 3 | B24: ARAGUAÍNA II | C24: 74 | D24: RODOVIA TO-222 - TRECHO ARAGUAÍNA - FILADÉLFIA | E24: 222ETO0060 | F24: FARTURÃO - ENTR. TO-424 | G24: 8.3712251 | H24: PPS | I24: X
A25: 3 | B25: ARAGUAÍNA II | C25: 74 | D25: RODOVIA TO-222 - TRECHO ARAGUAÍNA - FILADÉLFIA | E25: 222ETO0070 | F25: ENTR. TO-424 - TRECHO ARAGUAINA *TRECHO URBANO* | G25: 16.874871 | H25: PPS | I25: X
A26: 3 | B26: ARAGUAÍNA II | C26: 75 | D26: RODOVIA TO-226 - TRECHO NOVA OLINDA - ENTR. TO-010 | E26: 226ETO0190 | F26: ENTR.TO-010 - TRECHO POV. ALTO BONITO | G26: 36.768231 | H26: LEN
A27: 3 | B27: ARAGUAÍNA II | C27: 75 | D27: RODOVIA TO-226 - TRECHO NOVA OLINDA - ENTR. TO-010 | E27: 226ETO0200 | F27: POV. ALTO BONITO - NOVA OLINDA *TRECHO URBANO* | G27: 17.621405 | H27: LEN
A28: 3 | B28: ARAGUAÍNA II | C28: 75 | D28: RODOVIA TO-226 - TRECHO NOVA OLINDA - ENTR. TO-010 | E28: 226ETO0201 | F28: NOVA OLINDA *TRECHO URBANO* | G28: 2.154377 | H28: PSU | I28: X
A29: 3 | B29: ARAGUAÍNA II | C29: 76 | D29: RODOVIA TO-226 - TRECHO ENTR. TO-010 (POVOADO CAMPOS) - ENTR. BR-010 | E29: 226ETO0120 | F29: ENTR. BR-010-TO-130 - TRECHO BARRO VERMELHO | G29: 14.646522 | H29: LEN
A30: 3 | B30: ARAGUAÍNA II | C30: 76 | D30: RODOVIA TO-226 - TRECHO ENTR. TO-010 (POVOADO CAMPOS) - ENTR. BR-010 | E30: 226ETO0130 | F30: BARRO VERMELHO - ENTR. TO-010 (CAMPOS) | G30: 13.697356 | H30: LEN
A31: 3 | B31: ARAGUAÍNA II | C31: 77 | D31: RODOVIA TO-226 - TRECHO GOIATINS - CAMPOS LINDOS - DIV TO-MA | E31: 226ETO0010 | F31: DIV TO-MA - ENTR. TO-020 (CAMPOS LINDOS) | G31: 1.6907709 | H31: PPS
A32: 3 | B32: ARAGUAÍNA II | C32: 77 | D32: RODOVIA TO-226 - TRECHO GOIATINS - CAMPOS LINDOS - DIV TO-MA | E32: 226ETO0020 | F32: ENTR. TO-020 (CAMPOS LINDOS) - ENTR. TO-428 | G32: 10.2995 | H32: PPS | J32: X
A33: 3 | B33: ARAGUAÍNA II | C33: 77 | D33: RODOVIA TO-226 - TRECHO GOIATINS - CAMPOS LINDOS - DIV TO-MA | E33: 226ETO0030 | F33: ENTR. TO-428 - TRECHO BARRA DA ESTIVA | G33: 37.294819 | H33: PPS | J33: X
A34: 3 | B34: ARAGUAÍNA II | C34: 77 | D34: RODOVIA TO-226 - TRECHO GOIATINS - CAMPOS LINDOS - DIV TO-MA | E34: 226ETO0040 | F34: BARRA DA ESTIVA - ENTR. TO-426 (CRAOLÂNDIA) | G34: 17.638641 | H34: PPS | J34: X
A35: 3 | B35: ARAGUAÍNA II | C35: 77 | D35: RODOVIA TO-226 - TRECHO GOIATINS - CAMPOS LINDOS - DIV TO-MA | E35: 226ETO0050 | F35: ENTR. TO-426 (CRAOLÂNDIA) - GOIATINS *TRECHO URBANO* | G35: 24.572677 | H35: PPS | J35: X
A36: 3 | B36: ARAGUAÍNA II | C36: 77 | D36: RODOVIA TO-226 - TRECHO GOIATINS - CAMPOS LINDOS - DIV TO-MA | E36: 226ETO0051 | F36: GOIATINS *TRECHO URBANO* | G36: 0.10420991 | H36: PSU
A37: 3 | B37: ARAGUAÍNA II | C37: 77 | D37: RODOVIA TO-226 - TRECHO GOIATINS - CAMPOS LINDOS - DIV TO-MA | E37: 226ETO0052 | F37: GOIATINS *TRECHO URBANO* | G37: 0.44754673 | H37: PSU
A38: 3 | B38: ARAGUAÍNA II | C38: 78 | D38: RODOVIA TO-422 - TRECHO ENTR. BR-153 - TRECHO DISTRITO AGROINDUSTRIAL DE ARAGUAÍNA | E38: 422ETO0010 | F38: ENTR. BR-153 - TRECHO ZONA DE PROCESSAMENTO DE EXPORTAÇÃO | G38: 7.7776106 | H38: PPS | I38: X
A39: 3 | B39: ARAGUAÍNA II | C39: 79 | D39: RODOVIA TO-423 - TRECHO ARAGUAÍNA - ENTR. TO-424 | E39: 423ETO0020 | F39: ARAGUAINA *TRECHO URBANO* - ENTR. TO-424 | G39: 28.588959 | H39: LEN
A40: 3 | B40: ARAGUAÍNA II | C40: 80 | D40: RODOVIA TO-424 - TRECHO ENTR. TO-222 (PLAT. MULTI-MODAL) - BABAÇULÂNDIA | E40: 424ETO0050 | F40: ENTR. TO-010 (BABAÇULÂNDIA *TRECHO URBANO*) - VILA CORRENTE | G40: 13.989538 | H40: PPS | I40: X
A41: 3 | B41: ARAGUAÍNA II | C41: 80 | D41: RODOVIA TO-424 - TRECHO ENTR. TO-222 (PLAT. MULTI-MODAL) - BABAÇULÂNDIA | E41: 424ETO0060 | F41: VILA CORRENTE - BARRO PRETO | G41: 3.6675931 | H41: PPS | I41: X
A42: 3 | B42: ARAGUAÍNA II | C42: 80 | D42: RODOVIA TO-424 - TRECHO ENTR. TO-222 (PLAT. MULTI-MODAL) - BABAÇULÂNDIA | E42: 424ETO0070 | F42: BARRO PRETO - ENTR. TO-423 | G42: 8.9442886 | H42: PPS | I42: X
A43: 3 | B43: ARAGUAÍNA II | C43: 80 | D43: RODOVIA TO-424 - TRECHO ENTR. TO-222 (PLAT. MULTI-MODAL) - BABAÇULÂNDIA | E43: 424ETO0080 | F43: ENTR. TO-423 - TRECHO ENTR. TO-222 | G43: 10.895038 | H43: PPS | I43: X
A44: 3 | B44: ARAGUAÍNA II | C44: 81 | D44: RODOVIA TO-424 - TRECHO ENTR. TO-010 (BABAÇULÂNDIA) - ENTR. TO-222 | E44: 424ETO0010 | F44: ENTR. TO-222 - TRECHO CANA BRAVA | G44: 13.613922 | H44: LEN
A45: 3 | B45: ARAGUAÍNA II | C45: 81 | D45: RODOVIA TO-424 - TRECHO ENTR. TO-010 (BABAÇULÂNDIA) - ENTR. TO-222 | E45: 424ETO0015 | F45: CANA BRAVA - ENTR. TO-130 | G45: 3.8645041 | H45: LEN
A46: 3 | B46: ARAGUAÍNA II | C46: 81 | D46: RODOVIA TO-424 - TRECHO ENTR. TO-010 (BABAÇULÂNDIA) - ENTR. TO-222 | E46: 424ETO0020 | F46: ENTR. TO-130 - TRECHO ENTR. TO-010 | G46: 14.021279 | H46: LEN
A47: 3 | B47: ARAGUAÍNA II | C47: 82 | D47: RODOVIA TO-425 - TRECHO ENTR. TO-130 (BARRA DO OURO) - GOIATINS | E47: 425ETO0010 | F47: GOIATINS *TRECHO URBANO* - ENTR. TO-130 | G47: 47.358812 | H47: LEN
A48: 3 | B48: ARAGUAÍNA II | C48: 83 | D48: RODOVIA TO-426 - TRECHO POVOADO CRAOLÂNDIA - ENTR. TO-226 | E48: 426ETO0010 | F48: ENTR. TO-226 - TRECHO POV. CRAOLÂNDIA | G48: 31.730768 | H48: LEN
A49: 3 | B49: ARAGUAÍNA II | C49: 84 | D49: RODOVIA TO-428 - TRECHO POVOADO BANDEIRA - ENTR. TO-226 | E49: 428ETO0010 | F49: ENTR. TO-226 - TRECHO RANCHARIA | G49: 28.0702 | H49: LEN
A50: 3 | B50: ARAGUAÍNA II | C50: 84 | D50: RODOVIA TO-428 - TRECHO POVOADO BANDEIRA - ENTR. TO-226 | E50: 428ETO0020 | F50: RANCHARIA - BANDEIRA | G50: 13.451489 | H50: LEN
G51: =SUBTOTAL(9,G5:G43) -> 570.50539 | I51: =G43+G42+G41+G40+G38+G12+G9+G8+G7+G6+G5+G17+G18+G19+G23+G24+G25+G28 -> 274.87051

Sheet 68
A1: PROGRAMA DE MANUTENÇÃORODOVIÁRIA
D2: RODOVIAS PAVIMENTADAS | I2: DATA: | J2: 46204 | N2: TÉCNICO RESP. | O2: ENG. VINÍCIUS RODRIGUES FERREIRA DE OLIVEIRA
A3: FICHA DE INSPEÇÃO: | B3: =TT!C4 -> RODOVIA TO-010 - TRECHO PALMEIRANTE - ENTR. TO-222 (POVOADO BIELÂNDIA)
A5: S.R.E. | B5: SENTIDO | C5: INÍCIO (KM) | D5: FIM (KM) | E5: CONDIÇÃO DO PAVIMENTO | J5: VEGETAÇÃO | L5: ELEM. DE DRENAGEM | O5: SIN. HOR. | R5: SIN. VERTICAL | U5: OBSERV.
E6: BOM | F6: REM. I. | G6: REM. L | H6: BUR. I | I6: BUR. L | J6: ADEQ. | K6: INADED. | L6: LIMPOS | M6: SUJOS | N6: DAN. | O6: BOM | P6: REG. | Q6: INEXIST. | R6: BOM | S6: POUCAS | T6: INEXIST.
A7: 010ETO0360 | B7: C | C7: 0 | D7: 1 | E7: X | K7: X | M7: X | O7: X | S7: X | U7: 14,86 km
C8: =D7 -> 1 | D8: 2 | E8: X | K8: X | M8: X | O8: X | S8: X
C9: =D8 -> 2 | D9: 3 | E9: X | K9: X | M9: X | O9: X | S9: X
C10: =D9 -> 3 | D10: 4 | E10: X | K10: X | M10: X | O10: X | S10: X
C11: =D10 -> 4 | D11: 5 | E11: X | K11: X | M11: X | O11: X | S11: X
C12: =D11 -> 5 | D12: 6 | E12: X | K12: X | M12: X | O12: X | S12: X
C13: =D12 -> 6 | D13: 7 | E13: X | K13: X | M13: X | O13: X | S13: X
C14: =D13 -> 7 | D14: 8 | E14: X | K14: X | M14: X | O14: X | S14: X
C15: =D14 -> 8 | D15: 9 | E15: X | K15: X | M15: X | O15: X | S15: X
C16: =D15 -> 9 | D16: 10 | E16: X | K16: X | M16: X | O16: X | S16: X
C17: =D16 -> 10 | D17: 11 | E17: X | K17: X | M17: X | O17: X | S17: X
C18: =D17 -> 11 | D18: 12 | E18: X | K18: X | M18: X | O18: X | S18: X
C19: =D18 -> 12 | D19: 13 | E19: X | K19: X | M19: X | O19: X | S19: X
... C21: =D20 -> 14 | D21: 14.86 | E21: X | K21: X | M21: X | O21: X | S21: X
A23: 010ETO0320 | C23: 0 | D23: 10.999804 | E23: X | K23: X | M23: X | O23: X | S23: X
A24: 010ETO0330 | C24: 0 | D24: 9.147414 | H24: X | K24: X | M24: X | O24: X | S24: X
A26: 010ETO0340 | C26: 0 | D26: 11.531266 | E26: X | K26: X | M26: X | O26: X | S26: X
A30: 010ETO0350 | C30: 0 | D30: 25.891159 | E30: X | K30: X | M30: X | O30: X | S30: X
A36: LEGENDA | B36: CONDIÇÃO DO PAVIMENTO
A37: REM. I | B37: REMENDOS ISOLADOS | E37: ATÉ 10 REMENDOS/KM | I37: BUR. I | J37: BURACOS ISOLADOS | M37: ATÉ 5 BURACOS/KM
A38: REM. L | B38: REMENDOS AO LONGO | E38: MAIS DE 10 REMENDOS/KM | I38: BUR. L | J38: BURACOS AO LONGO | M38: MAIS DE 5 BURACOS/KM
E43: =IF(E7="X",(D7-C7),"0") -> 1 | F43: =IF(F7="X",(D7-C7),"0") -> 0 | G43: =IF(G7="X",(D7-C7),"0") -> 0 | H43: =IF(H7="X",(D7-C7),"0") -> 0 | I43: =IF(I7="X",(D7-C7),"0") -> 0 | J43: =IF(J7="X",(D7-C7),"0") -> 0 | K43: =IF(K7="X",(D7-C7),"0") -> 1 | L43: =IF(L7="X",(D7-C7),"0") -> 0 | M43: =IF(M7="X",(D7-C7),"0") -> 1 | N43: =IF(N7="X",(D7-C7),"0") -> 0 | O43: =IF(O7="X",(D7-C7),"0") -> 1 | P43: =IF(P7="X",(D7-C7),"0") -> 0 | Q43: =IF(Q7="X",(D7-C7),"0") -> 0 | R43: =IF(R7="X",(D7-C7),"0") -> 0 | S43: =IF(S7="X",(D7-C7),"0") -> 1 | T43: =IF(T7="X",(D7-C7),"0") -> 0
E44: =IF(E8="X",(D8-C8),"0") -> 1 | F44: =IF(F8="X",(D8-C8),"0") -> 0 | G44: =IF(G8="X",(D8-C8),"0") -> 0 | H44: =IF(H8="X",(D8-C8),"0") -> 0 | I44: =IF(I8="X",(D8-C8),"0") -> 0 | J44: =IF(J8="X",(D8-C8),"0") -> 0 | K44: =IF(K8="X",(D8-C8),"0") -> 1 | L44: =IF(L8="X",(D8-C8),"0") -> 0 | M44: =IF(M8="X",(D8-C8),"0") -> 1 | N44: =IF(N8="X",(D8-C8),"0") -> 0 | O44: =IF(O8="X",(D8-C8),"0") -> 1 | P44: =IF(P8="X",(D8-C8),"0") -> 0 | Q44: =IF(Q8="X",(D8-C8),"0") -> 0 | R44: =IF(R8="X",(D8-C8),"0") -> 0 | S44: =IF(S8="X",(D8-C8),"0") -> 1 | T44: =IF(T8="X",(D8-C8),"0") -> 0
E45: =IF(E9="X",(D9-C9),"0") -> 1 | F45: =IF(F9="X",(D9-C9),"0") -> 0 | G45: =IF(G9="X",(D9-C9),"0") -> 0 | H45: =IF(H9="X",(D9-C9),"0") -> 0 | I45: =IF(I9="X",(D9-C9),"0") -> 0 | J45: =IF(J9="X",(D9-C9),"0") -> 0 | K45: =IF(K9="X",(D9-C9),"0") -> 1 | L45: =IF(L9="X",(D9-C9),"0") -> 0 | M45: =IF(M9="X",(D9-C9),"0") -> 1 | N45: =IF(N9="X",(D9-C9),"0") -> 0 | O45: =IF(O9="X",(D9-C9),"0") -> 1 | P45: =IF(P9="X",(D9-C9),"0") -> 0 | Q45: =IF(Q9="X",(D9-C9),"0") -> 0 | R45: =IF(R9="X",(D9-C9),"0") -> 0 | S45: =IF(S9="X",(D9-C9),"0") -> 1 | T45: =IF(T9="X",(D9-C9),"0") -> 0
E46: =IF(E10="X",(D10-C10),"0") -> 1 | F46: =IF(F10="X",(D10-C10),"0") -> 0 | G46: =IF(G10="X",(D10-C10),"0") -> 0 | H46: =IF(H10="X",(D10-C10),"0") -> 0 | I46: =IF(I10="X",(D10-C10),"0") -> 0 | J46: =IF(J10="X",(D10-C10),"0") -> 0 | K46: =IF(K10="X",(D10-C10),"0") -> 1 | L46: =IF(L10="X",(D10-C10),"0") -> 0 | M46: =IF(M10="X",(D10-C10),"0") -> 1 | N46: =IF(N10="X",(D10-C10),"0") -> 0 | O46: =IF(O10="X",(D10-C10),"0") -> 1 | P46: =IF(P10="X",(D10-C10),"0") -> 0 | Q46: =IF(Q10="X",(D10-C10),"0") -> 0 | R46: =IF(R10="X",(D10-C10),"0") -> 0 | S46: =IF(S10="X",(D10-C10),"0") -> 1 | T46: =IF(T10="X",(D10-C10),"0") -> 0
E47: =IF(E11="X",(D11-C11),"0") -> 1 | F47: =IF(F11="X",(D11-C11),"0") -> 0 | G47: =IF(G11="X",(D11-C11),"0") -> 0 | H47: =IF(H11="X",(D11-C11),"0") -> 0 | I47: =IF(I11="X",(D11-C11),"0") -> 0 | J47: =IF(J11="X",(D11-C11),"0") -> 0 | K47: =IF(K11="X",(D11-C11),"0") -> 1 | L47: =IF(L11="X",(D11-C11),"0") -> 0 | M47: =IF(M11="X",(D11-C11),"0") -> 1 | N47: =IF(N11="X",(D11-C11),"0") -> 0 | O47: =IF(O11="X",(D11-C11),"0") -> 1 | P47: =IF(P11="X",(D11-C11),"0") -> 0 | Q47: =IF(Q11="X",(D11-C11),"0") -> 0 | R47: =IF(R11="X",(D11-C11),"0") -> 0 | S47: =IF(S11="X",(D11-C11),"0") -> 1 | T47: =IF(T11="X",(D11-C11),"0") -> 0
E48: =IF(E12="X",(D12-C12),"0") -> 1 | F48: =IF(F12="X",(D12-C12),"0") -> 0 | G48: =IF(G12="X",(D12-C12),"0") -> 0 | H48: =IF(H12="X",(D12-C12),"0") -> 0 | I48: =IF(I12="X",(D12-C12),"0") -> 0 | J48: =IF(J12="X",(D12-C12),"0") -> 0 | K48: =IF(K12="X",(D12-C12),"0") -> 1 | L48: =IF(L12="X",(D12-C12),"0") -> 0 | M48: =IF(M12="X",(D12-C12),"0") -> 1 | N48: =IF(N12="X",(D12-C12),"0") -> 0 | O48: =IF(O12="X",(D12-C12),"0") -> 1 | P48: =IF(P12="X",(D12-C12),"0") -> 0 | Q48: =IF(Q12="X",(D12-C12),"0") -> 0 | R48: =IF(R12="X",(D12-C12),"0") -> 0 | S48: =IF(S12="X",(D12-C12),"0") -> 1 | T48: =IF(T12="X",(D12-C12),"0") -> 0
E49: =IF(E13="X",(D13-C13),"0") -> 1 | F49: =IF(F13="X",(D13-C13),"0") -> 0 | G49: =IF(G13="X",(D13-C13),"0") -> 0 | H49: =IF(H13="X",(D13-C13),"0") -> 0 | I49: =IF(I13="X",(D13-C13),"0") -> 0 | J49: =IF(J13="X",(D13-C13),"0") -> 0 | K49: =IF(K13="X",(D13-C13),"0") -> 1 | L49: =IF(L13="X",(D13-C13),"0") -> 0 | M49: =IF(M13="X",(D13-C13),"0") -> 1 | N49: =IF(N13="X",(D13-C13),"0") -> 0 | O49: =IF(O13="X",(D13-C13),"0") -> 1 | P49: =IF(P13="X",(D13-C13),"0") -> 0 | Q49: =IF(Q13="X",(D13-C13),"0") -> 0 | R49: =IF(R13="X",(D13-C13),"0") -> 0 | S49: =IF(S13="X",(D13-C13),"0") -> 1 | T49: =IF(T13="X",(D13-C13),"0") -> 0
E50: =IF(E14="X",(D14-C14),"0") -> 1 | F50: =IF(F14="X",(D14-C14),"0") -> 0 | G50: =IF(G14="X",(D14-C14),"0") -> 0 | H50: =IF(H14="X",(D14-C14),"0") -> 0 | I50: =IF(I14="X",(D14-C14),"0") -> 0 | J50: =IF(J14="X",(D14-C14),"0") -> 0 | K50: =IF(K14="X",(D14-C14),"0") -> 1 | L50: =IF(L14="X",(D14-C14),"0") -> 0 | M50: =IF(M14="X",(D14-C14),"0") -> 1 | N50: =IF(N14="X",(D14-C14),"0") -> 0 | O50: =IF(O14="X",(D14-C14),"0") -> 1 | P50: =IF(P14="X",(D14-C14),"0") -> 0 | Q50: =IF(Q14="X",(D14-C14),"0") -> 0 | R50: =IF(R14="X",(D14-C14),"0") -> 0 | S50: =IF(S14="X",(D14-C14),"0") -> 1 | T50: =IF(T14="X",(D14-C14),"0") -> 0
E51: =IF(E15="X",(D15-C15),"0") -> 1 | F51: =IF(F15="X",(D15-C15),"0") -> 0 | G51: =IF(G15="X",(D15-C15),"0") -> 0 | H51: =IF(H15="X",(D15-C15),"0") -> 0 | I51: =IF(I15="X",(D15-C15),"0") -> 0 | J51: =IF(J15="X",(D15-C15),"0") -> 0 | K51: =IF(K15="X",(D15-C15),"0") -> 1 | L51: =IF(L15="X",(D15-C15),"0") -> 0 | M51: =IF(M15="X",(D15-C15),"0") -> 1 | N51: =IF(N15="X",(D15-C15),"0") -> 0 | O51: =IF(O15="X",(D15-C15),"0") -> 1 | P51: =IF(P15="X",(D15-C15),"0") -> 0 | Q51: =IF(Q15="X",(D15-C15),"0") -> 0 | R51: =IF(R15="X",(D15-C15),"0") -> 0 | S51: =IF(S15="X",(D15-C15),"0") -> 1 | T51: =IF(T15="X",(D15-C15),"0") -> 0
E52: =IF(E16="X",(D16-C16),"0") -> 1 | F52: =IF(F16="X",(D16-C16),"0") -> 0 | G52: =IF(G16="X",(D16-C16),"0") -> 0 | H52: =IF(H16="X",(D16-C16),"0") -> 0 | I52: =IF(I16="X",(D16-C16),"0") -> 0 | J52: =IF(J16="X",(D16-C16),"0") -> 0 | K52: =IF(K16="X",(D16-C16),"0") -> 1 | L52: =IF(L16="X",(D16-C16),"0") -> 0 | M52: =IF(M16="X",(D16-C16),"0") -> 1 | N52: =IF(N16="X",(D16-C16),"0") -> 0 | O52: =IF(O16="X",(D16-C16),"0") -> 1 | P52: =IF(P16="X",(D16-C16),"0") -> 0 | Q52: =IF(Q16="X",(D16-C16),"0") -> 0 | R52: =IF(R16="X",(D16-C16),"0") -> 0 | S52: =IF(S16="X",(D16-C16),"0") -> 1 | T52: =IF(T16="X",(D16-C16),"0") -> 0
E53: =IF(E17="X",(D17-C17),"0") -> 1 | F53: =IF(F17="X",(D17-C17),"0") -> 0 | G53: =IF(G17="X",(D17-C17),"0") -> 0 | H53: =IF(H17="X",(D17-C17),"0") -> 0 | I53: =IF(I17="X",(D17-C17),"0") -> 0 | J53: =IF(J17="X",(D17-C17),"0") -> 0 | K53: =IF(K17="X",(D17-C17),"0") -> 1 | L53: =IF(L17="X",(D17-C17),"0") -> 0 | M53: =IF(M17="X",(D17-C17),"0") -> 1 | N53: =IF(N17="X",(D17-C17),"0") -> 0 | O53: =IF(O17="X",(D17-C17),"0") -> 1 | P53: =IF(P17="X",(D17-C17),"0") -> 0 | Q53: =IF(Q17="X",(D17-C17),"0") -> 0 | R53: =IF(R17="X",(D17-C17),"0") -> 0 | S53: =IF(S17="X",(D17-C17),"0") -> 1 | T53: =IF(T17="X",(D17-C17),"0") -> 0
E54: =IF(E18="X",(D18-C18),"0") -> 1 | F54: =IF(F18="X",(D18-C18),"0") -> 0 | G54: =IF(G18="X",(D18-C18),"0") -> 0 | H54: =IF(H18="X",(D18-C18),"0") -> 0 | I54: =IF(I18="X",(D18-C18),"0") -> 0 | J54: =IF(J18="X",(D18-C18),"0") -> 0 | K54: =IF(K18="X",(D18-C18),"0") -> 1 | L54: =IF(L18="X",(D18-C18),"0") -> 0 | M54: =IF(M18="X",(D18-C18),"0") -> 1 | N54: =IF(N18="X",(D18-C18),"0") -> 0 | O54: =IF(O18="X",(D18-C18),"0") -> 1 | P54: =IF(P18="X",(D18-C18),"0") -> 0 | Q54: =IF(Q18="X",(D18-C18),"0") -> 0 | R54: =IF(R18="X",(D18-C18),"0") -> 0 | S54: =IF(S18="X",(D18-C18),"0") -> 1 | T54: =IF(T18="X",(D18-C18),"0") -> 0
... E130: =IF(E94="X",(D94-C94),"0") -> 0 | F130: =IF(F94="X",(D94-C94),"0") -> 0 | G130: =IF(G94="X",(D94-C94),"0") -> 0 | H130: =IF(H94="X",(D94-C94),"0") -> 0 | I130: =IF(I94="X",(D94-C94),"0") -> 0 | J130: =IF(J94="X",(D94-C94),"0") -> 0 | K130: =IF(K94="X",(D94-C94),"0") -> 0 | L130: =IF(L94="X",(D94-C94),"0") -> 0 | M130: =IF(M94="X",(D94-C94),"0") -> 0 | N130: =IF(N94="X",(D94-C94),"0") -> 0 | O130: =IF(O94="X",(D94-C94),"0") -> 0 | P130: =IF(P94="X",(D94-C94),"0") -> 0 | Q130: =IF(Q94="X",(D94-C94),"0") -> 0 | R130: =IF(R94="X",(D94-C94),"0") -> 0 | S130: =IF(S94="X",(D94-C94),"0") -> 0 | T130: =IF(T94="X",(D94-C94),"0") -> 0
E131: =SUM(E43:E130) -> 63.282228 | F131: =SUM(F43:F130) -> 0 | G131: =SUM(G43:G130) -> 0 | H131: =SUM(H43:H130) -> 9.147414 | I131: =SUM(I43:I130) -> 0 | J131: =SUM(J43:J130) -> 0 | K131: =SUM(K43:K130) -> 72.429642 | L131: =SUM(L43:L130) -> 0 | ... T131: =SUM(T43:T130) -> 0

Sheet 70
A1: PROGRAMA DE MANUTENÇÃORODOVIÁRIA
D2: RODOVIAS PAVIMENTADAS | I2: DATA: | J2: ='68'!$J$2 -> 46204 | N2: TÉCNICO RESP. | O2: ='68'!$O$2 -> ENG. VINÍCIUS RODRIGUES FERREIRA DE OLIVEIRA
A3: FICHA DE INSPEÇÃO: | B3: =TT!C5 -> RODOVIA TO-010 - TRECHO BABAÇULÂNDIA - WANDERLÂNDIA
A5: S.R.E. | B5: SENTIDO | C5: INÍCIO (KM) | D5: FIM (KM) | E5: CONDIÇÃO DO PAVIMENTO | J5: VEGETAÇÃO | L5: ELEM. DE DRENAGEM | O5: SIN. HOR. | R5: SIN. VERTICAL | U5: OBSERV.
E6: BOM | F6: REM. I. | G6: REM. L | H6: BUR. I | I6: BUR. L | J6: ADEQ. | K6: INADED. | L6: LIMPOS | M6: SUJOS | N6: DAN. | O6: BOM | P6: REG. | Q6: INEXIST. | R6: BOM | S6: POUCAS | T6: INEXIST.
A7: 010ETO0420 | B7: D | C7: 0 | D7: 1 | E7: X | K7: X | M7: X | O7: X | R7: X
C8: =D7 -> 1 | D8: 2 | E8: X | K8: X | M8: X | O8: X | R8: X
C9: =D8 -> 2 | D9: 3 | E9: X | K9: X | M9: X | O9: X | R9: X
C10: =D9 -> 3 | D10: 4 | E10: X | K10: X | M10: X | O10: X | R10: X
C11: =D10 -> 4 | D11: 5 | E11: X | K11: X | M11: X | O11: X | R11: X
C12: =D11 -> 5 | D12: 6 | E12: X | K12: X | M12: X | O12: X | R12: X
C13: =D12 -> 6 | D13: 7 | I13: X | K13: X | O13: X | R13: X
C14: =D13 -> 7 | D14: 8 | E14: X | K14: X | M14: X | O14: X | R14: X
C15: =D14 -> 8 | D15: 9 | E15: X | K15: X | M15: X | O15: X | R15: X
C16: =D15 -> 9 | D16: 10 | E16: X | K16: X | M16: X | O16: X | R16: X
C17: =D16 -> 10 | D17: 11 | E17: X | K17: X | M17: X | O17: X | R17: X
C18: =D17 -> 11 | D18: 12 | E18: X | K18: X | M18: X | O18: X | R18: X
C19: =D18 -> 12 | D19: 13 | E19: X | K19: X | O19: X | R19: X
C20: =D19 -> 13 | D20: 14 | E20: X | K20: X | O20: X | R20: X
C21: =D20 -> 14 | D21: 15 | H21: X | K21: X | O21: X | R21: X
C22: =D21 -> 15 | D22: 16 | E22: X | K22: X | O22: X | R22: X
C23: =D22 -> 16 | D23: 17 | E23: X | K23: X | O23: X | R23: X
C24: =D23 -> 17 | D24: 18 | E24: X | K24: X | O24: X | R24: X
C25: =D24 -> 18 | D25: 19 | E25: X | K25: X | O25: X | R25: X
C26: =D25 -> 19 | D26: 20 | H26: X | K26: X | O26: X | R26: X
C27: =D26 -> 20 | D27: 21 | E27: X | K27: X | O27: X | R27: X
C28: =D27 -> 21 | D28: 22 | E28: X | K28: X | O28: X | R28: X
C29: =D28 -> 22 | D29: 23 | E29: X | K29: X | O29: X | R29: X
C30: =D29 -> 23 | D30: 24 | E30: X | K30: X | O30: X | R30: X
C31: =D30 -> 24 | D31: 25 | E31: X | K31: X | O31: X | R31: X
C32: =D31 -> 25 | D32: 26 | E32: X | K32: X | M32: X | O32: X | R32: X
C33: =D32 -> 26 | D33: 27 | E33: X | K33: X | M33: X | O33: X | R33: X
C34: =D33 -> 27 | D34: 28 | E34: X | K34: X | O34: X | R34: X
C35: =D34 -> 28 | D35: 29 | E35: X | K35: X | O35: X | R35: X
C36: =D35 -> 29 | D36: 30 | E36: X | K36: X | O36: X | R36: X
C37: =D36 -> 30 | D37: 31 | E37: X | K37: X | O37: X | R37: X
C38: =D37 -> 31 | D38: 32 | E38: X | K38: X | M38: X | O38: X | R38: X
C39: =D38 -> 32 | D39: 33 | E39: X | K39: X | O39: X | R39: X
C40: =D39 -> 33 | D40: 34 | E40: X | K40: X | O40: X | R40: X
C41: =D40 -> 34 | D41: 35 | H41: X | K41: X | M41: X | O41: X | R41: X
C42: =D41 -> 35 | D42: 36 | E42: X | K42: X | O42: X | R42: X
C43: =D42 -> 36 | D43: 37 | E43: X | K43: X | M43: X | O43: X | R43: X
C44: =D43 -> 37 | D44: 38 | E44: X | K44: X | M44: X | O44: X | R44: X
C45: =D44 -> 38 | D45: 39 | E45: X | K45: X | M45: X | O45: X | R45: X
C46: =D45 -> 39 | D46: 40 | E46: X | K46: X | M46: X | O46: X | R46: X
C47: =D46 -> 40 | D47: 41 | E47: X | K47: X | O47: X | R47: X
C48: =D47 -> 41 | D48: 42 | E48: X | K48: X | O48: X | R48: X
C49: =D48 -> 42 | D49: 43 | E49: X | K49: X | O49: X | R49: X
C50: =D49 -> 43 | D50: 44 | E50: X | K50: X | O50: X | R50: X
C51: =D50 -> 44 | D51: 45 | E51: X | K51: X | O51: X | R51: X
C52: =D51 -> 45 | D52: 46 | E52: X | K52: X | O52: X | R52: X
C53: =D52 -> 46 | D53: 47 | E53: X | K53: X | M53: X | O53: X | R53: X
C54: =D53 -> 47 | D54: 48 | E54: X | K54: X | O54: X | R54: X
C55: =D54 -> 48 | D55: 49 | E55: X | K55: X | O55: X | R55: X
C56: =D55 -> 49 | D56: 50 | E56: X | K56: X | O56: X | R56: X
C57: =D56 -> 50 | D57: 51 | E57: X | K57: X | O57: X | R57: X
C58: =D57 -> 51 | D58: 52 | E58: X | K58: X | O58: X | R58: X
C59: =D58 -> 52 | D59: 53 | E59: X | K59: X | L59: X | O59: X | R59: X
C60: =D59 -> 53 | D60: 54 | E60: X | K60: X | O60: X | R60: X
C61: =D60 -> 54 | D61: 54.57 | E61: X | K61: X | O61: X | R61: X
A67: LEGENDA | B67: CONDIÇÃO DO PAVIMENTO
A68: REM. I | B68: REMENDOS ISOLADOS | E68: ATÉ 10 REMENDOS/KM | I68: BUR. I | J68: BURACOS ISOLADOS | M68: ATÉ 5 BURACOS/KM
A69: REM. L | B69: REMENDOS AO LONGO | E69: MAIS DE 10 REMENDOS/KM | I69: BUR. L | J69: BURACOS AO LONGO | M69: MAIS DE 5 BURACOS/KM
E74: =IF(E7="X",(D7-C7),"0") -> 1 | F74: =IF(F7="X",(D7-C7),"0") -> 0 | G74: =IF(G7="X",(D7-C7),"0") -> 0 | H74: =IF(H7="X",(D7-C7),"0") -> 0 | I74: =IF(I7="X",(D7-C7),"0") -> 0 | J74: =IF(J7="X",(D7-C7),"0") -> 0 | K74: =IF(K7="X",(D7-C7),"0") -> 1 | L74: =IF(L7="X",(D7-C7),"0") -> 0 | M74: =IF(M7="X",(D7-C7),"0") -> 1 | N74: =IF(N7="X",(D7-C7),"0") -> 0 | O74: =IF(O7="X",(D7-C7),"0") -> 1 | P74: =IF(P7="X",(D7-C7),"0") -> 0 | Q74: =IF(Q7="X",(D7-C7),"0") -> 0 | R74: =IF(R7="X",(D7-C7),"0") -> 1 | S74: =IF(S7="X",($D$7-$C$7),"0") -> 0 | T74: =IF(T7="X",($D$7-$C$7),"0") -> 0
E75: =IF(E8="X",(D8-C8),"0") -> 1 | F75: =IF(F8="X",(D8-C8),"0") -> 0 | G75: =IF(G8="X",(D8-C8),"0") -> 0 | H75: =IF(H8="X",(D8-C8),"0") -> 0 | I75: =IF(I8="X",(D8-C8),"0") -> 0 | J75: =IF(J8="X",(D8-C8),"0") -> 0 | K75: =IF(K8="X",(D8-C8),"0") -> 1 | L75: =IF(L8="X",(D8-C8),"0") -> 0 | M75: =IF(M8="X",(D8-C8),"0") -> 1 | N75: =IF(N8="X",(D8-C8),"0") -> 0 | O75: =IF(O8="X",(D8-C8),"0") -> 1 | P75: =IF(P8="X",(D8-C8),"0") -> 0 | Q75: =IF(Q8="X",(D8-C8),"0") -> 0 | R75: =IF(R8="X",(D8-C8),"0") -> 1 | S75: =IF(S8="X",($D$7-$C$7),"0") -> 0 | T75: =IF(T8="X",($D$7-$C$7),"0") -> 0
E76: =IF(E9="X",(D9-C9),"0") -> 1 | F76: =IF(F9="X",(D9-C9),"0") -> 0 | G76: =IF(G9="X",(D9-C9),"0") -> 0 | H76: =IF(H9="X",(D9-C9),"0") -> 0 | I76: =IF(I9="X",(D9-C9),"0") -> 0 | J76: =IF(J9="X",(D9-C9),"0") -> 0 | K76: =IF(K9="X",(D9-C9),"0") -> 1 | L76: =IF(L9="X",(D9-C9),"0") -> 0 | M76: =IF(M9="X",(D9-C9),"0") -> 1 | N76: =IF(N9="X",(D9-C9),"0") -> 0 | O76: =IF(O9="X",(D9-C9),"0") -> 1 | P76: =IF(P9="X",(D9-C9),"0") -> 0 | Q76: =IF(Q9="X",(D9-C9),"0") -> 0 | R76: =IF(R9="X",(D9-C9),"0") -> 1 | S76: =IF(S9="X",($D$7-$C$7),"0") -> 0 | T76: =IF(T9="X",($D$7-$C$7),"0") -> 0
E77: =IF(E10="X",(D10-C10),"0") -> 1 | F77: =IF(F10="X",(D10-C10),"0") -> 0 | G77: =IF(G10="X",(D10-C10),"0") -> 0 | H77: =IF(H10="X",(D10-C10),"0") -> 0 | I77: =IF(I10="X",(D10-C10),"0") -> 0 | J77: =IF(J10="X",(D10-C10),"0") -> 0 | K77: =IF(K10="X",(D10-C10),"0") -> 1 | L77: =IF(L10="X",(D10-C10),"0") -> 0 | M77: =IF(M10="X",(D10-C10),"0") -> 1 | N77: =IF(N10="X",(D10-C10),"0") -> 0 | O77: =IF(O10="X",(D10-C10),"0") -> 1 | P77: =IF(P10="X",(D10-C10),"0") -> 0 | Q77: =IF(Q10="X",(D10-C10),"0") -> 0 | R77: =IF(R10="X",(D10-C10),"0") -> 1 | S77: =IF(S10="X",($D$7-$C$7),"0") -> 0 | T77: =IF(T10="X",($D$7-$C$7),"0") -> 0
E78: =IF(E11="X",(D11-C11),"0") -> 1 | F78: =IF(F11="X",(D11-C11),"0") -> 0 | G78: =IF(G11="X",(D11-C11),"0") -> 0 | H78: =IF(H11="X",(D11-C11),"0") -> 0 | I78: =IF(I11="X",(D11-C11),"0") -> 0 | J78: =IF(J11="X",(D11-C11),"0") -> 0 | K78: =IF(K11="X",(D11-C11),"0") -> 1 | L78: =IF(L11="X",(D11-C11),"0") -> 0 | M78: =IF(M11="X",(D11-C11),"0") -> 1 | N78: =IF(N11="X",(D11-C11),"0") -> 0 | O78: =IF(O11="X",(D11-C11),"0") -> 1 | P78: =IF(P11="X",(D11-C11),"0") -> 0 | Q78: =IF(Q11="X",(D11-C11),"0") -> 0 | R78: =IF(R11="X",(D11-C11),"0") -> 1 | S78: =IF(S11="X",($D$7-$C$7),"0") -> 0 | T78: =IF(T11="X",($D$7-$C$7),"0") -> 0
E79: =IF(E12="X",(D12-C12),"0") -> 1 | F79: =IF(F12="X",(D12-C12),"0") -> 0 | G79: =IF(G12="X",(D12-C12),"0") -> 0 | H79: =IF(H12="X",(D12-C12),"0") -> 0 | I79: =IF(I12="X",(D12-C12),"0") -> 0 | J79: =IF(J12="X",(D12-C12),"0") -> 0 | K79: =IF(K12="X",(D12-C12),"0") -> 1 | L79: =IF(L12="X",(D12-C12),"0") -> 0 | M79: =IF(M12="X",(D12-C12),"0") -> 1 | N79: =IF(N12="X",(D12-C12),"0") -> 0 | O79: =IF(O12="X",(D12-C12),"0") -> 1 | P79: =IF(P12="X",(D12-C12),"0") -> 0 | Q79: =IF(Q12="X",(D12-C12),"0") -> 0 | R79: =IF(R12="X",(D12-C12),"0") -> 1 | S79: =IF(S12="X",($D$7-$C$7),"0") -> 0 | T79: =IF(T12="X",($D$7-$C$7),"0") -> 0
E80: =IF(E13="X",(D13-C13),"0") -> 0 | F80: =IF(F13="X",(D13-C13),"0") -> 0 | G80: =IF(G13="X",(D13-C13),"0") -> 0 | H80: =IF(H13="X",(D13-C13),"0") -> 0 | I80: =IF(I13="X",(D13-C13),"0") -> 1 | J80: =IF(J13="X",(D13-C13),"0") -> 0 | K80: =IF(K13="X",(D13-C13),"0") -> 1 | L80: =IF(L13="X",(D13-C13),"0") -> 0 | M80: =IF(M13="X",(D13-C13),"0") -> 0 | N80: =IF(N13="X",(D13-C13),"0") -> 0 | O80: =IF(O13="X",(D13-C13),"0") -> 1 | P80: =IF(P13="X",(D13-C13),"0") -> 0 | Q80: =IF(Q13="X",(D13-C13),"0") -> 0 | R80: =IF(R13="X",(D13-C13),"0") -> 1 | S80: =IF(S13="X",($D$7-$C$7),"0") -> 0 | T80: =IF(T13="X",($D$7-$C$7),"0") -> 0
E81: =IF(E14="X",(D14-C14),"0") -> 1 | F81: =IF(F14="X",(D14-C14),"0") -> 0 | G81: =IF(G14="X",(D14-C14),"0") -> 0 | H81: =IF(H14="X",(D14-C14),"0") -> 0 | I81: =IF(I14="X",(D14-C14),"0") -> 0 | J81: =IF(J14="X",(D14-C14),"0") -> 0 | K81: =IF(K14="X",(D14-C14),"0") -> 1 | L81: =IF(L14="X",(D14-C14),"0") -> 0 | M81: =IF(M14="X",(D14-C14),"0") -> 1 | N81: =IF(N14="X",(D14-C14),"0") -> 0 | O81: =IF(O14="X",(D14-C14),"0") -> 1 | P81: =IF(P14="X",(D14-C14),"0") -> 0 | Q81: =IF(Q14="X",(D14-C14),"0") -> 0 | R81: =IF(R14="X",(D14-C14),"0") -> 1 | S81: =IF(S14="X",($D$7-$C$7),"0") -> 0 | T81: =IF(T14="X",($D$7-$C$7),"0") -> 0
E82: =IF(E15="X",(D15-C15),"0") -> 1 | F82: =IF(F15="X",(D15-C15),"0") -> 0 | G82: =IF(G15="X",(D15-C15),"0") -> 0 | H82: =IF(H15="X",(D15-C15),"0") -> 0 | I82: =IF(I15="X",(D15-C15),"0") -> 0 | J82: =IF(J15="X",(D15-C15),"0") -> 0 | K82: =IF(K15="X",(D15-C15),"0") -> 1 | L82: =IF(L15="X",(D15-C15),"0") -> 0 | M82: =IF(M15="X",(D15-C15),"0") -> 1 | N82: =IF(N15="X",(D15-C15),"0") -> 0 | O82: =IF(O15="X",(D15-C15),"0") -> 1 | P82: =IF(P15="X",(D15-C15),"0") -> 0 | Q82: =IF(Q15="X",(D15-C15),"0") -> 0 | R82: =IF(R15="X",(D15-C15),"0") -> 1 | S82: =IF(S15="X",($D$7-$C$7),"0") -> 0 | T82: =IF(T15="X",($D$7-$C$7),"0") -> 0
E83: =IF(E16="X",(D16-C16),"0") -> 1 | F83: =IF(F16="X",(D16-C16),"0") -> 0 | G83: =IF(G16="X",(D16-C16),"0") -> 0 | H83: =IF(H16="X",(D16-C16),"0") -> 0 | I83: =IF(I16="X",(D16-C16),"0") -> 0 | J83: =IF(J16="X",(D16-C16),"0") -> 0 | K83: =IF(K16="X",(D16-C16),"0") -> 1 | L83: =IF(L16="X",(D16-C16),"0") -> 0 | M83: =IF(M16="X",(D16-C16),"0") -> 1 | N83: =IF(N16="X",(D16-C16),"0") -> 0 | O83: =IF(O16="X",(D16-C16),"0") -> 1 | P83: =IF(P16="X",(D16-C16),"0") -> 0 | Q83: =IF(Q16="X",(D16-C16),"0") -> 0 | R83: =IF(R16="X",(D16-C16),"0") -> 1 | S83: =IF(S16="X",($D$7-$C$7),"0") -> 0 | T83: =IF(T16="X",($D$7-$C$7),"0") -> 0
E84: =IF(E17="X",(D17-C17),"0") -> 1 | F84: =IF(F17="X",(D17-C17),"0") -> 0 | G84: =IF(G17="X",(D17-C17),"0") -> 0 | H84: =IF(H17="X",(D17-C17),"0") -> 0 | I84: =IF(I17="X",(D17-C17),"0") -> 0 | J84: =IF(J17="X",(D17-C17),"0") -> 0 | K84: =IF(K17="X",(D17-C17),"0") -> 1 | L84: =IF(L17="X",(D17-C17),"0") -> 0 | M84: =IF(M17="X",(D17-C17),"0") -> 1 | N84: =IF(N17="X",(D17-C17),"0") -> 0 | O84: =IF(O17="X",(D17-C17),"0") -> 1 | P84: =IF(P17="X",(D17-C17),"0") -> 0 | Q84: =IF(Q17="X",(D17-C17),"0") -> 0 | R84: =IF(R17="X",(D17-C17),"0") -> 1 | S84: =IF(S17="X",($D$7-$C$7),"0") -> 0 | T84: =IF(T17="X",($D$7-$C$7),"0") -> 0
E85: =IF(E18="X",(D18-C18),"0") -> 1 | F85: =IF(F18="X",(D18-C18),"0") -> 0 | G85: =IF(G18="X",(D18-C18),"0") -> 0 | H85: =IF(H18="X",(D18-C18),"0") -> 0 | I85: =IF(I18="X",(D18-C18),"0") -> 0 | J85: =IF(J18="X",(D18-C18),"0") -> 0 | K85: =IF(K18="X",(D18-C18),"0") -> 1 | L85: =IF(L18="X",(D18-C18),"0") -> 0 | M85: =IF(M18="X",(D18-C18),"0") -> 1 | N85: =IF(N18="X",(D18-C18),"0") -> 0 | O85: =IF(O18="X",(D18-C18),"0") -> 1 | P85: =IF(P18="X",(D18-C18),"0") -> 0 | Q85: =IF(Q18="X",(D18-C18),"0") -> 0 | R85: =IF(R18="X",(D18-C18),"0") -> 1 | S85: =IF(S18="X",($D$7-$C$7),"0") -> 0 | T85: =IF(T18="X",($D$7-$C$7),"0") -> 0
... E131: =IF(E64="X",(D64-C64),"0") -> 0 | F131: =IF(F64="X",(D64-C64),"0") -> 0 | G131: =IF(G64="X",(D64-C64),"0") -> 0 | H131: =IF(H64="X",(D64-C64),"0") -> 0 | I131: =IF(I64="X",(D64-C64),"0") -> 0 | J131: =IF(J64="X",(D64-C64),"0") -> 0 | K131: =IF(K64="X",(D64-C64),"0") -> 0 | L131: =IF(L64="X",(D64-C64),"0") -> 0 | M131: =IF(M64="X",(D64-C64),"0") -> 0 | N131: =IF(N64="X",(D64-C64),"0") -> 0 | O131: =IF(O64="X",(D64-C64),"0") -> 0 | P131: =IF(P64="X",(D64-C64),"0") -> 0 | Q131: =IF(Q64="X",(D64-C64),"0") -> 0 | R131: =IF(R64="X",(D64-C64),"0") -> 0 | S131: =IF(S64="X",($D$7-$C$7),"0") -> 0 | T131: =IF(T64="X",($D$7-$C$7),"0") -> 0
E132: =IF(E76="X",($D$7-$C$7),"0") -> 0 | F132: =IF(F76="X",($D$7-$C$7),"0") -> 0 | G132: =IF(G76="X",($D$7-$C$7),"0") -> 0 | H132: =IF(H76="X",($D$7-$C$7),"0") -> 0 | I132: =IF(I76="X",($D$7-$C$7),"0") -> 0 | J132: =IF(J76="X",($D$7-$C$7),"0") -> 0 | K132: =IF(K76="X",($D$7-$C$7),"0") -> 0 | L132: =IF(L76="X",($D$7-$C$7),"0") -> 0 | ... T132: =IF(T76="X",($D$7-$C$7),"0") -> 0
E133: =IF(E77="X",($D$7-$C$7),"0") -> 0 | F133: =IF(F77="X",($D$7-$C$7),"0") -> 0 | G133: =IF(G77="X",($D$7-$C$7),"0") -> 0 | H133: =IF(H77="X",($D$7-$C$7),"0") -> 0 | I133: =IF(I77="X",($D$7-$C$7),"0") -> 0 | J133: =IF(J77="X",($D$7-$C$7),"0") -> 0 | K133: =IF(K77="X",($D$7-$C$7),"0") -> 0 | L133: =IF(L77="X",($D$7-$C$7),"0") -> 0 | ... T133: =IF(T77="X",($D$7-$C$7),"0") -> 0
E134: =IF(E78="X",($D$7-$C$7),"0") -> 0 | F134: =IF(F78="X",($D$7-$C$7),"0") -> 0 | G134: =IF(G78="X",($D$7-$C$7),"0") -> 0 | H134: =IF(H78="X",($D$7-$C$7),"0") -> 0 | I134: =IF(I78="X",($D$7-$C$7),"0") -> 0 | J134: =IF(J78="X",($D$7-$C$7),"0") -> 0 | K134: =IF(K78="X",($D$7-$C$7),"0") -> 0 | L134: =IF(L78="X",($D$7-$C$7),"0") -> 0 | ... T134: =IF(T78="X",($D$7-$C$7),"0") -> 0
E135: =IF(E79="X",($D$7-$C$7),"0") -> 0 | F135: =IF(F79="X",($D$7-$C$7),"0") -> 0 | G135: =IF(G79="X",($D$7-$C$7),"0") -> 0 | H135: =IF(H79="X",($D$7-$C$7),"0") -> 0 | I135: =IF(I79="X",($D$7-$C$7),"0") -> 0 | J135: =IF(J79="X",($D$7-$C$7),"0") -> 0 | K135: =IF(K79="X",($D$7-$C$7),"0") -> 0 | L135: =IF(L79="X",($D$7-$C$7),"0") -> 0 | ... T135: =IF(T79="X",($D$7-$C$7),"0") -> 0
E136: =IF(E80="X",($D$7-$C$7),"0") -> 0 | F136: =IF(F80="X",($D$7-$C$7),"0") -> 0 | G136: =IF(G80="X",($D$7-$C$7),"0") -> 0 | H136: =IF(H80="X",($D$7-$C$7),"0") -> 0 | I136: =IF(I80="X",($D$7-$C$7),"0") -> 0 | J136: =IF(J80="X",($D$7-$C$7),"0") -> 0 | K136: =IF(K80="X",($D$7-$C$7),"0") -> 0 | L136: =IF(L80="X",($D$7-$C$7),"0") -> 0 | ... T136: =IF(T80="X",($D$7-$C$7),"0") -> 0
E137: =IF(E81="X",($D$7-$C$7),"0") -> 0 | F137: =IF(F81="X",($D$7-$C$7),"0") -> 0 | G137: =IF(G81="X",($D$7-$C$7),"0") -> 0 | H137: =IF(H81="X",($D$7-$C$7),"0") -> 0 | I137: =IF(I81="X",($D$7-$C$7),"0") -> 0 | J137: =IF(J81="X",($D$7-$C$7),"0") -> 0 | K137: =IF(K81="X",($D$7-$C$7),"0") -> 0 | L137: =IF(L81="X",($D$7-$C$7),"0") -> 0 | ... T137: =IF(T81="X",($D$7-$C$7),"0") -> 0
E138: =IF(E82="X",($D$7-$C$7),"0") -> 0 | F138: =IF(F82="X",($D$7-$C$7),"0") -> 0 | G138: =IF(G82="X",($D$7-$C$7),"0") -> 0 | H138: =IF(H82="X",($D$7-$C$7),"0") -> 0 | I138: =IF(I82="X",($D$7-$C$7),"0") -> 0 | J138: =IF(J82="X",($D$7-$C$7),"0") -> 0 | K138: =IF(K82="X",($D$7-$C$7),"0") -> 0 | L138: =IF(L82="X",($D$7-$C$7),"0") -> 0 | ... T138: =IF(T82="X",($D$7-$C$7),"0") -> 0
E139: =IF(E83="X",($D$7-$C$7),"0") -> 0 | F139: =IF(F83="X",($D$7-$C$7),"0") -> 0 | G139: =IF(G83="X",($D$7-$C$7),"0") -> 0 | H139: =IF(H83="X",($D$7-$C$7),"0") -> 0 | I139: =IF(I83="X",($D$7-$C$7),"0") -> 0 | J139: =IF(J83="X",($D$7-$C$7),"0") -> 0 | K139: =IF(K83="X",($D$7-$C$7),"0") -> 0 | L139: =IF(L83="X",($D$7-$C$7),"0") -> 0 | ... T139: =IF(T83="X",($D$7-$C$7),"0") -> 0
E140: =IF(E84="X",($D$7-$C$7),"0") -> 0 | F140: =IF(F84="X",($D$7-$C$7),"0") -> 0 | G140: =IF(G84="X",($D$7-$C$7),"0") -> 0 | H140: =IF(H84="X",($D$7-$C$7),"0") -> 0 | I140: =IF(I84="X",($D$7-$C$7),"0") -> 0 | J140: =IF(J84="X",($D$7-$C$7),"0") -> 0 | K140: =IF(K84="X",($D$7-$C$7),"0") -> 0 | L140: =IF(L84="X",($D$7-$C$7),"0") -> 0 | ... T140: =IF(T84="X",($D$7-$C$7),"0") -> 0
E141: =IF(E85="X",($D$7-$C$7),"0") -> 0 | F141: =IF(F85="X",($D$7-$C$7),"0") -> 0 | G141: =IF(G85="X",($D$7-$C$7),"0") -> 0 | H141: =IF(H85="X",($D$7-$C$7),"0") -> 0 | I141: =IF(I85="X",($D$7-$C$7),"0") -> 0 | J141: =IF(J85="X",($D$7-$C$7),"0") -> 0 | K141: =IF(K85="X",($D$7-$C$7),"0") -> 0 | L141: =IF(L85="X",($D$7-$C$7),"0") -> 0 | ... T141: =IF(T85="X",($D$7-$C$7),"0") -> 0
E142: =IF(E86="X",($D$7-$C$7),"0") -> 0 | F142: =IF(F86="X",($D$7-$C$7),"0") -> 0 | G142: =IF(G86="X",($D$7-$C$7),"0") -> 0 | H142: =IF(H86="X",($D$7-$C$7),"0") -> 0 | I142: =IF(I86="X",($D$7-$C$7),"0") -> 0 | J142: =IF(J86="X",($D$7-$C$7),"0") -> 0 | K142: =IF(K86="X",($D$7-$C$7),"0") -> 0 | L142: =IF(L86="X",($D$7-$C$7),"0") -> 0 | ... T142: =IF(T86="X",($D$7-$C$7),"0") -> 0
E143: =IF(E87="X",($D$7-$C$7),"0") -> 0 | F143: =IF(F87="X",($D$7-$C$7),"0") -> 0 | G143: =IF(G87="X",($D$7-$C$7),"0") -> 0 | H143: =IF(H87="X",($D$7-$C$7),"0") -> 0 | I143: =IF(I87="X",($D$7-$C$7),"0") -> 0 | J143: =IF(J87="X",($D$7-$C$7),"0") -> 0 | K143: =IF(K87="X",($D$7-$C$7),"0") -> 0 | L143: =IF(L87="X",($D$7-$C$7),"0") -> 0 | ... T143: =IF(T87="X",($D$7-$C$7),"0") -> 0
... E148: =IF(E92="X",($D$7-$C$7),"0") -> 0 | F148: =IF(F92="X",($D$7-$C$7),"0") -> 0 | G148: =IF(G92="X",($D$7-$C$7),"0") -> 0 | H148: =IF(H92="X",($D$7-$C$7),"0") -> 0 | I148: =IF(I92="X",($D$7-$C$7),"0") -> 0 | J148: =IF(J92="X",($D$7-$C$7),"0") -> 0 | K148: =IF(K92="X",($D$7-$C$7),"0") -> 0 | L148: =IF(L92="X",($D$7-$C$7),"0") -> 0 | ... T148: =IF(T92="X",($D$7-$C$7),"0") -> 0
E150: =SUM(E74:E149) -> 50.57 | F150: =SUM(F74:F149) -> 0 | G150: =SUM(G74:G149) -> 0 | H150: =SUM(H74:H149) -> 3 | I150: =SUM(I74:I149) -> 1 | J150: =SUM(J74:J149) -> 0 | K150: =SUM(K74:K149) -> 54.57 | L150: =SUM(L74:L149) -> 1 | ... T150: =SUM(T74:T149) -> 0

Sheet 71
A1: PROGRAMA DE MANUTENÇÃORODOVIÁRIA
D2: RODOVIAS PAVIMENTADAS | I2: DATA: | J2: ='68'!$J$2 -> 46204 | N2: TÉCNICO RESP. | O2: ='68'!$O$2 -> ENG. VINÍCIUS RODRIGUES FERREIRA DE OLIVEIRA
A3: FICHA DE INSPEÇÃO: | B3: =TT!C6 -> RODOVIA TO-020 - TRECHO RECURSOLÂNDIA - CAMPOS LINDOS
A5: S.R.E. | B5: SENTIDO | C5: INÍCIO (KM) | D5: FIM (KM) | E5: CONDIÇÃO DO PAVIMENTO | J5: VEGETAÇÃO | L5: ELEM. DE DRENAGEM | O5: SIN. HOR. | R5: SIN. VERTICAL | U5: OBSERV.
E6: BOM | F6: REM. I. | G6: REM. L | H6: BUR. I | I6: BUR. L | J6: ADEQ. | K6: INADED. | L6: LIMPOS | M6: SUJOS | N6: DAN. | O6: BOM | P6: REG. | Q6: INEXIST. | R6: BOM | S6: POUCAS | T6: INEXIST.
A7: 020ETO0200 | B7: C | C7: 0 | D7: 2.9 | E7: X | K7: X | M7: X | Q7: X | T7: X
A8: 020ETO0215 | B8: C | C8: 0 | D8: 1 | E8: X | K8: X | L8: X | P8: X | S8: X
C9: =D8 -> 1 | D9: 2 | E9: X | K9: X | L9: X | P9: X | S9: X
C10: =D9 -> 2 | D10: 2.71 | E10: X | K10: X | L10: X | P10: X | S10: X
A48: LEGENDA | B48: CONDIÇÃO DO PAVIMENTO
A49: REM. I | B49: REMENDOS ISOLADOS | E49: ATÉ 10 REMENDOS/KM | I49: BUR. I | J49: BURACOS ISOLADOS | M49: ATÉ 5 BURACOS/KM
A50: REM. L | B50: REMENDOS AO LONGO | E50: MAIS DE 10 REMENDOS/KM | I50: BUR. L | J50: BURACOS AO LONGO | M50: MAIS DE 5 BURACOS/KM
E55: =IF(E7="X",(D7-C7),"0") -> 2.9 | F55: =IF(F7="X",(D7-C7),"0") -> 0 | G55: =IF(G7="X",(D7-C7),"0") -> 0 | H55: =IF(H7="X",(D7-C7),"0") -> 0 | I55: =IF(I7="X",(D7-C7),"0") -> 0 | J55: =IF(J7="X",(D7-C7),"0") -> 0 | K55: =IF(K7="X",(D7-C7),"0") -> 2.9 | L55: =IF(L7="X",(D7-C7),"0") -> 0 | M55: =IF(M7="X",(D7-C7),"0") -> 2.9 | N55: =IF(N7="X",(D7-C7),"0") -> 0 | O55: =IF(O7="X",(D7-C7),"0") -> 0 | P55: =IF(P7="X",(D7-C7),"0") -> 0 | Q55: =IF(Q7="X",(D7-C7),"0") -> 2.9 | R55: =IF(R7="X",(D7-C7),"0") -> 0 | S55: =IF(S7="X",(D7-C7),"0") -> 0 | T55: =IF(T7="X",(D7-C7),"0") -> 2.9
E56: =IF(E8="X",(D8-C8),"0") -> 1 | F56: =IF(F8="X",(D8-C8),"0") -> 0 | G56: =IF(G8="X",(D8-C8),"0") -> 0 | H56: =IF(H8="X",(D8-C8),"0") -> 0 | I56: =IF(I8="X",(D8-C8),"0") -> 0 | J56: =IF(J8="X",(D8-C8),"0") -> 0 | K56: =IF(K8="X",(D8-C8),"0") -> 1 | L56: =IF(L8="X",(D8-C8),"0") -> 1 | M56: =IF(M8="X",(D8-C8),"0") -> 0 | N56: =IF(N8="X",(D8-C8),"0") -> 0 | O56: =IF(O8="X",(D8-C8),"0") -> 0 | P56: =IF(P8="X",(D8-C8),"0") -> 1 | Q56: =IF(Q8="X",(D8-C8),"0") -> 0 | R56: =IF(R8="X",(D8-C8),"0") -> 0 | S56: =IF(S8="X",(D8-C8),"0") -> 1 | T56: =IF(T8="X",(D8-C8),"0") -> 0
E57: =IF(E9="X",(D9-C9),"0") -> 1 | F57: =IF(F9="X",(D9-C9),"0") -> 0 | G57: =IF(G9="X",(D9-C9),"0") -> 0 | H57: =IF(H9="X",(D9-C9),"0") -> 0 | I57: =IF(I9="X",(D9-C9),"0") -> 0 | J57: =IF(J9="X",(D9-C9),"0") -> 0 | K57: =IF(K9="X",(D9-C9),"0") -> 1 | L57: =IF(L9="X",(D9-C9),"0") -> 1 | M57: =IF(M9="X",(D9-C9),"0") -> 0 | N57: =IF(N9="X",(D9-C9),"0") -> 0 | O57: =IF(O9="X",(D9-C9),"0") -> 0 | P57: =IF(P9="X",(D9-C9),"0") -> 1 | Q57: =IF(Q9="X",(D9-C9),"0") -> 0 | R57: =IF(R9="X",(D9-C9),"0") -> 0 | S57: =IF(S9="X",(D9-C9),"0") -> 1 | T57: =IF(T9="X",(D9-C9),"0") -> 0
E58: =IF(E10="X",(D10-C10),"0") -> 0.71 | F58: =IF(F10="X",(D10-C10),"0") -> 0 | G58: =IF(G10="X",(D10-C10),"0") -> 0 | H58: =IF(H10="X",(D10-C10),"0") -> 0 | I58: =IF(I10="X",(D10-C10),"0") -> 0 | J58: =IF(J10="X",(D10-C10),"0") -> 0 | K58: =IF(K10="X",(D10-C10),"0") -> 0.71 | L58: =IF(L10="X",(D10-C10),"0") -> 0.71 | M58: =IF(M10="X",(D10-C10),"0") -> 0 | N58: =IF(N10="X",(D10-C10),"0") -> 0 | O58: =IF(O10="X",(D10-C10),"0") -> 0 | P58: =IF(P10="X",(D10-C10),"0") -> 0.71 | Q58: =IF(Q10="X",(D10-C10),"0") -> 0 | R58: =IF(R10="X",(D10-C10),"0") -> 0 | S58: =IF(S10="X",(D10-C10),"0") -> 0.71 | T58: =IF(T10="X",(D10-C10),"0") -> 0
E59: =IF(E11="X",(D11-C11),"0") -> 0 | F59: =IF(F11="X",(D11-C11),"0") -> 0 | G59: =IF(G11="X",(D11-C11),"0") -> 0 | H59: =IF(H11="X",(D11-C11),"0") -> 0 | I59: =IF(I11="X",(D11-C11),"0") -> 0 | J59: =IF(J11="X",(D11-C11),"0") -> 0 | K59: =IF(K11="X",(D11-C11),"0") -> 0 | L59: =IF(L11="X",(D11-C11),"0") -> 0 | M59: =IF(M11="X",(D11-C11),"0") -> 0 | N59: =IF(N11="X",(D11-C11),"0") -> 0 | O59: =IF(O11="X",(D11-C11),"0") -> 0 | P59: =IF(P11="X",(D11-C11),"0") -> 0 | Q59: =IF(Q11="X",(D11-C11),"0") -> 0 | R59: =IF(R11="X",(D11-C11),"0") -> 0 | S59: =IF(S11="X",(D11-C11),"0") -> 0 | T59: =IF(T11="X",(D11-C11),"0") -> 0
E60: =IF(E12="X",(D12-C12),"0") -> 0 | F60: =IF(F12="X",(D12-C12),"0") -> 0 | G60: =IF(G12="X",(D12-C12),"0") -> 0 | H60: =IF(H12="X",(D12-C12),"0") -> 0 | I60: =IF(I12="X",(D12-C12),"0") -> 0 | J60: =IF(J12="X",(D12-C12),"0") -> 0 | K60: =IF(K12="X",(D12-C12),"0") -> 0 | L60: =IF(L12="X",(D12-C12),"0") -> 0 | M60: =IF(M12="X",(D12-C12),"0") -> 0 | N60: =IF(N12="X",(D12-C12),"0") -> 0 | O60: =IF(O12="X",(D12-C12),"0") -> 0 | P60: =IF(P12="X",(D12-C12),"0") -> 0 | Q60: =IF(Q12="X",(D12-C12),"0") -> 0 | R60: =IF(R12="X",(D12-C12),"0") -> 0 | S60: =IF(S12="X",(D12-C12),"0") -> 0 | T60: =IF(T12="X",(D12-C12),"0") -> 0
E61: =IF(E13="X",(D13-C13),"0") -> 0 | F61: =IF(F13="X",(D13-C13),"0") -> 0 | G61: =IF(G13="X",(D13-C13),"0") -> 0 | H61: =IF(H13="X",(D13-C13),"0") -> 0 | I61: =IF(I13="X",(D13-C13),"0") -> 0 | J61: =IF(J13="X",(D13-C13),"0") -> 0 | K61: =IF(K13="X",(D13-C13),"0") -> 0 | L61: =IF(L13="X",(D13-C13),"0") -> 0 | M61: =IF(M13="X",(D13-C13),"0") -> 0 | N61: =IF(N13="X",(D13-C13),"0") -> 0 | O61: =IF(O13="X",(D13-C13),"0") -> 0 | P61: =IF(P13="X",(D13-C13),"0") -> 0 | Q61: =IF(Q13="X",(D13-C13),"0") -> 0 | R61: =IF(R13="X",(D13-C13),"0") -> 0 | S61: =IF(S13="X",(D13-C13),"0") -> 0 | T61: =IF(T13="X",(D13-C13),"0") -> 0
E62: =IF(E14="X",(D14-C14),"0") -> 0 | F62: =IF(F14="X",(D14-C14),"0") -> 0 | G62: =IF(G14="X",(D14-C14),"0") -> 0 | H62: =IF(H14="X",(D14-C14),"0") -> 0 | I62: =IF(I14="X",(D14-C14),"0") -> 0 | J62: =IF(J14="X",(D14-C14),"0") -> 0 | K62: =IF(K14="X",(D14-C14),"0") -> 0 | L62: =IF(L14="X",(D14-C14),"0") -> 0 | M62: =IF(M14="X",(D14-C14),"0") -> 0 | N62: =IF(N14="X",(D14-C14),"0") -> 0 | O62: =IF(O14="X",(D14-C14),"0") -> 0 | P62: =IF(P14="X",(D14-C14),"0") -> 0 | Q62: =IF(Q14="X",(D14-C14),"0") -> 0 | R62: =IF(R14="X",(D14-C14),"0") -> 0 | S62: =IF(S14="X",(D14-C14),"0") -> 0 | T62: =IF(T14="X",(D14-C14),"0") -> 0
E63: =IF(E15="X",(D15-C15),"0") -> 0 | F63: =IF(F15="X",(D15-C15),"0") -> 0 | G63: =IF(G15="X",(D15-C15),"0") -> 0 | H63: =IF(H15="X",(D15-C15),"0") -> 0 | I63: =IF(I15="X",(D15-C15),"0") -> 0 | J63: =IF(J15="X",(D15-C15),"0") -> 0 | K63: =IF(K15="X",(D15-C15),"0") -> 0 | L63: =IF(L15="X",(D15-C15),"0") -> 0 | M63: =IF(M15="X",(D15-C15),"0") -> 0 | N63: =IF(N15="X",(D15-C15),"0") -> 0 | O63: =IF(O15="X",(D15-C15),"0") -> 0 | P63: =IF(P15="X",(D15-C15),"0") -> 0 | Q63: =IF(Q15="X",(D15-C15),"0") -> 0 | R63: =IF(R15="X",(D15-C15),"0") -> 0 | S63: =IF(S15="X",(D15-C15),"0") -> 0 | T63: =IF(T15="X",(D15-C15),"0") -> 0
E64: =IF(E16="X",(D16-C16),"0") -> 0 | F64: =IF(F16="X",(D16-C16),"0") -> 0 | G64: =IF(G16="X",(D16-C16),"0") -> 0 | H64: =IF(H16="X",(D16-C16),"0") -> 0 | I64: =IF(I16="X",(D16-C16),"0") -> 0 | J64: =IF(J16="X",(D16-C16),"0") -> 0 | K64: =IF(K16="X",(D16-C16),"0") -> 0 | L64: =IF(L16="X",(D16-C16),"0") -> 0 | M64: =IF(M16="X",(D16-C16),"0") -> 0 | N64: =IF(N16="X",(D16-C16),"0") -> 0 | O64: =IF(O16="X",(D16-C16),"0") -> 0 | P64: =IF(P16="X",(D16-C16),"0") -> 0 | Q64: =IF(Q16="X",(D16-C16),"0") -> 0 | R64: =IF(R16="X",(D16-C16),"0") -> 0 | S64: =IF(S16="X",(D16-C16),"0") -> 0 | T64: =IF(T16="X",(D16-C16),"0") -> 0
E65: =IF(E17="X",(D17-C17),"0") -> 0 | F65: =IF(F17="X",(D17-C17),"0") -> 0 | G65: =IF(G17="X",(D17-C17),"0") -> 0 | H65: =IF(H17="X",(D17-C17),"0") -> 0 | I65: =IF(I17="X",(D17-C17),"0") -> 0 | J65: =IF(J17="X",(D17-C17),"0") -> 0 | K65: =IF(K17="X",(D17-C17),"0") -> 0 | L65: =IF(L17="X",(D17-C17),"0") -> 0 | M65: =IF(M17="X",(D17-C17),"0") -> 0 | N65: =IF(N17="X",(D17-C17),"0") -> 0 | O65: =IF(O17="X",(D17-C17),"0") -> 0 | P65: =IF(P17="X",(D17-C17),"0") -> 0 | Q65: =IF(Q17="X",(D17-C17),"0") -> 0 | R65: =IF(R17="X",(D17-C17),"0") -> 0 | S65: =IF(S17="X",(D17-C17),"0") -> 0 | T65: =IF(T17="X",(D17-C17),"0") -> 0
E66: =IF(E18="X",(D18-C18),"0") -> 0 | F66: =IF(F18="X",(D18-C18),"0") -> 0 | G66: =IF(G18="X",(D18-C18),"0") -> 0 | H66: =IF(H18="X",(D18-C18),"0") -> 0 | I66: =IF(I18="X",(D18-C18),"0") -> 0 | J66: =IF(J18="X",(D18-C18),"0") -> 0 | K66: =IF(K18="X",(D18-C18),"0") -> 0 | L66: =IF(L18="X",(D18-C18),"0") -> 0 | M66: =IF(M18="X",(D18-C18),"0") -> 0 | N66: =IF(N18="X",(D18-C18),"0") -> 0 | O66: =IF(O18="X",(D18-C18),"0") -> 0 | P66: =IF(P18="X",(D18-C18),"0") -> 0 | Q66: =IF(Q18="X",(D18-C18),"0") -> 0 | R66: =IF(R18="X",(D18-C18),"0") -> 0 | S66: =IF(S18="X",(D18-C18),"0") -> 0 | T66: =IF(T18="X",(D18-C18),"0") -> 0
... E142: =IF(E94="X",(D94-C94),"0") -> 0 | F142: =IF(F94="X",(D94-C94),"0") -> 0 | G142: =IF(G94="X",(D94-C94),"0") -> 0 | H142: =IF(H94="X",(D94-C94),"0") -> 0 | I142: =IF(I94="X",(D94-C94),"0") -> 0 | J142: =IF(J94="X",(D94-C94),"0") -> 0 | K142: =IF(K94="X",(D94-C94),"0") -> 0 | L142: =IF(L94="X",(D94-C94),"0") -> 0 | M142: =IF(M94="X",(D94-C94),"0") -> 0 | N142: =IF(N94="X",(D94-C94),"0") -> 0 | O142: =IF(O94="X",(D94-C94),"0") -> 0 | P142: =IF(P94="X",(D94-C94),"0") -> 0 | Q142: =IF(Q94="X",(D94-C94),"0") -> 0 | R142: =IF(R94="X",(D94-C94),"0") -> 0 | S142: =IF(S94="X",(D94-C94),"0") -> 0 | T142: =IF(T94="X",(D94-C94),"0") -> 0
E143: =SUM(E55:E142) -> 5.61 | F143: =SUM(F55:F142) -> 0 | G143: =SUM(G55:G142) -> 0 | H143: =SUM(H55:H142) -> 0 | I143: =SUM(I55:I142) -> 0 | J143: =SUM(J55:J142) -> 0 | K143: =SUM(K55:K142) -> 5.61 | L143: =SUM(L55:L142) -> 2.71 | ... T143: =SUM(T55:T142) -> 2.9

Sheet 73
A1: PROGRAMA DE MANUTENÇÃORODOVIÁRIA
D2: RODOVIAS PAVIMENTADAS | I2: DATA: | J2: ='68'!$J$2 -> 46204 | N2: TÉCNICO RESP. | O2: ='68'!$O$2 -> ENG. VINÍCIUS RODRIGUES FERREIRA DE OLIVEIRA
A3: FICHA DE INSPEÇÃO: | B3: =TT!C7 -> RODOVIA TO-130 - TRECHO ENTR. TO-010 - TRECHO BARRA DO OURO - ENTR. BR-010 (POVOADO MORRO GRANDE)
A5: S.R.E. | B5: SENTIDO | C5: INÍCIO (KM) | D5: FIM (KM) | E5: CONDIÇÃO DO PAVIMENTO | J5: VEGETAÇÃO | L5: ELEM. DE DRENAGEM | O5: SIN. HOR. | R5: SIN. VERTICAL | U5: OBSERV.
E6: BOM | F6: REM. I. | G6: REM. L | H6: BUR. I | I6: BUR. L | J6: ADEQ. | K6: INADED. | L6: LIMPOS | M6: SUJOS | N6: DAN. | O6: BOM | P6: REG. | Q6: INEXIST. | R6: BOM | S6: POUCAS | T6: INEXIST.
A7: 130ETO0070 | B7: D | C7: 0 | D7: 0.4 | E7: X | K7: X | M7: X | O7: X | R7: X
C8: =D7 -> 0.4 | D8: 2.5 | E8: X | K8: X | M8: X | O8: X | R8: X
C9: =D8 -> 2.5 | D9: 2.7 | F9: X | K9: X | M9: X | O9: X | R9: X
C10: =D9 -> 2.7 | D10: 3.4 | E10: X | K10: X | N10: X | O10: X | R10: X
C11: =D10 -> 3.4 | D11: 5 | E11: X | H11: X | K11: X | M11: X | O11: X | R11: X
C12: =D11 -> 5 | D12: 5.1 | I12: X | K12: X | M12: X | O12: X | R12: X
C13: =D12 -> 5.1 | D13: 10.9 | E13: X | K13: X | M13: X | O13: X | R13: X
C14: =D13 -> 10.9 | D14: 11 | I14: X | K14: X | M14: X | O14: X | R14: X
C15: =D14 -> 11 | D15: 12.8 | E15: X | K15: X | M15: X | O15: X | R15: X
C16: =D15 -> 12.8 | D16: 13 | H16: X | K16: X | M16: X | O16: X | R16: X
C17: =D16 -> 13 | D17: 14.3 | E17: X | K17: X | M17: X | O17: X | R17: X
C18: =D17 -> 14.3 | D18: 14.4 | I18: X | K18: X | M18: X | O18: X | R18: X
C19: =D18 -> 14.4 | D19: 20.1 | I19: X | K19: X | M19: X | O19: X | R19: X
A20: 130ETO0060 | B20: D | C20: 0 | D20: 3.75 | E20: X | K20: X | M20: X | O20: X | R20: X
A21: 130ETO0040 | B21: D | C21: 0 | D21: 1 | E21: X | K21: X | M21: X | Q21: X | S21: X
C22: =D21 -> 1 | D22: 2 | E22: X | K22: X | M22: X | Q22: X | S22: X
C23: =D22 -> 2 | D23: 3 | E23: X | K23: X | M23: X | Q23: X | S23: X
C24: =D23 -> 3 | D24: 4 | E24: X | K24: X | M24: X | Q24: X | S24: X
C25: =D24 -> 4 | D25: 5 | E25: X | K25: X | M25: X | Q25: X | S25: X
C26: =D25 -> 5 | D26: 6 | E26: X | K26: X | M26: X | Q26: X | S26: X
C27: =D26 -> 6 | D27: 7 | E27: X | K27: X | M27: X | Q27: X | S27: X
C28: =D27 -> 7 | D28: 8 | E28: X | K28: X | M28: X | Q28: X | S28: X
C29: =D28 -> 8 | D29: 9 | E29: X | K29: X | M29: X | Q29: X | S29: X
C30: =D29 -> 9 | D30: 10 | E30: X | K30: X | M30: X | Q30: X | S30: X
C31: =D30 -> 10 | D31: 11 | E31: X | K31: X | M31: X | Q31: X | S31: X
C32: =D31 -> 11 | D32: 12 | E32: X | K32: X | M32: X | Q32: X | S32: X
C33: =D32 -> 12 | D33: 13 | E33: X | K33: X | M33: X | Q33: X | S33: X
... C46: =D45 -> 25 | D46: 25.2 | E46: X | K46: X | M46: X | Q46: X | S46: X
A52: LEGENDA | B52: CONDIÇÃO DO PAVIMENTO
A53: REM. I | B53: REMENDOS ISOLADOS | E53: ATÉ 10 REMENDOS/KM | I53: BUR. I | J53: BURACOS ISOLADOS | M53: ATÉ 5 BURACOS/KM
A54: REM. L | B54: REMENDOS AO LONGO | E54: MAIS DE 10 REMENDOS/KM | I54: BUR. L | J54: BURACOS AO LONGO | M54: MAIS DE 5 BURACOS/KM
E59: =IF(E7="X",(D7-C7),"0") -> 0.4 | F59: =IF(F7="X",(D7-C7),"0") -> 0 | G59: =IF(G7="X",(D7-C7),"0") -> 0 | H59: =IF(H7="X",(D7-C7),"0") -> 0 | I59: =IF(I7="X",(D7-C7),"0") -> 0 | J59: =IF(J7="X",(D7-C7),"0") -> 0 | K59: =IF(K7="X",(D7-C7),"0") -> 0.4 | L59: =IF(L7="X",(D7-C7),"0") -> 0 | M59: =IF(M7="X",(D7-C7),"0") -> 0.4 | N59: =IF(N7="X",(D7-C7),"0") -> 0 | O59: =IF(O7="X",(D7-C7),"0") -> 0.4 | P59: =IF(P7="X",(D7-C7),"0") -> 0 | Q59: =IF(Q7="X",(D7-C7),"0") -> 0 | R59: =IF(R7="X",(D7-C7),"0") -> 0.4 | S59: =IF(S7="X",(D7-C7),"0") -> 0 | T59: =IF(T7="X",(D7-C7),"0") -> 0
E60: =IF(E8="X",(D8-C8),"0") -> 2.1 | F60: =IF(F8="X",(D8-C8),"0") -> 0 | G60: =IF(G8="X",(D8-C8),"0") -> 0 | H60: =IF(H8="X",(D8-C8),"0") -> 0 | I60: =IF(I8="X",(D8-C8),"0") -> 0 | J60: =IF(J8="X",(D8-C8),"0") -> 0 | K60: =IF(K8="X",(D8-C8),"0") -> 2.1 | L60: =IF(L8="X",(D8-C8),"0") -> 0 | M60: =IF(M8="X",(D8-C8),"0") -> 2.1 | N60: =IF(N8="X",(D8-C8),"0") -> 0 | O60: =IF(O8="X",(D8-C8),"0") -> 2.1 | P60: =IF(P8="X",(D8-C8),"0") -> 0 | Q60: =IF(Q8="X",(D8-C8),"0") -> 0 | R60: =IF(R8="X",(D8-C8),"0") -> 2.1 | S60: =IF(S8="X",(D8-C8),"0") -> 0 | T60: =IF(T8="X",(D8-C8),"0") -> 0
E61: =IF(E9="X",(D9-C9),"0") -> 0 | F61: =IF(F9="X",(D9-C9),"0") -> 0.2 | G61: =IF(G9="X",(D9-C9),"0") -> 0 | H61: =IF(H9="X",(D9-C9),"0") -> 0 | I61: =IF(I9="X",(D9-C9),"0") -> 0 | J61: =IF(J9="X",(D9-C9),"0") -> 0 | K61: =IF(K9="X",(D9-C9),"0") -> 0.2 | L61: =IF(L9="X",(D9-C9),"0") -> 0 | M61: =IF(M9="X",(D9-C9),"0") -> 0.2 | N61: =IF(N9="X",(D9-C9),"0") -> 0 | O61: =IF(O9="X",(D9-C9),"0") -> 0.2 | P61: =IF(P9="X",(D9-C9),"0") -> 0 | Q61: =IF(Q9="X",(D9-C9),"0") -> 0 | R61: =IF(R9="X",(D9-C9),"0") -> 0.2 | S61: =IF(S9="X",(D9-C9),"0") -> 0 | T61: =IF(T9="X",(D9-C9),"0") -> 0
E62: =IF(E10="X",(D10-C10),"0") -> 0.7 | F62: =IF(F10="X",(D10-C10),"0") -> 0 | G62: =IF(G10="X",(D10-C10),"0") -> 0 | H62: =IF(H10="X",(D10-C10),"0") -> 0 | I62: =IF(I10="X",(D10-C10),"0") -> 0 | J62: =IF(J10="X",(D10-C10),"0") -> 0 | K62: =IF(K10="X",(D10-C10),"0") -> 0.7 | L62: =IF(L10="X",(D10-C10),"0") -> 0 | M62: =IF(M10="X",(D10-C10),"0") -> 0 | N62: =IF(N10="X",(D10-C10),"0") -> 0.7 | O62: =IF(O10="X",(D10-C10),"0") -> 0.7 | P62: =IF(P10="X",(D10-C10),"0") -> 0 | Q62: =IF(Q10="X",(D10-C10),"0") -> 0 | R62: =IF(R10="X",(D10-C10),"0") -> 0.7 | S62: =IF(S10="X",(D10-C10),"0") -> 0 | T62: =IF(T10="X",(D10-C10),"0") -> 0
E63: =IF(E11="X",(D11-C11),"0") -> 1.6 | F63: =IF(F11="X",(D11-C11),"0") -> 0 | G63: =IF(G11="X",(D11-C11),"0") -> 0 | H63: =IF(H11="X",(D11-C11),"0") -> 1.6 | I63: =IF(I11="X",(D11-C11),"0") -> 0 | J63: =IF(J11="X",(D11-C11),"0") -> 0 | K63: =IF(K11="X",(D11-C11),"0") -> 1.6 | L63: =IF(L11="X",(D11-C11),"0") -> 0 | M63: =IF(M11="X",(D11-C11),"0") -> 1.6 | N63: =IF(N11="X",(D11-C11),"0") -> 0 | O63: =IF(O11="X",(D11-C11),"0") -> 1.6 | P63: =IF(P11="X",(D11-C11),"0") -> 0 | Q63: =IF(Q11="X",(D11-C11),"0") -> 0 | R63: =IF(R11="X",(D11-C11),"0") -> 1.6 | S63: =IF(S11="X",(D11-C11),"0") -> 0 | T63: =IF(T11="X",(D11-C11),"0") -> 0
E64: =IF(E12="X",(D12-C12),"0") -> 0 | F64: =IF(F12="X",(D12-C12),"0") -> 0 | G64: =IF(G12="X",(D12-C12),"0") -> 0 | H64: =IF(H12="X",(D12-C12),"0") -> 0 | I64: =IF(I12="X",(D12-C12),"0") -> 0.1 | J64: =IF(J12="X",(D12-C12),"0") -> 0 | K64: =IF(K12="X",(D12-C12),"0") -> 0.1 | L64: =IF(L12="X",(D12-C12),"0") -> 0 | M64: =IF(M12="X",(D12-C12),"0") -> 0.1 | N64: =IF(N12="X",(D12-C12),"0") -> 0 | O64: =IF(O12="X",(D12-C12),"0") -> 0.1 | P64: =IF(P12="X",(D12-C12),"0") -> 0 | Q64: =IF(Q12="X",(D12-C12),"0") -> 0 | R64: =IF(R12="X",(D12-C12),"0") -> 0.1 | S64: =IF(S12="X",(D12-C12),"0") -> 0 | T64: =IF(T12="X",(D12-C12),"0") -> 0
E65: =IF(E13="X",(D13-C13),"0") -> 5.8 | F65: =IF(F13="X",(D13-C13),"0") -> 0 | G65: =IF(G13="X",(D13-C13),"0") -> 0 | H65: =IF(H13="X",(D13-C13),"0") -> 0 | I65: =IF(I13="X",(D13-C13),"0") -> 0 | J65: =IF(J13="X",(D13-C13),"0") -> 0 | K65: =IF(K13="X",(D13-C13),"0") -> 5.8 | L65: =IF(L13="X",(D13-C13),"0") -> 0 | M65: =IF(M13="X",(D13-C13),"0") -> 5.8 | N65: =IF(N13="X",(D13-C13),"0") -> 0 | O65: =IF(O13="X",(D13-C13),"0") -> 5.8 | P65: =IF(P13="X",(D13-C13),"0") -> 0 | Q65: =IF(Q13="X",(D13-C13),"0") -> 0 | R65: =IF(R13="X",(D13-C13),"0") -> 5.8 | S65: =IF(S13="X",(D13-C13),"0") -> 0 | T65: =IF(T13="X",(D13-C13),"0") -> 0
E66: =IF(E14="X",(D14-C14),"0") -> 0 | F66: =IF(F14="X",(D14-C14),"0") -> 0 | G66: =IF(G14="X",(D14-C14),"0") -> 0 | H66: =IF(H14="X",(D14-C14),"0") -> 0 | I66: =IF(I14="X",(D14-C14),"0") -> 0.1 | J66: =IF(J14="X",(D14-C14),"0") -> 0 | K66: =IF(K14="X",(D14-C14),"0") -> 0.1 | L66: =IF(L14="X",(D14-C14),"0") -> 0 | M66: =IF(M14="X",(D14-C14),"0") -> 0.1 | N66: =IF(N14="X",(D14-C14),"0") -> 0 | O66: =IF(O14="X",(D14-C14),"0") -> 0.1 | P66: =IF(P14="X",(D14-C14),"0") -> 0 | Q66: =IF(Q14="X",(D14-C14),"0") -> 0 | R66: =IF(R14="X",(D14-C14),"0") -> 0.1 | S66: =IF(S14="X",(D14-C14),"0") -> 0 | T66: =IF(T14="X",(D14-C14),"0") -> 0
E67: =IF(E15="X",(D15-C15),"0") -> 1.8 | F67: =IF(F15="X",(D15-C15),"0") -> 0 | G67: =IF(G15="X",(D15-C15),"0") -> 0 | H67: =IF(H15="X",(D15-C15),"0") -> 0 | I67: =IF(I15="X",(D15-C15),"0") -> 0 | J67: =IF(J15="X",(D15-C15),"0") -> 0 | K67: =IF(K15="X",(D15-C15),"0") -> 1.8 | L67: =IF(L15="X",(D15-C15),"0") -> 0 | M67: =IF(M15="X",(D15-C15),"0") -> 1.8 | N67: =IF(N15="X",(D15-C15),"0") -> 0 | O67: =IF(O15="X",(D15-C15),"0") -> 1.8 | P67: =IF(P15="X",(D15-C15),"0") -> 0 | Q67: =IF(Q15="X",(D15-C15),"0") -> 0 | R67: =IF(R15="X",(D15-C15),"0") -> 1.8 | S67: =IF(S15="X",(D15-C15),"0") -> 0 | T67: =IF(T15="X",(D15-C15),"0") -> 0
E68: =IF(E16="X",(D16-C16),"0") -> 0 | F68: =IF(F16="X",(D16-C16),"0") -> 0 | G68: =IF(G16="X",(D16-C16),"0") -> 0 | H68: =IF(H16="X",(D16-C16),"0") -> 0.2 | I68: =IF(I16="X",(D16-C16),"0") -> 0 | J68: =IF(J16="X",(D16-C16),"0") -> 0 | K68: =IF(K16="X",(D16-C16),"0") -> 0.2 | L68: =IF(L16="X",(D16-C16),"0") -> 0 | M68: =IF(M16="X",(D16-C16),"0") -> 0.2 | N68: =IF(N16="X",(D16-C16),"0") -> 0 | O68: =IF(O16="X",(D16-C16),"0") -> 0.2 | P68: =IF(P16="X",(D16-C16),"0") -> 0 | Q68: =IF(Q16="X",(D16-C16),"0") -> 0 | R68: =IF(R16="X",(D16-C16),"0") -> 0.2 | S68: =IF(S16="X",(D16-C16),"0") -> 0 | T68: =IF(T16="X",(D16-C16),"0") -> 0
E69: =IF(E17="X",(D17-C17),"0") -> 1.3 | F69: =IF(F17="X",(D17-C17),"0") -> 0 | G69: =IF(G17="X",(D17-C17),"0") -> 0 | H69: =IF(H17="X",(D17-C17),"0") -> 0 | I69: =IF(I17="X",(D17-C17),"0") -> 0 | J69: =IF(J17="X",(D17-C17),"0") -> 0 | K69: =IF(K17="X",(D17-C17),"0") -> 1.3 | L69: =IF(L17="X",(D17-C17),"0") -> 0 | M69: =IF(M17="X",(D17-C17),"0") -> 1.3 | N69: =IF(N17="X",(D17-C17),"0") -> 0 | O69: =IF(O17="X",(D17-C17),"0") -> 1.3 | P69: =IF(P17="X",(D17-C17),"0") -> 0 | Q69: =IF(Q17="X",(D17-C17),"0") -> 0 | R69: =IF(R17="X",(D17-C17),"0") -> 1.3 | S69: =IF(S17="X",(D17-C17),"0") -> 0 | T69: =IF(T17="X",(D17-C17),"0") -> 0
E70: =IF(E18="X",(D18-C18),"0") -> 0 | F70: =IF(F18="X",(D18-C18),"0") -> 0 | G70: =IF(G18="X",(D18-C18),"0") -> 0 | H70: =IF(H18="X",(D18-C18),"0") -> 0 | I70: =IF(I18="X",(D18-C18),"0") -> 0.1 | J70: =IF(J18="X",(D18-C18),"0") -> 0 | K70: =IF(K18="X",(D18-C18),"0") -> 0.1 | L70: =IF(L18="X",(D18-C18),"0") -> 0 | M70: =IF(M18="X",(D18-C18),"0") -> 0.1 | N70: =IF(N18="X",(D18-C18),"0") -> 0 | O70: =IF(O18="X",(D18-C18),"0") -> 0.1 | P70: =IF(P18="X",(D18-C18),"0") -> 0 | Q70: =IF(Q18="X",(D18-C18),"0") -> 0 | R70: =IF(R18="X",(D18-C18),"0") -> 0.1 | S70: =IF(S18="X",(D18-C18),"0") -> 0 | T70: =IF(T18="X",(D18-C18),"0") -> 0
... E144: =IF(E92="X",(D92-C92),"0") -> 0 | F144: =IF(F92="X",(D92-C92),"0") -> 0 | G144: =IF(G92="X",(D92-C92),"0") -> 0 | H144: =IF(H92="X",(D92-C92),"0") -> 0 | I144: =IF(I92="X",(D92-C92),"0") -> 0 | J144: =IF(J92="X",(D92-C92),"0") -> 0 | K144: =IF(K92="X",(D92-C92),"0") -> 0 | L144: =IF(L92="X",(D92-C92),"0") -> 0 | M144: =IF(M92="X",(D92-C92),"0") -> 0 | N144: =IF(N92="X",(D92-C92),"0") -> 0 | O144: =IF(O92="X",(D92-C92),"0") -> 0 | P144: =IF(P92="X",(D92-C92),"0") -> 0 | Q144: =IF(Q92="X",(D92-C92),"0") -> 0 | R144: =IF(R92="X",(D92-C92),"0") -> 0 | S144: =IF(S92="X",(D92-C92),"0") -> 0 | T144: =IF(T92="X",(D92-C92),"0") -> 0
E147: =SUM(E59:E146) -> 42.65 | F147: =SUM(F59:F146) -> 0.2 | G147: =SUM(G59:G146) -> 0 | H147: =SUM(H59:H146) -> 1.8 | I147: =SUM(I59:I146) -> 6 | J147: =SUM(J59:J146) -> 0 | K147: =SUM(K59:K146) -> 49.05 | L147: =SUM(L59:L146) -> 0 | ... T147: =SUM(T59:T146) -> 0

Sheet 74
A1: PROGRAMA DE MANUTENÇÃORODOVIÁRIA
D2: RODOVIAS PAVIMENTADAS | I2: DATA: | J2: ='68'!$J$2 -> 46204 | N2: TÉCNICO RESP. | O2: ='68'!$O$2 -> ENG. VINÍCIUS RODRIGUES FERREIRA DE OLIVEIRA
A3: FICHA DE INSPEÇÃO: | B3: =TT!C8 -> RODOVIA TO-222 - TRECHO ARAGUAÍNA - FILADÉLFIA
A5: S.R.E. | B5: SENTIDO | C5: INÍCIO (KM) | D5: FIM (KM) | E5: CONDIÇÃO DO PAVIMENTO | J5: VEGETAÇÃO | L5: ELEM. DE DRENAGEM | O5: SIN. HOR. | R5: SIN. VERTICAL | U5: OBSERV.
E6: BOM | F6: REM. I. | G6: REM. L | H6: BUR. I | I6: BUR. L | J6: ADEQ. | K6: INADED. | L6: LIMPOS | M6: SUJOS | N6: DAN. | O6: BOM | P6: REG. | Q6: INEXIST. | R6: BOM | S6: POUCAS | T6: INEXIST.
A7: 010ETO0370 | B7: D | C7: 0 | D7: 0.5 | H7: X | K7: X | M7: X | O7: X | S7: X
A8: 010ETO0370 | B8: D | C8: =D7 -> 0.5 | D8: 4 | I8: X | K8: X | M8: X | O8: X | S8: X
A9: 010ETO0370 | B9: D | C9: =D8 -> 4 | D9: 9 | H9: X | K9: X | M9: X | O9: X | S9: X
A10: 010ETO0370 | B10: D | C10: =D9 -> 9 | D10: 15 | H10: X | K10: X | M10: X | O10: X | S10: X
A11: 010ETO0370 | B11: D | C11: =D10 -> 15 | D11: 26.23 | H11: X | K11: X | M11: X | O11: X | S11: X
O12: X | S12: X
A13: 222ETO0060 | B13: C | C13: 0 | D13: 8.37 | E13: X | O13: X | S13: X
A14: 222ETO0070 | B14: C | C14: 0 | D14: 16.87 | E14: X | O14: X | S14: X
A15: 222ETO0030 | B15: C | C15: 0 | D15: 4 | E15: X | O15: X | S15: X
C16: 4 | D16: 5 | E16: X | O16: X | S16: X
C17: 5 | D17: 6 | E17: X | O17: X | S17: X
C18: 6 | D18: 10 | E18: X | O18: X | S18: X
C19: 10 | D19: 13 | E19: X | O19: X | S19: X
C20: 13 | D20: 15 | E20: X | O20: X | S20: X
C21: 15 | D21: 19 | E21: X | O21: X | S21: X
C22: 19 | D22: 20.25 | E22: X | O22: X | S22: X
A23: 222ETO0020 | C23: 0 | D23: 3 | E23: X | K23: X | M23: X | O23: X | S23: X
C24: =D23 -> 3 | D24: 7 | E24: X | K24: X | M24: X | O24: X | S24: X
C25: =D24 -> 7 | D25: 10 | E25: X | K25: X | M25: X | O25: X | S25: X
C26: =D25 -> 10 | D26: 14 | E26: X | K26: X | M26: X | O26: X | S26: X
C27: =D26 -> 14 | D27: 21.66 | E27: X | K27: X | M27: X | O27: X | S27: X
A28: 222ETO0010 | C28: 0 | D28: 5 | E28: X | K28: X | M28: X | O28: X | S28: X
C29: 5 | D29: 7.66 | G29: X | I29: X | J29: X | M29: X | O29: X | S29: X
A38: LEGENDA | B38: CONDIÇÃO DO PAVIMENTO
A39: REM. I | B39: REMENDOS ISOLADOS | E39: ATÉ 10 REMENDOS/KM | I39: BUR. I | J39: BURACOS ISOLADOS | M39: ATÉ 5 BURACOS/KM
A40: REM. L | B40: REMENDOS AO LONGO | E40: MAIS DE 10 REMENDOS/KM | I40: BUR. L | J40: BURACOS AO LONGO | M40: MAIS DE 5 BURACOS/KM
E45: =IF(E7="X",($D$7-$C$7),"0") -> 0 | F45: =IF(F7="X",($D$7-$C$7),"0") -> 0 | G45: =IF(G7="X",($D$7-$C$7),"0") -> 0 | H45: =IF(H7="X",($D$7-$C$7),"0") -> 0.5 | I45: =IF(I7="X",($D$7-$C$7),"0") -> 0 | J45: =IF(J7="X",(D7-C7),"0") -> 0 | K45: =IF(K7="X",($D$7-$C$7),"0") -> 0.5 | L45: =IF(L7="X",($D$7-$C$7),"0") -> 0 | M45: =IF(M7="X",($D$7-$C$7),"0") -> 0.5 | N45: =IF(N7="X",($D$7-$C$7),"0") -> 0 | O45: =IF(O7="X",($D$7-$C$7),"0") -> 0.5 | P45: =IF(P7="X",($D$7-$C$7),"0") -> 0 | Q45: =IF(Q7="X",($D$7-$C$7),"0") -> 0 | R45: =IF(R7="X",($D$7-$C$7),"0") -> 0 | ... T45: =IF(T7="X",($D$7-$C$7),"0") -> 0
E46: =IF(E8="X",($D$7-$C$7),"0") -> 0 | F46: =IF(F8="X",($D$7-$C$7),"0") -> 0 | G46: =IF(G8="X",($D$7-$C$7),"0") -> 0 | H46: =IF(H8="X",($D$7-$C$7),"0") -> 0 | I46: =IF(I8="X",($D$7-$C$7),"0") -> 0.5 | J46: =IF(J8="X",(D8-C8),"0") -> 0 | K46: =IF(K8="X",($D$7-$C$7),"0") -> 0.5 | L46: =IF(L8="X",($D$7-$C$7),"0") -> 0 | M46: =IF(M8="X",($D$7-$C$7),"0") -> 0.5 | N46: =IF(N8="X",($D$7-$C$7),"0") -> 0 | O46: =IF(O8="X",($D$7-$C$7),"0") -> 0.5 | P46: =IF(P8="X",($D$7-$C$7),"0") -> 0 | Q46: =IF(Q8="X",($D$7-$C$7),"0") -> 0 | R46: =IF(R8="X",($D$7-$C$7),"0") -> 0 | ... T46: =IF(T8="X",($D$7-$C$7),"0") -> 0
E47: =IF(E9="X",($D$7-$C$7),"0") -> 0 | F47: =IF(F9="X",($D$7-$C$7),"0") -> 0 | G47: =IF(G9="X",($D$7-$C$7),"0") -> 0 | H47: =IF(H9="X",($D$7-$C$7),"0") -> 0.5 | I47: =IF(I9="X",($D$7-$C$7),"0") -> 0 | J47: =IF(J9="X",(D9-C9),"0") -> 0 | K47: =IF(K9="X",($D$7-$C$7),"0") -> 0.5 | L47: =IF(L9="X",($D$7-$C$7),"0") -> 0 | M47: =IF(M9="X",($D$7-$C$7),"0") -> 0.5 | N47: =IF(N9="X",($D$7-$C$7),"0") -> 0 | O47: =IF(O9="X",($D$7-$C$7),"0") -> 0.5 | P47: =IF(P9="X",($D$7-$C$7),"0") -> 0 | Q47: =IF(Q9="X",($D$7-$C$7),"0") -> 0 | R47: =IF(R9="X",($D$7-$C$7),"0") -> 0 | ... T47: =IF(T9="X",($D$7-$C$7),"0") -> 0
E48: =IF(E10="X",($D$7-$C$7),"0") -> 0 | F48: =IF(F10="X",($D$7-$C$7),"0") -> 0 | G48: =IF(G10="X",($D$7-$C$7),"0") -> 0 | H48: =IF(H10="X",($D$7-$C$7),"0") -> 0.5 | I48: =IF(I10="X",($D$7-$C$7),"0") -> 0 | J48: =IF(J10="X",(D10-C10),"0") -> 0 | K48: =IF(K10="X",($D$7-$C$7),"0") -> 0.5 | L48: =IF(L10="X",($D$7-$C$7),"0") -> 0 | M48: =IF(M10="X",($D$7-$C$7),"0") -> 0.5 | N48: =IF(N10="X",($D$7-$C$7),"0") -> 0 | O48: =IF(O10="X",($D$7-$C$7),"0") -> 0.5 | P48: =IF(P10="X",($D$7-$C$7),"0") -> 0 | Q48: =IF(Q10="X",($D$7-$C$7),"0") -> 0 | R48: =IF(R10="X",($D$7-$C$7),"0") -> 0 | ... T48: =IF(T10="X",($D$7-$C$7),"0") -> 0
E49: =IF(E11="X",($D$7-$C$7),"0") -> 0 | F49: =IF(F11="X",($D$7-$C$7),"0") -> 0 | G49: =IF(G11="X",($D$7-$C$7),"0") -> 0 | H49: =IF(H11="X",($D$7-$C$7),"0") -> 0.5 | I49: =IF(I11="X",($D$7-$C$7),"0") -> 0 | J49: =IF(J11="X",(D11-C11),"0") -> 0 | K49: =IF(K11="X",($D$7-$C$7),"0") -> 0.5 | L49: =IF(L11="X",($D$7-$C$7),"0") -> 0 | M49: =IF(M11="X",($D$7-$C$7),"0") -> 0.5 | N49: =IF(N11="X",($D$7-$C$7),"0") -> 0 | O49: =IF(O11="X",($D$7-$C$7),"0") -> 0.5 | P49: =IF(P11="X",($D$7-$C$7),"0") -> 0 | Q49: =IF(Q11="X",($D$7-$C$7),"0") -> 0 | R49: =IF(R11="X",($D$7-$C$7),"0") -> 0 | ... T49: =IF(T11="X",($D$7-$C$7),"0") -> 0
E50: =IF(E12="X",($D$7-$C$7),"0") -> 0 | F50: =IF(F12="X",($D$7-$C$7),"0") -> 0 | G50: =IF(G12="X",($D$7-$C$7),"0") -> 0 | H50: =IF(H12="X",($D$7-$C$7),"0") -> 0 | I50: =IF(I12="X",($D$7-$C$7),"0") -> 0 | J50: =IF(J12="X",(D12-C12),"0") -> 0 | K50: =IF(K12="X",($D$7-$C$7),"0") -> 0 | L50: =IF(L12="X",($D$7-$C$7),"0") -> 0 | M50: =IF(M12="X",($D$7-$C$7),"0") -> 0 | N50: =IF(N12="X",($D$7-$C$7),"0") -> 0 | O50: =IF(O12="X",($D$7-$C$7),"0") -> 0.5 | P50: =IF(P12="X",($D$7-$C$7),"0") -> 0 | Q50: =IF(Q12="X",($D$7-$C$7),"0") -> 0 | R50: =IF(R12="X",($D$7-$C$7),"0") -> 0 | ... T50: =IF(T12="X",($D$7-$C$7),"0") -> 0
E51: =IF(E13="X",($D$7-$C$7),"0") -> 0.5 | F51: =IF(F13="X",($D$7-$C$7),"0") -> 0 | G51: =IF(G13="X",($D$7-$C$7),"0") -> 0 | H51: =IF(H13="X",($D$7-$C$7),"0") -> 0 | I51: =IF(I13="X",($D$7-$C$7),"0") -> 0 | J51: =IF(J13="X",(D13-C13),"0") -> 0 | K51: =IF(K13="X",($D$7-$C$7),"0") -> 0 | L51: =IF(L13="X",($D$7-$C$7),"0") -> 0 | M51: =IF(M13="X",($D$7-$C$7),"0") -> 0 | N51: =IF(N13="X",($D$7-$C$7),"0") -> 0 | O51: =IF(O13="X",($D$7-$C$7),"0") -> 0.5 | P51: =IF(P13="X",($D$7-$C$7),"0") -> 0 | Q51: =IF(Q13="X",($D$7-$C$7),"0") -> 0 | R51: =IF(R13="X",($D$7-$C$7),"0") -> 0 | ... T51: =IF(T13="X",($D$7-$C$7),"0") -> 0
E52: =IF(E14="X",($D$7-$C$7),"0") -> 0.5 | F52: =IF(F14="X",($D$7-$C$7),"0") -> 0 | G52: =IF(G14="X",($D$7-$C$7),"0") -> 0 | H52: =IF(H14="X",($D$7-$C$7),"0") -> 0 | I52: =IF(I14="X",($D$7-$C$7),"0") -> 0 | J52: =IF(J14="X",(D14-C14),"0") -> 0 | K52: =IF(K14="X",($D$7-$C$7),"0") -> 0 | L52: =IF(L14="X",($D$7-$C$7),"0") -> 0 | M52: =IF(M14="X",($D$7-$C$7),"0") -> 0 | N52: =IF(N14="X",($D$7-$C$7),"0") -> 0 | O52: =IF(O14="X",($D$7-$C$7),"0") -> 0.5 | P52: =IF(P14="X",($D$7-$C$7),"0") -> 0 | Q52: =IF(Q14="X",($D$7-$C$7),"0") -> 0 | R52: =IF(R14="X",($D$7-$C$7),"0") -> 0 | ... T52: =IF(T14="X",($D$7-$C$7),"0") -> 0
E53: =IF(E15="X",($D$7-$C$7),"0") -> 0.5 | F53: =IF(F15="X",($D$7-$C$7),"0") -> 0 | G53: =IF(G15="X",($D$7-$C$7),"0") -> 0 | H53: =IF(H15="X",($D$7-$C$7),"0") -> 0 | I53: =IF(I15="X",($D$7-$C$7),"0") -> 0 | J53: =IF(J15="X",(D15-C15),"0") -> 0 | K53: =IF(K15="X",($D$7-$C$7),"0") -> 0 | L53: =IF(L15="X",($D$7-$C$7),"0") -> 0 | M53: =IF(M15="X",($D$7-$C$7),"0") -> 0 | N53: =IF(N15="X",($D$7-$C$7),"0") -> 0 | O53: =IF(O15="X",($D$7-$C$7),"0") -> 0.5 | P53: =IF(P15="X",($D$7-$C$7),"0") -> 0 | Q53: =IF(Q15="X",($D$7-$C$7),"0") -> 0 | R53: =IF(R15="X",($D$7-$C$7),"0") -> 0 | ... T53: =IF(T15="X",($D$7-$C$7),"0") -> 0
E54: =IF(E16="X",($D$7-$C$7),"0") -> 0.5 | F54: =IF(F16="X",($D$7-$C$7),"0") -> 0 | G54: =IF(G16="X",($D$7-$C$7),"0") -> 0 | H54: =IF(H16="X",($D$7-$C$7),"0") -> 0 | I54: =IF(I16="X",($D$7-$C$7),"0") -> 0 | J54: =IF(J16="X",(D16-C16),"0") -> 0 | K54: =IF(K16="X",($D$7-$C$7),"0") -> 0 | L54: =IF(L16="X",($D$7-$C$7),"0") -> 0 | M54: =IF(M16="X",($D$7-$C$7),"0") -> 0 | N54: =IF(N16="X",($D$7-$C$7),"0") -> 0 | O54: =IF(O16="X",($D$7-$C$7),"0") -> 0.5 | P54: =IF(P16="X",($D$7-$C$7),"0") -> 0 | Q54: =IF(Q16="X",($D$7-$C$7),"0") -> 0 | R54: =IF(R16="X",($D$7-$C$7),"0") -> 0 | ... T54: =IF(T16="X",($D$7-$C$7),"0") -> 0
E55: =IF(E17="X",($D$7-$C$7),"0") -> 0.5 | F55: =IF(F17="X",($D$7-$C$7),"0") -> 0 | G55: =IF(G17="X",($D$7-$C$7),"0") -> 0 | H55: =IF(H17="X",($D$7-$C$7),"0") -> 0 | I55: =IF(I17="X",($D$7-$C$7),"0") -> 0 | J55: =IF(J17="X",(D17-C17),"0") -> 0 | K55: =IF(K17="X",($D$7-$C$7),"0") -> 0 | L55: =IF(L17="X",($D$7-$C$7),"0") -> 0 | M55: =IF(M17="X",($D$7-$C$7),"0") -> 0 | N55: =IF(N17="X",($D$7-$C$7),"0") -> 0 | O55: =IF(O17="X",($D$7-$C$7),"0") -> 0.5 | P55: =IF(P17="X",($D$7-$C$7),"0") -> 0 | Q55: =IF(Q17="X",($D$7-$C$7),"0") -> 0 | R55: =IF(R17="X",($D$7-$C$7),"0") -> 0 | ... T55: =IF(T17="X",($D$7-$C$7),"0") -> 0
E56: =IF(E18="X",($D$7-$C$7),"0") -> 0.5 | F56: =IF(F18="X",($D$7-$C$7),"0") -> 0 | G56: =IF(G18="X",($D$7-$C$7),"0") -> 0 | H56: =IF(H18="X",($D$7-$C$7),"0") -> 0 | I56: =IF(I18="X",($D$7-$C$7),"0") -> 0 | J56: =IF(J18="X",(D18-C18),"0") -> 0 | K56: =IF(K18="X",($D$7-$C$7),"0") -> 0 | L56: =IF(L18="X",($D$7-$C$7),"0") -> 0 | M56: =IF(M18="X",($D$7-$C$7),"0") -> 0 | N56: =IF(N18="X",($D$7-$C$7),"0") -> 0 | O56: =IF(O18="X",($D$7-$C$7),"0") -> 0.5 | P56: =IF(P18="X",($D$7-$C$7),"0") -> 0 | Q56: =IF(Q18="X",($D$7-$C$7),"0") -> 0 | R56: =IF(R18="X",($D$7-$C$7),"0") -> 0 | ... T56: =IF(T18="X",($D$7-$C$7),"0") -> 0
... E77: =IF(E39="X",($D$7-$C$7),"0") -> 0 | F77: =IF(F39="X",($D$7-$C$7),"0") -> 0 | G77: =IF(G39="X",($D$7-$C$7),"0") -> 0 | H77: =IF(H39="X",($D$7-$C$7),"0") -> 0 | I77: =IF(I39="X",($D$7-$C$7),"0") -> 0 | J77: =IF(J39="X",(D39-C39),"0") -> 0 | K77: =IF(K39="X",($D$7-$C$7),"0") -> 0 | L77: =IF(L39="X",($D$7-$C$7),"0") -> 0 | M77: =IF(M39="X",($D$7-$C$7),"0") -> 0 | N77: =IF(N39="X",($D$7-$C$7),"0") -> 0 | O77: =IF(O39="X",($D$7-$C$7),"0") -> 0 | P77: =IF(P39="X",($D$7-$C$7),"0") -> 0 | Q77: =IF(Q39="X",($D$7-$C$7),"0") -> 0 | R77: =IF(R39="X",($D$7-$C$7),"0") -> 0 | ... T77: =IF(T39="X",($D$7-$C$7),"0") -> 0
E78: =IF(E36="X",(D36-C36),"0") -> 0 | F78: =IF(F36="X",(D36-C36),"0") -> 0 | G78: =IF(G36="X",(D36-C36),"0") -> 0 | H78: =IF(H36="X",(D36-C36),"0") -> 0 | I78: =IF(I36="X",(D36-C36),"0") -> 0 | J78: =IF(J36="X",(D36-C36),"0") -> 0 | K78: =IF(K36="X",(D36-C36),"0") -> 0 | L78: =IF(L36="X",(D36-C36),"0") -> 0 | M78: =IF(M36="X",(D36-C36),"0") -> 0 | N78: =IF(N36="X",(D36-C36),"0") -> 0 | O78: =IF(O36="X",(D36-C36),"0") -> 0 | P78: =IF(P36="X",(D36-C36),"0") -> 0 | Q78: =IF(Q36="X",(D36-C36),"0") -> 0 | R78: =IF(R36="X",(D36-C36),"0") -> 0 | S78: =IF(S36="X",(D36-C36),"0") -> 0 | T78: =IF(T36="X",(D36-C36),"0") -> 0
E79: =IF(E37="X",(D37-C37),"0") -> 0 | F79: =IF(F37="X",(D37-C37),"0") -> 0 | G79: =IF(G37="X",(D37-C37),"0") -> 0 | H79: =IF(H37="X",(D37-C37),"0") -> 0 | I79: =IF(I37="X",(D37-C37),"0") -> 0 | J79: =IF(J37="X",(D37-C37),"0") -> 0 | K79: =IF(K37="X",(D37-C37),"0") -> 0 | L79: =IF(L37="X",(D37-C37),"0") -> 0 | M79: =IF(M37="X",(D37-C37),"0") -> 0 | N79: =IF(N37="X",(D37-C37),"0") -> 0 | O79: =IF(O37="X",(D37-C37),"0") -> 0 | P79: =IF(P37="X",(D37-C37),"0") -> 0 | Q79: =IF(Q37="X",(D37-C37),"0") -> 0 | R79: =IF(R37="X",(D37-C37),"0") -> 0 | S79: =IF(S37="X",(D37-C37),"0") -> 0 | T79: =IF(T37="X",(D37-C37),"0") -> 0
E80: =IF(E38="X",(D38-C38),"0") -> 0 | F80: =IF(F38="X",(D38-C38),"0") -> 0 | G80: =IF(G38="X",(D38-C38),"0") -> 0 | H80: =IF(H38="X",(D38-C38),"0") -> 0 | I80: =IF(I38="X",(D38-C38),"0") -> 0 | J80: =IF(J38="X",(D38-C38),"0") -> 0 | K80: =IF(K38="X",(D38-C38),"0") -> 0 | L80: =IF(L38="X",(D38-C38),"0") -> 0 | M80: =IF(M38="X",(D38-C38),"0") -> 0 | N80: =IF(N38="X",(D38-C38),"0") -> 0 | O80: =IF(O38="X",(D38-C38),"0") -> 0 | P80: =IF(P38="X",(D38-C38),"0") -> 0 | Q80: =IF(Q38="X",(D38-C38),"0") -> 0 | R80: =IF(R38="X",(D38-C38),"0") -> 0 | S80: =IF(S38="X",(D38-C38),"0") -> 0 | T80: =IF(T38="X",(D38-C38),"0") -> 0
E133: =SUM(E45:E132) -> 8 | F133: =SUM(F45:F132) -> 0 | G133: =SUM(G45:G132) -> 0.5 | H133: =SUM(H45:H132) -> 2 | I133: =SUM(I45:I132) -> 1 | J133: =SUM(J45:J132) -> 2.66 | K133: =SUM(K45:K132) -> 5.5 | L133: =SUM(L45:L132) -> 0 | ... T133: =SUM(T45:T132) -> 0

Sheet 75
A1: PROGRAMA DE MANUTENÇÃORODOVIÁRIA
D2: RODOVIAS PAVIMENTADAS | I2: DATA: | J2: ='68'!$J$2 -> 46204 | N2: TÉCNICO RESP. | O2: ='68'!$O$2 -> ENG. VINÍCIUS RODRIGUES FERREIRA DE OLIVEIRA
A3: FICHA DE INSPEÇÃO: | B3: =TT!C9 -> RODOVIA TO-226 - TRECHO NOVA OLINDA - ENTR. TO-010
A5: S.R.E. | B5: SENTIDO | C5: INÍCIO (KM) | D5: FIM (KM) | E5: CONDIÇÃO DO PAVIMENTO | J5: VEGETAÇÃO | L5: ELEM. DE DRENAGEM | O5: SIN. HOR. | R5: SIN. VERTICAL | U5: OBSERV.
E6: BOM | F6: REM. I. | G6: REM. L | H6: BUR. I | I6: BUR. L | J6: ADEQ. | K6: INADED. | L6: LIMPOS | M6: SUJOS | N6: DAN. | O6: BOM | P6: REG. | Q6: INEXIST. | R6: BOM | S6: POUCAS | T6: INEXIST.
A7: 226ETO0201 | B7: D | C7: 0 | D7: 0.4 | E7: X | K7: X | M7: X | Q7: X | R7: X
A8: 226ETO0201 | B8: D | C8: =D7 -> 0.4 | D8: 1.3 | F8: X | K8: X | M8: X | P8: X | R8: X
A9: 226ETO0201 | B9: D | C9: =D8 -> 1.3 | D9: 2.15 | F9: X | K9: X | M9: X | Q9: X | T9: X
A32: LEGENDA | B32: CONDIÇÃO DO PAVIMENTO
A33: REM. I | B33: REMENDOS ISOLADOS | E33: ATÉ 10 REMENDOS/KM | I33: BUR. I | J33: BURACOS ISOLADOS | M33: ATÉ 5 BURACOS/KM
A34: REM. L | B34: REMENDOS AO LONGO | E34: MAIS DE 10 REMENDOS/KM | I34: BUR. L | J34: BURACOS AO LONGO | M34: MAIS DE 5 BURACOS/KM
E39: =IF(E7="X",($D$7-$C$7),"0") -> 0.4 | F39: =IF(F7="X",($D$7-$C$7),"0") -> 0 | G39: =IF(G7="X",($D$7-$C$7),"0") -> 0 | H39: =IF(H7="X",($D$7-$C$7),"0") -> 0 | I39: =IF(I7="X",($D$7-$C$7),"0") -> 0 | J39: =IF(J7="X",($D$7-$C$7),"0") -> 0 | K39: =IF(K7="X",($D$7-$C$7),"0") -> 0.4 | L39: =IF(L7="X",($D$7-$C$7),"0") -> 0 | ... T39: =IF(T7="X",($D$7-$C$7),"0") -> 0
E40: =IF(E8="X",($D$8-$C$8),"0") -> 0 | F40: =IF(F8="X",($D$8-$C$8),"0") -> 0.9 | G40: =IF(G8="X",($D$8-$C$8),"0") -> 0 | H40: =IF(H8="X",($D$8-$C$8),"0") -> 0 | I40: =IF(I8="X",($D$8-$C$8),"0") -> 0 | J40: =IF(J8="X",($D$8-$C$8),"0") -> 0 | K40: =IF(K8="X",($D$8-$C$8),"0") -> 0.9 | L40: =IF(L8="X",($D$8-$C$8),"0") -> 0 | ... T40: =IF(T8="X",($D$8-$C$8),"0") -> 0
E41: =IF(E9="X",($D$9-$C$9),"0") -> 0 | F41: =IF(F9="X",($D$9-$C$9),"0") -> 0.85 | G41: =IF(G9="X",($D$9-$C$9),"0") -> 0 | H41: =IF(H9="X",($D$9-$C$9),"0") -> 0 | I41: =IF(I9="X",($D$9-$C$9),"0") -> 0 | J41: =IF(J9="X",($D$9-$C$9),"0") -> 0 | K41: =IF(K9="X",($D$9-$C$9),"0") -> 0.85 | L41: =IF(L9="X",($D$9-$C$9),"0") -> 0 | ... T41: =IF(T9="X",($D$9-$C$9),"0") -> 0.85
E42: =IF(E10="X",($D$10-$C$10),"0") -> 0 | F42: =IF(F10="X",($D$10-$C$10),"0") -> 0 | G42: =IF(G10="X",($D$10-$C$10),"0") -> 0 | H42: =IF(H10="X",($D$10-$C$10),"0") -> 0 | I42: =IF(I10="X",($D$10-$C$10),"0") -> 0 | J42: =IF(J10="X",($D$10-$C$10),"0") -> 0 | K42: =IF(K10="X",($D$10-$C$10),"0") -> 0 | L42: =IF(L10="X",($D$10-$C$10),"0") -> 0 | ... T42: =IF(T10="X",($D$10-$C$10),"0") -> 0
E43: =IF(E11="X",($D$11-$C$11),"0") -> 0 | F43: =IF(F11="X",($D$11-$C$11),"0") -> 0 | G43: =IF(G11="X",($D$11-$C$11),"0") -> 0 | H43: =IF(H11="X",($D$11-$C$11),"0") -> 0 | I43: =IF(I11="X",($D$11-$C$11),"0") -> 0 | J43: =IF(J11="X",($D$11-$C$11),"0") -> 0 | K43: =IF(K11="X",($D$11-$C$11),"0") -> 0 | L43: =IF(L11="X",($D$11-$C$11),"0") -> 0 | ... T43: =IF(T11="X",($D$11-$C$11),"0") -> 0
E44: =IF(E12="X",($D$12-$C$12),"0") -> 0 | F44: =IF(F12="X",($D$12-$C$12),"0") -> 0 | G44: =IF(G12="X",($D$12-$C$12),"0") -> 0 | H44: =IF(H12="X",($D$12-$C$12),"0") -> 0 | I44: =IF(I12="X",($D$12-$C$12),"0") -> 0 | J44: =IF(J12="X",($D$12-$C$12),"0") -> 0 | K44: =IF(K12="X",($D$12-$C$12),"0") -> 0 | L44: =IF(L12="X",($D$12-$C$12),"0") -> 0 | ... T44: =IF(T12="X",($D$12-$C$12),"0") -> 0
E45: =IF(E13="X",($D$13-$C$13),"0") -> 0 | F45: =IF(F13="X",($D$13-$C$13),"0") -> 0 | G45: =IF(G13="X",($D$13-$C$13),"0") -> 0 | H45: =IF(H13="X",($D$13-$C$13),"0") -> 0 | I45: =IF(I13="X",($D$13-$C$13),"0") -> 0 | J45: =IF(J13="X",($D$13-$C$13),"0") -> 0 | K45: =IF(K13="X",($D$13-$C$13),"0") -> 0 | L45: =IF(L13="X",($D$13-$C$13),"0") -> 0 | ... T45: =IF(T13="X",($D$13-$C$13),"0") -> 0
E46: =IF(E14="X",($D$14-$C$14),"0") -> 0 | F46: =IF(F14="X",($D$14-$C$14),"0") -> 0 | G46: =IF(G14="X",($D$14-$C$14),"0") -> 0 | H46: =IF(H14="X",($D$14-$C$14),"0") -> 0 | I46: =IF(I14="X",($D$14-$C$14),"0") -> 0 | J46: =IF(J14="X",($D$14-$C$14),"0") -> 0 | K46: =IF(K14="X",($D$14-$C$14),"0") -> 0 | L46: =IF(L14="X",($D$14-$C$14),"0") -> 0 | ... T46: =IF(T14="X",($D$14-$C$14),"0") -> 0
E47: =IF(E15="X",($D$15-$C$15),"0") -> 0 | F47: =IF(F15="X",($D$15-$C$15),"0") -> 0 | G47: =IF(G15="X",($D$15-$C$15),"0") -> 0 | H47: =IF(H15="X",($D$15-$C$15),"0") -> 0 | I47: =IF(I15="X",($D$15-$C$15),"0") -> 0 | J47: =IF(J15="X",($D$15-$C$15),"0") -> 0 | K47: =IF(K15="X",($D$15-$C$15),"0") -> 0 | L47: =IF(L15="X",($D$15-$C$15),"0") -> 0 | ... T47: =IF(T15="X",($D$15-$C$15),"0") -> 0
E48: =IF(E16="X",($D$16-$C$16),"0") -> 0 | F48: =IF(F16="X",($D$16-$C$16),"0") -> 0 | G48: =IF(G16="X",($D$16-$C$16),"0") -> 0 | H48: =IF(H16="X",($D$16-$C$16),"0") -> 0 | I48: =IF(I16="X",($D$16-$C$16),"0") -> 0 | J48: =IF(J16="X",($D$16-$C$16),"0") -> 0 | K48: =IF(K16="X",($D$16-$C$16),"0") -> 0 | L48: =IF(L16="X",($D$16-$C$16),"0") -> 0 | ... T48: =IF(T16="X",($D$16-$C$16),"0") -> 0
E49: =IF(E17="X",($D$17-$C$17),"0") -> 0 | F49: =IF(F17="X",($D$17-$C$17),"0") -> 0 | G49: =IF(G17="X",($D$17-$C$17),"0") -> 0 | H49: =IF(H17="X",($D$17-$C$17),"0") -> 0 | I49: =IF(I17="X",($D$17-$C$17),"0") -> 0 | J49: =IF(J17="X",($D$17-$C$17),"0") -> 0 | K49: =IF(K17="X",($D$17-$C$17),"0") -> 0 | L49: =IF(L17="X",($D$17-$C$17),"0") -> 0 | ... T49: =IF(T17="X",($D$17-$C$17),"0") -> 0
E50: =IF(E18="X",($D$18-$C$18),"0") -> 0 | F50: =IF(F18="X",($D$18-$C$18),"0") -> 0 | G50: =IF(G18="X",($D$18-$C$18),"0") -> 0 | H50: =IF(H18="X",($D$18-$C$18),"0") -> 0 | I50: =IF(I18="X",($D$18-$C$18),"0") -> 0 | J50: =IF(J18="X",($D$18-$C$18),"0") -> 0 | K50: =IF(K18="X",($D$18-$C$18),"0") -> 0 | L50: =IF(L18="X",($D$18-$C$18),"0") -> 0 | ... T50: =IF(T18="X",($D$18-$C$18),"0") -> 0
E51: =IF(E19="X",($D$19-$C$19),"0") -> 0 | F51: =IF(F19="X",($D$19-$C$19),"0") -> 0 | G51: =IF(G19="X",($D$19-$C$19),"0") -> 0 | H51: =IF(H19="X",($D$19-$C$19),"0") -> 0 | I51: =IF(I19="X",($D$19-$C$19),"0") -> 0 | J51: =IF(J19="X",($D$19-$C$19),"0") -> 0 | K51: =IF(K19="X",($D$19-$C$19),"0") -> 0 | L51: =IF(L19="X",($D$19-$C$19),"0") -> 0 | ... T51: =IF(T19="X",($D$19-$C$19),"0") -> 0
E52: =IF(E20="X",($D$20-$C$20),"0") -> 0 | F52: =IF(F20="X",($D$20-$C$20),"0") -> 0 | G52: =IF(G20="X",($D$20-$C$20),"0") -> 0 | H52: =IF(H20="X",($D$20-$C$20),"0") -> 0 | I52: =IF(I20="X",($D$20-$C$20),"0") -> 0 | J52: =IF(J20="X",($D$20-$C$20),"0") -> 0 | K52: =IF(K20="X",($D$20-$C$20),"0") -> 0 | L52: =IF(L20="X",($D$20-$C$20),"0") -> 0 | ... T52: =IF(T20="X",($D$20-$C$20),"0") -> 0
E53: =IF(E21="X",($D$21-$C$21),"0") -> 0 | F53: =IF(F21="X",($D$21-$C$21),"0") -> 0 | G53: =IF(G21="X",($D$21-$C$21),"0") -> 0 | H53: =IF(H21="X",($D$21-$C$21),"0") -> 0 | I53: =IF(I21="X",($D$21-$C$21),"0") -> 0 | J53: =IF(J21="X",($D$21-$C$21),"0") -> 0 | K53: =IF(K21="X",($D$21-$C$21),"0") -> 0 | L53: =IF(L21="X",($D$21-$C$21),"0") -> 0 | ... T53: =IF(T21="X",($D$21-$C$21),"0") -> 0
E54: =IF(E22="X",($D$22-$C$22),"0") -> 0 | F54: =IF(F22="X",($D$22-$C$22),"0") -> 0 | G54: =IF(G22="X",($D$22-$C$22),"0") -> 0 | H54: =IF(H22="X",($D$22-$C$22),"0") -> 0 | I54: =IF(I22="X",($D$22-$C$22),"0") -> 0 | J54: =IF(J22="X",($D$22-$C$22),"0") -> 0 | K54: =IF(K22="X",($D$22-$C$22),"0") -> 0 | L54: =IF(L22="X",($D$22-$C$22),"0") -> 0 | ... T54: =IF(T22="X",($D$22-$C$22),"0") -> 0
E55: =IF(E23="X",($D$23-$C$23),"0") -> 0 | F55: =IF(F23="X",($D$23-$C$23),"0") -> 0 | G55: =IF(G23="X",($D$23-$C$23),"0") -> 0 | H55: =IF(H23="X",($D$23-$C$23),"0") -> 0 | I55: =IF(I23="X",($D$23-$C$23),"0") -> 0 | J55: =IF(J23="X",($D$23-$C$23),"0") -> 0 | K55: =IF(K23="X",($D$23-$C$23),"0") -> 0 | L55: =IF(L23="X",($D$23-$C$23),"0") -> 0 | ... T55: =IF(T23="X",($D$23-$C$23),"0") -> 0
E56: =IF(E24="X",($D$24-$C$24),"0") -> 0 | F56: =IF(F24="X",($D$24-$C$24),"0") -> 0 | G56: =IF(G24="X",($D$24-$C$24),"0") -> 0 | H56: =IF(H24="X",($D$24-$C$24),"0") -> 0 | I56: =IF(I24="X",($D$24-$C$24),"0") -> 0 | J56: =IF(J24="X",($D$24-$C$24),"0") -> 0 | K56: =IF(K24="X",($D$24-$C$24),"0") -> 0 | L56: =IF(L24="X",($D$24-$C$24),"0") -> 0 | ... T56: =IF(T24="X",($D$24-$C$24),"0") -> 0
E57: =IF(E25="X",($D$25-$C$25),"0") -> 0 | F57: =IF(F25="X",($D$25-$C$25),"0") -> 0 | G57: =IF(G25="X",($D$25-$C$25),"0") -> 0 | H57: =IF(H25="X",($D$25-$C$25),"0") -> 0 | I57: =IF(I25="X",($D$25-$C$25),"0") -> 0 | J57: =IF(J25="X",($D$25-$C$25),"0") -> 0 | K57: =IF(K25="X",($D$25-$C$25),"0") -> 0 | L57: =IF(L25="X",($D$25-$C$25),"0") -> 0 | ... T57: =IF(T25="X",($D$25-$C$25),"0") -> 0
E58: =IF(E26="X",($D$26-$C$26),"0") -> 0 | F58: =IF(F26="X",($D$26-$C$26),"0") -> 0 | G58: =IF(G26="X",($D$26-$C$26),"0") -> 0 | H58: =IF(H26="X",($D$26-$C$26),"0") -> 0 | I58: =IF(I26="X",($D$26-$C$26),"0") -> 0 | J58: =IF(J26="X",($D$26-$C$26),"0") -> 0 | K58: =IF(K26="X",($D$26-$C$26),"0") -> 0 | L58: =IF(L26="X",($D$26-$C$26),"0") -> 0 | ... T58: =IF(T26="X",($D$26-$C$26),"0") -> 0
E59: =IF(E27="X",($D$27-$C$27),"0") -> 0 | F59: =IF(F27="X",($D$27-$C$27),"0") -> 0 | G59: =IF(G27="X",($D$27-$C$27),"0") -> 0 | H59: =IF(H27="X",($D$27-$C$27),"0") -> 0 | I59: =IF(I27="X",($D$27-$C$27),"0") -> 0 | J59: =IF(J27="X",($D$27-$C$27),"0") -> 0 | K59: =IF(K27="X",($D$27-$C$27),"0") -> 0 | L59: =IF(L27="X",($D$27-$C$27),"0") -> 0 | ... T59: =IF(T27="X",($D$27-$C$27),"0") -> 0
E60: =IF(E28="X",($D$28-$C$28),"0") -> 0 | F60: =IF(F28="X",($D$28-$C$28),"0") -> 0 | G60: =IF(G28="X",($D$28-$C$28),"0") -> 0 | H60: =IF(H28="X",($D$28-$C$28),"0") -> 0 | I60: =IF(I28="X",($D$28-$C$28),"0") -> 0 | J60: =IF(J28="X",($D$28-$C$28),"0") -> 0 | K60: =IF(K28="X",($D$28-$C$28),"0") -> 0 | L60: =IF(L28="X",($D$28-$C$28),"0") -> 0 | ... T60: =IF(T28="X",($D$28-$C$28),"0") -> 0
E61: =IF(E29="X",($D$29-$C$29),"0") -> 0 | F61: =IF(F29="X",($D$29-$C$29),"0") -> 0 | G61: =IF(G29="X",($D$29-$C$29),"0") -> 0 | H61: =IF(H29="X",($D$29-$C$29),"0") -> 0 | I61: =IF(I29="X",($D$29-$C$29),"0") -> 0 | J61: =IF(J29="X",($D$29-$C$29),"0") -> 0 | K61: =IF(K29="X",($D$29-$C$29),"0") -> 0 | L61: =IF(L29="X",($D$29-$C$29),"0") -> 0 | ... T61: =IF(T29="X",($D$29-$C$29),"0") -> 0
E62: =IF(E30="X",($D$30-$C$30),"0") -> 0 | F62: =IF(F30="X",($D$30-$C$30),"0") -> 0 | G62: =IF(G30="X",($D$30-$C$30),"0") -> 0 | H62: =IF(H30="X",($D$30-$C$30),"0") -> 0 | I62: =IF(I30="X",($D$30-$C$30),"0") -> 0 | J62: =IF(J30="X",($D$30-$C$30),"0") -> 0 | K62: =IF(K30="X",($D$30-$C$30),"0") -> 0 | L62: =IF(L30="X",($D$30-$C$30),"0") -> 0 | ... T62: =IF(T30="X",($D$30-$C$30),"0") -> 0
E127: =SUM(E39:E126) -> 0.4 | F127: =SUM(F39:F126) -> 1.75 | G127: =SUM(G39:G126) -> 0 | H127: =SUM(H39:H126) -> 0 | I127: =SUM(I39:I126) -> 0 | J127: =SUM(J39:J126) -> 0 | K127: =SUM(K39:K126) -> 2.15 | L127: =SUM(L39:L126) -> 0 | ... T127: =SUM(T39:T126) -> 0.85

Sheet 77
A1: PROGRAMA DE MANUTENÇÃORODOVIÁRIA
D2: RODOVIAS PAVIMENTADAS | I2: DATA: | J2: ='68'!$J$2 -> 46204 | N2: TÉCNICO RESP. | O2: ='68'!$O$2 -> ENG. VINÍCIUS RODRIGUES FERREIRA DE OLIVEIRA
A3: FICHA DE INSPEÇÃO: | B3: =TT!C10 -> RODOVIA TO-226 - TRECHO GOIATINS - CAMPOS LINDOS - DIV TO-MA
A5: S.R.E. | B5: SENTIDO | C5: INÍCIO (KM) | D5: FIM (KM) | E5: CONDIÇÃO DO PAVIMENTO | J5: VEGETAÇÃO | L5: ELEM. DE DRENAGEM | O5: SIN. HOR. | R5: SIN. VERTICAL | U5: OBSERV.
E6: BOM | F6: REM. I. | G6: REM. L | H6: BUR. I | I6: BUR. L | J6: ADEQ. | K6: INADED. | L6: LIMPOS | M6: SUJOS | N6: DAN. | O6: BOM | P6: REG. | Q6: INEXIST. | R6: BOM | S6: POUCAS | T6: INEXIST.
A7: 226ETO0050 | B7: D | C7: 0 | D7: 1 | G7: X | I7: X | J7: X | M7: X | O7: X | T7: X
C8: =D7 -> 1 | D8: 2 | G8: X | H8: X | I8: X | J8: X | M8: X | O8: X | T8: X
C9: =D8 -> 2 | D9: 3 | H9: X | J9: X | M9: X | O9: X | T9: X
C10: =D9 -> 3 | D10: 4 | G10: X | I10: X | J10: X | M10: X | O10: X | T10: X
C11: =D10 -> 4 | D11: 5 | G11: X | I11: X | J11: X | M11: X | O11: X | T11: X
C12: =D11 -> 5 | D12: 6 | E12: X | J12: X | M12: X | O12: X | T12: X
C13: =D12 -> 6 | D13: 7 | G13: X | I13: X | J13: X | O13: X | T13: X
C14: =D13 -> 7 | D14: 8 | G14: X | I14: X | J14: X | O14: X | T14: X
C15: =D14 -> 8 | D15: 9 | G15: X | I15: X | J15: X | O15: X | T15: X
C16: =D15 -> 9 | D16: 10 | E16: X | J16: X | O16: X | T16: X
C17: =D16 -> 10 | D17: 11 | E17: X | J17: X | O17: X | T17: X
C18: =D17 -> 11 | D18: 12 | E18: X | J18: X | M18: X | O18: X | T18: X
C19: =D18 -> 12 | D19: 13 | E19: X | J19: X | M19: X | O19: X | T19: X
C20: =D19 -> 13 | D20: 14 | F20: X | J20: X | M20: X | O20: X | T20: X
C21: =D20 -> 14 | D21: 15 | E21: X | J21: X | M21: X | O21: X | T21: X
C22: =D21 -> 15 | D22: 16 | E22: X | J22: X | O22: X | T22: X
C23: =D22 -> 16 | D23: 17 | E23: X | J23: X | O23: X | T23: X
C24: =D23 -> 17 | D24: 18 | G24: X | H24: X | I24: X | J24: X | O24: X | T24: X
C25: =D24 -> 18 | D25: 19 | E25: X | J25: X | O25: X | T25: X
C26: =D25 -> 19 | D26: 20 | G26: X | H26: X | I26: X | J26: X | O26: X | T26: X
C27: =D26 -> 20 | D27: 21 | E27: X | J27: X | O27: X | T27: X
C28: =D27 -> 21 | D28: 22 | E28: X | J28: X | O28: X | T28: X
C29: =D28 -> 22 | D29: 23 | E29: X | J29: X | O29: X | T29: X
C30: =D29 -> 23 | D30: 24.57 | E30: X | J30: X | O30: X | T30: X
A31: 226ETO0040 | B31: D | C31: 0 | D31: 1 | E31: X | J31: X | O31: X | S31: X
C32: =D31 -> 1 | D32: 2 | E32: X | J32: X | O32: X | S32: X
C33: =D32 -> 2 | D33: 3 | E33: X | J33: X | O33: X | S33: X
C34: =D33 -> 3 | D34: 4 | E34: X | J34: X | O34: X | S34: X
C35: =D34 -> 4 | D35: 5 | E35: X | J35: X | O35: X | T35: X
C36: =D35 -> 5 | D36: 6 | E36: X | J36: X | O36: X | T36: X
C37: =D36 -> 6 | D37: 7 | E37: X | J37: X | O37: X | T37: X
C38: =D37 -> 7 | D38: 8 | E38: X | J38: X | O38: X | T38: X
C39: =D38 -> 8 | D39: 9 | E39: X | J39: X | M39: X | O39: X | T39: X
C40: =D39 -> 9 | D40: 10 | E40: X | J40: X | M40: X | O40: X | T40: X
C41: =D40 -> 10 | D41: 11 | E41: X | J41: X | O41: X | T41: X
C42: =D41 -> 11 | D42: 12 | E42: X | J42: X | O42: X | S42: X
C43: =D42 -> 12 | D43: 13 | E43: X | J43: X | O43: X | S43: X
C44: =D43 -> 13 | D44: 14 | E44: X | J44: X | M44: X | O44: X | S44: X
C45: =D44 -> 14 | D45: 15 | E45: X | J45: X | M45: X | O45: X | S45: X
C46: =D45 -> 15 | D46: 16 | E46: X | J46: X | O46: X | S46: X
C47: =D46 -> 16 | D47: 17 | E47: X | J47: X | O47: X | S47: X
C48: =D47 -> 17 | D48: 17.64 | E48: X | J48: X | M48: X | O48: X | S48: X
A49: 226ETO0030 | B49: D | C49: 0 | D49: 1 | E49: X | J49: X | O49: X | S49: X
C50: =D49 -> 1 | D50: 2 | E50: X | J50: X | O50: X | S50: X
C51: =D50 -> 2 | D51: 3 | E51: X | J51: X | O51: X | S51: X
C52: =D51 -> 3 | D52: 4 | E52: X | J52: X | O52: X | S52: X
C53: =D52 -> 4 | D53: 5 | E53: X | J53: X | O53: X | S53: X
C54: =D53 -> 5 | D54: 6 | H54: X | J54: X | O54: X | S54: X
C55: =D54 -> 6 | D55: 7 | H55: X | J55: X | M55: X | O55: X | S55: X
C56: =D55 -> 7 | D56: 8 | H56: X | J56: X | O56: X | S56: X
C57: =D56 -> 8 | D57: 9 | H57: X | J57: X | O57: X | S57: X
C58: =D57 -> 9 | D58: 10 | H58: X | J58: X | O58: X | S58: X
C59: =D58 -> 10 | D59: 11 | E59: X | J59: X | O59: X | S59: X
C60: =D59 -> 11 | D60: 12 | E60: X | J60: X | O60: X | S60: X
C61: =D60 -> 12 | D61: 13 | E61: X | J61: X | O61: X | S61: X
C62: =D61 -> 13 | D62: 14 | E62: X | J62: X | O62: X | S62: X
C63: =D62 -> 14 | D63: 15 | E63: X | J63: X | M63: X | O63: X | S63: X
C64: =D63 -> 15 | D64: 16 | E64: X | J64: X | O64: X | S64: X
C65: =D64 -> 16 | D65: 17 | E65: X | J65: X | M65: X | O65: X | T65: X
C66: =D65 -> 17 | D66: 18 | E66: X | J66: X | O66: X | T66: X
C67: =D66 -> 18 | D67: 19 | E67: X | J67: X | M67: X | O67: X | T67: X
C68: =D67 -> 19 | D68: 20 | E68: X | J68: X | M68: X | O68: X | T68: X
C69: =D68 -> 20 | D69: 21 | E69: X | J69: X | M69: X | O69: X | T69: X
C70: =D69 -> 21 | D70: 22 | E70: X | J70: X | M70: X | O70: X | T70: X
C71: =D70 -> 22 | D71: 23 | E71: X | J71: X | M71: X | O71: X | S71: X
C72: =D71 -> 23 | D72: 24 | E72: X | J72: X | M72: X | O72: X | S72: X
C73: =D72 -> 24 | D73: 25 | E73: X | J73: X | O73: X | S73: X
C74: =D73 -> 25 | D74: 26 | E74: X | J74: X | M74: X | O74: X | S74: X
C75: =D74 -> 26 | D75: 27 | E75: X | J75: X | M75: X | O75: X | S75: X
C76: =D75 -> 27 | D76: 28 | E76: X | J76: X | M76: X | O76: X | S76: X
C77: =D76 -> 28 | D77: 29 | E77: X | J77: X | M77: X | O77: X | S77: X
C78: =D77 -> 29 | D78: 30 | E78: X | J78: X | M78: X | O78: X | S78: X
C79: =D78 -> 30 | D79: 31 | E79: X | J79: X | O79: X | S79: X
C80: =D79 -> 31 | D80: 32 | E80: X | J80: X | M80: X | O80: X | S80: X
C81: =D80 -> 32 | D81: 33 | E81: X | J81: X | M81: X | O81: X | S81: X
C82: =D81 -> 33 | D82: 34 | G82: X | H82: X | I82: X | J82: X | M82: X | O82: X | S82: X
C83: =D82 -> 34 | D83: 35 | E83: X | J83: X | M83: X | O83: X | S83: X
C84: =D83 -> 35 | D84: 36 | E84: X | J84: X | M84: X | O84: X | S84: X
C85: =D84 -> 36 | D85: 37 | E85: X | J85: X | M85: X | O85: X | S85: X
C86: =D85 -> 37 | D86: 37.29 | E86: X | J86: X | O86: X | S86: X
A87: 226ETO0020 | B87: D | C87: 0 | D87: 1 | E87: X | J87: X | M87: X | O87: X | T87: X
C88: =D87 -> 1 | D88: 2 | E88: X | J88: X | M88: X | O88: X | T88: X
C89: =D88 -> 2 | D89: 3 | E89: X | J89: X | M89: X | O89: X | T89: X
C90: =D89 -> 3 | D90: 4 | E90: X | J90: X | M90: X | O90: X | T90: X
C91: =D90 -> 4 | D91: 5 | E91: X | J91: X | M91: X | O91: X | T91: X
C92: =D91 -> 5 | D92: 6 | E92: X | J92: X | M92: X | O92: X | T92: X
C93: =D92 -> 6 | D93: 7 | E93: X | J93: X | M93: X | O93: X | T93: X
C94: =D93 -> 7 | D94: 8 | E94: X | J94: X | O94: X | T94: X
C95: =D94 -> 8 | D95: 9 | G95: X | I95: X | J95: X | M95: X | O95: X | T95: X
C96: =D95 -> 9 | D96: 10 | G96: X | I96: X | J96: X | M96: X | O96: X | T96: X
C97: =D96 -> 10 | D97: 10.3 | G97: X | I97: X | M97: X | O97: X | T97: X
A98: 226ETO0020 | B98: D | C98: 0 | D98: 1 | E98: X | J98: X | M98: X | P98: X | T98: X
C99: =D98 -> 1 | D99: 1.69 | E99: X | J99: X | M99: X | P99: X | T99: X
A107: LEGENDA | B107: CONDIÇÃO DO PAVIMENTO
A108: REM. I | B108: REMENDOS ISOLADOS | E108: ATÉ 10 REMENDOS/KM | I108: BUR. I | J108: BURACOS ISOLADOS | M108: ATÉ 5 BURACOS/KM
...

Sheet 78
A1: PROGRAMA DE MANUTENÇÃORODOVIÁRIA
D2: RODOVIAS PAVIMENTADAS | I2: DATA: | J2: ='68'!$J$2 -> 46204 | N2: TÉCNICO RESP. | O2: ='68'!$O$2 -> ENG. VINÍCIUS RODRIGUES FERREIRA DE OLIVEIRA
A3: FICHA DE INSPEÇÃO: | B3: =TT!C11 -> RODOVIA TO-422 - TRECHO ENTR. BR-153 - TRECHO DISTRITO AGROINDUSTRIAL DE ARAGUAÍNA
A5: S.R.E. | B5: SENTIDO | C5: INÍCIO (KM) | D5: FIM (KM) | E5: CONDIÇÃO DO PAVIMENTO | J5: VEGETAÇÃO | L5: ELEM. DE DRENAGEM | O5: SIN. HOR. | R5: SIN. VERTICAL | U5: OBSERV.
E6: BOM | F6: REM. I. | G6: REM. L | H6: BUR. I | I6: BUR. L | J6: ADEQ. | K6: INADED. | L6: LIMPOS | M6: SUJOS | N6: DAN. | O6: BOM | P6: REG. | Q6: INEXIST. | R6: BOM | S6: POUCAS | T6: INEXIST.
A7: 422ETO0010 | B7: D | C7: 0 | D7: 7.78 | E7: X | K7: X | M7: X | P7: X | R7: X
A32: LEGENDA | B32: CONDIÇÃO DO PAVIMENTO
A33: REM. I | B33: REMENDOS ISOLADOS | E33: ATÉ 10 REMENDOS/KM | I33: BUR. I | J33: BURACOS ISOLADOS | M33: ATÉ 5 BURACOS/KM
A34: REM. L | B34: REMENDOS AO LONGO | E34: MAIS DE 10 REMENDOS/KM | I34: BUR. L | J34: BURACOS AO LONGO | M34: MAIS DE 5 BURACOS/KM
E39: =IF(E7="X",($D$7-$C$7),"0") -> 7.78 | F39: =IF(F7="X",($D$7-$C$7),"0") -> 0 | G39: =IF(G7="X",($D$7-$C$7),"0") -> 0 | H39: =IF(H7="X",($D$7-$C$7),"0") -> 0 | I39: =IF(I7="X",($D$7-$C$7),"0") -> 0 | J39: =IF(J7="X",($D$7-$C$7),"0") -> 0 | K39: =IF(K7="X",($D$7-$C$7),"0") -> 7.78 | L39: =IF(L7="X",($D$7-$C$7),"0") -> 0 | ... T39: =IF(T7="X",($D$7-$C$7),"0") -> 0
E40: =IF(E8="X",($D$8-$C$8),"0") -> 0 | F40: =IF(F8="X",($D$8-$C$8),"0") -> 0 | G40: =IF(G8="X",($D$8-$C$8),"0") -> 0 | H40: =IF(H8="X",($D$8-$C$8),"0") -> 0 | I40: =IF(I8="X",($D$8-$C$8),"0") -> 0 | J40: =IF(J8="X",($D$8-$C$8),"0") -> 0 | K40: =IF(K8="X",($D$8-$C$8),"0") -> 0 | L40: =IF(L8="X",($D$8-$C$8),"0") -> 0 | ... T40: =IF(T8="X",($D$8-$C$8),"0") -> 0
E41: =IF(E9="X",($D$9-$C$9),"0") -> 0 | F41: =IF(F9="X",($D$9-$C$9),"0") -> 0 | G41: =IF(G9="X",($D$9-$C$9),"0") -> 0 | H41: =IF(H9="X",($D$9-$C$9),"0") -> 0 | I41: =IF(I9="X",($D$9-$C$9),"0") -> 0 | J41: =IF(J9="X",($D$9-$C$9),"0") -> 0 | K41: =IF(K9="X",($D$9-$C$9),"0") -> 0 | L41: =IF(L9="X",($D$9-$C$9),"0") -> 0 | ... T41: =IF(T9="X",($D$9-$C$9),"0") -> 0
E42: =IF(E10="X",($D$10-$C$10),"0") -> 0 | F42: =IF(F10="X",($D$10-$C$10),"0") -> 0 | G42: =IF(G10="X",($D$10-$C$10),"0") -> 0 | H42: =IF(H10="X",($D$10-$C$10),"0") -> 0 | I42: =IF(I10="X",($D$10-$C$10),"0") -> 0 | J42: =IF(J10="X",($D$10-$C$10),"0") -> 0 | K42: =IF(K10="X",($D$10-$C$10),"0") -> 0 | L42: =IF(L10="X",($D$10-$C$10),"0") -> 0 | ... T42: =IF(T10="X",($D$10-$C$10),"0") -> 0
E43: =IF(E11="X",($D$11-$C$11),"0") -> 0 | F43: =IF(F11="X",($D$11-$C$11),"0") -> 0 | G43: =IF(G11="X",($D$11-$C$11),"0") -> 0 | H43: =IF(H11="X",($D$11-$C$11),"0") -> 0 | I43: =IF(I11="X",($D$11-$C$11),"0") -> 0 | J43: =IF(J11="X",($D$11-$C$11),"0") -> 0 | K43: =IF(K11="X",($D$11-$C$11),"0") -> 0 | L43: =IF(L11="X",($D$11-$C$11),"0") -> 0 | ... T43: =IF(T11="X",($D$11-$C$11),"0") -> 0
E44: =IF(E12="X",($D$12-$C$12),"0") -> 0 | F44: =IF(F12="X",($D$12-$C$12),"0") -> 0 | G44: =IF(G12="X",($D$12-$C$12),"0") -> 0 | H44: =IF(H12="X",($D$12-$C$12),"0") -> 0 | I44: =IF(I12="X",($D$12-$C$12),"0") -> 0 | J44: =IF(J12="X",($D$12-$C$12),"0") -> 0 | K44: =IF(K12="X",($D$12-$C$12),"0") -> 0 | L44: =IF(L12="X",($D$12-$C$12),"0") -> 0 | ... T44: =IF(T12="X",($D$12-$C$12),"0") -> 0
E45: =IF(E13="X",($D$13-$C$13),"0") -> 0 | F45: =IF(F13="X",($D$13-$C$13),"0") -> 0 | G45: =IF(G13="X",($D$13-$C$13),"0") -> 0 | H45: =IF(H13="X",($D$13-$C$13),"0") -> 0 | I45: =IF(I13="X",($D$13-$C$13),"0") -> 0 | J45: =IF(J13="X",($D$13-$C$13),"0") -> 0 | K45: =IF(K13="X",($D$13-$C$13),"0") -> 0 | L45: =IF(L13="X",($D$13-$C$13),"0") -> 0 | ... T45: =IF(T13="X",($D$13-$C$13),"0") -> 0
E46: =IF(E14="X",($D$14-$C$14),"0") -> 0 | F46: =IF(F14="X",($D$14-$C$14),"0") -> 0 | G46: =IF(G14="X",($D$14-$C$14),"0") -> 0 | H46: =IF(H14="X",($D$14-$C$14),"0") -> 0 | I46: =IF(I14="X",($D$14-$C$14),"0") -> 0 | J46: =IF(J14="X",($D$14-$C$14),"0") -> 0 | K46: =IF(K14="X",($D$14-$C$14),"0") -> 0 | L46: =IF(L14="X",($D$14-$C$14),"0") -> 0 | ... T46: =IF(T14="X",($D$14-$C$14),"0") -> 0
E47: =IF(E15="X",($D$15-$C$15),"0") -> 0 | F47: =IF(F15="X",($D$15-$C$15),"0") -> 0 | G47: =IF(G15="X",($D$15-$C$15),"0") -> 0 | H47: =IF(H15="X",($D$15-$C$15),"0") -> 0 | I47: =IF(I15="X",($D$15-$C$15),"0") -> 0 | J47: =IF(J15="X",($D$15-$C$15),"0") -> 0 | K47: =IF(K15="X",($D$15-$C$15),"0") -> 0 | L47: =IF(L15="X",($D$15-$C$15),"0") -> 0 | ... T47: =IF(T15="X",($D$15-$C$15),"0") -> 0
E48: =IF(E16="X",($D$16-$C$16),"0") -> 0 | F48: =IF(F16="X",($D$16-$C$16),"0") -> 0 | G48: =IF(G16="X",($D$16-$C$16),"0") -> 0 | H48: =IF(H16="X",($D$16-$C$16),"0") -> 0 | I48: =IF(I16="X",($D$16-$C$16),"0") -> 0 | J48: =IF(J16="X",($D$16-$C$16),"0") -> 0 | K48: =IF(K16="X",($D$16-$C$16),"0") -> 0 | L48: =IF(L16="X",($D$16-$C$16),"0") -> 0 | ... T48: =IF(T16="X",($D$16-$C$16),"0") -> 0
E49: =IF(E17="X",($D$17-$C$17),"0") -> 0 | F49: =IF(F17="X",($D$17-$C$17),"0") -> 0 | G49: =IF(G17="X",($D$17-$C$17),"0") -> 0 | H49: =IF(H17="X",($D$17-$C$17),"0") -> 0 | I49: =IF(I17="X",($D$17-$C$17),"0") -> 0 | J49: =IF(J17="X",($D$17-$C$17),"0") -> 0 | K49: =IF(K17="X",($D$17-$C$17),"0") -> 0 | L49: =IF(L17="X",($D$17-$C$17),"0") -> 0 | ... T49: =IF(T17="X",($D$17-$C$17),"0") -> 0
E50: =IF(E18="X",($D$18-$C$18),"0") -> 0 | F50: =IF(F18="X",($D$18-$C$18),"0") -> 0 | G50: =IF(G18="X",($D$18-$C$18),"0") -> 0 | H50: =IF(H18="X",($D$18-$C$18),"0") -> 0 | I50: =IF(I18="X",($D$18-$C$18),"0") -> 0 | J50: =IF(J18="X",($D$18-$C$18),"0") -> 0 | K50: =IF(K18="X",($D$18-$C$18),"0") -> 0 | L50: =IF(L18="X",($D$18-$C$18),"0") -> 0 | ... T50: =IF(T18="X",($D$18-$C$18),"0") -> 0
E51: =IF(E19="X",($D$19-$C$19),"0") -> 0 | F51: =IF(F19="X",($D$19-$C$19),"0") -> 0 | G51: =IF(G19="X",($D$19-$C$19),"0") -> 0 | H51: =IF(H19="X",($D$19-$C$19),"0") -> 0 | I51: =IF(I19="X",($D$19-$C$19),"0") -> 0 | J51: =IF(J19="X",($D$19-$C$19),"0") -> 0 | K51: =IF(K19="X",($D$19-$C$19),"0") -> 0 | L51: =IF(L19="X",($D$19-$C$19),"0") -> 0 | ... T51: =IF(T19="X",($D$19-$C$19),"0") -> 0
E52: =IF(E20="X",($D$20-$C$20),"0") -> 0 | F52: =IF(F20="X",($D$20-$C$20),"0") -> 0 | G52: =IF(G20="X",($D$20-$C$20),"0") -> 0 | H52: =IF(H20="X",($D$20-$C$20),"0") -> 0 | I52: =IF(I20="X",($D$20-$C$20),"0") -> 0 | J52: =IF(J20="X",($D$20-$C$20),"0") -> 0 | K52: =IF(K20="X",($D$20-$C$20),"0") -> 0 | L52: =IF(L20="X",($D$20-$C$20),"0") -> 0 | ... T52: =IF(T20="X",($D$20-$C$20),"0") -> 0
E53: =IF(E21="X",($D$21-$C$21),"0") -> 0 | F53: =IF(F21="X",($D$21-$C$21),"0") -> 0 | G53: =IF(G21="X",($D$21-$C$21),"0") -> 0 | H53: =IF(H21="X",($D$21-$C$21),"0") -> 0 | I53: =IF(I21="X",($D$21-$C$21),"0") -> 0 | J53: =IF(J21="X",($D$21-$C$21),"0") -> 0 | K53: =IF(K21="X",($D$21-$C$21),"0") -> 0 | L53: =IF(L21="X",($D$21-$C$21),"0") -> 0 | ... T53: =IF(T21="X",($D$21-$C$21),"0") -> 0
E54: =IF(E22="X",($D$22-$C$22),"0") -> 0 | F54: =IF(F22="X",($D$22-$C$22),"0") -> 0 | G54: =IF(G22="X",($D$22-$C$22),"0") -> 0 | H54: =IF(H22="X",($D$22-$C$22),"0") -> 0 | I54: =IF(I22="X",($D$22-$C$22),"0") -> 0 | J54: =IF(J22="X",($D$22-$C$22),"0") -> 0 | K54: =IF(K22="X",($D$22-$C$22),"0") -> 0 | L54: =IF(L22="X",($D$22-$C$22),"0") -> 0 | ... T54: =IF(T22="X",($D$22-$C$22),"0") -> 0
E55: =IF(E23="X",($D$23-$C$23),"0") -> 0 | F55: =IF(F23="X",($D$23-$C$23),"0") -> 0 | G55: =IF(G23="X",($D$23-$C$23),"0") -> 0 | H55: =IF(H23="X",($D$23-$C$23),"0") -> 0 | I55: =IF(I23="X",($D$23-$C$23),"0") -> 0 | J55: =IF(J23="X",($D$23-$C$23),"0") -> 0 | K55: =IF(K23="X",($D$23-$C$23),"0") -> 0 | L55: =IF(L23="X",($D$23-$C$23),"0") -> 0 | ... T55: =IF(T23="X",($D$23-$C$23),"0") -> 0
E56: =IF(E24="X",($D$24-$C$24),"0") -> 0 | F56: =IF(F24="X",($D$24-$C$24),"0") -> 0 | G56: =IF(G24="X",($D$24-$C$24),"0") -> 0 | H56: =IF(H24="X",($D$24-$C$24),"0") -> 0 | I56: =IF(I24="X",($D$24-$C$24),"0") -> 0 | J56: =IF(J24="X",($D$24-$C$24),"0") -> 0 | K56: =IF(K24="X",($D$24-$C$24),"0") -> 0 | L56: =IF(L24="X",($D$24-$C$24),"0") -> 0 | ... T56: =IF(T24="X",($D$24-$C$24),"0") -> 0
E57: =IF(E25="X",($D$25-$C$25),"0") -> 0 | F57: =IF(F25="X",($D$25-$C$25),"0") -> 0 | G57: =IF(G25="X",($D$25-$C$25),"0") -> 0 | H57: =IF(H25="X",($D$25-$C$25),"0") -> 0 | I57: =IF(I25="X",($D$25-$C$25),"0") -> 0 | J57: =IF(J25="X",($D$25-$C$25),"0") -> 0 | K57: =IF(K25="X",($D$25-$C$25),"0") -> 0 | L57: =IF(L25="X",($D$25-$C$25),"0") -> 0 | ... T57: =IF(T25="X",($D$25-$C$25),"0") -> 0
E58: =IF(E26="X",($D$26-$C$26),"0") -> 0 | F58: =IF(F26="X",($D$26-$C$26),"0") -> 0 | G58: =IF(G26="X",($D$26-$C$26),"0") -> 0 | H58: =IF(H26="X",($D$26-$C$26),"0") -> 0 | I58: =IF(I26="X",($D$26-$C$26),"0") -> 0 | J58: =IF(J26="X",($D$26-$C$26),"0") -> 0 | K58: =IF(K26="X",($D$26-$C$26),"0") -> 0 | L58: =IF(L26="X",($D$26-$C$26),"0") -> 0 | ... T58: =IF(T26="X",($D$26-$C$26),"0") -> 0
E59: =IF(E27="X",($D$27-$C$27),"0") -> 0 | F59: =IF(F27="X",($D$27-$C$27),"0") -> 0 | G59: =IF(G27="X",($D$27-$C$27),"0") -> 0 | H59: =IF(H27="X",($D$27-$C$27),"0") -> 0 | I59: =IF(I27="X",($D$27-$C$27),"0") -> 0 | J59: =IF(J27="X",($D$27-$C$27),"0") -> 0 | K59: =IF(K27="X",($D$27-$C$27),"0") -> 0 | L59: =IF(L27="X",($D$27-$C$27),"0") -> 0 | ... T59: =IF(T27="X",($D$27-$C$27),"0") -> 0
E60: =IF(E28="X",($D$28-$C$28),"0") -> 0 | F60: =IF(F28="X",($D$28-$C$28),"0") -> 0 | G60: =IF(G28="X",($D$28-$C$28),"0") -> 0 | H60: =IF(H28="X",($D$28-$C$28),"0") -> 0 | I60: =IF(I28="X",($D$28-$C$28),"0") -> 0 | J60: =IF(J28="X",($D$28-$C$28),"0") -> 0 | K60: =IF(K28="X",($D$28-$C$28),"0") -> 0 | L60: =IF(L28="X",($D$28-$C$28),"0") -> 0 | ... T60: =IF(T28="X",($D$28-$C$28),"0") -> 0
E61: =IF(E29="X",($D$29-$C$29),"0") -> 0 | F61: =IF(F29="X",($D$29-$C$29),"0") -> 0 | G61: =IF(G29="X",($D$29-$C$29),"0") -> 0 | H61: =IF(H29="X",($D$29-$C$29),"0") -> 0 | I61: =IF(I29="X",($D$29-$C$29),"0") -> 0 | J61: =IF(J29="X",($D$29-$C$29),"0") -> 0 | K61: =IF(K29="X",($D$29-$C$29),"0") -> 0 | L61: =IF(L29="X",($D$29-$C$29),"0") -> 0 | ... T61: =IF(T29="X",($D$29-$C$29),"0") -> 0
E62: =IF(E30="X",($D$30-$C$30),"0") -> 0 | F62: =IF(F30="X",($D$30-$C$30),"0") -> 0 | G62: =IF(G30="X",($D$30-$C$30),"0") -> 0 | H62: =IF(H30="X",($D$30-$C$30),"0") -> 0 | I62: =IF(I30="X",($D$30-$C$30),"0") -> 0 | J62: =IF(J30="X",($D$30-$C$30),"0") -> 0 | K62: =IF(K30="X",($D$30-$C$30),"0") -> 0 | L62: =IF(L30="X",($D$30-$C$30),"0") -> 0 | ... T62: =IF(T30="X",($D$30-$C$30),"0") -> 0
E127: =SUM(E39:E126) -> 7.78 | F127: =SUM(F39:F126) -> 0 | G127: =SUM(G39:G126) -> 0 | H127: =SUM(H39:H126) -> 0 | I127: =SUM(I39:I126) -> 0 | J127: =SUM(J39:J126) -> 0 | K127: =SUM(K39:K126) -> 7.78 | L127: =SUM(L39:L126) -> 0 | ... T127: =SUM(T39:T126) -> 0

Sheet 80
A1: PROGRAMA DE MANUTENÇÃORODOVIÁRIA
D2: RODOVIAS PAVIMENTADAS | I2: DATA: | J2: ='68'!$J$2 -> 46204 | N2: TÉCNICO RESP. | O2: ='68'!$O$2 -> ENG. VINÍCIUS RODRIGUES FERREIRA DE OLIVEIRA
A3: FICHA DE INSPEÇÃO: | B3: =TT!C12 -> RODOVIA TO-424 - TRECHO ENTR. TO-222 (PLAT. MULTI-MODAL) - BABAÇULÂNDIA
A5: S.R.E. | B5: SENTIDO | C5: INÍCIO (KM) | D5: FIM (KM) | E5: CONDIÇÃO DO PAVIMENTO | J5: VEGETAÇÃO | L5: ELEM. DE DRENAGEM | O5: SIN. HOR. | R5: SIN. VERTICAL | U5: OBSERV.
E6: BOM | F6: REM. I. | G6: REM. L | H6: BUR. I | I6: BUR. L | J6: ADEQ. | K6: INADED. | L6: LIMPOS | M6: SUJOS | N6: DAN. | O6: BOM | P6: REG. | Q6: INEXIST. | R6: BOM | S6: POUCAS | T6: INEXIST.
A7: 424ETO0050 | B7: C | C7: 0 | D7: 0.4 | F7: X | J7: X | M7: X | P7: X | R7: X
A8: 424ETO0050 | B8: C | C8: =D7 -> 0.4 | D8: 13.99 | F8: X | J8: X | M8: X | P8: X | S8: X | U8: deformações plásticas
A9: 424ETO0060 | B9: C | C9: 0 | D9: 2 | F9: X | J9: X | M9: X | P9: X | S9: X
A10: 424ETO0060 | B10: C | C10: =D9 -> 2 | D10: 2.3 | E10: X | J10: X | M10: X | P10: X | S10: X
A11: 424ETO0060 | B11: C | C11: =D10 -> 2.3 | D11: 3.67 | F11: X | J11: X | M11: X | P11: X | S11: X
A12: 424RTO0070 | B12: C | C12: 0 | D12: 8.94 | E12: X | J12: X | M12: X | P12: X | S12: X
A13: 424ETO0080 | B13: C | C13: 0 | D13: 10.9 | E13: X | J13: X | M13: X | P13: X | S13: X
A32: LEGENDA | B32: CONDIÇÃO DO PAVIMENTO
A33: REM. I | B33: REMENDOS ISOLADOS | E33: ATÉ 10 REMENDOS/KM | I33: BUR. I | J33: BURACOS ISOLADOS | M33: ATÉ 5 BURACOS/KM
A34: REM. L | B34: REMENDOS AO LONGO | E34: MAIS DE 10 REMENDOS/KM | I34: BUR. L | J34: BURACOS AO LONGO | M34: MAIS DE 5 BURACOS/KM
E39: =IF(E7="X",($D$7-$C$7),"0") -> 0 | F39: =IF(F7="X",($D$7-$C$7),"0") -> 0.4 | G39: =IF(G7="X",($D$7-$C$7),"0") -> 0 | H39: =IF(H7="X",($D$7-$C$7),"0") -> 0 | I39: =IF(I7="X",($D$7-$C$7),"0") -> 0 | J39: =IF(J7="X",($D$7-$C$7),"0") -> 0.4 | K39: =IF(K7="X",($D$7-$C$7),"0") -> 0 | L39: =IF(L7="X",($D$7-$C$7),"0") -> 0 | ... T39: =IF(T7="X",($D$7-$C$7),"0") -> 0
E40: =IF(E8="X",($D$8-$C$8),"0") -> 0 | F40: =IF(F8="X",($D$8-$C$8),"0") -> 13.59 | G40: =IF(G8="X",($D$8-$C$8),"0") -> 0 | H40: =IF(H8="X",($D$8-$C$8),"0") -> 0 | I40: =IF(I8="X",($D$8-$C$8),"0") -> 0 | J40: =IF(J8="X",($D$8-$C$8),"0") -> 13.59 | K40: =IF(K8="X",($D$8-$C$8),"0") -> 0 | L40: =IF(L8="X",($D$8-$C$8),"0") -> 0 | ... T40: =IF(T8="X",($D$8-$C$8),"0") -> 0
E41: =IF(E9="X",($D$9-$C$9),"0") -> 0 | F41: =IF(F9="X",($D$9-$C$9),"0") -> 2 | G41: =IF(G9="X",($D$9-$C$9),"0") -> 0 | H41: =IF(H9="X",($D$9-$C$9),"0") -> 0 | I41: =IF(I9="X",($D$9-$C$9),"0") -> 0 | J41: =IF(J9="X",($D$9-$C$9),"0") -> 2 | K41: =IF(K9="X",($D$9-$C$9),"0") -> 0 | L41: =IF(L9="X",($D$9-$C$9),"0") -> 0 | ... T41: =IF(T9="X",($D$9-$C$9),"0") -> 0
E42: =IF(E10="X",($D$10-$C$10),"0") -> 0.3 | F42: =IF(F10="X",($D$10-$C$10),"0") -> 0 | G42: =IF(G10="X",($D$10-$C$10),"0") -> 0 | H42: =IF(H10="X",($D$10-$C$10),"0") -> 0 | I42: =IF(I10="X",($D$10-$C$10),"0") -> 0 | J42: =IF(J10="X",($D$10-$C$10),"0") -> 0.3 | K42: =IF(K10="X",($D$10-$C$10),"0") -> 0 | L42: =IF(L10="X",($D$10-$C$10),"0") -> 0 | ... T42: =IF(T10="X",($D$10-$C$10),"0") -> 0
E43: =IF(E11="X",($D$11-$C$11),"0") -> 0 | F43: =IF(F11="X",($D$11-$C$11),"0") -> 1.37 | G43: =IF(G11="X",($D$11-$C$11),"0") -> 0 | H43: =IF(H11="X",($D$11-$C$11),"0") -> 0 | I43: =IF(I11="X",($D$11-$C$11),"0") -> 0 | J43: =IF(J11="X",($D$11-$C$11),"0") -> 1.37 | K43: =IF(K11="X",($D$11-$C$11),"0") -> 0 | L43: =IF(L11="X",($D$11-$C$11),"0") -> 0 | ... T43: =IF(T11="X",($D$11-$C$11),"0") -> 0
E44: =IF(E12="X",($D$12-$C$12),"0") -> 8.94 | F44: =IF(F12="X",($D$12-$C$12),"0") -> 0 | G44: =IF(G12="X",($D$12-$C$12),"0") -> 0 | H44: =IF(H12="X",($D$12-$C$12),"0") -> 0 | I44: =IF(I12="X",($D$12-$C$12),"0") -> 0 | J44: =IF(J12="X",($D$12-$C$12),"0") -> 8.94 | K44: =IF(K12="X",($D$12-$C$12),"0") -> 0 | L44: =IF(L12="X",($D$12-$C$12),"0") -> 0 | ... T44: =IF(T12="X",($D$12-$C$12),"0") -> 0
E45: =IF(E13="X",($D$13-$C$13),"0") -> 10.9 | F45: =IF(F13="X",($D$13-$C$13),"0") -> 0 | G45: =IF(G13="X",($D$13-$C$13),"0") -> 0 | H45: =IF(H13="X",($D$13-$C$13),"0") -> 0 | I45: =IF(I13="X",($D$13-$C$13),"0") -> 0 | J45: =IF(J13="X",($D$13-$C$13),"0") -> 10.9 | K45: =IF(K13="X",($D$13-$C$13),"0") -> 0 | L45: =IF(L13="X",($D$13-$C$13),"0") -> 0 | ... T45: =IF(T13="X",($D$13-$C$13),"0") -> 0
E46: =IF(E14="X",($D$14-$C$14),"0") -> 0 | F46: =IF(F14="X",($D$14-$C$14),"0") -> 0 | G46: =IF(G14="X",($D$14-$C$14),"0") -> 0 | H46: =IF(H14="X",($D$14-$C$14),"0") -> 0 | I46: =IF(I14="X",($D$14-$C$14),"0") -> 0 | J46: =IF(J14="X",($D$14-$C$14),"0") -> 0 | K46: =IF(K14="X",($D$14-$C$14),"0") -> 0 | L46: =IF(L14="X",($D$14-$C$14),"0") -> 0 | ... T46: =IF(T14="X",($D$14-$C$14),"0") -> 0
E47: =IF(E15="X",($D$15-$C$15),"0") -> 0 | F47: =IF(F15="X",($D$15-$C$15),"0") -> 0 | G47: =IF(G15="X",($D$15-$C$15),"0") -> 0 | H47: =IF(H15="X",($D$15-$C$15),"0") -> 0 | I47: =IF(I15="X",($D$15-$C$15),"0") -> 0 | J47: =IF(J15="X",($D$15-$C$15),"0") -> 0 | K47: =IF(K15="X",($D$15-$C$15),"0") -> 0 | L47: =IF(L15="X",($D$15-$C$15),"0") -> 0 | ... T47: =IF(T15="X",($D$15-$C$15),"0") -> 0
E48: =IF(E16="X",($D$16-$C$16),"0") -> 0 | F48: =IF(F16="X",($D$16-$C$16),"0") -> 0 | G48: =IF(G16="X",($D$16-$C$16),"0") -> 0 | H48: =IF(H16="X",($D$16-$C$16),"0") -> 0 | I48: =IF(I16="X",($D$16-$C$16),"0") -> 0 | J48: =IF(J16="X",($D$16-$C$16),"0") -> 0 | K48: =IF(K16="X",($D$16-$C$16),"0") -> 0 | L48: =IF(L16="X",($D$16-$C$16),"0") -> 0 | ... T48: =IF(T16="X",($D$16-$C$16),"0") -> 0
E49: =IF(E17="X",($D$17-$C$17),"0") -> 0 | F49: =IF(F17="X",($D$17-$C$17),"0") -> 0 | G49: =IF(G17="X",($D$17-$C$17),"0") -> 0 | H49: =IF(H17="X",($D$17-$C$17),"0") -> 0 | I49: =IF(I17="X",($D$17-$C$17),"0") -> 0 | J49: =IF(J17="X",($D$17-$C$17),"0") -> 0 | K49: =IF(K17="X",($D$17-$C$17),"0") -> 0 | L49: =IF(L17="X",($D$17-$C$17),"0") -> 0 | ... T49: =IF(T17="X",($D$17-$C$17),"0") -> 0
E50: =IF(E18="X",($D$18-$C$18),"0") -> 0 | F50: =IF(F18="X",($D$18-$C$18),"0") -> 0 | G50: =IF(G18="X",($D$18-$C$18),"0") -> 0 | H50: =IF(H18="X",($D$18-$C$18),"0") -> 0 | I50: =IF(I18="X",($D$18-$C$18),"0") -> 0 | J50: =IF(J18="X",($D$18-$C$18),"0") -> 0 | K50: =IF(K18="X",($D$18-$C$18),"0") -> 0 | L50: =IF(L18="X",($D$18-$C$18),"0") -> 0 | ... T50: =IF(T18="X",($D$18-$C$18),"0") -> 0
E51: =IF(E19="X",($D$19-$C$19),"0") -> 0 | F51: =IF(F19="X",($D$19-$C$19),"0") -> 0 | G51: =IF(G19="X",($D$19-$C$19),"0") -> 0 | H51: =IF(H19="X",($D$19-$C$19),"0") -> 0 | I51: =IF(I19="X",($D$19-$C$19),"0") -> 0 | J51: =IF(J19="X",($D$19-$C$19),"0") -> 0 | K51: =IF(K19="X",($D$19-$C$19),"0") -> 0 | L51: =IF(L19="X",($D$19-$C$19),"0") -> 0 | ... T51: =IF(T19="X",($D$19-$C$19),"0") -> 0
E52: =IF(E20="X",($D$20-$C$20),"0") -> 0 | F52: =IF(F20="X",($D$20-$C$20),"0") -> 0 | G52: =IF(G20="X",($D$20-$C$20),"0") -> 0 | H52: =IF(H20="X",($D$20-$C$20),"0") -> 0 | I52: =IF(I20="X",($D$20-$C$20),"0") -> 0 | J52: =IF(J20="X",($D$20-$C$20),"0") -> 0 | K52: =IF(K20="X",($D$20-$C$20),"0") -> 0 | L52: =IF(L20="X",($D$20-$C$20),"0") -> 0 | ... T52: =IF(T20="X",($D$20-$C$20),"0") -> 0
E53: =IF(E21="X",($D$21-$C$21),"0") -> 0 | F53: =IF(F21="X",($D$21-$C$21),"0") -> 0 | G53: =IF(G21="X",($D$21-$C$21),"0") -> 0 | H53: =IF(H21="X",($D$21-$C$21),"0") -> 0 | I53: =IF(I21="X",($D$21-$C$21),"0") -> 0 | J53: =IF(J21="X",($D$21-$C$21),"0") -> 0 | K53: =IF(K21="X",($D$21-$C$21),"0") -> 0 | L53: =IF(L21="X",($D$21-$C$21),"0") -> 0 | ... T53: =IF(T21="X",($D$21-$C$21),"0") -> 0
E54: =IF(E22="X",($D$22-$C$22),"0") -> 0 | F54: =IF(F22="X",($D$22-$C$22),"0") -> 0 | G54: =IF(G22="X",($D$22-$C$22),"0") -> 0 | H54: =IF(H22="X",($D$22-$C$22),"0") -> 0 | I54: =IF(I22="X",($D$22-$C$22),"0") -> 0 | J54: =IF(J22="X",($D$22-$C$22),"0") -> 0 | K54: =IF(K22="X",($D$22-$C$22),"0") -> 0 | L54: =IF(L22="X",($D$22-$C$22),"0") -> 0 | ... T54: =IF(T22="X",($D$22-$C$22),"0") -> 0
E55: =IF(E23="X",($D$23-$C$23),"0") -> 0 | F55: =IF(F23="X",($D$23-$C$23),"0") -> 0 | G55: =IF(G23="X",($D$23-$C$23),"0") -> 0 | H55: =IF(H23="X",($D$23-$C$23),"0") -> 0 | I55: =IF(I23="X",($D$23-$C$23),"0") -> 0 | J55: =IF(J23="X",($D$23-$C$23),"0") -> 0 | K55: =IF(K23="X",($D$23-$C$23),"0") -> 0 | L55: =IF(L23="X",($D$23-$C$23),"0") -> 0 | ... T55: =IF(T23="X",($D$23-$C$23),"0") -> 0
E56: =IF(E24="X",($D$24-$C$24),"0") -> 0 | F56: =IF(F24="X",($D$24-$C$24),"0") -> 0 | G56: =IF(G24="X",($D$24-$C$24),"0") -> 0 | H56: =IF(H24="X",($D$24-$C$24),"0") -> 0 | I56: =IF(I24="X",($D$24-$C$24),"0") -> 0 | J56: =IF(J24="X",($D$24-$C$24),"0") -> 0 | K56: =IF(K24="X",($D$24-$C$24),"0") -> 0 | L56: =IF(L24="X",($D$24-$C$24),"0") -> 0 | ... T56: =IF(T24="X",($D$24-$C$24),"0") -> 0
E57: =IF(E25="X",($D$25-$C$25),"0") -> 0 | F57: =IF(F25="X",($D$25-$C$25),"0") -> 0 | G57: =IF(G25="X",($D$25-$C$25),"0") -> 0 | H57: =IF(H25="X",($D$25-$C$25),"0") -> 0 | I57: =IF(I25="X",($D$25-$C$25),"0") -> 0 | J57: =IF(J25="X",($D$25-$C$25),"0") -> 0 | K57: =IF(K25="X",($D$25-$C$25),"0") -> 0 | L57: =IF(L25="X",($D$25-$C$25),"0") -> 0 | ... T57: =IF(T25="X",($D$25-$C$25),"0") -> 0
E58: =IF(E26="X",($D$26-$C$26),"0") -> 0 | F58: =IF(F26="X",($D$26-$C$26),"0") -> 0 | G58: =IF(G26="X",($D$26-$C$26),"0") -> 0 | H58: =IF(H26="X",($D$26-$C$26),"0") -> 0 | I58: =IF(I26="X",($D$26-$C$26),"0") -> 0 | J58: =IF(J26="X",($D$26-$C$26),"0") -> 0 | K58: =IF(K26="X",($D$26-$C$26),"0") -> 0 | L58: =IF(L26="X",($D$26-$C$26),"0") -> 0 | ... T58: =IF(T26="X",($D$26-$C$26),"0") -> 0
E59: =IF(E27="X",($D$27-$C$27),"0") -> 0 | F59: =IF(F27="X",($D$27-$C$27),"0") -> 0 | G59: =IF(G27="X",($D$27-$C$27),"0") -> 0 | H59: =IF(H27="X",($D$27-$C$27),"0") -> 0 | I59: =IF(I27="X",($D$27-$C$27),"0") -> 0 | J59: =IF(J27="X",($D$27-$C$27),"0") -> 0 | K59: =IF(K27="X",($D$27-$C$27),"0") -> 0 | L59: =IF(L27="X",($D$27-$C$27),"0") -> 0 | ... T59: =IF(T27="X",($D$27-$C$27),"0") -> 0
E60: =IF(E28="X",($D$28-$C$28),"0") -> 0 | F60: =IF(F28="X",($D$28-$C$28),"0") -> 0 | G60: =IF(G28="X",($D$28-$C$28),"0") -> 0 | H60: =IF(H28="X",($D$28-$C$28),"0") -> 0 | I60: =IF(I28="X",($D$28-$C$28),"0") -> 0 | J60: =IF(J28="X",($D$28-$C$28),"0") -> 0 | K60: =IF(K28="X",($D$28-$C$28),"0") -> 0 | L60: =IF(L28="X",($D$28-$C$28),"0") -> 0 | ... T60: =IF(T28="X",($D$28-$C$28),"0") -> 0
E61: =IF(E29="X",($D$29-$C$29),"0") -> 0 | F61: =IF(F29="X",($D$29-$C$29),"0") -> 0 | G61: =IF(G29="X",($D$29-$C$29),"0") -> 0 | H61: =IF(H29="X",($D$29-$C$29),"0") -> 0 | I61: =IF(I29="X",($D$29-$C$29),"0") -> 0 | J61: =IF(J29="X",($D$29-$C$29),"0") -> 0 | K61: =IF(K29="X",($D$29-$C$29),"0") -> 0 | L61: =IF(L29="X",($D$29-$C$29),"0") -> 0 | ... T61: =IF(T29="X",($D$29-$C$29),"0") -> 0
E62: =IF(E30="X",($D$30-$C$30),"0") -> 0 | F62: =IF(F30="X",($D$30-$C$30),"0") -> 0 | G62: =IF(G30="X",($D$30-$C$30),"0") -> 0 | H62: =IF(H30="X",($D$30-$C$30),"0") -> 0 | I62: =IF(I30="X",($D$30-$C$30),"0") -> 0 | J62: =IF(J30="X",($D$30-$C$30),"0") -> 0 | K62: =IF(K30="X",($D$30-$C$30),"0") -> 0 | L62: =IF(L30="X",($D$30-$C$30),"0") -> 0 | ... T62: =IF(T30="X",($D$30-$C$30),"0") -> 0
E127: =SUM(E39:E126) -> 20.14 | F127: =SUM(F39:F126) -> 17.36 | G127: =SUM(G39:G126) -> 0 | H127: =SUM(H39:H126) -> 0 | I127: =SUM(I39:I126) -> 0 | J127: =SUM(J39:J126) -> 37.5 | K127: =SUM(K39:K126) -> 0 | L127: =SUM(L39:L126) -> 0 | ... T127: =SUM(T39:T126) -> 0

Sheet TT
B2: Nº DO TRECHO | C2: TRECHO | D2: CONDIÇÃO DO PAVIMENTO | I2: VEGETAÇÃO | K2: ELEM. DE DRENAGEM | N2: SIN. HOR. | Q2: SIN. VERTICAL
D3: BOM | E3: REM. I. | F3: REM. L | G3: BUR. I | H3: BUR. L | I3: ADEQ. | J3: INADED. | K3: LIMPOS | L3: SUJOS | M3: DAN. | N3: BOM | O3: REG. | P3: INEXIST. | Q3: BOM | R3: POUCAS | S3: INEXIST.
B4: 68 | C4: RODOVIA TO-010 - TRECHO PALMEIRANTE - ENTR. TO-222 (POVOADO BIELÂNDIA) | D4: ='68'!E131 -> 63.282228 | E4: ='68'!F131 -> 0 | F4: ='68'!G131 -> 0 | G4: ='68'!H131 -> 9.147414 | H4: ='68'!I131 -> 0 | I4: ='68'!J131 -> 0 | J4: ='68'!K131 -> 72.429642 | K4: ='68'!L131 -> 0 | ... S4: ='68'!T131 -> 0
B5: 70 | C5: RODOVIA TO-010 - TRECHO BABAÇULÂNDIA - WANDERLÂNDIA | D5: ='70'!E150 -> 50.57 | E5: ='70'!F150 -> 0 | F5: ='70'!G150 -> 0 | G5: ='70'!H150 -> 3 | H5: ='70'!I150 -> 1 | I5: ='70'!J150 -> 0 | J5: ='70'!K150 -> 54.57 | K5: ='70'!L150 -> 1 | ... S5: ='70'!T150 -> 0
B6: 71 | C6: RODOVIA TO-020 - TRECHO RECURSOLÂNDIA - CAMPOS LINDOS
B7: 73 | C7: RODOVIA TO-130 - TRECHO ENTR. TO-010 - TRECHO BARRA DO OURO - ENTR. BR-010 (POVOADO MORRO GRANDE) | D7: ='73'!E147 -> 42.65 | E7: ='73'!F147 -> 0.2 | F7: ='73'!G147 -> 0 | G7: ='73'!H147 -> 1.8 | H7: ='73'!I147 -> 6 | I7: ='73'!J147 -> 0 | J7: ='73'!K147 -> 49.05 | K7: ='73'!L147 -> 0 | ... S7: ='73'!T147 -> 0
B8: 74 | C8: RODOVIA TO-222 - TRECHO ARAGUAÍNA - FILADÉLFIA | D8: ='74'!E133 -> 8 | E8: ='74'!F133 -> 0 | F8: ='74'!G133 -> 0.5 | G8: ='74'!H133 -> 2 | H8: ='74'!I133 -> 1 | I8: ='74'!J133 -> 2.66 | J8: ='74'!K133 -> 5.5 | K8: ='74'!L133 -> 0 | ... S8: ='74'!T133 -> 0
B9: 75 | C9: RODOVIA TO-226 - TRECHO NOVA OLINDA - ENTR. TO-010 | D9: ='75'!E127 -> 0.4 | E9: ='75'!F127 -> 1.75 | F9: ='75'!G127 -> 0 | G9: ='75'!H127 -> 0 | H9: ='75'!I127 -> 0 | I9: ='75'!J127 -> 0 | J9: ='75'!K127 -> 2.15 | K9: ='75'!L127 -> 0 | ... S9: ='75'!T127 -> 0.85
B10: 77 | C10: RODOVIA TO-226 - TRECHO GOIATINS - CAMPOS LINDOS - DIV TO-MA | D10: ='77'!E264 -> 72.19 | E10: ='77'!F264 -> 1 | F10: ='77'!G264 -> 12.3 | G10: ='77'!H264 -> 10 | H10: ='77'!I264 -> 12.3 | I10: ='77'!J264 -> 91.19 | J10: ='77'!K264 -> 0 | K10: ='77'!L264 -> 0 | ... S10: ='77'!T264 -> 49.56
B11: 78 | C11: RODOVIA TO-422 - TRECHO ENTR. BR-153 - TRECHO DISTRITO AGROINDUSTRIAL DE ARAGUAÍNA | D11: ='78'!E127 -> 7.78 | E11: ='78'!F127 -> 0 | F11: ='78'!G127 -> 0 | G11: ='78'!H127 -> 0 | H11: ='78'!I127 -> 0 | I11: ='78'!J127 -> 0 | J11: ='78'!K127 -> 7.78 | K11: ='78'!L127 -> 0 | ... S11: ='78'!T127 -> 0
B12: 80 | C12: RODOVIA TO-424 - TRECHO ENTR. TO-222 (PLAT. MULTI-MODAL) - BABAÇULÂNDIA | D12: ='80'!E127 -> 20.14 | E12: ='80'!F127 -> 17.36 | F12: ='80'!G127 -> 0 | G12: ='80'!H127 -> 0 | H12: ='80'!I127 -> 0 | I12: ='80'!J127 -> 37.5 | J12: ='80'!K127 -> 0 | K12: ='80'!L127 -> 0 | ... S12: ='80'!T127 -> 0
C14: PERCORRIDO NO MÊS | D14: =SUM(D4:D12) -> 265.01223 | E14: =SUM(E4:E12) -> 20.31 | F14: =SUM(F4:F12) -> 12.8 | G14: =SUM(G4:G12) -> 25.947414 | H14: =SUM(H4:H12) -> 20.3 | I14: =SUM(I4:I12) -> 131.35 | J14: =SUM(J4:J12) -> 191.47964 | K14: =SUM(K4:K12) -> 1 | ... S14: =SUM(S4:S12) -> 50.41
C15: TOTAL | H15: =SUM(D14:H14) -> 344.36964
C16: % DA EXTENSÃO DA MALHA: | H16: =H15/Trechos!G51 -> 0.60362207
