Workbook

Sheet Trechos
A1: RELAÇÃO DOS TRECHOS DAS REGIÕES DE MANUTENÇÃO
A2: LOTE | B2: N. | C2: TRECHO | D2: S.R.E | E2: SUBTRECHOS | F2: EXT. (KM) | G2: TIPO | H2: 45839 | I2: 45870 | J2: 45901 | K2: 45931 | L2: 45962 | M2: 45992
A3: 1 | B3: 1 | C3: RODOVIA TO-010 - TRECHO ANANÁS - ENTR. BR-230 | D3: 010ETO0511 | E3: ANANÁS *TRECHO URBANO* | F3: 0.87749259 | G3: PSU | H3: X
A4: 1 | B4: 1 | C4: RODOVIA TO-010 - TRECHO ANANÁS - ENTR. BR-230 | D4: 010ETO0512 | E4: ANANÁS *TRECHO URBANO* | F4: 1.9892583 | G4: PSU | H4: X
A5: 1 | B5: 1 | C5: RODOVIA TO-010 - TRECHO ANANÁS - ENTR. BR-230 | D5: 010ETO0540 | E5: ANANÁS *TRECHO URBANO* - ENTR. TO-414(TAPUIO) | F5: 3.8103285 | G5: PPS | H5: X | J5: X
A6: 1 | B6: 1 | C6: RODOVIA TO-010 - TRECHO ANANÁS - ENTR. BR-230 | D6: 010ETO0550 | E6: ENTR. TO-414 (TAPUIO) - ENTR. TO-210 | F6: 1.6653951 | G6: PPS | H6: X | J6: X
A7: 1 | B7: 1 | C7: RODOVIA TO-010 - TRECHO ANANÁS - ENTR. BR-230 | D7: 010ETO0555 | E7: ENTR. TO-210 - FIM PAVIMENTACAO | F7: 1.3552325 | G7: PPS | H7: X
A8: 1 | B8: 2 | C8: RODOVIA TO-010 - TRECHO ENTR. BR-230 - ARAGUATINS | D8: 010ETO0630 | E8: ENTR. BR-230 - TRANSARAGUAIA | F8: 1.0305988 | G8: PPS | H8: X | I8: X
A9: 1 | B9: 2 | C9: RODOVIA TO-010 - TRECHO ENTR. BR-230 - ARAGUATINS | D9: 010ETO0640 | E9: TRANSARAGUAIA (BR-230) - ARAGUATINS | F9: 8.6075719 | G9: PPS | H9: X | I9: X
A10: 1 | B10: 3 | C10: RODOVIA TO-010 - TRECHO ARAGUATINS - ENTR. TO-201 | D10: 010ETO0650 | E10: ARAGUATINS - ENTR. TO-404 | F10: 7.7551854 | G10: PPS | H10: X | I10: X
A11: 1 | B11: 3 | C11: RODOVIA TO-010 - TRECHO ARAGUATINS - ENTR. TO-201 | D11: 010ETO0665 | E11: ENTR. TO-404 - POV. CANAÃ | F11: 28.047221 | G11: PPS | H11: X | I11: X
A12: 1 | B12: 3 | C12: RODOVIA TO-010 - TRECHO ARAGUATINS - ENTR. TO-201 | D12: 010ETO0670 | E12: CANAÃ - VILA UNIÃO | F12: 2.8623319 | G12: PPS | H12: X | I12: X
A13: 1 | B13: 3 | C13: RODOVIA TO-010 - TRECHO ARAGUATINS - ENTR. TO-201 | D13: 010ETO0680 | E13: VILA UNIÃO - ENTR. TO-201 | F13: 2.9422716 | G13: PPS | H13: X | I13: X
A14: 1 | B14: 4 | C14: RODOVIA TO-010 - TRECHO BURITI DO TOCANTINS (ENTR. TO-201) - SÃO SEBASTIÃO DO TOCANTINS | D14: 010ETO0690 | E14: ENTR. TO-201 - BURITI DO TOCANTINS *TRECHO URBANO* | F14: 3.6607758 | G14: PPS | H14: X | I14: X
A15: 1 | B15: 4 | C15: RODOVIA TO-010 - TRECHO BURITI DO TOCANTINS (ENTR. TO-201) - SÃO SEBASTIÃO DO TOCANTINS | D15: 010ETO0710 | E15: BURITI DO TOCANTINS *TRECHO URBANO* - SÃO SEBASTIÃO DO TOCANTINS *TRECHO URBANO* | F15: 5.589158 | G15: PPS | H15: X | I15: X
A16: 1 | B16: 5 | C16: RODOVIA TO-126 - TRECHO TOCANTINÓPOLIS - ENTR. BR-230 (AGUIARNÓPOLIS) | D16: 126ETO0151 | E16: PERÍMETRO URBANO TOCANTINOPOLIS | F16: 1.8623358 | G16: PDU | H16: X | J16: X
A17: 1 | B17: 5 | C17: RODOVIA TO-126 - TRECHO TOCANTINÓPOLIS - ENTR. BR-230 (AGUIARNÓPOLIS) | D17: 126ETO0190 | E17: TOCANTINÓPOLIS *TRECHO URBANO* - ENTR. ACESSO TRIPA NORTE | F17: 22.489852 | G17: PPS | H17: X | J17: X
A18: 1 | B18: 5 | C18: RODOVIA TO-126 - TRECHO TOCANTINÓPOLIS - ENTR. BR-230 (AGUIARNÓPOLIS) | D18: 126ETO0200 | E18: ENTR. ACESSO TRIPA NORTE - ENTR. BR-230 | F18: 3.2344796 | G18: PPS | H18: X | J18: X
A19: 1 | B19: 5 | C19: RODOVIA TO-126 - TRECHO TOCANTINÓPOLIS - ENTR. BR-230 (AGUIARNÓPOLIS) | D19: ACESSO | E19: ENTR.TO-126 - ASA NORTE | F19: 2.6525119 | G19: PPS | H19: X | J19: X
A20: 1 | B20: 6 | C20: RODOVIA TO-126 - TRECHO MAURILÂNDIA - TOCANTINÓPOLIS | D20: 126ETO0140 | E20: RIBEIRÃO GRANDE - FOLHA GROSSA | F20: 5.5291153 | G20: PPS | H20: X | J20: X
A21: 1 | B21: 6 | C21: RODOVIA TO-126 - TRECHO MAURILÂNDIA - TOCANTINÓPOLIS | D21: 126ETO0150 | E21: FOLHA GROSSA - TOCANTINÓPOLIS *TRECHO URBANO* | F21: 2.9848124 | G21: PPS | H21: X | J21: X
A22: 1 | B22: 7 | C22: RODOVIA TO-126 - TRECHO ITAGUATINS - MAURILÂNDIA DO TOCANTINS | D22: 126ETO0101 | E22: PERÍMETRO URBANO ITAGUATINS | F22: 0.74066591 | G22: PSU | H22: X | J22: X
A23: 1 | B23: 7 | C23: RODOVIA TO-126 - TRECHO ITAGUATINS - MAURILÂNDIA DO TOCANTINS | D23: 126ETO0120 | E23: ITAGUATINS *TRECHO URBANO* - MAURILÃNDIA DO TOCANTINS *TRECHO URBANO* | F23: 20.919422 | G23: PPS | H23: X | J23: X
A24: 1 | B24: 8 | C24: RODOVIA TO-126 - TRECHO SÍTIO NOVO DO TOCANTINS - ITAGUATINS | D24: 126ETO0090 | E24: ENTR. TO-201(B)(SÍTIO NOVO DO TOCANTINS) - CASTANHEIRO | F24: 11.35543 | G24: PPS | H24: X | J24: X
A25: 1 | B25: 8 | C25: RODOVIA TO-126 - TRECHO SÍTIO NOVO DO TOCANTINS - ITAGUATINS | D25: 126ETO0100 | E25: CASTANHEIRO - ITAGUATINS *TRECHO URBANO* | F25: 14.021183 | G25: PPS | H25: X | J25: X
A26: 1 | B26: 9 | C26: RODOVIA TO-126 - TRECHO SUMAUMA - SÍTIO NOVO DO TOCANTINS | D26: 126ETO0050 | E26: SUMAUMA *TRECHO URBANO* - SÃO PEDRO | F26: 7.917381 | G26: PPS | H26: X | I26: X | J26: X
A27: 1 | B27: 9 | C27: RODOVIA TO-126 - TRECHO SUMAUMA - SÍTIO NOVO DO TOCANTINS | D27: 126ETO0060 | E27: SÃO PEDRO - ENTR. TO-201 | F27: 6.5761498 | G27: PPS | H27: X | I27: X | J27: X
A28: 1 | B28: 9 | C28: RODOVIA TO-126 - TRECHO SUMAUMA - SÍTIO NOVO DO TOCANTINS | D28: 126ETO0080 | E28: ENTR. TO-201(A) - ENTR. TO-201(B)(SÍTIO NOVO DO TOCANTINS) | F28: 2.1814371 | G28: PPS | H28: X | I28: X
A29: 1 | B29: 10 | C29: RODOVIA TO-134 - TRECHO ANGICO - DARCINÓPOLIS | D29: 134ETO0220 | E29: ENTR. TO-210 (ANGICO) - AMIGOS DA TERRA | F29: 31.59718 | G29: PPS | H29: X | I29: X
A30: 1 | B30: 10 | C30: RODOVIA TO-134 - TRECHO ANGICO - DARCINÓPOLIS | D30: 134ETO0230 | E30: AMIGOS DA TERRA - ENTR. BR-226(DARCINÓPOLIS) | F30: 13.750622 | G30: PPS | H30: X | I30: X
A31: 1 | B31: 11 | C31: RODOVIA TO-134 - TRECHO LUZINÓPOLIS - ANGICO | D31: 134ETO0180 | E31: ENTR. BR-230(LUZINÓPOLIS) - SANTA HELENA | F31: 9.8047447 | G31: PPS | H31: X | I31: X | J31: X
A32: 1 | B32: 11 | C32: RODOVIA TO-134 - TRECHO LUZINÓPOLIS - ANGICO | D32: 134ETO0190 | E32: SANTA HELENA - BURITI | F32: 3.6265271 | G32: PPS | H32: X | I32: X | J32: X
A33: 1 | B33: 11 | C33: RODOVIA TO-134 - TRECHO LUZINÓPOLIS - ANGICO | D33: 134ETO0200 | E33: BURITI - ENTR. TO-210 (GROTÃO DE NAZARÉ) | F33: 3.5926666 | G33: PPS | H33: X | I33: X | J33: X
A34: 1 | B34: 11 | C34: RODOVIA TO-134 - TRECHO LUZINÓPOLIS - ANGICO | D34: 134ETO0210 | E34: ENTR. TO-210 (GROTÃO DE NAZARE) - ENTR. TO-210 (ANGICO) | F34: 7.4162558 | G34: PPS | H34: X | I34: X | J34: X
A35: 1 | B35: 13 | C35: RODOVIA TO-134 - TRECHO AXIXÁ DO TOCANTINS - ENTR. BR-230 | D35: 134ETO0071 | E35: AXIXÁ DO TOCANTINS *TRECHO URBANO* | F35: 0.41740117 | G35: PSU | J35: X
A36: 1 | B36: 13 | C36: RODOVIA TO-134 - TRECHO AXIXÁ DO TOCANTINS - ENTR. BR-230 | D36: 134ETO0110 | E36: AXIXÁ DO TOCANTINS *TRECHO URBANO* - ENTR. TO-409 | F36: 41.676456 | G36: PPS | H36: X | J36: X
A37: 1 | B37: 13 | C37: RODOVIA TO-134 - TRECHO AXIXÁ DO TOCANTINS - ENTR. BR-230 | D37: 134ETO0120 | E37: ENTR. TO-409 - ENTR. BR-230 | F37: 4.1233136 | G37: PPS | H37: X | J37: X
A38: 1 | B38: 14 | C38: RODOVIA TO-201 - TRECHO DIV. TO-MA - SÃO MIGUEL DO TOCANTINS | D38: 201ETO0010 | E38: DIV. TO-MA(PONTE RIO TOCANTINS) - ACESSO BELA VISTA | F38: 6.620899 | G38: PPS | H38: X | I38: X | J38: X
A39: 1 | B39: 14 | C39: RODOVIA TO-201 - TRECHO DIV. TO-MA - SÃO MIGUEL DO TOCANTINS | D39: 201ETO0020 | E39: ACESSO BELA VISTA - SÃO MIGUEL DO TOCANTINS | F39: 3.3736173 | G39: PPS | H39: X | I39: X | J39: X
A40: 1 | B40: 14 | C40: RODOVIA TO-201 - TRECHO DIV. TO-MA - SÃO MIGUEL DO TOCANTINS | D40: ACESSO | E40: BELA VISTA (BALSA) - ENTR. TO-201 | F40: 5.9161416 | G40: PPS | H40: X | I40: X | J40: X
A41: 1 | B41: 15 | C41: RODOVIA TO-201 - TRECHO SÃO MIGUEL DO TOCANTINS - SÍTIO NOVO DO TOCANTINS | D41: 201ETO0030 | E41: SÃO MIGUEL DO TOCANTINS - ENTR. TO-126 | F41: 6.9727133 | G41: PPS | H41: X | I41: X | J41: X
A42: 1 | B42: 15 | C42: RODOVIA TO-201 - TRECHO SÃO MIGUEL DO TOCANTINS - SÍTIO NOVO DO TOCANTINS | D42: 201ETO0050 | E42: ENTR. TO-126 - SÍTIO NOVO *TRECHO URBANO* | F42: 0.30242921 | G42: PPS | H42: X | I42: X | J42: X
A43: 1 | B43: 16 | C43: RODOVIA TO-201 - TRECHO SÍTIO NOVO DO TOCANTINS - AXIXÁ DO TOCANTINS | D43: 201ETO0070 | E43: SÍTIO NOVO DO TOCANTINS *TRECHO URBANO* - ALTO DO ZUMBI | F43: 9.2925661 | G43: PPS | H43: X | I43: X | J43: X
A44: 1 | B44: 16 | C44: RODOVIA TO-201 - TRECHO SÍTIO NOVO DO TOCANTINS - AXIXÁ DO TOCANTINS | D44: 201ETO0080 | E44: ALTO DO ZUMBI - AXIXÁ DO TOCANTINS *TRECHO URBANO* | F44: 4.779021 | G44: PPS | H44: X | I44: X | J44: X
A45: 1 | B45: 17 | C45: RODOVIA TO-201 - TRECHO AXIXÁ DO TOCANTINS - AUGUSTINÓPOLIS | D45: 201ETO0120 | E45: AXIXÁ DO TOCANTINS *TRECHO URBANO* - GROTÃO | F45: 6.4056835 | G45: PPS | H45: X | I45: X | J45: X
A46: 1 | B46: 17 | C46: RODOVIA TO-201 - TRECHO AXIXÁ DO TOCANTINS - AUGUSTINÓPOLIS | D46: 201ETO0130 | E46: GROTÃO - AUGUSTINÓPOLIS *TRECHO URBANO* | F46: 13.662634 | G46: PPS | H46: X | I46: X | J46: X
A47: 1 | B47: 18 | C47: RODOVIA TO-201 - TRECHO AUGUSTINÓPOLIS - BURITI DO TOCANTINS | D47: 201ETO0150 | E47: AUGUSTINÓPOLIS *TRECHO URBANO* - VINTE MIL | F47: 13.605198 | G47: PPS | H47: X | I47: X | J47: X
A48: 1 | B48: 18 | C48: RODOVIA TO-201 - TRECHO AUGUSTINÓPOLIS - BURITI DO TOCANTINS | D48: 201ETO0160 | E48: VINTE MIL - ENTR. TO-407 | F48: 4.2600635 | G48: PPS | H48: X | I48: X | J48: X
A49: 1 | B49: 18 | C49: RODOVIA TO-201 - TRECHO AUGUSTINÓPOLIS - BURITI DO TOCANTINS | D49: 201ETO0170 | E49: ENTR.TO-407 - CENTRO DOS FIRMINOS | F49: 1.1741832 | G49: PPS | H49: X | I49: X | J49: X
A50: 1 | B50: 18 | C50: RODOVIA TO-201 - TRECHO AUGUSTINÓPOLIS - BURITI DO TOCANTINS | D50: 201ETO0180 | E50: CENTRO DOS FIRMINOS - CENTRO DOS FERREIRAS | F50: 6.9100749 | G50: PPS | H50: X | I50: X | J50: X
... A52: 1 | B52: 18 | C52: RODOVIA TO-201 - TRECHO AUGUSTINÓPOLIS - BURITI DO TOCANTINS | D52: 201ETO0200 | E52: ENTR. TO-010 - BURITI DO TOCANTINS *TRECHO URBANO* | F52: 3.6607758 | G52: PPS | H52: X | I52: X | J52: X
A53: 1 | B53: 19 | C53: RODOVIA TO-201 - TRECHO BURITI DO TOCANTINS - ESPERANTINA | D53: 201ETO0210 | E53: BURITI DO TOCANTINS *TRECHO URBANO* - JOSÉ ESTEVÃO | F53: 3.6195886 | G53: PPS | H53: X | I53: X
A54: 1 | B54: 19 | C54: RODOVIA TO-201 - TRECHO BURITI DO TOCANTINS - ESPERANTINA | D54: 201ETO0220 | E54: JOSÉ ESTEVÃO - ENTR. TO-402 | F54: 19.793994 | G54: PPS | H54: X | I54: X
A55: 1 | B55: 19 | C55: RODOVIA TO-201 - TRECHO BURITI DO TOCANTINS - ESPERANTINA | D55: 201ETO0230 | E55: ENTR. TO-402 - VILA TOCANTINS | F55: 5.2504938 | G55: PPS | H55: X | I55: X
A56: 1 | B56: 19 | C56: RODOVIA TO-201 - TRECHO BURITI DO TOCANTINS - ESPERANTINA | D56: 201ETO0240 | E56: VILA TOCANTINS - ESPERANTINA *TRECHO URBANO* | F56: 9.2231365 | G56: PPS | H56: X | I56: X
A57: 1 | B57: 19 | C57: RODOVIA TO-201 - TRECHO BURITI DO TOCANTINS - ESPERANTINA | D57: ACESSO* | E57: ENTR. TO-201 - DIV. TO-PA (PEDRA GRANDE) | F57: 5.2172738 | G57: PPS | H57: X | I57: X
A58: 1 | B58: 23 | C58: RODOVIA TO-210 - TRECHO ANGICO - ANANÁS | D58: 210ETO0230 | E58: ENTR. TO-134 - ANGICO | F58: 1.3453045 | G58: PPS | I58: X
A59: 1 | B59: 23 | C59: RODOVIA TO-210 - TRECHO ANGICO - ANANÁS | D59: 210ETO0240 | E59: ANGICO - ANANÁS *TRECHO URBANO* | F59: 25.184972 | G59: PPS | I59: X
A60: 1 | B60: 24 | C60: RODOVIA TO-210 - TRECHO NAZARÉ - ENTR. TO-134 (POVOADO GROTÃO DE NAZARÉ) | D60: 210ETO0140 | E60: NAZARÉ *TRECHO URBANO* - MATA GRANDE | F60: 1.7025751 | G60: PPS
A61: 1 | B61: 24 | C61: RODOVIA TO-210 - TRECHO NAZARÉ - ENTR. TO-134 (POVOADO GROTÃO DE NAZARÉ) | D61: 210ETO0150 | E61: MATA GRANDE - ENTR. BR-230 | F61: 3.5113934 | G61: PPS | J61: X
A62: 1 | B62: 24 | C62: RODOVIA TO-210 - TRECHO NAZARÉ - ENTR. TO-134 (POVOADO GROTÃO DE NAZARÉ) | D62: 210ETO0160 | E62: ENTR. BR-230 - POV. VILA ROBERTINO | F62: 3.2953065 | G62: PPS | J62: X
A63: 1 | B63: 24 | C63: RODOVIA TO-210 - TRECHO NAZARÉ - ENTR. TO-134 (POVOADO GROTÃO DE NAZARÉ) | D63: 210ETO0170 | E63: POV. VILA ROBERTINO - POV. PIAÇABA | F63: 8.9366891 | G63: PPS | J63: X
A64: 1 | B64: 24 | C64: RODOVIA TO-210 - TRECHO NAZARÉ - ENTR. TO-134 (POVOADO GROTÃO DE NAZARÉ) | D64: 210ETO0190 | E64: POV. PIAÇABA - POV. PIRANHAS | F64: 3.3621002 | G64: PPS | J64: X
A65: 1 | B65: 24 | C65: RODOVIA TO-210 - TRECHO NAZARÉ - ENTR. TO-134 (POVOADO GROTÃO DE NAZARÉ) | D65: 210ETO0200 | E65: POV. PIRANHAS - POV. BREJINHO | F65: 2.45415 | G65: PPS | J65: X
A66: 1 | B66: 24 | C66: RODOVIA TO-210 - TRECHO NAZARÉ - ENTR. TO-134 (POVOADO GROTÃO DE NAZARÉ) | D66: 210ETO0210 | E66: POV. BREJINHO - ENTR. TO-134 (POV. GROTÃO DE NAZARÉ) | F66: 2.1853245 | G66: PPS | J66: X
A67: 1 | B67: 25 | C67: RODOVIA TO-210 - TRECHO TOCANTINÓPOLIS - NAZARÉ | D67: 210ETO0050 | E67: TOCANTINÓPOLIS *TRECHO URBANO* - OLHO DAGUA | F67: 3.8927996 | G67: PPS | J67: X
A68: 1 | B68: 25 | C68: RODOVIA TO-210 - TRECHO TOCANTINÓPOLIS - NAZARÉ | D68: 210ETO0060 | E68: OLHO DAGUA - PASSARINHO | F68: 2.0956864 | G68: PPS | J68: X
A69: 1 | B69: 25 | C69: RODOVIA TO-210 - TRECHO TOCANTINÓPOLIS - NAZARÉ | D69: 210ETO0070 | E69: PASSARINHO - ENTR. ACESSO BR-230 | F69: 6.3170268 | G69: PPS | J69: X
A70: 1 | B70: 25 | C70: RODOVIA TO-210 - TRECHO TOCANTINÓPOLIS - NAZARÉ | D70: ACESSO | E70: ENTR. TO-210 - ENTR. BR-230 | F70: 4.5199948 | G70: PPS | J70: X
A71: 1 | B71: 28 | C71: RODOVIA TO-403 - TRECHO SAMPAIO - ENTR. TO-404 (ITAÚBA) | D71: 403ETO0021 | E71: PERÍMETRO URBANO DE SAMPAIO | F71: 0.72297386 | G71: PSU | I71: X
A72: 1 | B72: 28 | C72: RODOVIA TO-403 - TRECHO SAMPAIO - ENTR. TO-404 (ITAÚBA) | D72: 403ETO0030 | E72: SAMPAIO *TRECHO URBANO* - ENTR. TO-404(ITAÚBA) | F72: 8.7275218 | G72: PPS | I72: X
A73: 1 | B73: 29 | C73: RODOVIA TO-404 - TRECHO AUGUSTINÓPOLIS - ENTR. TO-010 (POVOADO MATA VELHA) | D73: 404ETO0030 | E73: ENTR. TO-201(AUGUSTINÓPOLIS) - DEZESSEIS MIL | F73: 6.3326684 | G73: PPS | I73: X
A74: 1 | B74: 29 | C74: RODOVIA TO-404 - TRECHO AUGUSTINÓPOLIS - ENTR. TO-010 (POVOADO MATA VELHA) | D74: 404ETO0040 | E74: DEZESSEIS MIL - MATA VELHA | F74: 17.444707 | G74: PPS | I74: X
A75: 1 | B75: 29 | C75: RODOVIA TO-404 - TRECHO AUGUSTINÓPOLIS - ENTR. TO-010 (POVOADO MATA VELHA) | D75: 404ETO0050 | E75: MATA VELHA - ENTR. TO-010 | F75: 2.0654699 | G75: PPS | I75: X
A76: 1 | B76: 30 | C76: RODOVIA TO-404 - TRECHO AUGUSTINÓPOLIS - PRAIA NORTE | D76: 404ETO0010 | E76: PRAIA NORTE - ENTR. TO-403(ITAÚBA) | F76: 6.0749263 | G76: PPS | I76: X
A77: 1 | B77: 30 | C77: RODOVIA TO-404 - TRECHO AUGUSTINÓPOLIS - PRAIA NORTE | D77: 404ETO0020 | E77: ENTR. TO-403 (ITAÚBA) - ENTR. TO-201(AUGUSTINÓPOLIS) | F77: 6.0288383 | G77: PPS | I77: X
A78: 1 | B78: 32 | C78: RODOVIA TO-407 - TRECHO CARRASCO BONITO - ENTR. TO-201 (POVOADO CENTRO DOS FIRMINOS) | D78: 407ETO0020 | E78: CARRASCO BONITO *TRECHO URBANO* - ENTR. TO-201(P- POVOADO CENTRO DOS FIRMINOS) | F78: 7.687745 | G78: PPS | I78: X
A79: 1 | B79: 35 | C79: RODOVIA TO-415 - TRECHO SANTA TEREZINHA DO TOCANTINS - PALMEIRAS DO TOCANTINS | D79: 415ETO0060 | E79: SANTA TEREZINHA DO TOCANTINS - IMBIRA | F79: 13.912285 | G79: PPS | J79: X
A80: 1 | B80: 35 | C80: RODOVIA TO-415 - TRECHO SANTA TEREZINHA DO TOCANTINS - PALMEIRAS DO TOCANTINS | D80: 415ETO0070 | E80: IMBIRA - PALMEIRAS DO TOCANTINS *TRECHO URBANO* | F80: 11.08545 | G80: PPS | J80: X
A81: 1 | B81: 36 | C81: RODOVIA TO-415 - TRECHO NAZARÉ - SANTA TEREZINHA DO TOCANTINS | D81: 415ETO0040 | E81: ENTR. TO-210(NAZARÉ *TRECHO URBANO*) - ENTR. BR-230 | F81: 2.3264889 | G81: PPS | J81: X
A82: 1 | B82: 36 | C82: RODOVIA TO-415 - TRECHO NAZARÉ - SANTA TEREZINHA DO TOCANTINS | D82: 415ETO0050 | E82: ENTR. BR-230 - SANTA TEREZINHA DO TOCANTINS | F82: 3.9177303 | G82: PPS | J82: X
A83: 1 | B83: 38 | C83: RODOVIA TO-416 - TRECHO ANANÁS - ENTR. TO-010 | D83: 416ETO0020 | E83: ANANÁS *TRECHO URBANO* - SÃO RAIMUNDO | F83: 3.7562933 | G83: PPS | I83: X
A84: 1 | B84: 38 | C84: RODOVIA TO-416 - TRECHO ANANÁS - ENTR. TO-010 | D84: 416ETO0030 | E84: SÃO RAIMUNDO - ENTR. TO-010 | F84: 4.2669872 | G84: PPS | I84: X
F85: =SUM(F3:F84) -> 592.56125

Sheet 1
A1: PROGRAMA DE MANUTENÇÃORODOVIÁRIA
D2: RODOVIAS PAVIMENTADAS | I2: DATA: | J2: 46174 | N2: TÉCNICO RESP. | O2: LABORATORISTA -Claudiomiro V.Lopes
A3: FICHA DE INSPEÇÃO: | B3: =TT!C4 -> RODOVIA TO-010 - TRECHO ANANÁS - ENTR. BR-230
A5: S.R.E. | B5: SENTIDO | C5: INÍCIO (KM) | D5: FIM (KM) | E5: CONDIÇÃO DO PAVIMENTO | J5: VEGETAÇÃO | L5: ELEM. DE DRENAGEM | O5: SIN. HOR. | R5: SIN. VERTICAL | U5: OBSERV.
E6: BOM | F6: REM. I. | G6: REM. L | H6: BUR. I | I6: BUR. L | J6: ADEQ. | K6: INADED. | L6: LIMPOS | M6: SUJOS | N6: DAN. | O6: BOM | P6: REG. | Q6: INEXIST. | R6: BOM | S6: POUCAS | T6: INEXIST.
A7: 403ETO0021 | B7: C | C7: 0 | D7: 1 | I7: X | K7: X | Q7: X | T7: X
C8: =D7 -> 1 | D8: 2 | I8: X | K8: X | Q8: X | T8: X
C9: =D8 -> 2 | D9: 3 | I9: X | K9: X | Q9: X | T9: X
C10: =D9 -> 3 | D10: 3.81 | I10: X | K10: X | Q10: X | T10: X
A11: 010ETO0550 | B11: C | C11: 0 | D11: 1 | K11: X | Q11: X | T11: X
C12: =D11 -> 1 | D12: 1.67 | I12: X | K12: X | Q12: X | T12: X
A13: 010ETO0555 | B13: C | C13: 0 | D13: 1.36 | G13: X | K13: X | N13: X | Q13: X | T13: X
A15: 010ETO0511 | B15: C | C15: 0 | D15: 0.88 | F15: X | M15: X | Q15: X | S15: X
A17: 010ETO0512 | B17: C | C17: 0 | D17: 1.99 | F17: X | M17: X | Q17: X | S17: X
A32: LEGENDA | B32: CONDIÇÃO DO PAVIMENTO
A33: REM. I | B33: REMENDOS ISOLADOS | E33: ATÉ 10 REMENDOS/KM | I33: BUR. I | J33: BURACOS ISOLADOS | M33: ATÉ 5 BURACOS/KM
A34: REM. L | B34: REMENDOS AO LONGO | E34: MAIS DE 10 REMENDOS/KM | I34: BUR. L | J34: BURACOS AO LONGO | M34: MAIS DE 5 BURACOS/KM
E39: =IF(E7="X",(D7-C7),"0") -> 0 | F39: =IF(F7="X",(D7-C7),"0") -> 0 | G39: =IF(G7="X",(D7-C7),"0") -> 0 | H39: =IF(H7="X",(D7-C7),"0") -> 0 | I39: =IF(I7="X",(D7-C7),"0") -> 1 | J39: =IF(J7="X",(D7-C7),"0") -> 0 | K39: =IF(K7="X",(D7-C7),"0") -> 1 | L39: =IF(L7="X",(D7-C7),"0") -> 0 | M39: =IF(M7="X",(D7-C7),"0") -> 0 | N39: =IF(N7="X",(D7-C7),"0") -> 0 | O39: =IF(O7="X",(D7-C7),"0") -> 0 | P39: =IF(P7="X",(D7-C7),"0") -> 0 | Q39: =IF(Q7="X",(D7-C7),"0") -> 1 | R39: =IF(R7="X",(D7-C7),"0") -> 0 | S39: =IF(S7="X",(D7-C7),"0") -> 0 | T39: =IF(T7="X",(D7-C7),"0") -> 1
E40: =IF(E8="X",(D8-C8),"0") -> 0 | F40: =IF(F8="X",(D8-C8),"0") -> 0 | G40: =IF(G8="X",(D8-C8),"0") -> 0 | H40: =IF(H8="X",(D8-C8),"0") -> 0 | I40: =IF(I8="X",(D8-C8),"0") -> 1 | J40: =IF(J8="X",(D8-C8),"0") -> 0 | K40: =IF(K8="X",(D8-C8),"0") -> 1 | L40: =IF(L8="X",(D8-C8),"0") -> 0 | M40: =IF(M8="X",(D8-C8),"0") -> 0 | N40: =IF(N8="X",(D8-C8),"0") -> 0 | O40: =IF(O8="X",(D8-C8),"0") -> 0 | P40: =IF(P8="X",(D8-C8),"0") -> 0 | Q40: =IF(Q8="X",(D8-C8),"0") -> 1 | R40: =IF(R8="X",(D8-C8),"0") -> 0 | S40: =IF(S8="X",(D8-C8),"0") -> 0 | T40: =IF(T8="X",(D8-C8),"0") -> 1
E41: =IF(E9="X",(D9-C9),"0") -> 0 | F41: =IF(F9="X",(D9-C9),"0") -> 0 | G41: =IF(G9="X",(D9-C9),"0") -> 0 | H41: =IF(H9="X",(D9-C9),"0") -> 0 | I41: =IF(I9="X",(D9-C9),"0") -> 1 | J41: =IF(J9="X",(D9-C9),"0") -> 0 | K41: =IF(K9="X",(D9-C9),"0") -> 1 | L41: =IF(L9="X",(D9-C9),"0") -> 0 | M41: =IF(M9="X",(D9-C9),"0") -> 0 | N41: =IF(N9="X",(D9-C9),"0") -> 0 | O41: =IF(O9="X",(D9-C9),"0") -> 0 | P41: =IF(P9="X",(D9-C9),"0") -> 0 | Q41: =IF(Q9="X",(D9-C9),"0") -> 1 | R41: =IF(R9="X",(D9-C9),"0") -> 0 | S41: =IF(S9="X",(D9-C9),"0") -> 0 | T41: =IF(T9="X",(D9-C9),"0") -> 1
E42: =IF(E10="X",(D10-C10),"0") -> 0 | F42: =IF(F10="X",(D10-C10),"0") -> 0 | G42: =IF(G10="X",(D10-C10),"0") -> 0 | H42: =IF(H10="X",(D10-C10),"0") -> 0 | I42: =IF(I10="X",(D10-C10),"0") -> 0.81 | J42: =IF(J10="X",(D10-C10),"0") -> 0 | K42: =IF(K10="X",(D10-C10),"0") -> 0.81 | L42: =IF(L10="X",(D10-C10),"0") -> 0 | M42: =IF(M10="X",(D10-C10),"0") -> 0 | N42: =IF(N10="X",(D10-C10),"0") -> 0 | O42: =IF(O10="X",(D10-C10),"0") -> 0 | P42: =IF(P10="X",(D10-C10),"0") -> 0 | Q42: =IF(Q10="X",(D10-C10),"0") -> 0.81 | R42: =IF(R10="X",(D10-C10),"0") -> 0 | S42: =IF(S10="X",(D10-C10),"0") -> 0 | T42: =IF(T10="X",(D10-C10),"0") -> 0.81
E43: =IF(E11="X",(D11-C11),"0") -> 0 | F43: =IF(F11="X",(D11-C11),"0") -> 0 | G43: =IF(G11="X",(D11-C11),"0") -> 0 | H43: =IF(H11="X",(D11-C11),"0") -> 0 | I43: =IF(I11="X",(D11-C11),"0") -> 0 | J43: =IF(J11="X",(D11-C11),"0") -> 0 | K43: =IF(K11="X",(D11-C11),"0") -> 1 | L43: =IF(L11="X",(D11-C11),"0") -> 0 | M43: =IF(M11="X",(D11-C11),"0") -> 0 | N43: =IF(N11="X",(D11-C11),"0") -> 0 | O43: =IF(O11="X",(D11-C11),"0") -> 0 | P43: =IF(P11="X",(D11-C11),"0") -> 0 | Q43: =IF(Q11="X",(D11-C11),"0") -> 1 | R43: =IF(R11="X",(D11-C11),"0") -> 0 | S43: =IF(S11="X",(D11-C11),"0") -> 0 | T43: =IF(T11="X",(D11-C11),"0") -> 1
E44: =IF(E12="X",(D12-C12),"0") -> 0 | F44: =IF(F12="X",(D12-C12),"0") -> 0 | G44: =IF(G12="X",(D12-C12),"0") -> 0 | H44: =IF(H12="X",(D12-C12),"0") -> 0 | I44: =IF(I12="X",(D12-C12),"0") -> 0.67 | J44: =IF(J12="X",(D12-C12),"0") -> 0 | K44: =IF(K12="X",(D12-C12),"0") -> 0.67 | L44: =IF(L12="X",(D12-C12),"0") -> 0 | M44: =IF(M12="X",(D12-C12),"0") -> 0 | N44: =IF(N12="X",(D12-C12),"0") -> 0 | O44: =IF(O12="X",(D12-C12),"0") -> 0 | P44: =IF(P12="X",(D12-C12),"0") -> 0 | Q44: =IF(Q12="X",(D12-C12),"0") -> 0.67 | R44: =IF(R12="X",(D12-C12),"0") -> 0 | S44: =IF(S12="X",(D12-C12),"0") -> 0 | T44: =IF(T12="X",(D12-C12),"0") -> 0.67
E45: =IF(E13="X",(D13-C13),"0") -> 0 | F45: =IF(F13="X",(D13-C13),"0") -> 0 | G45: =IF(G13="X",(D13-C13),"0") -> 1.36 | H45: =IF(H13="X",(D13-C13),"0") -> 0 | I45: =IF(I13="X",(D13-C13),"0") -> 0 | J45: =IF(J13="X",(D13-C13),"0") -> 0 | K45: =IF(K13="X",(D13-C13),"0") -> 1.36 | L45: =IF(L13="X",(D13-C13),"0") -> 0 | M45: =IF(M13="X",(D13-C13),"0") -> 0 | N45: =IF(N13="X",(D13-C13),"0") -> 1.36 | O45: =IF(O13="X",(D13-C13),"0") -> 0 | P45: =IF(P13="X",(D13-C13),"0") -> 0 | Q45: =IF(Q13="X",(D13-C13),"0") -> 1.36 | R45: =IF(R13="X",(D13-C13),"0") -> 0 | S45: =IF(S13="X",(D13-C13),"0") -> 0 | T45: =IF(T13="X",(D13-C13),"0") -> 1.36
E46: =IF(E14="X",(D14-C14),"0") -> 0 | F46: =IF(F14="X",(D14-C14),"0") -> 0 | G46: =IF(G14="X",(D14-C14),"0") -> 0 | H46: =IF(H14="X",(D14-C14),"0") -> 0 | I46: =IF(I14="X",(D14-C14),"0") -> 0 | J46: =IF(J14="X",(D14-C14),"0") -> 0 | K46: =IF(K14="X",(D14-C14),"0") -> 0 | L46: =IF(L14="X",(D14-C14),"0") -> 0 | M46: =IF(M14="X",(D14-C14),"0") -> 0 | N46: =IF(N14="X",(D14-C14),"0") -> 0 | O46: =IF(O14="X",(D14-C14),"0") -> 0 | P46: =IF(P14="X",(D14-C14),"0") -> 0 | Q46: =IF(Q14="X",(D14-C14),"0") -> 0 | R46: =IF(R14="X",(D14-C14),"0") -> 0 | S46: =IF(S14="X",(D14-C14),"0") -> 0 | T46: =IF(T14="X",(D14-C14),"0") -> 0
E47: =IF(E15="X",(D15-C15),"0") -> 0 | F47: =IF(F15="X",(D15-C15),"0") -> 0.88 | G47: =IF(G15="X",(D15-C15),"0") -> 0 | H47: =IF(H15="X",(D15-C15),"0") -> 0 | I47: =IF(I15="X",(D15-C15),"0") -> 0 | J47: =IF(J15="X",(D15-C15),"0") -> 0 | K47: =IF(K15="X",(D15-C15),"0") -> 0 | L47: =IF(L15="X",(D15-C15),"0") -> 0 | M47: =IF(M15="X",(D15-C15),"0") -> 0.88 | N47: =IF(N15="X",(D15-C15),"0") -> 0 | O47: =IF(O15="X",(D15-C15),"0") -> 0 | P47: =IF(P15="X",(D15-C15),"0") -> 0 | Q47: =IF(Q15="X",(D15-C15),"0") -> 0.88 | R47: =IF(R15="X",(D15-C15),"0") -> 0 | S47: =IF(S15="X",(D15-C15),"0") -> 0.88 | T47: =IF(T15="X",(D15-C15),"0") -> 0
E48: =IF(E16="X",(D16-C16),"0") -> 0 | F48: =IF(F16="X",(D16-C16),"0") -> 0 | G48: =IF(G16="X",(D16-C16),"0") -> 0 | H48: =IF(H16="X",(D16-C16),"0") -> 0 | I48: =IF(I16="X",(D16-C16),"0") -> 0 | J48: =IF(J16="X",(D16-C16),"0") -> 0 | K48: =IF(K16="X",(D16-C16),"0") -> 0 | L48: =IF(L16="X",(D16-C16),"0") -> 0 | M48: =IF(M16="X",(D16-C16),"0") -> 0 | N48: =IF(N16="X",(D16-C16),"0") -> 0 | O48: =IF(O16="X",(D16-C16),"0") -> 0 | P48: =IF(P16="X",(D16-C16),"0") -> 0 | Q48: =IF(Q16="X",(D16-C16),"0") -> 0 | R48: =IF(R16="X",(D16-C16),"0") -> 0 | S48: =IF(S16="X",(D16-C16),"0") -> 0 | T48: =IF(T16="X",(D16-C16),"0") -> 0
E49: =IF(E17="X",(D17-C17),"0") -> 0 | F49: =IF(F17="X",(D17-C17),"0") -> 1.99 | G49: =IF(G17="X",(D17-C17),"0") -> 0 | H49: =IF(H17="X",(D17-C17),"0") -> 0 | I49: =IF(I17="X",(D17-C17),"0") -> 0 | J49: =IF(J17="X",(D17-C17),"0") -> 0 | K49: =IF(K17="X",(D17-C17),"0") -> 0 | L49: =IF(L17="X",(D17-C17),"0") -> 0 | M49: =IF(M17="X",(D17-C17),"0") -> 1.99 | N49: =IF(N17="X",(D17-C17),"0") -> 0 | O49: =IF(O17="X",(D17-C17),"0") -> 0 | P49: =IF(P17="X",(D17-C17),"0") -> 0 | Q49: =IF(Q17="X",(D17-C17),"0") -> 1.99 | R49: =IF(R17="X",(D17-C17),"0") -> 0 | S49: =IF(S17="X",(D17-C17),"0") -> 1.99 | T49: =IF(T17="X",(D17-C17),"0") -> 0
E50: =IF(E18="X",(D18-C18),"0") -> 0 | F50: =IF(F18="X",(D18-C18),"0") -> 0 | G50: =IF(G18="X",(D18-C18),"0") -> 0 | H50: =IF(H18="X",(D18-C18),"0") -> 0 | I50: =IF(I18="X",(D18-C18),"0") -> 0 | J50: =IF(J18="X",(D18-C18),"0") -> 0 | K50: =IF(K18="X",(D18-C18),"0") -> 0 | L50: =IF(L18="X",(D18-C18),"0") -> 0 | M50: =IF(M18="X",(D18-C18),"0") -> 0 | N50: =IF(N18="X",(D18-C18),"0") -> 0 | O50: =IF(O18="X",(D18-C18),"0") -> 0 | P50: =IF(P18="X",(D18-C18),"0") -> 0 | Q50: =IF(Q18="X",(D18-C18),"0") -> 0 | R50: =IF(R18="X",(D18-C18),"0") -> 0 | S50: =IF(S18="X",(D18-C18),"0") -> 0 | T50: =IF(T18="X",(D18-C18),"0") -> 0
... E95: =IF(E63="X",(D63-C63),"0") -> 0 | F95: =IF(F63="X",(D63-C63),"0") -> 0 | G95: =IF(G63="X",(D63-C63),"0") -> 0 | H95: =IF(H63="X",(D63-C63),"0") -> 0 | I95: =IF(I63="X",(D63-C63),"0") -> 0 | J95: =IF(J63="X",(D63-C63),"0") -> 0 | K95: =IF(K63="X",(D63-C63),"0") -> 0 | L95: =IF(L63="X",(D63-C63),"0") -> 0 | M95: =IF(M63="X",(D63-C63),"0") -> 0 | N95: =IF(N63="X",(D63-C63),"0") -> 0 | O95: =IF(O63="X",(D63-C63),"0") -> 0 | P95: =IF(P63="X",(D63-C63),"0") -> 0 | Q95: =IF(Q63="X",(D63-C63),"0") -> 0 | R95: =IF(R63="X",(D63-C63),"0") -> 0 | S95: =IF(S63="X",(D63-C63),"0") -> 0 | T95: =IF(T63="X",(D63-C63),"0") -> 0
E98: =SUM(E39:E95) -> 0 | F98: =SUM(F39:F95) -> 2.87 | G98: =SUM(G39:G95) -> 1.36 | H98: =SUM(H39:H95) -> 0 | I98: =SUM(I39:I95) -> 4.48 | J98: =SUM(J39:J95) -> 0 | K98: =SUM(K39:K95) -> 6.84 | L98: =SUM(L39:L95) -> 0 | ... T98: =SUM(T39:T95) -> 6.84

Sheet 2
A1: PROGRAMA DE MANUTENÇÃORODOVIÁRIA
D2: RODOVIAS PAVIMENTADAS | I2: DATA: | J2: ='1'!$J$2 -> 46174 | N2: TÉCNICO RESP. | O2: ='1'!$O$2 -> LABORATORISTA -Claudiomiro V.Lopes
A3: FICHA DE INSPEÇÃO: | B3: =TT!C5 -> RODOVIA TO-010 - TRECHO ENTR. BR-230 - ARAGUATINS
A5: S.R.E. | B5: SENTIDO | C5: INÍCIO (KM) | D5: FIM (KM) | E5: CONDIÇÃO DO PAVIMENTO | J5: VEGETAÇÃO | L5: ELEM. DE DRENAGEM | O5: SIN. HOR. | R5: SIN. VERTICAL | U5: OBSERV.
E6: BOM | F6: REM. I. | G6: REM. L | H6: BUR. I | I6: BUR. L | J6: ADEQ. | K6: INADED. | L6: LIMPOS | M6: SUJOS | N6: DAN. | O6: BOM | P6: REG. | Q6: INEXIST. | R6: BOM | S6: POUCAS | T6: INEXIST.
A7: 010ET00630 | B7: C | C7: 0 | D7: 2 | E7: X | J7: X | M7: X | P7: X | S7: X
C8: 0 | D8: 2 | E8: X | J8: X | M8: X | Q8: X | S8: X
C9: 2 | D9: 4 | E9: X | J9: X | M9: X | P9: X | S9: X
C10: 2 | D10: 4 | G10: X | J10: X | M10: X | Q10: X | S10: X
C11: 4 | D11: 6 | E11: X | J11: X | M11: X | P11: X | S11: X
C12: 4 | D12: 6 | G12: X | J12: X | M12: X | Q12: X | S12: X
C13: 6 | D13: 7.5 | E13: X | J13: X | M13: X | P13: X | S13: X
C14: 6 | D14: 7.5 | E14: X | J14: X | M14: X | Q14: X | S14: X
C15: 6 | D15: 7 | H15: X | K15: X | L15: X | O15: X | R15: X
C16: 7 | D16: 8 | H16: X | K16: X | L16: X | O16: X | R16: X
C17: 8 | D17: 8.61 | E17: X | K17: X | L17: X | O17: X | R17: X
A32: LEGENDA | B32: CONDIÇÃO DO PAVIMENTO
A33: REM. I | B33: REMENDOS ISOLADOS | E33: ATÉ 10 REMENDOS/KM | I33: BUR. I | J33: BURACOS ISOLADOS | M33: ATÉ 5 BURACOS/KM
A34: REM. L | B34: REMENDOS AO LONGO | E34: MAIS DE 10 REMENDOS/KM | I34: BUR. L | J34: BURACOS AO LONGO | M34: MAIS DE 5 BURACOS/KM
E39: =IF(E7="X",(D7-C7),"0") -> 2 | F39: =IF(F7="X",(D7-C7),"0") -> 0 | G39: =IF(G7="X",(D7-C7),"0") -> 0 | H39: =IF(H7="X",(D7-C7),"0") -> 0 | I39: =IF(I7="X",(D7-C7),"0") -> 0 | J39: =IF(J7="X",(D7-C7),"0") -> 2 | K39: =IF(K7="X",(D7-C7),"0") -> 0 | L39: =IF(L7="X",(D7-C7),"0") -> 0 | M39: =IF(M7="X",(D7-C7),"0") -> 2 | N39: =IF(N7="X",(D7-C7),"0") -> 0 | O39: =IF(O7="X",(D7-C7),"0") -> 0 | P39: =IF(P7="X",(D7-C7),"0") -> 2 | Q39: =IF(Q7="X",(D7-C7),"0") -> 0 | R39: =IF(R7="X",(D7-C7),"0") -> 0 | S39: =IF(S7="X",(D7-C7),"0") -> 2 | T39: =IF(T7="X",(D7-C7),"0") -> 0
E40: =IF(E8="X",(D8-C8),"0") -> 2 | F40: =IF(F8="X",(D8-C8),"0") -> 0 | G40: =IF(G8="X",(D8-C8),"0") -> 0 | H40: =IF(H8="X",(D8-C8),"0") -> 0 | I40: =IF(I8="X",(D8-C8),"0") -> 0 | J40: =IF(J8="X",(D8-C8),"0") -> 2 | K40: =IF(K8="X",(D8-C8),"0") -> 0 | L40: =IF(L8="X",(D8-C8),"0") -> 0 | M40: =IF(M8="X",(D8-C8),"0") -> 2 | N40: =IF(N8="X",(D8-C8),"0") -> 0 | O40: =IF(O8="X",(D8-C8),"0") -> 0 | P40: =IF(P8="X",(D8-C8),"0") -> 0 | Q40: =IF(Q8="X",(D8-C8),"0") -> 2 | R40: =IF(R8="X",(D8-C8),"0") -> 0 | S40: =IF(S8="X",(D8-C8),"0") -> 2 | T40: =IF(T8="X",(D8-C8),"0") -> 0
E41: =IF(E9="X",(D9-C9),"0") -> 2 | F41: =IF(F9="X",(D9-C9),"0") -> 0 | G41: =IF(G9="X",(D9-C9),"0") -> 0 | H41: =IF(H9="X",(D9-C9),"0") -> 0 | I41: =IF(I9="X",(D9-C9),"0") -> 0 | J41: =IF(J9="X",(D9-C9),"0") -> 2 | K41: =IF(K9="X",(D9-C9),"0") -> 0 | L41: =IF(L9="X",(D9-C9),"0") -> 0 | M41: =IF(M9="X",(D9-C9),"0") -> 2 | N41: =IF(N9="X",(D9-C9),"0") -> 0 | O41: =IF(O9="X",(D9-C9),"0") -> 0 | P41: =IF(P9="X",(D9-C9),"0") -> 2 | Q41: =IF(Q9="X",(D9-C9),"0") -> 0 | R41: =IF(R9="X",(D9-C9),"0") -> 0 | S41: =IF(S9="X",(D9-C9),"0") -> 2 | T41: =IF(T9="X",(D9-C9),"0") -> 0
E42: =IF(E10="X",(D10-C10),"0") -> 0 | F42: =IF(F10="X",(D10-C10),"0") -> 0 | G42: =IF(G10="X",(D10-C10),"0") -> 2 | H42: =IF(H10="X",(D10-C10),"0") -> 0 | I42: =IF(I10="X",(D10-C10),"0") -> 0 | J42: =IF(J10="X",(D10-C10),"0") -> 2 | K42: =IF(K10="X",(D10-C10),"0") -> 0 | L42: =IF(L10="X",(D10-C10),"0") -> 0 | M42: =IF(M10="X",(D10-C10),"0") -> 2 | N42: =IF(N10="X",(D10-C10),"0") -> 0 | O42: =IF(O10="X",(D10-C10),"0") -> 0 | P42: =IF(P10="X",(D10-C10),"0") -> 0 | Q42: =IF(Q10="X",(D10-C10),"0") -> 2 | R42: =IF(R10="X",(D10-C10),"0") -> 0 | S42: =IF(S10="X",(D10-C10),"0") -> 2 | T42: =IF(T10="X",(D10-C10),"0") -> 0
E43: =IF(E11="X",(D11-C11),"0") -> 2 | F43: =IF(F11="X",(D11-C11),"0") -> 0 | G43: =IF(G11="X",(D11-C11),"0") -> 0 | H43: =IF(H11="X",(D11-C11),"0") -> 0 | I43: =IF(I11="X",(D11-C11),"0") -> 0 | J43: =IF(J11="X",(D11-C11),"0") -> 2 | K43: =IF(K11="X",(D11-C11),"0") -> 0 | L43: =IF(L11="X",(D11-C11),"0") -> 0 | M43: =IF(M11="X",(D11-C11),"0") -> 2 | N43: =IF(N11="X",(D11-C11),"0") -> 0 | O43: =IF(O11="X",(D11-C11),"0") -> 0 | P43: =IF(P11="X",(D11-C11),"0") -> 2 | Q43: =IF(Q11="X",(D11-C11),"0") -> 0 | R43: =IF(R11="X",(D11-C11),"0") -> 0 | S43: =IF(S11="X",(D11-C11),"0") -> 2 | T43: =IF(T11="X",(D11-C11),"0") -> 0
E44: =IF(E12="X",(D12-C12),"0") -> 0 | F44: =IF(F12="X",(D12-C12),"0") -> 0 | G44: =IF(G12="X",(D12-C12),"0") -> 2 | H44: =IF(H12="X",(D12-C12),"0") -> 0 | I44: =IF(I12="X",(D12-C12),"0") -> 0 | J44: =IF(J12="X",(D12-C12),"0") -> 2 | K44: =IF(K12="X",(D12-C12),"0") -> 0 | L44: =IF(L12="X",(D12-C12),"0") -> 0 | M44: =IF(M12="X",(D12-C12),"0") -> 2 | N44: =IF(N12="X",(D12-C12),"0") -> 0 | O44: =IF(O12="X",(D12-C12),"0") -> 0 | P44: =IF(P12="X",(D12-C12),"0") -> 0 | Q44: =IF(Q12="X",(D12-C12),"0") -> 2 | R44: =IF(R12="X",(D12-C12),"0") -> 0 | S44: =IF(S12="X",(D12-C12),"0") -> 2 | T44: =IF(T12="X",(D12-C12),"0") -> 0
E45: =IF(E13="X",(D13-C13),"0") -> 1.5 | F45: =IF(F13="X",(D13-C13),"0") -> 0 | G45: =IF(G13="X",(D13-C13),"0") -> 0 | H45: =IF(H13="X",(D13-C13),"0") -> 0 | I45: =IF(I13="X",(D13-C13),"0") -> 0 | J45: =IF(J13="X",(D13-C13),"0") -> 1.5 | K45: =IF(K13="X",(D13-C13),"0") -> 0 | L45: =IF(L13="X",(D13-C13),"0") -> 0 | M45: =IF(M13="X",(D13-C13),"0") -> 1.5 | N45: =IF(N13="X",(D13-C13),"0") -> 0 | O45: =IF(O13="X",(D13-C13),"0") -> 0 | P45: =IF(P13="X",(D13-C13),"0") -> 1.5 | Q45: =IF(Q13="X",(D13-C13),"0") -> 0 | R45: =IF(R13="X",(D13-C13),"0") -> 0 | S45: =IF(S13="X",(D13-C13),"0") -> 1.5 | T45: =IF(T13="X",(D13-C13),"0") -> 0
E46: =IF(E14="X",(D14-C14),"0") -> 1.5 | F46: =IF(F14="X",(D14-C14),"0") -> 0 | G46: =IF(G14="X",(D14-C14),"0") -> 0 | H46: =IF(H14="X",(D14-C14),"0") -> 0 | I46: =IF(I14="X",(D14-C14),"0") -> 0 | J46: =IF(J14="X",(D14-C14),"0") -> 1.5 | K46: =IF(K14="X",(D14-C14),"0") -> 0 | L46: =IF(L14="X",(D14-C14),"0") -> 0 | M46: =IF(M14="X",(D14-C14),"0") -> 1.5 | N46: =IF(N14="X",(D14-C14),"0") -> 0 | O46: =IF(O14="X",(D14-C14),"0") -> 0 | P46: =IF(P14="X",(D14-C14),"0") -> 0 | Q46: =IF(Q14="X",(D14-C14),"0") -> 1.5 | R46: =IF(R14="X",(D14-C14),"0") -> 0 | S46: =IF(S14="X",(D14-C14),"0") -> 1.5 | T46: =IF(T14="X",(D14-C14),"0") -> 0
E47: =IF(E15="X",(D15-C15),"0") -> 0 | F47: =IF(F15="X",(D15-C15),"0") -> 0 | G47: =IF(G15="X",(D15-C15),"0") -> 0 | H47: =IF(H15="X",(D15-C15),"0") -> 1 | I47: =IF(I15="X",(D15-C15),"0") -> 0 | J47: =IF(J15="X",(D15-C15),"0") -> 0 | K47: =IF(K15="X",(D15-C15),"0") -> 1 | L47: =IF(L15="X",(D15-C15),"0") -> 1 | M47: =IF(M15="X",(D15-C15),"0") -> 0 | N47: =IF(N15="X",(D15-C15),"0") -> 0 | O47: =IF(O15="X",(D15-C15),"0") -> 1 | P47: =IF(P15="X",(D15-C15),"0") -> 0 | Q47: =IF(Q15="X",(D15-C15),"0") -> 0 | R47: =IF(R15="X",(D15-C15),"0") -> 1 | S47: =IF(S15="X",(D15-C15),"0") -> 0 | T47: =IF(T15="X",(D15-C15),"0") -> 0
E48: =IF(E16="X",(D16-C16),"0") -> 0 | F48: =IF(F16="X",(D16-C16),"0") -> 0 | G48: =IF(G16="X",(D16-C16),"0") -> 0 | H48: =IF(H16="X",(D16-C16),"0") -> 1 | I48: =IF(I16="X",(D16-C16),"0") -> 0 | J48: =IF(J16="X",(D16-C16),"0") -> 0 | K48: =IF(K16="X",(D16-C16),"0") -> 1 | L48: =IF(L16="X",(D16-C16),"0") -> 1 | M48: =IF(M16="X",(D16-C16),"0") -> 0 | N48: =IF(N16="X",(D16-C16),"0") -> 0 | O48: =IF(O16="X",(D16-C16),"0") -> 1 | P48: =IF(P16="X",(D16-C16),"0") -> 0 | Q48: =IF(Q16="X",(D16-C16),"0") -> 0 | R48: =IF(R16="X",(D16-C16),"0") -> 1 | S48: =IF(S16="X",(D16-C16),"0") -> 0 | T48: =IF(T16="X",(D16-C16),"0") -> 0
E49: =IF(E17="X",(D17-C17),"0") -> 0.61 | F49: =IF(F17="X",(D17-C17),"0") -> 0 | G49: =IF(G17="X",(D17-C17),"0") -> 0 | H49: =IF(H17="X",(D17-C17),"0") -> 0 | I49: =IF(I17="X",(D17-C17),"0") -> 0 | J49: =IF(J17="X",(D17-C17),"0") -> 0 | K49: =IF(K17="X",(D17-C17),"0") -> 0.61 | L49: =IF(L17="X",(D17-C17),"0") -> 0.61 | M49: =IF(M17="X",(D17-C17),"0") -> 0 | N49: =IF(N17="X",(D17-C17),"0") -> 0 | O49: =IF(O17="X",(D17-C17),"0") -> 0.61 | P49: =IF(P17="X",(D17-C17),"0") -> 0 | Q49: =IF(Q17="X",(D17-C17),"0") -> 0 | R49: =IF(R17="X",(D17-C17),"0") -> 0.61 | S49: =IF(S17="X",(D17-C17),"0") -> 0 | T49: =IF(T17="X",(D17-C17),"0") -> 0
E50: =IF(E18="X",(D18-C18),"0") -> 0 | F50: =IF(F18="X",(D18-C18),"0") -> 0 | G50: =IF(G18="X",(D18-C18),"0") -> 0 | H50: =IF(H18="X",(D18-C18),"0") -> 0 | I50: =IF(I18="X",(D18-C18),"0") -> 0 | J50: =IF(J18="X",(D18-C18),"0") -> 0 | K50: =IF(K18="X",(D18-C18),"0") -> 0 | L50: =IF(L18="X",(D18-C18),"0") -> 0 | M50: =IF(M18="X",(D18-C18),"0") -> 0 | N50: =IF(N18="X",(D18-C18),"0") -> 0 | O50: =IF(O18="X",(D18-C18),"0") -> 0 | P50: =IF(P18="X",(D18-C18),"0") -> 0 | Q50: =IF(Q18="X",(D18-C18),"0") -> 0 | R50: =IF(R18="X",(D18-C18),"0") -> 0 | S50: =IF(S18="X",(D18-C18),"0") -> 0 | T50: =IF(T18="X",(D18-C18),"0") -> 0
... E69: =IF(E37="X",(D37-C37),"0") -> 0 | F69: =IF(F37="X",(D37-C37),"0") -> 0 | G69: =IF(G37="X",(D37-C37),"0") -> 0 | H69: =IF(H37="X",(D37-C37),"0") -> 0 | I69: =IF(I37="X",(D37-C37),"0") -> 0 | J69: =IF(J37="X",(D37-C37),"0") -> 0 | K69: =IF(K37="X",(D37-C37),"0") -> 0 | L69: =IF(L37="X",(D37-C37),"0") -> 0 | M69: =IF(M37="X",(D37-C37),"0") -> 0 | N69: =IF(N37="X",(D37-C37),"0") -> 0 | O69: =IF(O37="X",(D37-C37),"0") -> 0 | P69: =IF(P37="X",(D37-C37),"0") -> 0 | Q69: =IF(Q37="X",(D37-C37),"0") -> 0 | R69: =IF(R37="X",(D37-C37),"0") -> 0 | S69: =IF(S37="X",(D37-C37),"0") -> 0 | T69: =IF(T37="X",(D37-C37),"0") -> 0
E72: =SUM(E39:E69) -> 11.61 | F72: =SUM(F39:F69) -> 0 | G72: =SUM(G39:G69) -> 4 | H72: =SUM(H39:H69) -> 2 | I72: =SUM(I39:I69) -> 0 | J72: =SUM(J39:J69) -> 15 | K72: =SUM(K39:K69) -> 2.61 | L72: =SUM(L39:L69) -> 2.61 | ... T72: =SUM(T39:T69) -> 0

Sheet 3
A1: PROGRAMA DE MANUTENÇÃORODOVIÁRIA
D2: RODOVIAS PAVIMENTADAS | I2: DATA: | J2: ='1'!$J$2 -> 46174 | N2: TÉCNICO RESP. | O2: ='1'!$O$2 -> LABORATORISTA -Claudiomiro V.Lopes
A3: FICHA DE INSPEÇÃO: | B3: =TT!C6 -> RODOVIA TO-010 - TRECHO ARAGUATINS - ENTR. TO-201
A5: S.R.E. | B5: SENTIDO | C5: INÍCIO (KM) | D5: FIM (KM) | E5: CONDIÇÃO DO PAVIMENTO | J5: VEGETAÇÃO | L5: ELEM. DE DRENAGEM | O5: SIN. HOR. | R5: SIN. VERTICAL | U5: OBSERV.
E6: BOM | F6: REM. I. | G6: REM. L | H6: BUR. I | I6: BUR. L | J6: ADEQ. | K6: INADED. | L6: LIMPOS | M6: SUJOS | N6: DAN. | O6: BOM | P6: REG. | Q6: INEXIST. | R6: BOM | S6: POUCAS | T6: INEXIST.
A7: 010ETO0650 | B7: C | C7: 0 | D7: 2 | E7: X | K7: X | M7: X | O7: X | S7: X
C8: 0 | D8: 2 | E8: X | K8: X | M8: X | O8: X | S8: X
C9: 2 | D9: 4 | E9: X | K9: X | M9: X | O9: X | S9: X
C10: 2 | D10: 4 | E10: X | K10: X | M10: X | O10: X | S10: X
C11: 4 | D11: 5.7 | E11: X | K11: X | M11: X | O11: X | S11: X
A12: 010ETO0665 | C12: 0 | D12: 2 | E12: X | H12: X | K12: X | M12: X | O12: X | S12: X
A13: 010ETO0670 | C13: 0 | D13: 2 | E13: X | K13: X | M13: X | O13: X | S13: X
A14: 010ETO0672 | C14: 2 | D14: 4 | E14: X | K14: X | M14: X | O14: X | S14: X
A15: 010ETO0680 | C15: 4 | D15: 6 | E15: X | K15: X | M15: X | O15: X | S15: X
C16: 6 | D16: 8 | E16: X | K16: X | M16: X | O16: X | S16: X
C17: 8 | D17: 10 | E17: X | K17: X | M17: X | O17: X | S17: X
C18: 10 | D18: 12 | E18: X | K18: X | M18: X | O18: X | S18: X
C19: 14 | D19: 16 | E19: X | K19: X | M19: X | O19: X | S19: X
C20: 16 | D20: 18 | E20: X | K20: X | M20: X | O20: X | S20: X
C21: 18 | D21: 20 | E21: X | K21: X | M21: X | O21: X | S21: X
C22: 20 | D22: 22 | E22: X | K22: X | M22: X | O22: X | S22: X
C23: 22 | D23: 24 | E23: X | K23: X | M23: X | O23: X | S23: X
C24: 24 | D24: 26 | E24: X | K24: X | M24: X | O24: X | S24: X
C25: 26 | D25: 28 | E25: X | J25: X | M25: X | O25: X | S25: X
C26: 28 | D26: 30 | E26: X | J26: X | M26: X | O26: X | S26: X
C27: 30 | D27: 32 | E27: X | J27: X | M27: X | O27: X | S27: X
C28: 32 | D28: 34 | E28: X | J28: X | M28: X | O28: X | S28: X
C29: 32 | D29: 34 | G29: X | K29: X | M29: X | O29: X | S29: X
A44: LEGENDA | B44: CONDIÇÃO DO PAVIMENTO
A45: REM. I | B45: REMENDOS ISOLADOS | E45: ATÉ 10 REMENDOS/KM | I45: BUR. I | J45: BURACOS ISOLADOS | M45: ATÉ 5 BURACOS/KM
A46: REM. L | B46: REMENDOS AO LONGO | E46: MAIS DE 10 REMENDOS/KM | I46: BUR. L | J46: BURACOS AO LONGO | M46: MAIS DE 5 BURACOS/KM
E51: =IF(E7="X",(D7-C7),"0") -> 2 | F51: =IF(F7="X",(D7-C7),"0") -> 0 | G51: =IF(G7="X",(D7-C7),"0") -> 0 | H51: =IF(H7="X",(D7-C7),"0") -> 0 | I51: =IF(I7="X",(D7-C7),"0") -> 0 | J51: =IF(J7="X",(D7-C7),"0") -> 0 | K51: =IF(K7="X",(D7-C7),"0") -> 2 | L51: =IF(L7="X",(D7-C7),"0") -> 0 | M51: =IF(M7="X",(D7-C7),"0") -> 2 | N51: =IF(N7="X",(D7-C7),"0") -> 0 | O51: =IF(O7="X",(D7-C7),"0") -> 2 | P51: =IF(P7="X",(D7-C7),"0") -> 0 | Q51: =IF(Q7="X",(D7-C7),"0") -> 0 | R51: =IF(R7="X",(D7-C7),"0") -> 0 | S51: =IF(S7="X",(D7-C7),"0") -> 2 | T51: =IF(T7="X",(D7-C7),"0") -> 0
E52: =IF(E8="X",(D8-C8),"0") -> 2 | F52: =IF(F8="X",(D8-C8),"0") -> 0 | G52: =IF(G8="X",(D8-C8),"0") -> 0 | H52: =IF(H8="X",(D8-C8),"0") -> 0 | I52: =IF(I8="X",(D8-C8),"0") -> 0 | J52: =IF(J8="X",(D8-C8),"0") -> 0 | K52: =IF(K8="X",(D8-C8),"0") -> 2 | L52: =IF(L8="X",(D8-C8),"0") -> 0 | M52: =IF(M8="X",(D8-C8),"0") -> 2 | N52: =IF(N8="X",(D8-C8),"0") -> 0 | O52: =IF(O8="X",(D8-C8),"0") -> 2 | P52: =IF(P8="X",(D8-C8),"0") -> 0 | Q52: =IF(Q8="X",(D8-C8),"0") -> 0 | R52: =IF(R8="X",(D8-C8),"0") -> 0 | S52: =IF(S8="X",(D8-C8),"0") -> 2 | T52: =IF(T8="X",(D8-C8),"0") -> 0
E53: =IF(E9="X",(D9-C9),"0") -> 2 | F53: =IF(F9="X",(D9-C9),"0") -> 0 | G53: =IF(G9="X",(D9-C9),"0") -> 0 | H53: =IF(H9="X",(D9-C9),"0") -> 0 | I53: =IF(I9="X",(D9-C9),"0") -> 0 | J53: =IF(J9="X",(D9-C9),"0") -> 0 | K53: =IF(K9="X",(D9-C9),"0") -> 2 | L53: =IF(L9="X",(D9-C9),"0") -> 0 | M53: =IF(M9="X",(D9-C9),"0") -> 2 | N53: =IF(N9="X",(D9-C9),"0") -> 0 | O53: =IF(O9="X",(D9-C9),"0") -> 2 | P53: =IF(P9="X",(D9-C9),"0") -> 0 | Q53: =IF(Q9="X",(D9-C9),"0") -> 0 | R53: =IF(R9="X",(D9-C9),"0") -> 0 | S53: =IF(S9="X",(D9-C9),"0") -> 2 | T53: =IF(T9="X",(D9-C9),"0") -> 0
E54: =IF(E10="X",(D10-C10),"0") -> 2 | F54: =IF(F10="X",(D10-C10),"0") -> 0 | G54: =IF(G10="X",(D10-C10),"0") -> 0 | H54: =IF(H10="X",(D10-C10),"0") -> 0 | I54: =IF(I10="X",(D10-C10),"0") -> 0 | J54: =IF(J10="X",(D10-C10),"0") -> 0 | K54: =IF(K10="X",(D10-C10),"0") -> 2 | L54: =IF(L10="X",(D10-C10),"0") -> 0 | M54: =IF(M10="X",(D10-C10),"0") -> 2 | N54: =IF(N10="X",(D10-C10),"0") -> 0 | O54: =IF(O10="X",(D10-C10),"0") -> 2 | P54: =IF(P10="X",(D10-C10),"0") -> 0 | Q54: =IF(Q10="X",(D10-C10),"0") -> 0 | R54: =IF(R10="X",(D10-C10),"0") -> 0 | S54: =IF(S10="X",(D10-C10),"0") -> 2 | T54: =IF(T10="X",(D10-C10),"0") -> 0
E55: =IF(E11="X",(D11-C11),"0") -> 1.7 | F55: =IF(F11="X",(D11-C11),"0") -> 0 | G55: =IF(G11="X",(D11-C11),"0") -> 0 | H55: =IF(H11="X",(D11-C11),"0") -> 0 | I55: =IF(I11="X",(D11-C11),"0") -> 0 | J55: =IF(J11="X",(D11-C11),"0") -> 0 | K55: =IF(K11="X",(D11-C11),"0") -> 1.7 | L55: =IF(L11="X",(D11-C11),"0") -> 0 | M55: =IF(M11="X",(D11-C11),"0") -> 1.7 | N55: =IF(N11="X",(D11-C11),"0") -> 0 | O55: =IF(O11="X",(D11-C11),"0") -> 1.7 | P55: =IF(P11="X",(D11-C11),"0") -> 0 | Q55: =IF(Q11="X",(D11-C11),"0") -> 0 | R55: =IF(R11="X",(D11-C11),"0") -> 0 | S55: =IF(S11="X",(D11-C11),"0") -> 1.7 | T55: =IF(T11="X",(D11-C11),"0") -> 0
E56: =IF(E12="X",(D12-C12),"0") -> 2 | F56: =IF(F12="X",(D12-C12),"0") -> 0 | G56: =IF(G12="X",(D12-C12),"0") -> 0 | H56: =IF(H12="X",(D12-C12),"0") -> 2 | I56: =IF(I12="X",(D12-C12),"0") -> 0 | J56: =IF(J12="X",(D12-C12),"0") -> 0 | K56: =IF(K12="X",(D12-C12),"0") -> 2 | L56: =IF(L12="X",(D12-C12),"0") -> 0 | M56: =IF(M12="X",(D12-C12),"0") -> 2 | N56: =IF(N12="X",(D12-C12),"0") -> 0 | O56: =IF(O12="X",(D12-C12),"0") -> 2 | P56: =IF(P12="X",(D12-C12),"0") -> 0 | Q56: =IF(Q12="X",(D12-C12),"0") -> 0 | R56: =IF(R12="X",(D12-C12),"0") -> 0 | S56: =IF(S12="X",(D12-C12),"0") -> 2 | T56: =IF(T12="X",(D12-C12),"0") -> 0
E57: =IF(E13="X",(D13-C13),"0") -> 2 | F57: =IF(F13="X",(D13-C13),"0") -> 0 | G57: =IF(G13="X",(D13-C13),"0") -> 0 | H57: =IF(H13="X",(D13-C13),"0") -> 0 | I57: =IF(I13="X",(D13-C13),"0") -> 0 | J57: =IF(J13="X",(D13-C13),"0") -> 0 | K57: =IF(K13="X",(D13-C13),"0") -> 2 | L57: =IF(L13="X",(D13-C13),"0") -> 0 | M57: =IF(M13="X",(D13-C13),"0") -> 2 | N57: =IF(N13="X",(D13-C13),"0") -> 0 | O57: =IF(O13="X",(D13-C13),"0") -> 2 | P57: =IF(P13="X",(D13-C13),"0") -> 0 | Q57: =IF(Q13="X",(D13-C13),"0") -> 0 | R57: =IF(R13="X",(D13-C13),"0") -> 0 | S57: =IF(S13="X",(D13-C13),"0") -> 2 | T57: =IF(T13="X",(D13-C13),"0") -> 0
E58: =IF(E14="X",(D14-C14),"0") -> 2 | F58: =IF(F14="X",(D14-C14),"0") -> 0 | G58: =IF(G14="X",(D14-C14),"0") -> 0 | H58: =IF(H14="X",(D14-C14),"0") -> 0 | I58: =IF(I14="X",(D14-C14),"0") -> 0 | J58: =IF(J14="X",(D14-C14),"0") -> 0 | K58: =IF(K14="X",(D14-C14),"0") -> 2 | L58: =IF(L14="X",(D14-C14),"0") -> 0 | M58: =IF(M14="X",(D14-C14),"0") -> 2 | N58: =IF(N14="X",(D14-C14),"0") -> 0 | O58: =IF(O14="X",(D14-C14),"0") -> 2 | P58: =IF(P14="X",(D14-C14),"0") -> 0 | Q58: =IF(Q14="X",(D14-C14),"0") -> 0 | R58: =IF(R14="X",(D14-C14),"0") -> 0 | S58: =IF(S14="X",(D14-C14),"0") -> 2 | T58: =IF(T14="X",(D14-C14),"0") -> 0
E59: =IF(E27="X",(D27-C27),"0") -> 2 | F59: =IF(F27="X",(D27-C27),"0") -> 0 | G59: =IF(G27="X",(D27-C27),"0") -> 0 | H59: =IF(H27="X",(D27-C27),"0") -> 0 | I59: =IF(I27="X",(D27-C27),"0") -> 0 | J59: =IF(J27="X",(D27-C27),"0") -> 2 | K59: =IF(K27="X",(D27-C27),"0") -> 0 | L59: =IF(L27="X",(D27-C27),"0") -> 0 | M59: =IF(M27="X",(D27-C27),"0") -> 2 | N59: =IF(N27="X",(D27-C27),"0") -> 0 | O59: =IF(O27="X",(D27-C27),"0") -> 2 | P59: =IF(P27="X",(D27-C27),"0") -> 0 | Q59: =IF(Q27="X",(D27-C27),"0") -> 0 | R59: =IF(R27="X",(D27-C27),"0") -> 0 | S59: =IF(S27="X",(D27-C27),"0") -> 2 | T59: =IF(T27="X",(D27-C27),"0") -> 0
E60: =IF(E28="X",(D28-C28),"0") -> 2 | F60: =IF(F28="X",(D28-C28),"0") -> 0 | G60: =IF(G28="X",(D28-C28),"0") -> 0 | H60: =IF(H28="X",(D28-C28),"0") -> 0 | I60: =IF(I28="X",(D28-C28),"0") -> 0 | J60: =IF(J28="X",(D28-C28),"0") -> 2 | K60: =IF(K28="X",(D28-C28),"0") -> 0 | L60: =IF(L28="X",(D28-C28),"0") -> 0 | M60: =IF(M28="X",(D28-C28),"0") -> 2 | N60: =IF(N28="X",(D28-C28),"0") -> 0 | O60: =IF(O28="X",(D28-C28),"0") -> 2 | P60: =IF(P28="X",(D28-C28),"0") -> 0 | Q60: =IF(Q28="X",(D28-C28),"0") -> 0 | R60: =IF(R28="X",(D28-C28),"0") -> 0 | S60: =IF(S28="X",(D28-C28),"0") -> 2 | T60: =IF(T28="X",(D28-C28),"0") -> 0
E61: =IF(E29="X",(D29-C29),"0") -> 0 | F61: =IF(F29="X",(D29-C29),"0") -> 0 | G61: =IF(G29="X",(D29-C29),"0") -> 2 | H61: =IF(H29="X",(D29-C29),"0") -> 0 | I61: =IF(I29="X",(D29-C29),"0") -> 0 | J61: =IF(J29="X",(D29-C29),"0") -> 0 | K61: =IF(K29="X",(D29-C29),"0") -> 2 | L61: =IF(L29="X",(D29-C29),"0") -> 0 | M61: =IF(M29="X",(D29-C29),"0") -> 2 | N61: =IF(N29="X",(D29-C29),"0") -> 0 | O61: =IF(O29="X",(D29-C29),"0") -> 2 | P61: =IF(P29="X",(D29-C29),"0") -> 0 | Q61: =IF(Q29="X",(D29-C29),"0") -> 0 | R61: =IF(R29="X",(D29-C29),"0") -> 0 | S61: =IF(S29="X",(D29-C29),"0") -> 2 | T61: =IF(T29="X",(D29-C29),"0") -> 0
E62: =IF(E30="X",(D30-C30),"0") -> 0 | F62: =IF(F30="X",(D30-C30),"0") -> 0 | G62: =IF(G30="X",(D30-C30),"0") -> 0 | H62: =IF(H30="X",(D30-C30),"0") -> 0 | I62: =IF(I30="X",(D30-C30),"0") -> 0 | J62: =IF(J30="X",(D30-C30),"0") -> 0 | K62: =IF(K30="X",(D30-C30),"0") -> 0 | L62: =IF(L30="X",(D30-C30),"0") -> 0 | M62: =IF(M30="X",(D30-C30),"0") -> 0 | N62: =IF(N30="X",(D30-C30),"0") -> 0 | O62: =IF(O30="X",(D30-C30),"0") -> 0 | P62: =IF(P30="X",(D30-C30),"0") -> 0 | Q62: =IF(Q30="X",(D30-C30),"0") -> 0 | R62: =IF(R30="X",(D30-C30),"0") -> 0 | S62: =IF(S30="X",(D30-C30),"0") -> 0 | T62: =IF(T30="X",(D30-C30),"0") -> 0
E63: =IF(E31="X",(D31-C31),"0") -> 0 | F63: =IF(F31="X",(D31-C31),"0") -> 0 | G63: =IF(G31="X",(D31-C31),"0") -> 0 | H63: =IF(H31="X",(D31-C31),"0") -> 0 | I63: =IF(I31="X",(D31-C31),"0") -> 0 | J63: =IF(J31="X",(D31-C31),"0") -> 0 | K63: =IF(K31="X",(D31-C31),"0") -> 0 | L63: =IF(L31="X",(D31-C31),"0") -> 0 | M63: =IF(M31="X",(D31-C31),"0") -> 0 | N63: =IF(N31="X",(D31-C31),"0") -> 0 | O63: =IF(O31="X",(D31-C31),"0") -> 0 | P63: =IF(P31="X",(D31-C31),"0") -> 0 | Q63: =IF(Q31="X",(D31-C31),"0") -> 0 | R63: =IF(R31="X",(D31-C31),"0") -> 0 | S63: =IF(S31="X",(D31-C31),"0") -> 0 | T63: =IF(T31="X",(D31-C31),"0") -> 0
E64: =IF(E32="X",(D32-C32),"0") -> 0 | F64: =IF(F32="X",(D32-C32),"0") -> 0 | G64: =IF(G32="X",(D32-C32),"0") -> 0 | H64: =IF(H32="X",(D32-C32),"0") -> 0 | I64: =IF(I32="X",(D32-C32),"0") -> 0 | J64: =IF(J32="X",(D32-C32),"0") -> 0 | K64: =IF(K32="X",(D32-C32),"0") -> 0 | L64: =IF(L32="X",(D32-C32),"0") -> 0 | M64: =IF(M32="X",(D32-C32),"0") -> 0 | N64: =IF(N32="X",(D32-C32),"0") -> 0 | O64: =IF(O32="X",(D32-C32),"0") -> 0 | P64: =IF(P32="X",(D32-C32),"0") -> 0 | Q64: =IF(Q32="X",(D32-C32),"0") -> 0 | R64: =IF(R32="X",(D32-C32),"0") -> 0 | S64: =IF(S32="X",(D32-C32),"0") -> 0 | T64: =IF(T32="X",(D32-C32),"0") -> 0
E65: =IF(E33="X",(D33-C33),"0") -> 0 | F65: =IF(F33="X",(D33-C33),"0") -> 0 | G65: =IF(G33="X",(D33-C33),"0") -> 0 | H65: =IF(H33="X",(D33-C33),"0") -> 0 | I65: =IF(I33="X",(D33-C33),"0") -> 0 | J65: =IF(J33="X",(D33-C33),"0") -> 0 | K65: =IF(K33="X",(D33-C33),"0") -> 0 | L65: =IF(L33="X",(D33-C33),"0") -> 0 | M65: =IF(M33="X",(D33-C33),"0") -> 0 | N65: =IF(N33="X",(D33-C33),"0") -> 0 | O65: =IF(O33="X",(D33-C33),"0") -> 0 | P65: =IF(P33="X",(D33-C33),"0") -> 0 | Q65: =IF(Q33="X",(D33-C33),"0") -> 0 | R65: =IF(R33="X",(D33-C33),"0") -> 0 | S65: =IF(S33="X",(D33-C33),"0") -> 0 | T65: =IF(T33="X",(D33-C33),"0") -> 0
E66: =IF(E34="X",(D34-C34),"0") -> 0 | F66: =IF(F34="X",(D34-C34),"0") -> 0 | G66: =IF(G34="X",(D34-C34),"0") -> 0 | H66: =IF(H34="X",(D34-C34),"0") -> 0 | I66: =IF(I34="X",(D34-C34),"0") -> 0 | J66: =IF(J34="X",(D34-C34),"0") -> 0 | K66: =IF(K34="X",(D34-C34),"0") -> 0 | L66: =IF(L34="X",(D34-C34),"0") -> 0 | M66: =IF(M34="X",(D34-C34),"0") -> 0 | N66: =IF(N34="X",(D34-C34),"0") -> 0 | O66: =IF(O34="X",(D34-C34),"0") -> 0 | P66: =IF(P34="X",(D34-C34),"0") -> 0 | Q66: =IF(Q34="X",(D34-C34),"0") -> 0 | R66: =IF(R34="X",(D34-C34),"0") -> 0 | S66: =IF(S34="X",(D34-C34),"0") -> 0 | T66: =IF(T34="X",(D34-C34),"0") -> 0
E67: =IF(E35="X",(D35-C35),"0") -> 0 | F67: =IF(F35="X",(D35-C35),"0") -> 0 | G67: =IF(G35="X",(D35-C35),"0") -> 0 | H67: =IF(H35="X",(D35-C35),"0") -> 0 | I67: =IF(I35="X",(D35-C35),"0") -> 0 | J67: =IF(J35="X",(D35-C35),"0") -> 0 | K67: =IF(K35="X",(D35-C35),"0") -> 0 | L67: =IF(L35="X",(D35-C35),"0") -> 0 | M67: =IF(M35="X",(D35-C35),"0") -> 0 | N67: =IF(N35="X",(D35-C35),"0") -> 0 | O67: =IF(O35="X",(D35-C35),"0") -> 0 | P67: =IF(P35="X",(D35-C35),"0") -> 0 | Q67: =IF(Q35="X",(D35-C35),"0") -> 0 | R67: =IF(R35="X",(D35-C35),"0") -> 0 | S67: =IF(S35="X",(D35-C35),"0") -> 0 | T67: =IF(T35="X",(D35-C35),"0") -> 0
E68: =IF(E36="X",(D36-C36),"0") -> 0 | F68: =IF(F36="X",(D36-C36),"0") -> 0 | G68: =IF(G36="X",(D36-C36),"0") -> 0 | H68: =IF(H36="X",(D36-C36),"0") -> 0 | I68: =IF(I36="X",(D36-C36),"0") -> 0 | J68: =IF(J36="X",(D36-C36),"0") -> 0 | K68: =IF(K36="X",(D36-C36),"0") -> 0 | L68: =IF(L36="X",(D36-C36),"0") -> 0 | M68: =IF(M36="X",(D36-C36),"0") -> 0 | N68: =IF(N36="X",(D36-C36),"0") -> 0 | O68: =IF(O36="X",(D36-C36),"0") -> 0 | P68: =IF(P36="X",(D36-C36),"0") -> 0 | Q68: =IF(Q36="X",(D36-C36),"0") -> 0 | R68: =IF(R36="X",(D36-C36),"0") -> 0 | S68: =IF(S36="X",(D36-C36),"0") -> 0 | T68: =IF(T36="X",(D36-C36),"0") -> 0
E69: =IF(E37="X",(D37-C37),"0") -> 0 | F69: =IF(F37="X",(D37-C37),"0") -> 0 | G69: =IF(G37="X",(D37-C37),"0") -> 0 | H69: =IF(H37="X",(D37-C37),"0") -> 0 | I69: =IF(I37="X",(D37-C37),"0") -> 0 | J69: =IF(J37="X",(D37-C37),"0") -> 0 | K69: =IF(K37="X",(D37-C37),"0") -> 0 | L69: =IF(L37="X",(D37-C37),"0") -> 0 | M69: =IF(M37="X",(D37-C37),"0") -> 0 | N69: =IF(N37="X",(D37-C37),"0") -> 0 | O69: =IF(O37="X",(D37-C37),"0") -> 0 | P69: =IF(P37="X",(D37-C37),"0") -> 0 | Q69: =IF(Q37="X",(D37-C37),"0") -> 0 | R69: =IF(R37="X",(D37-C37),"0") -> 0 | S69: =IF(S37="X",(D37-C37),"0") -> 0 | T69: =IF(T37="X",(D37-C37),"0") -> 0
E70: =IF(E38="X",(D38-C38),"0") -> 0 | F70: =IF(F38="X",(D38-C38),"0") -> 0 | G70: =IF(G38="X",(D38-C38),"0") -> 0 | H70: =IF(H38="X",(D38-C38),"0") -> 0 | I70: =IF(I38="X",(D38-C38),"0") -> 0 | J70: =IF(J38="X",(D38-C38),"0") -> 0 | K70: =IF(K38="X",(D38-C38),"0") -> 0 | L70: =IF(L38="X",(D38-C38),"0") -> 0 | M70: =IF(M38="X",(D38-C38),"0") -> 0 | N70: =IF(N38="X",(D38-C38),"0") -> 0 | O70: =IF(O38="X",(D38-C38),"0") -> 0 | P70: =IF(P38="X",(D38-C38),"0") -> 0 | Q70: =IF(Q38="X",(D38-C38),"0") -> 0 | R70: =IF(R38="X",(D38-C38),"0") -> 0 | S70: =IF(S38="X",(D38-C38),"0") -> 0 | T70: =IF(T38="X",(D38-C38),"0") -> 0
... E139: =IF(E107="X",(D107-C107),"0") -> 0 | F139: =IF(F107="X",(D107-C107),"0") -> 0 | G139: =IF(G107="X",(D107-C107),"0") -> 0 | H139: =IF(H107="X",(D107-C107),"0") -> 0 | I139: =IF(I107="X",(D107-C107),"0") -> 0 | J139: =IF(J107="X",(D107-C107),"0") -> 0 | K139: =IF(K107="X",(D107-C107),"0") -> 0 | L139: =IF(L107="X",(D107-C107),"0") -> 0 | M139: =IF(M107="X",(D107-C107),"0") -> 0 | N139: =IF(N107="X",(D107-C107),"0") -> 0 | O139: =IF(O107="X",(D107-C107),"0") -> 0 | P139: =IF(P107="X",(D107-C107),"0") -> 0 | Q139: =IF(Q107="X",(D107-C107),"0") -> 0 | R139: =IF(R107="X",(D107-C107),"0") -> 0 | S139: =IF(S107="X",(D107-C107),"0") -> 0 | T139: =IF(T107="X",(D107-C107),"0") -> 0
E142: =SUM(E51:E139) -> 19.7 | F142: =SUM(F51:F139) -> 0 | G142: =SUM(G51:G139) -> 2 | H142: =SUM(H51:H139) -> 2 | I142: =SUM(I51:I139) -> 0 | J142: =SUM(J51:J139) -> 4 | K142: =SUM(K51:K139) -> 17.7 | L142: =SUM(L51:L139) -> 0 | ... T142: =SUM(T51:T139) -> 0

Sheet 4
A1: PROGRAMA DE MANUTENÇÃORODOVIÁRIA
D2: RODOVIAS PAVIMENTADAS | I2: DATA: | J2: ='1'!$J$2 -> 46174 | N2: TÉCNICO RESP. | O2: ='1'!$O$2 -> LABORATORISTA -Claudiomiro V.Lopes
A3: FICHA DE INSPEÇÃO: | B3: =TT!C7 -> RODOVIA TO-010 - TRECHO BURITI DO TOCANTINS (ENTR. TO-201) - SÃO SEBASTIÃO DO TOCANTINS
A5: S.R.E. | B5: SENTIDO | C5: INÍCIO (KM) | D5: FIM (KM) | E5: CONDIÇÃO DO PAVIMENTO | J5: VEGETAÇÃO | L5: ELEM. DE DRENAGEM | O5: SIN. HOR. | R5: SIN. VERTICAL | U5: OBSERV.
E6: BOM | F6: REM. I. | G6: REM. L | H6: BUR. I | I6: BUR. L | J6: ADEQ. | K6: INADED. | L6: LIMPOS | M6: SUJOS | N6: DAN. | O6: BOM | P6: REG. | Q6: INEXIST. | R6: BOM | S6: POUCAS | T6: INEXIST.
A7: 010ETO0690 | C7: 0 | D7: 2 | E7: X | J7: X | M7: X | O7: X | S7: X
A8: 010ETO0710 | C8: 0 | D8: 2 | F8: X | J8: X | M8: X | O8: X | S8: X
C9: 2 | D9: 4 | E9: X | J9: X | M9: X | O9: X | S9: X
C10: 2 | D10: 4 | F10: X | J10: X | M10: X | O10: X | S10: X
C11: 4 | D11: 4.7 | E11: X | J11: X | M11: X | O11: X | S11: X
C12: 4 | D12: 4.7 | E12: X | J12: X | M12: X | O12: X | S12: X
C13: 0 | D13: 1 | E13: X | K13: X | M13: X | Q13: X | T13: X
C14: 1 | D14: 2 | H14: X | K14: X | M14: X | N14: X | Q14: X | T14: X
C15: 2 | D15: 3 | H15: X | K15: X | M15: X | Q15: X | T15: X
C16: 3 | D16: 3.66 | E16: X | K16: X | M16: X | Q16: X | T16: X
A32: LEGENDA | B32: CONDIÇÃO DO PAVIMENTO
A33: REM. I | B33: REMENDOS ISOLADOS | E33: ATÉ 10 REMENDOS/KM | I33: BUR. I | J33: BURACOS ISOLADOS | M33: ATÉ 5 BURACOS/KM
A34: REM. L | B34: REMENDOS AO LONGO | E34: MAIS DE 10 REMENDOS/KM | I34: BUR. L | J34: BURACOS AO LONGO | M34: MAIS DE 5 BURACOS/KM
E39: =IF(E7="X",(D7-C7),"0") -> 2 | F39: =IF(F7="X",(D7-C7),"0") -> 0 | G39: =IF(G7="X",(D7-C7),"0") -> 0 | H39: =IF(H7="X",(D7-C7),"0") -> 0 | I39: =IF(I7="X",(D7-C7),"0") -> 0 | J39: =IF(J7="X",(D7-C7),"0") -> 2 | K39: =IF(K7="X",(D7-C7),"0") -> 0 | L39: =IF(L7="X",(D7-C7),"0") -> 0 | M39: =IF(M7="X",(D7-C7),"0") -> 2 | N39: =IF(N7="X",(D7-C7),"0") -> 0 | O39: =IF(O7="X",(D7-C7),"0") -> 2 | P39: =IF(P7="X",(D7-C7),"0") -> 0 | Q39: =IF(Q7="X",(D7-C7),"0") -> 0 | R39: =IF(R7="X",(D7-C7),"0") -> 0 | S39: =IF(S7="X",(D7-C7),"0") -> 2 | T39: =IF(T7="X",(D7-C7),"0") -> 0
E40: =IF(E8="X",(D8-C8),"0") -> 0 | F40: =IF(F8="X",(D8-C8),"0") -> 2 | G40: =IF(G8="X",(D8-C8),"0") -> 0 | H40: =IF(H8="X",(D8-C8),"0") -> 0 | I40: =IF(I8="X",(D8-C8),"0") -> 0 | J40: =IF(J8="X",(D8-C8),"0") -> 2 | K40: =IF(K8="X",(D8-C8),"0") -> 0 | L40: =IF(L8="X",(D8-C8),"0") -> 0 | M40: =IF(M8="X",(D8-C8),"0") -> 2 | N40: =IF(N8="X",(D8-C8),"0") -> 0 | O40: =IF(O8="X",(D8-C8),"0") -> 2 | P40: =IF(P8="X",(D8-C8),"0") -> 0 | Q40: =IF(Q8="X",(D8-C8),"0") -> 0 | R40: =IF(R8="X",(D8-C8),"0") -> 0 | S40: =IF(S8="X",(D8-C8),"0") -> 2 | T40: =IF(T8="X",(D8-C8),"0") -> 0
E41: =IF(E9="X",(D9-C9),"0") -> 2 | F41: =IF(F9="X",(D9-C9),"0") -> 0 | G41: =IF(G9="X",(D9-C9),"0") -> 0 | H41: =IF(H9="X",(D9-C9),"0") -> 0 | I41: =IF(I9="X",(D9-C9),"0") -> 0 | J41: =IF(J9="X",(D9-C9),"0") -> 2 | K41: =IF(K9="X",(D9-C9),"0") -> 0 | L41: =IF(L9="X",(D9-C9),"0") -> 0 | M41: =IF(M9="X",(D9-C9),"0") -> 2 | N41: =IF(N9="X",(D9-C9),"0") -> 0 | O41: =IF(O9="X",(D9-C9),"0") -> 2 | P41: =IF(P9="X",(D9-C9),"0") -> 0 | Q41: =IF(Q9="X",(D9-C9),"0") -> 0 | R41: =IF(R9="X",(D9-C9),"0") -> 0 | S41: =IF(S9="X",(D9-C9),"0") -> 2 | T41: =IF(T9="X",(D9-C9),"0") -> 0
E42: =IF(E10="X",(D10-C10),"0") -> 0 | F42: =IF(F10="X",(D10-C10),"0") -> 2 | G42: =IF(G10="X",(D10-C10),"0") -> 0 | H42: =IF(H10="X",(D10-C10),"0") -> 0 | I42: =IF(I10="X",(D10-C10),"0") -> 0 | J42: =IF(J10="X",(D10-C10),"0") -> 2 | K42: =IF(K10="X",(D10-C10),"0") -> 0 | L42: =IF(L10="X",(D10-C10),"0") -> 0 | M42: =IF(M10="X",(D10-C10),"0") -> 2 | N42: =IF(N10="X",(D10-C10),"0") -> 0 | O42: =IF(O10="X",(D10-C10),"0") -> 2 | P42: =IF(P10="X",(D10-C10),"0") -> 0 | Q42: =IF(Q10="X",(D10-C10),"0") -> 0 | R42: =IF(R10="X",(D10-C10),"0") -> 0 | S42: =IF(S10="X",(D10-C10),"0") -> 2 | T42: =IF(T10="X",(D10-C10),"0") -> 0
E43: =IF(E11="X",(D11-C11),"0") -> 0.7 | F43: =IF(F11="X",(D11-C11),"0") -> 0 | G43: =IF(G11="X",(D11-C11),"0") -> 0 | H43: =IF(H11="X",(D11-C11),"0") -> 0 | I43: =IF(I11="X",(D11-C11),"0") -> 0 | J43: =IF(J11="X",(D11-C11),"0") -> 0.7 | K43: =IF(K11="X",(D11-C11),"0") -> 0 | L43: =IF(L11="X",(D11-C11),"0") -> 0 | M43: =IF(M11="X",(D11-C11),"0") -> 0.7 | N43: =IF(N11="X",(D11-C11),"0") -> 0 | O43: =IF(O11="X",(D11-C11),"0") -> 0.7 | P43: =IF(P11="X",(D11-C11),"0") -> 0 | Q43: =IF(Q11="X",(D11-C11),"0") -> 0 | R43: =IF(R11="X",(D11-C11),"0") -> 0 | S43: =IF(S11="X",(D11-C11),"0") -> 0.7 | T43: =IF(T11="X",(D11-C11),"0") -> 0
E44: =IF(E12="X",(D12-C12),"0") -> 0.7 | F44: =IF(F12="X",(D12-C12),"0") -> 0 | G44: =IF(G12="X",(D12-C12),"0") -> 0 | H44: =IF(H12="X",(D12-C12),"0") -> 0 | I44: =IF(I12="X",(D12-C12),"0") -> 0 | J44: =IF(J12="X",(D12-C12),"0") -> 0.7 | K44: =IF(K12="X",(D12-C12),"0") -> 0 | L44: =IF(L12="X",(D12-C12),"0") -> 0 | M44: =IF(M12="X",(D12-C12),"0") -> 0.7 | N44: =IF(N12="X",(D12-C12),"0") -> 0 | O44: =IF(O12="X",(D12-C12),"0") -> 0.7 | P44: =IF(P12="X",(D12-C12),"0") -> 0 | Q44: =IF(Q12="X",(D12-C12),"0") -> 0 | R44: =IF(R12="X",(D12-C12),"0") -> 0 | S44: =IF(S12="X",(D12-C12),"0") -> 0.7 | T44: =IF(T12="X",(D12-C12),"0") -> 0
E45: =IF(E13="X",(D13-C13),"0") -> 1 | F45: =IF(F13="X",(D13-C13),"0") -> 0 | G45: =IF(G13="X",(D13-C13),"0") -> 0 | H45: =IF(H13="X",(D13-C13),"0") -> 0 | I45: =IF(I13="X",(D13-C13),"0") -> 0 | J45: =IF(J13="X",(D13-C13),"0") -> 0 | K45: =IF(K13="X",(D13-C13),"0") -> 1 | L45: =IF(L13="X",(D13-C13),"0") -> 0 | M45: =IF(M13="X",(D13-C13),"0") -> 1 | N45: =IF(N13="X",(D13-C13),"0") -> 0 | O45: =IF(O13="X",(D13-C13),"0") -> 0 | P45: =IF(P13="X",(D13-C13),"0") -> 0 | Q45: =IF(Q13="X",(D13-C13),"0") -> 1 | R45: =IF(R13="X",(D13-C13),"0") -> 0 | S45: =IF(S13="X",(D13-C13),"0") -> 0 | T45: =IF(T13="X",(D13-C13),"0") -> 1
E46: =IF(E14="X",(D14-C14),"0") -> 0 | F46: =IF(F14="X",(D14-C14),"0") -> 0 | G46: =IF(G14="X",(D14-C14),"0") -> 0 | H46: =IF(H14="X",(D14-C14),"0") -> 1 | I46: =IF(I14="X",(D14-C14),"0") -> 0 | J46: =IF(J14="X",(D14-C14),"0") -> 0 | K46: =IF(K14="X",(D14-C14),"0") -> 1 | L46: =IF(L14="X",(D14-C14),"0") -> 0 | M46: =IF(M14="X",(D14-C14),"0") -> 1 | N46: =IF(N14="X",(D14-C14),"0") -> 1 | O46: =IF(O14="X",(D14-C14),"0") -> 0 | P46: =IF(P14="X",(D14-C14),"0") -> 0 | Q46: =IF(Q14="X",(D14-C14),"0") -> 1 | R46: =IF(R14="X",(D14-C14),"0") -> 0 | S46: =IF(S14="X",(D14-C14),"0") -> 0 | T46: =IF(T14="X",(D14-C14),"0") -> 1
E47: =IF(E15="X",(D15-C15),"0") -> 0 | F47: =IF(F15="X",(D15-C15),"0") -> 0 | G47: =IF(G15="X",(D15-C15),"0") -> 0 | H47: =IF(H15="X",(D15-C15),"0") -> 1 | I47: =IF(I15="X",(D15-C15),"0") -> 0 | J47: =IF(J15="X",(D15-C15),"0") -> 0 | K47: =IF(K15="X",(D15-C15),"0") -> 1 | L47: =IF(L15="X",(D15-C15),"0") -> 0 | M47: =IF(M15="X",(D15-C15),"0") -> 1 | N47: =IF(N15="X",(D15-C15),"0") -> 0 | O47: =IF(O15="X",(D15-C15),"0") -> 0 | P47: =IF(P15="X",(D15-C15),"0") -> 0 | Q47: =IF(Q15="X",(D15-C15),"0") -> 1 | R47: =IF(R15="X",(D15-C15),"0") -> 0 | S47: =IF(S15="X",(D15-C15),"0") -> 0 | T47: =IF(T15="X",(D15-C15),"0") -> 1
E48: =IF(E16="X",(D16-C16),"0") -> 0.66 | F48: =IF(F16="X",(D16-C16),"0") -> 0 | G48: =IF(G16="X",(D16-C16),"0") -> 0 | H48: =IF(H16="X",(D16-C16),"0") -> 0 | I48: =IF(I16="X",(D16-C16),"0") -> 0 | J48: =IF(J16="X",(D16-C16),"0") -> 0 | K48: =IF(K16="X",(D16-C16),"0") -> 0.66 | L48: =IF(L16="X",(D16-C16),"0") -> 0 | M48: =IF(M16="X",(D16-C16),"0") -> 0.66 | N48: =IF(N16="X",(D16-C16),"0") -> 0 | O48: =IF(O16="X",(D16-C16),"0") -> 0 | P48: =IF(P16="X",(D16-C16),"0") -> 0 | Q48: =IF(Q16="X",(D16-C16),"0") -> 0.66 | R48: =IF(R16="X",(D16-C16),"0") -> 0 | S48: =IF(S16="X",(D16-C16),"0") -> 0 | T48: =IF(T16="X",(D16-C16),"0") -> 0.66
E49: =IF(E17="X",(D17-C17),"0") -> 0 | F49: =IF(F17="X",(D17-C17),"0") -> 0 | G49: =IF(G17="X",(D17-C17),"0") -> 0 | H49: =IF(H17="X",(D17-C17),"0") -> 0 | I49: =IF(I17="X",(D17-C17),"0") -> 0 | J49: =IF(J17="X",(D17-C17),"0") -> 0 | K49: =IF(K17="X",(D17-C17),"0") -> 0 | L49: =IF(L17="X",(D17-C17),"0") -> 0 | M49: =IF(M17="X",(D17-C17),"0") -> 0 | N49: =IF(N17="X",(D17-C17),"0") -> 0 | O49: =IF(O17="X",(D17-C17),"0") -> 0 | P49: =IF(P17="X",(D17-C17),"0") -> 0 | Q49: =IF(Q17="X",(D17-C17),"0") -> 0 | R49: =IF(R17="X",(D17-C17),"0") -> 0 | S49: =IF(S17="X",(D17-C17),"0") -> 0 | T49: =IF(T17="X",(D17-C17),"0") -> 0
E50: =IF(E18="X",(D18-C18),"0") -> 0 | F50: =IF(F18="X",(D18-C18),"0") -> 0 | G50: =IF(G18="X",(D18-C18),"0") -> 0 | H50: =IF(H18="X",(D18-C18),"0") -> 0 | I50: =IF(I18="X",(D18-C18),"0") -> 0 | J50: =IF(J18="X",(D18-C18),"0") -> 0 | K50: =IF(K18="X",(D18-C18),"0") -> 0 | L50: =IF(L18="X",(D18-C18),"0") -> 0 | M50: =IF(M18="X",(D18-C18),"0") -> 0 | N50: =IF(N18="X",(D18-C18),"0") -> 0 | O50: =IF(O18="X",(D18-C18),"0") -> 0 | P50: =IF(P18="X",(D18-C18),"0") -> 0 | Q50: =IF(Q18="X",(D18-C18),"0") -> 0 | R50: =IF(R18="X",(D18-C18),"0") -> 0 | S50: =IF(S18="X",(D18-C18),"0") -> 0 | T50: =IF(T18="X",(D18-C18),"0") -> 0
... E127: =IF(E95="X",(D95-C95),"0") -> 0 | F127: =IF(F95="X",(D95-C95),"0") -> 0 | G127: =IF(G95="X",(D95-C95),"0") -> 0 | H127: =IF(H95="X",(D95-C95),"0") -> 0 | I127: =IF(I95="X",(D95-C95),"0") -> 0 | J127: =IF(J95="X",(D95-C95),"0") -> 0 | K127: =IF(K95="X",(D95-C95),"0") -> 0 | L127: =IF(L95="X",(D95-C95),"0") -> 0 | M127: =IF(M95="X",(D95-C95),"0") -> 0 | N127: =IF(N95="X",(D95-C95),"0") -> 0 | O127: =IF(O95="X",(D95-C95),"0") -> 0 | P127: =IF(P95="X",(D95-C95),"0") -> 0 | Q127: =IF(Q95="X",(D95-C95),"0") -> 0 | R127: =IF(R95="X",(D95-C95),"0") -> 0 | S127: =IF(S95="X",(D95-C95),"0") -> 0 | T127: =IF(T95="X",(D95-C95),"0") -> 0
E130: =SUM(E39:E127) -> 7.06 | F130: =SUM(F39:F127) -> 4 | G130: =SUM(G39:G127) -> 0 | H130: =SUM(H39:H127) -> 2 | I130: =SUM(I39:I127) -> 0 | J130: =SUM(J39:J127) -> 9.4 | K130: =SUM(K39:K127) -> 3.66 | L130: =SUM(L39:L127) -> 0 | ... T130: =SUM(T39:T127) -> 3.66

Sheet 5
A1: PROGRAMA DE MANUTENÇÃORODOVIÁRIA
D2: RODOVIAS PAVIMENTADAS | I2: DATA: | J2: ='1'!$J$2 -> 46174 | N2: TÉCNICO RESP. | O2: ='1'!$O$2 -> LABORATORISTA -Claudiomiro V.Lopes
A3: FICHA DE INSPEÇÃO: | B3: =TT!C8 -> RODOVIA TO-126 - TRECHO BR-230 ENTRE (AGUIARNÓPOLIS) A TOCANTINOPOLIS
A5: S.R.E. | B5: SENTIDO | C5: INÍCIO (KM) | D5: FIM (KM) | E5: CONDIÇÃO DO PAVIMENTO | J5: VEGETAÇÃO | L5: ELEM. DE DRENAGEM | O5: SIN. HOR. | R5: SIN. VERTICAL | U5: OBSERV.
E6: BOM | F6: REM. I. | G6: REM. L | H6: BUR. I | I6: BUR. L | J6: ADEQ. | K6: INADED. | L6: LIMPOS | M6: SUJOS | N6: DAN. | O6: BOM | P6: REG. | Q6: INEXIST. | R6: BOM | S6: POUCAS | T6: INEXIST.
A7: ACESSO | C7: 0 | D7: 2 | G7: X | K7: X | M7: X | P7: X | S7: X
A8: 126ETO0151 | C8: 0 | D8: 2 | E8: X | K8: X | M8: X | P8: X | S8: X
A9: 126ETO0190 | C9: =D8 -> 2 | D9: 4 | E9: X | K9: X | M9: X | P9: X | S9: X
A10: 126ETO0200 | C10: =D8 -> 2 | D10: 4 | G10: X | K10: X | M10: X | P10: X | S10: X
C11: =D10 -> 4 | D11: 6 | E11: X | K11: X | M11: X | P11: X | S11: X
C12: =D11 -> 6 | D12: 8 | E12: X | K12: X | M12: X | P12: X | S12: X
C13: =D11 -> 6 | D13: 8 | G13: X | K13: X | M13: X | P13: X | S13: X
C14: =D12 -> 8 | D14: 10 | E14: X | K14: X | M14: X | P14: X | S14: X
C15: =D13 -> 8 | D15: 10 | G15: X | K15: X | M15: X | O15: X | S15: X
C16: =D14 -> 10 | D16: 12 | E16: X | K16: X | M16: X | O16: X | S16: X
C17: =D16 -> 12 | D17: 14 | E17: X | K17: X | M17: X | O17: X | S17: X
C18: =D17 -> 14 | D18: 16 | E18: X | K18: X | M18: X | O18: X | S18: X
C19: =D18 -> 16 | D19: 18 | E19: X | K19: X | M19: X | O19: X | S19: X
C20: =D18 -> 16 | D20: 18 | F20: X | K20: X | M20: X | O20: X | S20: X
C21: =D19 -> 18 | D21: 20 | E21: X | K21: X | M21: X | O21: X | S21: X
C22: =D21 -> 20 | D22: 22 | E22: X | K22: X | M22: X | O22: X | S22: X
C23: =D22 -> 22 | D23: 22.4 | E23: X | K23: X | M23: X | O23: X | S23: X
C24: =D23 -> 22.4 | D24: 22.4 | E24: X | K24: X | M24: X | S24: X
C25: =D24 -> 22.4 | D25: 19 | E25: X | K25: X | M25: X | P25: X | S25: X
C26: =D25 -> 19 | D26: 20 | F26: X | K26: X | M26: X | P26: X | S26: X
C27: =D26 -> 20 | D27: 21 | F27: X | K27: X | M27: X | P27: X | S27: X
C28: =D27 -> 21 | D28: 22 | G28: X | K28: X | M28: X | P28: X | S28: X
C29: =D28 -> 22 | D29: 22.49 | G29: X | K29: X | M29: X | P29: X | S29: X
C30: 0 | D30: 1 | F30: X | K30: X | L30: X | P30: X | T30: X
C31: =D30 -> 1 | D31: 2 | F31: X | K31: X | L31: X | P31: X | T31: X
C32: =D31 -> 2 | D32: 3 | E32: X | K32: X | L32: X | P32: X | T32: X
C33: =D32 -> 3 | D33: 3.23 | E33: X | K33: X | L33: X | P33: X | S33: X
C34: 0 | D34: 1 | E34: X | K34: X | L34: X | P34: X | S34: X
C35: =D34 -> 1 | D35: 1.86 | E35: X | K35: X | L35: X | P35: X | S35: X
C36: 0 | D36: 1 | E36: X | K36: X | L36: X | P36: X | S36: X
C37: =D36 -> 1 | D37: 2 | G37: X | K37: X | L37: X | P37: X | S37: X
C38: =D37 -> 2 | D38: 2.65 | E38: X | K38: X | L38: X | P38: X | S38: X
A50: LEGENDA | B50: CONDIÇÃO DO PAVIMENTO
A51: REM. I | B51: REMENDOS ISOLADOS | E51: ATÉ 10 REMENDOS/KM | I51: BUR. I | J51: BURACOS ISOLADOS | M51: ATÉ 5 BURACOS/KM
A52: REM. L | B52: REMENDOS AO LONGO | E52: MAIS DE 10 REMENDOS/KM | I52: BUR. L | J52: BURACOS AO LONGO | M52: MAIS DE 5 BURACOS/KM
E57: =IF(E7="X",(D7-C7),"0") -> 0 | F57: =IF(F7="X",(D7-C7),"0") -> 0 | G57: =IF(G7="X",(D7-C7),"0") -> 2 | H57: =IF(H7="X",(D7-C7),"0") -> 0 | I57: =IF(I7="X",(D7-C7),"0") -> 0 | J57: =IF(J7="X",(D7-C7),"0") -> 0 | K57: =IF(K7="X",(D7-C7),"0") -> 2 | L57: =IF(L7="X",(D7-C7),"0") -> 0 | M57: =IF(M7="X",(D7-C7),"0") -> 2 | N57: =IF(N7="X",(D7-C7),"0") -> 0 | O57: =IF(O7="X",(D7-C7),"0") -> 0 | P57: =IF(P7="X",(D7-C7),"0") -> 2 | Q57: =IF(Q7="X",(D7-C7),"0") -> 0 | R57: =IF(R7="X",(D7-C7),"0") -> 0 | S57: =IF(S7="X",(D7-C7),"0") -> 2 | T57: =IF(T7="X",(D7-C7),"0") -> 0
E58: =IF(E8="X",(D8-C8),"0") -> 2 | F58: =IF(F8="X",(D8-C8),"0") -> 0 | G58: =IF(G8="X",(D8-C8),"0") -> 0 | H58: =IF(H8="X",(D8-C8),"0") -> 0 | I58: =IF(I8="X",(D8-C8),"0") -> 0 | J58: =IF(J8="X",(D8-C8),"0") -> 0 | K58: =IF(K8="X",(D8-C8),"0") -> 2 | L58: =IF(L8="X",(D8-C8),"0") -> 0 | M58: =IF(M8="X",(D8-C8),"0") -> 2 | N58: =IF(N8="X",(D8-C8),"0") -> 0 | O58: =IF(O8="X",(D8-C8),"0") -> 0 | P58: =IF(P8="X",(D8-C8),"0") -> 2 | Q58: =IF(Q8="X",(D8-C8),"0") -> 0 | R58: =IF(R8="X",(D8-C8),"0") -> 0 | S58: =IF(S8="X",(D8-C8),"0") -> 2 | T58: =IF(T8="X",(D8-C8),"0") -> 0
E59: =IF(E9="X",(D9-C9),"0") -> 2 | F59: =IF(F9="X",(D9-C9),"0") -> 0 | G59: =IF(G9="X",(D9-C9),"0") -> 0 | H59: =IF(H9="X",(D9-C9),"0") -> 0 | I59: =IF(I9="X",(D9-C9),"0") -> 0 | J59: =IF(J9="X",(D9-C9),"0") -> 0 | K59: =IF(K9="X",(D9-C9),"0") -> 2 | L59: =IF(L9="X",(D9-C9),"0") -> 0 | M59: =IF(M9="X",(D9-C9),"0") -> 2 | N59: =IF(N9="X",(D9-C9),"0") -> 0 | O59: =IF(O9="X",(D9-C9),"0") -> 0 | P59: =IF(P9="X",(D9-C9),"0") -> 2 | Q59: =IF(Q9="X",(D9-C9),"0") -> 0 | R59: =IF(R9="X",(D9-C9),"0") -> 0 | S59: =IF(S9="X",(D9-C9),"0") -> 2 | T59: =IF(T9="X",(D9-C9),"0") -> 0
E60: =IF(E10="X",(D10-C10),"0") -> 0 | F60: =IF(F10="X",(D10-C10),"0") -> 0 | G60: =IF(G10="X",(D10-C10),"0") -> 2 | H60: =IF(H10="X",(D10-C10),"0") -> 0 | I60: =IF(I10="X",(D10-C10),"0") -> 0 | J60: =IF(J10="X",(D10-C10),"0") -> 0 | K60: =IF(K10="X",(D10-C10),"0") -> 2 | L60: =IF(L10="X",(D10-C10),"0") -> 0 | M60: =IF(M10="X",(D10-C10),"0") -> 2 | N60: =IF(N10="X",(D10-C10),"0") -> 0 | O60: =IF(O10="X",(D10-C10),"0") -> 0 | P60: =IF(P10="X",(D10-C10),"0") -> 2 | Q60: =IF(Q10="X",(D10-C10),"0") -> 0 | R60: =IF(R10="X",(D10-C10),"0") -> 0 | S60: =IF(S10="X",(D10-C10),"0") -> 2 | T60: =IF(T10="X",(D10-C10),"0") -> 0
E61: =IF(E11="X",(D11-C11),"0") -> 2 | F61: =IF(F11="X",(D11-C11),"0") -> 0 | G61: =IF(G11="X",(D11-C11),"0") -> 0 | H61: =IF(H11="X",(D11-C11),"0") -> 0 | I61: =IF(I11="X",(D11-C11),"0") -> 0 | J61: =IF(J11="X",(D11-C11),"0") -> 0 | K61: =IF(K11="X",(D11-C11),"0") -> 2 | L61: =IF(L11="X",(D11-C11),"0") -> 0 | M61: =IF(M11="X",(D11-C11),"0") -> 2 | N61: =IF(N11="X",(D11-C11),"0") -> 0 | O61: =IF(O11="X",(D11-C11),"0") -> 0 | P61: =IF(P11="X",(D11-C11),"0") -> 2 | Q61: =IF(Q11="X",(D11-C11),"0") -> 0 | R61: =IF(R11="X",(D11-C11),"0") -> 0 | S61: =IF(S11="X",(D11-C11),"0") -> 2 | T61: =IF(T11="X",(D11-C11),"0") -> 0
E62: =IF(E12="X",(D12-C12),"0") -> 2 | F62: =IF(F12="X",(D12-C12),"0") -> 0 | G62: =IF(G12="X",(D12-C12),"0") -> 0 | H62: =IF(H12="X",(D12-C12),"0") -> 0 | I62: =IF(I12="X",(D12-C12),"0") -> 0 | J62: =IF(J12="X",(D12-C12),"0") -> 0 | K62: =IF(K12="X",(D12-C12),"0") -> 2 | L62: =IF(L12="X",(D12-C12),"0") -> 0 | M62: =IF(M12="X",(D12-C12),"0") -> 2 | N62: =IF(N12="X",(D12-C12),"0") -> 0 | O62: =IF(O12="X",(D12-C12),"0") -> 0 | P62: =IF(P12="X",(D12-C12),"0") -> 2 | Q62: =IF(Q12="X",(D12-C12),"0") -> 0 | R62: =IF(R12="X",(D12-C12),"0") -> 0 | S62: =IF(S12="X",(D12-C12),"0") -> 2 | T62: =IF(T12="X",(D12-C12),"0") -> 0
E63: =IF(E13="X",(D13-C13),"0") -> 0 | F63: =IF(F13="X",(D13-C13),"0") -> 0 | G63: =IF(G13="X",(D13-C13),"0") -> 2 | H63: =IF(H13="X",(D13-C13),"0") -> 0 | I63: =IF(I13="X",(D13-C13),"0") -> 0 | J63: =IF(J13="X",(D13-C13),"0") -> 0 | K63: =IF(K13="X",(D13-C13),"0") -> 2 | L63: =IF(L13="X",(D13-C13),"0") -> 0 | M63: =IF(M13="X",(D13-C13),"0") -> 2 | N63: =IF(N13="X",(D13-C13),"0") -> 0 | O63: =IF(O13="X",(D13-C13),"0") -> 0 | P63: =IF(P13="X",(D13-C13),"0") -> 2 | Q63: =IF(Q13="X",(D13-C13),"0") -> 0 | R63: =IF(R13="X",(D13-C13),"0") -> 0 | S63: =IF(S13="X",(D13-C13),"0") -> 2 | T63: =IF(T13="X",(D13-C13),"0") -> 0
E64: =IF(E14="X",(D14-C14),"0") -> 2 | F64: =IF(F14="X",(D14-C14),"0") -> 0 | G64: =IF(G14="X",(D14-C14),"0") -> 0 | H64: =IF(H14="X",(D14-C14),"0") -> 0 | I64: =IF(I14="X",(D14-C14),"0") -> 0 | J64: =IF(J14="X",(D14-C14),"0") -> 0 | K64: =IF(K14="X",(D14-C14),"0") -> 2 | L64: =IF(L14="X",(D14-C14),"0") -> 0 | M64: =IF(M14="X",(D14-C14),"0") -> 2 | N64: =IF(N14="X",(D14-C14),"0") -> 0 | O64: =IF(O14="X",(D14-C14),"0") -> 0 | P64: =IF(P14="X",(D14-C14),"0") -> 2 | Q64: =IF(Q14="X",(D14-C14),"0") -> 0 | R64: =IF(R14="X",(D14-C14),"0") -> 0 | S64: =IF(S14="X",(D14-C14),"0") -> 2 | T64: =IF(T14="X",(D14-C14),"0") -> 0
E65: =IF(G15="X",(D15-C15),"0") -> 2 | F65: =IF(F15="X",(D15-C15),"0") -> 0 | G65: =IF(#REF!="X",(D15-C15),"0") -> #REF! | H65: =IF(H15="X",(D15-C15),"0") -> 0 | I65: =IF(I15="X",(D15-C15),"0") -> 0 | J65: =IF(J15="X",(D15-C15),"0") -> 0 | K65: =IF(K15="X",(D15-C15),"0") -> 2 | L65: =IF(L15="X",(D15-C15),"0") -> 0 | M65: =IF(M15="X",(D15-C15),"0") -> 2 | N65: =IF(N15="X",(D15-C15),"0") -> 0 | O65: =IF(O15="X",(D15-C15),"0") -> 2 | P65: =IF(P15="X",(D15-C15),"0") -> 0 | Q65: =IF(Q15="X",(D15-C15),"0") -> 0 | R65: =IF(R15="X",(D15-C15),"0") -> 0 | S65: =IF(S15="X",(D15-C15),"0") -> 2 | T65: =IF(T15="X",(D15-C15),"0") -> 0
E66: =IF(E16="X",(D16-C16),"0") -> 2 | F66: =IF(F16="X",(D16-C16),"0") -> 0 | G66: =IF(G16="X",(D16-C16),"0") -> 0 | H66: =IF(H16="X",(D16-C16),"0") -> 0 | I66: =IF(I16="X",(D16-C16),"0") -> 0 | J66: =IF(J16="X",(D16-C16),"0") -> 0 | K66: =IF(K16="X",(D16-C16),"0") -> 2 | L66: =IF(L16="X",(D16-C16),"0") -> 0 | M66: =IF(M16="X",(D16-C16),"0") -> 2 | N66: =IF(N16="X",(D16-C16),"0") -> 0 | O66: =IF(O16="X",(D16-C16),"0") -> 2 | P66: =IF(P16="X",(D16-C16),"0") -> 0 | Q66: =IF(Q16="X",(D16-C16),"0") -> 0 | R66: =IF(R16="X",(D16-C16),"0") -> 0 | S66: =IF(S16="X",(D16-C16),"0") -> 2 | T66: =IF(T16="X",(D16-C16),"0") -> 0
E67: =IF(E17="X",(D17-C17),"0") -> 2 | F67: =IF(F17="X",(D17-C17),"0") -> 0 | G67: =IF(G17="X",(D17-C17),"0") -> 0 | H67: =IF(H17="X",(D17-C17),"0") -> 0 | I67: =IF(I17="X",(D17-C17),"0") -> 0 | J67: =IF(J17="X",(D17-C17),"0") -> 0 | K67: =IF(K17="X",(D17-C17),"0") -> 2 | L67: =IF(L17="X",(D17-C17),"0") -> 0 | M67: =IF(M17="X",(D17-C17),"0") -> 2 | N67: =IF(N17="X",(D17-C17),"0") -> 0 | O67: =IF(O17="X",(D17-C17),"0") -> 2 | P67: =IF(P17="X",(D17-C17),"0") -> 0 | Q67: =IF(Q17="X",(D17-C17),"0") -> 0 | R67: =IF(R17="X",(D17-C17),"0") -> 0 | S67: =IF(S17="X",(D17-C17),"0") -> 2 | T67: =IF(T17="X",(D17-C17),"0") -> 0
E68: =IF(E18="X",(D18-C18),"0") -> 2 | F68: =IF(F18="X",(D18-C18),"0") -> 0 | G68: =IF(G18="X",(D18-C18),"0") -> 0 | H68: =IF(H18="X",(D18-C18),"0") -> 0 | I68: =IF(I18="X",(D18-C18),"0") -> 0 | J68: =IF(J18="X",(D18-C18),"0") -> 0 | K68: =IF(K18="X",(D18-C18),"0") -> 2 | L68: =IF(L18="X",(D18-C18),"0") -> 0 | M68: =IF(M18="X",(D18-C18),"0") -> 2 | N68: =IF(N18="X",(D18-C18),"0") -> 0 | O68: =IF(O18="X",(D18-C18),"0") -> 2 | P68: =IF(P18="X",(D18-C18),"0") -> 0 | Q68: =IF(Q18="X",(D18-C18),"0") -> 0 | R68: =IF(R18="X",(D18-C18),"0") -> 0 | S68: =IF(S18="X",(D18-C18),"0") -> 2 | T68: =IF(T18="X",(D18-C18),"0") -> 0
E69: =IF(E19="X",(D19-C19),"0") -> 2 | F69: =IF(F19="X",(D19-C19),"0") -> 0 | G69: =IF(G19="X",(D19-C19),"0") -> 0 | H69: =IF(H19="X",(D19-C19),"0") -> 0 | I69: =IF(I19="X",(D19-C19),"0") -> 0 | J69: =IF(J19="X",(D19-C19),"0") -> 0 | K69: =IF(K19="X",(D19-C19),"0") -> 2 | L69: =IF(L19="X",(D19-C19),"0") -> 0 | M69: =IF(M19="X",(D19-C19),"0") -> 2 | N69: =IF(N19="X",(D19-C19),"0") -> 0 | O69: =IF(O19="X",(D19-C19),"0") -> 2 | P69: =IF(P19="X",(D19-C19),"0") -> 0 | Q69: =IF(Q19="X",(D19-C19),"0") -> 0 | R69: =IF(R19="X",(D19-C19),"0") -> 0 | S69: =IF(S19="X",(D19-C19),"0") -> 2 | T69: =IF(T19="X",(D19-C19),"0") -> 0
E70: =IF(E20="X",(D20-C20),"0") -> 0 | F70: =IF(F20="X",(D20-C20),"0") -> 2 | G70: =IF(G20="X",(D20-C20),"0") -> 0 | H70: =IF(H20="X",(D20-C20),"0") -> 0 | I70: =IF(I20="X",(D20-C20),"0") -> 0 | J70: =IF(J20="X",(D20-C20),"0") -> 0 | K70: =IF(K20="X",(D20-C20),"0") -> 2 | L70: =IF(L20="X",(D20-C20),"0") -> 0 | M70: =IF(M20="X",(D20-C20),"0") -> 2 | N70: =IF(N20="X",(D20-C20),"0") -> 0 | O70: =IF(O20="X",(D20-C20),"0") -> 2 | P70: =IF(P20="X",(D20-C20),"0") -> 0 | Q70: =IF(Q20="X",(D20-C20),"0") -> 0 | R70: =IF(R20="X",(D20-C20),"0") -> 0 | S70: =IF(S20="X",(D20-C20),"0") -> 2 | T70: =IF(T20="X",(D20-C20),"0") -> 0
E71: =IF(E21="X",(D21-C21),"0") -> 2 | F71: =IF(F21="X",(D21-C21),"0") -> 0 | G71: =IF(G21="X",(D21-C21),"0") -> 0 | H71: =IF(H21="X",(D21-C21),"0") -> 0 | I71: =IF(I21="X",(D21-C21),"0") -> 0 | J71: =IF(J21="X",(D21-C21),"0") -> 0 | K71: =IF(K21="X",(D21-C21),"0") -> 2 | L71: =IF(L21="X",(D21-C21),"0") -> 0 | M71: =IF(M21="X",(D21-C21),"0") -> 2 | N71: =IF(N21="X",(D21-C21),"0") -> 0 | O71: =IF(O21="X",(D21-C21),"0") -> 2 | P71: =IF(P21="X",(D21-C21),"0") -> 0 | Q71: =IF(Q21="X",(D21-C21),"0") -> 0 | R71: =IF(R21="X",(D21-C21),"0") -> 0 | S71: =IF(S21="X",(D21-C21),"0") -> 2 | T71: =IF(T21="X",(D21-C21),"0") -> 0
E72: =IF(E22="X",(D22-C22),"0") -> 2 | F72: =IF(F22="X",(D22-C22),"0") -> 0 | G72: =IF(G22="X",(D22-C22),"0") -> 0 | H72: =IF(H22="X",(D22-C22),"0") -> 0 | I72: =IF(I22="X",(D22-C22),"0") -> 0 | J72: =IF(J22="X",(D22-C22),"0") -> 0 | K72: =IF(K22="X",(D22-C22),"0") -> 2 | L72: =IF(L22="X",(D22-C22),"0") -> 0 | M72: =IF(M22="X",(D22-C22),"0") -> 2 | N72: =IF(N22="X",(D22-C22),"0") -> 0 | O72: =IF(O22="X",(D22-C22),"0") -> 2 | P72: =IF(P22="X",(D22-C22),"0") -> 0 | Q72: =IF(Q22="X",(D22-C22),"0") -> 0 | R72: =IF(R22="X",(D22-C22),"0") -> 0 | S72: =IF(S22="X",(D22-C22),"0") -> 2 | T72: =IF(T22="X",(D22-C22),"0") -> 0
E73: =IF(E23="X",(D23-C23),"0") -> 0.4 | F73: =IF(F23="X",(D23-C23),"0") -> 0 | G73: =IF(G23="X",(D23-C23),"0") -> 0 | H73: =IF(H23="X",(D23-C23),"0") -> 0 | I73: =IF(I23="X",(D23-C23),"0") -> 0 | J73: =IF(J23="X",(D23-C23),"0") -> 0 | K73: =IF(K23="X",(D23-C23),"0") -> 0.4 | L73: =IF(L23="X",(D23-C23),"0") -> 0 | M73: =IF(M23="X",(D23-C23),"0") -> 0.4 | N73: =IF(N23="X",(D23-C23),"0") -> 0 | O73: =IF(O23="X",(D23-C23),"0") -> 0.4 | P73: =IF(P23="X",(D23-C23),"0") -> 0 | Q73: =IF(Q23="X",(D23-C23),"0") -> 0 | R73: =IF(R23="X",(D23-C23),"0") -> 0 | S73: =IF(S23="X",(D23-C23),"0") -> 0.4 | T73: =IF(T23="X",(D23-C23),"0") -> 0
E74: =IF(E24="X",(D24-C24),"0") -> 0 | F74: =IF(F24="X",(D24-C24),"0") -> 0 | G74: =IF(G24="X",(D24-C24),"0") -> 0 | H74: =IF(H24="X",(D24-C24),"0") -> 0 | I74: =IF(I24="X",(D24-C24),"0") -> 0 | J74: =IF(J24="X",(D24-C24),"0") -> 0 | K74: =IF(K24="X",(D24-C24),"0") -> 0 | L74: =IF(L24="X",(D24-C24),"0") -> 0 | M74: =IF(M24="X",(D24-C24),"0") -> 0 | N74: =IF(N24="X",(D24-C24),"0") -> 0 | O74: =IF(O24="X",(D24-C24),"0") -> 0 | P74: =IF(P24="X",(D24-C24),"0") -> 0 | Q74: =IF(Q24="X",(D24-C24),"0") -> 0 | R74: =IF(R24="X",(D24-C24),"0") -> 0 | S74: =IF(S24="X",(D24-C24),"0") -> 0 | T74: =IF(T24="X",(D24-C24),"0") -> 0
E75: =IF(E25="X",(D25-C25),"0") -> -3.4 | F75: =IF(F25="X",(D25-C25),"0") -> 0 | G75: =IF(G25="X",(D25-C25),"0") -> 0 | H75: =IF(H25="X",(D25-C25),"0") -> 0 | I75: =IF(I25="X",(D25-C25),"0") -> 0 | J75: =IF(J25="X",(D25-C25),"0") -> 0 | K75: =IF(K25="X",(D25-C25),"0") -> -3.4 | L75: =IF(L25="X",(D25-C25),"0") -> 0 | M75: =IF(M25="X",(D25-C25),"0") -> -3.4 | N75: =IF(N25="X",(D25-C25),"0") -> 0 | O75: =IF(O25="X",(D25-C25),"0") -> 0 | P75: =IF(P25="X",(D25-C25),"0") -> -3.4 | Q75: =IF(Q25="X",(D25-C25),"0") -> 0 | R75: =IF(R25="X",(D25-C25),"0") -> 0 | S75: =IF(S25="X",(D25-C25),"0") -> -3.4 | T75: =IF(T25="X",(D25-C25),"0") -> 0
E76: =IF(E26="X",(D26-C26),"0") -> 0 | F76: =IF(F26="X",(D26-C26),"0") -> 1 | G76: =IF(G26="X",(D26-C26),"0") -> 0 | H76: =IF(H26="X",(D26-C26),"0") -> 0 | I76: =IF(I26="X",(D26-C26),"0") -> 0 | J76: =IF(J26="X",(D26-C26),"0") -> 0 | K76: =IF(K26="X",(D26-C26),"0") -> 1 | L76: =IF(L26="X",(D26-C26),"0") -> 0 | M76: =IF(M26="X",(D26-C26),"0") -> 1 | N76: =IF(N26="X",(D26-C26),"0") -> 0 | O76: =IF(O26="X",(D26-C26),"0") -> 0 | P76: =IF(P26="X",(D26-C26),"0") -> 1 | Q76: =IF(Q26="X",(D26-C26),"0") -> 0 | R76: =IF(R26="X",(D26-C26),"0") -> 0 | S76: =IF(S26="X",(D26-C26),"0") -> 1 | T76: =IF(T26="X",(D26-C26),"0") -> 0
E77: =IF(E27="X",(D27-C27),"0") -> 0 | F77: =IF(F27="X",(D27-C27),"0") -> 1 | G77: =IF(G27="X",(D27-C27),"0") -> 0 | H77: =IF(H27="X",(D27-C27),"0") -> 0 | I77: =IF(I27="X",(D27-C27),"0") -> 0 | J77: =IF(J27="X",(D27-C27),"0") -> 0 | K77: =IF(K27="X",(D27-C27),"0") -> 1 | L77: =IF(L27="X",(D27-C27),"0") -> 0 | M77: =IF(M27="X",(D27-C27),"0") -> 1 | N77: =IF(N27="X",(D27-C27),"0") -> 0 | O77: =IF(O27="X",(D27-C27),"0") -> 0 | P77: =IF(P27="X",(D27-C27),"0") -> 1 | Q77: =IF(Q27="X",(D27-C27),"0") -> 0 | R77: =IF(R27="X",(D27-C27),"0") -> 0 | S77: =IF(S27="X",(D27-C27),"0") -> 1 | T77: =IF(T27="X",(D27-C27),"0") -> 0
... E107: =IF(E57="X",(D57-C57),"0") -> 0 | F107: =IF(F57="X",(D57-C57),"0") -> 0 | G107: =IF(G57="X",(D57-C57),"0") -> 0 | H107: =IF(H57="X",(D57-C57),"0") -> 0 | I107: =IF(I57="X",(D57-C57),"0") -> 0 | J107: =IF(J57="X",(D57-C57),"0") -> 0 | K107: =IF(K57="X",(D57-C57),"0") -> 0 | L107: =IF(L57="X",(D57-C57),"0") -> 0 | M107: =IF(M57="X",(D57-C57),"0") -> 0 | N107: =IF(N57="X",(D57-C57),"0") -> 0 | O107: =IF(O57="X",(D57-C57),"0") -> 0 | P107: =IF(P57="X",(D57-C57),"0") -> 0 | Q107: =IF(Q57="X",(D57-C57),"0") -> 0 | R107: =IF(R57="X",(D57-C57),"0") -> 0 | S107: =IF(S57="X",(D57-C57),"0") -> 0 | T107: =IF(T57="X",(D57-C57),"0") -> 0
E110: =SUM(E57:E107) -> 25.74 | F110: =SUM(F57:F107) -> 6 | G110: =SUM(G57:G107) -> #REF! | H110: =SUM(H57:H107) -> 0 | I110: =SUM(I57:I107) -> 0 | J110: =SUM(J57:J107) -> 0 | K110: =SUM(K57:K107) -> 40.23 | L110: =SUM(L57:L107) -> 7.74 | ... T110: =SUM(T57:T107) -> 3

Sheet 6
A1: PROGRAMA DE MANUTENÇÃORODOVIÁRIA
D2: RODOVIAS PAVIMENTADAS | I2: DATA: | J2: ='1'!$J$2 -> 46174 | N2: TÉCNICO RESP. | O2: ='1'!$O$2 -> LABORATORISTA -Claudiomiro V.Lopes
A3: FICHA DE INSPEÇÃO: | B3: =TT!C9 -> RODOVIA TO-126 - TRECHO MAURILÂNDIA - TOCANTINÓPOLIS
A5: S.R.E. | B5: SENTIDO | C5: INÍCIO (KM) | D5: FIM (KM) | E5: CONDIÇÃO DO PAVIMENTO | J5: VEGETAÇÃO | L5: ELEM. DE DRENAGEM | O5: SIN. HOR. | R5: SIN. VERTICAL | U5: OBSERV.
E6: BOM | F6: REM. I. | G6: REM. L | H6: BUR. I | I6: BUR. L | J6: ADEQ. | K6: INADED. | L6: LIMPOS | M6: SUJOS | N6: DAN. | O6: BOM | P6: REG. | Q6: INEXIST. | R6: BOM | S6: POUCAS | T6: INEXIST.
A7: 126ETO0140 | B7: C | C7: =D6 -> 0 | D7: 1 | E7: X | J7: X | M7: x | O7: X | R7: X
C8: =D7 -> 1 | D8: 2 | F8: X | J8: X | M8: x | O8: X | R8: X
C9: =D8 -> 2 | D9: 3 | F9: X | J9: X | M9: x | O9: X | R9: X
C10: =D9 -> 3 | D10: 4 | E10: X | J10: X | M10: x | O10: X | R10: X
C11: =D10 -> 4 | D11: 5 | E11: X | J11: X | M11: x | O11: X | R11: X
C12: =D11 -> 5 | D12: 5.53 | E12: X | J12: X | M12: x | P12: X | R12: X
A13: 126ETO0150 | B13: C | C13: 0 | D13: 1 | E13: X | F13: X | J13: X | M13: x | O13: X | R13: X
C14: =D13 -> 1 | D14: 2 | E14: X | J14: X | M14: x | O14: X | R14: X
C15: =D14 -> 2 | D15: 2.98 | E15: X | J15: X | M15: x | O15: X | R15: X
A32: LEGENDA | B32: CONDIÇÃO DO PAVIMENTO
A33: REM. I | B33: REMENDOS ISOLADOS | E33: ATÉ 10 REMENDOS/KM | I33: BUR. I | J33: BURACOS ISOLADOS | M33: ATÉ 5 BURACOS/KM
A34: REM. L | B34: REMENDOS AO LONGO | E34: MAIS DE 10 REMENDOS/KM | I34: BUR. L | J34: BURACOS AO LONGO | M34: MAIS DE 5 BURACOS/KM
E39: =IF(E7="X",(D7-C7),"0") -> 1 | F39: =IF(F7="X",(D7-C7),"0") -> 0 | G39: =IF(G7="X",(D7-C7),"0") -> 0 | H39: =IF(H7="X",(D7-C7),"0") -> 0 | I39: =IF(I7="X",(D7-C7),"0") -> 0 | J39: =IF(J7="X",(D7-C7),"0") -> 1 | K39: =IF(K7="X",(D7-C7),"0") -> 0 | L39: =IF(L7="X",(D7-C7),"0") -> 0 | M39: =IF(M7="X",(D7-C7),"0") -> 1 | N39: =IF(N7="X",(D7-C7),"0") -> 0 | O39: =IF(O7="X",(D7-C7),"0") -> 1 | P39: =IF(P7="X",(D7-C7),"0") -> 0 | Q39: =IF(Q7="X",(D7-C7),"0") -> 0 | R39: =IF(R7="X",(D7-C7),"0") -> 1 | S39: =IF(S7="X",(D7-C7),"0") -> 0 | T39: =IF(T7="X",(D7-C7),"0") -> 0
E40: =IF(E8="X",(D8-C8),"0") -> 0 | F40: =IF(F8="X",(D8-C8),"0") -> 1 | G40: =IF(G8="X",(D8-C8),"0") -> 0 | H40: =IF(H8="X",(D8-C8),"0") -> 0 | I40: =IF(I8="X",(D8-C8),"0") -> 0 | J40: =IF(J8="X",(D8-C8),"0") -> 1 | K40: =IF(K8="X",(D8-C8),"0") -> 0 | L40: =IF(L8="X",(D8-C8),"0") -> 0 | M40: =IF(M8="X",(D8-C8),"0") -> 1 | N40: =IF(N8="X",(D8-C8),"0") -> 0 | O40: =IF(O8="X",(D8-C8),"0") -> 1 | P40: =IF(P8="X",(D8-C8),"0") -> 0 | Q40: =IF(Q8="X",(D8-C8),"0") -> 0 | R40: =IF(R8="X",(D8-C8),"0") -> 1 | S40: =IF(S8="X",(D8-C8),"0") -> 0 | T40: =IF(T8="X",(D8-C8),"0") -> 0
E41: =IF(E9="X",(D9-C9),"0") -> 0 | F41: =IF(F9="X",(D9-C9),"0") -> 1 | G41: =IF(G9="X",(D9-C9),"0") -> 0 | H41: =IF(H9="X",(D9-C9),"0") -> 0 | I41: =IF(I9="X",(D9-C9),"0") -> 0 | J41: =IF(J9="X",(D9-C9),"0") -> 1 | K41: =IF(K9="X",(D9-C9),"0") -> 0 | L41: =IF(L9="X",(D9-C9),"0") -> 0 | M41: =IF(M9="X",(D9-C9),"0") -> 1 | N41: =IF(N9="X",(D9-C9),"0") -> 0 | O41: =IF(O9="X",(D9-C9),"0") -> 1 | P41: =IF(P9="X",(D9-C9),"0") -> 0 | Q41: =IF(Q9="X",(D9-C9),"0") -> 0 | R41: =IF(R9="X",(D9-C9),"0") -> 1 | S41: =IF(S9="X",(D9-C9),"0") -> 0 | T41: =IF(T9="X",(D9-C9),"0") -> 0
E42: =IF(E10="X",(D10-C10),"0") -> 1 | F42: =IF(F10="X",(D10-C10),"0") -> 0 | G42: =IF(G10="X",(D10-C10),"0") -> 0 | H42: =IF(H10="X",(D10-C10),"0") -> 0 | I42: =IF(I10="X",(D10-C10),"0") -> 0 | J42: =IF(J10="X",(D10-C10),"0") -> 1 | K42: =IF(K10="X",(D10-C10),"0") -> 0 | L42: =IF(L10="X",(D10-C10),"0") -> 0 | M42: =IF(M10="X",(D10-C10),"0") -> 1 | N42: =IF(N10="X",(D10-C10),"0") -> 0 | O42: =IF(O10="X",(D10-C10),"0") -> 1 | P42: =IF(P10="X",(D10-C10),"0") -> 0 | Q42: =IF(Q10="X",(D10-C10),"0") -> 0 | R42: =IF(R10="X",(D10-C10),"0") -> 1 | S42: =IF(S10="X",(D10-C10),"0") -> 0 | T42: =IF(T10="X",(D10-C10),"0") -> 0
E43: =IF(E11="X",(D11-C11),"0") -> 1 | F43: =IF(F11="X",(D11-C11),"0") -> 0 | G43: =IF(G11="X",(D11-C11),"0") -> 0 | H43: =IF(H11="X",(D11-C11),"0") -> 0 | I43: =IF(I11="X",(D11-C11),"0") -> 0 | J43: =IF(J11="X",(D11-C11),"0") -> 1 | K43: =IF(K11="X",(D11-C11),"0") -> 0 | L43: =IF(L11="X",(D11-C11),"0") -> 0 | M43: =IF(M11="X",(D11-C11),"0") -> 1 | N43: =IF(N11="X",(D11-C11),"0") -> 0 | O43: =IF(O11="X",(D11-C11),"0") -> 1 | P43: =IF(P11="X",(D11-C11),"0") -> 0 | Q43: =IF(Q11="X",(D11-C11),"0") -> 0 | R43: =IF(R11="X",(D11-C11),"0") -> 1 | S43: =IF(S11="X",(D11-C11),"0") -> 0 | T43: =IF(T11="X",(D11-C11),"0") -> 0
E44: =IF(E12="X",(D12-C12),"0") -> 0.53 | F44: =IF(F12="X",(D12-C12),"0") -> 0 | G44: =IF(G12="X",(D12-C12),"0") -> 0 | H44: =IF(H12="X",(D12-C12),"0") -> 0 | I44: =IF(I12="X",(D12-C12),"0") -> 0 | J44: =IF(J12="X",(D12-C12),"0") -> 0.53 | K44: =IF(K12="X",(D12-C12),"0") -> 0 | L44: =IF(L12="X",(D12-C12),"0") -> 0 | M44: =IF(M12="X",(D12-C12),"0") -> 0.53 | N44: =IF(N12="X",(D12-C12),"0") -> 0 | O44: =IF(O12="X",(D12-C12),"0") -> 0 | P44: =IF(P12="X",(D12-C12),"0") -> 0.53 | Q44: =IF(Q12="X",(D12-C12),"0") -> 0 | R44: =IF(R12="X",(D12-C12),"0") -> 0.53 | S44: =IF(S12="X",(D12-C12),"0") -> 0 | T44: =IF(T12="X",(D12-C12),"0") -> 0
E45: =IF(E13="X",(D13-C13),"0") -> 1 | F45: =IF(F13="X",(D13-C13),"0") -> 1 | G45: =IF(G13="X",(D13-C13),"0") -> 0 | H45: =IF(H13="X",(D13-C13),"0") -> 0 | I45: =IF(I13="X",(D13-C13),"0") -> 0 | J45: =IF(J13="X",(D13-C13),"0") -> 1 | K45: =IF(K13="X",(D13-C13),"0") -> 0 | L45: =IF(L13="X",(D13-C13),"0") -> 0 | M45: =IF(M13="X",(D13-C13),"0") -> 1 | N45: =IF(N13="X",(D13-C13),"0") -> 0 | O45: =IF(O13="X",(D13-C13),"0") -> 1 | P45: =IF(P13="X",(D13-C13),"0") -> 0 | Q45: =IF(Q13="X",(D13-C13),"0") -> 0 | R45: =IF(R13="X",(D13-C13),"0") -> 1 | S45: =IF(S13="X",(D13-C13),"0") -> 0 | T45: =IF(T13="X",(D13-C13),"0") -> 0
E46: =IF(E14="X",(D14-C14),"0") -> 1 | F46: =IF(F14="X",(D14-C14),"0") -> 0 | G46: =IF(G14="X",(D14-C14),"0") -> 0 | H46: =IF(H14="X",(D14-C14),"0") -> 0 | I46: =IF(I14="X",(D14-C14),"0") -> 0 | J46: =IF(J14="X",(D14-C14),"0") -> 1 | K46: =IF(K14="X",(D14-C14),"0") -> 0 | L46: =IF(L14="X",(D14-C14),"0") -> 0 | M46: =IF(M14="X",(D14-C14),"0") -> 1 | N46: =IF(N14="X",(D14-C14),"0") -> 0 | O46: =IF(O14="X",(D14-C14),"0") -> 1 | P46: =IF(P14="X",(D14-C14),"0") -> 0 | Q46: =IF(Q14="X",(D14-C14),"0") -> 0 | R46: =IF(R14="X",(D14-C14),"0") -> 1 | S46: =IF(S14="X",(D14-C14),"0") -> 0 | T46: =IF(T14="X",(D14-C14),"0") -> 0
E47: =IF(E15="X",(D15-C15),"0") -> 0.98 | F47: =IF(F15="X",(D15-C15),"0") -> 0 | G47: =IF(G15="X",(D15-C15),"0") -> 0 | H47: =IF(H15="X",(D15-C15),"0") -> 0 | I47: =IF(I15="X",(D15-C15),"0") -> 0 | J47: =IF(J15="X",(D15-C15),"0") -> 0.98 | K47: =IF(K15="X",(D15-C15),"0") -> 0 | L47: =IF(L15="X",(D15-C15),"0") -> 0 | M47: =IF(M15="X",(D15-C15),"0") -> 0.98 | N47: =IF(N15="X",(D15-C15),"0") -> 0 | O47: =IF(O15="X",(D15-C15),"0") -> 0.98 | P47: =IF(P15="X",(D15-C15),"0") -> 0 | Q47: =IF(Q15="X",(D15-C15),"0") -> 0 | R47: =IF(R15="X",(D15-C15),"0") -> 0.98 | S47: =IF(S15="X",(D15-C15),"0") -> 0 | T47: =IF(T15="X",(D15-C15),"0") -> 0
E48: =IF(E16="X",(D16-C16),"0") -> 0 | F48: =IF(F16="X",(D16-C16),"0") -> 0 | G48: =IF(G16="X",(D16-C16),"0") -> 0 | H48: =IF(H16="X",(D16-C16),"0") -> 0 | I48: =IF(I16="X",(D16-C16),"0") -> 0 | J48: =IF(J16="X",(D16-C16),"0") -> 0 | K48: =IF(K16="X",(D16-C16),"0") -> 0 | L48: =IF(L16="X",(D16-C16),"0") -> 0 | M48: =IF(M16="X",(D16-C16),"0") -> 0 | N48: =IF(N16="X",(D16-C16),"0") -> 0 | O48: =IF(O16="X",(D16-C16),"0") -> 0 | P48: =IF(P16="X",(D16-C16),"0") -> 0 | Q48: =IF(Q16="X",(D16-C16),"0") -> 0 | R48: =IF(R16="X",(D16-C16),"0") -> 0 | S48: =IF(S16="X",(D16-C16),"0") -> 0 | T48: =IF(T16="X",(D16-C16),"0") -> 0
E49: =IF(E17="X",(D17-C17),"0") -> 0 | F49: =IF(F17="X",(D17-C17),"0") -> 0 | G49: =IF(G17="X",(D17-C17),"0") -> 0 | H49: =IF(H17="X",(D17-C17),"0") -> 0 | I49: =IF(I17="X",(D17-C17),"0") -> 0 | J49: =IF(J17="X",(D17-C17),"0") -> 0 | K49: =IF(K17="X",(D17-C17),"0") -> 0 | L49: =IF(L17="X",(D17-C17),"0") -> 0 | M49: =IF(M17="X",(D17-C17),"0") -> 0 | N49: =IF(N17="X",(D17-C17),"0") -> 0 | O49: =IF(O17="X",(D17-C17),"0") -> 0 | P49: =IF(P17="X",(D17-C17),"0") -> 0 | Q49: =IF(Q17="X",(D17-C17),"0") -> 0 | R49: =IF(R17="X",(D17-C17),"0") -> 0 | S49: =IF(S17="X",(D17-C17),"0") -> 0 | T49: =IF(T17="X",(D17-C17),"0") -> 0
E50: =IF(E18="X",(D18-C18),"0") -> 0 | F50: =IF(F18="X",(D18-C18),"0") -> 0 | G50: =IF(G18="X",(D18-C18),"0") -> 0 | H50: =IF(H18="X",(D18-C18),"0") -> 0 | I50: =IF(I18="X",(D18-C18),"0") -> 0 | J50: =IF(J18="X",(D18-C18),"0") -> 0 | K50: =IF(K18="X",(D18-C18),"0") -> 0 | L50: =IF(L18="X",(D18-C18),"0") -> 0 | M50: =IF(M18="X",(D18-C18),"0") -> 0 | N50: =IF(N18="X",(D18-C18),"0") -> 0 | O50: =IF(O18="X",(D18-C18),"0") -> 0 | P50: =IF(P18="X",(D18-C18),"0") -> 0 | Q50: =IF(Q18="X",(D18-C18),"0") -> 0 | R50: =IF(R18="X",(D18-C18),"0") -> 0 | S50: =IF(S18="X",(D18-C18),"0") -> 0 | T50: =IF(T18="X",(D18-C18),"0") -> 0
... E127: =IF(E95="X",(D95-C95),"0") -> 0 | F127: =IF(F95="X",(D95-C95),"0") -> 0 | G127: =IF(G95="X",(D95-C95),"0") -> 0 | H127: =IF(H95="X",(D95-C95),"0") -> 0 | I127: =IF(I95="X",(D95-C95),"0") -> 0 | J127: =IF(J95="X",(D95-C95),"0") -> 0 | K127: =IF(K95="X",(D95-C95),"0") -> 0 | L127: =IF(L95="X",(D95-C95),"0") -> 0 | M127: =IF(M95="X",(D95-C95),"0") -> 0 | N127: =IF(N95="X",(D95-C95),"0") -> 0 | O127: =IF(O95="X",(D95-C95),"0") -> 0 | P127: =IF(P95="X",(D95-C95),"0") -> 0 | Q127: =IF(Q95="X",(D95-C95),"0") -> 0 | R127: =IF(R95="X",(D95-C95),"0") -> 0 | S127: =IF(S95="X",(D95-C95),"0") -> 0 | T127: =IF(T95="X",(D95-C95),"0") -> 0
E130: =SUM(E39:E127) -> 6.51 | F130: =SUM(F39:F127) -> 3 | G130: =SUM(G39:G127) -> 0 | H130: =SUM(H39:H127) -> 0 | I130: =SUM(I39:I127) -> 0 | J130: =SUM(J39:J127) -> 8.51 | K130: =SUM(K39:K127) -> 0 | L130: =SUM(L39:L127) -> 0 | ... T130: =SUM(T39:T127) -> 0

Sheet 7
A1: PROGRAMA DE MANUTENÇÃORODOVIÁRIA
D2: RODOVIAS PAVIMENTADAS | I2: DATA: | J2: ='1'!$J$2 -> 46174 | N2: TÉCNICO RESP. | O2: ='1'!$O$2 -> LABORATORISTA -Claudiomiro V.Lopes
A3: FICHA DE INSPEÇÃO: | B3: =TT!C10 -> RODOVIA TO-126 - TRECHO ITAGUATINS - MAURILÂNDIA DO TOCANTINS
A5: S.R.E. | B5: SENTIDO | C5: INÍCIO (KM) | D5: FIM (KM) | E5: CONDIÇÃO DO PAVIMENTO | J5: VEGETAÇÃO | L5: ELEM. DE DRENAGEM | O5: SIN. HOR. | R5: SIN. VERTICAL | U5: OBSERV.
E6: BOM | F6: REM. I. | G6: REM. L | H6: BUR. I | I6: BUR. L | J6: ADEQ. | K6: INADED. | L6: LIMPOS | M6: SUJOS | N6: DAN. | O6: BOM | P6: REG. | Q6: INEXIST. | R6: BOM | S6: POUCAS | T6: INEXIST.
A7: 126ETO0101 | B7: C | C7: =D6 -> 0 | D7: 2 | E7: X | K7: X | L7: X | P7: X | S7: X | U7: KM-5,1 BORRACHUDO
A8: 126ETO0120 | B8: C | C8: 2 | D8: 4 | E8: X | K8: X | L8: X | P8: X | S8: X | U8: KM-5,6 a 5,8 BUR -L
C9: =D8 -> 4 | D9: 6 | E9: X | K9: X | M9: X | P9: X | S9: X | U9: KM-6,1 a 6,3 BUR-L
C10: =D9 -> 6 | D10: 8 | E10: X | K10: X | L10: X | O10: X | S10: X | U10: KM-8,1 BORRACHUDO
C11: =D10 -> 8 | D11: 10 | E11: X | K11: X | L11: X | O11: X | S11: X | U11: KM-15,9 16,3 BUR-L
C12: 8 | D12: 10 | E12: X | K12: X | L12: X | P12: X | S12: X
C13: =D12 -> 10 | D13: 12 | E13: X | H13: X | K13: X | L13: X | P13: X | S13: X | U13: POUCAS PLACAS E
C14: =D13 -> 12 | D14: 14 | E14: X | K14: X | M14: X | P14: X | S14: X | U14: ESTÃO EM BOAS
C15: 12 | D15: 14 | H15: X | K15: X | M15: X | P15: X | S15: X | U15: CONDIÇÔES
C16: =D15 -> 14 | D16: 16 | E16: X | K16: X | L16: X | O16: X | S16: X
C17: 14 | D17: 16 | E17: X | K17: X | L17: X | P17: X | S17: X
C18: 16 | D18: 18 | E18: X | K18: X | L18: X | O18: X | P18: X | S18: X
C19: 16 | D19: 18 | E19: X | H19: X | K19: X | L19: X | O19: X | P19: X | S19: X
C20: 18 | D20: 19.4 | E20: X | F20: X | K20: X | L20: X | O20: X | P20: X | S20: X
C21: =D20 -> 19.4 | D21: 14 | I21: X | K21: X | L21: X | O21: X | T21: X
C22: =D21 -> 14 | D22: 15 | E22: X | K22: X | M22: X | O22: X | T22: X
C23: =D22 -> 15 | D23: 16 | I23: X | K23: X | M23: X | O23: X | S23: X
C24: =D23 -> 16 | D24: 17 | E24: X | K24: X | M24: X | O24: X | S24: X
C25: =D24 -> 17 | D25: 18 | F25: X | K25: X | M25: X | O25: X | S25: X
C26: =D25 -> 18 | D26: 19 | F26: X | K26: X | M26: X | O26: X | S26: X
C27: =D26 -> 19 | D27: 20 | E27: X | K27: X | M27: X | O27: X | R27: X
C28: =D27 -> 20 | D28: 20.92 | E28: X | K28: X | M28: X | O28: X | R28: X
A32: LEGENDA | B32: CONDIÇÃO DO PAVIMENTO
A33: REM. I | B33: REMENDOS ISOLADOS | E33: ATÉ 10 REMENDOS/KM | I33: BUR. I | J33: BURACOS ISOLADOS | M33: ATÉ 5 BURACOS/KM
A34: REM. L | B34: REMENDOS AO LONGO | E34: MAIS DE 10 REMENDOS/KM | I34: BUR. L | J34: BURACOS AO LONGO | M34: MAIS DE 5 BURACOS/KM
E39: =IF(E7="X",(D7-C7),"0") -> 2 | F39: =IF(F7="X",(D7-C7),"0") -> 0 | G39: =IF(G7="X",(D7-C7),"0") -> 0 | H39: =IF(H7="X",(D7-C7),"0") -> 0 | I39: =IF(I7="X",(D7-C7),"0") -> 0 | J39: =IF(J7="X",(D7-C7),"0") -> 0 | K39: =IF(K7="X",(D7-C7),"0") -> 2 | L39: =IF(L7="X",(D7-C7),"0") -> 2 | M39: =IF(M7="X",(D7-C7),"0") -> 0 | N39: =IF(N7="X",(D7-C7),"0") -> 0 | O39: =IF(O7="X",(D7-C7),"0") -> 0 | P39: =IF(P7="X",(D7-C7),"0") -> 2 | Q39: =IF(Q7="X",(D7-C7),"0") -> 0 | R39: =IF(R7="X",(D7-C7),"0") -> 0 | S39: =IF(S7="X",(D7-C7),"0") -> 2 | T39: =IF(T7="X",(D7-C7),"0") -> 0
E40: =IF(E8="X",(D8-C8),"0") -> 2 | F40: =IF(F8="X",(D8-C8),"0") -> 0 | G40: =IF(G8="X",(D8-C8),"0") -> 0 | H40: =IF(H8="X",(D8-C8),"0") -> 0 | I40: =IF(I8="X",(D8-C8),"0") -> 0 | J40: =IF(J8="X",(D8-C8),"0") -> 0 | K40: =IF(K8="X",(D8-C8),"0") -> 2 | L40: =IF(L8="X",(D8-C8),"0") -> 2 | M40: =IF(M8="X",(D8-C8),"0") -> 0 | N40: =IF(N8="X",(D8-C8),"0") -> 0 | O40: =IF(O8="X",(D8-C8),"0") -> 0 | P40: =IF(P8="X",(D8-C8),"0") -> 2 | Q40: =IF(Q8="X",(D8-C8),"0") -> 0 | R40: =IF(R8="X",(D8-C8),"0") -> 0 | S40: =IF(S8="X",(D8-C8),"0") -> 2 | T40: =IF(T8="X",(D8-C8),"0") -> 0
E41: =IF(E9="X",(D9-C9),"0") -> 2 | F41: =IF(F9="X",(D9-C9),"0") -> 0 | G41: =IF(G9="X",(D9-C9),"0") -> 0 | H41: =IF(H9="X",(D9-C9),"0") -> 0 | I41: =IF(I9="X",(D9-C9),"0") -> 0 | J41: =IF(J9="X",(D9-C9),"0") -> 0 | K41: =IF(K9="X",(D9-C9),"0") -> 2 | L41: =IF(L9="X",(D9-C9),"0") -> 0 | M41: =IF(M9="X",(D9-C9),"0") -> 2 | N41: =IF(N9="X",(D9-C9),"0") -> 0 | O41: =IF(O9="X",(D9-C9),"0") -> 0 | P41: =IF(P9="X",(D9-C9),"0") -> 2 | Q41: =IF(Q9="X",(D9-C9),"0") -> 0 | R41: =IF(R9="X",(D9-C9),"0") -> 0 | S41: =IF(S9="X",(D9-C9),"0") -> 2 | T41: =IF(T9="X",(D9-C9),"0") -> 0
E42: =IF(E10="X",(D10-C10),"0") -> 2 | F42: =IF(F10="X",(D10-C10),"0") -> 0 | G42: =IF(G10="X",(D10-C10),"0") -> 0 | H42: =IF(H10="X",(D10-C10),"0") -> 0 | I42: =IF(I10="X",(D10-C10),"0") -> 0 | J42: =IF(J10="X",(D10-C10),"0") -> 0 | K42: =IF(K10="X",(D10-C10),"0") -> 2 | L42: =IF(L10="X",(D10-C10),"0") -> 2 | M42: =IF(M10="X",(D10-C10),"0") -> 0 | N42: =IF(N10="X",(D10-C10),"0") -> 0 | O42: =IF(O10="X",(D10-C10),"0") -> 2 | P42: =IF(P10="X",(D10-C10),"0") -> 0 | Q42: =IF(Q10="X",(D10-C10),"0") -> 0 | R42: =IF(R10="X",(D10-C10),"0") -> 0 | S42: =IF(S10="X",(D10-C10),"0") -> 2 | T42: =IF(T10="X",(D10-C10),"0") -> 0
E43: =IF(E11="X",(D11-C11),"0") -> 2 | F43: =IF(F11="X",(D11-C11),"0") -> 0 | G43: =IF(G11="X",(D11-C11),"0") -> 0 | H43: =IF(H11="X",(D11-C11),"0") -> 0 | I43: =IF(I11="X",(D11-C11),"0") -> 0 | J43: =IF(J11="X",(D11-C11),"0") -> 0 | K43: =IF(K11="X",(D11-C11),"0") -> 2 | L43: =IF(L11="X",(D11-C11),"0") -> 2 | M43: =IF(M11="X",(D11-C11),"0") -> 0 | N43: =IF(N11="X",(D11-C11),"0") -> 0 | O43: =IF(O11="X",(D11-C11),"0") -> 2 | P43: =IF(P11="X",(D11-C11),"0") -> 0 | Q43: =IF(Q11="X",(D11-C11),"0") -> 0 | R43: =IF(R11="X",(D11-C11),"0") -> 0 | S43: =IF(S11="X",(D11-C11),"0") -> 2 | T43: =IF(T11="X",(D11-C11),"0") -> 0
E44: =IF(E12="X",(D12-C12),"0") -> 2 | F44: =IF(F12="X",(D12-C12),"0") -> 0 | G44: =IF(G12="X",(D12-C12),"0") -> 0 | H44: =IF(H12="X",(D12-C12),"0") -> 0 | I44: =IF(I12="X",(D12-C12),"0") -> 0 | J44: =IF(J12="X",(D12-C12),"0") -> 0 | K44: =IF(K12="X",(D12-C12),"0") -> 2 | L44: =IF(L12="X",(D12-C12),"0") -> 2 | M44: =IF(M12="X",(D12-C12),"0") -> 0 | N44: =IF(N12="X",(D12-C12),"0") -> 0 | O44: =IF(O12="X",(D12-C12),"0") -> 0 | P44: =IF(P12="X",(D12-C12),"0") -> 2 | Q44: =IF(Q12="X",(D12-C12),"0") -> 0 | R44: =IF(R12="X",(D12-C12),"0") -> 0 | S44: =IF(S12="X",(D12-C12),"0") -> 2 | T44: =IF(T12="X",(D12-C12),"0") -> 0
E45: =IF(E13="X",(D13-C13),"0") -> 2 | F45: =IF(F13="X",(D13-C13),"0") -> 0 | G45: =IF(G13="X",(D13-C13),"0") -> 0 | H45: =IF(H13="X",(D13-C13),"0") -> 2 | I45: =IF(I13="X",(D13-C13),"0") -> 0 | J45: =IF(J13="X",(D13-C13),"0") -> 0 | K45: =IF(K13="X",(D13-C13),"0") -> 2 | L45: =IF(L13="X",(D13-C13),"0") -> 2 | M45: =IF(M13="X",(D13-C13),"0") -> 0 | N45: =IF(N13="X",(D13-C13),"0") -> 0 | O45: =IF(O13="X",(D13-C13),"0") -> 0 | P45: =IF(P13="X",(D13-C13),"0") -> 2 | Q45: =IF(Q13="X",(D13-C13),"0") -> 0 | R45: =IF(R13="X",(D13-C13),"0") -> 0 | S45: =IF(S13="X",(D13-C13),"0") -> 2 | T45: =IF(T13="X",(D13-C13),"0") -> 0
E46: =IF(E14="X",(D14-C14),"0") -> 2 | F46: =IF(F14="X",(D14-C14),"0") -> 0 | G46: =IF(G14="X",(D14-C14),"0") -> 0 | H46: =IF(H14="X",(D14-C14),"0") -> 0 | I46: =IF(I14="X",(D14-C14),"0") -> 0 | J46: =IF(J14="X",(D14-C14),"0") -> 0 | K46: =IF(K14="X",(D14-C14),"0") -> 2 | L46: =IF(L14="X",(D14-C14),"0") -> 0 | M46: =IF(M14="X",(D14-C14),"0") -> 2 | N46: =IF(N14="X",(D14-C14),"0") -> 0 | O46: =IF(O14="X",(D14-C14),"0") -> 0 | P46: =IF(P14="X",(D14-C14),"0") -> 2 | Q46: =IF(Q14="X",(D14-C14),"0") -> 0 | R46: =IF(R14="X",(D14-C14),"0") -> 0 | S46: =IF(S14="X",(D14-C14),"0") -> 2 | T46: =IF(T14="X",(D14-C14),"0") -> 0
E47: =IF(E15="X",(D15-C15),"0") -> 0 | F47: =IF(F15="X",(D15-C15),"0") -> 0 | G47: =IF(G15="X",(D15-C15),"0") -> 0 | H47: =IF(H15="X",(D15-C15),"0") -> 2 | I47: =IF(I15="X",(D15-C15),"0") -> 0 | J47: =IF(J15="X",(D15-C15),"0") -> 0 | K47: =IF(K15="X",(D15-C15),"0") -> 2 | L47: =IF(L15="X",(D15-C15),"0") -> 0 | M47: =IF(M15="X",(D15-C15),"0") -> 2 | N47: =IF(N15="X",(D15-C15),"0") -> 0 | O47: =IF(O15="X",(D15-C15),"0") -> 0 | P47: =IF(P15="X",(D15-C15),"0") -> 2 | Q47: =IF(Q15="X",(D15-C15),"0") -> 0 | R47: =IF(R15="X",(D15-C15),"0") -> 0 | S47: =IF(S15="X",(D15-C15),"0") -> 2 | T47: =IF(T15="X",(D15-C15),"0") -> 0
E48: =IF(E16="X",(D16-C16),"0") -> 2 | F48: =IF(F16="X",(D16-C16),"0") -> 0 | G48: =IF(G16="X",(D16-C16),"0") -> 0 | H48: =IF(H16="X",(D16-C16),"0") -> 0 | I48: =IF(I16="X",(D16-C16),"0") -> 0 | J48: =IF(J16="X",(D16-C16),"0") -> 0 | K48: =IF(K16="X",(D16-C16),"0") -> 2 | L48: =IF(L16="X",(D16-C16),"0") -> 2 | M48: =IF(M16="X",(D16-C16),"0") -> 0 | N48: =IF(N16="X",(D16-C16),"0") -> 0 | O48: =IF(O16="X",(D16-C16),"0") -> 2 | P48: =IF(P16="X",(D16-C16),"0") -> 0 | Q48: =IF(Q16="X",(D16-C16),"0") -> 0 | R48: =IF(R16="X",(D16-C16),"0") -> 0 | S48: =IF(S16="X",(D16-C16),"0") -> 2 | T48: =IF(T16="X",(D16-C16),"0") -> 0
E49: =IF(E17="X",(D17-C17),"0") -> 2 | F49: =IF(F17="X",(D17-C17),"0") -> 0 | G49: =IF(G17="X",(D17-C17),"0") -> 0 | H49: =IF(H17="X",(D17-C17),"0") -> 0 | I49: =IF(I17="X",(D17-C17),"0") -> 0 | J49: =IF(J17="X",(D17-C17),"0") -> 0 | K49: =IF(K17="X",(D17-C17),"0") -> 2 | L49: =IF(L17="X",(D17-C17),"0") -> 2 | M49: =IF(M17="X",(D17-C17),"0") -> 0 | N49: =IF(N17="X",(D17-C17),"0") -> 0 | O49: =IF(O17="X",(D17-C17),"0") -> 0 | P49: =IF(P17="X",(D17-C17),"0") -> 2 | Q49: =IF(Q17="X",(D17-C17),"0") -> 0 | R49: =IF(R17="X",(D17-C17),"0") -> 0 | S49: =IF(S17="X",(D17-C17),"0") -> 2 | T49: =IF(T17="X",(D17-C17),"0") -> 0
E50: =IF(E18="X",(D18-C18),"0") -> 2 | F50: =IF(F18="X",(D18-C18),"0") -> 0 | G50: =IF(G18="X",(D18-C18),"0") -> 0 | H50: =IF(H18="X",(D18-C18),"0") -> 0 | I50: =IF(I18="X",(D18-C18),"0") -> 0 | J50: =IF(J18="X",(D18-C18),"0") -> 0 | K50: =IF(K18="X",(D18-C18),"0") -> 2 | L50: =IF(L18="X",(D18-C18),"0") -> 2 | M50: =IF(M18="X",(D18-C18),"0") -> 0 | N50: =IF(N18="X",(D18-C18),"0") -> 0 | O50: =IF(O18="X",(D18-C18),"0") -> 2 | P50: =IF(P18="X",(D18-C18),"0") -> 2 | Q50: =IF(Q18="X",(D18-C18),"0") -> 0 | R50: =IF(R18="X",(D18-C18),"0") -> 0 | S50: =IF(S18="X",(D18-C18),"0") -> 2 | T50: =IF(T18="X",(D18-C18),"0") -> 0
... E127: =IF(E95="X",(D95-C95),"0") -> 0 | F127: =IF(F95="X",(D95-C95),"0") -> 0 | G127: =IF(G95="X",(D95-C95),"0") -> 0 | H127: =IF(H95="X",(D95-C95),"0") -> 0 | I127: =IF(I95="X",(D95-C95),"0") -> 0 | J127: =IF(J95="X",(D95-C95),"0") -> 0 | K127: =IF(K95="X",(D95-C95),"0") -> 0 | L127: =IF(L95="X",(D95-C95),"0") -> 0 | M127: =IF(M95="X",(D95-C95),"0") -> 0 | N127: =IF(N95="X",(D95-C95),"0") -> 0 | O127: =IF(O95="X",(D95-C95),"0") -> 0 | P127: =IF(P95="X",(D95-C95),"0") -> 0 | Q127: =IF(Q95="X",(D95-C95),"0") -> 0 | R127: =IF(R95="X",(D95-C95),"0") -> 0 | S127: =IF(S95="X",(D95-C95),"0") -> 0 | T127: =IF(T95="X",(D95-C95),"0") -> 0
E130: =SUM(E39:E127) -> 29.32 | F130: =SUM(F39:F127) -> 3.4 | G130: =SUM(G39:G127) -> 0 | H130: =SUM(H39:H127) -> 6 | I130: =SUM(I39:I127) -> -4.4 | J130: =SUM(J39:J127) -> 0 | K130: =SUM(K39:K127) -> 28.92 | L130: =SUM(L39:L127) -> 16 | ... T130: =SUM(T39:T127) -> -4.4

Sheet 8
A1: PROGRAMA DE MANUTENÇÃORODOVIÁRIA
D2: RODOVIAS PAVIMENTADAS | I2: DATA: | J2: ='1'!$J$2 -> 46174 | N2: TÉCNICO RESP. | O2: ='1'!$O$2 -> LABORATORISTA -Claudiomiro V.Lopes
A3: FICHA DE INSPEÇÃO: | B3: =TT!C11 -> RODOVIA TO-126 - TRECHO SÍTIO NOVO DO TOCANTINS - ITAGUATINS
A5: S.R.E. | B5: SENTIDO | C5: INÍCIO (KM) | D5: FIM (KM) | E5: CONDIÇÃO DO PAVIMENTO | J5: VEGETAÇÃO | L5: ELEM. DE DRENAGEM | O5: SIN. HOR. | R5: SIN. VERTICAL | U5: OBSERV.
E6: BOM | F6: REM. I. | G6: REM. L | H6: BUR. I | I6: BUR. L | J6: ADEQ. | K6: INADED. | L6: LIMPOS | M6: SUJOS | N6: DAN. | O6: BOM | P6: REG. | Q6: INEXIST. | R6: BOM | S6: POUCAS | T6: INEXIST.
A7: 126ETO0090 | B7: C | C7: =D6 -> 0 | D7: 2 | E7: X | J7: X | M7: X | O7: X | S7: X | U7: ALGUMAS PLACAS ESTÂO
A8: 126ET0100 | C8: =D7 -> 2 | D8: 4 | E8: X | J8: X | M8: X | O8: X | S8: X | U8: QUEIMADAS E OUTRAS
C9: =D8 -> 4 | D9: 6 | E9: X | J9: X | M9: X | O9: X | S9: X | U9: SEM PINTURA NO
C10: 4 | D10: 6 | E10: X | J10: X | M10: X | O10: X | T10: X | U10: DECORRER DO
C11: 6 | D11: 8 | E11: X | J11: X | M11: X | O11: X | S11: X | U11: TRECHO TODO
C12: =D11 -> 8 | D12: 10 | E12: X | J12: X | M12: X | O12: X | T12: X
C13: =D12 -> 10 | D13: 12 | E13: X | J13: X | M13: X | O13: X | T13: X
C14: =D13 -> 12 | D14: 14 | E14: X | J14: X | M14: X | O14: X | S14: X
C15: =D14 -> 14 | D15: 16 | E15: X | J15: X | M15: X | O15: X | S15: X
C16: =D15 -> 16 | D16: 18 | E16: X | J16: X | M16: X | O16: X | T16: X
C17: =D16 -> 18 | D17: 20 | E17: X | J17: X | M17: X | O17: X | T17: X
C18: =D17 -> 20 | D18: 22 | E18: X | J18: X | K18: X | M18: X | O18: X | S18: X
C19: =D18 -> 22 | D19: 24 | E19: X | J19: X | K19: X | L19: X | M19: X | O19: X | S19: X
C20: =D19 -> 24 | D20: 25 | E20: X | J20: X | K20: X | L20: X | M20: X | O20: X | S20: X
C21: =D20 -> 25 | D21: 3 | E21: X | K21: X | L21: X | O21: X | S21: X
C22: =D21 -> 3 | D22: 4 | E22: X | K22: X | L22: X | O22: X | S22: X
C23: =D22 -> 4 | D23: 5 | E23: X | K23: X | L23: X | O23: X | S23: X
C24: =D23 -> 5 | D24: 6 | E24: X | K24: X | L24: X | O24: X | S24: X
C25: =D24 -> 6 | D25: 7 | E25: X | K25: X | L25: X | O25: X | S25: X
C26: =D25 -> 7 | D26: 8 | E26: X | K26: X | L26: X | O26: X | S26: X
C27: =D26 -> 8 | D27: 9 | E27: X | K27: X | L27: X | O27: X | S27: X
C28: =D27 -> 9 | D28: 10 | E28: X | K28: X | L28: X | O28: X | S28: X
C29: =D28 -> 10 | D29: 11 | E29: X | K29: X | L29: X | O29: X | S29: X
C30: =D29 -> 11 | D30: 12 | E30: X | K30: X | L30: X | O30: X | S30: X
C31: =D30 -> 12 | D31: 13 | E31: X | K31: X | L31: X | O31: X | S31: X
C32: =D31 -> 13 | D32: 14 | E32: X | K32: X | L32: X | O32: X | S32: X
C33: =D32 -> 14 | D33: 14.02 | E33: X | K33: X | L33: X | O33: X | S33: X
A39: LEGENDA | B39: CONDIÇÃO DO PAVIMENTO
A40: REM. I | B40: REMENDOS ISOLADOS | E40: ATÉ 10 REMENDOS/KM | I40: BUR. I | J40: BURACOS ISOLADOS | M40: ATÉ 5 BURACOS/KM
A41: REM. L | B41: REMENDOS AO LONGO | E41: MAIS DE 10 REMENDOS/KM | I41: BUR. L | J41: BURACOS AO LONGO | M41: MAIS DE 5 BURACOS/KM
E46: =IF(E7="X",(D7-C7),"0") -> 2 | F46: =IF(F7="X",(D7-C7),"0") -> 0 | G46: =IF(G7="X",(D7-C7),"0") -> 0 | H46: =IF(H7="X",(D7-C7),"0") -> 0 | I46: =IF(I7="X",(D7-C7),"0") -> 0 | J46: =IF(J7="X",(D7-C7),"0") -> 2 | K46: =IF(K7="X",(D7-C7),"0") -> 0 | L46: =IF(L7="X",(D7-C7),"0") -> 0 | M46: =IF(M7="X",(D7-C7),"0") -> 2 | N46: =IF(N7="X",(D7-C7),"0") -> 0 | O46: =IF(O7="X",(D7-C7),"0") -> 2 | P46: =IF(P7="X",(D7-C7),"0") -> 0 | Q46: =IF(Q7="X",(D7-C7),"0") -> 0 | R46: =IF(R7="X",(D7-C7),"0") -> 0 | S46: =IF(S7="X",(D7-C7),"0") -> 2 | T46: =IF(T7="X",(D7-C7),"0") -> 0
E47: =IF(E8="X",(D8-C8),"0") -> 2 | F47: =IF(F8="X",(D8-C8),"0") -> 0 | G47: =IF(G8="X",(D8-C8),"0") -> 0 | H47: =IF(H8="X",(D8-C8),"0") -> 0 | I47: =IF(I8="X",(D8-C8),"0") -> 0 | J47: =IF(J8="X",(D8-C8),"0") -> 2 | K47: =IF(K8="X",(D8-C8),"0") -> 0 | L47: =IF(L8="X",(D8-C8),"0") -> 0 | M47: =IF(M8="X",(D8-C8),"0") -> 2 | N47: =IF(N8="X",(D8-C8),"0") -> 0 | O47: =IF(O8="X",(D8-C8),"0") -> 2 | P47: =IF(P8="X",(D8-C8),"0") -> 0 | Q47: =IF(Q8="X",(D8-C8),"0") -> 0 | R47: =IF(R8="X",(D8-C8),"0") -> 0 | S47: =IF(S8="X",(D8-C8),"0") -> 2 | T47: =IF(T8="X",(D8-C8),"0") -> 0
E48: =IF(E9="X",(D9-C9),"0") -> 2 | F48: =IF(F9="X",(D9-C9),"0") -> 0 | G48: =IF(G9="X",(D9-C9),"0") -> 0 | H48: =IF(H9="X",(D9-C9),"0") -> 0 | I48: =IF(I9="X",(D9-C9),"0") -> 0 | J48: =IF(J9="X",(D9-C9),"0") -> 2 | K48: =IF(K9="X",(D9-C9),"0") -> 0 | L48: =IF(L9="X",(D9-C9),"0") -> 0 | M48: =IF(M9="X",(D9-C9),"0") -> 2 | N48: =IF(N9="X",(D9-C9),"0") -> 0 | O48: =IF(O9="X",(D9-C9),"0") -> 2 | P48: =IF(P9="X",(D9-C9),"0") -> 0 | Q48: =IF(Q9="X",(D9-C9),"0") -> 0 | R48: =IF(R9="X",(D9-C9),"0") -> 0 | S48: =IF(S9="X",(D9-C9),"0") -> 2 | T48: =IF(T9="X",(D9-C9),"0") -> 0
E49: =IF(E10="X",(D10-C10),"0") -> 2 | F49: =IF(F10="X",(D10-C10),"0") -> 0 | G49: =IF(G10="X",(D10-C10),"0") -> 0 | H49: =IF(H10="X",(D10-C10),"0") -> 0 | I49: =IF(I10="X",(D10-C10),"0") -> 0 | J49: =IF(J10="X",(D10-C10),"0") -> 2 | K49: =IF(K10="X",(D10-C10),"0") -> 0 | L49: =IF(L10="X",(D10-C10),"0") -> 0 | M49: =IF(M10="X",(D10-C10),"0") -> 2 | N49: =IF(N10="X",(D10-C10),"0") -> 0 | O49: =IF(O10="X",(D10-C10),"0") -> 2 | P49: =IF(P10="X",(D10-C10),"0") -> 0 | Q49: =IF(Q10="X",(D10-C10),"0") -> 0 | R49: =IF(R10="X",(D10-C10),"0") -> 0 | S49: =IF(S10="X",(D10-C10),"0") -> 0 | T49: =IF(T10="X",(D10-C10),"0") -> 2
E50: =IF(E11="X",(D11-C11),"0") -> 2 | F50: =IF(F11="X",(D11-C11),"0") -> 0 | G50: =IF(G11="X",(D11-C11),"0") -> 0 | H50: =IF(H11="X",(D11-C11),"0") -> 0 | I50: =IF(I11="X",(D11-C11),"0") -> 0 | J50: =IF(J11="X",(D11-C11),"0") -> 2 | K50: =IF(K11="X",(D11-C11),"0") -> 0 | L50: =IF(L11="X",(D11-C11),"0") -> 0 | M50: =IF(M11="X",(D11-C11),"0") -> 2 | N50: =IF(N11="X",(D11-C11),"0") -> 0 | O50: =IF(O11="X",(D11-C11),"0") -> 2 | P50: =IF(P11="X",(D11-C11),"0") -> 0 | Q50: =IF(Q11="X",(D11-C11),"0") -> 0 | R50: =IF(R11="X",(D11-C11),"0") -> 0 | S50: =IF(S11="X",(D11-C11),"0") -> 2 | T50: =IF(T11="X",(D11-C11),"0") -> 0
E51: =IF(E12="X",(D12-C12),"0") -> 2 | F51: =IF(F12="X",(D12-C12),"0") -> 0 | G51: =IF(G12="X",(D12-C12),"0") -> 0 | H51: =IF(H12="X",(D12-C12),"0") -> 0 | I51: =IF(I12="X",(D12-C12),"0") -> 0 | J51: =IF(J12="X",(D12-C12),"0") -> 2 | K51: =IF(K12="X",(D12-C12),"0") -> 0 | L51: =IF(L12="X",(D12-C12),"0") -> 0 | M51: =IF(M12="X",(D12-C12),"0") -> 2 | N51: =IF(N12="X",(D12-C12),"0") -> 0 | O51: =IF(O12="X",(D12-C12),"0") -> 2 | P51: =IF(P12="X",(D12-C12),"0") -> 0 | Q51: =IF(Q12="X",(D12-C12),"0") -> 0 | R51: =IF(R12="X",(D12-C12),"0") -> 0 | S51: =IF(S12="X",(D12-C12),"0") -> 0 | T51: =IF(T12="X",(D12-C12),"0") -> 2
E52: =IF(E13="X",(D13-C13),"0") -> 2 | F52: =IF(F13="X",(D13-C13),"0") -> 0 | G52: =IF(G13="X",(D13-C13),"0") -> 0 | H52: =IF(H13="X",(D13-C13),"0") -> 0 | I52: =IF(I13="X",(D13-C13),"0") -> 0 | J52: =IF(J13="X",(D13-C13),"0") -> 2 | K52: =IF(K13="X",(D13-C13),"0") -> 0 | L52: =IF(L13="X",(D13-C13),"0") -> 0 | M52: =IF(M13="X",(D13-C13),"0") -> 2 | N52: =IF(N13="X",(D13-C13),"0") -> 0 | O52: =IF(O13="X",(D13-C13),"0") -> 2 | P52: =IF(P13="X",(D13-C13),"0") -> 0 | Q52: =IF(Q13="X",(D13-C13),"0") -> 0 | R52: =IF(R13="X",(D13-C13),"0") -> 0 | S52: =IF(S13="X",(D13-C13),"0") -> 0 | T52: =IF(T13="X",(D13-C13),"0") -> 2
E53: =IF(E14="X",(D14-C14),"0") -> 2 | F53: =IF(F14="X",(D14-C14),"0") -> 0 | G53: =IF(G14="X",(D14-C14),"0") -> 0 | H53: =IF(H14="X",(D14-C14),"0") -> 0 | I53: =IF(I14="X",(D14-C14),"0") -> 0 | J53: =IF(J14="X",(D14-C14),"0") -> 2 | K53: =IF(K14="X",(D14-C14),"0") -> 0 | L53: =IF(L14="X",(D14-C14),"0") -> 0 | M53: =IF(M14="X",(D14-C14),"0") -> 2 | N53: =IF(N14="X",(D14-C14),"0") -> 0 | O53: =IF(O14="X",(D14-C14),"0") -> 2 | P53: =IF(P14="X",(D14-C14),"0") -> 0 | Q53: =IF(Q14="X",(D14-C14),"0") -> 0 | R53: =IF(R14="X",(D14-C14),"0") -> 0 | S53: =IF(S14="X",(D14-C14),"0") -> 2 | T53: =IF(T14="X",(D14-C14),"0") -> 0
E54: =IF(E15="X",(D15-C15),"0") -> 2 | F54: =IF(F15="X",(D15-C15),"0") -> 0 | G54: =IF(G15="X",(D15-C15),"0") -> 0 | H54: =IF(H15="X",(D15-C15),"0") -> 0 | I54: =IF(I15="X",(D15-C15),"0") -> 0 | J54: =IF(J15="X",(D15-C15),"0") -> 2 | K54: =IF(K15="X",(D15-C15),"0") -> 0 | L54: =IF(L15="X",(D15-C15),"0") -> 0 | M54: =IF(M15="X",(D15-C15),"0") -> 2 | N54: =IF(N15="X",(D15-C15),"0") -> 0 | O54: =IF(O15="X",(D15-C15),"0") -> 2 | P54: =IF(P15="X",(D15-C15),"0") -> 0 | Q54: =IF(Q15="X",(D15-C15),"0") -> 0 | R54: =IF(R15="X",(D15-C15),"0") -> 0 | S54: =IF(S15="X",(D15-C15),"0") -> 2 | T54: =IF(T15="X",(D15-C15),"0") -> 0
E55: =IF(E16="X",(D16-C16),"0") -> 2 | F55: =IF(F16="X",(D16-C16),"0") -> 0 | G55: =IF(G16="X",(D16-C16),"0") -> 0 | H55: =IF(H16="X",(D16-C16),"0") -> 0 | I55: =IF(I16="X",(D16-C16),"0") -> 0 | J55: =IF(J16="X",(D16-C16),"0") -> 2 | K55: =IF(K16="X",(D16-C16),"0") -> 0 | L55: =IF(L16="X",(D16-C16),"0") -> 0 | M55: =IF(M16="X",(D16-C16),"0") -> 2 | N55: =IF(N16="X",(D16-C16),"0") -> 0 | O55: =IF(O16="X",(D16-C16),"0") -> 2 | P55: =IF(P16="X",(D16-C16),"0") -> 0 | Q55: =IF(Q16="X",(D16-C16),"0") -> 0 | R55: =IF(R16="X",(D16-C16),"0") -> 0 | S55: =IF(S16="X",(D16-C16),"0") -> 0 | T55: =IF(T16="X",(D16-C16),"0") -> 2
E56: =IF(E17="X",(D17-C17),"0") -> 2 | F56: =IF(F17="X",(D17-C17),"0") -> 0 | G56: =IF(G17="X",(D17-C17),"0") -> 0 | H56: =IF(H17="X",(D17-C17),"0") -> 0 | I56: =IF(I17="X",(D17-C17),"0") -> 0 | J56: =IF(J17="X",(D17-C17),"0") -> 2 | K56: =IF(K17="X",(D17-C17),"0") -> 0 | L56: =IF(L17="X",(D17-C17),"0") -> 0 | M56: =IF(M17="X",(D17-C17),"0") -> 2 | N56: =IF(N17="X",(D17-C17),"0") -> 0 | O56: =IF(O17="X",(D17-C17),"0") -> 2 | P56: =IF(P17="X",(D17-C17),"0") -> 0 | Q56: =IF(Q17="X",(D17-C17),"0") -> 0 | R56: =IF(R17="X",(D17-C17),"0") -> 0 | S56: =IF(S17="X",(D17-C17),"0") -> 0 | T56: =IF(T17="X",(D17-C17),"0") -> 2
E57: =IF(E18="X",(D18-C18),"0") -> 2 | F57: =IF(F18="X",(D18-C18),"0") -> 0 | G57: =IF(G18="X",(D18-C18),"0") -> 0 | H57: =IF(H18="X",(D18-C18),"0") -> 0 | I57: =IF(I18="X",(D18-C18),"0") -> 0 | J57: =IF(J18="X",(D18-C18),"0") -> 2 | K57: =IF(K18="X",(D18-C18),"0") -> 2 | L57: =IF(L18="X",(D18-C18),"0") -> 0 | M57: =IF(M18="X",(D18-C18),"0") -> 2 | N57: =IF(N18="X",(D18-C18),"0") -> 0 | O57: =IF(O18="X",(D18-C18),"0") -> 2 | P57: =IF(P18="X",(D18-C18),"0") -> 0 | Q57: =IF(Q18="X",(D18-C18),"0") -> 0 | R57: =IF(R18="X",(D18-C18),"0") -> 0 | S57: =IF(S18="X",(D18-C18),"0") -> 2 | T57: =IF(T18="X",(D18-C18),"0") -> 0
... E61: =IF(E22="X",(D22-C22),"0") -> 1 | F61: =IF(F22="X",(D22-C22),"0") -> 0 | G61: =IF(G22="X",(D22-C22),"0") -> 0 | H61: =IF(H22="X",(D22-C22),"0") -> 0 | I61: =IF(I22="X",(D22-C22),"0") -> 0 | J61: =IF(J22="X",(D22-C22),"0") -> 0 | K61: =IF(K22="X",(D22-C22),"0") -> 1 | L61: =IF(L22="X",(D22-C22),"0") -> 1 | M61: =IF(M22="X",(D22-C22),"0") -> 0 | N61: =IF(N22="X",(D22-C22),"0") -> 0 | O61: =IF(O22="X",(D22-C22),"0") -> 1 | P61: =IF(P22="X",(D22-C22),"0") -> 0 | Q61: =IF(Q22="X",(D22-C22),"0") -> 0 | R61: =IF(R22="X",(D22-C22),"0") -> 0 | S61: =IF(S22="X",(D22-C22),"0") -> 1 | T61: =IF(T22="X",(D22-C22),"0") -> 0
E62: =IF(E30="X",(D30-C30),"0") -> 1 | F62: =IF(F30="X",(D30-C30),"0") -> 0 | G62: =IF(G30="X",(D30-C30),"0") -> 0 | H62: =IF(H30="X",(D30-C30),"0") -> 0 | I62: =IF(I30="X",(D30-C30),"0") -> 0 | J62: =IF(J30="X",(D30-C30),"0") -> 0 | K62: =IF(K30="X",(D30-C30),"0") -> 1 | L62: =IF(L30="X",(D30-C30),"0") -> 1 | M62: =IF(M30="X",(D30-C30),"0") -> 0 | N62: =IF(N30="X",(D30-C30),"0") -> 0 | O62: =IF(O30="X",(D30-C30),"0") -> 1 | P62: =IF(P30="X",(D30-C30),"0") -> 0 | Q62: =IF(Q30="X",(D30-C30),"0") -> 0 | R62: =IF(R30="X",(D30-C30),"0") -> 0 | S62: =IF(S30="X",(D30-C30),"0") -> 1 | T62: =IF(T30="X",(D30-C30),"0") -> 0
E63: =IF(E31="X",(D31-C31),"0") -> 1 | F63: =IF(F31="X",(D31-C31),"0") -> 0 | G63: =IF(G31="X",(D31-C31),"0") -> 0 | H63: =IF(H31="X",(D31-C31),"0") -> 0 | I63: =IF(I31="X",(D31-C31),"0") -> 0 | J63: =IF(J31="X",(D31-C31),"0") -> 0 | K63: =IF(K31="X",(D31-C31),"0") -> 1 | L63: =IF(L31="X",(D31-C31),"0") -> 1 | M63: =IF(M31="X",(D31-C31),"0") -> 0 | N63: =IF(N31="X",(D31-C31),"0") -> 0 | O63: =IF(O31="X",(D31-C31),"0") -> 1 | P63: =IF(P31="X",(D31-C31),"0") -> 0 | Q63: =IF(Q31="X",(D31-C31),"0") -> 0 | R63: =IF(R31="X",(D31-C31),"0") -> 0 | S63: =IF(S31="X",(D31-C31),"0") -> 1 | T63: =IF(T31="X",(D31-C31),"0") -> 0
E64: =IF(E32="X",(D32-C32),"0") -> 1 | F64: =IF(F32="X",(D32-C32),"0") -> 0 | G64: =IF(G32="X",(D32-C32),"0") -> 0 | H64: =IF(H32="X",(D32-C32),"0") -> 0 | I64: =IF(I32="X",(D32-C32),"0") -> 0 | J64: =IF(J32="X",(D32-C32),"0") -> 0 | K64: =IF(K32="X",(D32-C32),"0") -> 1 | L64: =IF(L32="X",(D32-C32),"0") -> 1 | M64: =IF(M32="X",(D32-C32),"0") -> 0 | N64: =IF(N32="X",(D32-C32),"0") -> 0 | O64: =IF(O32="X",(D32-C32),"0") -> 1 | P64: =IF(P32="X",(D32-C32),"0") -> 0 | Q64: =IF(Q32="X",(D32-C32),"0") -> 0 | R64: =IF(R32="X",(D32-C32),"0") -> 0 | S64: =IF(S32="X",(D32-C32),"0") -> 1 | T64: =IF(T32="X",(D32-C32),"0") -> 0
E65: =IF(E33="X",(D33-C33),"0") -> 0.02 | F65: =IF(F33="X",(D33-C33),"0") -> 0 | G65: =IF(G33="X",(D33-C33),"0") -> 0 | H65: =IF(H33="X",(D33-C33),"0") -> 0 | I65: =IF(I33="X",(D33-C33),"0") -> 0 | J65: =IF(J33="X",(D33-C33),"0") -> 0 | K65: =IF(K33="X",(D33-C33),"0") -> 0.02 | L65: =IF(L33="X",(D33-C33),"0") -> 0.02 | M65: =IF(M33="X",(D33-C33),"0") -> 0 | N65: =IF(N33="X",(D33-C33),"0") -> 0 | O65: =IF(O33="X",(D33-C33),"0") -> 0.02 | P65: =IF(P33="X",(D33-C33),"0") -> 0 | Q65: =IF(Q33="X",(D33-C33),"0") -> 0 | R65: =IF(R33="X",(D33-C33),"0") -> 0 | S65: =IF(S33="X",(D33-C33),"0") -> 0.02 | T65: =IF(T33="X",(D33-C33),"0") -> 0
E66: =IF(E34="X",(D34-C34),"0") -> 0 | F66: =IF(F34="X",(D34-C34),"0") -> 0 | G66: =IF(G34="X",(D34-C34),"0") -> 0 | H66: =IF(H34="X",(D34-C34),"0") -> 0 | I66: =IF(I34="X",(D34-C34),"0") -> 0 | J66: =IF(J34="X",(D34-C34),"0") -> 0 | K66: =IF(K34="X",(D34-C34),"0") -> 0 | L66: =IF(L34="X",(D34-C34),"0") -> 0 | M66: =IF(M34="X",(D34-C34),"0") -> 0 | N66: =IF(N34="X",(D34-C34),"0") -> 0 | O66: =IF(O34="X",(D34-C34),"0") -> 0 | P66: =IF(P34="X",(D34-C34),"0") -> 0 | Q66: =IF(Q34="X",(D34-C34),"0") -> 0 | R66: =IF(R34="X",(D34-C34),"0") -> 0 | S66: =IF(S34="X",(D34-C34),"0") -> 0 | T66: =IF(T34="X",(D34-C34),"0") -> 0
E67: =IF(E35="X",(D35-C35),"0") -> 0 | F67: =IF(F35="X",(D35-C35),"0") -> 0 | G67: =IF(G35="X",(D35-C35),"0") -> 0 | H67: =IF(H35="X",(D35-C35),"0") -> 0 | I67: =IF(I35="X",(D35-C35),"0") -> 0 | J67: =IF(J35="X",(D35-C35),"0") -> 0 | K67: =IF(K35="X",(D35-C35),"0") -> 0 | L67: =IF(L35="X",(D35-C35),"0") -> 0 | M67: =IF(M35="X",(D35-C35),"0") -> 0 | N67: =IF(N35="X",(D35-C35),"0") -> 0 | O67: =IF(O35="X",(D35-C35),"0") -> 0 | P67: =IF(P35="X",(D35-C35),"0") -> 0 | Q67: =IF(Q35="X",(D35-C35),"0") -> 0 | R67: =IF(R35="X",(D35-C35),"0") -> 0 | S67: =IF(S35="X",(D35-C35),"0") -> 0 | T67: =IF(T35="X",(D35-C35),"0") -> 0
E68: =IF(E36="X",(D36-C36),"0") -> 0 | F68: =IF(F36="X",(D36-C36),"0") -> 0 | G68: =IF(G36="X",(D36-C36),"0") -> 0 | H68: =IF(H36="X",(D36-C36),"0") -> 0 | I68: =IF(I36="X",(D36-C36),"0") -> 0 | J68: =IF(J36="X",(D36-C36),"0") -> 0 | K68: =IF(K36="X",(D36-C36),"0") -> 0 | L68: =IF(L36="X",(D36-C36),"0") -> 0 | M68: =IF(M36="X",(D36-C36),"0") -> 0 | N68: =IF(N36="X",(D36-C36),"0") -> 0 | O68: =IF(O36="X",(D36-C36),"0") -> 0 | P68: =IF(P36="X",(D36-C36),"0") -> 0 | Q68: =IF(Q36="X",(D36-C36),"0") -> 0 | R68: =IF(R36="X",(D36-C36),"0") -> 0 | S68: =IF(S36="X",(D36-C36),"0") -> 0 | T68: =IF(T36="X",(D36-C36),"0") -> 0
E69: =IF(E37="X",(D37-C37),"0") -> 0 | F69: =IF(F37="X",(D37-C37),"0") -> 0 | G69: =IF(G37="X",(D37-C37),"0") -> 0 | H69: =IF(H37="X",(D37-C37),"0") -> 0 | I69: =IF(I37="X",(D37-C37),"0") -> 0 | J69: =IF(J37="X",(D37-C37),"0") -> 0 | K69: =IF(K37="X",(D37-C37),"0") -> 0 | L69: =IF(L37="X",(D37-C37),"0") -> 0 | M69: =IF(M37="X",(D37-C37),"0") -> 0 | N69: =IF(N37="X",(D37-C37),"0") -> 0 | O69: =IF(O37="X",(D37-C37),"0") -> 0 | P69: =IF(P37="X",(D37-C37),"0") -> 0 | Q69: =IF(Q37="X",(D37-C37),"0") -> 0 | R69: =IF(R37="X",(D37-C37),"0") -> 0 | S69: =IF(S37="X",(D37-C37),"0") -> 0 | T69: =IF(T37="X",(D37-C37),"0") -> 0
E70: =IF(E38="X",(D38-C38),"0") -> 0 | F70: =IF(F38="X",(D38-C38),"0") -> 0 | G70: =IF(G38="X",(D38-C38),"0") -> 0 | H70: =IF(H38="X",(D38-C38),"0") -> 0 | I70: =IF(I38="X",(D38-C38),"0") -> 0 | J70: =IF(J38="X",(D38-C38),"0") -> 0 | K70: =IF(K38="X",(D38-C38),"0") -> 0 | L70: =IF(L38="X",(D38-C38),"0") -> 0 | M70: =IF(M38="X",(D38-C38),"0") -> 0 | N70: =IF(N38="X",(D38-C38),"0") -> 0 | O70: =IF(O38="X",(D38-C38),"0") -> 0 | P70: =IF(P38="X",(D38-C38),"0") -> 0 | Q70: =IF(Q38="X",(D38-C38),"0") -> 0 | R70: =IF(R38="X",(D38-C38),"0") -> 0 | S70: =IF(S38="X",(D38-C38),"0") -> 0 | T70: =IF(T38="X",(D38-C38),"0") -> 0
E71: =IF(E39="X",(D39-C39),"0") -> 0 | F71: =IF(F39="X",(D39-C39),"0") -> 0 | G71: =IF(G39="X",(D39-C39),"0") -> 0 | H71: =IF(H39="X",(D39-C39),"0") -> 0 | I71: =IF(I39="X",(D39-C39),"0") -> 0 | J71: =IF(J39="X",(D39-C39),"0") -> 0 | K71: =IF(K39="X",(D39-C39),"0") -> 0 | L71: =IF(L39="X",(D39-C39),"0") -> 0 | M71: =IF(M39="X",(D39-C39),"0") -> 0 | N71: =IF(N39="X",(D39-C39),"0") -> 0 | O71: =IF(O39="X",(D39-C39),"0") -> 0 | P71: =IF(P39="X",(D39-C39),"0") -> 0 | Q71: =IF(Q39="X",(D39-C39),"0") -> 0 | R71: =IF(R39="X",(D39-C39),"0") -> 0 | S71: =IF(S39="X",(D39-C39),"0") -> 0 | T71: =IF(T39="X",(D39-C39),"0") -> 0
E72: =IF(E40="X",(D40-C40),"0") -> 0 | F72: =IF(F40="X",(D40-C40),"0") -> 0 | G72: =IF(G40="X",(D40-C40),"0") -> 0 | H72: =IF(H40="X",(D40-C40),"0") -> 0 | I72: =IF(I40="X",(D40-C40),"0") -> 0 | J72: =IF(J40="X",(D40-C40),"0") -> 0 | K72: =IF(K40="X",(D40-C40),"0") -> 0 | L72: =IF(L40="X",(D40-C40),"0") -> 0 | M72: =IF(M40="X",(D40-C40),"0") -> 0 | N72: =IF(N40="X",(D40-C40),"0") -> 0 | O72: =IF(O40="X",(D40-C40),"0") -> 0 | P72: =IF(P40="X",(D40-C40),"0") -> 0 | Q72: =IF(Q40="X",(D40-C40),"0") -> 0 | R72: =IF(R40="X",(D40-C40),"0") -> 0 | S72: =IF(S40="X",(D40-C40),"0") -> 0 | T72: =IF(T40="X",(D40-C40),"0") -> 0
E73: =IF(E41="X",(D41-C41),"0") -> 0 | F73: =IF(F41="X",(D41-C41),"0") -> 0 | G73: =IF(G41="X",(D41-C41),"0") -> 0 | H73: =IF(H41="X",(D41-C41),"0") -> 0 | I73: =IF(I41="X",(D41-C41),"0") -> 0 | J73: =IF(J41="X",(D41-C41),"0") -> 0 | K73: =IF(K41="X",(D41-C41),"0") -> 0 | L73: =IF(L41="X",(D41-C41),"0") -> 0 | M73: =IF(M41="X",(D41-C41),"0") -> 0 | N73: =IF(N41="X",(D41-C41),"0") -> 0 | O73: =IF(O41="X",(D41-C41),"0") -> 0 | P73: =IF(P41="X",(D41-C41),"0") -> 0 | Q73: =IF(Q41="X",(D41-C41),"0") -> 0 | R73: =IF(R41="X",(D41-C41),"0") -> 0 | S73: =IF(S41="X",(D41-C41),"0") -> 0 | T73: =IF(T41="X",(D41-C41),"0") -> 0
... E134: =IF(E102="X",(D102-C102),"0") -> 0 | F134: =IF(F102="X",(D102-C102),"0") -> 0 | G134: =IF(G102="X",(D102-C102),"0") -> 0 | H134: =IF(H102="X",(D102-C102),"0") -> 0 | I134: =IF(I102="X",(D102-C102),"0") -> 0 | J134: =IF(J102="X",(D102-C102),"0") -> 0 | K134: =IF(K102="X",(D102-C102),"0") -> 0 | L134: =IF(L102="X",(D102-C102),"0") -> 0 | M134: =IF(M102="X",(D102-C102),"0") -> 0 | N134: =IF(N102="X",(D102-C102),"0") -> 0 | O134: =IF(O102="X",(D102-C102),"0") -> 0 | P134: =IF(P102="X",(D102-C102),"0") -> 0 | Q134: =IF(Q102="X",(D102-C102),"0") -> 0 | R134: =IF(R102="X",(D102-C102),"0") -> 0 | S134: =IF(S102="X",(D102-C102),"0") -> 0 | T134: =IF(T102="X",(D102-C102),"0") -> 0
E137: =SUM(E46:E134) -> 9.02 | F137: =SUM(F46:F134) -> 0 | G137: =SUM(G46:G134) -> 0 | H137: =SUM(H46:H134) -> 0 | I137: =SUM(I46:I134) -> 0 | J137: =SUM(J46:J134) -> 27 | K137: =SUM(K46:K134) -> -12.98 | L137: =SUM(L46:L134) -> -14.98 | ... T137: =SUM(T46:T134) -> 10

Sheet 9
A1: PROGRAMA DE MANUTENÇÃORODOVIÁRIA
D2: RODOVIAS PAVIMENTADAS | I2: DATA: | J2: ='1'!$J$2 -> 46174 | N2: TÉCNICO RESP. | O2: ='1'!$O$2 -> LABORATORISTA -Claudiomiro V.Lopes
A3: FICHA DE INSPEÇÃO: | B3: =TT!C12 -> RODOVIA TO-126 - TRECHO SÍTIO NOVO DO TOCANTINS A SUMAUMA
A5: S.R.E. | B5: SENTIDO | C5: INÍCIO (KM) | D5: FIM (KM) | E5: CONDIÇÃO DO PAVIMENTO | J5: VEGETAÇÃO | L5: ELEM. DE DRENAGEM | O5: SIN. HOR. | R5: SIN. VERTICAL | U5: OBSERV.
E6: BOM | F6: REM. I. | G6: REM. L | H6: BUR. I | I6: BUR. L | J6: ADEQ. | K6: INADED. | L6: LIMPOS | M6: SUJOS | N6: DAN. | O6: BOM | P6: REG. | Q6: INEXIST. | R6: BOM | S6: POUCAS | T6: INEXIST.
A7: 126ETO0050 | C7: 0 | D7: 2 | G7: X | K7: X | M7: X | P7: X | S7: X
A8: 126ETO0060 | C8: 0 | D8: 2 | I8: X | K8: X | M8: X | P8: X | S8: X
A9: 126ETO0080 | C9: =D8 -> 2 | D9: 4 | G9: X | K9: X | M9: X | P9: X | S9: X
C10: =D8 -> 2 | D10: 4 | I10: X | K10: X | M10: X | P10: X | S10: X
C11: =D10 -> 4 | D11: 6 | G11: X | K11: X | M11: X | P11: X | S11: X
C12: =D10 -> 4 | D12: 6 | I12: X | K12: X | M12: X | P12: X | S12: X
C13: =D12 -> 6 | D13: 8 | G13: X | K13: X | M13: X | P13: X | S13: X
C14: =D12 -> 6 | D14: 8 | I14: X | K14: X | M14: X | P14: X | S14: X
C15: =D13 -> 8 | D15: 10 | G15: X | K15: X | M15: X | P15: X | S15: X
C16: =D13 -> 8 | D16: 10 | I16: X | K16: X | M16: X | P16: X | S16: X
C17: =D16 -> 10 | D17: 12 | F17: X | K17: X | M17: X | P17: X | S17: X
C18: =D16 -> 10 | D18: 12 | I18: X | K18: X | M18: X | P18: X | S18: X
C19: =D18 -> 12 | D19: 13.5 | F19: X | K19: X | M19: X | P19: X | S19: X
C20: =D18 -> 12 | D20: 13.5 | H20: X | K20: X | M20: X | P20: X | S20: X
C21: =D20 -> 13.5 | D21: 6.58 | G21: X | K21: X | M21: X | P21: X | T21: X
C22: 0 | D22: 2.18 | G22: X | K22: X | M22: X | Q22: X | S22: X
A32: LEGENDA | B32: CONDIÇÃO DO PAVIMENTO
A33: REM. I | B33: REMENDOS ISOLADOS | E33: ATÉ 10 REMENDOS/KM | I33: BUR. I | J33: BURACOS ISOLADOS | M33: ATÉ 5 BURACOS/KM
A34: REM. L | B34: REMENDOS AO LONGO | E34: MAIS DE 10 REMENDOS/KM | I34: BUR. L | J34: BURACOS AO LONGO | M34: MAIS DE 5 BURACOS/KM
E39: =IF(E7="X",(D7-C7),"0") -> 0 | F39: =IF(F7="X",(D7-C7),"0") -> 0 | G39: =IF(G7="X",(D7-C7),"0") -> 2 | H39: =IF(H7="X",(D7-C7),"0") -> 0 | I39: =IF(I7="X",(D7-C7),"0") -> 0 | J39: =IF(J7="X",(D7-C7),"0") -> 0 | K39: =IF(K7="X",(D7-C7),"0") -> 2 | L39: =IF(L7="X",(D7-C7),"0") -> 0 | M39: =IF(M7="X",(D7-C7),"0") -> 0 | N39: =IF(N7="X",(D7-C7),"0") -> 0 | O39: =IF(O7="X",(D7-C7),"0") -> 0 | P39: =IF(P7="X",(D7-C7),"0") -> 2 | Q39: =IF(Q7="X",(D7-C7),"0") -> 0 | R39: =IF(R7="X",(D7-C7),"0") -> 0 | S39: =IF(S7="X",(D7-C7),"0") -> 2 | T39: =IF(T7="X",(D7-C7),"0") -> 0
E40: =IF(E8="X",(D8-C8),"0") -> 0 | F40: =IF(F8="X",(D8-C8),"0") -> 0 | G40: =IF(G8="X",(D8-C8),"0") -> 0 | H40: =IF(H8="X",(D8-C8),"0") -> 0 | I40: =IF(I8="X",(D8-C8),"0") -> 2 | J40: =IF(J8="X",(D8-C8),"0") -> 0 | K40: =IF(K8="X",(D8-C8),"0") -> 2 | L40: =IF(L8="X",(D8-C8),"0") -> 0 | M40: =IF(M8="X",(D8-C8),"0") -> 2 | N40: =IF(N8="X",(D8-C8),"0") -> 0 | O40: =IF(O8="X",(D8-C8),"0") -> 0 | P40: =IF(P8="X",(D8-C8),"0") -> 2 | Q40: =IF(Q8="X",(D8-C8),"0") -> 0 | R40: =IF(R8="X",(D8-C8),"0") -> 0 | S40: =IF(S8="X",(D8-C8),"0") -> 2 | T40: =IF(T8="X",(D8-C8),"0") -> 0
E41: =IF(E9="X",(D9-C9),"0") -> 0 | F41: =IF(F9="X",(D9-C9),"0") -> 0 | G41: =IF(G9="X",(D9-C9),"0") -> 2 | H41: =IF(H9="X",(D9-C9),"0") -> 0 | I41: =IF(I9="X",(D9-C9),"0") -> 0 | J41: =IF(J9="X",(D9-C9),"0") -> 0 | K41: =IF(K9="X",(D9-C9),"0") -> 2 | L41: =IF(L9="X",(D9-C9),"0") -> 0 | M41: =IF(M9="X",(D9-C9),"0") -> 2 | N41: =IF(N9="X",(D9-C9),"0") -> 0 | O41: =IF(O9="X",(D9-C9),"0") -> 0 | P41: =IF(P9="X",(D9-C9),"0") -> 2 | Q41: =IF(Q9="X",(D9-C9),"0") -> 0 | R41: =IF(R9="X",(D9-C9),"0") -> 0 | S41: =IF(S9="X",(D9-C9),"0") -> 2 | T41: =IF(T9="X",(D9-C9),"0") -> 0
E42: =IF(E10="X",(D10-C10),"0") -> 0 | F42: =IF(F10="X",(D10-C10),"0") -> 0 | G42: =IF(G10="X",(D10-C10),"0") -> 0 | H42: =IF(H10="X",(D10-C10),"0") -> 0 | I42: =IF(I10="X",(D10-C10),"0") -> 2 | J42: =IF(J10="X",(D10-C10),"0") -> 0 | K42: =IF(K10="X",(D10-C10),"0") -> 2 | L42: =IF(L10="X",(D10-C10),"0") -> 0 | M42: =IF(M10="X",(D10-C10),"0") -> 2 | N42: =IF(N10="X",(D10-C10),"0") -> 0 | O42: =IF(O10="X",(D10-C10),"0") -> 0 | P42: =IF(P10="X",(D10-C10),"0") -> 2 | Q42: =IF(Q10="X",(D10-C10),"0") -> 0 | R42: =IF(R10="X",(D10-C10),"0") -> 0 | S42: =IF(S10="X",(D10-C10),"0") -> 2 | T42: =IF(T10="X",(D10-C10),"0") -> 0
E43: =IF(E11="X",(D11-C11),"0") -> 0 | F43: =IF(F11="X",(D11-C11),"0") -> 0 | G43: =IF(G11="X",(D11-C11),"0") -> 2 | H43: =IF(H11="X",(D11-C11),"0") -> 0 | I43: =IF(I11="X",(D11-C11),"0") -> 0 | J43: =IF(J11="X",(D11-C11),"0") -> 0 | K43: =IF(K11="X",(D11-C11),"0") -> 2 | L43: =IF(L11="X",(D11-C11),"0") -> 0 | M43: =IF(M11="X",(D11-C11),"0") -> 2 | N43: =IF(N11="X",(D11-C11),"0") -> 0 | O43: =IF(O11="X",(D11-C11),"0") -> 0 | P43: =IF(P11="X",(D11-C11),"0") -> 2 | Q43: =IF(Q11="X",(D11-C11),"0") -> 0 | R43: =IF(R11="X",(D11-C11),"0") -> 0 | S43: =IF(S11="X",(D11-C11),"0") -> 2 | T43: =IF(T11="X",(D11-C11),"0") -> 0
E44: =IF(E12="X",(D12-C12),"0") -> 0 | F44: =IF(F12="X",(D12-C12),"0") -> 0 | G44: =IF(G12="X",(D12-C12),"0") -> 0 | H44: =IF(H12="X",(D12-C12),"0") -> 0 | I44: =IF(I12="X",(D12-C12),"0") -> 2 | J44: =IF(J12="X",(D12-C12),"0") -> 0 | K44: =IF(K12="X",(D12-C12),"0") -> 2 | L44: =IF(L12="X",(D12-C12),"0") -> 0 | M44: =IF(M12="X",(D12-C12),"0") -> 2 | N44: =IF(N12="X",(D12-C12),"0") -> 0 | O44: =IF(O12="X",(D12-C12),"0") -> 0 | P44: =IF(P12="X",(D12-C12),"0") -> 2 | Q44: =IF(Q12="X",(D12-C12),"0") -> 0 | R44: =IF(R12="X",(D12-C12),"0") -> 0 | S44: =IF(S12="X",(D12-C12),"0") -> 2 | T44: =IF(T12="X",(D12-C12),"0") -> 0
E45: =IF(E13="X",(D13-C13),"0") -> 0 | F45: =IF(F13="X",(D13-C13),"0") -> 0 | G45: =IF(G13="X",(D13-C13),"0") -> 2 | H45: =IF(H13="X",(D13-C13),"0") -> 0 | I45: =IF(I13="X",(D13-C13),"0") -> 0 | J45: =IF(J13="X",(D13-C13),"0") -> 0 | K45: =IF(K13="X",(D13-C13),"0") -> 2 | L45: =IF(L13="X",(D13-C13),"0") -> 0 | M45: =IF(M13="X",(D13-C13),"0") -> 2 | N45: =IF(N13="X",(D13-C13),"0") -> 0 | O45: =IF(O13="X",(D13-C13),"0") -> 0 | P45: =IF(P13="X",(D13-C13),"0") -> 2 | Q45: =IF(Q13="X",(D13-C13),"0") -> 0 | R45: =IF(R13="X",(D13-C13),"0") -> 0 | S45: =IF(S13="X",(D13-C13),"0") -> 2 | T45: =IF(T13="X",(D13-C13),"0") -> 0
E46: =IF(E14="X",(D14-C14),"0") -> 0 | F46: =IF(F14="X",(D14-C14),"0") -> 0 | G46: =IF(G14="X",(D14-C14),"0") -> 0 | H46: =IF(H14="X",(D14-C14),"0") -> 0 | I46: =IF(I14="X",(D14-C14),"0") -> 2 | J46: =IF(J14="X",(D14-C14),"0") -> 0 | K46: =IF(K14="X",(D14-C14),"0") -> 2 | L46: =IF(L14="X",(D14-C14),"0") -> 0 | M46: =IF(M14="X",(D14-C14),"0") -> 2 | N46: =IF(N14="X",(D14-C14),"0") -> 0 | O46: =IF(O14="X",(D14-C14),"0") -> 0 | P46: =IF(P14="X",(D14-C14),"0") -> 2 | Q46: =IF(Q14="X",(D14-C14),"0") -> 0 | R46: =IF(R14="X",(D14-C14),"0") -> 0 | S46: =IF(S14="X",(D14-C14),"0") -> 2 | T46: =IF(T14="X",(D14-C14),"0") -> 0
E47: =IF(E15="X",(D15-C15),"0") -> 0 | F47: =IF(F15="X",(D15-C15),"0") -> 0 | G47: =IF(G15="X",(D15-C15),"0") -> 2 | H47: =IF(H15="X",(D15-C15),"0") -> 0 | I47: =IF(I15="X",(D15-C15),"0") -> 0 | J47: =IF(J15="X",(D15-C15),"0") -> 0 | K47: =IF(K15="X",(D15-C15),"0") -> 2 | L47: =IF(L15="X",(D15-C15),"0") -> 0 | M47: =IF(M15="X",(D15-C15),"0") -> 2 | N47: =IF(N15="X",(D15-C15),"0") -> 0 | O47: =IF(O15="X",(D15-C15),"0") -> 0 | P47: =IF(P15="X",(D15-C15),"0") -> 2 | Q47: =IF(Q15="X",(D15-C15),"0") -> 0 | R47: =IF(R15="X",(D15-C15),"0") -> 0 | S47: =IF(S15="X",(D15-C15),"0") -> 2 | T47: =IF(T15="X",(D15-C15),"0") -> 0
E48: =IF(E16="X",(D16-C16),"0") -> 0 | F48: =IF(F16="X",(D16-C16),"0") -> 0 | G48: =IF(G16="X",(D16-C16),"0") -> 0 | H48: =IF(H16="X",(D16-C16),"0") -> 0 | I48: =IF(I16="X",(D16-C16),"0") -> 2 | J48: =IF(J16="X",(D16-C16),"0") -> 0 | K48: =IF(K16="X",(D16-C16),"0") -> 2 | L48: =IF(L16="X",(D16-C16),"0") -> 0 | M48: =IF(M16="X",(D16-C16),"0") -> 2 | N48: =IF(N16="X",(D16-C16),"0") -> 0 | O48: =IF(O16="X",(D16-C16),"0") -> 0 | P48: =IF(P16="X",(D16-C16),"0") -> 2 | Q48: =IF(Q16="X",(D16-C16),"0") -> 0 | R48: =IF(R16="X",(D16-C16),"0") -> 0 | S48: =IF(S16="X",(D16-C16),"0") -> 2 | T48: =IF(T16="X",(D16-C16),"0") -> 0
E49: =IF(E17="X",(D17-C17),"0") -> 0 | F49: =IF(F17="X",(D17-C17),"0") -> 2 | G49: =IF(G17="X",(D17-C17),"0") -> 0 | H49: =IF(H17="X",(D17-C17),"0") -> 0 | I49: =IF(I17="X",(D17-C17),"0") -> 0 | J49: =IF(J17="X",(D17-C17),"0") -> 0 | K49: =IF(K17="X",(D17-C17),"0") -> 2 | L49: =IF(L17="X",(D17-C17),"0") -> 0 | M49: =IF(M17="X",(D17-C17),"0") -> 2 | N49: =IF(N17="X",(D17-C17),"0") -> 0 | O49: =IF(O17="X",(D17-C17),"0") -> 0 | P49: =IF(P17="X",(D17-C17),"0") -> 2 | Q49: =IF(Q17="X",(D17-C17),"0") -> 0 | R49: =IF(R17="X",(D17-C17),"0") -> 0 | S49: =IF(S17="X",(D17-C17),"0") -> 2 | T49: =IF(T17="X",(D17-C17),"0") -> 0
E50: =IF(E18="X",(D18-C18),"0") -> 0 | F50: =IF(F18="X",(D18-C18),"0") -> 0 | G50: =IF(G18="X",(D18-C18),"0") -> 0 | H50: =IF(H18="X",(D18-C18),"0") -> 0 | I50: =IF(I18="X",(D18-C18),"0") -> 2 | J50: =IF(J18="X",(D18-C18),"0") -> 0 | K50: =IF(K18="X",(D18-C18),"0") -> 2 | L50: =IF(L18="X",(D18-C18),"0") -> 0 | M50: =IF(M18="X",(D18-C18),"0") -> 2 | N50: =IF(N18="X",(D18-C18),"0") -> 0 | O50: =IF(O18="X",(D18-C18),"0") -> 0 | P50: =IF(P18="X",(D18-C18),"0") -> 2 | Q50: =IF(Q18="X",(D18-C18),"0") -> 0 | R50: =IF(R18="X",(D18-C18),"0") -> 0 | S50: =IF(S18="X",(D18-C18),"0") -> 2 | T50: =IF(T18="X",(D18-C18),"0") -> 0
E51: =IF(E19="X",(D19-C19),"0") -> 0 | F51: =IF(F19="X",(D19-C19),"0") -> 1.5 | G51: =IF(G19="X",(D19-C19),"0") -> 0 | H51: =IF(H19="X",(D19-C19),"0") -> 0 | I51: =IF(I19="X",(D19-C19),"0") -> 0 | J51: =IF(J19="X",(D19-C19),"0") -> 0 | K51: =IF(K19="X",(D19-C19),"0") -> 1.5 | L51: =IF(L19="X",(D19-C19),"0") -> 0 | M51: =IF(M19="X",(D19-C19),"0") -> 1.5 | N51: =IF(N19="X",(D19-C19),"0") -> 0 | O51: =IF(O19="X",(D19-C19),"0") -> 0 | P51: =IF(P19="X",(D19-C19),"0") -> 1.5 | Q51: =IF(Q19="X",(D19-C19),"0") -> 0 | R51: =IF(R19="X",(D19-C19),"0") -> 0 | S51: =IF(S19="X",(D19-C19),"0") -> 1.5 | T51: =IF(T19="X",(D19-C19),"0") -> 0
E52: =IF(E20="X",(D20-C20),"0") -> 0 | F52: =IF(#REF!="X",(D20-C20),"0") -> #REF! | G52: =IF(F20="X",(D20-C20),"0") -> 0 | H52: =IF(H20="X",(D20-C20),"0") -> 1.5 | I52: =IF(I20="X",(D20-C20),"0") -> 0 | J52: =IF(J20="X",(D20-C20),"0") -> 0 | K52: =IF(K20="X",(D20-C20),"0") -> 1.5 | L52: =IF(L20="X",(D20-C20),"0") -> 0 | M52: =IF(M20="X",(D20-C20),"0") -> 1.5 | N52: =IF(N20="X",(D20-C20),"0") -> 0 | O52: =IF(O20="X",(D20-C20),"0") -> 0 | P52: =IF(P20="X",(D20-C20),"0") -> 1.5 | Q52: =IF(Q20="X",(D20-C20),"0") -> 0 | R52: =IF(R20="X",(D20-C20),"0") -> 0 | S52: =IF(S20="X",(D20-C20),"0") -> 1.5 | T52: =IF(T20="X",(D20-C20),"0") -> 0
E53: =IF(E21="X",(D21-C21),"0") -> 0 | F53: =IF(F21="X",(D21-C21),"0") -> 0 | G53: =IF(G21="X",(D21-C21),"0") -> -6.92 | H53: =IF(H21="X",(D21-C21),"0") -> 0 | I53: =IF(I21="X",(D21-C21),"0") -> 0 | J53: =IF(J21="X",(D21-C21),"0") -> 0 | K53: =IF(K21="X",(D21-C21),"0") -> -6.92 | L53: =IF(L21="X",(D21-C21),"0") -> 0 | M53: =IF(M21="X",(D21-C21),"0") -> -6.92 | N53: =IF(N21="X",(D21-C21),"0") -> 0 | O53: =IF(O21="X",(D21-C21),"0") -> 0 | P53: =IF(P21="X",(D21-C21),"0") -> -6.92 | Q53: =IF(Q21="X",(D21-C21),"0") -> 0 | R53: =IF(R21="X",(D21-C21),"0") -> 0 | S53: =IF(S21="X",(D21-C21),"0") -> 0 | T53: =IF(T21="X",(D21-C21),"0") -> -6.92
E54: =IF(E22="X",(D22-C22),"0") -> 0 | F54: =IF(F22="X",(D22-C22),"0") -> 0 | G54: =IF(G22="X",(D22-C22),"0") -> 2.18 | H54: =IF(H22="X",(D22-C22),"0") -> 0 | I54: =IF(I22="X",(D22-C22),"0") -> 0 | J54: =IF(J22="X",(D22-C22),"0") -> 0 | K54: =IF(K22="X",(D22-C22),"0") -> 2.18 | L54: =IF(L22="X",(D22-C22),"0") -> 0 | M54: =IF(M22="X",(D22-C22),"0") -> 2.18 | N54: =IF(N22="X",(D22-C22),"0") -> 0 | O54: =IF(O22="X",(D22-C22),"0") -> 0 | P54: =IF(P22="X",(D22-C22),"0") -> 0 | Q54: =IF(Q22="X",(D22-C22),"0") -> 2.18 | R54: =IF(R22="X",(D22-C22),"0") -> 0 | S54: =IF(S22="X",(D22-C22),"0") -> 2.18 | T54: =IF(T22="X",(D22-C22),"0") -> 0
E55: =IF(E23="X",(D23-C23),"0") -> 0 | F55: =IF(F23="X",(D23-C23),"0") -> 0 | G55: =IF(G23="X",(D23-C23),"0") -> 0 | H55: =IF(H23="X",(D23-C23),"0") -> 0 | I55: =IF(I23="X",(D23-C23),"0") -> 0 | J55: =IF(J23="X",(D23-C23),"0") -> 0 | K55: =IF(K23="X",(D23-C23),"0") -> 0 | L55: =IF(L23="X",(D23-C23),"0") -> 0 | M55: =IF(M23="X",(D23-C23),"0") -> 0 | N55: =IF(N23="X",(D23-C23),"0") -> 0 | O55: =IF(O23="X",(D23-C23),"0") -> 0 | P55: =IF(P23="X",(D23-C23),"0") -> 0 | Q55: =IF(Q23="X",(D23-C23),"0") -> 0 | R55: =IF(R23="X",(D23-C23),"0") -> 0 | S55: =IF(S23="X",(D23-C23),"0") -> 0 | T55: =IF(T23="X",(D23-C23),"0") -> 0
E56: =IF(E24="X",(D24-C24),"0") -> 0 | F56: =IF(F24="X",(D24-C24),"0") -> 0 | G56: =IF(G24="X",(D24-C24),"0") -> 0 | H56: =IF(H24="X",(D24-C24),"0") -> 0 | I56: =IF(I24="X",(D24-C24),"0") -> 0 | J56: =IF(J24="X",(D24-C24),"0") -> 0 | K56: =IF(K24="X",(D24-C24),"0") -> 0 | L56: =IF(L24="X",(D24-C24),"0") -> 0 | M56: =IF(M24="X",(D24-C24),"0") -> 0 | N56: =IF(N24="X",(D24-C24),"0") -> 0 | O56: =IF(O24="X",(D24-C24),"0") -> 0 | P56: =IF(P24="X",(D24-C24),"0") -> 0 | Q56: =IF(Q24="X",(D24-C24),"0") -> 0 | R56: =IF(R24="X",(D24-C24),"0") -> 0 | S56: =IF(S24="X",(D24-C24),"0") -> 0 | T56: =IF(T24="X",(D24-C24),"0") -> 0
E57: =IF(E25="X",(D25-C25),"0") -> 0 | F57: =IF(F25="X",(D25-C25),"0") -> 0 | G57: =IF(G25="X",(D25-C25),"0") -> 0 | H57: =IF(H25="X",(D25-C25),"0") -> 0 | I57: =IF(I25="X",(D25-C25),"0") -> 0 | J57: =IF(J25="X",(D25-C25),"0") -> 0 | K57: =IF(K25="X",(D25-C25),"0") -> 0 | L57: =IF(L25="X",(D25-C25),"0") -> 0 | M57: =IF(M25="X",(D25-C25),"0") -> 0 | N57: =IF(N25="X",(D25-C25),"0") -> 0 | O57: =IF(O25="X",(D25-C25),"0") -> 0 | P57: =IF(P25="X",(D25-C25),"0") -> 0 | Q57: =IF(Q25="X",(D25-C25),"0") -> 0 | R57: =IF(R25="X",(D25-C25),"0") -> 0 | S57: =IF(S25="X",(D25-C25),"0") -> 0 | T57: =IF(T25="X",(D25-C25),"0") -> 0
E58: =IF(E26="X",(D26-C26),"0") -> 0 | F58: =IF(F26="X",(D26-C26),"0") -> 0 | G58: =IF(G26="X",(D26-C26),"0") -> 0 | H58: =IF(H26="X",(D26-C26),"0") -> 0 | I58: =IF(I26="X",(D26-C26),"0") -> 0 | J58: =IF(J26="X",(D26-C26),"0") -> 0 | K58: =IF(K26="X",(D26-C26),"0") -> 0 | L58: =IF(L26="X",(D26-C26),"0") -> 0 | M58: =IF(M26="X",(D26-C26),"0") -> 0 | N58: =IF(N26="X",(D26-C26),"0") -> 0 | O58: =IF(O26="X",(D26-C26),"0") -> 0 | P58: =IF(P26="X",(D26-C26),"0") -> 0 | Q58: =IF(Q26="X",(D26-C26),"0") -> 0 | R58: =IF(R26="X",(D26-C26),"0") -> 0 | S58: =IF(S26="X",(D26-C26),"0") -> 0 | T58: =IF(T26="X",(D26-C26),"0") -> 0
E59: =IF(E27="X",(D27-C27),"0") -> 0 | F59: =IF(F27="X",(D27-C27),"0") -> 0 | G59: =IF(G27="X",(D27-C27),"0") -> 0 | H59: =IF(H27="X",(D27-C27),"0") -> 0 | I59: =IF(I27="X",(D27-C27),"0") -> 0 | J59: =IF(J27="X",(D27-C27),"0") -> 0 | K59: =IF(K27="X",(D27-C27),"0") -> 0 | L59: =IF(L27="X",(D27-C27),"0") -> 0 | M59: =IF(M27="X",(D27-C27),"0") -> 0 | N59: =IF(N27="X",(D27-C27),"0") -> 0 | O59: =IF(O27="X",(D27-C27),"0") -> 0 | P59: =IF(P27="X",(D27-C27),"0") -> 0 | Q59: =IF(Q27="X",(D27-C27),"0") -> 0 | R59: =IF(R27="X",(D27-C27),"0") -> 0 | S59: =IF(S27="X",(D27-C27),"0") -> 0 | T59: =IF(T27="X",(D27-C27),"0") -> 0
E60: =IF(E28="X",(D28-C28),"0") -> 0 | F60: =IF(F28="X",(D28-C28),"0") -> 0 | G60: =IF(G28="X",(D28-C28),"0") -> 0 | H60: =IF(H28="X",(D28-C28),"0") -> 0 | I60: =IF(I28="X",(D28-C28),"0") -> 0 | J60: =IF(J28="X",(D28-C28),"0") -> 0 | K60: =IF(K28="X",(D28-C28),"0") -> 0 | L60: =IF(L28="X",(D28-C28),"0") -> 0 | M60: =IF(M28="X",(D28-C28),"0") -> 0 | N60: =IF(N28="X",(D28-C28),"0") -> 0 | O60: =IF(O28="X",(D28-C28),"0") -> 0 | P60: =IF(P28="X",(D28-C28),"0") -> 0 | Q60: =IF(Q28="X",(D28-C28),"0") -> 0 | R60: =IF(R28="X",(D28-C28),"0") -> 0 | S60: =IF(S28="X",(D28-C28),"0") -> 0 | T60: =IF(T28="X",(D28-C28),"0") -> 0
E61: =IF(E29="X",(D29-C29),"0") -> 0 | F61: =IF(F29="X",(D29-C29),"0") -> 0 | G61: =IF(G29="X",(D29-C29),"0") -> 0 | H61: =IF(H29="X",(D29-C29),"0") -> 0 | I61: =IF(I29="X",(D29-C29),"0") -> 0 | J61: =IF(J29="X",(D29-C29),"0") -> 0 | K61: =IF(K29="X",(D29-C29),"0") -> 0 | L61: =IF(L29="X",(D29-C29),"0") -> 0 | M61: =IF(M29="X",(D29-C29),"0") -> 0 | N61: =IF(N29="X",(D29-C29),"0") -> 0 | O61: =IF(O29="X",(D29-C29),"0") -> 0 | P61: =IF(P29="X",(D29-C29),"0") -> 0 | Q61: =IF(Q29="X",(D29-C29),"0") -> 0 | R61: =IF(R29="X",(D29-C29),"0") -> 0 | S61: =IF(S29="X",(D29-C29),"0") -> 0 | T61: =IF(T29="X",(D29-C29),"0") -> 0
E62: =IF(E30="X",(D30-C30),"0") -> 0 | F62: =IF(F30="X",(D30-C30),"0") -> 0 | G62: =IF(G30="X",(D30-C30),"0") -> 0 | H62: =IF(H30="X",(D30-C30),"0") -> 0 | I62: =IF(I30="X",(D30-C30),"0") -> 0 | J62: =IF(J30="X",(D30-C30),"0") -> 0 | K62: =IF(K30="X",(D30-C30),"0") -> 0 | L62: =IF(L30="X",(D30-C30),"0") -> 0 | M62: =IF(M30="X",(D30-C30),"0") -> 0 | N62: =IF(N30="X",(D30-C30),"0") -> 0 | O62: =IF(O30="X",(D30-C30),"0") -> 0 | P62: =IF(P30="X",(D30-C30),"0") -> 0 | Q62: =IF(Q30="X",(D30-C30),"0") -> 0 | R62: =IF(R30="X",(D30-C30),"0") -> 0 | S62: =IF(S30="X",(D30-C30),"0") -> 0 | T62: =IF(T30="X",(D30-C30),"0") -> 0
E63: =IF(E31="X",(D31-C31),"0") -> 0 | F63: =IF(F31="X",(D31-C31),"0") -> 0 | G63: =IF(G31="X",(D31-C31),"0") -> 0 | H63: =IF(H31="X",(D31-C31),"0") -> 0 | I63: =IF(I31="X",(D31-C31),"0") -> 0 | J63: =IF(J31="X",(D31-C31),"0") -> 0 | K63: =IF(K31="X",(D31-C31),"0") -> 0 | L63: =IF(L31="X",(D31-C31),"0") -> 0 | M63: =IF(M31="X",(D31-C31),"0") -> 0 | N63: =IF(N31="X",(D31-C31),"0") -> 0 | O63: =IF(O31="X",(D31-C31),"0") -> 0 | P63: =IF(P31="X",(D31-C31),"0") -> 0 | Q63: =IF(Q31="X",(D31-C31),"0") -> 0 | R63: =IF(R31="X",(D31-C31),"0") -> 0 | S63: =IF(S31="X",(D31-C31),"0") -> 0 | T63: =IF(T31="X",(D31-C31),"0") -> 0
E64: =IF(E32="X",(D32-C32),"0") -> 0 | F64: =IF(F32="X",(D32-C32),"0") -> 0 | G64: =IF(G32="X",(D32-C32),"0") -> 0 | H64: =IF(H32="X",(D32-C32),"0") -> 0 | I64: =IF(I32="X",(D32-C32),"0") -> 0 | J64: =IF(J32="X",(D32-C32),"0") -> 0 | K64: =IF(K32="X",(D32-C32),"0") -> 0 | L64: =IF(L32="X",(D32-C32),"0") -> 0 | M64: =IF(M32="X",(D32-C32),"0") -> 0 | N64: =IF(N32="X",(D32-C32),"0") -> 0 | O64: =IF(O32="X",(D32-C32),"0") -> 0 | P64: =IF(P32="X",(D32-C32),"0") -> 0 | Q64: =IF(Q32="X",(D32-C32),"0") -> 0 | R64: =IF(R32="X",(D32-C32),"0") -> 0 | S64: =IF(S32="X",(D32-C32),"0") -> 0 | T64: =IF(T32="X",(D32-C32),"0") -> 0
... E69: =IF(E37="X",(D37-C37),"0") -> 0 | F69: =IF(F37="X",(D37-C37),"0") -> 0 | G69: =IF(G37="X",(D37-C37),"0") -> 0 | H69: =IF(H37="X",(D37-C37),"0") -> 0 | I69: =IF(I37="X",(D37-C37),"0") -> 0 | J69: =IF(J37="X",(D37-C37),"0") -> 0 | K69: =IF(K37="X",(D37-C37),"0") -> 0 | L69: =IF(L37="X",(D37-C37),"0") -> 0 | M69: =IF(M37="X",(D37-C37),"0") -> 0 | N69: =IF(N37="X",(D37-C37),"0") -> 0 | O69: =IF(O37="X",(D37-C37),"0") -> 0 | P69: =IF(P37="X",(D37-C37),"0") -> 0 | Q69: =IF(Q37="X",(D37-C37),"0") -> 0 | R69: =IF(R37="X",(D37-C37),"0") -> 0 | S69: =IF(S37="X",(D37-C37),"0") -> 0 | T69: =IF(T37="X",(D37-C37),"0") -> 0
E72: =SUM(E39:E69) -> 0 | F72: =SUM(F39:F69) -> #REF! | G72: =SUM(G39:G69) -> 5.26 | H72: =SUM(H39:H69) -> 1.5 | I72: =SUM(I39:I69) -> 12 | J72: =SUM(J39:J69) -> 0 | K72: =SUM(K39:K69) -> 22.26 | L72: =SUM(L39:L69) -> 0 | ... T72: =SUM(T39:T69) -> -6.92

Sheet 10
A1: PROGRAMA DE MANUTENÇÃORODOVIÁRIA
D2: RODOVIAS PAVIMENTADAS | I2: DATA: | J2: ='1'!$J$2 -> 46174 | N2: TÉCNICO RESP. | O2: ='1'!$O$2 -> LABORATORISTA -Claudiomiro V.Lopes
A3: FICHA DE INSPEÇÃO: | B3: =TT!C13 -> RODOVIA TO-134 - TRECHO ANGICO - DARCINÓPOLIS
A5: S.R.E. | B5: SENTIDO | C5: INÍCIO (KM) | D5: FIM (KM) | E5: CONDIÇÃO DO PAVIMENTO | J5: VEGETAÇÃO | L5: ELEM. DE DRENAGEM | O5: SIN. HOR. | R5: SIN. VERTICAL | U5: OBSERV.
E6: BOM | F6: REM. I. | G6: REM. L | H6: BUR. I | I6: BUR. L | J6: ADEQ. | K6: INADED. | L6: LIMPOS | M6: SUJOS | N6: DAN. | O6: BOM | P6: REG. | Q6: INEXIST. | R6: BOM | S6: POUCAS | T6: INEXIST.
A7: 134ETO0220 | C7: 0 | D7: 2 | G7: X | K7: X | M7: X | O7: X | S7: X
A8: 134ETO0230 | C8: 0 | D8: 2 | E8: X | K8: X | M8: X | P8: X | S8: X
C9: 2 | D9: 4 | E9: X | K9: X | M9: X | O9: X | S9: X
C10: 2 | D10: 4 | F10: X | K10: X | M10: X | P10: X | S10: X
C11: 4 | D11: 6 | E11: X | K11: X | M11: X | P11: X | T11: X
C12: 6 | D12: 8 | E12: X | K12: X | M12: X | O12: X | S12: X
C13: 8 | D13: 10 | E13: X | K13: X | M13: X | O13: X | S13: X
C14: 10 | D14: 12 | E14: X | K14: X | M14: X | O14: X | S14: X
C15: 12 | D15: 14 | E15: X | K15: X | M15: X | O15: X | S15: X
C16: 12 | D16: 14 | E16: X | K16: X | M16: X | O16: X | S16: X
C17: 14 | D17: 16 | E17: X | K17: X | M17: X | O17: X | S17: X
C18: 14 | D18: 16 | F18: X | K18: X | M18: X | O18: X | S18: X
C19: 16 | D19: 18 | E19: X | K19: X | M19: X | O19: X | S19: X
C20: 18 | D20: 20 | E20: X | K20: X | M20: X | O20: X | S20: X
C21: 20 | D21: 22 | E21: X | K21: X | M21: X | O21: X | S21: X
C22: 22 | D22: 24 | E22: X | K22: X | M22: X | O22: X | S22: X
C23: 24 | D23: 26 | E23: X | K23: X | M23: X | O23: X | T23: X
C24: 24 | D24: 26 | G24: X | K24: X | M24: X | O24: X | S24: X
C25: 26 | D25: 28 | E25: X | K25: X | M25: X | O25: X | S25: X
C26: 28 | D26: 30 | E26: X | K26: X | M26: X | O26: X | S26: X
C27: 30 | D27: 32 | E27: X | K27: X | M27: X | O27: X | S27: X
C28: 32 | D28: 34 | E28: X | K28: X | M28: X | O28: X | S28: X
C29: 34 | D29: 36 | E29: X | K29: X | M29: X | O29: X | S29: X
C30: 36 | D30: 38 | E30: X | K30: X | M30: X | O30: X | S30: X
C31: 36 | D31: 38 | F31: X | K31: X | M31: X | O31: X | S31: X
C32: 38 | D32: 40 | E32: X | K32: X | M32: X | O32: X | S32: X
C33: 40 | D33: 42 | E33: X | K33: X | M33: X | O33: X | S33: X
C34: 42 | D34: 44 | E34: X | K34: X | M34: X | O34: X | S34: X
C35: 42 | D35: 44 | E35: X | K35: X | M35: X | O35: X | T35: X
C36: 44 | D36: 45.3 | E36: X | K36: X | M36: X | O36: X | S36: X
A41: LEGENDA | B41: CONDIÇÃO DO PAVIMENTO
A42: REM. I | B42: REMENDOS ISOLADOS | E42: ATÉ 10 REMENDOS/KM | I42: BUR. I | J42: BURACOS ISOLADOS | M42: ATÉ 5 BURACOS/KM
A43: REM. L | B43: REMENDOS AO LONGO | E43: MAIS DE 10 REMENDOS/KM | I43: BUR. L | J43: BURACOS AO LONGO | M43: MAIS DE 5 BURACOS/KM
E48: =IF(E7="X",(D7-C7),"0") -> 0 | F48: =IF(F7="X",(D7-C7),"0") -> 0 | G48: =IF(G7="X",(D7-C7),"0") -> 2 | H48: =IF(H7="X",(D7-C7),"0") -> 0 | I48: =IF(I7="X",(D7-C7),"0") -> 0 | J48: =IF(J7="X",(D7-C7),"0") -> 0 | K48: =IF(K7="X",(D7-C7),"0") -> 2 | L48: =IF(L7="X",(D7-C7),"0") -> 0 | M48: =IF(M7="X",(D7-C7),"0") -> 2 | N48: =IF(N7="X",(D7-C7),"0") -> 0 | O48: =IF(O7="X",(D7-C7),"0") -> 2 | P48: =IF(P7="X",(D7-C7),"0") -> 0 | Q48: =IF(Q7="X",(D7-C7),"0") -> 0 | R48: =IF(R7="X",(D7-C7),"0") -> 0 | S48: =IF(S7="X",(D7-C7),"0") -> 2 | T48: =IF(T7="X",(D7-C7),"0") -> 0
E49: =IF(E8="X",(D8-C8),"0") -> 2 | F49: =IF(F8="X",(D8-C8),"0") -> 0 | G49: =IF(G8="X",(D8-C8),"0") -> 0 | H49: =IF(H8="X",(D8-C8),"0") -> 0 | I49: =IF(I8="X",(D8-C8),"0") -> 0 | J49: =IF(J8="X",(D8-C8),"0") -> 0 | K49: =IF(K8="X",(D8-C8),"0") -> 2 | L49: =IF(L8="X",(D8-C8),"0") -> 0 | M49: =IF(M8="X",(D8-C8),"0") -> 2 | N49: =IF(N8="X",(D8-C8),"0") -> 0 | O49: =IF(O8="X",(D8-C8),"0") -> 0 | P49: =IF(P8="X",(D8-C8),"0") -> 2 | Q49: =IF(Q8="X",(D8-C8),"0") -> 0 | R49: =IF(R8="X",(D8-C8),"0") -> 0 | S49: =IF(S8="X",(D8-C8),"0") -> 2 | T49: =IF(T8="X",(D8-C8),"0") -> 0
E50: =IF(E9="X",(D9-C9),"0") -> 2 | F50: =IF(F9="X",(D9-C9),"0") -> 0 | G50: =IF(G9="X",(D9-C9),"0") -> 0 | H50: =IF(H9="X",(D9-C9),"0") -> 0 | I50: =IF(I9="X",(D9-C9),"0") -> 0 | J50: =IF(J9="X",(D9-C9),"0") -> 0 | K50: =IF(K9="X",(D9-C9),"0") -> 2 | L50: =IF(L9="X",(D9-C9),"0") -> 0 | M50: =IF(M9="X",(D9-C9),"0") -> 2 | N50: =IF(N9="X",(D9-C9),"0") -> 0 | O50: =IF(O9="X",(D9-C9),"0") -> 2 | P50: =IF(P9="X",(D9-C9),"0") -> 0 | Q50: =IF(Q9="X",(D9-C9),"0") -> 0 | R50: =IF(R9="X",(D9-C9),"0") -> 0 | S50: =IF(S9="X",(D9-C9),"0") -> 2 | T50: =IF(T9="X",(D9-C9),"0") -> 0
E51: =IF(E10="X",(D10-C10),"0") -> 0 | F51: =IF(F10="X",(D10-C10),"0") -> 2 | G51: =IF(G10="X",(D10-C10),"0") -> 0 | H51: =IF(H10="X",(D10-C10),"0") -> 0 | I51: =IF(I10="X",(D10-C10),"0") -> 0 | J51: =IF(J10="X",(D10-C10),"0") -> 0 | K51: =IF(K10="X",(D10-C10),"0") -> 2 | L51: =IF(L10="X",(D10-C10),"0") -> 0 | M51: =IF(M10="X",(D10-C10),"0") -> 2 | N51: =IF(N10="X",(D10-C10),"0") -> 0 | O51: =IF(O10="X",(D10-C10),"0") -> 0 | P51: =IF(P10="X",(D10-C10),"0") -> 2 | Q51: =IF(Q10="X",(D10-C10),"0") -> 0 | R51: =IF(R10="X",(D10-C10),"0") -> 0 | S51: =IF(S10="X",(D10-C10),"0") -> 2 | T51: =IF(T10="X",(D10-C10),"0") -> 0
E52: =IF(E11="X",(D11-C11),"0") -> 2 | F52: =IF(F11="X",(D11-C11),"0") -> 0 | G52: =IF(G11="X",(D11-C11),"0") -> 0 | H52: =IF(H11="X",(D11-C11),"0") -> 0 | I52: =IF(I11="X",(D11-C11),"0") -> 0 | J52: =IF(J11="X",(D11-C11),"0") -> 0 | K52: =IF(K11="X",(D11-C11),"0") -> 2 | L52: =IF(L11="X",(D11-C11),"0") -> 0 | M52: =IF(M11="X",(D11-C11),"0") -> 2 | N52: =IF(N11="X",(D11-C11),"0") -> 0 | O52: =IF(O11="X",(D11-C11),"0") -> 0 | P52: =IF(P11="X",(D11-C11),"0") -> 2 | Q52: =IF(Q11="X",(D11-C11),"0") -> 0 | R52: =IF(R11="X",(D11-C11),"0") -> 0 | S52: =IF(S11="X",(D11-C11),"0") -> 0 | T52: =IF(T11="X",(D11-C11),"0") -> 2
E53: =IF(E12="X",(D12-C12),"0") -> 2 | F53: =IF(F12="X",(D12-C12),"0") -> 0 | G53: =IF(G12="X",(D12-C12),"0") -> 0 | H53: =IF(H12="X",(D12-C12),"0") -> 0 | I53: =IF(I12="X",(D12-C12),"0") -> 0 | J53: =IF(J12="X",(D12-C12),"0") -> 0 | K53: =IF(K12="X",(D12-C12),"0") -> 2 | L53: =IF(L12="X",(D12-C12),"0") -> 0 | M53: =IF(M12="X",(D12-C12),"0") -> 2 | N53: =IF(N12="X",(D12-C12),"0") -> 0 | O53: =IF(O12="X",(D12-C12),"0") -> 2 | P53: =IF(P12="X",(D12-C12),"0") -> 0 | Q53: =IF(Q12="X",(D12-C12),"0") -> 0 | R53: =IF(R12="X",(D12-C12),"0") -> 0 | S53: =IF(S12="X",(D12-C12),"0") -> 2 | T53: =IF(T12="X",(D12-C12),"0") -> 0
E54: =IF(E13="X",(D13-C13),"0") -> 2 | F54: =IF(F13="X",(D13-C13),"0") -> 0 | G54: =IF(G13="X",(D13-C13),"0") -> 0 | H54: =IF(H13="X",(D13-C13),"0") -> 0 | I54: =IF(I13="X",(D13-C13),"0") -> 0 | J54: =IF(J13="X",(D13-C13),"0") -> 0 | K54: =IF(K13="X",(D13-C13),"0") -> 2 | L54: =IF(L13="X",(D13-C13),"0") -> 0 | M54: =IF(M13="X",(D13-C13),"0") -> 2 | N54: =IF(N13="X",(D13-C13),"0") -> 0 | O54: =IF(O13="X",(D13-C13),"0") -> 2 | P54: =IF(P13="X",(D13-C13),"0") -> 0 | Q54: =IF(Q13="X",(D13-C13),"0") -> 0 | R54: =IF(R13="X",(D13-C13),"0") -> 0 | S54: =IF(S13="X",(D13-C13),"0") -> 2 | T54: =IF(T13="X",(D13-C13),"0") -> 0
E55: =IF(E14="X",(D14-C14),"0") -> 2 | F55: =IF(F14="X",(D14-C14),"0") -> 0 | G55: =IF(G14="X",(D14-C14),"0") -> 0 | H55: =IF(H14="X",(D14-C14),"0") -> 0 | I55: =IF(I14="X",(D14-C14),"0") -> 0 | J55: =IF(J14="X",(D14-C14),"0") -> 0 | K55: =IF(K14="X",(D14-C14),"0") -> 2 | L55: =IF(L14="X",(D14-C14),"0") -> 0 | M55: =IF(M14="X",(D14-C14),"0") -> 2 | N55: =IF(N14="X",(D14-C14),"0") -> 0 | O55: =IF(O14="X",(D14-C14),"0") -> 2 | P55: =IF(P14="X",(D14-C14),"0") -> 0 | Q55: =IF(Q14="X",(D14-C14),"0") -> 0 | R55: =IF(R14="X",(D14-C14),"0") -> 0 | S55: =IF(S14="X",(D14-C14),"0") -> 2 | T55: =IF(T14="X",(D14-C14),"0") -> 0
E56: =IF(E15="X",(D15-C15),"0") -> 2 | F56: =IF(F15="X",(D15-C15),"0") -> 0 | G56: =IF(G15="X",(D15-C15),"0") -> 0 | H56: =IF(H15="X",(D15-C15),"0") -> 0 | I56: =IF(I15="X",(D15-C15),"0") -> 0 | J56: =IF(J15="X",(D15-C15),"0") -> 0 | K56: =IF(K15="X",(D15-C15),"0") -> 2 | L56: =IF(L15="X",(D15-C15),"0") -> 0 | M56: =IF(M15="X",(D15-C15),"0") -> 2 | N56: =IF(N15="X",(D15-C15),"0") -> 0 | O56: =IF(O15="X",(D15-C15),"0") -> 2 | P56: =IF(P15="X",(D15-C15),"0") -> 0 | Q56: =IF(Q15="X",(D15-C15),"0") -> 0 | R56: =IF(R15="X",(D15-C15),"0") -> 0 | S56: =IF(S15="X",(D15-C15),"0") -> 2 | T56: =IF(T15="X",(D15-C15),"0") -> 0
E57: =IF(E16="X",(D16-C16),"0") -> 2 | F57: =IF(F16="X",(D16-C16),"0") -> 0 | G57: =IF(G16="X",(D16-C16),"0") -> 0 | H57: =IF(H16="X",(D16-C16),"0") -> 0 | I57: =IF(I16="X",(D16-C16),"0") -> 0 | J57: =IF(J16="X",(D16-C16),"0") -> 0 | K57: =IF(K16="X",(D16-C16),"0") -> 2 | L57: =IF(L16="X",(D16-C16),"0") -> 0 | M57: =IF(M16="X",(D16-C16),"0") -> 2 | N57: =IF(N16="X",(D16-C16),"0") -> 0 | O57: =IF(O16="X",(D16-C16),"0") -> 2 | P57: =IF(P16="X",(D16-C16),"0") -> 0 | Q57: =IF(Q16="X",(D16-C16),"0") -> 0 | R57: =IF(R16="X",(D16-C16),"0") -> 0 | S57: =IF(S16="X",(D16-C16),"0") -> 2 | T57: =IF(T16="X",(D16-C16),"0") -> 0
E58: =IF(E17="X",(D17-C17),"0") -> 2 | F58: =IF(F17="X",(D17-C17),"0") -> 0 | G58: =IF(G17="X",(D17-C17),"0") -> 0 | H58: =IF(H17="X",(D17-C17),"0") -> 0 | I58: =IF(I17="X",(D17-C17),"0") -> 0 | J58: =IF(J17="X",(D17-C17),"0") -> 0 | K58: =IF(K17="X",(D17-C17),"0") -> 2 | L58: =IF(L17="X",(D17-C17),"0") -> 0 | M58: =IF(M17="X",(D17-C17),"0") -> 2 | N58: =IF(N17="X",(D17-C17),"0") -> 0 | O58: =IF(O17="X",(D17-C17),"0") -> 2 | P58: =IF(P17="X",(D17-C17),"0") -> 0 | Q58: =IF(Q17="X",(D17-C17),"0") -> 0 | R58: =IF(R17="X",(D17-C17),"0") -> 0 | S58: =IF(S17="X",(D17-C17),"0") -> 2 | T58: =IF(T17="X",(D17-C17),"0") -> 0
E59: =IF(E27="X",(D27-C27),"0") -> 2 | F59: =IF(F27="X",(D27-C27),"0") -> 0 | G59: =IF(G27="X",(D27-C27),"0") -> 0 | H59: =IF(H27="X",(D27-C27),"0") -> 0 | I59: =IF(I27="X",(D27-C27),"0") -> 0 | J59: =IF(J27="X",(D27-C27),"0") -> 0 | K59: =IF(K27="X",(D27-C27),"0") -> 2 | L59: =IF(L27="X",(D27-C27),"0") -> 0 | M59: =IF(M27="X",(D27-C27),"0") -> 2 | N59: =IF(N27="X",(D27-C27),"0") -> 0 | O59: =IF(O27="X",(D27-C27),"0") -> 2 | P59: =IF(P27="X",(D27-C27),"0") -> 0 | Q59: =IF(Q27="X",(D27-C27),"0") -> 0 | R59: =IF(R27="X",(D27-C27),"0") -> 0 | S59: =IF(S27="X",(D27-C27),"0") -> 2 | T59: =IF(T27="X",(D27-C27),"0") -> 0
E60: =IF(E28="X",(D28-C28),"0") -> 2 | F60: =IF(F28="X",(D28-C28),"0") -> 0 | G60: =IF(G28="X",(D28-C28),"0") -> 0 | H60: =IF(H28="X",(D28-C28),"0") -> 0 | I60: =IF(I28="X",(D28-C28),"0") -> 0 | J60: =IF(J28="X",(D28-C28),"0") -> 0 | K60: =IF(K28="X",(D28-C28),"0") -> 2 | L60: =IF(L28="X",(D28-C28),"0") -> 0 | M60: =IF(M28="X",(D28-C28),"0") -> 2 | N60: =IF(N28="X",(D28-C28),"0") -> 0 | O60: =IF(O28="X",(D28-C28),"0") -> 2 | P60: =IF(P28="X",(D28-C28),"0") -> 0 | Q60: =IF(Q28="X",(D28-C28),"0") -> 0 | R60: =IF(R28="X",(D28-C28),"0") -> 0 | S60: =IF(S28="X",(D28-C28),"0") -> 2 | T60: =IF(T28="X",(D28-C28),"0") -> 0
E61: =IF(E29="X",(D29-C29),"0") -> 2 | F61: =IF(F29="X",(D29-C29),"0") -> 0 | G61: =IF(G29="X",(D29-C29),"0") -> 0 | H61: =IF(H29="X",(D29-C29),"0") -> 0 | I61: =IF(I29="X",(D29-C29),"0") -> 0 | J61: =IF(J29="X",(D29-C29),"0") -> 0 | K61: =IF(K29="X",(D29-C29),"0") -> 2 | L61: =IF(L29="X",(D29-C29),"0") -> 0 | M61: =IF(M29="X",(D29-C29),"0") -> 2 | N61: =IF(N29="X",(D29-C29),"0") -> 0 | O61: =IF(O29="X",(D29-C29),"0") -> 2 | P61: =IF(P29="X",(D29-C29),"0") -> 0 | Q61: =IF(Q29="X",(D29-C29),"0") -> 0 | R61: =IF(R29="X",(D29-C29),"0") -> 0 | S61: =IF(S29="X",(D29-C29),"0") -> 2 | T61: =IF(T29="X",(D29-C29),"0") -> 0
E62: =IF(E30="X",(D30-C30),"0") -> 2 | F62: =IF(F30="X",(D30-C30),"0") -> 0 | G62: =IF(G30="X",(D30-C30),"0") -> 0 | H62: =IF(H30="X",(D30-C30),"0") -> 0 | I62: =IF(I30="X",(D30-C30),"0") -> 0 | J62: =IF(J30="X",(D30-C30),"0") -> 0 | K62: =IF(K30="X",(D30-C30),"0") -> 2 | L62: =IF(L30="X",(D30-C30),"0") -> 0 | M62: =IF(M30="X",(D30-C30),"0") -> 2 | N62: =IF(N30="X",(D30-C30),"0") -> 0 | O62: =IF(O30="X",(D30-C30),"0") -> 2 | P62: =IF(P30="X",(D30-C30),"0") -> 0 | Q62: =IF(Q30="X",(D30-C30),"0") -> 0 | R62: =IF(R30="X",(D30-C30),"0") -> 0 | S62: =IF(S30="X",(D30-C30),"0") -> 2 | T62: =IF(T30="X",(D30-C30),"0") -> 0
E63: =IF(E31="X",(D31-C31),"0") -> 0 | F63: =IF(F31="X",(D31-C31),"0") -> 2 | G63: =IF(G31="X",(D31-C31),"0") -> 0 | H63: =IF(H31="X",(D31-C31),"0") -> 0 | I63: =IF(I31="X",(D31-C31),"0") -> 0 | J63: =IF(J31="X",(D31-C31),"0") -> 0 | K63: =IF(K31="X",(D31-C31),"0") -> 2 | L63: =IF(L31="X",(D31-C31),"0") -> 0 | M63: =IF(M31="X",(D31-C31),"0") -> 2 | N63: =IF(N31="X",(D31-C31),"0") -> 0 | O63: =IF(O31="X",(D31-C31),"0") -> 2 | P63: =IF(P31="X",(D31-C31),"0") -> 0 | Q63: =IF(Q31="X",(D31-C31),"0") -> 0 | R63: =IF(R31="X",(D31-C31),"0") -> 0 | S63: =IF(S31="X",(D31-C31),"0") -> 2 | T63: =IF(T31="X",(D31-C31),"0") -> 0
E64: =IF(E32="X",(D32-C32),"0") -> 2 | F64: =IF(F32="X",(D32-C32),"0") -> 0 | G64: =IF(G32="X",(D32-C32),"0") -> 0 | H64: =IF(H32="X",(D32-C32),"0") -> 0 | I64: =IF(I32="X",(D32-C32),"0") -> 0 | J64: =IF(J32="X",(D32-C32),"0") -> 0 | K64: =IF(K32="X",(D32-C32),"0") -> 2 | L64: =IF(L32="X",(D32-C32),"0") -> 0 | M64: =IF(M32="X",(D32-C32),"0") -> 2 | N64: =IF(N32="X",(D32-C32),"0") -> 0 | O64: =IF(O32="X",(D32-C32),"0") -> 2 | P64: =IF(P32="X",(D32-C32),"0") -> 0 | Q64: =IF(Q32="X",(D32-C32),"0") -> 0 | R64: =IF(R32="X",(D32-C32),"0") -> 0 | S64: =IF(S32="X",(D32-C32),"0") -> 2 | T64: =IF(T32="X",(D32-C32),"0") -> 0
E65: =IF(E33="X",(D33-C33),"0") -> 2 | F65: =IF(F33="X",(D33-C33),"0") -> 0 | G65: =IF(G33="X",(D33-C33),"0") -> 0 | H65: =IF(H33="X",(D33-C33),"0") -> 0 | I65: =IF(I33="X",(D33-C33),"0") -> 0 | J65: =IF(J33="X",(D33-C33),"0") -> 0 | K65: =IF(K33="X",(D33-C33),"0") -> 2 | L65: =IF(L33="X",(D33-C33),"0") -> 0 | M65: =IF(M33="X",(D33-C33),"0") -> 2 | N65: =IF(N33="X",(D33-C33),"0") -> 0 | O65: =IF(O33="X",(D33-C33),"0") -> 2 | P65: =IF(P33="X",(D33-C33),"0") -> 0 | Q65: =IF(Q33="X",(D33-C33),"0") -> 0 | R65: =IF(R33="X",(D33-C33),"0") -> 0 | S65: =IF(S33="X",(D33-C33),"0") -> 2 | T65: =IF(T33="X",(D33-C33),"0") -> 0
E66: =IF(E34="X",(D34-C34),"0") -> 2 | F66: =IF(F34="X",(D34-C34),"0") -> 0 | G66: =IF(G34="X",(D34-C34),"0") -> 0 | H66: =IF(H34="X",(D34-C34),"0") -> 0 | I66: =IF(I34="X",(D34-C34),"0") -> 0 | J66: =IF(J34="X",(D34-C34),"0") -> 0 | K66: =IF(K34="X",(D34-C34),"0") -> 2 | L66: =IF(L34="X",(D34-C34),"0") -> 0 | M66: =IF(M34="X",(D34-C34),"0") -> 2 | N66: =IF(N34="X",(D34-C34),"0") -> 0 | O66: =IF(O34="X",(D34-C34),"0") -> 2 | P66: =IF(P34="X",(D34-C34),"0") -> 0 | Q66: =IF(Q34="X",(D34-C34),"0") -> 0 | R66: =IF(R34="X",(D34-C34),"0") -> 0 | S66: =IF(S34="X",(D34-C34),"0") -> 2 | T66: =IF(T34="X",(D34-C34),"0") -> 0
E67: =IF(E35="X",(D35-C35),"0") -> 2 | F67: =IF(F35="X",(D35-C35),"0") -> 0 | G67: =IF(G35="X",(D35-C35),"0") -> 0 | H67: =IF(H35="X",(D35-C35),"0") -> 0 | I67: =IF(I35="X",(D35-C35),"0") -> 0 | J67: =IF(J35="X",(D35-C35),"0") -> 0 | K67: =IF(K35="X",(D35-C35),"0") -> 2 | L67: =IF(L35="X",(D35-C35),"0") -> 0 | M67: =IF(M35="X",(D35-C35),"0") -> 2 | N67: =IF(N35="X",(D35-C35),"0") -> 0 | O67: =IF(O35="X",(D35-C35),"0") -> 2 | P67: =IF(P35="X",(D35-C35),"0") -> 0 | Q67: =IF(Q35="X",(D35-C35),"0") -> 0 | R67: =IF(R35="X",(D35-C35),"0") -> 0 | S67: =IF(S35="X",(D35-C35),"0") -> 0 | T67: =IF(T35="X",(D35-C35),"0") -> 2
E68: =IF(E36="X",(D36-C36),"0") -> 1.3 | F68: =IF(F36="X",(D36-C36),"0") -> 0 | G68: =IF(G36="X",(D36-C36),"0") -> 0 | H68: =IF(H36="X",(D36-C36),"0") -> 0 | I68: =IF(I36="X",(D36-C36),"0") -> 0 | J68: =IF(J36="X",(D36-C36),"0") -> 0 | K68: =IF(K36="X",(D36-C36),"0") -> 1.3 | L68: =IF(L36="X",(D36-C36),"0") -> 0 | M68: =IF(M36="X",(D36-C36),"0") -> 1.3 | N68: =IF(N36="X",(D36-C36),"0") -> 0 | O68: =IF(O36="X",(D36-C36),"0") -> 1.3 | P68: =IF(P36="X",(D36-C36),"0") -> 0 | Q68: =IF(Q36="X",(D36-C36),"0") -> 0 | R68: =IF(R36="X",(D36-C36),"0") -> 0 | S68: =IF(S36="X",(D36-C36),"0") -> 1.3 | T68: =IF(T36="X",(D36-C36),"0") -> 0
E69: =IF(E37="X",(D37-C37),"0") -> 0 | F69: =IF(F37="X",(D37-C37),"0") -> 0 | G69: =IF(G37="X",(D37-C37),"0") -> 0 | H69: =IF(H37="X",(D37-C37),"0") -> 0 | I69: =IF(I37="X",(D37-C37),"0") -> 0 | J69: =IF(J37="X",(D37-C37),"0") -> 0 | K69: =IF(K37="X",(D37-C37),"0") -> 0 | L69: =IF(L37="X",(D37-C37),"0") -> 0 | M69: =IF(M37="X",(D37-C37),"0") -> 0 | N69: =IF(N37="X",(D37-C37),"0") -> 0 | O69: =IF(O37="X",(D37-C37),"0") -> 0 | P69: =IF(P37="X",(D37-C37),"0") -> 0 | Q69: =IF(Q37="X",(D37-C37),"0") -> 0 | R69: =IF(R37="X",(D37-C37),"0") -> 0 | S69: =IF(S37="X",(D37-C37),"0") -> 0 | T69: =IF(T37="X",(D37-C37),"0") -> 0
E70: =IF(E38="X",(D38-C38),"0") -> 0 | F70: =IF(F38="X",(D38-C38),"0") -> 0 | G70: =IF(G38="X",(D38-C38),"0") -> 0 | H70: =IF(H38="X",(D38-C38),"0") -> 0 | I70: =IF(I38="X",(D38-C38),"0") -> 0 | J70: =IF(J38="X",(D38-C38),"0") -> 0 | K70: =IF(K38="X",(D38-C38),"0") -> 0 | L70: =IF(L38="X",(D38-C38),"0") -> 0 | M70: =IF(M38="X",(D38-C38),"0") -> 0 | N70: =IF(N38="X",(D38-C38),"0") -> 0 | O70: =IF(O38="X",(D38-C38),"0") -> 0 | P70: =IF(P38="X",(D38-C38),"0") -> 0 | Q70: =IF(Q38="X",(D38-C38),"0") -> 0 | R70: =IF(R38="X",(D38-C38),"0") -> 0 | S70: =IF(S38="X",(D38-C38),"0") -> 0 | T70: =IF(T38="X",(D38-C38),"0") -> 0
... E136: =IF(E104="X",(D104-C104),"0") -> 0 | F136: =IF(F104="X",(D104-C104),"0") -> 0 | G136: =IF(G104="X",(D104-C104),"0") -> 0 | H136: =IF(H104="X",(D104-C104),"0") -> 0 | I136: =IF(I104="X",(D104-C104),"0") -> 0 | J136: =IF(J104="X",(D104-C104),"0") -> 0 | K136: =IF(K104="X",(D104-C104),"0") -> 0 | L136: =IF(L104="X",(D104-C104),"0") -> 0 | M136: =IF(M104="X",(D104-C104),"0") -> 0 | N136: =IF(N104="X",(D104-C104),"0") -> 0 | O136: =IF(O104="X",(D104-C104),"0") -> 0 | P136: =IF(P104="X",(D104-C104),"0") -> 0 | Q136: =IF(Q104="X",(D104-C104),"0") -> 0 | R136: =IF(R104="X",(D104-C104),"0") -> 0 | S136: =IF(S104="X",(D104-C104),"0") -> 0 | T136: =IF(T104="X",(D104-C104),"0") -> 0
E139: =SUM(E48:E136) -> 35.3 | F139: =SUM(F48:F136) -> 4 | G139: =SUM(G48:G136) -> 2 | H139: =SUM(H48:H136) -> 0 | I139: =SUM(I48:I136) -> 0 | J139: =SUM(J48:J136) -> 0 | K139: =SUM(K48:K136) -> 41.3 | L139: =SUM(L48:L136) -> 0 | ... T139: =SUM(T48:T136) -> 4

Sheet 11
A1: PROGRAMA DE MANUTENÇÃORODOVIÁRIA
D2: RODOVIAS PAVIMENTADAS | I2: DATA: | J2: ='1'!$J$2 -> 46174 | N2: TÉCNICO RESP. | O2: ='1'!$O$2 -> LABORATORISTA -Claudiomiro V.Lopes
A3: FICHA DE INSPEÇÃO: | B3: =TT!C14 -> RODOVIA TO-134 - TRECHO LUZINÓPOLIS - ANGICO
A5: S.R.E. | B5: SENTIDO | C5: INÍCIO (KM) | D5: FIM (KM) | E5: CONDIÇÃO DO PAVIMENTO | J5: VEGETAÇÃO | L5: ELEM. DE DRENAGEM | O5: SIN. HOR. | R5: SIN. VERTICAL | U5: OBSERV.
E6: BOM | F6: REM. I. | G6: REM. L | H6: BUR. I | I6: BUR. L | J6: ADEQ. | K6: INADED. | L6: LIMPOS | M6: SUJOS | N6: DAN. | O6: BOM | P6: REG. | Q6: INEXIST. | R6: BOM | S6: POUCAS | T6: INEXIST.
A7: 134ETO0180 | C7: 0 | D7: 2 | E7: X | K7: X | M7: X | O7: X | T7: X
A8: 134ETO0190 | C8: 0 | D8: 2 | G8: X | K8: X | M8: X | P8: X | T8: X
A9: 134ETO0200 | C9: =D8 -> 2 | D9: 4 | G9: X | K9: X | M9: X | P9: X | T9: X
C10: 2 | D10: 4 | E10: X | K10: X | M10: X | O10: X | T10: X
C11: =D10 -> 4 | D11: 6 | G11: X | K11: X | M11: X | P11: X | T11: X
C12: 4 | D12: 6 | E12: X | K12: X | M12: X | O12: X | T12: X
C13: =D12 -> 6 | D13: 8 | E13: X | K13: X | M13: X | O13: X | S13: X
C14: 6 | D14: 8 | G14: X | K14: X | M14: X | P14: X | S14: X
C15: 8 | D15: 10 | E15: X | K15: X | M15: X | P15: X | S15: X
C16: 8 | D16: 10 | G16: X | K16: X | M16: X | O16: X | S16: X
C17: =D16 -> 10 | D17: 12 | G17: X | K17: X | M17: X | O17: X | S17: X
C18: 10 | D18: 12 | E18: X | K18: X | M18: X | P18: X | S18: X
C19: 12 | D19: 14 | E19: X | F19: X | K19: X | M19: X | O19: X | T19: X
C20: 12 | D20: 14 | E20: X | F20: X | K20: X | M20: X | P20: X | T20: X
C21: =D20 -> 14 | D21: 16 | F21: X | K21: X | M21: X | P21: X | S21: X
C22: 14 | D22: 16 | E22: X | K22: X | M22: X | O22: X | S22: X
C23: 16 | D23: 18 | F23: X | K23: X | M23: X | P23: X | S23: X
C24: 16 | D24: 18 | E24: X | K24: X | M24: X | O24: X | S24: X
C25: =D24 -> 18 | D25: 20 | E25: X | K25: X | M25: X | O25: X | T25: X
C26: 18 | D26: 20 | F26: X | K26: X | M26: X | P26: X | T26: X
C27: =D26 -> 20 | D27: 22 | E27: X | K27: X | M27: X | O27: X | T27: X
C28: 20 | D28: 22 | G28: X | K28: X | M28: X | P28: X | T28: X
C29: 22 | D29: 24 | E29: X | K29: X | M29: X | P29: X | S29: X
C30: 22 | D30: 24 | G30: X | K30: X | M30: X | O30: X | S30: X
C31: 22 | D31: 24 | F31: X | K31: X | M31: X | P31: X | S31: X
C32: 24 | D32: 24.5 | E32: X | K32: X | M32: X | O32: X | S32: X
C33: 24 | D33: 24.5 | E33: X | K33: X | M33: X | P33: X | S33: X
A36: LEGENDA | B36: CONDIÇÃO DO PAVIMENTO
A37: REM. I | B37: REMENDOS ISOLADOS | E37: ATÉ 10 REMENDOS/KM | I37: BUR. I | J37: BURACOS ISOLADOS | M37: ATÉ 5 BURACOS/KM
A38: REM. L | B38: REMENDOS AO LONGO | E38: MAIS DE 10 REMENDOS/KM | I38: BUR. L | J38: BURACOS AO LONGO | M38: MAIS DE 5 BURACOS/KM
E43: =IF(E7="X",(D7-C7),"0") -> 2 | F43: =IF(F7="X",(D7-C7),"0") -> 0 | G43: =IF(G7="X",(D7-C7),"0") -> 0 | H43: =IF(H7="X",(D7-C7),"0") -> 0 | I43: =IF(I7="X",(D7-C7),"0") -> 0 | J43: =IF(J7="X",(D7-C7),"0") -> 0 | K43: =IF(K7="X",(D7-C7),"0") -> 2 | L43: =IF(L7="X",(D7-C7),"0") -> 0 | M43: =IF(M7="X",(D7-C7),"0") -> 2 | N43: =IF(N7="X",(D7-C7),"0") -> 0 | O43: =IF(O7="X",(D7-C7),"0") -> 2 | P43: =IF(P7="X",(D7-C7),"0") -> 0 | Q43: =IF(Q7="X",(D7-C7),"0") -> 0 | R43: =IF(R7="X",(D7-C7),"0") -> 0 | S43: =IF(S7="X",(D7-C7),"0") -> 0 | T43: =IF(T7="X",(D7-C7),"0") -> 2
E44: =IF(E8="X",(D8-C8),"0") -> 0 | F44: =IF(F8="X",(D8-C8),"0") -> 0 | G44: =IF(G8="X",(D8-C8),"0") -> 2 | H44: =IF(H8="X",(D8-C8),"0") -> 0 | I44: =IF(I8="X",(D8-C8),"0") -> 0 | J44: =IF(J8="X",(D8-C8),"0") -> 0 | K44: =IF(K8="X",(D8-C8),"0") -> 2 | L44: =IF(L8="X",(D8-C8),"0") -> 0 | M44: =IF(M8="X",(D8-C8),"0") -> 2 | N44: =IF(N8="X",(D8-C8),"0") -> 0 | O44: =IF(O8="X",(D8-C8),"0") -> 0 | P44: =IF(P8="X",(D8-C8),"0") -> 2 | Q44: =IF(Q8="X",(D8-C8),"0") -> 0 | R44: =IF(R8="X",(D8-C8),"0") -> 0 | S44: =IF(S8="X",(D8-C8),"0") -> 0 | T44: =IF(T8="X",(D8-C8),"0") -> 2
E45: =IF(E9="X",(D9-C9),"0") -> 0 | F45: =IF(F9="X",(D9-C9),"0") -> 0 | G45: =IF(G9="X",(D9-C9),"0") -> 2 | H45: =IF(H9="X",(D9-C9),"0") -> 0 | I45: =IF(I9="X",(D9-C9),"0") -> 0 | J45: =IF(J9="X",(D9-C9),"0") -> 0 | K45: =IF(K9="X",(D9-C9),"0") -> 2 | L45: =IF(L9="X",(D9-C9),"0") -> 0 | M45: =IF(M9="X",(D9-C9),"0") -> 2 | N45: =IF(N9="X",(D9-C9),"0") -> 0 | O45: =IF(O9="X",(D9-C9),"0") -> 0 | P45: =IF(P9="X",(D9-C9),"0") -> 2 | Q45: =IF(Q9="X",(D9-C9),"0") -> 0 | R45: =IF(R9="X",(D9-C9),"0") -> 0 | S45: =IF(S9="X",(D9-C9),"0") -> 0 | T45: =IF(T9="X",(D9-C9),"0") -> 2
E46: =IF(E10="X",(D10-C10),"0") -> 2 | F46: =IF(F10="X",(D10-C10),"0") -> 0 | G46: =IF(G10="X",(D10-C10),"0") -> 0 | H46: =IF(H10="X",(D10-C10),"0") -> 0 | I46: =IF(I10="X",(D10-C10),"0") -> 0 | J46: =IF(J10="X",(D10-C10),"0") -> 0 | K46: =IF(K10="X",(D10-C10),"0") -> 2 | L46: =IF(L10="X",(D10-C10),"0") -> 0 | M46: =IF(M10="X",(D10-C10),"0") -> 2 | N46: =IF(N10="X",(D10-C10),"0") -> 0 | O46: =IF(O10="X",(D10-C10),"0") -> 2 | P46: =IF(P10="X",(D10-C10),"0") -> 0 | Q46: =IF(Q10="X",(D10-C10),"0") -> 0 | R46: =IF(R10="X",(D10-C10),"0") -> 0 | S46: =IF(S10="X",(D10-C10),"0") -> 0 | T46: =IF(T10="X",(D10-C10),"0") -> 2
E47: =IF(E11="X",(D11-C11),"0") -> 0 | F47: =IF(F11="X",(D11-C11),"0") -> 0 | G47: =IF(G11="X",(D11-C11),"0") -> 2 | H47: =IF(H11="X",(D11-C11),"0") -> 0 | I47: =IF(I11="X",(D11-C11),"0") -> 0 | J47: =IF(J11="X",(D11-C11),"0") -> 0 | K47: =IF(K11="X",(D11-C11),"0") -> 2 | L47: =IF(L11="X",(D11-C11),"0") -> 0 | M47: =IF(M11="X",(D11-C11),"0") -> 2 | N47: =IF(N11="X",(D11-C11),"0") -> 0 | O47: =IF(O11="X",(D11-C11),"0") -> 0 | P47: =IF(P11="X",(D11-C11),"0") -> 2 | Q47: =IF(Q11="X",(D11-C11),"0") -> 0 | R47: =IF(R11="X",(D11-C11),"0") -> 0 | S47: =IF(S11="X",(D11-C11),"0") -> 0 | T47: =IF(T11="X",(D11-C11),"0") -> 2
E48: =IF(E12="X",(D12-C12),"0") -> 2 | F48: =IF(F12="X",(D12-C12),"0") -> 0 | G48: =IF(G12="X",(D12-C12),"0") -> 0 | H48: =IF(H12="X",(D12-C12),"0") -> 0 | I48: =IF(I12="X",(D12-C12),"0") -> 0 | J48: =IF(J12="X",(D12-C12),"0") -> 0 | K48: =IF(K12="X",(D12-C12),"0") -> 2 | L48: =IF(L12="X",(D12-C12),"0") -> 0 | M48: =IF(M12="X",(D12-C12),"0") -> 2 | N48: =IF(N12="X",(D12-C12),"0") -> 0 | O48: =IF(O12="X",(D12-C12),"0") -> 2 | P48: =IF(P12="X",(D12-C12),"0") -> 0 | Q48: =IF(Q12="X",(D12-C12),"0") -> 0 | R48: =IF(R12="X",(D12-C12),"0") -> 0 | S48: =IF(S12="X",(D12-C12),"0") -> 0 | T48: =IF(T12="X",(D12-C12),"0") -> 2
E49: =IF(E13="X",(D13-C13),"0") -> 2 | F49: =IF(F13="X",(D13-C13),"0") -> 0 | G49: =IF(G13="X",(D13-C13),"0") -> 0 | H49: =IF(H13="X",(D13-C13),"0") -> 0 | I49: =IF(I13="X",(D13-C13),"0") -> 0 | J49: =IF(J13="X",(D13-C13),"0") -> 0 | K49: =IF(K13="X",(D13-C13),"0") -> 2 | L49: =IF(L13="X",(D13-C13),"0") -> 0 | M49: =IF(M13="X",(D13-C13),"0") -> 2 | N49: =IF(N13="X",(D13-C13),"0") -> 0 | O49: =IF(O13="X",(D13-C13),"0") -> 2 | P49: =IF(P13="X",(D13-C13),"0") -> 0 | Q49: =IF(Q13="X",(D13-C13),"0") -> 0 | R49: =IF(R13="X",(D13-C13),"0") -> 0 | S49: =IF(S13="X",(D13-C13),"0") -> 2 | T49: =IF(T13="X",(D13-C13),"0") -> 0
E50: =IF(E14="X",(D14-C14),"0") -> 0 | F50: =IF(F14="X",(D14-C14),"0") -> 0 | G50: =IF(G14="X",(D14-C14),"0") -> 2 | H50: =IF(H14="X",(D14-C14),"0") -> 0 | I50: =IF(I14="X",(D14-C14),"0") -> 0 | J50: =IF(J14="X",(D14-C14),"0") -> 0 | K50: =IF(K14="X",(D14-C14),"0") -> 2 | L50: =IF(L14="X",(D14-C14),"0") -> 0 | M50: =IF(M14="X",(D14-C14),"0") -> 2 | N50: =IF(N14="X",(D14-C14),"0") -> 0 | O50: =IF(O14="X",(D14-C14),"0") -> 0 | P50: =IF(P14="X",(D14-C14),"0") -> 2 | Q50: =IF(Q14="X",(D14-C14),"0") -> 0 | R50: =IF(R14="X",(D14-C14),"0") -> 0 | S50: =IF(S14="X",(D14-C14),"0") -> 2 | T50: =IF(T14="X",(D14-C14),"0") -> 0
E51: =IF(E15="X",(D15-C15),"0") -> 2 | F51: =IF(F15="X",(D15-C15),"0") -> 0 | G51: =IF(G15="X",(D15-C15),"0") -> 0 | H51: =IF(H15="X",(D15-C15),"0") -> 0 | I51: =IF(I15="X",(D15-C15),"0") -> 0 | J51: =IF(J15="X",(D15-C15),"0") -> 0 | K51: =IF(K15="X",(D15-C15),"0") -> 2 | L51: =IF(L15="X",(D15-C15),"0") -> 0 | M51: =IF(M15="X",(D15-C15),"0") -> 2 | N51: =IF(N15="X",(D15-C15),"0") -> 0 | O51: =IF(O15="X",(D15-C15),"0") -> 0 | P51: =IF(P15="X",(D15-C15),"0") -> 2 | Q51: =IF(Q15="X",(D15-C15),"0") -> 0 | R51: =IF(R15="X",(D15-C15),"0") -> 0 | S51: =IF(S15="X",(D15-C15),"0") -> 2 | T51: =IF(T15="X",(D15-C15),"0") -> 0
E52: =IF(E16="X",(D16-C16),"0") -> 0 | F52: =IF(F16="X",(D16-C16),"0") -> 0 | G52: =IF(G16="X",(D16-C16),"0") -> 2 | H52: =IF(H16="X",(D16-C16),"0") -> 0 | I52: =IF(I16="X",(D16-C16),"0") -> 0 | J52: =IF(J16="X",(D16-C16),"0") -> 0 | K52: =IF(K16="X",(D16-C16),"0") -> 2 | L52: =IF(L16="X",(D16-C16),"0") -> 0 | M52: =IF(M16="X",(D16-C16),"0") -> 2 | N52: =IF(N16="X",(D16-C16),"0") -> 0 | O52: =IF(O16="X",(D16-C16),"0") -> 2 | P52: =IF(P16="X",(D16-C16),"0") -> 0 | Q52: =IF(Q16="X",(D16-C16),"0") -> 0 | R52: =IF(R16="X",(D16-C16),"0") -> 0 | S52: =IF(S16="X",(D16-C16),"0") -> 2 | T52: =IF(T16="X",(D16-C16),"0") -> 0
E53: =IF(E17="X",(D17-C17),"0") -> 0 | F53: =IF(F17="X",(D17-C17),"0") -> 0 | G53: =IF(G17="X",(D17-C17),"0") -> 2 | H53: =IF(H17="X",(D17-C17),"0") -> 0 | I53: =IF(I17="X",(D17-C17),"0") -> 0 | J53: =IF(J17="X",(D17-C17),"0") -> 0 | K53: =IF(K17="X",(D17-C17),"0") -> 2 | L53: =IF(L17="X",(D17-C17),"0") -> 0 | M53: =IF(M17="X",(D17-C17),"0") -> 2 | N53: =IF(N17="X",(D17-C17),"0") -> 0 | O53: =IF(O17="X",(D17-C17),"0") -> 2 | P53: =IF(P17="X",(D17-C17),"0") -> 0 | Q53: =IF(Q17="X",(D17-C17),"0") -> 0 | R53: =IF(R17="X",(D17-C17),"0") -> 0 | S53: =IF(S17="X",(D17-C17),"0") -> 2 | T53: =IF(T17="X",(D17-C17),"0") -> 0
E54: =IF(E18="X",(D18-C18),"0") -> 2 | F54: =IF(F18="X",(D18-C18),"0") -> 0 | G54: =IF(G18="X",(D18-C18),"0") -> 0 | H54: =IF(H18="X",(D18-C18),"0") -> 0 | I54: =IF(I18="X",(D18-C18),"0") -> 0 | J54: =IF(J18="X",(D18-C18),"0") -> 0 | K54: =IF(K18="X",(D18-C18),"0") -> 2 | L54: =IF(L18="X",(D18-C18),"0") -> 0 | M54: =IF(M18="X",(D18-C18),"0") -> 2 | N54: =IF(N18="X",(D18-C18),"0") -> 0 | O54: =IF(O18="X",(D18-C18),"0") -> 0 | P54: =IF(P18="X",(D18-C18),"0") -> 2 | Q54: =IF(Q18="X",(D18-C18),"0") -> 0 | R54: =IF(R18="X",(D18-C18),"0") -> 0 | S54: =IF(S18="X",(D18-C18),"0") -> 2 | T54: =IF(T18="X",(D18-C18),"0") -> 0
... E61: =IF(E25="X",(D25-C25),"0") -> 2 | F61: =IF(F25="X",(D25-C25),"0") -> 0 | G61: =IF(G25="X",(D25-C25),"0") -> 0 | H61: =IF(H25="X",(D25-C25),"0") -> 0 | I61: =IF(I25="X",(D25-C25),"0") -> 0 | J61: =IF(J25="X",(D25-C25),"0") -> 0 | K61: =IF(K25="X",(D25-C25),"0") -> 2 | L61: =IF(L25="X",(D25-C25),"0") -> 0 | M61: =IF(M25="X",(D25-C25),"0") -> 2 | N61: =IF(N25="X",(D25-C25),"0") -> 0 | O61: =IF(O25="X",(D25-C25),"0") -> 2 | P61: =IF(P25="X",(D25-C25),"0") -> 0 | Q61: =IF(Q25="X",(D25-C25),"0") -> 0 | R61: =IF(R25="X",(D25-C25),"0") -> 0 | S61: =IF(S25="X",(D25-C25),"0") -> 0 | T61: =IF(T25="X",(D25-C25),"0") -> 2
E62: =IF(E30="X",(D30-C30),"0") -> 0 | F62: =IF(F30="X",(D30-C30),"0") -> 0 | G62: =IF(G30="X",(D30-C30),"0") -> 2 | H62: =IF(H30="X",(D30-C30),"0") -> 0 | I62: =IF(I30="X",(D30-C30),"0") -> 0 | J62: =IF(J30="X",(D30-C30),"0") -> 0 | K62: =IF(K30="X",(D30-C30),"0") -> 2 | L62: =IF(L30="X",(D30-C30),"0") -> 0 | M62: =IF(M30="X",(D30-C30),"0") -> 2 | N62: =IF(N30="X",(D30-C30),"0") -> 0 | O62: =IF(O30="X",(D30-C30),"0") -> 2 | P62: =IF(P30="X",(D30-C30),"0") -> 0 | Q62: =IF(Q30="X",(D30-C30),"0") -> 0 | R62: =IF(R30="X",(D30-C30),"0") -> 0 | S62: =IF(S30="X",(D30-C30),"0") -> 2 | T62: =IF(T30="X",(D30-C30),"0") -> 0
E63: =IF(E31="X",(D31-C31),"0") -> 0 | F63: =IF(F31="X",(D31-C31),"0") -> 2 | G63: =IF(G31="X",(D31-C31),"0") -> 0 | H63: =IF(H31="X",(D31-C31),"0") -> 0 | I63: =IF(I31="X",(D31-C31),"0") -> 0 | J63: =IF(J31="X",(D31-C31),"0") -> 0 | K63: =IF(K31="X",(D31-C31),"0") -> 2 | L63: =IF(L31="X",(D31-C31),"0") -> 0 | M63: =IF(M31="X",(D31-C31),"0") -> 2 | N63: =IF(N31="X",(D31-C31),"0") -> 0 | O63: =IF(O31="X",(D31-C31),"0") -> 0 | P63: =IF(P31="X",(D31-C31),"0") -> 2 | Q63: =IF(Q31="X",(D31-C31),"0") -> 0 | R63: =IF(R31="X",(D31-C31),"0") -> 0 | S63: =IF(S31="X",(D31-C31),"0") -> 2 | T63: =IF(T31="X",(D31-C31),"0") -> 0
E64: =IF(E32="X",(D32-C32),"0") -> 0.5 | F64: =IF(F32="X",(D32-C32),"0") -> 0 | G64: =IF(G32="X",(D32-C32),"0") -> 0 | H64: =IF(H32="X",(D32-C32),"0") -> 0 | I64: =IF(I32="X",(D32-C32),"0") -> 0 | J64: =IF(J32="X",(D32-C32),"0") -> 0 | K64: =IF(K32="X",(D32-C32),"0") -> 0.5 | L64: =IF(L32="X",(D32-C32),"0") -> 0 | M64: =IF(M32="X",(D32-C32),"0") -> 0.5 | N64: =IF(N32="X",(D32-C32),"0") -> 0 | O64: =IF(O32="X",(D32-C32),"0") -> 0.5 | P64: =IF(P32="X",(D32-C32),"0") -> 0 | Q64: =IF(Q32="X",(D32-C32),"0") -> 0 | R64: =IF(R32="X",(D32-C32),"0") -> 0 | S64: =IF(S32="X",(D32-C32),"0") -> 0.5 | T64: =IF(T32="X",(D32-C32),"0") -> 0
E65: =IF(E33="X",(D33-C33),"0") -> 0.5 | F65: =IF(F33="X",(D33-C33),"0") -> 0 | G65: =IF(G33="X",(D33-C33),"0") -> 0 | H65: =IF(H33="X",(D33-C33),"0") -> 0 | I65: =IF(I33="X",(D33-C33),"0") -> 0 | J65: =IF(J33="X",(D33-C33),"0") -> 0 | K65: =IF(K33="X",(D33-C33),"0") -> 0.5 | L65: =IF(L33="X",(D33-C33),"0") -> 0 | M65: =IF(M33="X",(D33-C33),"0") -> 0.5 | N65: =IF(N33="X",(D33-C33),"0") -> 0 | O65: =IF(O33="X",(D33-C33),"0") -> 0 | P65: =IF(P33="X",(D33-C33),"0") -> 0.5 | Q65: =IF(Q33="X",(D33-C33),"0") -> 0 | R65: =IF(R33="X",(D33-C33),"0") -> 0 | S65: =IF(S33="X",(D33-C33),"0") -> 0.5 | T65: =IF(T33="X",(D33-C33),"0") -> 0
E66: =IF(E34="X",(D34-C34),"0") -> 0 | F66: =IF(F34="X",(D34-C34),"0") -> 0 | G66: =IF(G34="X",(D34-C34),"0") -> 0 | H66: =IF(H34="X",(D34-C34),"0") -> 0 | I66: =IF(I34="X",(D34-C34),"0") -> 0 | J66: =IF(J34="X",(D34-C34),"0") -> 0 | K66: =IF(K34="X",(D34-C34),"0") -> 0 | L66: =IF(L34="X",(D34-C34),"0") -> 0 | M66: =IF(M34="X",(D34-C34),"0") -> 0 | N66: =IF(N34="X",(D34-C34),"0") -> 0 | O66: =IF(O34="X",(D34-C34),"0") -> 0 | P66: =IF(P34="X",(D34-C34),"0") -> 0 | Q66: =IF(Q34="X",(D34-C34),"0") -> 0 | R66: =IF(R34="X",(D34-C34),"0") -> 0 | S66: =IF(S34="X",(D34-C34),"0") -> 0 | T66: =IF(T34="X",(D34-C34),"0") -> 0
E67: =IF(E35="X",(D35-C35),"0") -> 0 | F67: =IF(F35="X",(D35-C35),"0") -> 0 | G67: =IF(G35="X",(D35-C35),"0") -> 0 | H67: =IF(H35="X",(D35-C35),"0") -> 0 | I67: =IF(I35="X",(D35-C35),"0") -> 0 | J67: =IF(J35="X",(D35-C35),"0") -> 0 | K67: =IF(K35="X",(D35-C35),"0") -> 0 | L67: =IF(L35="X",(D35-C35),"0") -> 0 | M67: =IF(M35="X",(D35-C35),"0") -> 0 | N67: =IF(N35="X",(D35-C35),"0") -> 0 | O67: =IF(O35="X",(D35-C35),"0") -> 0 | P67: =IF(P35="X",(D35-C35),"0") -> 0 | Q67: =IF(Q35="X",(D35-C35),"0") -> 0 | R67: =IF(R35="X",(D35-C35),"0") -> 0 | S67: =IF(S35="X",(D35-C35),"0") -> 0 | T67: =IF(T35="X",(D35-C35),"0") -> 0
E68: =IF(E36="X",(D36-C36),"0") -> 0 | F68: =IF(F36="X",(D36-C36),"0") -> 0 | G68: =IF(G36="X",(D36-C36),"0") -> 0 | H68: =IF(H36="X",(D36-C36),"0") -> 0 | I68: =IF(I36="X",(D36-C36),"0") -> 0 | J68: =IF(J36="X",(D36-C36),"0") -> 0 | K68: =IF(K36="X",(D36-C36),"0") -> 0 | L68: =IF(L36="X",(D36-C36),"0") -> 0 | M68: =IF(M36="X",(D36-C36),"0") -> 0 | N68: =IF(N36="X",(D36-C36),"0") -> 0 | O68: =IF(O36="X",(D36-C36),"0") -> 0 | P68: =IF(P36="X",(D36-C36),"0") -> 0 | Q68: =IF(Q36="X",(D36-C36),"0") -> 0 | R68: =IF(R36="X",(D36-C36),"0") -> 0 | S68: =IF(S36="X",(D36-C36),"0") -> 0 | T68: =IF(T36="X",(D36-C36),"0") -> 0
E69: =IF(E37="X",(D37-C37),"0") -> 0 | F69: =IF(F37="X",(D37-C37),"0") -> 0 | G69: =IF(G37="X",(D37-C37),"0") -> 0 | H69: =IF(H37="X",(D37-C37),"0") -> 0 | I69: =IF(I37="X",(D37-C37),"0") -> 0 | J69: =IF(J37="X",(D37-C37),"0") -> 0 | K69: =IF(K37="X",(D37-C37),"0") -> 0 | L69: =IF(L37="X",(D37-C37),"0") -> 0 | M69: =IF(M37="X",(D37-C37),"0") -> 0 | N69: =IF(N37="X",(D37-C37),"0") -> 0 | O69: =IF(O37="X",(D37-C37),"0") -> 0 | P69: =IF(P37="X",(D37-C37),"0") -> 0 | Q69: =IF(Q37="X",(D37-C37),"0") -> 0 | R69: =IF(R37="X",(D37-C37),"0") -> 0 | S69: =IF(S37="X",(D37-C37),"0") -> 0 | T69: =IF(T37="X",(D37-C37),"0") -> 0
E70: =IF(E38="X",(D38-C38),"0") -> 0 | F70: =IF(F38="X",(D38-C38),"0") -> 0 | G70: =IF(G38="X",(D38-C38),"0") -> 0 | H70: =IF(H38="X",(D38-C38),"0") -> 0 | I70: =IF(I38="X",(D38-C38),"0") -> 0 | J70: =IF(J38="X",(D38-C38),"0") -> 0 | K70: =IF(K38="X",(D38-C38),"0") -> 0 | L70: =IF(L38="X",(D38-C38),"0") -> 0 | M70: =IF(M38="X",(D38-C38),"0") -> 0 | N70: =IF(N38="X",(D38-C38),"0") -> 0 | O70: =IF(O38="X",(D38-C38),"0") -> 0 | P70: =IF(P38="X",(D38-C38),"0") -> 0 | Q70: =IF(Q38="X",(D38-C38),"0") -> 0 | R70: =IF(R38="X",(D38-C38),"0") -> 0 | S70: =IF(S38="X",(D38-C38),"0") -> 0 | T70: =IF(T38="X",(D38-C38),"0") -> 0
E71: =IF(E39="X",(D39-C39),"0") -> 0 | F71: =IF(F39="X",(D39-C39),"0") -> 0 | G71: =IF(G39="X",(D39-C39),"0") -> 0 | H71: =IF(H39="X",(D39-C39),"0") -> 0 | I71: =IF(I39="X",(D39-C39),"0") -> 0 | J71: =IF(J39="X",(D39-C39),"0") -> 0 | K71: =IF(K39="X",(D39-C39),"0") -> 0 | L71: =IF(L39="X",(D39-C39),"0") -> 0 | M71: =IF(M39="X",(D39-C39),"0") -> 0 | N71: =IF(N39="X",(D39-C39),"0") -> 0 | O71: =IF(O39="X",(D39-C39),"0") -> 0 | P71: =IF(P39="X",(D39-C39),"0") -> 0 | Q71: =IF(Q39="X",(D39-C39),"0") -> 0 | R71: =IF(R39="X",(D39-C39),"0") -> 0 | S71: =IF(S39="X",(D39-C39),"0") -> 0 | T71: =IF(T39="X",(D39-C39),"0") -> 0
E72: =IF(E40="X",(D40-C40),"0") -> 0 | F72: =IF(F40="X",(D40-C40),"0") -> 0 | G72: =IF(G40="X",(D40-C40),"0") -> 0 | H72: =IF(H40="X",(D40-C40),"0") -> 0 | I72: =IF(I40="X",(D40-C40),"0") -> 0 | J72: =IF(J40="X",(D40-C40),"0") -> 0 | K72: =IF(K40="X",(D40-C40),"0") -> 0 | L72: =IF(L40="X",(D40-C40),"0") -> 0 | M72: =IF(M40="X",(D40-C40),"0") -> 0 | N72: =IF(N40="X",(D40-C40),"0") -> 0 | O72: =IF(O40="X",(D40-C40),"0") -> 0 | P72: =IF(P40="X",(D40-C40),"0") -> 0 | Q72: =IF(Q40="X",(D40-C40),"0") -> 0 | R72: =IF(R40="X",(D40-C40),"0") -> 0 | S72: =IF(S40="X",(D40-C40),"0") -> 0 | T72: =IF(T40="X",(D40-C40),"0") -> 0
E73: =IF(E41="X",(D41-C41),"0") -> 0 | F73: =IF(F41="X",(D41-C41),"0") -> 0 | G73: =IF(G41="X",(D41-C41),"0") -> 0 | H73: =IF(H41="X",(D41-C41),"0") -> 0 | I73: =IF(I41="X",(D41-C41),"0") -> 0 | J73: =IF(J41="X",(D41-C41),"0") -> 0 | K73: =IF(K41="X",(D41-C41),"0") -> 0 | L73: =IF(L41="X",(D41-C41),"0") -> 0 | M73: =IF(M41="X",(D41-C41),"0") -> 0 | N73: =IF(N41="X",(D41-C41),"0") -> 0 | O73: =IF(O41="X",(D41-C41),"0") -> 0 | P73: =IF(P41="X",(D41-C41),"0") -> 0 | Q73: =IF(Q41="X",(D41-C41),"0") -> 0 | R73: =IF(R41="X",(D41-C41),"0") -> 0 | S73: =IF(S41="X",(D41-C41),"0") -> 0 | T73: =IF(T41="X",(D41-C41),"0") -> 0
... E131: =IF(E99="X",(D99-C99),"0") -> 0 | F131: =IF(F99="X",(D99-C99),"0") -> 0 | G131: =IF(G99="X",(D99-C99),"0") -> 0 | H131: =IF(H99="X",(D99-C99),"0") -> 0 | I131: =IF(I99="X",(D99-C99),"0") -> 0 | J131: =IF(J99="X",(D99-C99),"0") -> 0 | K131: =IF(K99="X",(D99-C99),"0") -> 0 | L131: =IF(L99="X",(D99-C99),"0") -> 0 | M131: =IF(M99="X",(D99-C99),"0") -> 0 | N131: =IF(N99="X",(D99-C99),"0") -> 0 | O131: =IF(O99="X",(D99-C99),"0") -> 0 | P131: =IF(P99="X",(D99-C99),"0") -> 0 | Q131: =IF(Q99="X",(D99-C99),"0") -> 0 | R131: =IF(R99="X",(D99-C99),"0") -> 0 | S131: =IF(S99="X",(D99-C99),"0") -> 0 | T131: =IF(T99="X",(D99-C99),"0") -> 0
E134: =SUM(E43:E131) -> 23 | F134: =SUM(F43:F131) -> 10 | G134: =SUM(G43:G131) -> 14 | H134: =SUM(H43:H131) -> 0 | I134: =SUM(I43:I131) -> 0 | J134: =SUM(J43:J131) -> 0 | K134: =SUM(K43:K131) -> 43 | L134: =SUM(L43:L131) -> 0 | ... T134: =SUM(T43:T131) -> 18

Sheet 13
A1: PROGRAMA DE MANUTENÇÃORODOVIÁRIA
D2: RODOVIAS PAVIMENTADAS | I2: DATA: | J2: ='1'!$J$2 -> 46174 | N2: TÉCNICO RESP. | O2: ='1'!$O$2 -> LABORATORISTA -Claudiomiro V.Lopes
A3: FICHA DE INSPEÇÃO: | B3: =TT!C15 -> RODOVIA TO-134 - TRECHO AXIXÁ DO TOCANTINS - ENTR. BR-230
A5: S.R.E. | B5: SENTIDO | C5: INÍCIO (KM) | D5: FIM (KM) | E5: CONDIÇÃO DO PAVIMENTO | J5: VEGETAÇÃO | L5: ELEM. DE DRENAGEM | O5: SIN. HOR. | R5: SIN. VERTICAL | U5: OBSERV.
E6: BOM | F6: REM. I. | G6: REM. L | H6: BUR. I | I6: BUR. L | J6: ADEQ. | K6: INADED. | L6: LIMPOS | M6: SUJOS | N6: DAN. | O6: BOM | P6: REG. | Q6: INEXIST. | R6: BOM | S6: POUCAS | T6: INEXIST.
A7: 134ETO0070 | C7: 0 | D7: 2 | E7: X | K7: X | M7: X | O7: X | S7: X
A8: 134ETO0110 | C8: 0 | D8: 2 | F8: X | K8: X | M8: X | O8: X | S8: X
A9: 134ETO0120 | C9: =D8 -> 2 | D9: 4 | F9: X | K9: X | M9: X | O9: X | S9: X
C10: =D8 -> 2 | D10: 4 | G10: X | K10: X | M10: X | O10: X | S10: X
C11: =D10 -> 4 | D11: 6 | G11: X | K11: X | M11: X | O11: X | S11: X
C12: =D10 -> 4 | D12: 6 | G12: X | K12: X | M12: X | O12: X | S12: X
C13: =D12 -> 6 | D13: 8 | F13: X | K13: X | M13: X | O13: X | S13: X
C14: =D12 -> 6 | D14: 8 | G14: X | K14: X | M14: X | O14: X | S14: X
C15: =D14 -> 8 | D15: 10 | G15: X | K15: X | M15: X | O15: X | S15: X
C16: =D14 -> 8 | D16: 10 | G16: X | K16: X | M16: X | O16: X | S16: X
C17: =D16 -> 10 | D17: 12 | G17: X | K17: X | M17: X | O17: X | S17: X
C18: =D16 -> 10 | D18: 12 | G18: X | K18: X | M18: X | O18: X | S18: X
C19: =D18 -> 12 | D19: 14 | E19: X | K19: X | M19: X | O19: X | S19: X
C20: =D19 -> 14 | D20: 16 | G20: X | K20: X | M20: X | O20: X | S20: X
C21: =D20 -> 16 | D21: 18 | E21: X | K21: X | M21: X | O21: X | S21: X
C22: =D21 -> 18 | D22: 20 | F22: X | K22: X | M22: X | O22: X | S22: X
C23: =D22 -> 20 | D23: 22 | G23: X | K23: X | M23: X | O23: X | S23: X
C24: =D23 -> 22 | D24: 24 | F24: X | K24: X | M24: X | O24: X | S24: X
C25: =D24 -> 24 | D25: 26 | E25: X | K25: X | M25: X | O25: X | S25: X
C26: =D25 -> 26 | D26: 28 | G26: X | K26: X | M26: X | O26: X | S26: X
C27: =D26 -> 28 | D27: 30 | E27: X | K27: X | M27: X | O27: X | S27: X
C28: =D27 -> 30 | D28: 32 | F28: X | K28: X | M28: X | O28: X | S28: X
C29: =D27 -> 30 | D29: 32 | G29: X | K29: X | M29: X | O29: X | S29: X
C30: =D29 -> 32 | D30: 34 | E30: X | K30: X | M30: X | O30: X | S30: X
C31: =D30 -> 34 | D31: 36 | E31: X | K31: X | M31: X | O31: X | S31: X
C32: =D31 -> 36 | D32: 38 | F32: X | K32: X | M32: X | O32: X | S32: X
C33: =D32 -> 38 | D33: 40 | F33: X | K33: X | M33: X | O33: X | S33: X
C34: =D33 -> 40 | D34: 42 | E34: X | K34: X | M34: X | O34: X | S34: X
C35: =D34 -> 42 | D35: 43.7 | E35: X | K35: X | M35: X | O35: X | S35: X
C36: =D35 -> 43.7 | D36: 25 | E36: X | K36: X | L36: X | Q36: X | S36: X
C37: =D36 -> 25 | D37: 26 | E37: X | K37: X | L37: X | N37: X | Q37: X | S37: X
C38: =D37 -> 26 | D38: 27 | E38: X | K38: X | L38: X | N38: X | Q38: X | S38: X
C39: =D38 -> 27 | D39: 28 | E39: X | K39: X | L39: X | N39: X | Q39: X | S39: X
C40: =D39 -> 28 | D40: 29 | E40: X | K40: X | L40: X | Q40: X | S40: X
C41: =D40 -> 29 | D41: 30 | E41: X | K41: X | L41: X | N41: X | Q41: X | S41: X
C42: =D41 -> 30 | D42: 31 | E42: X | K42: X | L42: X | N42: X | Q42: X | S42: X
C43: =D42 -> 31 | D43: 32 | E43: X | K43: X | L43: X | N43: X | Q43: X | S43: X
C44: =D43 -> 32 | D44: 33 | E44: X | K44: X | L44: X | N44: X | Q44: X | S44: X
C45: =D44 -> 33 | D45: 34 | E45: X | K45: X | L45: X | N45: X | Q45: X | S45: X
C46: =D45 -> 34 | D46: 35 | E46: X | K46: X | L46: X | N46: X | S46: X
C47: =D46 -> 35 | D47: 36 | E47: X | K47: X | L47: X | N47: X | P47: X | S47: X
C48: =D47 -> 36 | D48: 37 | E48: X | K48: X | L48: X | N48: X | P48: X | S48: X
C49: =D48 -> 37 | D49: 38 | E49: X | K49: X | L49: X | P49: X | S49: X
C50: =D49 -> 38 | D50: 39 | E50: X | K50: X | L50: X | P50: X | S50: X
C51: =D50 -> 39 | D51: 40 | E51: X | K51: X | L51: X | Q51: X | S51: X
C52: =D51 -> 40 | D52: 41 | E52: X | K52: X | L52: X | Q52: X | S52: X
C53: =D52 -> 41 | D53: 41.68 | E53: X | K53: X | L53: X | O53: X | Q53: X | S53: X
A54: 134ETO0071 | B54: D | C54: 0 | D54: 0.42 | E54: X | K54: X | L54: X | Q54: X | R54: X
A58: LEGENDA | B58: CONDIÇÃO DO PAVIMENTO
A59: REM. I | B59: REMENDOS ISOLADOS | E59: ATÉ 10 REMENDOS/KM | I59: BUR. I | J59: BURACOS ISOLADOS | M59: ATÉ 5 BURACOS/KM
A60: REM. L | B60: REMENDOS AO LONGO | E60: MAIS DE 10 REMENDOS/KM | I60: BUR. L | J60: BURACOS AO LONGO | M60: MAIS DE 5 BURACOS/KM
E65: =IF(E7="X",(D7-C7),"0") -> 2 | F65: =IF(F7="X",(D7-C7),"0") -> 0 | G65: =IF(G7="X",(D7-C7),"0") -> 0 | H65: =IF(H7="X",(D7-C7),"0") -> 0 | I65: =IF(I7="X",(D7-C7),"0") -> 0 | J65: =IF(J7="X",(D7-C7),"0") -> 0 | K65: =IF(K7="X",(D7-C7),"0") -> 2 | L65: =IF(L7="X",(D7-C7),"0") -> 0 | M65: =IF(M7="X",(D7-C7),"0") -> 2 | N65: =IF(N7="X",(D7-C7),"0") -> 0 | O65: =IF(O7="X",(D7-C7),"0") -> 2 | P65: =IF(P7="X",(D7-C7),"0") -> 0 | Q65: =IF(Q7="X",(D7-C7),"0") -> 0 | R65: =IF(R7="X",(D7-C7),"0") -> 0 | S65: =IF(S7="X",(D7-C7),"0") -> 2 | T65: =IF(T7="X",(D7-C7),"0") -> 0
E66: =IF(E8="X",(D8-C8),"0") -> 0 | F66: =IF(F8="X",(D8-C8),"0") -> 2 | G66: =IF(G8="X",(D8-C8),"0") -> 0 | H66: =IF(H8="X",(D8-C8),"0") -> 0 | I66: =IF(I8="X",(D8-C8),"0") -> 0 | J66: =IF(J8="X",(D8-C8),"0") -> 0 | K66: =IF(K8="X",(D8-C8),"0") -> 2 | L66: =IF(L8="X",(D8-C8),"0") -> 0 | M66: =IF(M8="X",(D8-C8),"0") -> 2 | N66: =IF(N8="X",(D8-C8),"0") -> 0 | O66: =IF(O8="X",(D8-C8),"0") -> 2 | P66: =IF(P8="X",(D8-C8),"0") -> 0 | Q66: =IF(Q8="X",(D8-C8),"0") -> 0 | R66: =IF(R8="X",(D8-C8),"0") -> 0 | S66: =IF(S8="X",(D8-C8),"0") -> 2 | T66: =IF(T8="X",(D8-C8),"0") -> 0
E67: =IF(E9="X",(D9-C9),"0") -> 0 | F67: =IF(F9="X",(D9-C9),"0") -> 2 | G67: =IF(G9="X",(D9-C9),"0") -> 0 | H67: =IF(H9="X",(D9-C9),"0") -> 0 | I67: =IF(I9="X",(D9-C9),"0") -> 0 | J67: =IF(J9="X",(D9-C9),"0") -> 0 | K67: =IF(K9="X",(D9-C9),"0") -> 2 | L67: =IF(L9="X",(D9-C9),"0") -> 0 | M67: =IF(M9="X",(D9-C9),"0") -> 2 | N67: =IF(N9="X",(D9-C9),"0") -> 0 | O67: =IF(O9="X",(D9-C9),"0") -> 2 | P67: =IF(P9="X",(D9-C9),"0") -> 0 | Q67: =IF(Q9="X",(D9-C9),"0") -> 0 | R67: =IF(R9="X",(D9-C9),"0") -> 0 | S67: =IF(S9="X",(D9-C9),"0") -> 2 | T67: =IF(T9="X",(D9-C9),"0") -> 0
E68: =IF(E11="X",(D11-C11),"0") -> 0 | F68: =IF(F11="X",(D11-C11),"0") -> 0 | G68: =IF(G11="X",(D11-C11),"0") -> 2 | H68: =IF(H11="X",(D11-C11),"0") -> 0 | I68: =IF(I11="X",(D11-C11),"0") -> 0 | J68: =IF(J11="X",(D11-C11),"0") -> 0 | K68: =IF(K11="X",(D11-C11),"0") -> 2 | L68: =IF(L11="X",(D11-C11),"0") -> 0 | M68: =IF(M11="X",(D11-C11),"0") -> 2 | N68: =IF(N11="X",(D11-C11),"0") -> 0 | O68: =IF(O11="X",(D11-C11),"0") -> 2 | P68: =IF(P11="X",(D11-C11),"0") -> 0 | Q68: =IF(Q11="X",(D11-C11),"0") -> 0 | R68: =IF(R11="X",(D11-C11),"0") -> 0 | S68: =IF(S11="X",(D11-C11),"0") -> 2 | T68: =IF(T11="X",(D11-C11),"0") -> 0
E69: =IF(E12="X",(D12-C12),"0") -> 0 | F69: =IF(F12="X",(D12-C12),"0") -> 0 | G69: =IF(G12="X",(D12-C12),"0") -> 2 | H69: =IF(H12="X",(D12-C12),"0") -> 0 | I69: =IF(I12="X",(D12-C12),"0") -> 0 | J69: =IF(J12="X",(D12-C12),"0") -> 0 | K69: =IF(K12="X",(D12-C12),"0") -> 2 | L69: =IF(L12="X",(D12-C12),"0") -> 0 | M69: =IF(M12="X",(D12-C12),"0") -> 2 | N69: =IF(N12="X",(D12-C12),"0") -> 0 | O69: =IF(O12="X",(D12-C12),"0") -> 2 | P69: =IF(P12="X",(D12-C12),"0") -> 0 | Q69: =IF(Q12="X",(D12-C12),"0") -> 0 | R69: =IF(R12="X",(D12-C12),"0") -> 0 | S69: =IF(S12="X",(D12-C12),"0") -> 2 | T69: =IF(T12="X",(D12-C12),"0") -> 0
E70: =IF(E13="X",(D13-C13),"0") -> 0 | F70: =IF(F13="X",(D13-C13),"0") -> 2 | G70: =IF(G13="X",(D13-C13),"0") -> 0 | H70: =IF(H13="X",(D13-C13),"0") -> 0 | I70: =IF(I13="X",(D13-C13),"0") -> 0 | J70: =IF(J13="X",(D13-C13),"0") -> 0 | K70: =IF(K13="X",(D13-C13),"0") -> 2 | L70: =IF(L13="X",(D13-C13),"0") -> 0 | M70: =IF(M13="X",(D13-C13),"0") -> 2 | N70: =IF(N13="X",(D13-C13),"0") -> 0 | O70: =IF(O13="X",(D13-C13),"0") -> 2 | P70: =IF(P13="X",(D13-C13),"0") -> 0 | Q70: =IF(Q13="X",(D13-C13),"0") -> 0 | R70: =IF(R13="X",(D13-C13),"0") -> 0 | S70: =IF(S13="X",(D13-C13),"0") -> 2 | T70: =IF(T13="X",(D13-C13),"0") -> 0
E71: =IF(E14="X",(D14-C14),"0") -> 0 | F71: =IF(F14="X",(D14-C14),"0") -> 0 | G71: =IF(G14="X",(D14-C14),"0") -> 2 | H71: =IF(H14="X",(D14-C14),"0") -> 0 | I71: =IF(I14="X",(D14-C14),"0") -> 0 | J71: =IF(J14="X",(D14-C14),"0") -> 0 | K71: =IF(K14="X",(D14-C14),"0") -> 2 | L71: =IF(L14="X",(D14-C14),"0") -> 0 | M71: =IF(M14="X",(D14-C14),"0") -> 2 | N71: =IF(N14="X",(D14-C14),"0") -> 0 | O71: =IF(O14="X",(D14-C14),"0") -> 2 | P71: =IF(P14="X",(D14-C14),"0") -> 0 | Q71: =IF(Q14="X",(D14-C14),"0") -> 0 | R71: =IF(R14="X",(D14-C14),"0") -> 0 | S71: =IF(S14="X",(D14-C14),"0") -> 2 | T71: =IF(T14="X",(D14-C14),"0") -> 0
E72: =IF(E15="X",(D15-C15),"0") -> 0 | F72: =IF(F15="X",(D15-C15),"0") -> 0 | G72: =IF(G15="X",(D15-C15),"0") -> 2 | H72: =IF(H15="X",(D15-C15),"0") -> 0 | I72: =IF(I15="X",(D15-C15),"0") -> 0 | J72: =IF(J15="X",(D15-C15),"0") -> 0 | K72: =IF(K15="X",(D15-C15),"0") -> 2 | L72: =IF(L15="X",(D15-C15),"0") -> 0 | M72: =IF(M15="X",(D15-C15),"0") -> 2 | N72: =IF(N15="X",(D15-C15),"0") -> 0 | O72: =IF(O15="X",(D15-C15),"0") -> 2 | P72: =IF(P15="X",(D15-C15),"0") -> 0 | Q72: =IF(Q15="X",(D15-C15),"0") -> 0 | R72: =IF(R15="X",(D15-C15),"0") -> 0 | S72: =IF(S15="X",(D15-C15),"0") -> 2 | T72: =IF(T15="X",(D15-C15),"0") -> 0
E73: =IF(E16="X",(D16-C16),"0") -> 0 | F73: =IF(F16="X",(D16-C16),"0") -> 0 | G73: =IF(G16="X",(D16-C16),"0") -> 2 | H73: =IF(H16="X",(D16-C16),"0") -> 0 | I73: =IF(I16="X",(D16-C16),"0") -> 0 | J73: =IF(J16="X",(D16-C16),"0") -> 0 | K73: =IF(K16="X",(D16-C16),"0") -> 2 | L73: =IF(L16="X",(D16-C16),"0") -> 0 | M73: =IF(M16="X",(D16-C16),"0") -> 2 | N73: =IF(N16="X",(D16-C16),"0") -> 0 | O73: =IF(O16="X",(D16-C16),"0") -> 2 | P73: =IF(P16="X",(D16-C16),"0") -> 0 | Q73: =IF(Q16="X",(D16-C16),"0") -> 0 | R73: =IF(R16="X",(D16-C16),"0") -> 0 | S73: =IF(S16="X",(D16-C16),"0") -> 2 | T73: =IF(T16="X",(D16-C16),"0") -> 0
E74: =IF(E17="X",(D17-C17),"0") -> 0 | F74: =IF(F17="X",(D17-C17),"0") -> 0 | G74: =IF(G17="X",(D17-C17),"0") -> 2 | H74: =IF(H17="X",(D17-C17),"0") -> 0 | I74: =IF(I17="X",(D17-C17),"0") -> 0 | J74: =IF(J17="X",(D17-C17),"0") -> 0 | K74: =IF(K17="X",(D17-C17),"0") -> 2 | L74: =IF(L17="X",(D17-C17),"0") -> 0 | M74: =IF(M17="X",(D17-C17),"0") -> 2 | N74: =IF(N17="X",(D17-C17),"0") -> 0 | O74: =IF(O17="X",(D17-C17),"0") -> 2 | P74: =IF(P17="X",(D17-C17),"0") -> 0 | Q74: =IF(Q17="X",(D17-C17),"0") -> 0 | R74: =IF(R17="X",(D17-C17),"0") -> 0 | S74: =IF(S17="X",(D17-C17),"0") -> 2 | T74: =IF(T17="X",(D17-C17),"0") -> 0
E75: =IF(E18="X",(D18-C18),"0") -> 0 | F75: =IF(F18="X",(D18-C18),"0") -> 0 | G75: =IF(G18="X",(D18-C18),"0") -> 2 | H75: =IF(H18="X",(D18-C18),"0") -> 0 | I75: =IF(I18="X",(D18-C18),"0") -> 0 | J75: =IF(J18="X",(D18-C18),"0") -> 0 | K75: =IF(K18="X",(D18-C18),"0") -> 2 | L75: =IF(L18="X",(D18-C18),"0") -> 0 | M75: =IF(M18="X",(D18-C18),"0") -> 2 | N75: =IF(N18="X",(D18-C18),"0") -> 0 | O75: =IF(O18="X",(D18-C18),"0") -> 2 | P75: =IF(P18="X",(D18-C18),"0") -> 0 | Q75: =IF(Q18="X",(D18-C18),"0") -> 0 | R75: =IF(R18="X",(D18-C18),"0") -> 0 | S75: =IF(S18="X",(D18-C18),"0") -> 2 | T75: =IF(T18="X",(D18-C18),"0") -> 0
E76: =IF(E19="X",(D19-C19),"0") -> 2 | F76: =IF(F19="X",(D19-C19),"0") -> 0 | G76: =IF(G19="X",(D19-C19),"0") -> 0 | H76: =IF(H19="X",(D19-C19),"0") -> 0 | I76: =IF(I19="X",(D19-C19),"0") -> 0 | J76: =IF(J19="X",(D19-C19),"0") -> 0 | K76: =IF(K19="X",(D19-C19),"0") -> 2 | L76: =IF(L19="X",(D19-C19),"0") -> 0 | M76: =IF(M19="X",(D19-C19),"0") -> 2 | N76: =IF(N19="X",(D19-C19),"0") -> 0 | O76: =IF(O19="X",(D19-C19),"0") -> 2 | P76: =IF(P19="X",(D19-C19),"0") -> 0 | Q76: =IF(Q19="X",(D19-C19),"0") -> 0 | R76: =IF(R19="X",(D19-C19),"0") -> 0 | S76: =IF(S19="X",(D19-C19),"0") -> 2 | T76: =IF(T19="X",(D19-C19),"0") -> 0
E77: =IF(E20="X",(D20-C20),"0") -> 0 | F77: =IF(F20="X",(D20-C20),"0") -> 0 | G77: =IF(G20="X",(D20-C20),"0") -> 2 | H77: =IF(H20="X",(D20-C20),"0") -> 0 | I77: =IF(I20="X",(D20-C20),"0") -> 0 | J77: =IF(J20="X",(D20-C20),"0") -> 0 | K77: =IF(K20="X",(D20-C20),"0") -> 2 | L77: =IF(L20="X",(D20-C20),"0") -> 0 | M77: =IF(M20="X",(D20-C20),"0") -> 2 | N77: =IF(N20="X",(D20-C20),"0") -> 0 | O77: =IF(O20="X",(D20-C20),"0") -> 2 | P77: =IF(P20="X",(D20-C20),"0") -> 0 | Q77: =IF(Q20="X",(D20-C20),"0") -> 0 | R77: =IF(R20="X",(D20-C20),"0") -> 0 | S77: =IF(S20="X",(D20-C20),"0") -> 2 | T77: =IF(T20="X",(D20-C20),"0") -> 0
E78: =IF(E21="X",(D21-C21),"0") -> 2 | F78: =IF(F21="X",(D21-C21),"0") -> 0 | G78: =IF(G21="X",(D21-C21),"0") -> 0 | H78: =IF(H21="X",(D21-C21),"0") -> 0 | I78: =IF(I21="X",(D21-C21),"0") -> 0 | J78: =IF(J21="X",(D21-C21),"0") -> 0 | K78: =IF(K21="X",(D21-C21),"0") -> 2 | L78: =IF(L21="X",(D21-C21),"0") -> 0 | M78: =IF(M21="X",(D21-C21),"0") -> 2 | N78: =IF(N21="X",(D21-C21),"0") -> 0 | O78: =IF(O21="X",(D21-C21),"0") -> 2 | P78: =IF(P21="X",(D21-C21),"0") -> 0 | Q78: =IF(Q21="X",(D21-C21),"0") -> 0 | R78: =IF(R21="X",(D21-C21),"0") -> 0 | S78: =IF(S21="X",(D21-C21),"0") -> 2 | T78: =IF(T21="X",(D21-C21),"0") -> 0
E79: =IF(E22="X",(D22-C22),"0") -> 0 | F79: =IF(F22="X",(D22-C22),"0") -> 2 | G79: =IF(G22="X",(D22-C22),"0") -> 0 | H79: =IF(H22="X",(D22-C22),"0") -> 0 | I79: =IF(I22="X",(D22-C22),"0") -> 0 | J79: =IF(J22="X",(D22-C22),"0") -> 0 | K79: =IF(K22="X",(D22-C22),"0") -> 2 | L79: =IF(L22="X",(D22-C22),"0") -> 0 | M79: =IF(M22="X",(D22-C22),"0") -> 2 | N79: =IF(N22="X",(D22-C22),"0") -> 0 | O79: =IF(O22="X",(D22-C22),"0") -> 2 | P79: =IF(P22="X",(D22-C22),"0") -> 0 | Q79: =IF(Q22="X",(D22-C22),"0") -> 0 | R79: =IF(R22="X",(D22-C22),"0") -> 0 | S79: =IF(S22="X",(D22-C22),"0") -> 2 | T79: =IF(T22="X",(D22-C22),"0") -> 0
... E83: =IF(E26="X",(D26-C26),"0") -> 0 | F83: =IF(F26="X",(D26-C26),"0") -> 0 | G83: =IF(G26="X",(D26-C26),"0") -> 2 | H83: =IF(H26="X",(D26-C26),"0") -> 0 | I83: =IF(I26="X",(D26-C26),"0") -> 0 | J83: =IF(J26="X",(D26-C26),"0") -> 0 | K83: =IF(K26="X",(D26-C26),"0") -> 2 | L83: =IF(L26="X",(D26-C26),"0") -> 0 | M83: =IF(M26="X",(D26-C26),"0") -> 2 | N83: =IF(N26="X",(D26-C26),"0") -> 0 | O83: =IF(O26="X",(D26-C26),"0") -> 2 | P83: =IF(P26="X",(D26-C26),"0") -> 0 | Q83: =IF(Q26="X",(D26-C26),"0") -> 0 | R83: =IF(R26="X",(D26-C26),"0") -> 0 | S83: =IF(S26="X",(D26-C26),"0") -> 2 | T83: =IF(T26="X",(D26-C26),"0") -> 0
E84: =IF(E48="X",(D48-C48),"0") -> 1 | F84: =IF(F48="X",(D48-C48),"0") -> 0 | G84: =IF(G48="X",(D48-C48),"0") -> 0 | H84: =IF(H48="X",(D48-C48),"0") -> 0 | I84: =IF(I48="X",(D48-C48),"0") -> 0 | J84: =IF(J48="X",(D48-C48),"0") -> 0 | K84: =IF(K48="X",(D48-C48),"0") -> 1 | L84: =IF(L48="X",(D48-C48),"0") -> 1 | M84: =IF(M48="X",(D48-C48),"0") -> 0 | N84: =IF(N48="X",(D48-C48),"0") -> 1 | O84: =IF(O48="X",(D48-C48),"0") -> 0 | P84: =IF(P48="X",(D48-C48),"0") -> 1 | Q84: =IF(Q48="X",(D48-C48),"0") -> 0 | R84: =IF(R48="X",(D48-C48),"0") -> 0 | S84: =IF(S48="X",(D48-C48),"0") -> 1 | T84: =IF(T48="X",(D48-C48),"0") -> 0
E85: =IF(E49="X",(D49-C49),"0") -> 1 | F85: =IF(F49="X",(D49-C49),"0") -> 0 | G85: =IF(G49="X",(D49-C49),"0") -> 0 | H85: =IF(H49="X",(D49-C49),"0") -> 0 | I85: =IF(I49="X",(D49-C49),"0") -> 0 | J85: =IF(J49="X",(D49-C49),"0") -> 0 | K85: =IF(K49="X",(D49-C49),"0") -> 1 | L85: =IF(L49="X",(D49-C49),"0") -> 1 | M85: =IF(M49="X",(D49-C49),"0") -> 0 | N85: =IF(N49="X",(D49-C49),"0") -> 0 | O85: =IF(O49="X",(D49-C49),"0") -> 0 | P85: =IF(P49="X",(D49-C49),"0") -> 1 | Q85: =IF(Q49="X",(D49-C49),"0") -> 0 | R85: =IF(R49="X",(D49-C49),"0") -> 0 | S85: =IF(S49="X",(D49-C49),"0") -> 1 | T85: =IF(T49="X",(D49-C49),"0") -> 0
E86: =IF(E50="X",(D50-C50),"0") -> 1 | F86: =IF(F50="X",(D50-C50),"0") -> 0 | G86: =IF(G50="X",(D50-C50),"0") -> 0 | H86: =IF(H50="X",(D50-C50),"0") -> 0 | I86: =IF(I50="X",(D50-C50),"0") -> 0 | J86: =IF(J50="X",(D50-C50),"0") -> 0 | K86: =IF(K50="X",(D50-C50),"0") -> 1 | L86: =IF(L50="X",(D50-C50),"0") -> 1 | M86: =IF(M50="X",(D50-C50),"0") -> 0 | N86: =IF(N50="X",(D50-C50),"0") -> 0 | O86: =IF(O50="X",(D50-C50),"0") -> 0 | P86: =IF(P50="X",(D50-C50),"0") -> 1 | Q86: =IF(Q50="X",(D50-C50),"0") -> 0 | R86: =IF(R50="X",(D50-C50),"0") -> 0 | S86: =IF(S50="X",(D50-C50),"0") -> 1 | T86: =IF(T50="X",(D50-C50),"0") -> 0
E87: =IF(E55="X",(D55-C55),"0") -> 0 | F87: =IF(F55="X",(D55-C55),"0") -> 0 | G87: =IF(G55="X",(D55-C55),"0") -> 0 | H87: =IF(H55="X",(D55-C55),"0") -> 0 | I87: =IF(I55="X",(D55-C55),"0") -> 0 | J87: =IF(J55="X",(D55-C55),"0") -> 0 | K87: =IF(K55="X",(D55-C55),"0") -> 0 | L87: =IF(L55="X",(D55-C55),"0") -> 0 | M87: =IF(M55="X",(D55-C55),"0") -> 0 | N87: =IF(N55="X",(D55-C55),"0") -> 0 | O87: =IF(O55="X",(D55-C55),"0") -> 0 | P87: =IF(P55="X",(D55-C55),"0") -> 0 | Q87: =IF(Q55="X",(D55-C55),"0") -> 0 | R87: =IF(R55="X",(D55-C55),"0") -> 0 | S87: =IF(S55="X",(D55-C55),"0") -> 0 | T87: =IF(T55="X",(D55-C55),"0") -> 0
E88: =IF(E56="X",(D56-C56),"0") -> 0 | F88: =IF(F56="X",(D56-C56),"0") -> 0 | G88: =IF(G56="X",(D56-C56),"0") -> 0 | H88: =IF(H56="X",(D56-C56),"0") -> 0 | I88: =IF(I56="X",(D56-C56),"0") -> 0 | J88: =IF(J56="X",(D56-C56),"0") -> 0 | K88: =IF(K56="X",(D56-C56),"0") -> 0 | L88: =IF(L56="X",(D56-C56),"0") -> 0 | M88: =IF(M56="X",(D56-C56),"0") -> 0 | N88: =IF(N56="X",(D56-C56),"0") -> 0 | O88: =IF(O56="X",(D56-C56),"0") -> 0 | P88: =IF(P56="X",(D56-C56),"0") -> 0 | Q88: =IF(Q56="X",(D56-C56),"0") -> 0 | R88: =IF(R56="X",(D56-C56),"0") -> 0 | S88: =IF(S56="X",(D56-C56),"0") -> 0 | T88: =IF(T56="X",(D56-C56),"0") -> 0
E89: =IF(E57="X",(D57-C57),"0") -> 0 | F89: =IF(F57="X",(D57-C57),"0") -> 0 | G89: =IF(G57="X",(D57-C57),"0") -> 0 | H89: =IF(H57="X",(D57-C57),"0") -> 0 | I89: =IF(I57="X",(D57-C57),"0") -> 0 | J89: =IF(J57="X",(D57-C57),"0") -> 0 | K89: =IF(K57="X",(D57-C57),"0") -> 0 | L89: =IF(L57="X",(D57-C57),"0") -> 0 | M89: =IF(M57="X",(D57-C57),"0") -> 0 | N89: =IF(N57="X",(D57-C57),"0") -> 0 | O89: =IF(O57="X",(D57-C57),"0") -> 0 | P89: =IF(P57="X",(D57-C57),"0") -> 0 | Q89: =IF(Q57="X",(D57-C57),"0") -> 0 | R89: =IF(R57="X",(D57-C57),"0") -> 0 | S89: =IF(S57="X",(D57-C57),"0") -> 0 | T89: =IF(T57="X",(D57-C57),"0") -> 0
E90: =IF(E58="X",(D58-C58),"0") -> 0 | F90: =IF(F58="X",(D58-C58),"0") -> 0 | G90: =IF(G58="X",(D58-C58),"0") -> 0 | H90: =IF(H58="X",(D58-C58),"0") -> 0 | I90: =IF(I58="X",(D58-C58),"0") -> 0 | J90: =IF(J58="X",(D58-C58),"0") -> 0 | K90: =IF(K58="X",(D58-C58),"0") -> 0 | L90: =IF(L58="X",(D58-C58),"0") -> 0 | M90: =IF(M58="X",(D58-C58),"0") -> 0 | N90: =IF(N58="X",(D58-C58),"0") -> 0 | O90: =IF(O58="X",(D58-C58),"0") -> 0 | P90: =IF(P58="X",(D58-C58),"0") -> 0 | Q90: =IF(Q58="X",(D58-C58),"0") -> 0 | R90: =IF(R58="X",(D58-C58),"0") -> 0 | S90: =IF(S58="X",(D58-C58),"0") -> 0 | T90: =IF(T58="X",(D58-C58),"0") -> 0
E91: =IF(E59="X",(D59-C59),"0") -> 0 | F91: =IF(F59="X",(D59-C59),"0") -> 0 | G91: =IF(G59="X",(D59-C59),"0") -> 0 | H91: =IF(H59="X",(D59-C59),"0") -> 0 | I91: =IF(I59="X",(D59-C59),"0") -> 0 | J91: =IF(J59="X",(D59-C59),"0") -> 0 | K91: =IF(K59="X",(D59-C59),"0") -> 0 | L91: =IF(L59="X",(D59-C59),"0") -> 0 | M91: =IF(M59="X",(D59-C59),"0") -> 0 | N91: =IF(N59="X",(D59-C59),"0") -> 0 | O91: =IF(O59="X",(D59-C59),"0") -> 0 | P91: =IF(P59="X",(D59-C59),"0") -> 0 | Q91: =IF(Q59="X",(D59-C59),"0") -> 0 | R91: =IF(R59="X",(D59-C59),"0") -> 0 | S91: =IF(S59="X",(D59-C59),"0") -> 0 | T91: =IF(T59="X",(D59-C59),"0") -> 0
E92: =IF(E60="X",(D60-C60),"0") -> 0 | F92: =IF(F60="X",(D60-C60),"0") -> 0 | G92: =IF(G60="X",(D60-C60),"0") -> 0 | H92: =IF(H60="X",(D60-C60),"0") -> 0 | I92: =IF(I60="X",(D60-C60),"0") -> 0 | J92: =IF(J60="X",(D60-C60),"0") -> 0 | K92: =IF(K60="X",(D60-C60),"0") -> 0 | L92: =IF(L60="X",(D60-C60),"0") -> 0 | M92: =IF(M60="X",(D60-C60),"0") -> 0 | N92: =IF(N60="X",(D60-C60),"0") -> 0 | O92: =IF(O60="X",(D60-C60),"0") -> 0 | P92: =IF(P60="X",(D60-C60),"0") -> 0 | Q92: =IF(Q60="X",(D60-C60),"0") -> 0 | R92: =IF(R60="X",(D60-C60),"0") -> 0 | S92: =IF(S60="X",(D60-C60),"0") -> 0 | T92: =IF(T60="X",(D60-C60),"0") -> 0
E93: =IF(E61="X",(D61-C61),"0") -> 0 | F93: =IF(F61="X",(D61-C61),"0") -> 0 | G93: =IF(G61="X",(D61-C61),"0") -> 0 | H93: =IF(H61="X",(D61-C61),"0") -> 0 | I93: =IF(I61="X",(D61-C61),"0") -> 0 | J93: =IF(J61="X",(D61-C61),"0") -> 0 | K93: =IF(K61="X",(D61-C61),"0") -> 0 | L93: =IF(L61="X",(D61-C61),"0") -> 0 | M93: =IF(M61="X",(D61-C61),"0") -> 0 | N93: =IF(N61="X",(D61-C61),"0") -> 0 | O93: =IF(O61="X",(D61-C61),"0") -> 0 | P93: =IF(P61="X",(D61-C61),"0") -> 0 | Q93: =IF(Q61="X",(D61-C61),"0") -> 0 | R93: =IF(R61="X",(D61-C61),"0") -> 0 | S93: =IF(S61="X",(D61-C61),"0") -> 0 | T93: =IF(T61="X",(D61-C61),"0") -> 0
E94: =IF(E62="X",(D62-C62),"0") -> 0 | F94: =IF(F62="X",(D62-C62),"0") -> 0 | G94: =IF(G62="X",(D62-C62),"0") -> 0 | H94: =IF(H62="X",(D62-C62),"0") -> 0 | I94: =IF(I62="X",(D62-C62),"0") -> 0 | J94: =IF(J62="X",(D62-C62),"0") -> 0 | K94: =IF(K62="X",(D62-C62),"0") -> 0 | L94: =IF(L62="X",(D62-C62),"0") -> 0 | M94: =IF(M62="X",(D62-C62),"0") -> 0 | N94: =IF(N62="X",(D62-C62),"0") -> 0 | O94: =IF(O62="X",(D62-C62),"0") -> 0 | P94: =IF(P62="X",(D62-C62),"0") -> 0 | Q94: =IF(Q62="X",(D62-C62),"0") -> 0 | R94: =IF(R62="X",(D62-C62),"0") -> 0 | S94: =IF(S62="X",(D62-C62),"0") -> 0 | T94: =IF(T62="X",(D62-C62),"0") -> 0
E95: =IF(E63="X",(D63-C63),"0") -> 0 | F95: =IF(F63="X",(D63-C63),"0") -> 0 | G95: =IF(G63="X",(D63-C63),"0") -> 0 | H95: =IF(H63="X",(D63-C63),"0") -> 0 | I95: =IF(I63="X",(D63-C63),"0") -> 0 | J95: =IF(J63="X",(D63-C63),"0") -> 0 | K95: =IF(K63="X",(D63-C63),"0") -> 0 | L95: =IF(L63="X",(D63-C63),"0") -> 0 | M95: =IF(M63="X",(D63-C63),"0") -> 0 | N95: =IF(N63="X",(D63-C63),"0") -> 0 | O95: =IF(O63="X",(D63-C63),"0") -> 0 | P95: =IF(P63="X",(D63-C63),"0") -> 0 | Q95: =IF(Q63="X",(D63-C63),"0") -> 0 | R95: =IF(R63="X",(D63-C63),"0") -> 0 | S95: =IF(S63="X",(D63-C63),"0") -> 0 | T95: =IF(T63="X",(D63-C63),"0") -> 0
E96: =IF(E64="X",(D64-C64),"0") -> 0 | F96: =IF(F64="X",(D64-C64),"0") -> 0 | G96: =IF(G64="X",(D64-C64),"0") -> 0 | H96: =IF(H64="X",(D64-C64),"0") -> 0 | I96: =IF(I64="X",(D64-C64),"0") -> 0 | J96: =IF(J64="X",(D64-C64),"0") -> 0 | K96: =IF(K64="X",(D64-C64),"0") -> 0 | L96: =IF(L64="X",(D64-C64),"0") -> 0 | M96: =IF(M64="X",(D64-C64),"0") -> 0 | N96: =IF(N64="X",(D64-C64),"0") -> 0 | O96: =IF(O64="X",(D64-C64),"0") -> 0 | P96: =IF(P64="X",(D64-C64),"0") -> 0 | Q96: =IF(Q64="X",(D64-C64),"0") -> 0 | R96: =IF(R64="X",(D64-C64),"0") -> 0 | S96: =IF(S64="X",(D64-C64),"0") -> 0 | T96: =IF(T64="X",(D64-C64),"0") -> 0
E97: =IF(E65="X",(D65-C65),"0") -> 0 | F97: =IF(F65="X",(D65-C65),"0") -> 0 | G97: =IF(G65="X",(D65-C65),"0") -> 0 | H97: =IF(H65="X",(D65-C65),"0") -> 0 | I97: =IF(I65="X",(D65-C65),"0") -> 0 | J97: =IF(J65="X",(D65-C65),"0") -> 0 | K97: =IF(K65="X",(D65-C65),"0") -> 0 | L97: =IF(L65="X",(D65-C65),"0") -> 0 | M97: =IF(M65="X",(D65-C65),"0") -> 0 | N97: =IF(N65="X",(D65-C65),"0") -> 0 | O97: =IF(O65="X",(D65-C65),"0") -> 0 | P97: =IF(P65="X",(D65-C65),"0") -> 0 | Q97: =IF(Q65="X",(D65-C65),"0") -> 0 | R97: =IF(R65="X",(D65-C65),"0") -> 0 | S97: =IF(S65="X",(D65-C65),"0") -> 0 | T97: =IF(T65="X",(D65-C65),"0") -> 0
E98: =IF(E66="X",(D66-C66),"0") -> 0 | F98: =IF(F66="X",(D66-C66),"0") -> 0 | G98: =IF(G66="X",(D66-C66),"0") -> 0 | H98: =IF(H66="X",(D66-C66),"0") -> 0 | I98: =IF(I66="X",(D66-C66),"0") -> 0 | J98: =IF(J66="X",(D66-C66),"0") -> 0 | K98: =IF(K66="X",(D66-C66),"0") -> 0 | L98: =IF(L66="X",(D66-C66),"0") -> 0 | M98: =IF(M66="X",(D66-C66),"0") -> 0 | N98: =IF(N66="X",(D66-C66),"0") -> 0 | O98: =IF(O66="X",(D66-C66),"0") -> 0 | P98: =IF(P66="X",(D66-C66),"0") -> 0 | Q98: =IF(Q66="X",(D66-C66),"0") -> 0 | R98: =IF(R66="X",(D66-C66),"0") -> 0 | S98: =IF(S66="X",(D66-C66),"0") -> 0 | T98: =IF(T66="X",(D66-C66),"0") -> 0
... E153: =IF(E121="X",(D121-C121),"0") -> 0 | F153: =IF(F121="X",(D121-C121),"0") -> 0 | G153: =IF(G121="X",(D121-C121),"0") -> 0 | H153: =IF(H121="X",(D121-C121),"0") -> 0 | I153: =IF(I121="X",(D121-C121),"0") -> 0 | J153: =IF(J121="X",(D121-C121),"0") -> 0 | K153: =IF(K121="X",(D121-C121),"0") -> 0 | L153: =IF(L121="X",(D121-C121),"0") -> 0 | M153: =IF(M121="X",(D121-C121),"0") -> 0 | N153: =IF(N121="X",(D121-C121),"0") -> 0 | O153: =IF(O121="X",(D121-C121),"0") -> 0 | P153: =IF(P121="X",(D121-C121),"0") -> 0 | Q153: =IF(Q121="X",(D121-C121),"0") -> 0 | R153: =IF(R121="X",(D121-C121),"0") -> 0 | S153: =IF(S121="X",(D121-C121),"0") -> 0 | T153: =IF(T121="X",(D121-C121),"0") -> 0
E156: =SUM(E65:E153) -> 11 | F156: =SUM(F65:F153) -> 10 | G156: =SUM(G65:G153) -> 20 | H156: =SUM(H65:H153) -> 0 | I156: =SUM(I65:I153) -> 0 | J156: =SUM(J65:J153) -> 0 | K156: =SUM(K65:K153) -> 41 | L156: =SUM(L65:L153) -> 3 | ... T156: =SUM(T65:T153) -> 0

Sheet 14
A1: PROGRAMA DE MANUTENÇÃORODOVIÁRIA
D2: RODOVIAS PAVIMENTADAS | I2: DATA: | J2: ='1'!$J$2 -> 46174 | N2: TÉCNICO RESP. | O2: ='1'!$O$2 -> LABORATORISTA -Claudiomiro V.Lopes
A3: FICHA DE INSPEÇÃO: | B3: =TT!C16 -> RODOVIA TO-201 - TRECHO SÃO MIGUEL DO TOCANTINS A DIV.TO-MA
A5: S.R.E. | B5: SENTIDO | C5: INÍCIO (KM) | D5: FIM (KM) | E5: CONDIÇÃO DO PAVIMENTO | J5: VEGETAÇÃO | L5: ELEM. DE DRENAGEM | O5: SIN. HOR. | R5: SIN. VERTICAL | U5: OBSERV.
E6: BOM | F6: REM. I. | G6: REM. L | H6: BUR. I | I6: BUR. L | J6: ADEQ. | K6: INADED. | L6: LIMPOS | M6: SUJOS | N6: DAN. | O6: BOM | P6: REG. | Q6: INEXIST. | R6: BOM | S6: POUCAS | T6: INEXIST.
A7: ACESSO | C7: 0 | D7: 2 | E7: X | H7: X | J7: X | M7: X | P7: X | S7: X
C8: 0 | D8: 2 | E8: X | J8: X | M8: X | P8: X | S8: X
C9: 0 | D9: 2 | E9: X | H9: X | J9: X | M9: X | P9: X | S9: X
C10: =D9 -> 2 | D10: 3.1 | E10: X | J10: X | M10: X | P10: X | S10: X
C11: =D9 -> 2 | D11: 3.1 | H11: X | J11: X | M11: X | P11: X | S11: X
C12: =D11 -> 3.1 | D12: 5.92 | E12: X | J12: X | L12: X | O12: X | R12: X
