Workbook

Sheet Trechos
A1: RELAÇÃO DOS TRECHOS DAS REGIÕES DE MANUTENÇÃO
A2: LOTE | B2: REGIÃO DE CONSERVAÇÃO | C2: CIDADE SEDE | D2: N° | E2: TRECHO | F2: S.R.E | G2: SUBTRECHOS | H2: EXT. (KM) | I2: TIPO | J2: 45839 | K2: 45870 | L2: 45901 | M2: 45931 | N2: 45962 | O2: 45992
A3: 1 | B3: 1 | C3: TOCANTINÓPOLIS | D3: 1 | E3: RODOVIA TO-010 - TRECHO ANANÁS - ENTR. BR-230 | F3: 010ETO0511 | G3: ANANÁS *TRECHO URBANO* | H3: 0.87749259 | I3: PSU
A4: 1 | B4: 1 | C4: TOCANTINÓPOLIS | D4: 1 | E4: RODOVIA TO-010 - TRECHO ANANÁS - ENTR. BR-230 | F4: 010ETO0512 | G4: ANANÁS *TRECHO URBANO* | H4: 1.9892583 | I4: PSU
A5: 1 | B5: 1 | C5: TOCANTINÓPOLIS | D5: 1 | E5: RODOVIA TO-010 - TRECHO ANANÁS - ENTR. BR-230 | F5: 010ETO0540 | G5: ANANÁS *TRECHO URBANO* - ENTR. TO-414(TAPUIO) | H5: 3.8103285 | I5: PPS
A6: 1 | B6: 1 | C6: TOCANTINÓPOLIS | D6: 1 | E6: RODOVIA TO-010 - TRECHO ANANÁS - ENTR. BR-230 | F6: 010ETO0550 | G6: ENTR. TO-414 (TAPUIO) - ENTR. TO-210 | H6: 1.6653951 | I6: PPS
A7: 1 | B7: 1 | C7: TOCANTINÓPOLIS | D7: 1 | E7: RODOVIA TO-010 - TRECHO ANANÁS - ENTR. BR-230 | F7: 010ETO0555 | G7: ENTR. TO-210 - FIM PAVIMENTACAO | H7: 1.3552325 | I7: PPS
A8: 1 | B8: 1 | C8: TOCANTINÓPOLIS | D8: 1 | E8: RODOVIA TO-010 - TRECHO ANANÁS - ENTR. BR-230 | F8: 010ETO0560 | G8: FIM PAVIMENTACAO - ENTR. TO-205 | H8: 32.187522 | I8: EOP | J8: X | K8: X
A9: 1 | B9: 1 | C9: TOCANTINÓPOLIS | D9: 1 | E9: RODOVIA TO-010 - TRECHO ANANÁS - ENTR. BR-230 | F9: 010ETO0570 | G9: ENTR. TO-205 - RONCA | H9: 5.3799354 | I9: EOP | J9: X | K9: X
A10: 1 | B10: 1 | C10: TOCANTINÓPOLIS | D10: 1 | E10: RODOVIA TO-010 - TRECHO ANANÁS - ENTR. BR-230 | F10: 010ETO0580 | G10: RONCA - NATAL | H10: 16.209854 | I10: EOP | J10: X | K10: X
A11: 1 | B11: 1 | C11: TOCANTINÓPOLIS | D11: 1 | E11: RODOVIA TO-010 - TRECHO ANANÁS - ENTR. BR-230 | F11: 010ETO0590 | G11: NATAL - ESPERANCA VIVA | H11: 1.3456448 | I11: EOP | J11: X | K11: X
A12: 1 | B12: 1 | C12: TOCANTINÓPOLIS | D12: 1 | E12: RODOVIA TO-010 - TRECHO ANANÁS - ENTR. BR-230 | F12: 010ETO0600 | G12: ESPERANCA VIVA - VILA NOVA | H12: 7.2939257 | I12: EOP | J12: X | K12: X
A13: 1 | B13: 1 | C13: TOCANTINÓPOLIS | D13: 1 | E13: RODOVIA TO-010 - TRECHO ANANÁS - ENTR. BR-230 | F13: 010ETO0610 | G13: VILA NOVA - TAQUARI | H13: 3.8572587 | I13: EOP | J13: X | K13: X
A14: 1 | B14: 1 | C14: TOCANTINÓPOLIS | D14: 1 | E14: RODOVIA TO-010 - TRECHO ANANÁS - ENTR. BR-230 | F14: 010ETO0620 | G14: TAQUARI - ENTR. BR-230 | H14: 9.3575815 | I14: EOP | J14: X | K14: X
A15: 1 | B15: 1 | C15: TOCANTINÓPOLIS | D15: 2 | E15: RODOVIA TO-010 - TRECHO ENTR. BR-230 - ARAGUATINS | F15: 010ETO0630 | G15: ENTR. BR-230 - TRANSARAGUAIA | H15: 1.0305988 | I15: PPS
A16: 1 | B16: 1 | C16: TOCANTINÓPOLIS | D16: 2 | E16: RODOVIA TO-010 - TRECHO ENTR. BR-230 - ARAGUATINS | F16: 010ETO0640 | G16: TRANSARAGUAIA (BR-230) - ARAGUATINS | H16: 8.6075719 | I16: PPS
A17: 1 | B17: 1 | C17: TOCANTINÓPOLIS | D17: 3 | E17: RODOVIA TO-010 - TRECHO ARAGUATINS - ENTR. TO-201 | F17: 010ETO0650 | G17: ARAGUATINS - ENTR. TO-404 | H17: 7.7551854 | I17: PPS
A18: 1 | B18: 1 | C18: TOCANTINÓPOLIS | D18: 3 | E18: RODOVIA TO-010 - TRECHO ARAGUATINS - ENTR. TO-201 | F18: 010ETO0665 | G18: ENTR. TO-404 - POV. CANAÃ | H18: 28.047221 | I18: PPS
A19: 1 | B19: 1 | C19: TOCANTINÓPOLIS | D19: 3 | E19: RODOVIA TO-010 - TRECHO ARAGUATINS - ENTR. TO-201 | F19: 010ETO0670 | G19: CANAÃ - VILA UNIÃO | H19: 2.8623319 | I19: PPS
A20: 1 | B20: 1 | C20: TOCANTINÓPOLIS | D20: 3 | E20: RODOVIA TO-010 - TRECHO ARAGUATINS - ENTR. TO-201 | F20: 010ETO0680 | G20: VILA UNIÃO - ENTR. TO-201 | H20: 2.9422716 | I20: PPS
A21: 1 | B21: 1 | C21: TOCANTINÓPOLIS | D21: 4 | E21: RODOVIA TO-010 - TRECHO BURITI DO TOCANTINS (ENTR. TO-201) - SÃO SEBASTIÃO DO TOCANTINS | F21: 010ETO0690 | G21: ENTR. TO-201 - BURITI DO TOCANTINS *TRECHO URBANO* | H21: 3.6607758 | I21: PPS
A22: 1 | B22: 1 | C22: TOCANTINÓPOLIS | D22: 4 | E22: RODOVIA TO-010 - TRECHO BURITI DO TOCANTINS (ENTR. TO-201) - SÃO SEBASTIÃO DO TOCANTINS | F22: 010ETO0710 | G22: BURITI DO TOCANTINS *TRECHO URBANO* - SÃO SEBASTIÃO DO TOCANTINS *TRECHO URBANO* | H22: 5.589158 | I22: PPS
A23: 1 | B23: 1 | C23: TOCANTINÓPOLIS | D23: 5 | E23: RODOVIA TO-126 - TRECHO TOCANTINÓPOLIS - ENTR. BR-230 (AGUIARNÓPOLIS) | F23: 126ETO0151 | G23: PERÍMETRO URBANO TOCANTINOPOLIS | H23: 1.8623358 | I23: PDU
A24: 1 | B24: 1 | C24: TOCANTINÓPOLIS | D24: 5 | E24: RODOVIA TO-126 - TRECHO TOCANTINÓPOLIS - ENTR. BR-230 (AGUIARNÓPOLIS) | F24: 126ETO0190 | G24: TOCANTINÓPOLIS *TRECHO URBANO* - ENTR. ACESSO TRIPA NORTE | H24: 22.489852 | I24: PPS
A25: 1 | B25: 1 | C25: TOCANTINÓPOLIS | D25: 5 | E25: RODOVIA TO-126 - TRECHO TOCANTINÓPOLIS - ENTR. BR-230 (AGUIARNÓPOLIS) | F25: 126ETO0200 | G25: ENTR. ACESSO TRIPA NORTE - ENTR. BR-230 | H25: 3.2344796 | I25: PPS
A26: 1 | B26: 1 | C26: TOCANTINÓPOLIS | D26: 5 | E26: RODOVIA TO-126 - TRECHO TOCANTINÓPOLIS - ENTR. BR-230 (AGUIARNÓPOLIS) | F26: ACESSO | G26: ENTR.TO-126 - ASA NORTE | H26: 2.6525119 | I26: PPS
A27: 1 | B27: 1 | C27: TOCANTINÓPOLIS | D27: 6 | E27: RODOVIA TO-126 - TRECHO MAURILÂNDIA - TOCANTINÓPOLIS | F27: 126ETO0130 | G27: MAURILÃNDIA DO TOCANTINS *TRECHO URBANO* - RIBEIRÃO GRANDE | H27: 35.479669 | I27: LEN | J27: X
A28: 1 | B28: 1 | C28: TOCANTINÓPOLIS | D28: 6 | E28: RODOVIA TO-126 - TRECHO MAURILÂNDIA - TOCANTINÓPOLIS | F28: 126ETO0140 | G28: RIBEIRÃO GRANDE - FOLHA GROSSA | H28: 5.5291153 | I28: PPS
A29: 1 | B29: 1 | C29: TOCANTINÓPOLIS | D29: 6 | E29: RODOVIA TO-126 - TRECHO MAURILÂNDIA - TOCANTINÓPOLIS | F29: 126ETO0150 | G29: FOLHA GROSSA - TOCANTINÓPOLIS *TRECHO URBANO* | H29: 2.9848124 | I29: PPS
A30: 1 | B30: 1 | C30: TOCANTINÓPOLIS | D30: 7 | E30: RODOVIA TO-126 - TRECHO ITAGUATINS - MAURILÂNDIA DO TOCANTINS | F30: 126ETO0101 | G30: PERÍMETRO URBANO ITAGUATINS | H30: 0.74066591 | I30: PSU
A31: 1 | B31: 1 | C31: TOCANTINÓPOLIS | D31: 7 | E31: RODOVIA TO-126 - TRECHO ITAGUATINS - MAURILÂNDIA DO TOCANTINS | F31: 126ETO0120 | G31: ITAGUATINS *TRECHO URBANO* - MAURILÃNDIA DO TOCANTINS *TRECHO URBANO* | H31: 20.919422 | I31: PPS
A32: 1 | B32: 1 | C32: TOCANTINÓPOLIS | D32: 8 | E32: RODOVIA TO-126 - TRECHO SÍTIO NOVO DO TOCANTINS - ITAGUATINS | F32: 126ETO0090 | G32: ENTR. TO-201(B)(SÍTIO NOVO DO TOCANTINS) - CASTANHEIRO | H32: 11.35543 | I32: PPS
A33: 1 | B33: 1 | C33: TOCANTINÓPOLIS | D33: 8 | E33: RODOVIA TO-126 - TRECHO SÍTIO NOVO DO TOCANTINS - ITAGUATINS | F33: 126ETO0100 | G33: CASTANHEIRO - ITAGUATINS *TRECHO URBANO* | H33: 14.021183 | I33: PPS
A34: 1 | B34: 1 | C34: TOCANTINÓPOLIS | D34: 9 | E34: RODOVIA TO-126 - TRECHO SUMAUMA - SÍTIO NOVO DO TOCANTINS | F34: 126ETO0050 | G34: SUMAUMA *TRECHO URBANO* - SÃO PEDRO | H34: 7.917381 | I34: PPS
A35: 1 | B35: 1 | C35: TOCANTINÓPOLIS | D35: 9 | E35: RODOVIA TO-126 - TRECHO SUMAUMA - SÍTIO NOVO DO TOCANTINS | F35: 126ETO0060 | G35: SÃO PEDRO - ENTR. TO-201 | H35: 6.5761498 | I35: PPS
A36: 1 | B36: 1 | C36: TOCANTINÓPOLIS | D36: 9 | E36: RODOVIA TO-126 - TRECHO SUMAUMA - SÍTIO NOVO DO TOCANTINS | F36: 126ETO0080 | G36: ENTR. TO-201(A) - ENTR. TO-201(B)(SÍTIO NOVO DO TOCANTINS) | H36: 2.1814371 | I36: PPS
A37: 1 | B37: 1 | C37: TOCANTINÓPOLIS | D37: 10 | E37: RODOVIA TO-134 - TRECHO ANGICO - DARCINÓPOLIS | F37: 134ETO0220 | G37: ENTR. TO-210 (ANGICO) - AMIGOS DA TERRA | H37: 31.59718 | I37: PPS
A38: 1 | B38: 1 | C38: TOCANTINÓPOLIS | D38: 10 | E38: RODOVIA TO-134 - TRECHO ANGICO - DARCINÓPOLIS | F38: 134ETO0230 | G38: AMIGOS DA TERRA - ENTR. BR-226(DARCINÓPOLIS) | H38: 13.750622 | I38: PPS
A39: 1 | B39: 1 | C39: TOCANTINÓPOLIS | D39: 11 | E39: RODOVIA TO-134 - TRECHO LUZINÓPOLIS - ANGICO | F39: 134ETO0180 | G39: ENTR. BR-230(LUZINÓPOLIS) - SANTA HELENA | H39: 9.8047447 | I39: PPS
... A42: 1 | B42: 1 | C42: TOCANTINÓPOLIS | D42: 11 | E42: RODOVIA TO-134 - TRECHO LUZINÓPOLIS - ANGICO | F42: 134ETO0210 | G42: ENTR. TO-210 (GROTÃO DE NAZARE) - ENTR. TO-210 (ANGICO) | H42: 7.4162558 | I42: PPS
A43: 1 | B43: 1 | C43: TOCANTINÓPOLIS | D43: 12 | E43: RODOVIA TO-134 - TRECHO RIO TOCANTINS (JATOBAL) - AXIXÁ DO TOCANTINS | F43: 134ETO0020 | G43: JATOBAL *TRECHO URBANO* - FOLHA SECA | H43: 12.568883 | I43: LEN | J43: X
A44: 1 | B44: 1 | C44: TOCANTINÓPOLIS | D44: 12 | E44: RODOVIA TO-134 - TRECHO RIO TOCANTINS (JATOBAL) - AXIXÁ DO TOCANTINS | F44: 134ETO0030 | G44: FOLHA SECA - JUVELÃNDIA | H44: 1.1473217 | I44: LEN | J44: X
A45: 1 | B45: 1 | C45: TOCANTINÓPOLIS | D45: 12 | E45: RODOVIA TO-134 - TRECHO RIO TOCANTINS (JATOBAL) - AXIXÁ DO TOCANTINS | F45: 134ETO0040 | G45: JUVELÃNDIA - VILA SÃO FRANCISCO | H45: 3.558762 | I45: LEN | J45: X
A46: 1 | B46: 1 | C46: TOCANTINÓPOLIS | D46: 12 | E46: RODOVIA TO-134 - TRECHO RIO TOCANTINS (JATOBAL) - AXIXÁ DO TOCANTINS | F46: 134ETO0050 | G46: VILA SÃO FRANCISCO - SANTA LUZIA | H46: 4.3098893 | I46: LEN | J46: X
A47: 1 | B47: 1 | C47: TOCANTINÓPOLIS | D47: 12 | E47: RODOVIA TO-134 - TRECHO RIO TOCANTINS (JATOBAL) - AXIXÁ DO TOCANTINS | F47: 134ETO0060 | G47: SANTA LUZIA - MORADA NOVA | H47: 1.0618146 | I47: LEN | J47: X
A48: 1 | B48: 1 | C48: TOCANTINÓPOLIS | D48: 12 | E48: RODOVIA TO-134 - TRECHO RIO TOCANTINS (JATOBAL) - AXIXÁ DO TOCANTINS | F48: 134ETO0070 | G48: MORADA NOVA - AXIXÁ DO TOCANTINS *TRECHO URBANO* | H48: 3.6544368 | I48: LEN | J48: X
A49: 1 | B49: 1 | C49: TOCANTINÓPOLIS | D49: 13 | E49: RODOVIA TO-134 - TRECHO AXIXÁ DO TOCANTINS - ENTR. BR-230 | F49: 134ETO0071 | G49: AXIXÁ DO TOCANTINS *TRECHO URBANO* | H49: 0.41740117 | I49: PSU
A50: 1 | B50: 1 | C50: TOCANTINÓPOLIS | D50: 13 | E50: RODOVIA TO-134 - TRECHO AXIXÁ DO TOCANTINS - ENTR. BR-230 | F50: 134ETO0110 | G50: AXIXÁ DO TOCANTINS *TRECHO URBANO* - ENTR. TO-409 | H50: 41.676456 | I50: PPS
A51: 1 | B51: 1 | C51: TOCANTINÓPOLIS | D51: 13 | E51: RODOVIA TO-134 - TRECHO AXIXÁ DO TOCANTINS - ENTR. BR-230 | F51: 134ETO0120 | G51: ENTR. TO-409 - ENTR. BR-230 | H51: 4.1233136 | I51: PPS
A52: 1 | B52: 1 | C52: TOCANTINÓPOLIS | D52: 14 | E52: RODOVIA TO-201 - TRECHO DIV. TO-MA - SÃO MIGUEL DO TOCANTINS | F52: 201ETO0010 | G52: DIV. TO-MA(PONTE RIO TOCANTINS) - ACESSO BELA VISTA | H52: 6.620899 | I52: PPS
A53: 1 | B53: 1 | C53: TOCANTINÓPOLIS | D53: 14 | E53: RODOVIA TO-201 - TRECHO DIV. TO-MA - SÃO MIGUEL DO TOCANTINS | F53: 201ETO0020 | G53: ACESSO BELA VISTA - SÃO MIGUEL DO TOCANTINS | H53: 3.3736173 | I53: PPS
A54: 1 | B54: 1 | C54: TOCANTINÓPOLIS | D54: 14 | E54: RODOVIA TO-201 - TRECHO DIV. TO-MA - SÃO MIGUEL DO TOCANTINS | F54: ACESSO | G54: BELA VISTA (BALSA) - ENTR. TO-201 | H54: 5.9161416 | I54: PPS
A55: 1 | B55: 1 | C55: TOCANTINÓPOLIS | D55: 15 | E55: RODOVIA TO-201 - TRECHO SÃO MIGUEL DO TOCANTINS - SÍTIO NOVO DO TOCANTINS | F55: 201ETO0030 | G55: SÃO MIGUEL DO TOCANTINS - ENTR. TO-126 | H55: 6.9727133 | I55: PPS
A56: 1 | B56: 1 | C56: TOCANTINÓPOLIS | D56: 15 | E56: RODOVIA TO-201 - TRECHO SÃO MIGUEL DO TOCANTINS - SÍTIO NOVO DO TOCANTINS | F56: 201ETO0050 | G56: ENTR. TO-126 - SÍTIO NOVO *TRECHO URBANO* | H56: 0.30242921 | I56: PPS
A57: 1 | B57: 1 | C57: TOCANTINÓPOLIS | D57: 16 | E57: RODOVIA TO-201 - TRECHO SÍTIO NOVO DO TOCANTINS - AXIXÁ DO TOCANTINS | F57: 201ETO0070 | G57: SÍTIO NOVO DO TOCANTINS *TRECHO URBANO* - ALTO DO ZUMBI | H57: 9.2925661 | I57: PPS
A58: 1 | B58: 1 | C58: TOCANTINÓPOLIS | D58: 16 | E58: RODOVIA TO-201 - TRECHO SÍTIO NOVO DO TOCANTINS - AXIXÁ DO TOCANTINS | F58: 201ETO0080 | G58: ALTO DO ZUMBI - AXIXÁ DO TOCANTINS *TRECHO URBANO* | H58: 4.779021 | I58: PPS
A59: 1 | B59: 1 | C59: TOCANTINÓPOLIS | D59: 17 | E59: RODOVIA TO-201 - TRECHO AXIXÁ DO TOCANTINS - AUGUSTINÓPOLIS | F59: 201ETO0120 | G59: AXIXÁ DO TOCANTINS *TRECHO URBANO* - GROTÃO | H59: 6.4056835 | I59: PPS
A60: 1 | B60: 1 | C60: TOCANTINÓPOLIS | D60: 17 | E60: RODOVIA TO-201 - TRECHO AXIXÁ DO TOCANTINS - AUGUSTINÓPOLIS | F60: 201ETO0130 | G60: GROTÃO - AUGUSTINÓPOLIS *TRECHO URBANO* | H60: 13.662634 | I60: PPS
... A71: 1 | B71: 1 | C71: TOCANTINÓPOLIS | D71: 19 | E71: RODOVIA TO-201 - TRECHO BURITI DO TOCANTINS - ESPERANTINA | F71: ACESSO* | G71: ENTR. TO-201 - DIV. TO-PA (PEDRA GRANDE) | H71: 5.2172738 | I71: PPS
A72: 1 | B72: 1 | C72: TOCANTINÓPOLIS | D72: 20 | E72: RODOVIA TO-201 - TRECHO ESPERANTINA - DIVISA TO-MA | F72: 201ETO0250 | G72: ESPERANTINA *TRECHO URBANO* - ENTR. ACESSO DIV. TO-PA (PEDRA GRANDE) | H72: 1.4887814 | I72: LEN | J72: X
A73: 1 | B73: 1 | C73: TOCANTINÓPOLIS | D73: 20 | E73: RODOVIA TO-201 - TRECHO ESPERANTINA - DIVISA TO-MA | F73: 201ETO0260 | G73: ENTR. ACESSO DIV. TO-PA (PEDRA GRANDE) - PEDRA DE AMOLAR | H73: 8.6392069 | I73: LEN | J73: X
A74: 1 | B74: 1 | C74: TOCANTINÓPOLIS | D74: 20 | E74: RODOVIA TO-201 - TRECHO ESPERANTINA - DIVISA TO-MA | F74: 201ETO0270 | G74: PEDRA DE AMOLAR - DIV TO-PA-MA | H74: 12.570027 | I74: LEN | J74: X
A75: 1 | B75: 1 | C75: TOCANTINÓPOLIS | D75: 21 | E75: RODOVIA TO-205 - TRECHO SÃO BENTO DO TOCANTINS - ENTR. TO-010 | F75: 205ETO0010 | G75: SÃO BENTO DO TO * TRECHO URBANO* - ENTR. TO-010 (CAMPO ALEGRE) | H75: 25.673932 | I75: LEN | J75: X | M75: X
A76: 1 | B76: 1 | C76: TOCANTINÓPOLIS | D76: 22 | E76: RODOVIA TO-210 - TRECHO ENTR. TO-010 - DIVISA TO-PA (VILA ANTONINA) | F76: 210ETO0290 | G76: ENTR. TO-010 - VILA ANTONINA | H76: 38.250855 | I76: LEN | J76: X | M76: X
A77: 1 | B77: 1 | C77: TOCANTINÓPOLIS | D77: 23 | E77: RODOVIA TO-210 - TRECHO ANGICO - ANANÁS | F77: 210ETO0230 | G77: ENTR. TO-134 - ANGICO | H77: 1.3453045 | I77: PPS
A78: 1 | B78: 1 | C78: TOCANTINÓPOLIS | D78: 23 | E78: RODOVIA TO-210 - TRECHO ANGICO - ANANÁS | F78: 210ETO0240 | G78: ANGICO - ANANÁS *TRECHO URBANO* | H78: 25.184972 | I78: PPS
A79: 1 | B79: 1 | C79: TOCANTINÓPOLIS | D79: 24 | E79: RODOVIA TO-210 - TRECHO NAZARÉ - ENTR. TO-134 (POVOADO GROTÃO DE NAZARÉ) | F79: 210ETO0140 | G79: NAZARÉ *TRECHO URBANO* - MATA GRANDE | H79: 1.7025751 | I79: PPS
A80: 1 | B80: 1 | C80: TOCANTINÓPOLIS | D80: 24 | E80: RODOVIA TO-210 - TRECHO NAZARÉ - ENTR. TO-134 (POVOADO GROTÃO DE NAZARÉ) | F80: 210ETO0150 | G80: MATA GRANDE - ENTR. BR-230 | H80: 3.5113934 | I80: PPS
A81: 1 | B81: 1 | C81: TOCANTINÓPOLIS | D81: 24 | E81: RODOVIA TO-210 - TRECHO NAZARÉ - ENTR. TO-134 (POVOADO GROTÃO DE NAZARÉ) | F81: 210ETO0160 | G81: ENTR. BR-230 - POV. VILA ROBERTINO | H81: 3.2953065 | I81: PPS
A82: 1 | B82: 1 | C82: TOCANTINÓPOLIS | D82: 24 | E82: RODOVIA TO-210 - TRECHO NAZARÉ - ENTR. TO-134 (POVOADO GROTÃO DE NAZARÉ) | F82: 210ETO0170 | G82: POV. VILA ROBERTINO - POV. PIAÇABA | H82: 8.9366891 | I82: PPS
A83: 1 | B83: 1 | C83: TOCANTINÓPOLIS | D83: 24 | E83: RODOVIA TO-210 - TRECHO NAZARÉ - ENTR. TO-134 (POVOADO GROTÃO DE NAZARÉ) | F83: 210ETO0190 | G83: POV. PIAÇABA - POV. PIRANHAS | H83: 3.3621002 | I83: PPS
A84: 1 | B84: 1 | C84: TOCANTINÓPOLIS | D84: 24 | E84: RODOVIA TO-210 - TRECHO NAZARÉ - ENTR. TO-134 (POVOADO GROTÃO DE NAZARÉ) | F84: 210ETO0200 | G84: POV. PIRANHAS - POV. BREJINHO | H84: 2.45415 | I84: PPS
A85: 1 | B85: 1 | C85: TOCANTINÓPOLIS | D85: 24 | E85: RODOVIA TO-210 - TRECHO NAZARÉ - ENTR. TO-134 (POVOADO GROTÃO DE NAZARÉ) | F85: 210ETO0210 | G85: POV. BREJINHO - ENTR. TO-134 (POV. GROTÃO DE NAZARÉ) | H85: 2.1853245 | I85: PPS
A86: 1 | B86: 1 | C86: TOCANTINÓPOLIS | D86: 25 | E86: RODOVIA TO-210 - TRECHO TOCANTINÓPOLIS - NAZARÉ | F86: 210ETO0050 | G86: TOCANTINÓPOLIS *TRECHO URBANO* - OLHO DAGUA | H86: 3.8927996 | I86: PPS
A87: 1 | B87: 1 | C87: TOCANTINÓPOLIS | D87: 25 | E87: RODOVIA TO-210 - TRECHO TOCANTINÓPOLIS - NAZARÉ | F87: 210ETO0060 | G87: OLHO DAGUA - PASSARINHO | H87: 2.0956864 | I87: PPS
A88: 1 | B88: 1 | C88: TOCANTINÓPOLIS | D88: 25 | E88: RODOVIA TO-210 - TRECHO TOCANTINÓPOLIS - NAZARÉ | F88: 210ETO0070 | G88: PASSARINHO - ENTR. ACESSO BR-230 | H88: 6.3170268 | I88: PPS
A89: 1 | B89: 1 | C89: TOCANTINÓPOLIS | D89: 25 | E89: RODOVIA TO-210 - TRECHO TOCANTINÓPOLIS - NAZARÉ | F89: 210ETO0090 | G89: ENTR.ACESSO A BR-230 - GROTA DE AREIA | H89: 14.497344 | I89: LEN | J89: X
A90: 1 | B90: 1 | C90: TOCANTINÓPOLIS | D90: 25 | E90: RODOVIA TO-210 - TRECHO TOCANTINÓPOLIS - NAZARÉ | F90: 210ETO0100 | G90: GROTA DE AREIRA - NAZARÉ *TRECHO URBANO* | H90: 1.7447458 | I90: LEN | J90: X
A91: 1 | B91: 1 | C91: TOCANTINÓPOLIS | D91: 25 | E91: RODOVIA TO-210 - TRECHO TOCANTINÓPOLIS - NAZARÉ | F91: ACESSO | G91: ENTR. TO-210 - ENTR. BR-230 | H91: 4.5199948 | I91: PPS
A92: 1 | B92: 1 | C92: TOCANTINÓPOLIS | D92: 26 | E92: RODOVIA TO-402 - TRECHO DIVISA TO-MA (VILA JURANDIR BELIZARIO) - ENTR. TO-201 | F92: 402ETO0010 | G92: DIVISA TO-MA - VILA JURANDIR BELIZARIO - ENTR. TO-201 | H92: 14.274653 | I92: LEN | J92: X | K92: X
A93: 1 | B93: 1 | C93: TOCANTINÓPOLIS | D93: 27 | E93: RODOVIA TO-403 - TRECHO CARRASCO BONITO - SAMPAIO | F93: 403ETO0010 | G93: CARRASCO BONITO *TRECHO URBANO* - CACHIADO | H93: 11.557072 | I93: LEN | J93: X | M93: X
A94: 1 | B94: 1 | C94: TOCANTINÓPOLIS | D94: 27 | E94: RODOVIA TO-403 - TRECHO CARRASCO BONITO - SAMPAIO | F94: 403ETO0020 | G94: CACHIADO - SAMPAIO *TRECHO URBANO* | H94: 7.6625836 | I94: LEN | J94: X | M94: X
A95: 1 | B95: 1 | C95: TOCANTINÓPOLIS | D95: 28 | E95: RODOVIA TO-403 - TRECHO SAMPAIO - ENTR. TO-404 (ITAÚBA) | F95: 403ETO0021 | G95: PERÍMETRO URBANO DE SAMPAIO | H95: 0.72297386 | I95: PSU
A96: 1 | B96: 1 | C96: TOCANTINÓPOLIS | D96: 28 | E96: RODOVIA TO-403 - TRECHO SAMPAIO - ENTR. TO-404 (ITAÚBA) | F96: 403ETO0030 | G96: SAMPAIO *TRECHO URBANO* - ENTR. TO-404(ITAÚBA) | H96: 8.7275218 | I96: PPS
A97: 1 | B97: 1 | C97: TOCANTINÓPOLIS | D97: 29 | E97: RODOVIA TO-404 - TRECHO AUGUSTINÓPOLIS - ENTR. TO-010 (POVOADO MATA VELHA) | F97: 404ETO0030 | G97: ENTR. TO-201(AUGUSTINÓPOLIS) - DEZESSEIS MIL | H97: 6.3326684 | I97: PPS
A98: 1 | B98: 1 | C98: TOCANTINÓPOLIS | D98: 29 | E98: RODOVIA TO-404 - TRECHO AUGUSTINÓPOLIS - ENTR. TO-010 (POVOADO MATA VELHA) | F98: 404ETO0040 | G98: DEZESSEIS MIL - MATA VELHA | H98: 17.444707 | I98: PPS
A99: 1 | B99: 1 | C99: TOCANTINÓPOLIS | D99: 29 | E99: RODOVIA TO-404 - TRECHO AUGUSTINÓPOLIS - ENTR. TO-010 (POVOADO MATA VELHA) | F99: 404ETO0050 | G99: MATA VELHA - ENTR. TO-010 | H99: 2.0654699 | I99: PPS
A100: 1 | B100: 1 | C100: TOCANTINÓPOLIS | D100: 30 | E100: RODOVIA TO-404 - TRECHO AUGUSTINÓPOLIS - PRAIA NORTE | F100: 404ETO0010 | G100: PRAIA NORTE - ENTR. TO-403(ITAÚBA) | H100: 6.0749263 | I100: PPS
A101: 1 | B101: 1 | C101: TOCANTINÓPOLIS | D101: 30 | E101: RODOVIA TO-404 - TRECHO AUGUSTINÓPOLIS - PRAIA NORTE | F101: 404ETO0020 | G101: ENTR. TO-403 (ITAÚBA) - ENTR. TO-201(AUGUSTINÓPOLIS) | H101: 6.0288383 | I101: PPS
A102: 1 | B102: 1 | C102: TOCANTINÓPOLIS | D102: 31 | E102: RODOVIA TO-405 - TRECHO AXIXÁ DO TOCANTINS - ENTR. BR-230 | F102: 405ETO0020 | G102: AXIXA DO TOCANTINS *TRECHO URBANO* - TABUA | H102: 2.6401054 | I102: LEN | J102: X
A103: 1 | B103: 1 | C103: TOCANTINÓPOLIS | D103: 31 | E103: RODOVIA TO-405 - TRECHO AXIXÁ DO TOCANTINS - ENTR. BR-230 | F103: 405ETO0030 | G103: TABUA - GROTA DAGUA | H103: 4.9056458 | I103: LEN | J103: X
A104: 1 | B104: 1 | C104: TOCANTINÓPOLIS | D104: 31 | E104: RODOVIA TO-405 - TRECHO AXIXÁ DO TOCANTINS - ENTR. BR-230 | F104: 405ETO0040 | G104: GROTA DAGUA - CANTO DO BARREIRO | H104: 18.04336 | I104: LEN | J104: X
A105: 1 | B105: 1 | C105: TOCANTINÓPOLIS | D105: 31 | E105: RODOVIA TO-405 - TRECHO AXIXÁ DO TOCANTINS - ENTR. BR-230 | F105: 405ETO0050 | G105: CANTO DO BARREIRO - ENTR. BR-230 | H105: 10.366479 | I105: LEN | J105: X
A106: 1 | B106: 1 | C106: TOCANTINÓPOLIS | D106: 32 | E106: RODOVIA TO-407 - TRECHO CARRASCO BONITO - ENTR. TO-201 (POVOADO CENTRO DOS FIRMINOS) | F106: 407ETO0020 | G106: CARRASCO BONITO *TRECHO URBANO* - ENTR. TO-201(P- POVOADO CENTRO DOS FIRMINOS) | H106: 7.687745 | I106: PPS
A107: 1 | B107: 1 | C107: TOCANTINÓPOLIS | D107: 33 | E107: RODOVIA TO-409 - TRECHO MAURILÂNDIA - ENTR. TO-134 | F107: 409ETO0020 | G107: MAURILANDIA DO TOCANTINS *TRECHO URBANO* - RODOVILÂNDIA | H107: 18.409328 | I107: LEN | J107: X
A108: 1 | B108: 1 | C108: TOCANTINÓPOLIS | D108: 33 | E108: RODOVIA TO-409 - TRECHO MAURILÂNDIA - ENTR. TO-134 | F108: 409ETO0030 | G108: RODOVILÂNDIA - ENTR. TO-134 | H108: 26.483453 | I108: LEN | J108: X | M108: X
A109: 1 | B109: 1 | C109: TOCANTINÓPOLIS | D109: 34 | E109: RODOVIA TO-414 - TRECHO CACHOEIRINHA - ENTR. TO-010 (TAPUIO) | F109: 414ETO0020 | G109: CACHOEIRINHA *TRECHO URBANO* - ENTR. TO-010-TO-210(TAPUIO) | H109: 32.812789 | I109: LEN | J109: X | M109: X
A110: 1 | B110: 1 | C110: TOCANTINÓPOLIS | D110: 35 | E110: RODOVIA TO-415 - TRECHO SANTA TEREZINHA DO TOCANTINS - PALMEIRAS DO TOCANTINS | F110: 415ETO0060 | G110: SANTA TEREZINHA DO TOCANTINS - IMBIRA | H110: 13.912285 | I110: PPS
A111: 1 | B111: 1 | C111: TOCANTINÓPOLIS | D111: 35 | E111: RODOVIA TO-415 - TRECHO SANTA TEREZINHA DO TOCANTINS - PALMEIRAS DO TOCANTINS | F111: 415ETO0070 | G111: IMBIRA - PALMEIRAS DO TOCANTINS *TRECHO URBANO* | H111: 11.08545 | I111: PPS
A112: 1 | B112: 1 | C112: TOCANTINÓPOLIS | D112: 36 | E112: RODOVIA TO-415 - TRECHO NAZARÉ - SANTA TEREZINHA DO TOCANTINS | F112: 415ETO0040 | G112: ENTR. TO-210(NAZARÉ *TRECHO URBANO*) - ENTR. BR-230 | H112: 2.3264889 | I112: PPS
...

Sheet 1
A1: PROGRAMA DE MANUTENÇÃORODOVIÁRIA | I1: DATA: | J1: 46204 | L1: TÉCNICO RESP. | N1: ENG. VINÍCIUS RODRIGUES FERREIRA DE OLIVEIRA
F2: RODOVIAS NÃO PAVIMENTADAS
A3: FICHA DE INSPEÇÃO: | B3: =TT!C4 -> RODOVIA TO-010 - TRECHO ANANÁS - ENTR. BR-230
A5: S.R.E. | B5: SENTIDO | C5: INÍCIO (KM) | D5: FIM (KM) | E5: CONDIÇÃO DA PLATAFORMA | I5: DRENAGEM SUPERFICIAL | L5: OBSERV.
E6: BOM | F6: REG. (ATÉ 10 IRR./KM) | G6: RUÍM (+ 10 IRR./KM) | H6: PÉSSIMA (ATOLEIRO/PTO. CRÍTICO) | I6: LIMPA | J6: OBSTRUÍDA | K6: AUSENTE
A7: 010ETO0560 | B7: C | C7: 0 | D7: 1 | F7: X | K7: X
C8: =D7 -> 1 | D8: 2 | F8: X | K8: X
C9: =D8 -> 2 | D9: 3 | F9: X | K9: X
C10: =D9 -> 3 | D10: 4 | F10: X | K10: X
C11: =D10 -> 4 | D11: 5 | F11: X | K11: X
C12: =D11 -> 5 | D12: 6 | F12: X | K12: X
C13: =D12 -> 6 | D13: 7 | F13: X | I13: X
C14: =D13 -> 7 | D14: 8 | F14: X | I14: X
C15: =D14 -> 8 | D15: 9 | F15: X | I15: X
C16: =D15 -> 9 | D16: 10 | F16: X | I16: X
C17: =D16 -> 10 | D17: 11 | F17: X | I17: X
C18: =D17 -> 11 | D18: 12 | F18: X | I18: X
C19: =D18 -> 12 | D19: 13 | F19: X | I19: X
C20: =D19 -> 13 | D20: 14 | F20: X | I20: X
C21: =D20 -> 14 | D21: 15 | F21: X | I21: X
C22: =D21 -> 15 | D22: 16 | F22: X | I22: X
C23: =D22 -> 16 | D23: 17 | F23: X | I23: X
C24: =D23 -> 17 | D24: 18 | F24: X | I24: X
... C38: =D37 -> 31 | D38: 32.19 | F38: X | I38: X
A39: 010ETO0570 | B39: C | C39: 0 | D39: 1 | E39: X | I39: X
C40: =D39 -> 1 | D40: 2 | E40: X | I40: X
C41: =D40 -> 2 | D41: 3 | E41: X | I41: X
C42: =D41 -> 3 | D42: 4 | E42: X | I42: X
C43: =D42 -> 4 | D43: 5 | E43: X | I43: X
C44: =D43 -> 5 | D44: 5.38 | E44: X | I44: X
A45: 010ETO0580 | B45: C | C45: 0 | D45: 1 | F45: X | I45: X
C46: =D45 -> 1 | D46: 2 | F46: X | I46: X
C47: =D46 -> 2 | D47: 3 | F47: X | I47: X
C48: =D47 -> 3 | D48: 4 | F48: X | I48: X
C49: =D48 -> 4 | D49: 5 | F49: X | I49: X
C50: =D49 -> 5 | D50: 6 | F50: X | I50: X
C51: =D50 -> 6 | D51: 7 | F51: X | I51: X
C52: =D51 -> 7 | D52: 8 | F52: X | I52: X
C53: =D52 -> 8 | D53: 9 | F53: X | I53: X
C54: =D53 -> 9 | D54: 10 | F54: X | I54: X
C55: =D54 -> 10 | D55: 11 | F55: X | I55: X
C56: =D55 -> 11 | D56: 12 | F56: X | I56: X
C57: =D56 -> 12 | D57: 13 | F57: X | I57: X
... C61: =D60 -> 16 | D61: 16.21 | F61: X | I61: X
A62: 010ETO0590 | B62: C | C62: 0 | D62: 1 | E62: X | I62: X
C63: =D62 -> 1 | D63: 1.35 | E63: X | I63: X
A64: 010ETO0600 | B64: C | C64: 0 | D64: 1 | E64: X | I64: X
C65: =D64 -> 1 | D65: 2 | E65: X | I65: X
C66: =D65 -> 2 | D66: 3 | E66: X | I66: X
C67: =D66 -> 3 | D67: 4 | E67: X | I67: X
C68: =D67 -> 4 | D68: 5 | E68: X | I68: X
C69: =D68 -> 5 | D69: 6 | E69: X | I69: X
C70: =D69 -> 6 | D70: 7 | E70: X | I70: X
C71: =D70 -> 7 | D71: 7.29 | E71: X | I71: X
A72: 010ETO0610 | B72: C | C72: 0 | D72: 1 | E72: X | I72: X
C73: =D72 -> 1 | D73: 2 | E73: X | I73: X
C74: =D73 -> 2 | D74: 3 | E74: X | I74: X
C75: =D74 -> 3 | D75: 3.86 | E75: X | I75: X
A76: 010ETO0620 | B76: C | C76: 0 | D76: 1 | E76: X | I76: X
C77: =D76 -> 1 | D77: 2 | E77: X | I77: X
C78: =D77 -> 2 | D78: 3 | E78: X | I78: X
C79: =D78 -> 3 | D79: 4 | E79: X | I79: X
C80: =D79 -> 4 | D80: 5 | E80: X | I80: X
C81: =D80 -> 5 | D81: 6 | E81: X | I81: X
C82: =D81 -> 6 | D82: 7 | E82: X | I82: X
C83: =D82 -> 7 | D83: 8 | E83: X | I83: X
C84: =D83 -> 8 | D84: 9 | E84: X | I84: X
C85: =D84 -> 9 | D85: 9.36 | E85: X | I85: X
E87: =IF(E7="X",(D7-C7),"0") -> 0 | F87: =IF(F7="X",(D7-C7),"0") -> 1 | G87: =IF(G7="X",(D7-C7),"0") -> 0 | H87: =IF(H7="X",(D7-C7),"0") -> 0 | I87: =IF(I7="X",(D7-C7),"0") -> 0 | J87: =IF(J7="X",(D7-C7),"0") -> 0 | K87: =IF(K7="X",(D7-C7),"0") -> 1
E88: =IF(E8="X",(D8-C8),"0") -> 0 | F88: =IF(F8="X",(D8-C8),"0") -> 1 | G88: =IF(G8="X",(D8-C8),"0") -> 0 | H88: =IF(H8="X",(D8-C8),"0") -> 0 | I88: =IF(I8="X",(D8-C8),"0") -> 0 | J88: =IF(J8="X",(D8-C8),"0") -> 0 | K88: =IF(K8="X",(D8-C8),"0") -> 1
E89: =IF(E9="X",(D9-C9),"0") -> 0 | F89: =IF(F9="X",(D9-C9),"0") -> 1 | G89: =IF(G9="X",(D9-C9),"0") -> 0 | H89: =IF(H9="X",(D9-C9),"0") -> 0 | I89: =IF(I9="X",(D9-C9),"0") -> 0 | J89: =IF(J9="X",(D9-C9),"0") -> 0 | K89: =IF(K9="X",(D9-C9),"0") -> 1
E90: =IF(E10="X",(D10-C10),"0") -> 0 | F90: =IF(F10="X",(D10-C10),"0") -> 1 | G90: =IF(G10="X",(D10-C10),"0") -> 0 | H90: =IF(H10="X",(D10-C10),"0") -> 0 | I90: =IF(I10="X",(D10-C10),"0") -> 0 | J90: =IF(J10="X",(D10-C10),"0") -> 0 | K90: =IF(K10="X",(D10-C10),"0") -> 1
E91: =IF(E11="X",(D11-C11),"0") -> 0 | F91: =IF(F11="X",(D11-C11),"0") -> 1 | G91: =IF(G11="X",(D11-C11),"0") -> 0 | H91: =IF(H11="X",(D11-C11),"0") -> 0 | I91: =IF(I11="X",(D11-C11),"0") -> 0 | J91: =IF(J11="X",(D11-C11),"0") -> 0 | K91: =IF(K11="X",(D11-C11),"0") -> 1
E92: =IF(E12="X",(D12-C12),"0") -> 0 | F92: =IF(F12="X",(D12-C12),"0") -> 1 | G92: =IF(G12="X",(D12-C12),"0") -> 0 | H92: =IF(H12="X",(D12-C12),"0") -> 0 | I92: =IF(I12="X",(D12-C12),"0") -> 0 | J92: =IF(J12="X",(D12-C12),"0") -> 0 | K92: =IF(K12="X",(D12-C12),"0") -> 1
E93: =IF(E13="X",(D13-C13),"0") -> 0 | F93: =IF(F13="X",(D13-C13),"0") -> 1 | G93: =IF(G13="X",(D13-C13),"0") -> 0 | H93: =IF(H13="X",(D13-C13),"0") -> 0 | I93: =IF(I13="X",(D13-C13),"0") -> 1 | J93: =IF(J13="X",(D13-C13),"0") -> 0 | K93: =IF(K13="X",(D13-C13),"0") -> 0
E94: =IF(E14="X",(D14-C14),"0") -> 0 | F94: =IF(F14="X",(D14-C14),"0") -> 1 | G94: =IF(G14="X",(D14-C14),"0") -> 0 | H94: =IF(H14="X",(D14-C14),"0") -> 0 | I94: =IF(I14="X",(D14-C14),"0") -> 1 | J94: =IF(J14="X",(D14-C14),"0") -> 0 | K94: =IF(K14="X",(D14-C14),"0") -> 0
E95: =IF(E15="X",(D15-C15),"0") -> 0 | F95: =IF(F15="X",(D15-C15),"0") -> 1 | G95: =IF(G15="X",(D15-C15),"0") -> 0 | H95: =IF(H15="X",(D15-C15),"0") -> 0 | I95: =IF(I15="X",(D15-C15),"0") -> 1 | J95: =IF(J15="X",(D15-C15),"0") -> 0 | K95: =IF(K15="X",(D15-C15),"0") -> 0
E96: =IF(E16="X",(D16-C16),"0") -> 0 | F96: =IF(F16="X",(D16-C16),"0") -> 1 | G96: =IF(G16="X",(D16-C16),"0") -> 0 | H96: =IF(H16="X",(D16-C16),"0") -> 0 | I96: =IF(I16="X",(D16-C16),"0") -> 1 | J96: =IF(J16="X",(D16-C16),"0") -> 0 | K96: =IF(K16="X",(D16-C16),"0") -> 0
E97: =IF(E17="X",(D17-C17),"0") -> 0 | F97: =IF(F17="X",(D17-C17),"0") -> 1 | G97: =IF(G17="X",(D17-C17),"0") -> 0 | H97: =IF(H17="X",(D17-C17),"0") -> 0 | I97: =IF(I17="X",(D17-C17),"0") -> 1 | J97: =IF(J17="X",(D17-C17),"0") -> 0 | K97: =IF(K17="X",(D17-C17),"0") -> 0
E98: =IF(E18="X",(D18-C18),"0") -> 0 | F98: =IF(F18="X",(D18-C18),"0") -> 1 | G98: =IF(G18="X",(D18-C18),"0") -> 0 | H98: =IF(H18="X",(D18-C18),"0") -> 0 | I98: =IF(I18="X",(D18-C18),"0") -> 1 | J98: =IF(J18="X",(D18-C18),"0") -> 0 | K98: =IF(K18="X",(D18-C18),"0") -> 0
... E165: =IF(E85="X",(D85-C85),"0") -> 0.36 | F165: =IF(F85="X",(D85-C85),"0") -> 0 | G165: =IF(G85="X",(D85-C85),"0") -> 0 | H165: =IF(H85="X",(D85-C85),"0") -> 0 | I165: =IF(I85="X",(D85-C85),"0") -> 0.36 | J165: =IF(J85="X",(D85-C85),"0") -> 0 | K165: =IF(K85="X",(D85-C85),"0") -> 0
E167: =SUM(E87:E165) -> 27.24 | F167: =SUM(F87:F165) -> 48.4 | G167: =SUM(G87:G165) -> 0 | H167: =SUM(H87:H165) -> 0 | I167: =SUM(I87:I165) -> 69.64 | J167: =SUM(J87:J165) -> 0 | K167: =SUM(K87:K165) -> 6

Sheet 6
A1: PROGRAMA DE MANUTENÇÃORODOVIÁRIA | I1: DATA: | J1: ='1'!J1 -> 46204 | L1: TÉCNICO RESP. | N1: ='1'!N1 -> ENG. VINÍCIUS RODRIGUES FERREIRA DE OLIVEIRA
F2: RODOVIAS NÃO PAVIMENTADAS
A3: FICHA DE INSPEÇÃO: | B3: =TT!C5 -> RODOVIA TO-126 - TRECHO MAURILÂNDIA - TOCANTINÓPOLIS
A5: S.R.E. | B5: SENTIDO | C5: INÍCIO (KM) | D5: FIM (KM) | E5: CONDIÇÃO DA PLATAFORMA | I5: DRENAGEM SUPERFICIAL | L5: OBSERV.
E6: BOM | F6: REG. (ATÉ 10 IRR./KM) | G6: RUÍM (+ 10 IRR./KM) | H6: PÉSSIMA (ATOLEIRO/PTO. CRÍTICO) | I6: LIMPA | J6: OBSTRUÍDA | K6: AUSENTE
A7: 126ETO0130 | B7: C | C7: 0 | D7: 2 | F7: X | K7: X
C8: =D7 -> 2 | D8: 4 | F8: X | K8: X
C9: =D8 -> 4 | D9: 6 | F9: X | I9: X | L9: ALTO INDICE DE BURACOS E VALETAS
C10: =D9 -> 6 | D10: 8 | F10: X | I10: X | L10: ALTO INDICE DE BURACOS E VALETAS
C11: =D10 -> 8 | D11: 10 | E11: X | K11: X
C12: =D11 -> 10 | D12: 12 | E12: X | I12: X
C13: =D12 -> 12 | D13: 14 | E13: X | I13: X
C14: =D13 -> 14 | D14: 16 | E14: X | I14: X
C15: =D14 -> 16 | D15: 18 | E15: X | I15: X | L15: GREIDE REBAIXADO
C16: =D15 -> 18 | D16: 20 | E16: X | I16: X | L16: GREIDE REBAIXADO
C17: =D16 -> 20 | D17: 22 | E17: X | I17: X | L17: GREIDE REBAIXADO
C18: =D17 -> 22 | D18: 24 | E18: X | I18: X | L18: GREIDE REBAIXADO
C19: =D18 -> 24 | D19: 26 | E19: X | I19: X | L19: GREIDE REBAIXADO
C20: =D19 -> 26 | D20: 28 | E20: X | I20: X | L20: GREIDE REBAIXADO
C21: =D20 -> 28 | D21: 30 | E21: X | I21: X | L21: GREIDE REBAIXADO
C22: =D21 -> 30 | D22: 32 | F22: X | I22: X | L22: GREIDE REBAIXADO
C23: =D22 -> 32 | D23: =Trechos!H27 -> 35.479669 | F23: X | I23: X | L23: GREIDE REBAIXADO
E36: =IF(E7="X",(D7-C7),"0") -> 0 | F36: =IF(F7="X",(D7-C7),"0") -> 2 | G36: =IF(G7="X",(D7-C7),"0") -> 0 | H36: =IF(H7="X",(D7-C7),"0") -> 0 | I36: =IF(I7="X",(D7-C7),"0") -> 0 | J36: =IF(J7="X",(D7-C7),"0") -> 0 | K36: =IF(K7="X",(D7-C7),"0") -> 2
E37: =IF(E8="X",(D8-C8),"0") -> 0 | F37: =IF(F8="X",(D8-C8),"0") -> 2 | G37: =IF(G8="X",(D8-C8),"0") -> 0 | H37: =IF(H8="X",(D8-C8),"0") -> 0 | I37: =IF(I8="X",(D8-C8),"0") -> 0 | J37: =IF(J8="X",(D8-C8),"0") -> 0 | K37: =IF(K8="X",(D8-C8),"0") -> 2
E38: =IF(E9="X",(D9-C9),"0") -> 0 | F38: =IF(F9="X",(D9-C9),"0") -> 2 | G38: =IF(G9="X",(D9-C9),"0") -> 0 | H38: =IF(H9="X",(D9-C9),"0") -> 0 | I38: =IF(I9="X",(D9-C9),"0") -> 2 | J38: =IF(J9="X",(D9-C9),"0") -> 0 | K38: =IF(K9="X",(D9-C9),"0") -> 0
E39: =IF(E10="X",(D10-C10),"0") -> 0 | F39: =IF(F10="X",(D10-C10),"0") -> 2 | G39: =IF(G10="X",(D10-C10),"0") -> 0 | H39: =IF(H10="X",(D10-C10),"0") -> 0 | I39: =IF(I10="X",(D10-C10),"0") -> 2 | J39: =IF(J10="X",(D10-C10),"0") -> 0 | K39: =IF(K10="X",(D10-C10),"0") -> 0
E40: =IF(E11="X",(D11-C11),"0") -> 2 | F40: =IF(F11="X",(D11-C11),"0") -> 0 | G40: =IF(G11="X",(D11-C11),"0") -> 0 | H40: =IF(H11="X",(D11-C11),"0") -> 0 | I40: =IF(I11="X",(D11-C11),"0") -> 0 | J40: =IF(J11="X",(D11-C11),"0") -> 0 | K40: =IF(K11="X",(D11-C11),"0") -> 2
E41: =IF(E12="X",(D12-C12),"0") -> 2 | F41: =IF(F12="X",(D12-C12),"0") -> 0 | G41: =IF(G12="X",(D12-C12),"0") -> 0 | H41: =IF(H12="X",(D12-C12),"0") -> 0 | I41: =IF(I12="X",(D12-C12),"0") -> 2 | J41: =IF(J12="X",(D12-C12),"0") -> 0 | K41: =IF(K12="X",(D12-C12),"0") -> 0
E42: =IF(E13="X",(D13-C13),"0") -> 2 | F42: =IF(F13="X",(D13-C13),"0") -> 0 | G42: =IF(G13="X",(D13-C13),"0") -> 0 | H42: =IF(H13="X",(D13-C13),"0") -> 0 | I42: =IF(I13="X",(D13-C13),"0") -> 2 | J42: =IF(J13="X",(D13-C13),"0") -> 0 | K42: =IF(K13="X",(D13-C13),"0") -> 0
E43: =IF(E14="X",(D14-C14),"0") -> 2 | F43: =IF(F14="X",(D14-C14),"0") -> 0 | G43: =IF(G14="X",(D14-C14),"0") -> 0 | H43: =IF(H14="X",(D14-C14),"0") -> 0 | I43: =IF(I14="X",(D14-C14),"0") -> 2 | J43: =IF(J14="X",(D14-C14),"0") -> 0 | K43: =IF(K14="X",(D14-C14),"0") -> 0
E44: =IF(E15="X",(D15-C15),"0") -> 2 | F44: =IF(F15="X",(D15-C15),"0") -> 0 | G44: =IF(G15="X",(D15-C15),"0") -> 0 | H44: =IF(H15="X",(D15-C15),"0") -> 0 | I44: =IF(I15="X",(D15-C15),"0") -> 2 | J44: =IF(J15="X",(D15-C15),"0") -> 0 | K44: =IF(K15="X",(D15-C15),"0") -> 0
E45: =IF(E16="X",(D16-C16),"0") -> 2 | F45: =IF(F16="X",(D16-C16),"0") -> 0 | G45: =IF(G16="X",(D16-C16),"0") -> 0 | H45: =IF(H16="X",(D16-C16),"0") -> 0 | I45: =IF(I16="X",(D16-C16),"0") -> 2 | J45: =IF(J16="X",(D16-C16),"0") -> 0 | K45: =IF(K16="X",(D16-C16),"0") -> 0
E46: =IF(E17="X",(D17-C17),"0") -> 2 | F46: =IF(F17="X",(D17-C17),"0") -> 0 | G46: =IF(G17="X",(D17-C17),"0") -> 0 | H46: =IF(H17="X",(D17-C17),"0") -> 0 | I46: =IF(I17="X",(D17-C17),"0") -> 2 | J46: =IF(J17="X",(D17-C17),"0") -> 0 | K46: =IF(K17="X",(D17-C17),"0") -> 0
E47: =IF(E18="X",(D18-C18),"0") -> 2 | F47: =IF(F18="X",(D18-C18),"0") -> 0 | G47: =IF(G18="X",(D18-C18),"0") -> 0 | H47: =IF(H18="X",(D18-C18),"0") -> 0 | I47: =IF(I18="X",(D18-C18),"0") -> 2 | J47: =IF(J18="X",(D18-C18),"0") -> 0 | K47: =IF(K18="X",(D18-C18),"0") -> 0
... E61: =IF(E32="X",(D32-C32),"0") -> 0 | F61: =IF(F32="X",(D32-C32),"0") -> 0 | G61: =IF(G32="X",(D32-C32),"0") -> 0 | H61: =IF(H32="X",(D32-C32),"0") -> 0 | I61: =IF(I32="X",(D32-C32),"0") -> 0 | J61: =IF(J32="X",(D32-C32),"0") -> 0 | K61: =IF(K32="X",(D32-C32),"0") -> 0
E62: =SUM(E36:E61) -> 22 | F62: =SUM(F36:F61) -> 13.479669 | G62: =SUM(G36:G61) -> 0 | H62: =SUM(H36:H61) -> 0 | I62: =SUM(I36:I61) -> 29.479669 | J62: =SUM(J36:J61) -> 0 | K62: =SUM(K36:K61) -> 6

Sheet 12
A1: PROGRAMA DE MANUTENÇÃORODOVIÁRIA | I1: DATA: | J1: ='1'!J1 -> 46204 | L1: TÉCNICO RESP. | N1: ENG. VINICIUS RODRIGUES
F2: RODOVIAS NÃO PAVIMENTADAS
A3: FICHA DE INSPEÇÃO: | B3: =TT!C6 -> RODOVIA TO-134 - TRECHO RIO TOCANTINS (JATOBAL) - AXIXÁ DO TOCANTINS
A5: S.R.E. | B5: SENTIDO | C5: INÍCIO (KM) | D5: FIM (KM) | E5: CONDIÇÃO DA PLATAFORMA | I5: DRENAGEM SUPERFICIAL | L5: OBSERV.
E6: BOM | F6: REG. (ATÉ 10 IRR./KM) | G6: RUÍM (+ 10 IRR./KM) | H6: PÉSSIMA (ATOLEIRO/PTO. CRÍTICO) | I6: LIMPA | J6: OBSTRUÍDA | K6: AUSENTE
A7: 134ETO0070 | B7: D | C7: 0 | D7: 2 | G7: X | J7: X | L7: PISTA PATROLADA MAS COM IRREGULARIDADES E MAT. FINO SOBRE A PISTA
C8: =D7 -> 2 | D8: 4 | G8: X | J8: X | L8: PISTA PATROLADA MAS COM IRREGULARIDADES E MAT. FINO SOBRE A PISTA
C9: =D8 -> 4 | D9: 6 | G9: X | J9: X | L9: PISTA PATROLADA MAS COM IRREGULARIDADES E MAT. FINO SOBRE A PISTA
C10: =D9 -> 6 | D10: 8 | G10: X | J10: X | L10: PISTA PATROLADA MAS COM IRREGULARIDADES E MAT. FINO SOBRE A PISTA
C11: =D10 -> 8 | D11: 10 | G11: X | J11: X | L11: PISTA PATROLADA MAS COM IRREGULARIDADES E MAT. FINO SOBRE A PISTA
C12: =D11 -> 10 | D12: 12 | G12: X | J12: X
C13: =D12 -> 12 | D13: 14 | G13: X | J13: X | L13: KM 12,2 AO 14,2 - PAV. TSD (VILA FOLHA SECA)
C14: =D13 -> 14 | D14: 16 | G14: X | J14: X | L14: MATERIAL FINO SOBRE A PISTA
C15: =D14 -> 16 | D15: 18 | G15: X | J15: X | L15: MATERIAL FINO SOBRE A PISTA
C16: =D15 -> 18 | D16: 20 | G16: X | J16: X | L16: MATERIAL FINO SOBRE A PISTA
C17: =D16 -> 20 | D17: 22 | G17: X | J17: X | L17: MATERIAL FINO SOBRE A PISTA
C18: =D17 -> 22 | D18: 24 | G18: X | J18: X
C19: =D18 -> 24 | D19: 26.3 | G19: X | J19: X
E36: =IF(E7="X",(D7-C7),"0") -> 0 | F36: =IF(F7="X",(D7-C7),"0") -> 0 | G36: =IF(G7="X",(D7-C7),"0") -> 2 | H36: =IF(H7="X",(D7-C7),"0") -> 0 | I36: =IF(I7="X",(D7-C7),"0") -> 0 | J36: =IF(J7="X",(D7-C7),"0") -> 2 | K36: =IF(K7="X",(D7-C7),"0") -> 0
E37: =IF(E8="X",(D8-C8),"0") -> 0 | F37: =IF(F8="X",(D8-C8),"0") -> 0 | G37: =IF(G8="X",(D8-C8),"0") -> 2 | H37: =IF(H8="X",(D8-C8),"0") -> 0 | I37: =IF(I8="X",(D8-C8),"0") -> 0 | J37: =IF(J8="X",(D8-C8),"0") -> 2 | K37: =IF(K8="X",(D8-C8),"0") -> 0
E38: =IF(E9="X",(D9-C9),"0") -> 0 | F38: =IF(F9="X",(D9-C9),"0") -> 0 | G38: =IF(G9="X",(D9-C9),"0") -> 2 | H38: =IF(H9="X",(D9-C9),"0") -> 0 | I38: =IF(I9="X",(D9-C9),"0") -> 0 | J38: =IF(J9="X",(D9-C9),"0") -> 2 | K38: =IF(K9="X",(D9-C9),"0") -> 0
E39: =IF(E10="X",(D10-C10),"0") -> 0 | F39: =IF(F10="X",(D10-C10),"0") -> 0 | G39: =IF(G10="X",(D10-C10),"0") -> 2 | H39: =IF(H10="X",(D10-C10),"0") -> 0 | I39: =IF(I10="X",(D10-C10),"0") -> 0 | J39: =IF(J10="X",(D10-C10),"0") -> 2 | K39: =IF(K10="X",(D10-C10),"0") -> 0
E40: =IF(E11="X",(D11-C11),"0") -> 0 | F40: =IF(F11="X",(D11-C11),"0") -> 0 | G40: =IF(G11="X",(D11-C11),"0") -> 2 | H40: =IF(H11="X",(D11-C11),"0") -> 0 | I40: =IF(I11="X",(D11-C11),"0") -> 0 | J40: =IF(J11="X",(D11-C11),"0") -> 2 | K40: =IF(K11="X",(D11-C11),"0") -> 0
E41: =IF(E12="X",(D12-C12),"0") -> 0 | F41: =IF(F12="X",(D12-C12),"0") -> 0 | G41: =IF(G12="X",(D12-C12),"0") -> 2 | H41: =IF(H12="X",(D12-C12),"0") -> 0 | I41: =IF(I12="X",(D12-C12),"0") -> 0 | J41: =IF(J12="X",(D12-C12),"0") -> 2 | K41: =IF(K12="X",(D12-C12),"0") -> 0
E42: =IF(E13="X",(D13-C13),"0") -> 0 | F42: =IF(F13="X",(D13-C13),"0") -> 0 | G42: =IF(G13="X",(D13-C13),"0") -> 2 | H42: =IF(H13="X",(D13-C13),"0") -> 0 | I42: =IF(I13="X",(D13-C13),"0") -> 0 | J42: =IF(J13="X",(D13-C13),"0") -> 2 | K42: =IF(K13="X",(D13-C13),"0") -> 0
E43: =IF(E14="X",(D14-C14),"0") -> 0 | F43: =IF(F14="X",(D14-C14),"0") -> 0 | G43: =IF(G14="X",(D14-C14),"0") -> 2 | H43: =IF(H14="X",(D14-C14),"0") -> 0 | I43: =IF(I14="X",(D14-C14),"0") -> 0 | J43: =IF(J14="X",(D14-C14),"0") -> 2 | K43: =IF(K14="X",(D14-C14),"0") -> 0
E44: =IF(E15="X",(D15-C15),"0") -> 0 | F44: =IF(F15="X",(D15-C15),"0") -> 0 | G44: =IF(G15="X",(D15-C15),"0") -> 2 | H44: =IF(H15="X",(D15-C15),"0") -> 0 | I44: =IF(I15="X",(D15-C15),"0") -> 0 | J44: =IF(J15="X",(D15-C15),"0") -> 2 | K44: =IF(K15="X",(D15-C15),"0") -> 0
E45: =IF(E16="X",(D16-C16),"0") -> 0 | F45: =IF(F16="X",(D16-C16),"0") -> 0 | G45: =IF(G16="X",(D16-C16),"0") -> 2 | H45: =IF(H16="X",(D16-C16),"0") -> 0 | I45: =IF(I16="X",(D16-C16),"0") -> 0 | J45: =IF(J16="X",(D16-C16),"0") -> 2 | K45: =IF(K16="X",(D16-C16),"0") -> 0
E46: =IF(E17="X",(D17-C17),"0") -> 0 | F46: =IF(F17="X",(D17-C17),"0") -> 0 | G46: =IF(G17="X",(D17-C17),"0") -> 2 | H46: =IF(H17="X",(D17-C17),"0") -> 0 | I46: =IF(I17="X",(D17-C17),"0") -> 0 | J46: =IF(J17="X",(D17-C17),"0") -> 2 | K46: =IF(K17="X",(D17-C17),"0") -> 0
E47: =IF(E18="X",(D18-C18),"0") -> 0 | F47: =IF(F18="X",(D18-C18),"0") -> 0 | G47: =IF(G18="X",(D18-C18),"0") -> 2 | H47: =IF(H18="X",(D18-C18),"0") -> 0 | I47: =IF(I18="X",(D18-C18),"0") -> 0 | J47: =IF(J18="X",(D18-C18),"0") -> 2 | K47: =IF(K18="X",(D18-C18),"0") -> 0
... E61: =IF(E32="X",(D32-C32),"0") -> 0 | F61: =IF(F32="X",(D32-C32),"0") -> 0 | G61: =IF(G32="X",(D32-C32),"0") -> 0 | H61: =IF(H32="X",(D32-C32),"0") -> 0 | I61: =IF(I32="X",(D32-C32),"0") -> 0 | J61: =IF(J32="X",(D32-C32),"0") -> 0 | K61: =IF(K32="X",(D32-C32),"0") -> 0
E62: =SUM(E36:E61) -> 0 | F62: =SUM(F36:F61) -> 0 | G62: =SUM(G36:G61) -> 26.3 | H62: =SUM(H36:H61) -> 0 | I62: =SUM(I36:I61) -> 0 | J62: =SUM(J36:J61) -> 26.3 | K62: =SUM(K36:K61) -> 0

Sheet 20
A1: PROGRAMA DE MANUTENÇÃORODOVIÁRIA | I1: DATA: | J1: ='1'!J1 -> 46204 | L1: TÉCNICO RESP. | N1: ENG. VINICIUS RODRIGUES
F2: RODOVIAS NÃO PAVIMENTADAS
A3: FICHA DE INSPEÇÃO: | B3: =TT!C7 -> RODOVIA TO-201 - TRECHO ESPERANTINA - DIVISA TO-MA
A5: S.R.E. | B5: SENTIDO | C5: INÍCIO (KM) | D5: FIM (KM) | E5: CONDIÇÃO DA PLATAFORMA | I5: DRENAGEM SUPERFICIAL | L5: OBSERV.
E6: BOM | F6: REG. (ATÉ 10 IRR./KM) | G6: RUÍM (+ 10 IRR./KM) | H6: PÉSSIMA (ATOLEIRO/PTO. CRÍTICO) | I6: LIMPA | J6: OBSTRUÍDA | K6: AUSENTE
A7: 201ETO0260 | C7: =D6 -> 0 | D7: 1 | E7: X | I7: X
C8: =D7 -> 1 | D8: 2 | E8: X | I8: X
C9: =D8 -> 2 | D9: 3 | F9: X | I9: X
C10: =D9 -> 3 | D10: 4 | F10: X | J10: X
C11: =D10 -> 4 | D11: 5 | F11: X | J11: X
C12: =D11 -> 5 | D12: 6 | F12: X | J12: X
C13: =D12 -> 6 | D13: 7 | F13: X | J13: X
C14: =D13 -> 7 | D14: 8 | F14: X | J14: X
C15: =D14 -> 8 | D15: 8.64 | F15: X | I15: X
A16: 201ETO0270 | C16: 0 | D16: 1 | F16: X | J16: X
C17: =D16 -> 1 | D17: 2 | F17: X | J17: X
C18: =D17 -> 2 | D18: 3 | F18: X | J18: X
C19: =D18 -> 3 | D19: 4 | F19: X | J19: X
C20: =D19 -> 4 | D20: 5 | E20: X | J20: X
C21: =D20 -> 5 | D21: 6 | E21: X | J21: X
C22: =D21 -> 6 | D22: 7 | E22: X | J22: X
C23: =D22 -> 7 | D23: 8 | E23: X | J23: X
C24: =D23 -> 8 | D24: 9 | E24: X | J24: X
C25: =D24 -> 9 | D25: 10 | E25: X | J25: X
C26: =D25 -> 10 | D26: 11 | F26: X | J26: X
C27: =D26 -> 11 | D27: 12 | F27: X | J27: X
C28: =D27 -> 12 | D28: 12.57 | F28: X | J28: X
E36: =IF(E7="X",(D7-C7),"0") -> 1 | F36: =IF(F7="X",(D7-C7),"0") -> 0 | G36: =IF(G7="X",(D7-C7),"0") -> 0 | H36: =IF(H7="X",(D7-C7),"0") -> 0 | I36: =IF(I7="X",(D7-C7),"0") -> 1 | J36: =IF(J7="X",(D7-C7),"0") -> 0 | K36: =IF(K7="X",(D7-C7),"0") -> 0
E37: =IF(E8="X",(D8-C8),"0") -> 1 | F37: =IF(F8="X",(D8-C8),"0") -> 0 | G37: =IF(G8="X",(D8-C8),"0") -> 0 | H37: =IF(H8="X",(D8-C8),"0") -> 0 | I37: =IF(I8="X",(D8-C8),"0") -> 1 | J37: =IF(J8="X",(D8-C8),"0") -> 0 | K37: =IF(K8="X",(D8-C8),"0") -> 0
E38: =IF(E9="X",(D9-C9),"0") -> 0 | F38: =IF(F9="X",(D9-C9),"0") -> 1 | G38: =IF(G9="X",(D9-C9),"0") -> 0 | H38: =IF(H9="X",(D9-C9),"0") -> 0 | I38: =IF(I9="X",(D9-C9),"0") -> 1 | J38: =IF(J9="X",(D9-C9),"0") -> 0 | K38: =IF(K9="X",(D9-C9),"0") -> 0
E39: =IF(E10="X",(D10-C10),"0") -> 0 | F39: =IF(F10="X",(D10-C10),"0") -> 1 | G39: =IF(G10="X",(D10-C10),"0") -> 0 | H39: =IF(H10="X",(D10-C10),"0") -> 0 | I39: =IF(I10="X",(D10-C10),"0") -> 0 | J39: =IF(J10="X",(D10-C10),"0") -> 1 | K39: =IF(K10="X",(D10-C10),"0") -> 0
E40: =IF(E11="X",(D11-C11),"0") -> 0 | F40: =IF(F11="X",(D11-C11),"0") -> 1 | G40: =IF(G11="X",(D11-C11),"0") -> 0 | H40: =IF(H11="X",(D11-C11),"0") -> 0 | I40: =IF(I11="X",(D11-C11),"0") -> 0 | J40: =IF(J11="X",(D11-C11),"0") -> 1 | K40: =IF(K11="X",(D11-C11),"0") -> 0
E41: =IF(E12="X",(D12-C12),"0") -> 0 | F41: =IF(F12="X",(D12-C12),"0") -> 1 | G41: =IF(G12="X",(D12-C12),"0") -> 0 | H41: =IF(H12="X",(D12-C12),"0") -> 0 | I41: =IF(I12="X",(D12-C12),"0") -> 0 | J41: =IF(J12="X",(D12-C12),"0") -> 1 | K41: =IF(K12="X",(D12-C12),"0") -> 0
E42: =IF(E13="X",(D13-C13),"0") -> 0 | F42: =IF(F13="X",(D13-C13),"0") -> 1 | G42: =IF(G13="X",(D13-C13),"0") -> 0 | H42: =IF(H13="X",(D13-C13),"0") -> 0 | I42: =IF(I13="X",(D13-C13),"0") -> 0 | J42: =IF(J13="X",(D13-C13),"0") -> 1 | K42: =IF(K13="X",(D13-C13),"0") -> 0
E43: =IF(E14="X",(D14-C14),"0") -> 0 | F43: =IF(F14="X",(D14-C14),"0") -> 1 | G43: =IF(G14="X",(D14-C14),"0") -> 0 | H43: =IF(H14="X",(D14-C14),"0") -> 0 | I43: =IF(I14="X",(D14-C14),"0") -> 0 | J43: =IF(J14="X",(D14-C14),"0") -> 1 | K43: =IF(K14="X",(D14-C14),"0") -> 0
E44: =IF(E15="X",(D15-C15),"0") -> 0 | F44: =IF(F15="X",(D15-C15),"0") -> 0.64 | G44: =IF(G15="X",(D15-C15),"0") -> 0 | H44: =IF(H15="X",(D15-C15),"0") -> 0 | I44: =IF(I15="X",(D15-C15),"0") -> 0.64 | J44: =IF(J15="X",(D15-C15),"0") -> 0 | K44: =IF(K15="X",(D15-C15),"0") -> 0
E45: =IF(E16="X",(D16-C16),"0") -> 0 | F45: =IF(F16="X",(D16-C16),"0") -> 1 | G45: =IF(G16="X",(D16-C16),"0") -> 0 | H45: =IF(H16="X",(D16-C16),"0") -> 0 | I45: =IF(I16="X",(D16-C16),"0") -> 0 | J45: =IF(J16="X",(D16-C16),"0") -> 1 | K45: =IF(K16="X",(D16-C16),"0") -> 0
E46: =IF(E17="X",(D17-C17),"0") -> 0 | F46: =IF(F17="X",(D17-C17),"0") -> 1 | G46: =IF(G17="X",(D17-C17),"0") -> 0 | H46: =IF(H17="X",(D17-C17),"0") -> 0 | I46: =IF(I17="X",(D17-C17),"0") -> 0 | J46: =IF(J17="X",(D17-C17),"0") -> 1 | K46: =IF(K17="X",(D17-C17),"0") -> 0
E47: =IF(E18="X",(D18-C18),"0") -> 0 | F47: =IF(F18="X",(D18-C18),"0") -> 1 | G47: =IF(G18="X",(D18-C18),"0") -> 0 | H47: =IF(H18="X",(D18-C18),"0") -> 0 | I47: =IF(I18="X",(D18-C18),"0") -> 0 | J47: =IF(J18="X",(D18-C18),"0") -> 1 | K47: =IF(K18="X",(D18-C18),"0") -> 0
... E61: =IF(E32="X",(D32-C32),"0") -> 0 | F61: =IF(F32="X",(D32-C32),"0") -> 0 | G61: =IF(G32="X",(D32-C32),"0") -> 0 | H61: =IF(H32="X",(D32-C32),"0") -> 0 | I61: =IF(I32="X",(D32-C32),"0") -> 0 | J61: =IF(J32="X",(D32-C32),"0") -> 0 | K61: =IF(K32="X",(D32-C32),"0") -> 0
E62: =SUM(E36:E61) -> 8 | F62: =SUM(F36:F61) -> 13.21 | G62: =SUM(G36:G61) -> 0 | H62: =SUM(H36:H61) -> 0 | I62: =SUM(I36:I61) -> 3.64 | J62: =SUM(J36:J61) -> 17.57 | K62: =SUM(K36:K61) -> 0

Sheet 21
A1: PROGRAMA DE MANUTENÇÃORODOVIÁRIA | I1: DATA: | J1: ='1'!J1 -> 46204 | L1: TÉCNICO RESP. | N1: ENG. VINICIUS RODRIGUES
F2: RODOVIAS NÃO PAVIMENTADAS
A3: FICHA DE INSPEÇÃO: | B3: =TT!C8 -> RODOVIA TO-205 - TRECHO SÃO BENTO DO TOCANTINS - ENTR. TO-010
A5: S.R.E. | B5: SENTIDO | C5: INÍCIO (KM) | D5: FIM (KM) | E5: CONDIÇÃO DA PLATAFORMA | I5: DRENAGEM SUPERFICIAL | L5: OBSERV.
E6: BOM | F6: REG. (ATÉ 10 IRR./KM) | G6: RUÍM (+ 10 IRR./KM) | H6: PÉSSIMA (ATOLEIRO/PTO. CRÍTICO) | I6: LIMPA | J6: OBSTRUÍDA | K6: AUSENTE
A7: 205ETO0010 | B7: D | C7: 0 | D7: 1 | E7: X | J7: X
C8: =D7 -> 1 | D8: 2 | E8: X | J8: X
C9: =D8 -> 2 | D9: 3 | E9: X | J9: X
C10: =D9 -> 3 | D10: 4 | E10: X | J10: X | L10: AUSENCIA DE DRENAGEM E MATERIAL FINO SOBRE A PISTA
C11: =D10 -> 4 | D11: 5 | F11: X | J11: X
C12: =D11 -> 5 | D12: 6 | E12: X | J12: X
C13: =D12 -> 6 | D13: 7 | F13: X | I13: X
C14: =D13 -> 7 | D14: 8 | F14: X | I14: X | L14: GREIDE REBAIXADO
C15: =D14 -> 8 | D15: 9 | E15: X | I15: X | L15: GREIDE REBAIXADO
C16: =D15 -> 9 | D16: 10 | E16: X | I16: X
C17: =D16 -> 10 | D17: 11 | E17: X | J17: X
C18: =D17 -> 11 | D18: 12 | E18: X | J18: X
C19: =D18 -> 12 | D19: 13 | F19: X | J19: X
C20: =D19 -> 13 | D20: 14 | F20: X | I20: X
C21: =D20 -> 14 | D21: 15 | F21: X | I21: X
C22: =D21 -> 15 | D22: 16 | F22: X | I22: X
C23: =D22 -> 16 | D23: 17 | F23: X | J23: X
C24: =D23 -> 17 | D24: 18 | F24: X | I24: X
C25: =D24 -> 18 | D25: 19 | E25: X | I25: X
C26: =D25 -> 19 | D26: 20 | E26: X | I26: X
C27: =D26 -> 20 | D27: 21 | E27: X | I27: X
C28: =D27 -> 21 | D28: 22 | E28: X | J28: X
C29: =D28 -> 22 | D29: 23 | E29: X | I29: X
C30: =D29 -> 23 | D30: 24 | E30: X | I30: X
C31: =D30 -> 24 | D31: 25 | E31: X | I31: X
C32: =D31 -> 25 | D32: 25.67 | E32: X | I32: X
E36: =IF(E7="X",(D7-C7),"0") -> 1 | F36: =IF(F7="X",(D7-C7),"0") -> 0 | G36: =IF(G7="X",(D7-C7),"0") -> 0 | H36: =IF(H7="X",(D7-C7),"0") -> 0 | I36: =IF(I7="X",(D7-C7),"0") -> 0 | J36: =IF(J7="X",(D7-C7),"0") -> 1 | K36: =IF(K7="X",(D7-C7),"0") -> 0
E37: =IF(E8="X",(D8-C8),"0") -> 1 | F37: =IF(F8="X",(D8-C8),"0") -> 0 | G37: =IF(G8="X",(D8-C8),"0") -> 0 | H37: =IF(H8="X",(D8-C8),"0") -> 0 | I37: =IF(I8="X",(D8-C8),"0") -> 0 | J37: =IF(J8="X",(D8-C8),"0") -> 1 | K37: =IF(K8="X",(D8-C8),"0") -> 0
E38: =IF(E9="X",(D9-C9),"0") -> 1 | F38: =IF(F9="X",(D9-C9),"0") -> 0 | G38: =IF(G9="X",(D9-C9),"0") -> 0 | H38: =IF(H9="X",(D9-C9),"0") -> 0 | I38: =IF(I9="X",(D9-C9),"0") -> 0 | J38: =IF(J9="X",(D9-C9),"0") -> 1 | K38: =IF(K9="X",(D9-C9),"0") -> 0
E39: =IF(E10="X",(D10-C10),"0") -> 1 | F39: =IF(F10="X",(D10-C10),"0") -> 0 | G39: =IF(G10="X",(D10-C10),"0") -> 0 | H39: =IF(H10="X",(D10-C10),"0") -> 0 | I39: =IF(I10="X",(D10-C10),"0") -> 0 | J39: =IF(J10="X",(D10-C10),"0") -> 1 | K39: =IF(K10="X",(D10-C10),"0") -> 0
E40: =IF(E11="X",(D11-C11),"0") -> 0 | F40: =IF(F11="X",(D11-C11),"0") -> 1 | G40: =IF(G11="X",(D11-C11),"0") -> 0 | H40: =IF(H11="X",(D11-C11),"0") -> 0 | I40: =IF(I11="X",(D11-C11),"0") -> 0 | J40: =IF(J11="X",(D11-C11),"0") -> 1 | K40: =IF(K11="X",(D11-C11),"0") -> 0
E41: =IF(E12="X",(D12-C12),"0") -> 1 | F41: =IF(F12="X",(D12-C12),"0") -> 0 | G41: =IF(G12="X",(D12-C12),"0") -> 0 | H41: =IF(H12="X",(D12-C12),"0") -> 0 | I41: =IF(I12="X",(D12-C12),"0") -> 0 | J41: =IF(J12="X",(D12-C12),"0") -> 1 | K41: =IF(K12="X",(D12-C12),"0") -> 0
E42: =IF(E13="X",(D13-C13),"0") -> 0 | F42: =IF(F13="X",(D13-C13),"0") -> 1 | G42: =IF(G13="X",(D13-C13),"0") -> 0 | H42: =IF(H13="X",(D13-C13),"0") -> 0 | I42: =IF(I13="X",(D13-C13),"0") -> 1 | J42: =IF(J13="X",(D13-C13),"0") -> 0 | K42: =IF(K13="X",(D13-C13),"0") -> 0
E43: =IF(E14="X",(D14-C14),"0") -> 0 | F43: =IF(F14="X",(D14-C14),"0") -> 1 | G43: =IF(G14="X",(D14-C14),"0") -> 0 | H43: =IF(H14="X",(D14-C14),"0") -> 0 | I43: =IF(I14="X",(D14-C14),"0") -> 1 | J43: =IF(J14="X",(D14-C14),"0") -> 0 | K43: =IF(K14="X",(D14-C14),"0") -> 0
E44: =IF(E15="X",(D15-C15),"0") -> 1 | F44: =IF(F15="X",(D15-C15),"0") -> 0 | G44: =IF(G15="X",(D15-C15),"0") -> 0 | H44: =IF(H15="X",(D15-C15),"0") -> 0 | I44: =IF(I15="X",(D15-C15),"0") -> 1 | J44: =IF(J15="X",(D15-C15),"0") -> 0 | K44: =IF(K15="X",(D15-C15),"0") -> 0
E45: =IF(E16="X",(D16-C16),"0") -> 1 | F45: =IF(F16="X",(D16-C16),"0") -> 0 | G45: =IF(G16="X",(D16-C16),"0") -> 0 | H45: =IF(H16="X",(D16-C16),"0") -> 0 | I45: =IF(I16="X",(D16-C16),"0") -> 1 | J45: =IF(J16="X",(D16-C16),"0") -> 0 | K45: =IF(K16="X",(D16-C16),"0") -> 0
E46: =IF(E17="X",(D17-C17),"0") -> 1 | F46: =IF(F17="X",(D17-C17),"0") -> 0 | G46: =IF(G17="X",(D17-C17),"0") -> 0 | H46: =IF(H17="X",(D17-C17),"0") -> 0 | I46: =IF(I17="X",(D17-C17),"0") -> 0 | J46: =IF(J17="X",(D17-C17),"0") -> 1 | K46: =IF(K17="X",(D17-C17),"0") -> 0
E47: =IF(E18="X",(D18-C18),"0") -> 1 | F47: =IF(F18="X",(D18-C18),"0") -> 0 | G47: =IF(G18="X",(D18-C18),"0") -> 0 | H47: =IF(H18="X",(D18-C18),"0") -> 0 | I47: =IF(I18="X",(D18-C18),"0") -> 0 | J47: =IF(J18="X",(D18-C18),"0") -> 1 | K47: =IF(K18="X",(D18-C18),"0") -> 0
... E61: =IF(E32="X",(D32-C32),"0") -> 0.67 | F61: =IF(F32="X",(D32-C32),"0") -> 0 | G61: =IF(G32="X",(D32-C32),"0") -> 0 | H61: =IF(H32="X",(D32-C32),"0") -> 0 | I61: =IF(I32="X",(D32-C32),"0") -> 0.67 | J61: =IF(J32="X",(D32-C32),"0") -> 0 | K61: =IF(K32="X",(D32-C32),"0") -> 0
E62: =SUM(E36:E61) -> 16.67 | F62: =SUM(F36:F61) -> 9 | G62: =SUM(G36:G61) -> 0 | H62: =SUM(H36:H61) -> 0 | I62: =SUM(I36:I61) -> 14.67 | J62: =SUM(J36:J61) -> 11 | K62: =SUM(K36:K61) -> 0

Sheet 22
A1: PROGRAMA DE MANUTENÇÃORODOVIÁRIA | I1: DATA: | J1: ='1'!J1 -> 46204 | L1: TÉCNICO RESP. | N1: LABORATORISTA -CLAUDIOMIRO VIEIRA LOPES
F2: RODOVIAS NÃO PAVIMENTADAS
A3: FICHA DE INSPEÇÃO: | B3: =TT!C9 -> RODOVIA TO-210 - TRECHO ENTR. TO-010 - DIVISA TO-PA (VILA ANTONINA)
A5: S.R.E. | B5: SENTIDO | C5: INÍCIO (KM) | D5: FIM (KM) | E5: CONDIÇÃO DA PLATAFORMA | I5: DRENAGEM SUPERFICIAL | L5: OBSERV.
E6: BOM | F6: REG. (ATÉ 10 IRR./KM) | G6: RUÍM (+ 10 IRR./KM) | H6: PÉSSIMA (ATOLEIRO/PTO. CRÍTICO) | I6: LIMPA | J6: OBSTRUÍDA | K6: AUSENTE
A7: 210ETO0290 | B7: C | C7: 0 | D7: 2 | E7: X | I7: X | L7: BUEIRO SIMPLES KM-0,2 ( 0,70 / 0,70 )
C8: =D7 -> 2 | D8: 4 | F8: X | K8: X | L8: BUEIRO SIMPLES KM-4,70 ( 1,10 / 1,10 ) ESTAR SEM CABECA
C9: =D8 -> 4 | D9: 6 | F9: X | I9: X | L9: BUEIRO SIMPLES KM-5,3 ( 1,20/ 1,20 )
C10: =D9 -> 6 | D10: 8 | F10: X | I10: X | L10: BUEIRO SIMPLES KM-9,9 ( 1,20/ 1,20 )
C11: =D10 -> 8 | D11: 10 | E11: X | I11: X | L11: BUEIRO DUPLO KM-12,3 (1,20 / 1,20)
C12: =D11 -> 10 | D12: 12 | F12: X | I12: X | L12: PONTE DE CONCRETO KM-13,9 ( 4.45 / 6,20 )
C13: =D12 -> 12 | D13: 14 | F13: X | I13: X | L13: BUEIRO SIMPLES KM-14,6 ( 0,70 / 0,70 )
C14: =D13 -> 14 | D14: 16 | F14: X | I14: X | L14: GALERIA KM-16,0 ( 2,50 / 2,50 )
C15: =D14 -> 16 | D15: 18 | E15: X | J15: X | L15: PONTO CRITICO KM- 16,7
C16: =D15 -> 18 | D16: 20 | F16: X | I16: X | L16: PONTE DE CONCRETO KM-22,4 ( 4.45 / 30,30 )
C17: =D16 -> 20 | D17: 22 | F17: X | I17: X | L17: PONTE DE CONCRETO KM-24,6 ( 4.45 / 12,10 )
C18: =D17 -> 22 | D18: 24 | F18: X | I18: X | L18: BUEIRO SIMPLES KM-26,3 ( 0,70 / 0,70 )
C19: =D18 -> 24 | D19: 26 | F19: X | I19: X | L19: BUEIRO SIMPLES KM-29,0 ( 1,10 / 1,10 ) ESTAR OBSTRUIDO
C20: =D19 -> 26 | D20: 28 | F20: X | I20: X | L20: PONTE DE CONCRETO KM-30,6 ( 4.45 / 11,0 )
C21: =D20 -> 28 | D21: 30 | F21: X | I21: X | L21: BUEIRO DUPLO KM-31,6 (1,20 / 1,20) ESTAR OBSTRUIDO
C22: =D21 -> 30 | D22: 32 | F22: X | I22: X | L22: PONTE DE CONCRETO KM-33,4 ( 4.45 / 10,0 )
C23: =D22 -> 32 | D23: 34 | E23: X | I23: X
C24: =D23 -> 34 | D24: 36 | F24: X | I24: X
C25: =D24 -> 36 | D25: 37.2 | E25: X | I25: X
C26: =D25 -> 37.2 | D26: 38.25 | E26: X | J26: X
E48: =IF(E7="X",(D7-C7),"0") -> 2 | F48: =IF(F7="X",(D7-C7),"0") -> 0 | G48: =IF(G7="X",(D7-C7),"0") -> 0 | H48: =IF(H7="X",(D7-C7),"0") -> 0 | I48: =IF(I7="X",(D7-C7),"0") -> 2 | J48: =IF(J7="X",(D7-C7),"0") -> 0 | K48: =IF(K7="X",(D7-C7),"0") -> 0
E49: =IF(E8="X",(D8-C8),"0") -> 0 | F49: =IF(F8="X",(D8-C8),"0") -> 2 | G49: =IF(G8="X",(D8-C8),"0") -> 0 | H49: =IF(H8="X",(D8-C8),"0") -> 0 | I49: =IF(I8="X",(D8-C8),"0") -> 0 | J49: =IF(J8="X",(D8-C8),"0") -> 0 | K49: =IF(K8="X",(D8-C8),"0") -> 2
E50: =IF(E9="X",(D9-C9),"0") -> 0 | F50: =IF(F9="X",(D9-C9),"0") -> 2 | G50: =IF(G9="X",(D9-C9),"0") -> 0 | H50: =IF(H9="X",(D9-C9),"0") -> 0 | I50: =IF(I9="X",(D9-C9),"0") -> 2 | J50: =IF(J9="X",(D9-C9),"0") -> 0 | K50: =IF(K9="X",(D9-C9),"0") -> 0
E51: =IF(E10="X",(D10-C10),"0") -> 0 | F51: =IF(F10="X",(D10-C10),"0") -> 2 | G51: =IF(G10="X",(D10-C10),"0") -> 0 | H51: =IF(H10="X",(D10-C10),"0") -> 0 | I51: =IF(I10="X",(D10-C10),"0") -> 2 | J51: =IF(J10="X",(D10-C10),"0") -> 0 | K51: =IF(K10="X",(D10-C10),"0") -> 0
E52: =IF(E11="X",(D11-C11),"0") -> 2 | F52: =IF(F11="X",(D11-C11),"0") -> 0 | G52: =IF(G11="X",(D11-C11),"0") -> 0 | H52: =IF(H11="X",(D11-C11),"0") -> 0 | I52: =IF(I11="X",(D11-C11),"0") -> 2 | J52: =IF(J11="X",(D11-C11),"0") -> 0 | K52: =IF(K11="X",(D11-C11),"0") -> 0
E53: =IF(E12="X",(D12-C12),"0") -> 0 | F53: =IF(F12="X",(D12-C12),"0") -> 2 | G53: =IF(G12="X",(D12-C12),"0") -> 0 | H53: =IF(H12="X",(D12-C12),"0") -> 0 | I53: =IF(I12="X",(D12-C12),"0") -> 2 | J53: =IF(J12="X",(D12-C12),"0") -> 0 | K53: =IF(K12="X",(D12-C12),"0") -> 0
E54: =IF(E13="X",(D13-C13),"0") -> 0 | F54: =IF(F13="X",(D13-C13),"0") -> 2 | G54: =IF(G13="X",(D13-C13),"0") -> 0 | H54: =IF(H13="X",(D13-C13),"0") -> 0 | I54: =IF(I13="X",(D13-C13),"0") -> 2 | J54: =IF(J13="X",(D13-C13),"0") -> 0 | K54: =IF(K13="X",(D13-C13),"0") -> 0
E55: =IF(E14="X",(D14-C14),"0") -> 0 | F55: =IF(F14="X",(D14-C14),"0") -> 2 | G55: =IF(G14="X",(D14-C14),"0") -> 0 | H55: =IF(H14="X",(D14-C14),"0") -> 0 | I55: =IF(I14="X",(D14-C14),"0") -> 2 | J55: =IF(J14="X",(D14-C14),"0") -> 0 | K55: =IF(K14="X",(D14-C14),"0") -> 0
E56: =IF(E15="X",(D15-C15),"0") -> 2 | F56: =IF(F15="X",(D15-C15),"0") -> 0 | G56: =IF(G15="X",(D15-C15),"0") -> 0 | H56: =IF(H15="X",(D15-C15),"0") -> 0 | I56: =IF(I15="X",(D15-C15),"0") -> 0 | J56: =IF(J15="X",(D15-C15),"0") -> 2 | K56: =IF(K15="X",(D15-C15),"0") -> 0
E57: =IF(E16="X",(D16-C16),"0") -> 0 | F57: =IF(F16="X",(D16-C16),"0") -> 2 | G57: =IF(G16="X",(D16-C16),"0") -> 0 | H57: =IF(H16="X",(D16-C16),"0") -> 0 | I57: =IF(I16="X",(D16-C16),"0") -> 2 | J57: =IF(J16="X",(D16-C16),"0") -> 0 | K57: =IF(K16="X",(D16-C16),"0") -> 0
E58: =IF(E17="X",(D17-C17),"0") -> 0 | F58: =IF(F17="X",(D17-C17),"0") -> 2 | G58: =IF(G17="X",(D17-C17),"0") -> 0 | H58: =IF(H17="X",(D17-C17),"0") -> 0 | I58: =IF(I17="X",(D17-C17),"0") -> 2 | J58: =IF(J17="X",(D17-C17),"0") -> 0 | K58: =IF(K17="X",(D17-C17),"0") -> 0
E59: =IF(E18="X",(D18-C18),"0") -> 0 | F59: =IF(F18="X",(D18-C18),"0") -> 2 | G59: =IF(G18="X",(D18-C18),"0") -> 0 | H59: =IF(H18="X",(D18-C18),"0") -> 0 | I59: =IF(I18="X",(D18-C18),"0") -> 2 | J59: =IF(J18="X",(D18-C18),"0") -> 0 | K59: =IF(K18="X",(D18-C18),"0") -> 0
... E87: =IF(E46="X",(D46-C46),"0") -> 0 | F87: =IF(F46="X",(D46-C46),"0") -> 0 | G87: =IF(G46="X",(D46-C46),"0") -> 0 | H87: =IF(H46="X",(D46-C46),"0") -> 0 | I87: =IF(I46="X",(D46-C46),"0") -> 0 | J87: =IF(J46="X",(D46-C46),"0") -> 0 | K87: =IF(K46="X",(D46-C46),"0") -> 0
E88: =SUM(E48:E87) -> 10.25 | F88: =SUM(F48:F87) -> 28 | G88: =SUM(G48:G87) -> 0 | H88: =SUM(H48:H87) -> 0 | I88: =SUM(I48:I87) -> 33.2 | J88: =SUM(J48:J87) -> 3.05 | K88: =SUM(K48:K87) -> 2

Sheet 25
A1: PROGRAMA DE MANUTENÇÃORODOVIÁRIA | I1: DATA: | J1: ='1'!J1 -> 46204 | L1: TÉCNICO RESP. | N1: ENG. VINICIUS RODRIGUES
F2: RODOVIAS NÃO PAVIMENTADAS
A3: FICHA DE INSPEÇÃO: | B3: =TT!C10 -> RODOVIA TO-210 - TRECHO TOCANTINÓPOLIS - NAZARÉ
A5: S.R.E. | B5: SENTIDO | C5: INÍCIO (KM) | D5: FIM (KM) | E5: CONDIÇÃO DA PLATAFORMA | I5: DRENAGEM SUPERFICIAL | L5: OBSERV.
E6: BOM | F6: REG. (ATÉ 10 IRR./KM) | G6: RUÍM (+ 10 IRR./KM) | H6: PÉSSIMA (ATOLEIRO/PTO. CRÍTICO) | I6: LIMPA | J6: OBSTRUÍDA | K6: AUSENTE
A7: 210ETO0090 | C7: 0 | D7: 2 | E7: X | I7: X
A8: 210ETO0100 | C8: =D7 -> 2 | D8: 4 | E8: X | I8: X
C9: =D8 -> 4 | D9: 6 | E9: X | I9: X | L9: BUEIRO SIMPLES KM-6,5 ( 1,20/ 1,20 )
C10: =D9 -> 6 | D10: 8 | E10: X | I10: X | L10: BUEIRO DUPLO KM-7,5 (1,20 / 1,20)
C11: =D10 -> 8 | D11: 10 | E11: X | I11: X | L11: PONTE DE CONCRETO KM-8,4 ( 4.45 / 30,0 )
C12: =D11 -> 10 | D12: 12 | E12: X | I12: X
C13: =D12 -> 12 | D13: 14 | E13: X | I13: X | L13: BUEIRO SIMPLES KM-10,3 ( 1,10/ 1,10 )
C14: =D13 -> 14 | D14: 15.5 | E14: X | I14: X | L14: BUEIRO SIMPLES KM-10,9 ( 1,20/ 1,20 )
L15: BUEIRO SIMPLES KM-11,8 ( 1,10/ 1,10 )
L16: BUEIRO SIMPLES KM-13,4 ( 1,10/ 1,10 )
L17: BUEIRO DUPLO KM-14,2 (1,10 / 1,10)
L18: PONTE DE CONCRETO KM-15,0 ( 3,70 / 10,0 )
E36: =IF(E7="X",(D7-C7),"0") -> 2 | F36: =IF(F7="X",(D7-C7),"0") -> 0 | G36: =IF(G7="X",(D7-C7),"0") -> 0 | H36: =IF(H7="X",(D7-C7),"0") -> 0 | I36: =IF(I7="X",(D7-C7),"0") -> 2 | J36: =IF(J7="X",(D7-C7),"0") -> 0 | K36: =IF(K7="X",(D7-C7),"0") -> 0
E37: =IF(E8="X",(D8-C8),"0") -> 2 | F37: =IF(F8="X",(D8-C8),"0") -> 0 | G37: =IF(G8="X",(D8-C8),"0") -> 0 | H37: =IF(H8="X",(D8-C8),"0") -> 0 | I37: =IF(I8="X",(D8-C8),"0") -> 2 | J37: =IF(J8="X",(D8-C8),"0") -> 0 | K37: =IF(K8="X",(D8-C8),"0") -> 0
E38: =IF(E9="X",(D9-C9),"0") -> 2 | F38: =IF(F9="X",(D9-C9),"0") -> 0 | G38: =IF(G9="X",(D9-C9),"0") -> 0 | H38: =IF(H9="X",(D9-C9),"0") -> 0 | I38: =IF(I9="X",(D9-C9),"0") -> 2 | J38: =IF(J9="X",(D9-C9),"0") -> 0 | K38: =IF(K9="X",(D9-C9),"0") -> 0
E39: =IF(E10="X",(D10-C10),"0") -> 2 | F39: =IF(F10="X",(D10-C10),"0") -> 0 | G39: =IF(G10="X",(D10-C10),"0") -> 0 | H39: =IF(H10="X",(D10-C10),"0") -> 0 | I39: =IF(I10="X",(D10-C10),"0") -> 2 | J39: =IF(J10="X",(D10-C10),"0") -> 0 | K39: =IF(K10="X",(D10-C10),"0") -> 0
E40: =IF(E11="X",(D11-C11),"0") -> 2 | F40: =IF(F11="X",(D11-C11),"0") -> 0 | G40: =IF(G11="X",(D11-C11),"0") -> 0 | H40: =IF(H11="X",(D11-C11),"0") -> 0 | I40: =IF(I11="X",(D11-C11),"0") -> 2 | J40: =IF(J11="X",(D11-C11),"0") -> 0 | K40: =IF(K11="X",(D11-C11),"0") -> 0
E41: =IF(E12="X",(D12-C12),"0") -> 2 | F41: =IF(F12="X",(D12-C12),"0") -> 0 | G41: =IF(G12="X",(D12-C12),"0") -> 0 | H41: =IF(H12="X",(D12-C12),"0") -> 0 | I41: =IF(I12="X",(D12-C12),"0") -> 2 | J41: =IF(J12="X",(D12-C12),"0") -> 0 | K41: =IF(K12="X",(D12-C12),"0") -> 0
E42: =IF(E13="X",(D13-C13),"0") -> 2 | F42: =IF(F13="X",(D13-C13),"0") -> 0 | G42: =IF(G13="X",(D13-C13),"0") -> 0 | H42: =IF(H13="X",(D13-C13),"0") -> 0 | I42: =IF(I13="X",(D13-C13),"0") -> 2 | J42: =IF(J13="X",(D13-C13),"0") -> 0 | K42: =IF(K13="X",(D13-C13),"0") -> 0
E43: =IF(E14="X",(D14-C14),"0") -> 1.5 | F43: =IF(F14="X",(D14-C14),"0") -> 0 | G43: =IF(G14="X",(D14-C14),"0") -> 0 | H43: =IF(H14="X",(D14-C14),"0") -> 0 | I43: =IF(I14="X",(D14-C14),"0") -> 1.5 | J43: =IF(J14="X",(D14-C14),"0") -> 0 | K43: =IF(K14="X",(D14-C14),"0") -> 0
E44: =IF(E15="X",(D15-C15),"0") -> 0 | F44: =IF(F15="X",(D15-C15),"0") -> 0 | G44: =IF(G15="X",(D15-C15),"0") -> 0 | H44: =IF(H15="X",(D15-C15),"0") -> 0 | I44: =IF(I15="X",(D15-C15),"0") -> 0 | J44: =IF(J15="X",(D15-C15),"0") -> 0 | K44: =IF(K15="X",(D15-C15),"0") -> 0
E45: =IF(E16="X",(D16-C16),"0") -> 0 | F45: =IF(F16="X",(D16-C16),"0") -> 0 | G45: =IF(G16="X",(D16-C16),"0") -> 0 | H45: =IF(H16="X",(D16-C16),"0") -> 0 | I45: =IF(I16="X",(D16-C16),"0") -> 0 | J45: =IF(J16="X",(D16-C16),"0") -> 0 | K45: =IF(K16="X",(D16-C16),"0") -> 0
E46: =IF(E17="X",(D17-C17),"0") -> 0 | F46: =IF(F17="X",(D17-C17),"0") -> 0 | G46: =IF(G17="X",(D17-C17),"0") -> 0 | H46: =IF(H17="X",(D17-C17),"0") -> 0 | I46: =IF(I17="X",(D17-C17),"0") -> 0 | J46: =IF(J17="X",(D17-C17),"0") -> 0 | K46: =IF(K17="X",(D17-C17),"0") -> 0
E47: =IF(E18="X",(D18-C18),"0") -> 0 | F47: =IF(F18="X",(D18-C18),"0") -> 0 | G47: =IF(G18="X",(D18-C18),"0") -> 0 | H47: =IF(H18="X",(D18-C18),"0") -> 0 | I47: =IF(I18="X",(D18-C18),"0") -> 0 | J47: =IF(J18="X",(D18-C18),"0") -> 0 | K47: =IF(K18="X",(D18-C18),"0") -> 0
... E61: =IF(E32="X",(D32-C32),"0") -> 0 | F61: =IF(F32="X",(D32-C32),"0") -> 0 | G61: =IF(G32="X",(D32-C32),"0") -> 0 | H61: =IF(H32="X",(D32-C32),"0") -> 0 | I61: =IF(I32="X",(D32-C32),"0") -> 0 | J61: =IF(J32="X",(D32-C32),"0") -> 0 | K61: =IF(K32="X",(D32-C32),"0") -> 0
E62: =SUM(E36:E61) -> 15.5 | F62: =SUM(F36:F61) -> 0 | G62: =SUM(G36:G61) -> 0 | H62: =SUM(H36:H61) -> 0 | I62: =SUM(I36:I61) -> 15.5 | J62: =SUM(J36:J61) -> 0 | K62: =SUM(K36:K61) -> 0

Sheet 26
A1: PROGRAMA DE MANUTENÇÃORODOVIÁRIA | I1: DATA: | J1: ='1'!J1 -> 46204 | L1: TÉCNICO RESP. | N1: ENG. VINICIUS RODRIGUES
F2: RODOVIAS NÃO PAVIMENTADAS
A3: FICHA DE INSPEÇÃO: | B3: =TT!C11 -> RODOVIA TO-402 - TRECHO DIVISA TO-MA (VILA JURANDIR BELIZARIO) - ENTR. TO-201
A5: S.R.E. | B5: SENTIDO | C5: INÍCIO (KM) | D5: FIM (KM) | E5: CONDIÇÃO DA PLATAFORMA | I5: DRENAGEM SUPERFICIAL | L5: OBSERV.
E6: BOM | F6: REG. (ATÉ 10 IRR./KM) | G6: RUÍM (+ 10 IRR./KM) | H6: PÉSSIMA (ATOLEIRO/PTO. CRÍTICO) | I6: LIMPA | J6: OBSTRUÍDA | K6: AUSENTE
A7: 402ETO0010 | B7: C | C7: 0 | D7: 1 | E7: X | J7: X
C8: =D7 -> 1 | D8: 2 | E8: X | J8: X
C9: =D8 -> 2 | D9: 3 | E9: X | J9: X
C10: =D9 -> 3 | D10: 4 | F10: X | J10: X
C11: =D10 -> 4 | D11: 5 | F11: X | J11: X
C12: =D11 -> 5 | D12: 6 | F12: X | J12: X
C13: =D12 -> 6 | D13: 7 | F13: X | J13: X
C14: =D13 -> 7 | D14: 8 | F14: X | J14: X
C15: =D14 -> 8 | D15: 9 | F15: X | J15: X
C16: =D15 -> 9 | D16: 10 | F16: X | J16: X
C17: =D16 -> 10 | D17: 11 | F17: X | J17: X
C18: =D17 -> 11 | D18: 12 | F18: X | J18: X
C19: =D18 -> 12 | D19: 13 | F19: X | J19: X
C20: =D19 -> 13 | D20: 14 | F20: X | J20: X
C21: =D20 -> 14 | D21: 14.27 | F21: X | J21: X
E36: =IF(E7="X",(D7-C7),"0") -> 1 | F36: =IF(F7="X",(D7-C7),"0") -> 0 | G36: =IF(G7="X",(D7-C7),"0") -> 0 | H36: =IF(H7="X",(D7-C7),"0") -> 0 | I36: =IF(I7="X",(D7-C7),"0") -> 0 | J36: =IF(J7="X",(D7-C7),"0") -> 1 | K36: =IF(K7="X",(D7-C7),"0") -> 0
E37: =IF(E8="X",(D8-C8),"0") -> 1 | F37: =IF(F8="X",(D8-C8),"0") -> 0 | G37: =IF(G8="X",(D8-C8),"0") -> 0 | H37: =IF(H8="X",(D8-C8),"0") -> 0 | I37: =IF(I8="X",(D8-C8),"0") -> 0 | J37: =IF(J8="X",(D8-C8),"0") -> 1 | K37: =IF(K8="X",(D8-C8),"0") -> 0
E38: =IF(E9="X",(D9-C9),"0") -> 1 | F38: =IF(F9="X",(D9-C9),"0") -> 0 | G38: =IF(G9="X",(D9-C9),"0") -> 0 | H38: =IF(H9="X",(D9-C9),"0") -> 0 | I38: =IF(I9="X",(D9-C9),"0") -> 0 | J38: =IF(J9="X",(D9-C9),"0") -> 1 | K38: =IF(K9="X",(D9-C9),"0") -> 0
E39: =IF(E10="X",(D10-C10),"0") -> 0 | F39: =IF(F10="X",(D10-C10),"0") -> 1 | G39: =IF(G10="X",(D10-C10),"0") -> 0 | H39: =IF(H10="X",(D10-C10),"0") -> 0 | I39: =IF(I10="X",(D10-C10),"0") -> 0 | J39: =IF(J10="X",(D10-C10),"0") -> 1 | K39: =IF(K10="X",(D10-C10),"0") -> 0
E40: =IF(E11="X",(D11-C11),"0") -> 0 | F40: =IF(F11="X",(D11-C11),"0") -> 1 | G40: =IF(G11="X",(D11-C11),"0") -> 0 | H40: =IF(H11="X",(D11-C11),"0") -> 0 | I40: =IF(I11="X",(D11-C11),"0") -> 0 | J40: =IF(J11="X",(D11-C11),"0") -> 1 | K40: =IF(K11="X",(D11-C11),"0") -> 0
E41: =IF(E12="X",(D12-C12),"0") -> 0 | F41: =IF(F12="X",(D12-C12),"0") -> 1 | G41: =IF(G12="X",(D12-C12),"0") -> 0 | H41: =IF(H12="X",(D12-C12),"0") -> 0 | I41: =IF(I12="X",(D12-C12),"0") -> 0 | J41: =IF(J12="X",(D12-C12),"0") -> 1 | K41: =IF(K12="X",(D12-C12),"0") -> 0
E42: =IF(E13="X",(D13-C13),"0") -> 0 | F42: =IF(F13="X",(D13-C13),"0") -> 1 | G42: =IF(G13="X",(D13-C13),"0") -> 0 | H42: =IF(H13="X",(D13-C13),"0") -> 0 | I42: =IF(I13="X",(D13-C13),"0") -> 0 | J42: =IF(J13="X",(D13-C13),"0") -> 1 | K42: =IF(K13="X",(D13-C13),"0") -> 0
E43: =IF(E14="X",(D14-C14),"0") -> 0 | F43: =IF(F14="X",(D14-C14),"0") -> 1 | G43: =IF(G14="X",(D14-C14),"0") -> 0 | H43: =IF(H14="X",(D14-C14),"0") -> 0 | I43: =IF(I14="X",(D14-C14),"0") -> 0 | J43: =IF(J14="X",(D14-C14),"0") -> 1 | K43: =IF(K14="X",(D14-C14),"0") -> 0
E44: =IF(E15="X",(D15-C15),"0") -> 0 | F44: =IF(F15="X",(D15-C15),"0") -> 1 | G44: =IF(G15="X",(D15-C15),"0") -> 0 | H44: =IF(H15="X",(D15-C15),"0") -> 0 | I44: =IF(I15="X",(D15-C15),"0") -> 0 | J44: =IF(J15="X",(D15-C15),"0") -> 1 | K44: =IF(K15="X",(D15-C15),"0") -> 0
E45: =IF(E16="X",(D16-C16),"0") -> 0 | F45: =IF(F16="X",(D16-C16),"0") -> 1 | G45: =IF(G16="X",(D16-C16),"0") -> 0 | H45: =IF(H16="X",(D16-C16),"0") -> 0 | I45: =IF(I16="X",(D16-C16),"0") -> 0 | J45: =IF(J16="X",(D16-C16),"0") -> 1 | K45: =IF(K16="X",(D16-C16),"0") -> 0
E46: =IF(E17="X",(D17-C17),"0") -> 0 | F46: =IF(F17="X",(D17-C17),"0") -> 1 | G46: =IF(G17="X",(D17-C17),"0") -> 0 | H46: =IF(H17="X",(D17-C17),"0") -> 0 | I46: =IF(I17="X",(D17-C17),"0") -> 0 | J46: =IF(J17="X",(D17-C17),"0") -> 1 | K46: =IF(K17="X",(D17-C17),"0") -> 0
E47: =IF(E18="X",(D18-C18),"0") -> 0 | F47: =IF(F18="X",(D18-C18),"0") -> 1 | G47: =IF(G18="X",(D18-C18),"0") -> 0 | H47: =IF(H18="X",(D18-C18),"0") -> 0 | I47: =IF(I18="X",(D18-C18),"0") -> 0 | J47: =IF(J18="X",(D18-C18),"0") -> 1 | K47: =IF(K18="X",(D18-C18),"0") -> 0
... E61: =IF(E32="X",(D32-C32),"0") -> 0 | F61: =IF(F32="X",(D32-C32),"0") -> 0 | G61: =IF(G32="X",(D32-C32),"0") -> 0 | H61: =IF(H32="X",(D32-C32),"0") -> 0 | I61: =IF(I32="X",(D32-C32),"0") -> 0 | J61: =IF(J32="X",(D32-C32),"0") -> 0 | K61: =IF(K32="X",(D32-C32),"0") -> 0
E62: =SUM(E36:E61) -> 3 | F62: =SUM(F36:F61) -> 11.27 | G62: =SUM(G36:G61) -> 0 | H62: =SUM(H36:H61) -> 0 | I62: =SUM(I36:I61) -> 0 | J62: =SUM(J36:J61) -> 14.27 | K62: =SUM(K36:K61) -> 0

Sheet 27
A1: PROGRAMA DE MANUTENÇÃORODOVIÁRIA | I1: DATA: | J1: ='1'!J1 -> 46204 | L1: TÉCNICO RESP. | N1: LABORATORISTA -CLAUDIOMIRO VIEIRA LOPES
F2: RODOVIAS NÃO PAVIMENTADAS
A3: FICHA DE INSPEÇÃO: | B3: =TT!C12 -> RODOVIA TO-403 - TRECHO CARRASCO BONITO - SAMPAIO
A5: S.R.E. | B5: SENTIDO | C5: INÍCIO (KM) | D5: FIM (KM) | E5: CONDIÇÃO DA PLATAFORMA | I5: DRENAGEM SUPERFICIAL | L5: OBSERV.
E6: BOM | F6: REG. (ATÉ 10 IRR./KM) | G6: RUÍM (+ 10 IRR./KM) | H6: PÉSSIMA (ATOLEIRO/PTO. CRÍTICO) | I6: LIMPA | J6: OBSTRUÍDA | K6: AUSENTE
A7: 403ETO0010 | B7: C | C7: =D6 -> 0 | D7: 2 | F7: X | I7: X | L7: PONTE DE CONCRETO KM-0,400 (4.45/12.0)
C8: 0 | D8: 2 | E8: X | J8: X | L8: BUEIRO DUPLO KM-0,800 (0.70/0.70)
C9: =D8 -> 2 | D9: 4 | E9: X | J9: X | L9: BUEIRO DUPLO KM-5,500 (2.00/2.00)
C10: =D8 -> 2 | D10: 4 | F10: X | I10: X
C11: =D10 -> 4 | D11: 6 | G11: X | J11: X
C12: =D11 -> 6 | D12: 8 | F12: X | I12: X
C13: =D11 -> 6 | D13: 8 | E13: X | I13: X
C14: =D13 -> 8 | D14: 10 | F14: X | I14: X
C15: =D14 -> 10 | D15: 10.6 | F15: X | I15: X
A19: 403ETO0020 | B19: C | C19: 0 | D19: 2 | F19: X | K19: X | L19: PONTE DE CONCRETO KM-1,00 (3.40/24.00)
C20: =D19 -> 2 | D20: 4 | F20: X | K20: X | L20: PONTE DE MADEIRA KM-1,10 (4.30/4.40)
C21: =D20 -> 4 | D21: 6 | F21: X | J21: X | L21: PONTE DE CONCRETO KM-1,40 (4.50/10.40)
C22: =D21 -> 6 | D22: 7.2 | G22: X | K22: X | L22: BUEIRO DUPLO KM-5,00 (1.10/1.10)
E36: =IF(E7="X",(D7-C7),"0") -> 0 | F36: =IF(F7="X",(D7-C7),"0") -> 2 | G36: =IF(G7="X",(D7-C7),"0") -> 0 | H36: =IF(H7="X",(D7-C7),"0") -> 0 | I36: =IF(I7="X",(D7-C7),"0") -> 2 | J36: =IF(J7="X",(D7-C7),"0") -> 0 | K36: =IF(K7="X",(D7-C7),"0") -> 0
E37: =IF(E8="X",(D8-C8),"0") -> 2 | F37: =IF(F8="X",(D8-C8),"0") -> 0 | G37: =IF(G8="X",(D8-C8),"0") -> 0 | H37: =IF(H8="X",(D8-C8),"0") -> 0 | I37: =IF(I8="X",(D8-C8),"0") -> 0 | J37: =IF(J8="X",(D8-C8),"0") -> 2 | K37: =IF(K8="X",(D8-C8),"0") -> 0
E38: =IF(E9="X",(D9-C9),"0") -> 2 | F38: =IF(F9="X",(D9-C9),"0") -> 0 | G38: =IF(G9="X",(D9-C9),"0") -> 0 | H38: =IF(H9="X",(D9-C9),"0") -> 0 | I38: =IF(I9="X",(D9-C9),"0") -> 0 | J38: =IF(J9="X",(D9-C9),"0") -> 2 | K38: =IF(K9="X",(D9-C9),"0") -> 0
E39: =IF(E10="X",(D10-C10),"0") -> 0 | F39: =IF(F10="X",(D10-C10),"0") -> 2 | G39: =IF(G10="X",(D10-C10),"0") -> 0 | H39: =IF(H10="X",(D10-C10),"0") -> 0 | I39: =IF(I10="X",(D10-C10),"0") -> 2 | J39: =IF(J10="X",(D10-C10),"0") -> 0 | K39: =IF(K10="X",(D10-C10),"0") -> 0
E40: =IF(E11="X",(D11-C11),"0") -> 0 | F40: =IF(F11="X",(D11-C11),"0") -> 0 | G40: =IF(G11="X",(D11-C11),"0") -> 2 | H40: =IF(H11="X",(D11-C11),"0") -> 0 | I40: =IF(I11="X",(D11-C11),"0") -> 0 | J40: =IF(J11="X",(D11-C11),"0") -> 2 | K40: =IF(K11="X",(D11-C11),"0") -> 0
E41: =IF(E12="X",(D12-C12),"0") -> 0 | F41: =IF(F12="X",(D12-C12),"0") -> 2 | G41: =IF(G12="X",(D12-C12),"0") -> 0 | H41: =IF(H12="X",(D12-C12),"0") -> 0 | I41: =IF(I12="X",(D12-C12),"0") -> 2 | J41: =IF(J12="X",(D12-C12),"0") -> 0 | K41: =IF(K12="X",(D12-C12),"0") -> 0
E42: =IF(E13="X",(D13-C13),"0") -> 2 | F42: =IF(F13="X",(D13-C13),"0") -> 0 | G42: =IF(G13="X",(D13-C13),"0") -> 0 | H42: =IF(H13="X",(D13-C13),"0") -> 0 | I42: =IF(I13="X",(D13-C13),"0") -> 2 | J42: =IF(J13="X",(D13-C13),"0") -> 0 | K42: =IF(K13="X",(D13-C13),"0") -> 0
E43: =IF(E14="X",(D14-C14),"0") -> 0 | F43: =IF(F14="X",(D14-C14),"0") -> 2 | G43: =IF(G14="X",(D14-C14),"0") -> 0 | H43: =IF(H14="X",(D14-C14),"0") -> 0 | I43: =IF(I14="X",(D14-C14),"0") -> 2 | J43: =IF(J14="X",(D14-C14),"0") -> 0 | K43: =IF(K14="X",(D14-C14),"0") -> 0
E44: =IF(E15="X",(D15-C15),"0") -> 0 | F44: =IF(F15="X",(D15-C15),"0") -> 0.6 | G44: =IF(G15="X",(D15-C15),"0") -> 0 | H44: =IF(H15="X",(D15-C15),"0") -> 0 | I44: =IF(I15="X",(D15-C15),"0") -> 0.6 | J44: =IF(J15="X",(D15-C15),"0") -> 0 | K44: =IF(K15="X",(D15-C15),"0") -> 0
E45: =IF(E16="X",(D16-C16),"0") -> 0 | F45: =IF(F16="X",(D16-C16),"0") -> 0 | G45: =IF(G16="X",(D16-C16),"0") -> 0 | H45: =IF(H16="X",(D16-C16),"0") -> 0 | I45: =IF(I16="X",(D16-C16),"0") -> 0 | J45: =IF(J16="X",(D16-C16),"0") -> 0 | K45: =IF(K16="X",(D16-C16),"0") -> 0
E46: =IF(E17="X",(D17-C17),"0") -> 0 | F46: =IF(F17="X",(D17-C17),"0") -> 0 | G46: =IF(G17="X",(D17-C17),"0") -> 0 | H46: =IF(H17="X",(D17-C17),"0") -> 0 | I46: =IF(I17="X",(D17-C17),"0") -> 0 | J46: =IF(J17="X",(D17-C17),"0") -> 0 | K46: =IF(K17="X",(D17-C17),"0") -> 0
E47: =IF(E18="X",(D18-C18),"0") -> 0 | F47: =IF(F18="X",(D18-C18),"0") -> 0 | G47: =IF(G18="X",(D18-C18),"0") -> 0 | H47: =IF(H18="X",(D18-C18),"0") -> 0 | I47: =IF(I18="X",(D18-C18),"0") -> 0 | J47: =IF(J18="X",(D18-C18),"0") -> 0 | K47: =IF(K18="X",(D18-C18),"0") -> 0
... E61: =IF(E32="X",(D32-C32),"0") -> 0 | F61: =IF(F32="X",(D32-C32),"0") -> 0 | G61: =IF(G32="X",(D32-C32),"0") -> 0 | H61: =IF(H32="X",(D32-C32),"0") -> 0 | I61: =IF(I32="X",(D32-C32),"0") -> 0 | J61: =IF(J32="X",(D32-C32),"0") -> 0 | K61: =IF(K32="X",(D32-C32),"0") -> 0
E62: =SUM(E36:E61) -> 6 | F62: =SUM(F36:F61) -> 14.6 | G62: =SUM(G36:G61) -> 3.2 | H62: =SUM(H36:H61) -> 0 | I62: =SUM(I36:I61) -> 10.6 | J62: =SUM(J36:J61) -> 8 | K62: =SUM(K36:K61) -> 5.2

Sheet 31
A1: PROGRAMA DE MANUTENÇÃORODOVIÁRIA | I1: DATA: | J1: ='1'!J1 -> 46204 | L1: TÉCNICO RESP. | N1: ENG. VINICIUS RODRIGUES
F2: RODOVIAS NÃO PAVIMENTADAS
A3: FICHA DE INSPEÇÃO: | B3: =TT!C13 -> RODOVIA TO-405 - TRECHO AXIXÁ DO TOCANTINS - ENTR. BR-230
A5: S.R.E. | B5: SENTIDO | C5: INÍCIO (KM) | D5: FIM (KM) | E5: CONDIÇÃO DA PLATAFORMA | I5: DRENAGEM SUPERFICIAL | L5: OBSERV.
E6: BOM | F6: REG. (ATÉ 10 IRR./KM) | G6: RUÍM (+ 10 IRR./KM) | H6: PÉSSIMA (ATOLEIRO/PTO. CRÍTICO) | I6: LIMPA | J6: OBSTRUÍDA | K6: AUSENTE
A7: 405ETO020 | B7: C | C7: 0 | D7: 1 | E7: X | I7: X
C8: =D7 -> 1 | D8: 2 | E8: X | I8: X
C9: =D8 -> 2 | D9: 2.64 | E9: X | I9: X
A10: 405ETO030 | B10: C | C10: 0 | D10: 1 | F10: X | I10: X
C11: =D10 -> 1 | D11: 2 | F11: X | I11: X
C12: =D11 -> 2 | D12: 3 | F12: X | I12: X
C13: =D12 -> 3 | D13: 4 | F13: X | I13: X
C14: =D13 -> 4 | D14: 4.91 | F14: X | I14: X
A15: 405ETO040 | B15: C | C15: 0 | D15: 1 | E15: X | I15: X
C16: =D15 -> 1 | D16: 2 | E16: X | I16: X
C17: =D16 -> 2 | D17: 3 | F17: X | I17: X
C18: =D17 -> 3 | D18: 4 | F18: X | I18: X
C19: =D18 -> 4 | D19: 5 | F19: X | I19: X
C20: =D19 -> 5 | D20: 6 | F20: X | I20: X
C21: =D20 -> 6 | D21: 7 | F21: X | I21: X
C22: =D21 -> 7 | D22: 8 | F22: X | I22: X
C23: =D22 -> 8 | D23: 9 | F23: X | I23: X
C24: =D23 -> 9 | D24: 10 | F24: X | I24: X
C25: =D24 -> 10 | D25: 11 | F25: X | I25: X
C26: =D25 -> 11 | D26: 12 | F26: X | I26: X
C27: =D26 -> 12 | D27: 13 | F27: X | I27: X
C28: =D27 -> 13 | D28: 14 | F28: X | I28: X
C29: =D28 -> 14 | D29: 15 | F29: X | I29: X
C30: =D29 -> 15 | D30: 16 | F30: X | J30: X
C31: =D30 -> 16 | D31: 17 | F31: X | J31: X
C32: =D31 -> 17 | D32: 18 | F32: X | J32: X
C33: =D32 -> 18 | D33: 18.04 | F33: X | J33: X
A34: 405ETO050 | B34: C | C34: 0 | D34: 1 | F34: X | J34: X
C35: =D34 -> 1 | D35: 2 | F35: X | J35: X
C36: =D35 -> 2 | D36: 3 | F36: X | J36: X
C37: =D36 -> 3 | D37: 4 | F37: X | J37: X
C38: =D37 -> 4 | D38: 5 | F38: X | J38: X
C39: =D38 -> 5 | D39: 6 | F39: X | J39: X
C40: =D39 -> 6 | D40: 7 | F40: X | J40: X
C41: =D40 -> 7 | D41: 8 | F41: X | J41: X
C42: =D41 -> 8 | D42: 9 | F42: X | J42: X
C43: =D42 -> 9 | D43: 10 | F43: X | J43: X
C44: =D43 -> 10 | D44: 10.37 | F44: X | J44: X
E51: =IF(E7="X",(D7-C7),"0") -> 1 | F51: =IF(F7="X",(D7-C7),"0") -> 0 | G51: =IF(G7="X",(D7-C7),"0") -> 0 | H51: =IF(H7="X",(D7-C7),"0") -> 0 | I51: =IF(I7="X",(D7-C7),"0") -> 1 | J51: =IF(J7="X",(D7-C7),"0") -> 0 | K51: =IF(K7="X",(D7-C7),"0") -> 0
E52: =IF(E8="X",(D8-C8),"0") -> 1 | F52: =IF(F8="X",(D8-C8),"0") -> 0 | G52: =IF(G8="X",(D8-C8),"0") -> 0 | H52: =IF(H8="X",(D8-C8),"0") -> 0 | I52: =IF(I8="X",(D8-C8),"0") -> 1 | J52: =IF(J8="X",(D8-C8),"0") -> 0 | K52: =IF(K8="X",(D8-C8),"0") -> 0
E53: =IF(E9="X",(D9-C9),"0") -> 0.64 | F53: =IF(F9="X",(D9-C9),"0") -> 0 | G53: =IF(G9="X",(D9-C9),"0") -> 0 | H53: =IF(H9="X",(D9-C9),"0") -> 0 | I53: =IF(I9="X",(D9-C9),"0") -> 0.64 | J53: =IF(J9="X",(D9-C9),"0") -> 0 | K53: =IF(K9="X",(D9-C9),"0") -> 0
E54: =IF(E10="X",(D10-C10),"0") -> 0 | F54: =IF(F10="X",(D10-C10),"0") -> 1 | G54: =IF(G10="X",(D10-C10),"0") -> 0 | H54: =IF(H10="X",(D10-C10),"0") -> 0 | I54: =IF(I10="X",(D10-C10),"0") -> 1 | J54: =IF(J10="X",(D10-C10),"0") -> 0 | K54: =IF(K10="X",(D10-C10),"0") -> 0
E55: =IF(E11="X",(D11-C11),"0") -> 0 | F55: =IF(F11="X",(D11-C11),"0") -> 1 | G55: =IF(G11="X",(D11-C11),"0") -> 0 | H55: =IF(H11="X",(D11-C11),"0") -> 0 | I55: =IF(I11="X",(D11-C11),"0") -> 1 | J55: =IF(J11="X",(D11-C11),"0") -> 0 | K55: =IF(K11="X",(D11-C11),"0") -> 0
E56: =IF(E12="X",(D12-C12),"0") -> 0 | F56: =IF(F12="X",(D12-C12),"0") -> 1 | G56: =IF(G12="X",(D12-C12),"0") -> 0 | H56: =IF(H12="X",(D12-C12),"0") -> 0 | I56: =IF(I12="X",(D12-C12),"0") -> 1 | J56: =IF(J12="X",(D12-C12),"0") -> 0 | K56: =IF(K12="X",(D12-C12),"0") -> 0
E57: =IF(E13="X",(D13-C13),"0") -> 0 | F57: =IF(F13="X",(D13-C13),"0") -> 1 | G57: =IF(G13="X",(D13-C13),"0") -> 0 | H57: =IF(H13="X",(D13-C13),"0") -> 0 | I57: =IF(I13="X",(D13-C13),"0") -> 1 | J57: =IF(J13="X",(D13-C13),"0") -> 0 | K57: =IF(K13="X",(D13-C13),"0") -> 0
E58: =IF(E14="X",(D14-C14),"0") -> 0 | F58: =IF(F14="X",(D14-C14),"0") -> 0.91 | G58: =IF(G14="X",(D14-C14),"0") -> 0 | H58: =IF(H14="X",(D14-C14),"0") -> 0 | I58: =IF(I14="X",(D14-C14),"0") -> 0.91 | J58: =IF(J14="X",(D14-C14),"0") -> 0 | K58: =IF(K14="X",(D14-C14),"0") -> 0
E59: =IF(E15="X",(D15-C15),"0") -> 1 | F59: =IF(F15="X",(D15-C15),"0") -> 0 | G59: =IF(G15="X",(D15-C15),"0") -> 0 | H59: =IF(H15="X",(D15-C15),"0") -> 0 | I59: =IF(I15="X",(D15-C15),"0") -> 1 | J59: =IF(J15="X",(D15-C15),"0") -> 0 | K59: =IF(K15="X",(D15-C15),"0") -> 0
E60: =IF(E16="X",(D16-C16),"0") -> 1 | F60: =IF(F16="X",(D16-C16),"0") -> 0 | G60: =IF(G16="X",(D16-C16),"0") -> 0 | H60: =IF(H16="X",(D16-C16),"0") -> 0 | I60: =IF(I16="X",(D16-C16),"0") -> 1 | J60: =IF(J16="X",(D16-C16),"0") -> 0 | K60: =IF(K16="X",(D16-C16),"0") -> 0
E61: =IF(E17="X",(D17-C17),"0") -> 0 | F61: =IF(F17="X",(D17-C17),"0") -> 1 | G61: =IF(G17="X",(D17-C17),"0") -> 0 | H61: =IF(H17="X",(D17-C17),"0") -> 0 | I61: =IF(I17="X",(D17-C17),"0") -> 1 | J61: =IF(J17="X",(D17-C17),"0") -> 0 | K61: =IF(K17="X",(D17-C17),"0") -> 0
E62: =IF(E18="X",(D18-C18),"0") -> 0 | F62: =IF(F18="X",(D18-C18),"0") -> 1 | G62: =IF(G18="X",(D18-C18),"0") -> 0 | H62: =IF(H18="X",(D18-C18),"0") -> 0 | I62: =IF(I18="X",(D18-C18),"0") -> 1 | J62: =IF(J18="X",(D18-C18),"0") -> 0 | K62: =IF(K18="X",(D18-C18),"0") -> 0
... E88: =IF(E44="X",(D44-C44),"0") -> 0 | F88: =IF(F44="X",(D44-C44),"0") -> 0.37 | G88: =IF(G44="X",(D44-C44),"0") -> 0 | H88: =IF(H44="X",(D44-C44),"0") -> 0 | I88: =IF(I44="X",(D44-C44),"0") -> 0 | J88: =IF(J44="X",(D44-C44),"0") -> 0.37 | K88: =IF(K44="X",(D44-C44),"0") -> 0
E89: =SUM(E51:E88) -> 4.64 | F89: =SUM(F51:F88) -> 31.32 | G89: =SUM(G51:G88) -> 0 | H89: =SUM(H51:H88) -> 0 | I89: =SUM(I51:I88) -> 22.55 | J89: =SUM(J51:J88) -> 13.41 | K89: =SUM(K51:K88) -> 0

Sheet 33
A1: PROGRAMA DE MANUTENÇÃORODOVIÁRIA | I1: DATA: | J1: ='1'!J1 -> 46204 | L1: TÉCNICO RESP. | N1: ENG. VINICIUS RODRIGUES
F2: RODOVIAS NÃO PAVIMENTADAS
A3: FICHA DE INSPEÇÃO: | B3: =TT!C14 -> RODOVIA TO-409 - TRECHO MAURILÂNDIA - ENTR. TO-134
A5: S.R.E. | B5: SENTIDO | C5: INÍCIO (KM) | D5: FIM (KM) | E5: CONDIÇÃO DA PLATAFORMA | I5: DRENAGEM SUPERFICIAL | L5: OBSERV.
E6: BOM | F6: REG. (ATÉ 10 IRR./KM) | G6: RUÍM (+ 10 IRR./KM) | H6: PÉSSIMA (ATOLEIRO/PTO. CRÍTICO) | I6: LIMPA | J6: OBSTRUÍDA | K6: AUSENTE
A7: 409ETO0020 | B7: D | C7: 0 | D7: 1 | F7: X | I7: X
C8: =D7 -> 1 | D8: 2 | F8: X | I8: X
C9: =D8 -> 2 | D9: 3 | F9: X | I9: X
C10: =D9 -> 3 | D10: 4 | E10: X | I10: X
C11: =D10 -> 4 | D11: 5 | E11: X | I11: X
C12: =D11 -> 5 | D12: 6 | F12: X | I12: X
C13: =D12 -> 6 | D13: 7 | F13: X | I13: X
C14: =D13 -> 7 | D14: 8 | F14: X | I14: X
C15: =D14 -> 8 | D15: 9 | F15: X | I15: X
C16: =D15 -> 9 | D16: 10 | E16: X | J16: X
C17: =D16 -> 10 | D17: 11 | E17: X | J17: X
C18: =D17 -> 11 | D18: 12 | E18: X | J18: X
C19: =D18 -> 12 | D19: 13 | E19: X | J19: X
C20: =D19 -> 13 | D20: 14 | E20: X | J20: X
C21: =D20 -> 14 | D21: 15 | E21: X | J21: X
C22: =D21 -> 15 | D22: 16 | E22: X | J22: X
C23: =D22 -> 16 | D23: 17 | F23: X | J23: X
C24: =D23 -> 17 | D24: 18 | F24: X | J24: X
C25: =D24 -> 18 | D25: 18.41 | F25: X | J25: X
A26: 409ETO0030 | B26: D | C26: 0 | D26: 1 | E26: X | J26: X
C27: =D26 -> 1 | D27: 2 | E27: X | J27: X
C28: =D27 -> 2 | D28: 3 | E28: X | J28: X
C29: =D28 -> 3 | D29: 4 | E29: X | J29: X
C30: =D29 -> 4 | D30: 5 | E30: X | J30: X
C31: =D30 -> 5 | D31: 6 | E31: X | J31: X
C32: =D31 -> 6 | D32: 7 | E32: X | J32: X
C33: =D32 -> 7 | D33: 8 | F33: X | J33: X
C34: =D33 -> 8 | D34: 9 | F34: X | J34: X
C35: =D34 -> 9 | D35: 10 | E35: X | J35: X
C36: =D35 -> 10 | D36: 11 | E36: X | J36: X
C37: =D36 -> 11 | D37: 12 | E37: X | I37: X
C38: =D37 -> 12 | D38: 13 | E38: X | I38: X
C39: =D38 -> 13 | D39: 14 | E39: X | I39: X
C40: =D39 -> 14 | D40: 15 | E40: X | I40: X
C41: =D40 -> 15 | D41: 16 | E41: X | I41: X
C42: =D41 -> 16 | D42: 17 | E42: X | I42: X
C43: =D42 -> 17 | D43: 18 | E43: X | I43: X
C44: 0 | D44: 19 | E44: X | I44: X
C45: =D44 -> 19 | D45: 20 | E45: X | I45: X
C46: =D45 -> 20 | D46: 21 | E46: X | I46: X
C47: =D46 -> 21 | D47: 22 | E47: X | I47: X
C48: =D47 -> 22 | D48: 23 | E48: X | I48: X
C49: =D48 -> 23 | D49: 24 | E49: X | I49: X
C50: =D49 -> 24 | D50: 25 | F50: X | I50: X
C51: =D50 -> 25 | D51: 26 | F51: X | I51: X
C52: =D51 -> 26 | D52: 26.48 | E52: X | I52: X
E58: =IF(E7="X",(D7-C7),"0") -> 0 | F58: =IF(F7="X",(D7-C7),"0") -> 1 | G58: =IF(G7="X",(D7-C7),"0") -> 0 | H58: =IF(H7="X",(D7-C7),"0") -> 0 | I58: =IF(I7="X",(D7-C7),"0") -> 1 | J58: =IF(J7="X",(D7-C7),"0") -> 0 | K58: =IF(K7="X",(D7-C7),"0") -> 0
E59: =IF(E8="X",(D8-C8),"0") -> 0 | F59: =IF(F8="X",(D8-C8),"0") -> 1 | G59: =IF(G8="X",(D8-C8),"0") -> 0 | H59: =IF(H8="X",(D8-C8),"0") -> 0 | I59: =IF(I8="X",(D8-C8),"0") -> 1 | J59: =IF(J8="X",(D8-C8),"0") -> 0 | K59: =IF(K8="X",(D8-C8),"0") -> 0
E60: =IF(E9="X",(D9-C9),"0") -> 0 | F60: =IF(F9="X",(D9-C9),"0") -> 1 | G60: =IF(G9="X",(D9-C9),"0") -> 0 | H60: =IF(H9="X",(D9-C9),"0") -> 0 | I60: =IF(I9="X",(D9-C9),"0") -> 1 | J60: =IF(J9="X",(D9-C9),"0") -> 0 | K60: =IF(K9="X",(D9-C9),"0") -> 0
E61: =IF(E10="X",(D10-C10),"0") -> 1 | F61: =IF(F10="X",(D10-C10),"0") -> 0 | G61: =IF(G10="X",(D10-C10),"0") -> 0 | H61: =IF(H10="X",(D10-C10),"0") -> 0 | I61: =IF(I10="X",(D10-C10),"0") -> 1 | J61: =IF(J10="X",(D10-C10),"0") -> 0 | K61: =IF(K10="X",(D10-C10),"0") -> 0
E62: =IF(E11="X",(D11-C11),"0") -> 1 | F62: =IF(F11="X",(D11-C11),"0") -> 0 | G62: =IF(G11="X",(D11-C11),"0") -> 0 | H62: =IF(H11="X",(D11-C11),"0") -> 0 | I62: =IF(I11="X",(D11-C11),"0") -> 1 | J62: =IF(J11="X",(D11-C11),"0") -> 0 | K62: =IF(K11="X",(D11-C11),"0") -> 0
E63: =IF(E12="X",(D12-C12),"0") -> 0 | F63: =IF(F12="X",(D12-C12),"0") -> 1 | G63: =IF(G12="X",(D12-C12),"0") -> 0 | H63: =IF(H12="X",(D12-C12),"0") -> 0 | I63: =IF(I12="X",(D12-C12),"0") -> 1 | J63: =IF(J12="X",(D12-C12),"0") -> 0 | K63: =IF(K12="X",(D12-C12),"0") -> 0
E64: =IF(E13="X",(D13-C13),"0") -> 0 | F64: =IF(F13="X",(D13-C13),"0") -> 1 | G64: =IF(G13="X",(D13-C13),"0") -> 0 | H64: =IF(H13="X",(D13-C13),"0") -> 0 | I64: =IF(I13="X",(D13-C13),"0") -> 1 | J64: =IF(J13="X",(D13-C13),"0") -> 0 | K64: =IF(K13="X",(D13-C13),"0") -> 0
E65: =IF(E14="X",(D14-C14),"0") -> 0 | F65: =IF(F14="X",(D14-C14),"0") -> 1 | G65: =IF(G14="X",(D14-C14),"0") -> 0 | H65: =IF(H14="X",(D14-C14),"0") -> 0 | I65: =IF(I14="X",(D14-C14),"0") -> 1 | J65: =IF(J14="X",(D14-C14),"0") -> 0 | K65: =IF(K14="X",(D14-C14),"0") -> 0
E66: =IF(E15="X",(D15-C15),"0") -> 0 | F66: =IF(F15="X",(D15-C15),"0") -> 1 | G66: =IF(G15="X",(D15-C15),"0") -> 0 | H66: =IF(H15="X",(D15-C15),"0") -> 0 | I66: =IF(I15="X",(D15-C15),"0") -> 1 | J66: =IF(J15="X",(D15-C15),"0") -> 0 | K66: =IF(K15="X",(D15-C15),"0") -> 0
E67: =IF(E16="X",(D16-C16),"0") -> 1 | F67: =IF(F16="X",(D16-C16),"0") -> 0 | G67: =IF(G16="X",(D16-C16),"0") -> 0 | H67: =IF(H16="X",(D16-C16),"0") -> 0 | I67: =IF(I16="X",(D16-C16),"0") -> 0 | J67: =IF(J16="X",(D16-C16),"0") -> 1 | K67: =IF(K16="X",(D16-C16),"0") -> 0
E68: =IF(E17="X",(D17-C17),"0") -> 1 | F68: =IF(F17="X",(D17-C17),"0") -> 0 | G68: =IF(G17="X",(D17-C17),"0") -> 0 | H68: =IF(H17="X",(D17-C17),"0") -> 0 | I68: =IF(I17="X",(D17-C17),"0") -> 0 | J68: =IF(J17="X",(D17-C17),"0") -> 1 | K68: =IF(K17="X",(D17-C17),"0") -> 0
E69: =IF(E18="X",(D18-C18),"0") -> 1 | F69: =IF(F18="X",(D18-C18),"0") -> 0 | G69: =IF(G18="X",(D18-C18),"0") -> 0 | H69: =IF(H18="X",(D18-C18),"0") -> 0 | I69: =IF(I18="X",(D18-C18),"0") -> 0 | J69: =IF(J18="X",(D18-C18),"0") -> 1 | K69: =IF(K18="X",(D18-C18),"0") -> 0
... E110: =IF(E59="X",(D59-C59),"0") -> 0 | F110: =IF(F59="X",(D59-C59),"0") -> 0 | G110: =IF(G59="X",(D59-C59),"0") -> 0 | H110: =IF(H59="X",(D59-C59),"0") -> 0 | I110: =IF(I59="X",(D59-C59),"0") -> 0 | J110: =IF(J59="X",(D59-C59),"0") -> 0 | K110: =IF(K59="X",(D59-C59),"0") -> 0
E111: =SUM(E58:E110) -> 49.48 | F111: =SUM(F58:F110) -> 13.41 | G111: =SUM(G58:G110) -> 0 | H111: =SUM(H58:H110) -> 0 | I111: =SUM(I58:I110) -> 42.48 | J111: =SUM(J58:J110) -> 20.41 | K111: =SUM(K58:K110) -> 0

Sheet 34
A1: PROGRAMA DE MANUTENÇÃORODOVIÁRIA | I1: DATA: | J1: ='1'!J1 -> 46204 | L1: TÉCNICO RESP. | N1: LABORATORISTA -CLAUDIOMIRO VIEIRA LOPES
F2: RODOVIAS NÃO PAVIMENTADAS
A3: FICHA DE INSPEÇÃO: | B3: =TT!C15 -> RODOVIA TO-414 - TRECHO CACHOEIRINHA - ENTR. TO-010 (TAPUIO)
A5: S.R.E. | B5: SENTIDO | C5: INÍCIO (KM) | D5: FIM (KM) | E5: CONDIÇÃO DA PLATAFORMA | I5: DRENAGEM SUPERFICIAL | L5: OBSERV.
E6: BOM | F6: REG. (ATÉ 10 IRR./KM) | G6: RUÍM (+ 10 IRR./KM) | H6: PÉSSIMA (ATOLEIRO/PTO. CRÍTICO) | I6: LIMPA | J6: OBSTRUÍDA | K6: AUSENTE
A7: 414ETO0020 | B7: C | C7: 0 | D7: 2 | F7: X | K7: X | L7: PONTE DE CONCRETO KM-0,0 (4.45/20,30)
C8: =D7 -> 2 | D8: 4 | F8: X | J8: X | L8: POSSIVEL ATOLEIRO KM-1,1 E SEM DRENAGEM
C9: =D8 -> 4 | D9: 6 | F9: X | K9: X | L9: POSSIVEL ATOLEIRO KM-1,7 E EROZAO ( 1,0 / 10,0)
C10: =D9 -> 6 | D10: 8 | F10: X | I10: X | L10: EROZAO KM-4,2 ( 1,0 / 4,0 )
C11: =D10 -> 8 | D11: 10 | E11: X | I11: X | L11: EROZAO KM-4,9 ( 1,0 / 6,0 )
C12: =D11 -> 10 | D12: 12 | E12: X | I12: X | L12: PONTE DE CONCRETO KM-9,1 (4.45/34,40)
C13: =D12 -> 12 | D13: 14 | E13: X | I13: X | L13: EROZAO KM-20,4 ( 2,0 / 10,0 )
C14: =D13 -> 14 | D14: 16 | E14: X | I14: X | L14: EROZAO KM-27,4 ( 1,0 / 10,0 )
C15: =D14 -> 16 | D15: 18 | E15: X | I15: X | L15: EROZAO KM-24,5 ( 3,5 / 11,0 )
C16: =D15 -> 18 | D16: 20 | E16: X | I16: X | L16: PONTE DE CONCRETO KM-28,2 (4.45/25,0)
C17: =D16 -> 20 | D17: 22 | F17: X | I17: X | L17: POSSIVEL ATOLEIRO KM-28,9
C18: =D17 -> 22 | D18: 24 | F18: X | J18: X | L18: FAZER PATROLAMENTO DO KM-0,0 A 6,00 E KM-20,00 A 29,00
C19: =D18 -> 24 | D19: 26 | F19: X | J19: X
C20: =D19 -> 26 | D20: 28 | F20: X | J20: X
C21: =D20 -> 28 | D21: 30 | F21: X | J21: X
C22: =D21 -> 30 | D22: 31.6 | F22: X | J22: X
E45: =IF(E7="X",(D7-C7),"0") -> 0 | F45: =IF(F7="X",(D7-C7),"0") -> 2 | G45: =IF(G7="X",(D7-C7),"0") -> 0 | H45: =IF(H7="X",(D7-C7),"0") -> 0 | I45: =IF(I7="X",(D7-C7),"0") -> 0 | J45: =IF(J7="X",(D7-C7),"0") -> 0 | K45: =IF(K7="X",(D7-C7),"0") -> 2
E46: =IF(E8="X",(D8-C8),"0") -> 0 | F46: =IF(F8="X",(D8-C8),"0") -> 2 | G46: =IF(G8="X",(D8-C8),"0") -> 0 | H46: =IF(H8="X",(D8-C8),"0") -> 0 | I46: =IF(I8="X",(D8-C8),"0") -> 0 | J46: =IF(J8="X",(D8-C8),"0") -> 2 | K46: =IF(K8="X",(D8-C8),"0") -> 0
E47: =IF(E9="X",(D9-C9),"0") -> 0 | F47: =IF(F9="X",(D9-C9),"0") -> 2 | G47: =IF(G9="X",(D9-C9),"0") -> 0 | H47: =IF(H9="X",(D9-C9),"0") -> 0 | I47: =IF(I9="X",(D9-C9),"0") -> 0 | J47: =IF(J9="X",(D9-C9),"0") -> 0 | K47: =IF(K9="X",(D9-C9),"0") -> 2
E48: =IF(E10="X",(D10-C10),"0") -> 0 | F48: =IF(F10="X",(D10-C10),"0") -> 2 | G48: =IF(G10="X",(D10-C10),"0") -> 0 | H48: =IF(H10="X",(D10-C10),"0") -> 0 | I48: =IF(I10="X",(D10-C10),"0") -> 2 | J48: =IF(J10="X",(D10-C10),"0") -> 0 | K48: =IF(K10="X",(D10-C10),"0") -> 0
E49: =IF(E11="X",(D11-C11),"0") -> 2 | F49: =IF(F11="X",(D11-C11),"0") -> 0 | G49: =IF(G11="X",(D11-C11),"0") -> 0 | H49: =IF(H11="X",(D11-C11),"0") -> 0 | I49: =IF(I11="X",(D11-C11),"0") -> 2 | J49: =IF(J11="X",(D11-C11),"0") -> 0 | K49: =IF(K11="X",(D11-C11),"0") -> 0
E50: =IF(E12="X",(D12-C12),"0") -> 2 | F50: =IF(F12="X",(D12-C12),"0") -> 0 | G50: =IF(G12="X",(D12-C12),"0") -> 0 | H50: =IF(H12="X",(D12-C12),"0") -> 0 | I50: =IF(I12="X",(D12-C12),"0") -> 2 | J50: =IF(J12="X",(D12-C12),"0") -> 0 | K50: =IF(K12="X",(D12-C12),"0") -> 0
E51: =IF(E13="X",(D13-C13),"0") -> 2 | F51: =IF(F13="X",(D13-C13),"0") -> 0 | G51: =IF(G13="X",(D13-C13),"0") -> 0 | H51: =IF(H13="X",(D13-C13),"0") -> 0 | I51: =IF(I13="X",(D13-C13),"0") -> 2 | J51: =IF(J13="X",(D13-C13),"0") -> 0 | K51: =IF(K13="X",(D13-C13),"0") -> 0
E52: =IF(E14="X",(D14-C14),"0") -> 2 | F52: =IF(F14="X",(D14-C14),"0") -> 0 | G52: =IF(G14="X",(D14-C14),"0") -> 0 | H52: =IF(H14="X",(D14-C14),"0") -> 0 | I52: =IF(I14="X",(D14-C14),"0") -> 2 | J52: =IF(J14="X",(D14-C14),"0") -> 0 | K52: =IF(K14="X",(D14-C14),"0") -> 0
E53: =IF(E15="X",(D15-C15),"0") -> 2 | F53: =IF(F15="X",(D15-C15),"0") -> 0 | G53: =IF(G15="X",(D15-C15),"0") -> 0 | H53: =IF(H15="X",(D15-C15),"0") -> 0 | I53: =IF(I15="X",(D15-C15),"0") -> 2 | J53: =IF(J15="X",(D15-C15),"0") -> 0 | K53: =IF(K15="X",(D15-C15),"0") -> 0
E54: =IF(E16="X",(D16-C16),"0") -> 2 | F54: =IF(F16="X",(D16-C16),"0") -> 0 | G54: =IF(G16="X",(D16-C16),"0") -> 0 | H54: =IF(H16="X",(D16-C16),"0") -> 0 | I54: =IF(I16="X",(D16-C16),"0") -> 2 | J54: =IF(J16="X",(D16-C16),"0") -> 0 | K54: =IF(K16="X",(D16-C16),"0") -> 0
E55: =IF(E17="X",(D17-C17),"0") -> 0 | F55: =IF(F17="X",(D17-C17),"0") -> 2 | G55: =IF(G17="X",(D17-C17),"0") -> 0 | H55: =IF(H17="X",(D17-C17),"0") -> 0 | I55: =IF(I17="X",(D17-C17),"0") -> 2 | J55: =IF(J17="X",(D17-C17),"0") -> 0 | K55: =IF(K17="X",(D17-C17),"0") -> 0
E56: =IF(E18="X",(D18-C18),"0") -> 0 | F56: =IF(F18="X",(D18-C18),"0") -> 2 | G56: =IF(G18="X",(D18-C18),"0") -> 0 | H56: =IF(H18="X",(D18-C18),"0") -> 0 | I56: =IF(I18="X",(D18-C18),"0") -> 0 | J56: =IF(J18="X",(D18-C18),"0") -> 2 | K56: =IF(K18="X",(D18-C18),"0") -> 0
... E84: =IF(E46="X",(D46-C46),"0") -> 0 | F84: =IF(F46="X",(D46-C46),"0") -> 0 | G84: =IF(G46="X",(D46-C46),"0") -> 0 | H84: =IF(H46="X",(D46-C46),"0") -> 0 | I84: =IF(I46="X",(D46-C46),"0") -> 0 | J84: =IF(J46="X",(D46-C46),"0") -> 0 | K84: =IF(K46="X",(D46-C46),"0") -> 0
E85: =SUM(E45:E84) -> 12 | F85: =SUM(F45:F84) -> 19.6 | G85: =SUM(G45:G84) -> 0 | H85: =SUM(H45:H84) -> 0 | I85: =SUM(I45:I84) -> 16 | J85: =SUM(J45:J84) -> 11.6 | K85: =SUM(K45:K84) -> 4

Sheet 37
A1: PROGRAMA DE MANUTENÇÃORODOVIÁRIA | I1: DATA: | J1: ='1'!J1 -> 46204 | L1: TÉCNICO RESP. | N1: ENG. VINICIUS RODRIGUES
F2: RODOVIAS NÃO PAVIMENTADAS
A3: FICHA DE INSPEÇÃO: | B3: =TT!C16 -> RODOVIA TO-415 - TRECHO ENTR. ROD. VICINAL-NAZARÉ A TRIBO INDIGENA
A5: S.R.E. | B5: SENTIDO | C5: INÍCIO (KM) | D5: FIM (KM) | E5: CONDIÇÃO DA PLATAFORMA | I5: DRENAGEM SUPERFICIAL | L5: OBSERV.
E6: BOM | F6: REG. (ATÉ 10 IRR./KM) | G6: RUÍM (+ 10 IRR./KM) | H6: PÉSSIMA (ATOLEIRO/PTO. CRÍTICO) | I6: LIMPA | J6: OBSTRUÍDA | K6: AUSENTE
A7: 415ETO0030 | B7: C | C7: 0 | D7: 2 | G7: X | J7: X | L7: PONTE DE CONCRETO KM-1,3 ( 4,50 / 10,0 )
C8: =D7 -> 2 | D8: 4 | F8: X | J8: X
C9: =D8 -> 4 | D9: 6 | F9: X | I9: X
C10: =D9 -> 6 | D10: 8 | F10: X | I10: X
C11: =D10 -> 8 | D11: 10 | F11: X | J11: X
C12: =D11 -> 10 | D12: 12.1 | G12: X | J12: X
E36: =IF(E7="X",(D7-C7),"0") -> 0 | F36: =IF(F7="X",(D7-C7),"0") -> 0 | G36: =IF(G7="X",(D7-C7),"0") -> 2 | H36: =IF(H7="X",(D7-C7),"0") -> 0 | I36: =IF(I7="X",(D7-C7),"0") -> 0 | J36: =IF(J7="X",(D7-C7),"0") -> 2 | K36: =IF(K7="X",(D7-C7),"0") -> 0
E37: =IF(E8="X",(D8-C8),"0") -> 0 | F37: =IF(F8="X",(D8-C8),"0") -> 2 | G37: =IF(G8="X",(D8-C8),"0") -> 0 | H37: =IF(H8="X",(D8-C8),"0") -> 0 | I37: =IF(I8="X",(D8-C8),"0") -> 0 | J37: =IF(J8="X",(D8-C8),"0") -> 2 | K37: =IF(K8="X",(D8-C8),"0") -> 0
E38: =IF(E9="X",(D9-C9),"0") -> 0 | F38: =IF(F9="X",(D9-C9),"0") -> 2 | G38: =IF(G9="X",(D9-C9),"0") -> 0 | H38: =IF(H9="X",(D9-C9),"0") -> 0 | I38: =IF(I9="X",(D9-C9),"0") -> 2 | J38: =IF(J9="X",(D9-C9),"0") -> 0 | K38: =IF(K9="X",(D9-C9),"0") -> 0
E39: =IF(E10="X",(D10-C10),"0") -> 0 | F39: =IF(F10="X",(D10-C10),"0") -> 2 | G39: =IF(G10="X",(D10-C10),"0") -> 0 | H39: =IF(H10="X",(D10-C10),"0") -> 0 | I39: =IF(I10="X",(D10-C10),"0") -> 2 | J39: =IF(J10="X",(D10-C10),"0") -> 0 | K39: =IF(K10="X",(D10-C10),"0") -> 0
E40: =IF(E11="X",(D11-C11),"0") -> 0 | F40: =IF(F11="X",(D11-C11),"0") -> 2 | G40: =IF(G11="X",(D11-C11),"0") -> 0 | H40: =IF(H11="X",(D11-C11),"0") -> 0 | I40: =IF(I11="X",(D11-C11),"0") -> 0 | J40: =IF(J11="X",(D11-C11),"0") -> 2 | K40: =IF(K11="X",(D11-C11),"0") -> 0
E41: =IF(E12="X",(D12-C12),"0") -> 0 | F41: =IF(F12="X",(D12-C12),"0") -> 0 | G41: =IF(G12="X",(D12-C12),"0") -> 2.1 | H41: =IF(H12="X",(D12-C12),"0") -> 0 | I41: =IF(I12="X",(D12-C12),"0") -> 0 | J41: =IF(J12="X",(D12-C12),"0") -> 2.1 | K41: =IF(K12="X",(D12-C12),"0") -> 0
E42: =IF(E13="X",(D13-C13),"0") -> 0 | F42: =IF(F13="X",(D13-C13),"0") -> 0 | G42: =IF(G13="X",(D13-C13),"0") -> 0 | H42: =IF(H13="X",(D13-C13),"0") -> 0 | I42: =IF(I13="X",(D13-C13),"0") -> 0 | J42: =IF(J13="X",(D13-C13),"0") -> 0 | K42: =IF(K13="X",(D13-C13),"0") -> 0
E43: =IF(E14="X",(D14-C14),"0") -> 0 | F43: =IF(F14="X",(D14-C14),"0") -> 0 | G43: =IF(G14="X",(D14-C14),"0") -> 0 | H43: =IF(H14="X",(D14-C14),"0") -> 0 | I43: =IF(I14="X",(D14-C14),"0") -> 0 | J43: =IF(J14="X",(D14-C14),"0") -> 0 | K43: =IF(K14="X",(D14-C14),"0") -> 0
E44: =IF(E15="X",(D15-C15),"0") -> 0 | F44: =IF(F15="X",(D15-C15),"0") -> 0 | G44: =IF(G15="X",(D15-C15),"0") -> 0 | H44: =IF(H15="X",(D15-C15),"0") -> 0 | I44: =IF(I15="X",(D15-C15),"0") -> 0 | J44: =IF(J15="X",(D15-C15),"0") -> 0 | K44: =IF(K15="X",(D15-C15),"0") -> 0
E45: =IF(E16="X",(D16-C16),"0") -> 0 | F45: =IF(F16="X",(D16-C16),"0") -> 0 | G45: =IF(G16="X",(D16-C16),"0") -> 0 | H45: =IF(H16="X",(D16-C16),"0") -> 0 | I45: =IF(I16="X",(D16-C16),"0") -> 0 | J45: =IF(J16="X",(D16-C16),"0") -> 0 | K45: =IF(K16="X",(D16-C16),"0") -> 0
E46: =IF(E17="X",(D17-C17),"0") -> 0 | F46: =IF(F17="X",(D17-C17),"0") -> 0 | G46: =IF(G17="X",(D17-C17),"0") -> 0 | H46: =IF(H17="X",(D17-C17),"0") -> 0 | I46: =IF(I17="X",(D17-C17),"0") -> 0 | J46: =IF(J17="X",(D17-C17),"0") -> 0 | K46: =IF(K17="X",(D17-C17),"0") -> 0
E47: =IF(E18="X",(D18-C18),"0") -> 0 | F47: =IF(F18="X",(D18-C18),"0") -> 0 | G47: =IF(G18="X",(D18-C18),"0") -> 0 | H47: =IF(H18="X",(D18-C18),"0") -> 0 | I47: =IF(I18="X",(D18-C18),"0") -> 0 | J47: =IF(J18="X",(D18-C18),"0") -> 0 | K47: =IF(K18="X",(D18-C18),"0") -> 0
... E53: =IF(E24="X",(D24-C24),"0") -> 0 | F53: =IF(F24="X",(D24-C24),"0") -> 0 | G53: =IF(G24="X",(D24-C24),"0") -> 0 | H53: =IF(H24="X",(D24-C24),"0") -> 0 | I53: =IF(I24="X",(D24-C24),"0") -> 0 | J53: =IF(J24="X",(D24-C24),"0") -> 0 | K53: =IF(K24="X",(D24-C24),"0") -> 0
E54: =SUM(E36:E53) -> 0 | F54: =SUM(F36:F53) -> 8 | G54: =SUM(G36:G53) -> 4.1 | H54: =SUM(H36:H53) -> 0 | I54: =SUM(I36:I53) -> 4 | J54: =SUM(J36:J53) -> 8.1 | K54: =SUM(K36:K53) -> 0

Sheet TT
D1: RESUMO
B2: Nº DO TRECHO | C2: TRECHO | D2: CONDIÇÃO DA PLATAFORMA | H2: DRENAGEM SUPERFICIAL
D3: BOM | E3: REG. (ATÉ 10 IRR./KM) | F3: RUÍM (+ 10 IRR./KM) | G3: PÉSSIMA (ATOLEIRO/PTO. CRÍTICO) | H3: LIMPA | I3: OBSTRUÍDA | J3: AUSENTE
B4: 1 | C4: RODOVIA TO-010 - TRECHO ANANÁS - ENTR. BR-230 | D4: ='1'!E167 -> 27.24 | E4: ='1'!F167 -> 48.4 | F4: ='1'!G167 -> 0 | G4: ='1'!H167 -> 0 | H4: ='1'!E167 -> 27.24 | I4: ='1'!F167 -> 48.4 | J4: ='1'!G167 -> 0
B5: 6 | C5: RODOVIA TO-126 - TRECHO MAURILÂNDIA - TOCANTINÓPOLIS | D5: ='6'!E62 -> 22 | E5: ='6'!F62 -> 13.479669 | F5: ='6'!G62 -> 0 | G5: ='6'!H62 -> 0 | H5: ='6'!I62 -> 29.479669 | I5: ='6'!J62 -> 0 | J5: ='6'!K62 -> 6
B6: 12 | C6: RODOVIA TO-134 - TRECHO RIO TOCANTINS (JATOBAL) - AXIXÁ DO TOCANTINS | D6: ='12'!E62 -> 0 | E6: ='12'!F62 -> 0 | F6: ='12'!G62 -> 26.3 | G6: ='12'!H62 -> 0 | H6: ='12'!I62 -> 0 | I6: ='12'!J62 -> 26.3 | J6: ='12'!K62 -> 0
B7: 20 | C7: RODOVIA TO-201 - TRECHO ESPERANTINA - DIVISA TO-MA | D7: ='20'!E62 -> 8 | E7: ='20'!F62 -> 13.21 | F7: ='20'!G62 -> 0 | G7: ='20'!H62 -> 0 | H7: ='20'!I62 -> 3.64 | I7: ='20'!J62 -> 17.57 | J7: ='20'!K62 -> 0
B8: 21 | C8: RODOVIA TO-205 - TRECHO SÃO BENTO DO TOCANTINS - ENTR. TO-010 | D8: ='21'!E62 -> 16.67 | E8: ='21'!F62 -> 9 | F8: ='21'!G62 -> 0 | G8: ='21'!H62 -> 0 | H8: ='21'!I62 -> 14.67 | I8: ='21'!J62 -> 11 | J8: ='21'!K62 -> 0
B9: 22 | C9: RODOVIA TO-210 - TRECHO ENTR. TO-010 - DIVISA TO-PA (VILA ANTONINA) | D9: ='22'!E88 -> 10.25 | E9: ='22'!F88 -> 28 | F9: ='22'!G88 -> 0 | G9: ='22'!H88 -> 0 | H9: ='22'!I88 -> 33.2 | I9: ='22'!J88 -> 3.05 | J9: ='22'!K88 -> 2
B10: 25 | C10: RODOVIA TO-210 - TRECHO TOCANTINÓPOLIS - NAZARÉ | D10: ='25'!E62 -> 15.5 | E10: ='25'!F62 -> 0 | F10: ='25'!G62 -> 0 | G10: ='25'!H62 -> 0 | H10: ='25'!I62 -> 15.5 | I10: ='25'!J62 -> 0 | J10: ='25'!K62 -> 0
B11: 26 | C11: RODOVIA TO-402 - TRECHO DIVISA TO-MA (VILA JURANDIR BELIZARIO) - ENTR. TO-201 | D11: ='26'!E62 -> 3 | E11: ='26'!F62 -> 11.27 | F11: ='26'!G62 -> 0 | G11: ='26'!H62 -> 0 | H11: ='26'!I62 -> 0 | I11: ='26'!J62 -> 14.27 | J11: ='26'!K62 -> 0
B12: 27 | C12: RODOVIA TO-403 - TRECHO CARRASCO BONITO - SAMPAIO | D12: ='27'!E62 -> 6 | E12: ='27'!F62 -> 14.6 | F12: ='27'!G62 -> 3.2 | G12: ='27'!H62 -> 0 | H12: ='27'!I62 -> 10.6 | I12: ='27'!J62 -> 8 | J12: ='27'!K62 -> 5.2
B13: 31 | C13: RODOVIA TO-405 - TRECHO AXIXÁ DO TOCANTINS - ENTR. BR-230 | D13: ='31'!E89 -> 4.64 | E13: ='31'!F89 -> 31.32 | F13: ='31'!G89 -> 0 | G13: ='31'!H89 -> 0 | H13: ='31'!I89 -> 22.55 | I13: ='31'!J89 -> 13.41 | J13: ='31'!K89 -> 0
B14: 33 | C14: RODOVIA TO-409 - TRECHO MAURILÂNDIA - ENTR. TO-134 | D14: ='33'!E111 -> 49.48 | E14: ='33'!F111 -> 13.41 | F14: ='33'!G111 -> 0 | G14: ='33'!H111 -> 0 | H14: ='33'!I111 -> 42.48 | I14: ='33'!J111 -> 20.41 | J14: ='33'!K111 -> 0
B15: 34 | C15: RODOVIA TO-414 - TRECHO CACHOEIRINHA - ENTR. TO-010 (TAPUIO) | D15: ='34'!E85 -> 12 | E15: ='34'!F85 -> 19.6 | F15: ='34'!G85 -> 0 | G15: ='34'!H85 -> 0 | H15: ='34'!I85 -> 16 | I15: ='34'!J85 -> 11.6 | J15: ='34'!K85 -> 4
B16: 37 | C16: RODOVIA TO-415 - TRECHO ENTR. ROD. VICINAL-NAZARÉ A TRIBO INDIGENA | D16: ='37'!E54 -> 0 | E16: ='37'!F54 -> 8 | F16: ='37'!G54 -> 4.1 | G16: ='37'!H54 -> 0 | H16: ='37'!I54 -> 4 | I16: ='37'!J54 -> 8.1 | J16: ='37'!K54 -> 0
B18: PERCORRIDO NO MÊS: | D18: =SUM(D4:D16) -> 174.78 | E18: =SUM(E4:E16) -> 210.28967 | F18: =SUM(F4:F16) -> 33.6 | G18: =SUM(G4:G16) -> 0 | H18: =SUM(H4:H16) -> 219.35967 | I18: =SUM(I4:I16) -> 182.11 | J18: =SUM(J4:J16) -> 17.2
B19: TOTAL: | G19: =SUM(D18:G18) -> 418.66967
B20: % DA EXTENSÃO DA MALHA: | G20: =G19/Trechos!H117 -> 1.0478043
