Workbook

Sheet RESUMO
A1: RESUMO CONSOLIDADO — REGIÃO 1 — RODOVIAS PAVIMENTADAS | V1: Valores dos gráficos — troca 0 por N/D para a fatia não aparecer. Não editar.
A2: Todos os números vêm das abas dos trechos por referência direta. Não digite nada aqui. A coluna CONFERÊNCIA acusa qualquer trecho em que a soma das marcações não fecha com a extensão. | V2: =IF(D15=0,NA(),D15) -> 339.16628 | W2: =IF(E15=0,NA(),E15) -> 27.811508 | X2: =IF(F15=0,NA(),F15) -> 14.960766 | Y2: =IF(G15=0,NA(),G15) -> 35.147414 | Z2: =IF(H15=0,NA(),H15) -> 5.0115949 | AA2: =IF(I15=0,NA(),I15) -> 307.66766 | AB2: =IF(J15=0,NA(),J15) -> 114.42989 | AC2: =IF(K15=0,NA(),K15) -> 22.553916 | ... AK2: =IF(S15=0,NA(),S15) -> 52.476463
A4: Nº TRECHO | B4: TRECHO | C4: EXTENSÃO (KM) | D4: CONDIÇÃO DO PAVIMENTO | I4: VEGETAÇÃO | K4: ELEM. DE DRENAGEM | N4: SIN. HORIZ. | Q4: SIN. VERTICAL | T4: CONFERÊNCIA
D5: BOM | E5: REM. I. | F5: REM. L. | G5: BUR. I. | H5: BUR. L. | I5: ADEQ. | J5: INAD. | K5: LIMPOS | L5: SUJOS | M5: DAN. | N5: BOM | O5: REG. | P5: INEXIST. | Q5: BOM | R5: POUCAS | S5: INEXIST.
A6: 68 | B6: RODOVIA TO-010 - TRECHO PALMEIRANTE - ENTR. TO-222 (POVOADO BIELÂNDIA) | C6: ='68'!R95 -> 72.431781 | D6: ='68'!F92 -> 53.284367 | E6: ='68'!G92 -> 0 | F6: ='68'!H92 -> 0 | G6: ='68'!I92 -> 19.147414 | H6: ='68'!J92 -> 0 | I6: ='68'!K92 -> 72.431781 | J6: ='68'!L92 -> 0 | K6: ='68'!M92 -> 0 | ... S6: ='68'!U92 -> 0 | T6: =IF(SUM(D6:H6)=0,"— não preenchido",IF(ROUND(SUM(D6:H6)-C6,3)=0,"OK","ERRO — dif. de "&ROUND(SUM(D6:H6)-C6,3)&" km")) -> OK
A7: 70 | B7: RODOVIA TO-010 - TRECHO BABAÇULÂNDIA - WANDERLÂNDIA | C7: ='70'!R72 -> 54.5733 | D7: ='70'!F69 -> 50.5733 | E7: ='70'!G69 -> 0 | F7: ='70'!H69 -> 0 | G7: ='70'!I69 -> 3 | H7: ='70'!J69 -> 1 | I7: ='70'!K69 -> 54.5733 | J7: ='70'!L69 -> 0 | K7: ='70'!M69 -> 0 | ... S7: ='70'!U69 -> 0 | T7: =IF(SUM(D7:H7)=0,"— não preenchido",IF(ROUND(SUM(D7:H7)-C7,3)=0,"OK","ERRO — dif. de "&ROUND(SUM(D7:H7)-C7,3)&" km")) -> OK
A8: 71 | B8: RODOVIA TO-020 - TRECHO RECURSOLÂNDIA - CAMPOS LINDOS | C8: ='71'!R25 -> 5.606921 | D8: ='71'!F22 -> 5.606921 | E8: ='71'!G22 -> 0 | F8: ='71'!H22 -> 0 | G8: ='71'!I22 -> 0 | H8: ='71'!J22 -> 0 | I8: ='71'!K22 -> 0 | J8: ='71'!L22 -> 5.606921 | K8: ='71'!M22 -> 2.708768 | ... S8: ='71'!U22 -> 2.898153 | T8: =IF(SUM(D8:H8)=0,"— não preenchido",IF(ROUND(SUM(D8:H8)-C8,3)=0,"OK","ERRO — dif. de "&ROUND(SUM(D8:H8)-C8,3)&" km")) -> OK
A9: 73 | B9: RODOVIA TO-130 - TRECHO ENTR. TO-010 - TRECHO BARRA DO OURO - ENTR. BR-010 (POVOADO MORRO GRANDE) | C9: ='73'!R70 -> 48.963584 | D9: ='73'!F67 -> 34.951989 | E9: ='73'!G67 -> 0 | F9: ='73'!H67 -> 0 | G9: ='73'!I67 -> 10 | H9: ='73'!J67 -> 4.0115949 | I9: ='73'!K67 -> 48.963584 | J9: ='73'!L67 -> 0 | K9: ='73'!M67 -> 10 | ... S9: ='73'!U67 -> 0 | T9: =IF(SUM(D9:H9)=0,"— não preenchido",IF(ROUND(SUM(D9:H9)-C9,3)=0,"OK","ERRO — dif. de "&ROUND(SUM(D9:H9)-C9,3)&" km")) -> OK
A10: 74 | B10: RODOVIA TO-222 - TRECHO ARAGUAÍNA - FILADÉLFIA | C10: ='74'!R128 -> 101.04536 | D10: ='74'!F125 -> 93.384097 | E10: ='74'!G125 -> 2 | F10: ='74'!H125 -> 2.6612658 | G10: ='74'!I125 -> 3 | H10: ='74'!J125 -> 0 | I10: ='74'!K125 -> 0 | J10: ='74'!L125 -> 101.04536 | K10: ='74'!M125 -> 0 | ... S10: ='74'!U125 -> 0 | T10: =IF(SUM(D10:H10)=0,"— não preenchido",IF(ROUND(SUM(D10:H10)-C10,3)=0,"OK","ERRO — dif. de "&ROUND(SUM(D10:H10)-C10,3)&" km")) -> OK
A11: 75 | B11: RODOVIA TO-226 - TRECHO NOVA OLINDA - ENTR. TO-010 | C11: ='75'!R20 -> 2.154377 | D11: ='75'!F17 -> 0 | E11: ='75'!G17 -> 2.154377 | F11: ='75'!H17 -> 0 | G11: ='75'!I17 -> 0 | H11: ='75'!J17 -> 0 | I11: ='75'!K17 -> 2.154377 | J11: ='75'!L17 -> 0 | K11: ='75'!M17 -> 2.154377 | ... S11: ='75'!U17 -> 1.154377 | T11: =IF(SUM(D11:H11)=0,"— não preenchido",IF(ROUND(SUM(D11:H11)-C11,3)=0,"OK","ERRO — dif. de "&ROUND(SUM(D11:H11)-C11,3)&" km")) -> OK
A12: 77 | B12: RODOVIA TO-226 - TRECHO GOIATINS - CAMPOS LINDOS - DIV TO-MA | C12: ='77'!R119 -> 92.048164 | D12: ='77'!F116 -> 72.748665 | E12: ='77'!G116 -> 7 | F12: ='77'!H116 -> 12.2995 | G12: ='77'!I116 -> 0 | H12: ='77'!J116 -> 0 | I12: ='77'!K116 -> 92.048164 | J12: ='77'!L116 -> 0 | K12: ='77'!M116 -> 7.6907709 | ... S12: ='77'!U116 -> 48.423933 | T12: =IF(SUM(D12:H12)=0,"— não preenchido",IF(ROUND(SUM(D12:H12)-C12,3)=0,"OK","ERRO — dif. de "&ROUND(SUM(D12:H12)-C12,3)&" km")) -> OK
A13: 78 | B13: RODOVIA TO-422 - TRECHO ENTR. BR-153 - TRECHO DISTRITO AGROINDUSTRIAL DE ARAGUAÍNA | C13: ='78'!R25 -> 7.7776106 | D13: ='78'!F22 -> 7.7776106 | E13: ='78'!G22 -> 0 | F13: ='78'!H22 -> 0 | G13: ='78'!I22 -> 0 | H13: ='78'!J22 -> 0 | I13: ='78'!K22 -> 0 | J13: ='78'!L22 -> 7.7776106 | K13: ='78'!M22 -> 0 | ... S13: ='78'!U22 -> 0 | T13: =IF(SUM(D13:H13)=0,"— não preenchido",IF(ROUND(SUM(D13:H13)-C13,3)=0,"OK","ERRO — dif. de "&ROUND(SUM(D13:H13)-C13,3)&" km")) -> OK
A14: 80 | B14: RODOVIA TO-424 - TRECHO ENTR. TO-222 (PLAT. MULTI-MODAL) - BABAÇULÂNDIA | C14: ='80'!R58 -> 37.496458 | D14: ='80'!F55 -> 20.839327 | E14: ='80'!G55 -> 16.657131 | F14: ='80'!H55 -> 0 | G14: ='80'!I55 -> 0 | H14: ='80'!J55 -> 0 | I14: ='80'!K55 -> 37.496458 | J14: ='80'!L55 -> 0 | K14: ='80'!M55 -> 0 | ... S14: ='80'!U55 -> 0 | T14: =IF(SUM(D14:H14)=0,"— não preenchido",IF(ROUND(SUM(D14:H14)-C14,3)=0,"OK","ERRO — dif. de "&ROUND(SUM(D14:H14)-C14,3)&" km")) -> OK
B15: TOTAL PERCORRIDO NO MÊS | C15: =SUM(C6:C14) -> 422.09756 | D15: =SUM(D6:D14) -> 339.16628 | E15: =SUM(E6:E14) -> 27.811508 | F15: =SUM(F6:F14) -> 14.960766 | G15: =SUM(G6:G14) -> 35.147414 | H15: =SUM(H6:H14) -> 5.0115949 | I15: =SUM(I6:I14) -> 307.66766 | J15: =SUM(J6:J14) -> 114.42989 | ... S15: =SUM(S6:S14) -> 52.476463
B16: % DA EXTENSÃO DA MALHA (422.10 km) | D16: =SUM(D15:H15)/422.1 -> 0.99999422 | I16: (soma do grupo 'CONDIÇÃO DO PAVIMENTO' dividida pela malha)

Sheet 68
A1: PROGRAMA DE MANUTENÇÃO RODOVIÁRIA — FICHA DE INSPEÇÃO — RODOVIAS PAVIMENTADAS | Y1: Valores dos gráficos — troca 0 por N/D para a fatia não aparecer. Não editar.
A2: REGIÃO: 3 — ARAGUAÍNA II | G2: MÊS / ANO: | I2: 46235 | K2: DATA: | P2: TÉCNICO: | R2: ENG. VINICIUS RODRIGUES FERREIRA DE OLIVEIRA | Y2: =IF(F92=0,NA(),F92) -> 53.284367 | Z2: =IF(G92=0,NA(),G92) -> #N/A | AA2: =IF(H92=0,NA(),H92) -> #N/A | AB2: =IF(I92=0,NA(),I92) -> 19.147414 | AC2: =IF(J92=0,NA(),J92) -> #N/A | AD2: =IF(K92=0,NA(),K92) -> 72.431781 | AE2: =IF(L92=0,NA(),L92) -> #N/A | AF2: =IF(M92=0,NA(),M92) -> #N/A | ... AN2: =IF(U92=0,NA(),U92) -> #N/A
A3: TRECHO 68 — RODOVIA TO-010 - TRECHO PALMEIRANTE - ENTR. TO-222 (POVOADO BIELÂNDIA) | T3: EXTENSÃO: 72,432 km · 5 S.R.E.
A4: COMO PREENCHER: uma X em UMA coluna de cada grupo, por linha. Se houver mais de um defeito no mesmo km, marque o PREDOMINANTE e escreva o resto em OBSERVAÇÕES. A quilometragem é contada de 0 até o fim de CADA S.R.E. (não é o marco da rodovia).
A6: S.R.E. | B6: SENT. | C6: INÍCIO (KM) | D6: FIM (KM) | E6: EXT. (KM) | F6: CONDIÇÃO DO PAVIMENTO | K6: VEGETAÇÃO | M6: ELEM. DE DRENAGEM | P6: SIN. HORIZ. | S6: SIN. VERTICAL | V6: OBSERVAÇÕES | W6: CONFERÊNCIA (só na tela)
F7: BOM | G7: REM. I. | H7: REM. L. | I7: BUR. I. | J7: BUR. L. | K7: ADEQ. | L7: INAD. | M7: LIMPOS | N7: SUJOS | O7: DAN. | P7: BOM | Q7: REG. | R7: INEXIST. | S7: BOM | T7: POUCAS | U7: INEXIST.
A8: S.R.E. 010ETO0320 | PALMERANTE *TRECHO URBANO* - ENTR. TO-335 | PPS · Estadual · 11.000 km · início: -7.865427, -47.939469
A9: 010ETO0320 | B9: C | C9: 0 | D9: 1 | E9: =D9-C9 -> 1 | F9: X | K9: X | N9: X | P9: X | T9: X | W9: =IF(COUNTA(F9:U9)=0,"— não preenchido",IF(COUNTIF(F9:J9,"X")<>1,"FALTA/DUPLA: CONDIÇÃO DO PAVIMENTO",IF(COUNTIF(K9:L9,"X")<>1,"FALTA/DUPLA: VEGETAÇÃO",IF(COUNTIF(M9:O9,"X")<>1,"FALTA/DUPLA: ELEM. DE DRENAGEM",IF(COUNTIF(P9:R9,"X")<>1,"FALTA/DUPLA: SIN. HORIZ.",IF(COUNTIF(S9:U9,"X")<>1,"FALTA/DUPLA: SIN. VERTICAL","OK")))))) -> OK
A10: 010ETO0320 | B10: C | C10: 1 | D10: 2 | E10: =D10-C10 -> 1 | F10: X | K10: X | N10: X | P10: X | T10: X | W10: =IF(COUNTA(F10:U10)=0,"— não preenchido",IF(COUNTIF(F10:J10,"X")<>1,"FALTA/DUPLA: CONDIÇÃO DO PAVIMENTO",IF(COUNTIF(K10:L10,"X")<>1,"FALTA/DUPLA: VEGETAÇÃO",IF(COUNTIF(M10:O10,"X")<>1,"FALTA/DUPLA: ELEM. DE DRENAGEM",IF(COUNTIF(P10:R10,"X")<>1,"FALTA/DUPLA: SIN. HORIZ.",IF(COUNTIF(S10:U10,"X")<>1,"FALTA/DUPLA: SIN. VERTICAL","OK")))))) -> OK
A11: 010ETO0320 | B11: C | C11: 2 | D11: 3 | E11: =D11-C11 -> 1 | F11: X | K11: X | N11: X | P11: X | T11: X | W11: =IF(COUNTA(F11:U11)=0,"— não preenchido",IF(COUNTIF(F11:J11,"X")<>1,"FALTA/DUPLA: CONDIÇÃO DO PAVIMENTO",IF(COUNTIF(K11:L11,"X")<>1,"FALTA/DUPLA: VEGETAÇÃO",IF(COUNTIF(M11:O11,"X")<>1,"FALTA/DUPLA: ELEM. DE DRENAGEM",IF(COUNTIF(P11:R11,"X")<>1,"FALTA/DUPLA: SIN. HORIZ.",IF(COUNTIF(S11:U11,"X")<>1,"FALTA/DUPLA: SIN. VERTICAL","OK")))))) -> OK
A12: 010ETO0320 | B12: C | C12: 3 | D12: 4 | E12: =D12-C12 -> 1 | I12: X | K12: X | N12: X | P12: X | T12: X | W12: =IF(COUNTA(F12:U12)=0,"— não preenchido",IF(COUNTIF(F12:J12,"X")<>1,"FALTA/DUPLA: CONDIÇÃO DO PAVIMENTO",IF(COUNTIF(K12:L12,"X")<>1,"FALTA/DUPLA: VEGETAÇÃO",IF(COUNTIF(M12:O12,"X")<>1,"FALTA/DUPLA: ELEM. DE DRENAGEM",IF(COUNTIF(P12:R12,"X")<>1,"FALTA/DUPLA: SIN. HORIZ.",IF(COUNTIF(S12:U12,"X")<>1,"FALTA/DUPLA: SIN. VERTICAL","OK")))))) -> OK
A13: 010ETO0320 | B13: C | C13: 4 | D13: 5 | E13: =D13-C13 -> 1 | I13: X | K13: X | N13: X | P13: X | T13: X | W13: =IF(COUNTA(F13:U13)=0,"— não preenchido",IF(COUNTIF(F13:J13,"X")<>1,"FALTA/DUPLA: CONDIÇÃO DO PAVIMENTO",IF(COUNTIF(K13:L13,"X")<>1,"FALTA/DUPLA: VEGETAÇÃO",IF(COUNTIF(M13:O13,"X")<>1,"FALTA/DUPLA: ELEM. DE DRENAGEM",IF(COUNTIF(P13:R13,"X")<>1,"FALTA/DUPLA: SIN. HORIZ.",IF(COUNTIF(S13:U13,"X")<>1,"FALTA/DUPLA: SIN. VERTICAL","OK")))))) -> OK
A14: 010ETO0320 | B14: C | C14: 5 | D14: 6 | E14: =D14-C14 -> 1 | F14: X | K14: X | N14: X | P14: X | T14: X | W14: =IF(COUNTA(F14:U14)=0,"— não preenchido",IF(COUNTIF(F14:J14,"X")<>1,"FALTA/DUPLA: CONDIÇÃO DO PAVIMENTO",IF(COUNTIF(K14:L14,"X")<>1,"FALTA/DUPLA: VEGETAÇÃO",IF(COUNTIF(M14:O14,"X")<>1,"FALTA/DUPLA: ELEM. DE DRENAGEM",IF(COUNTIF(P14:R14,"X")<>1,"FALTA/DUPLA: SIN. HORIZ.",IF(COUNTIF(S14:U14,"X")<>1,"FALTA/DUPLA: SIN. VERTICAL","OK")))))) -> OK
A15: 010ETO0320 | B15: C | C15: 6 | D15: 7 | E15: =D15-C15 -> 1 | F15: X | K15: X | N15: X | P15: X | T15: X | W15: =IF(COUNTA(F15:U15)=0,"— não preenchido",IF(COUNTIF(F15:J15,"X")<>1,"FALTA/DUPLA: CONDIÇÃO DO PAVIMENTO",IF(COUNTIF(K15:L15,"X")<>1,"FALTA/DUPLA: VEGETAÇÃO",IF(COUNTIF(M15:O15,"X")<>1,"FALTA/DUPLA: ELEM. DE DRENAGEM",IF(COUNTIF(P15:R15,"X")<>1,"FALTA/DUPLA: SIN. HORIZ.",IF(COUNTIF(S15:U15,"X")<>1,"FALTA/DUPLA: SIN. VERTICAL","OK")))))) -> OK
A16: 010ETO0320 | B16: C | C16: 7 | D16: 8 | E16: =D16-C16 -> 1 | F16: X | K16: X | N16: X | P16: X | T16: X | W16: =IF(COUNTA(F16:U16)=0,"— não preenchido",IF(COUNTIF(F16:J16,"X")<>1,"FALTA/DUPLA: CONDIÇÃO DO PAVIMENTO",IF(COUNTIF(K16:L16,"X")<>1,"FALTA/DUPLA: VEGETAÇÃO",IF(COUNTIF(M16:O16,"X")<>1,"FALTA/DUPLA: ELEM. DE DRENAGEM",IF(COUNTIF(P16:R16,"X")<>1,"FALTA/DUPLA: SIN. HORIZ.",IF(COUNTIF(S16:U16,"X")<>1,"FALTA/DUPLA: SIN. VERTICAL","OK")))))) -> OK
A17: 010ETO0320 | B17: C | C17: 8 | D17: 9 | E17: =D17-C17 -> 1 | F17: X | K17: X | N17: X | P17: X | T17: X | W17: =IF(COUNTA(F17:U17)=0,"— não preenchido",IF(COUNTIF(F17:J17,"X")<>1,"FALTA/DUPLA: CONDIÇÃO DO PAVIMENTO",IF(COUNTIF(K17:L17,"X")<>1,"FALTA/DUPLA: VEGETAÇÃO",IF(COUNTIF(M17:O17,"X")<>1,"FALTA/DUPLA: ELEM. DE DRENAGEM",IF(COUNTIF(P17:R17,"X")<>1,"FALTA/DUPLA: SIN. HORIZ.",IF(COUNTIF(S17:U17,"X")<>1,"FALTA/DUPLA: SIN. VERTICAL","OK")))))) -> OK
A18: 010ETO0320 | B18: C | C18: 9 | D18: 10 | E18: =D18-C18 -> 1 | F18: X | K18: X | N18: X | P18: X | T18: X | W18: =IF(COUNTA(F18:U18)=0,"— não preenchido",IF(COUNTIF(F18:J18,"X")<>1,"FALTA/DUPLA: CONDIÇÃO DO PAVIMENTO",IF(COUNTIF(K18:L18,"X")<>1,"FALTA/DUPLA: VEGETAÇÃO",IF(COUNTIF(M18:O18,"X")<>1,"FALTA/DUPLA: ELEM. DE DRENAGEM",IF(COUNTIF(P18:R18,"X")<>1,"FALTA/DUPLA: SIN. HORIZ.",IF(COUNTIF(S18:U18,"X")<>1,"FALTA/DUPLA: SIN. VERTICAL","OK")))))) -> OK
A19: 010ETO0320 | B19: C | C19: 10 | D19: 10.999804 | E19: =D19-C19 -> 0.99980397 | F19: X | K19: X | N19: X | P19: X | T19: X | W19: =IF(COUNTA(F19:U19)=0,"— não preenchido",IF(COUNTIF(F19:J19,"X")<>1,"FALTA/DUPLA: CONDIÇÃO DO PAVIMENTO",IF(COUNTIF(K19:L19,"X")<>1,"FALTA/DUPLA: VEGETAÇÃO",IF(COUNTIF(M19:O19,"X")<>1,"FALTA/DUPLA: ELEM. DE DRENAGEM",IF(COUNTIF(P19:R19,"X")<>1,"FALTA/DUPLA: SIN. HORIZ.",IF(COUNTIF(S19:U19,"X")<>1,"FALTA/DUPLA: SIN. VERTICAL","OK")))))) -> OK
A20: S.R.E. 010ETO0330 | ENTR.TO-335 - TRECHO ENTR.TO-226 | PPS · Estadual · 9.147 km · início: -7.847064, -48.019678
A21: 010ETO0330 | B21: C | C21: 0 | D21: 1 | E21: =D21-C21 -> 1 | I21: X | K21: X | N21: X | P21: X | T21: X | W21: =IF(COUNTA(F21:U21)=0,"— não preenchido",IF(COUNTIF(F21:J21,"X")<>1,"FALTA/DUPLA: CONDIÇÃO DO PAVIMENTO",IF(COUNTIF(K21:L21,"X")<>1,"FALTA/DUPLA: VEGETAÇÃO",IF(COUNTIF(M21:O21,"X")<>1,"FALTA/DUPLA: ELEM. DE DRENAGEM",IF(COUNTIF(P21:R21,"X")<>1,"FALTA/DUPLA: SIN. HORIZ.",IF(COUNTIF(S21:U21,"X")<>1,"FALTA/DUPLA: SIN. VERTICAL","OK")))))) -> OK
A22: 010ETO0330 | B22: C | C22: 1 | D22: 2 | E22: =D22-C22 -> 1 | F22: X | K22: X | N22: X | P22: X | T22: X | W22: =IF(COUNTA(F22:U22)=0,"— não preenchido",IF(COUNTIF(F22:J22,"X")<>1,"FALTA/DUPLA: CONDIÇÃO DO PAVIMENTO",IF(COUNTIF(K22:L22,"X")<>1,"FALTA/DUPLA: VEGETAÇÃO",IF(COUNTIF(M22:O22,"X")<>1,"FALTA/DUPLA: ELEM. DE DRENAGEM",IF(COUNTIF(P22:R22,"X")<>1,"FALTA/DUPLA: SIN. HORIZ.",IF(COUNTIF(S22:U22,"X")<>1,"FALTA/DUPLA: SIN. VERTICAL","OK")))))) -> OK
A23: 010ETO0330 | B23: C | C23: 2 | D23: 3 | E23: =D23-C23 -> 1 | F23: X | K23: X | N23: X | P23: X | T23: X | W23: =IF(COUNTA(F23:U23)=0,"— não preenchido",IF(COUNTIF(F23:J23,"X")<>1,"FALTA/DUPLA: CONDIÇÃO DO PAVIMENTO",IF(COUNTIF(K23:L23,"X")<>1,"FALTA/DUPLA: VEGETAÇÃO",IF(COUNTIF(M23:O23,"X")<>1,"FALTA/DUPLA: ELEM. DE DRENAGEM",IF(COUNTIF(P23:R23,"X")<>1,"FALTA/DUPLA: SIN. HORIZ.",IF(COUNTIF(S23:U23,"X")<>1,"FALTA/DUPLA: SIN. VERTICAL","OK")))))) -> OK
A24: 010ETO0330 | B24: C | C24: 3 | D24: 4 | E24: =D24-C24 -> 1 | F24: X | K24: X | N24: X | P24: X | T24: X | W24: =IF(COUNTA(F24:U24)=0,"— não preenchido",IF(COUNTIF(F24:J24,"X")<>1,"FALTA/DUPLA: CONDIÇÃO DO PAVIMENTO",IF(COUNTIF(K24:L24,"X")<>1,"FALTA/DUPLA: VEGETAÇÃO",IF(COUNTIF(M24:O24,"X")<>1,"FALTA/DUPLA: ELEM. DE DRENAGEM",IF(COUNTIF(P24:R24,"X")<>1,"FALTA/DUPLA: SIN. HORIZ.",IF(COUNTIF(S24:U24,"X")<>1,"FALTA/DUPLA: SIN. VERTICAL","OK")))))) -> OK
A25: 010ETO0330 | B25: C | C25: 4 | D25: 5 | E25: =D25-C25 -> 1 | F25: X | K25: X | N25: X | P25: X | T25: X | W25: =IF(COUNTA(F25:U25)=0,"— não preenchido",IF(COUNTIF(F25:J25,"X")<>1,"FALTA/DUPLA: CONDIÇÃO DO PAVIMENTO",IF(COUNTIF(K25:L25,"X")<>1,"FALTA/DUPLA: VEGETAÇÃO",IF(COUNTIF(M25:O25,"X")<>1,"FALTA/DUPLA: ELEM. DE DRENAGEM",IF(COUNTIF(P25:R25,"X")<>1,"FALTA/DUPLA: SIN. HORIZ.",IF(COUNTIF(S25:U25,"X")<>1,"FALTA/DUPLA: SIN. VERTICAL","OK")))))) -> OK
A26: 010ETO0330 | B26: C | C26: 5 | D26: 6 | E26: =D26-C26 -> 1 | F26: X | K26: X | N26: X | P26: X | T26: X | W26: =IF(COUNTA(F26:U26)=0,"— não preenchido",IF(COUNTIF(F26:J26,"X")<>1,"FALTA/DUPLA: CONDIÇÃO DO PAVIMENTO",IF(COUNTIF(K26:L26,"X")<>1,"FALTA/DUPLA: VEGETAÇÃO",IF(COUNTIF(M26:O26,"X")<>1,"FALTA/DUPLA: ELEM. DE DRENAGEM",IF(COUNTIF(P26:R26,"X")<>1,"FALTA/DUPLA: SIN. HORIZ.",IF(COUNTIF(S26:U26,"X")<>1,"FALTA/DUPLA: SIN. VERTICAL","OK")))))) -> OK
A27: 010ETO0330 | B27: C | C27: 6 | D27: 7 | E27: =D27-C27 -> 1 | I27: X | K27: X | N27: X | P27: X | T27: X | W27: =IF(COUNTA(F27:U27)=0,"— não preenchido",IF(COUNTIF(F27:J27,"X")<>1,"FALTA/DUPLA: CONDIÇÃO DO PAVIMENTO",IF(COUNTIF(K27:L27,"X")<>1,"FALTA/DUPLA: VEGETAÇÃO",IF(COUNTIF(M27:O27,"X")<>1,"FALTA/DUPLA: ELEM. DE DRENAGEM",IF(COUNTIF(P27:R27,"X")<>1,"FALTA/DUPLA: SIN. HORIZ.",IF(COUNTIF(S27:U27,"X")<>1,"FALTA/DUPLA: SIN. VERTICAL","OK")))))) -> OK
A28: 010ETO0330 | B28: C | C28: 7 | D28: 8 | E28: =D28-C28 -> 1 | I28: X | K28: X | N28: X | P28: X | T28: X | W28: =IF(COUNTA(F28:U28)=0,"— não preenchido",IF(COUNTIF(F28:J28,"X")<>1,"FALTA/DUPLA: CONDIÇÃO DO PAVIMENTO",IF(COUNTIF(K28:L28,"X")<>1,"FALTA/DUPLA: VEGETAÇÃO",IF(COUNTIF(M28:O28,"X")<>1,"FALTA/DUPLA: ELEM. DE DRENAGEM",IF(COUNTIF(P28:R28,"X")<>1,"FALTA/DUPLA: SIN. HORIZ.",IF(COUNTIF(S28:U28,"X")<>1,"FALTA/DUPLA: SIN. VERTICAL","OK")))))) -> OK
A29: 010ETO0330 | B29: C | C29: 8 | D29: 9 | E29: =D29-C29 -> 1 | I29: X | K29: X | N29: X | P29: X | T29: X | W29: =IF(COUNTA(F29:U29)=0,"— não preenchido",IF(COUNTIF(F29:J29,"X")<>1,"FALTA/DUPLA: CONDIÇÃO DO PAVIMENTO",IF(COUNTIF(K29:L29,"X")<>1,"FALTA/DUPLA: VEGETAÇÃO",IF(COUNTIF(M29:O29,"X")<>1,"FALTA/DUPLA: ELEM. DE DRENAGEM",IF(COUNTIF(P29:R29,"X")<>1,"FALTA/DUPLA: SIN. HORIZ.",IF(COUNTIF(S29:U29,"X")<>1,"FALTA/DUPLA: SIN. VERTICAL","OK")))))) -> OK
A30: 010ETO0330 | B30: C | C30: 9 | D30: 9.147414 | E30: =D30-C30 -> 0.14741401 | I30: X | K30: X | N30: X | P30: X | T30: X | W30: =IF(COUNTA(F30:U30)=0,"— não preenchido",IF(COUNTIF(F30:J30,"X")<>1,"FALTA/DUPLA: CONDIÇÃO DO PAVIMENTO",IF(COUNTIF(K30:L30,"X")<>1,"FALTA/DUPLA: VEGETAÇÃO",IF(COUNTIF(M30:O30,"X")<>1,"FALTA/DUPLA: ELEM. DE DRENAGEM",IF(COUNTIF(P30:R30,"X")<>1,"FALTA/DUPLA: SIN. HORIZ.",IF(COUNTIF(S30:U30,"X")<>1,"FALTA/DUPLA: SIN. VERTICAL","OK")))))) -> OK
A31: S.R.E. 010ETO0340 | ENTR. TO-226 - TRECHO POV. CICILÃNDIA | PPS · Estadual · 11.531 km · início: -7.788551, -48.071722
A32: 010ETO0340 | B32: C | C32: 0 | D32: 1 | E32: =D32-C32 -> 1 | F32: X | K32: X | N32: X | P32: X | T32: X | W32: =IF(COUNTA(F32:U32)=0,"— não preenchido",IF(COUNTIF(F32:J32,"X")<>1,"FALTA/DUPLA: CONDIÇÃO DO PAVIMENTO",IF(COUNTIF(K32:L32,"X")<>1,"FALTA/DUPLA: VEGETAÇÃO",IF(COUNTIF(M32:O32,"X")<>1,"FALTA/DUPLA: ELEM. DE DRENAGEM",IF(COUNTIF(P32:R32,"X")<>1,"FALTA/DUPLA: SIN. HORIZ.",IF(COUNTIF(S32:U32,"X")<>1,"FALTA/DUPLA: SIN. VERTICAL","OK")))))) -> OK
A33: 010ETO0340 | B33: C | C33: 1 | D33: 2 | E33: =D33-C33 -> 1 | F33: X | K33: X | N33: X | P33: X | T33: X | W33: =IF(COUNTA(F33:U33)=0,"— não preenchido",IF(COUNTIF(F33:J33,"X")<>1,"FALTA/DUPLA: CONDIÇÃO DO PAVIMENTO",IF(COUNTIF(K33:L33,"X")<>1,"FALTA/DUPLA: VEGETAÇÃO",IF(COUNTIF(M33:O33,"X")<>1,"FALTA/DUPLA: ELEM. DE DRENAGEM",IF(COUNTIF(P33:R33,"X")<>1,"FALTA/DUPLA: SIN. HORIZ.",IF(COUNTIF(S33:U33,"X")<>1,"FALTA/DUPLA: SIN. VERTICAL","OK")))))) -> OK
A34: 010ETO0340 | B34: C | C34: 2 | D34: 3 | E34: =D34-C34 -> 1 | F34: X | K34: X | N34: X | P34: X | T34: X | W34: =IF(COUNTA(F34:U34)=0,"— não preenchido",IF(COUNTIF(F34:J34,"X")<>1,"FALTA/DUPLA: CONDIÇÃO DO PAVIMENTO",IF(COUNTIF(K34:L34,"X")<>1,"FALTA/DUPLA: VEGETAÇÃO",IF(COUNTIF(M34:O34,"X")<>1,"FALTA/DUPLA: ELEM. DE DRENAGEM",IF(COUNTIF(P34:R34,"X")<>1,"FALTA/DUPLA: SIN. HORIZ.",IF(COUNTIF(S34:U34,"X")<>1,"FALTA/DUPLA: SIN. VERTICAL","OK")))))) -> OK
A35: 010ETO0340 | B35: C | C35: 3 | D35: 4 | E35: =D35-C35 -> 1 | I35: X | K35: X | N35: X | P35: X | T35: X | W35: =IF(COUNTA(F35:U35)=0,"— não preenchido",IF(COUNTIF(F35:J35,"X")<>1,"FALTA/DUPLA: CONDIÇÃO DO PAVIMENTO",IF(COUNTIF(K35:L35,"X")<>1,"FALTA/DUPLA: VEGETAÇÃO",IF(COUNTIF(M35:O35,"X")<>1,"FALTA/DUPLA: ELEM. DE DRENAGEM",IF(COUNTIF(P35:R35,"X")<>1,"FALTA/DUPLA: SIN. HORIZ.",IF(COUNTIF(S35:U35,"X")<>1,"FALTA/DUPLA: SIN. VERTICAL","OK")))))) -> OK
A36: 010ETO0340 | B36: C | C36: 4 | D36: 5 | E36: =D36-C36 -> 1 | I36: X | K36: X | N36: X | P36: X | T36: X | W36: =IF(COUNTA(F36:U36)=0,"— não preenchido",IF(COUNTIF(F36:J36,"X")<>1,"FALTA/DUPLA: CONDIÇÃO DO PAVIMENTO",IF(COUNTIF(K36:L36,"X")<>1,"FALTA/DUPLA: VEGETAÇÃO",IF(COUNTIF(M36:O36,"X")<>1,"FALTA/DUPLA: ELEM. DE DRENAGEM",IF(COUNTIF(P36:R36,"X")<>1,"FALTA/DUPLA: SIN. HORIZ.",IF(COUNTIF(S36:U36,"X")<>1,"FALTA/DUPLA: SIN. VERTICAL","OK")))))) -> OK
A37: 010ETO0340 | B37: C | C37: 5 | D37: 6 | E37: =D37-C37 -> 1 | I37: X | K37: X | N37: X | P37: X | T37: X | W37: =IF(COUNTA(F37:U37)=0,"— não preenchido",IF(COUNTIF(F37:J37,"X")<>1,"FALTA/DUPLA: CONDIÇÃO DO PAVIMENTO",IF(COUNTIF(K37:L37,"X")<>1,"FALTA/DUPLA: VEGETAÇÃO",IF(COUNTIF(M37:O37,"X")<>1,"FALTA/DUPLA: ELEM. DE DRENAGEM",IF(COUNTIF(P37:R37,"X")<>1,"FALTA/DUPLA: SIN. HORIZ.",IF(COUNTIF(S37:U37,"X")<>1,"FALTA/DUPLA: SIN. VERTICAL","OK")))))) -> OK
A38: 010ETO0340 | B38: C | C38: 6 | D38: 7 | E38: =D38-C38 -> 1 | F38: X | K38: X | N38: X | P38: X | T38: X | W38: =IF(COUNTA(F38:U38)=0,"— não preenchido",IF(COUNTIF(F38:J38,"X")<>1,"FALTA/DUPLA: CONDIÇÃO DO PAVIMENTO",IF(COUNTIF(K38:L38,"X")<>1,"FALTA/DUPLA: VEGETAÇÃO",IF(COUNTIF(M38:O38,"X")<>1,"FALTA/DUPLA: ELEM. DE DRENAGEM",IF(COUNTIF(P38:R38,"X")<>1,"FALTA/DUPLA: SIN. HORIZ.",IF(COUNTIF(S38:U38,"X")<>1,"FALTA/DUPLA: SIN. VERTICAL","OK")))))) -> OK
A39: 010ETO0340 | B39: C | C39: 7 | D39: 8 | E39: =D39-C39 -> 1 | F39: X | K39: X | N39: X | P39: X | T39: X | W39: =IF(COUNTA(F39:U39)=0,"— não preenchido",IF(COUNTIF(F39:J39,"X")<>1,"FALTA/DUPLA: CONDIÇÃO DO PAVIMENTO",IF(COUNTIF(K39:L39,"X")<>1,"FALTA/DUPLA: VEGETAÇÃO",IF(COUNTIF(M39:O39,"X")<>1,"FALTA/DUPLA: ELEM. DE DRENAGEM",IF(COUNTIF(P39:R39,"X")<>1,"FALTA/DUPLA: SIN. HORIZ.",IF(COUNTIF(S39:U39,"X")<>1,"FALTA/DUPLA: SIN. VERTICAL","OK")))))) -> OK
A40: 010ETO0340 | B40: C | C40: 8 | D40: 9 | E40: =D40-C40 -> 1 | F40: X | K40: X | N40: X | P40: X | T40: X | W40: =IF(COUNTA(F40:U40)=0,"— não preenchido",IF(COUNTIF(F40:J40,"X")<>1,"FALTA/DUPLA: CONDIÇÃO DO PAVIMENTO",IF(COUNTIF(K40:L40,"X")<>1,"FALTA/DUPLA: VEGETAÇÃO",IF(COUNTIF(M40:O40,"X")<>1,"FALTA/DUPLA: ELEM. DE DRENAGEM",IF(COUNTIF(P40:R40,"X")<>1,"FALTA/DUPLA: SIN. HORIZ.",IF(COUNTIF(S40:U40,"X")<>1,"FALTA/DUPLA: SIN. VERTICAL","OK")))))) -> OK
A41: 010ETO0340 | B41: C | C41: 9 | D41: 10 | E41: =D41-C41 -> 1 | F41: X | K41: X | N41: X | P41: X | T41: X | W41: =IF(COUNTA(F41:U41)=0,"— não preenchido",IF(COUNTIF(F41:J41,"X")<>1,"FALTA/DUPLA: CONDIÇÃO DO PAVIMENTO",IF(COUNTIF(K41:L41,"X")<>1,"FALTA/DUPLA: VEGETAÇÃO",IF(COUNTIF(M41:O41,"X")<>1,"FALTA/DUPLA: ELEM. DE DRENAGEM",IF(COUNTIF(P41:R41,"X")<>1,"FALTA/DUPLA: SIN. HORIZ.",IF(COUNTIF(S41:U41,"X")<>1,"FALTA/DUPLA: SIN. VERTICAL","OK")))))) -> OK
A42: 010ETO0340 | B42: C | C42: 10 | D42: 11 | E42: =D42-C42 -> 1 | F42: X | K42: X | N42: X | P42: X | T42: X | W42: =IF(COUNTA(F42:U42)=0,"— não preenchido",IF(COUNTIF(F42:J42,"X")<>1,"FALTA/DUPLA: CONDIÇÃO DO PAVIMENTO",IF(COUNTIF(K42:L42,"X")<>1,"FALTA/DUPLA: VEGETAÇÃO",IF(COUNTIF(M42:O42,"X")<>1,"FALTA/DUPLA: ELEM. DE DRENAGEM",IF(COUNTIF(P42:R42,"X")<>1,"FALTA/DUPLA: SIN. HORIZ.",IF(COUNTIF(S42:U42,"X")<>1,"FALTA/DUPLA: SIN. VERTICAL","OK")))))) -> OK
A43: 010ETO0340 | B43: C | C43: 11 | D43: 11.531266 | E43: =D43-C43 -> 0.5312658 | F43: X | K43: X | N43: X | P43: X | T43: X | W43: =IF(COUNTA(F43:U43)=0,"— não preenchido",IF(COUNTIF(F43:J43,"X")<>1,"FALTA/DUPLA: CONDIÇÃO DO PAVIMENTO",IF(COUNTIF(K43:L43,"X")<>1,"FALTA/DUPLA: VEGETAÇÃO",IF(COUNTIF(M43:O43,"X")<>1,"FALTA/DUPLA: ELEM. DE DRENAGEM",IF(COUNTIF(P43:R43,"X")<>1,"FALTA/DUPLA: SIN. HORIZ.",IF(COUNTIF(S43:U43,"X")<>1,"FALTA/DUPLA: SIN. VERTICAL","OK")))))) -> OK
A44: S.R.E. 010ETO0350 | POV. CICILÃNDIA - ENTR. TO-130 | PPS · Estadual · 25.891 km · início: -7.697572, -48.027112
A45: 010ETO0350 | B45: C | C45: 0 | D45: 1 | E45: =D45-C45 -> 1 | F45: X | K45: X | N45: X | P45: X | T45: X | W45: =IF(COUNTA(F45:U45)=0,"— não preenchido",IF(COUNTIF(F45:J45,"X")<>1,"FALTA/DUPLA: CONDIÇÃO DO PAVIMENTO",IF(COUNTIF(K45:L45,"X")<>1,"FALTA/DUPLA: VEGETAÇÃO",IF(COUNTIF(M45:O45,"X")<>1,"FALTA/DUPLA: ELEM. DE DRENAGEM",IF(COUNTIF(P45:R45,"X")<>1,"FALTA/DUPLA: SIN. HORIZ.",IF(COUNTIF(S45:U45,"X")<>1,"FALTA/DUPLA: SIN. VERTICAL","OK")))))) -> OK
A46: 010ETO0350 | B46: C | C46: 1 | D46: 2 | E46: =D46-C46 -> 1 | F46: X | K46: X | N46: X | P46: X | T46: X | W46: =IF(COUNTA(F46:U46)=0,"— não preenchido",IF(COUNTIF(F46:J46,"X")<>1,"FALTA/DUPLA: CONDIÇÃO DO PAVIMENTO",IF(COUNTIF(K46:L46,"X")<>1,"FALTA/DUPLA: VEGETAÇÃO",IF(COUNTIF(M46:O46,"X")<>1,"FALTA/DUPLA: ELEM. DE DRENAGEM",IF(COUNTIF(P46:R46,"X")<>1,"FALTA/DUPLA: SIN. HORIZ.",IF(COUNTIF(S46:U46,"X")<>1,"FALTA/DUPLA: SIN. VERTICAL","OK")))))) -> OK
A47: 010ETO0350 | B47: C | C47: 2 | D47: 3 | E47: =D47-C47 -> 1 | F47: X | K47: X | N47: X | P47: X | T47: X | W47: =IF(COUNTA(F47:U47)=0,"— não preenchido",IF(COUNTIF(F47:J47,"X")<>1,"FALTA/DUPLA: CONDIÇÃO DO PAVIMENTO",IF(COUNTIF(K47:L47,"X")<>1,"FALTA/DUPLA: VEGETAÇÃO",IF(COUNTIF(M47:O47,"X")<>1,"FALTA/DUPLA: ELEM. DE DRENAGEM",IF(COUNTIF(P47:R47,"X")<>1,"FALTA/DUPLA: SIN. HORIZ.",IF(COUNTIF(S47:U47,"X")<>1,"FALTA/DUPLA: SIN. VERTICAL","OK")))))) -> OK
A48: 010ETO0350 | B48: C | C48: 3 | D48: 4 | E48: =D48-C48 -> 1 | F48: X | K48: X | N48: X | P48: X | T48: X | W48: =IF(COUNTA(F48:U48)=0,"— não preenchido",IF(COUNTIF(F48:J48,"X")<>1,"FALTA/DUPLA: CONDIÇÃO DO PAVIMENTO",IF(COUNTIF(K48:L48,"X")<>1,"FALTA/DUPLA: VEGETAÇÃO",IF(COUNTIF(M48:O48,"X")<>1,"FALTA/DUPLA: ELEM. DE DRENAGEM",IF(COUNTIF(P48:R48,"X")<>1,"FALTA/DUPLA: SIN. HORIZ.",IF(COUNTIF(S48:U48,"X")<>1,"FALTA/DUPLA: SIN. VERTICAL","OK")))))) -> OK
A49: 010ETO0350 | B49: C | C49: 4 | D49: 5 | E49: =D49-C49 -> 1 | F49: X | K49: X | N49: X | P49: X | T49: X | W49: =IF(COUNTA(F49:U49)=0,"— não preenchido",IF(COUNTIF(F49:J49,"X")<>1,"FALTA/DUPLA: CONDIÇÃO DO PAVIMENTO",IF(COUNTIF(K49:L49,"X")<>1,"FALTA/DUPLA: VEGETAÇÃO",IF(COUNTIF(M49:O49,"X")<>1,"FALTA/DUPLA: ELEM. DE DRENAGEM",IF(COUNTIF(P49:R49,"X")<>1,"FALTA/DUPLA: SIN. HORIZ.",IF(COUNTIF(S49:U49,"X")<>1,"FALTA/DUPLA: SIN. VERTICAL","OK")))))) -> OK
A50: 010ETO0350 | B50: C | C50: 5 | D50: 6 | E50: =D50-C50 -> 1 | F50: X | K50: X | N50: X | P50: X | T50: X | W50: =IF(COUNTA(F50:U50)=0,"— não preenchido",IF(COUNTIF(F50:J50,"X")<>1,"FALTA/DUPLA: CONDIÇÃO DO PAVIMENTO",IF(COUNTIF(K50:L50,"X")<>1,"FALTA/DUPLA: VEGETAÇÃO",IF(COUNTIF(M50:O50,"X")<>1,"FALTA/DUPLA: ELEM. DE DRENAGEM",IF(COUNTIF(P50:R50,"X")<>1,"FALTA/DUPLA: SIN. HORIZ.",IF(COUNTIF(S50:U50,"X")<>1,"FALTA/DUPLA: SIN. VERTICAL","OK")))))) -> OK
A51: 010ETO0350 | B51: C | C51: 6 | D51: 7 | E51: =D51-C51 -> 1 | F51: X | K51: X | N51: X | P51: X | T51: X | W51: =IF(COUNTA(F51:U51)=0,"— não preenchido",IF(COUNTIF(F51:J51,"X")<>1,"FALTA/DUPLA: CONDIÇÃO DO PAVIMENTO",IF(COUNTIF(K51:L51,"X")<>1,"FALTA/DUPLA: VEGETAÇÃO",IF(COUNTIF(M51:O51,"X")<>1,"FALTA/DUPLA: ELEM. DE DRENAGEM",IF(COUNTIF(P51:R51,"X")<>1,"FALTA/DUPLA: SIN. HORIZ.",IF(COUNTIF(S51:U51,"X")<>1,"FALTA/DUPLA: SIN. VERTICAL","OK")))))) -> OK
A52: 010ETO0350 | B52: C | C52: 7 | D52: 8 | E52: =D52-C52 -> 1 | F52: X | K52: X | N52: X | P52: X | T52: X | W52: =IF(COUNTA(F52:U52)=0,"— não preenchido",IF(COUNTIF(F52:J52,"X")<>1,"FALTA/DUPLA: CONDIÇÃO DO PAVIMENTO",IF(COUNTIF(K52:L52,"X")<>1,"FALTA/DUPLA: VEGETAÇÃO",IF(COUNTIF(M52:O52,"X")<>1,"FALTA/DUPLA: ELEM. DE DRENAGEM",IF(COUNTIF(P52:R52,"X")<>1,"FALTA/DUPLA: SIN. HORIZ.",IF(COUNTIF(S52:U52,"X")<>1,"FALTA/DUPLA: SIN. VERTICAL","OK")))))) -> OK
A53: 010ETO0350 | B53: C | C53: 8 | D53: 9 | E53: =D53-C53 -> 1 | I53: X | K53: X | N53: X | P53: X | T53: X | W53: =IF(COUNTA(F53:U53)=0,"— não preenchido",IF(COUNTIF(F53:J53,"X")<>1,"FALTA/DUPLA: CONDIÇÃO DO PAVIMENTO",IF(COUNTIF(K53:L53,"X")<>1,"FALTA/DUPLA: VEGETAÇÃO",IF(COUNTIF(M53:O53,"X")<>1,"FALTA/DUPLA: ELEM. DE DRENAGEM",IF(COUNTIF(P53:R53,"X")<>1,"FALTA/DUPLA: SIN. HORIZ.",IF(COUNTIF(S53:U53,"X")<>1,"FALTA/DUPLA: SIN. VERTICAL","OK")))))) -> OK
A54: 010ETO0350 | B54: C | C54: 9 | D54: 10 | E54: =D54-C54 -> 1 | I54: X | K54: X | N54: X | P54: X | T54: X | W54: =IF(COUNTA(F54:U54)=0,"— não preenchido",IF(COUNTIF(F54:J54,"X")<>1,"FALTA/DUPLA: CONDIÇÃO DO PAVIMENTO",IF(COUNTIF(K54:L54,"X")<>1,"FALTA/DUPLA: VEGETAÇÃO",IF(COUNTIF(M54:O54,"X")<>1,"FALTA/DUPLA: ELEM. DE DRENAGEM",IF(COUNTIF(P54:R54,"X")<>1,"FALTA/DUPLA: SIN. HORIZ.",IF(COUNTIF(S54:U54,"X")<>1,"FALTA/DUPLA: SIN. VERTICAL","OK")))))) -> OK
A55: 010ETO0350 | B55: C | C55: 10 | D55: 11 | E55: =D55-C55 -> 1 | I55: X | K55: X | N55: X | P55: X | T55: X | W55: =IF(COUNTA(F55:U55)=0,"— não preenchido",IF(COUNTIF(F55:J55,"X")<>1,"FALTA/DUPLA: CONDIÇÃO DO PAVIMENTO",IF(COUNTIF(K55:L55,"X")<>1,"FALTA/DUPLA: VEGETAÇÃO",IF(COUNTIF(M55:O55,"X")<>1,"FALTA/DUPLA: ELEM. DE DRENAGEM",IF(COUNTIF(P55:R55,"X")<>1,"FALTA/DUPLA: SIN. HORIZ.",IF(COUNTIF(S55:U55,"X")<>1,"FALTA/DUPLA: SIN. VERTICAL","OK")))))) -> OK
A56: 010ETO0350 | B56: C | C56: 11 | D56: 12 | E56: =D56-C56 -> 1 | F56: X | K56: X | N56: X | P56: X | T56: X | W56: =IF(COUNTA(F56:U56)=0,"— não preenchido",IF(COUNTIF(F56:J56,"X")<>1,"FALTA/DUPLA: CONDIÇÃO DO PAVIMENTO",IF(COUNTIF(K56:L56,"X")<>1,"FALTA/DUPLA: VEGETAÇÃO",IF(COUNTIF(M56:O56,"X")<>1,"FALTA/DUPLA: ELEM. DE DRENAGEM",IF(COUNTIF(P56:R56,"X")<>1,"FALTA/DUPLA: SIN. HORIZ.",IF(COUNTIF(S56:U56,"X")<>1,"FALTA/DUPLA: SIN. VERTICAL","OK")))))) -> OK
A57: 010ETO0350 | B57: C | C57: 12 | D57: 13 | E57: =D57-C57 -> 1 | F57: X | K57: X | N57: X | P57: X | T57: X | W57: =IF(COUNTA(F57:U57)=0,"— não preenchido",IF(COUNTIF(F57:J57,"X")<>1,"FALTA/DUPLA: CONDIÇÃO DO PAVIMENTO",IF(COUNTIF(K57:L57,"X")<>1,"FALTA/DUPLA: VEGETAÇÃO",IF(COUNTIF(M57:O57,"X")<>1,"FALTA/DUPLA: ELEM. DE DRENAGEM",IF(COUNTIF(P57:R57,"X")<>1,"FALTA/DUPLA: SIN. HORIZ.",IF(COUNTIF(S57:U57,"X")<>1,"FALTA/DUPLA: SIN. VERTICAL","OK")))))) -> OK
A58: 010ETO0350 | B58: C | C58: 13 | D58: 14 | E58: =D58-C58 -> 1 | F58: X | K58: X | N58: X | P58: X | T58: X | W58: =IF(COUNTA(F58:U58)=0,"— não preenchido",IF(COUNTIF(F58:J58,"X")<>1,"FALTA/DUPLA: CONDIÇÃO DO PAVIMENTO",IF(COUNTIF(K58:L58,"X")<>1,"FALTA/DUPLA: VEGETAÇÃO",IF(COUNTIF(M58:O58,"X")<>1,"FALTA/DUPLA: ELEM. DE DRENAGEM",IF(COUNTIF(P58:R58,"X")<>1,"FALTA/DUPLA: SIN. HORIZ.",IF(COUNTIF(S58:U58,"X")<>1,"FALTA/DUPLA: SIN. VERTICAL","OK")))))) -> OK
A59: 010ETO0350 | B59: C | C59: 14 | D59: 15 | E59: =D59-C59 -> 1 | F59: X | K59: X | N59: X | P59: X | T59: X | W59: =IF(COUNTA(F59:U59)=0,"— não preenchido",IF(COUNTIF(F59:J59,"X")<>1,"FALTA/DUPLA: CONDIÇÃO DO PAVIMENTO",IF(COUNTIF(K59:L59,"X")<>1,"FALTA/DUPLA: VEGETAÇÃO",IF(COUNTIF(M59:O59,"X")<>1,"FALTA/DUPLA: ELEM. DE DRENAGEM",IF(COUNTIF(P59:R59,"X")<>1,"FALTA/DUPLA: SIN. HORIZ.",IF(COUNTIF(S59:U59,"X")<>1,"FALTA/DUPLA: SIN. VERTICAL","OK")))))) -> OK
A60: 010ETO0350 | B60: C | C60: 15 | D60: 16 | E60: =D60-C60 -> 1 | F60: X | K60: X | N60: X | P60: X | T60: X | W60: =IF(COUNTA(F60:U60)=0,"— não preenchido",IF(COUNTIF(F60:J60,"X")<>1,"FALTA/DUPLA: CONDIÇÃO DO PAVIMENTO",IF(COUNTIF(K60:L60,"X")<>1,"FALTA/DUPLA: VEGETAÇÃO",IF(COUNTIF(M60:O60,"X")<>1,"FALTA/DUPLA: ELEM. DE DRENAGEM",IF(COUNTIF(P60:R60,"X")<>1,"FALTA/DUPLA: SIN. HORIZ.",IF(COUNTIF(S60:U60,"X")<>1,"FALTA/DUPLA: SIN. VERTICAL","OK")))))) -> OK
A61: 010ETO0350 | B61: C | C61: 16 | D61: 17 | E61: =D61-C61 -> 1 | F61: X | K61: X | N61: X | P61: X | T61: X | W61: =IF(COUNTA(F61:U61)=0,"— não preenchido",IF(COUNTIF(F61:J61,"X")<>1,"FALTA/DUPLA: CONDIÇÃO DO PAVIMENTO",IF(COUNTIF(K61:L61,"X")<>1,"FALTA/DUPLA: VEGETAÇÃO",IF(COUNTIF(M61:O61,"X")<>1,"FALTA/DUPLA: ELEM. DE DRENAGEM",IF(COUNTIF(P61:R61,"X")<>1,"FALTA/DUPLA: SIN. HORIZ.",IF(COUNTIF(S61:U61,"X")<>1,"FALTA/DUPLA: SIN. VERTICAL","OK")))))) -> OK
A62: 010ETO0350 | B62: C | C62: 17 | D62: 18 | E62: =D62-C62 -> 1 | I62: X | K62: X | N62: X | P62: X | T62: X | W62: =IF(COUNTA(F62:U62)=0,"— não preenchido",IF(COUNTIF(F62:J62,"X")<>1,"FALTA/DUPLA: CONDIÇÃO DO PAVIMENTO",IF(COUNTIF(K62:L62,"X")<>1,"FALTA/DUPLA: VEGETAÇÃO",IF(COUNTIF(M62:O62,"X")<>1,"FALTA/DUPLA: ELEM. DE DRENAGEM",IF(COUNTIF(P62:R62,"X")<>1,"FALTA/DUPLA: SIN. HORIZ.",IF(COUNTIF(S62:U62,"X")<>1,"FALTA/DUPLA: SIN. VERTICAL","OK")))))) -> OK
A63: 010ETO0350 | B63: C | C63: 18 | D63: 19 | E63: =D63-C63 -> 1 | I63: X | K63: X | N63: X | P63: X | T63: X | W63: =IF(COUNTA(F63:U63)=0,"— não preenchido",IF(COUNTIF(F63:J63,"X")<>1,"FALTA/DUPLA: CONDIÇÃO DO PAVIMENTO",IF(COUNTIF(K63:L63,"X")<>1,"FALTA/DUPLA: VEGETAÇÃO",IF(COUNTIF(M63:O63,"X")<>1,"FALTA/DUPLA: ELEM. DE DRENAGEM",IF(COUNTIF(P63:R63,"X")<>1,"FALTA/DUPLA: SIN. HORIZ.",IF(COUNTIF(S63:U63,"X")<>1,"FALTA/DUPLA: SIN. VERTICAL","OK")))))) -> OK
A64: 010ETO0350 | B64: C | C64: 19 | D64: 20 | E64: =D64-C64 -> 1 | I64: X | K64: X | N64: X | P64: X | T64: X | W64: =IF(COUNTA(F64:U64)=0,"— não preenchido",IF(COUNTIF(F64:J64,"X")<>1,"FALTA/DUPLA: CONDIÇÃO DO PAVIMENTO",IF(COUNTIF(K64:L64,"X")<>1,"FALTA/DUPLA: VEGETAÇÃO",IF(COUNTIF(M64:O64,"X")<>1,"FALTA/DUPLA: ELEM. DE DRENAGEM",IF(COUNTIF(P64:R64,"X")<>1,"FALTA/DUPLA: SIN. HORIZ.",IF(COUNTIF(S64:U64,"X")<>1,"FALTA/DUPLA: SIN. VERTICAL","OK")))))) -> OK
A65: 010ETO0350 | B65: C | C65: 20 | D65: 21 | E65: =D65-C65 -> 1 | I65: X | K65: X | N65: X | P65: X | T65: X | W65: =IF(COUNTA(F65:U65)=0,"— não preenchido",IF(COUNTIF(F65:J65,"X")<>1,"FALTA/DUPLA: CONDIÇÃO DO PAVIMENTO",IF(COUNTIF(K65:L65,"X")<>1,"FALTA/DUPLA: VEGETAÇÃO",IF(COUNTIF(M65:O65,"X")<>1,"FALTA/DUPLA: ELEM. DE DRENAGEM",IF(COUNTIF(P65:R65,"X")<>1,"FALTA/DUPLA: SIN. HORIZ.",IF(COUNTIF(S65:U65,"X")<>1,"FALTA/DUPLA: SIN. VERTICAL","OK")))))) -> OK
A66: 010ETO0350 | B66: C | C66: 21 | D66: 22 | E66: =D66-C66 -> 1 | F66: X | K66: X | N66: X | P66: X | T66: X | W66: =IF(COUNTA(F66:U66)=0,"— não preenchido",IF(COUNTIF(F66:J66,"X")<>1,"FALTA/DUPLA: CONDIÇÃO DO PAVIMENTO",IF(COUNTIF(K66:L66,"X")<>1,"FALTA/DUPLA: VEGETAÇÃO",IF(COUNTIF(M66:O66,"X")<>1,"FALTA/DUPLA: ELEM. DE DRENAGEM",IF(COUNTIF(P66:R66,"X")<>1,"FALTA/DUPLA: SIN. HORIZ.",IF(COUNTIF(S66:U66,"X")<>1,"FALTA/DUPLA: SIN. VERTICAL","OK")))))) -> OK
A67: 010ETO0350 | B67: C | C67: 22 | D67: 23 | E67: =D67-C67 -> 1 | F67: X | K67: X | N67: X | P67: X | T67: X | W67: =IF(COUNTA(F67:U67)=0,"— não preenchido",IF(COUNTIF(F67:J67,"X")<>1,"FALTA/DUPLA: CONDIÇÃO DO PAVIMENTO",IF(COUNTIF(K67:L67,"X")<>1,"FALTA/DUPLA: VEGETAÇÃO",IF(COUNTIF(M67:O67,"X")<>1,"FALTA/DUPLA: ELEM. DE DRENAGEM",IF(COUNTIF(P67:R67,"X")<>1,"FALTA/DUPLA: SIN. HORIZ.",IF(COUNTIF(S67:U67,"X")<>1,"FALTA/DUPLA: SIN. VERTICAL","OK")))))) -> OK
A68: 010ETO0350 | B68: C | C68: 23 | D68: 24 | E68: =D68-C68 -> 1 | F68: X | K68: X | N68: X | P68: X | T68: X | W68: =IF(COUNTA(F68:U68)=0,"— não preenchido",IF(COUNTIF(F68:J68,"X")<>1,"FALTA/DUPLA: CONDIÇÃO DO PAVIMENTO",IF(COUNTIF(K68:L68,"X")<>1,"FALTA/DUPLA: VEGETAÇÃO",IF(COUNTIF(M68:O68,"X")<>1,"FALTA/DUPLA: ELEM. DE DRENAGEM",IF(COUNTIF(P68:R68,"X")<>1,"FALTA/DUPLA: SIN. HORIZ.",IF(COUNTIF(S68:U68,"X")<>1,"FALTA/DUPLA: SIN. VERTICAL","OK")))))) -> OK
A69: 010ETO0350 | B69: C | C69: 24 | D69: 25 | E69: =D69-C69 -> 1 | F69: X | K69: X | N69: X | P69: X | T69: X | W69: =IF(COUNTA(F69:U69)=0,"— não preenchido",IF(COUNTIF(F69:J69,"X")<>1,"FALTA/DUPLA: CONDIÇÃO DO PAVIMENTO",IF(COUNTIF(K69:L69,"X")<>1,"FALTA/DUPLA: VEGETAÇÃO",IF(COUNTIF(M69:O69,"X")<>1,"FALTA/DUPLA: ELEM. DE DRENAGEM",IF(COUNTIF(P69:R69,"X")<>1,"FALTA/DUPLA: SIN. HORIZ.",IF(COUNTIF(S69:U69,"X")<>1,"FALTA/DUPLA: SIN. VERTICAL","OK")))))) -> OK
A70: 010ETO0350 | B70: C | C70: 25 | D70: 25.891159 | E70: =D70-C70 -> 0.89115852 | F70: X | K70: X | N70: X | P70: X | T70: X | W70: =IF(COUNTA(F70:U70)=0,"— não preenchido",IF(COUNTIF(F70:J70,"X")<>1,"FALTA/DUPLA: CONDIÇÃO DO PAVIMENTO",IF(COUNTIF(K70:L70,"X")<>1,"FALTA/DUPLA: VEGETAÇÃO",IF(COUNTIF(M70:O70,"X")<>1,"FALTA/DUPLA: ELEM. DE DRENAGEM",IF(COUNTIF(P70:R70,"X")<>1,"FALTA/DUPLA: SIN. HORIZ.",IF(COUNTIF(S70:U70,"X")<>1,"FALTA/DUPLA: SIN. VERTICAL","OK")))))) -> OK
A71: S.R.E. 010ETO0360 | ENTR. TO-130 - TRECHO BIELÂNDIA | PPS · Estadual · 14.862 km · início: -7.604511, -47.842373
A72: 010ETO0360 | B72: C | C72: 0 | D72: 1 | E72: =D72-C72 -> 1 | F72: X | K72: X | N72: X | P72: X | T72: X | V72: 14,86 km | W72: =IF(COUNTA(F72:U72)=0,"— não preenchido",IF(COUNTIF(F72:J72,"X")<>1,"FALTA/DUPLA: CONDIÇÃO DO PAVIMENTO",IF(COUNTIF(K72:L72,"X")<>1,"FALTA/DUPLA: VEGETAÇÃO",IF(COUNTIF(M72:O72,"X")<>1,"FALTA/DUPLA: ELEM. DE DRENAGEM",IF(COUNTIF(P72:R72,"X")<>1,"FALTA/DUPLA: SIN. HORIZ.",IF(COUNTIF(S72:U72,"X")<>1,"FALTA/DUPLA: SIN. VERTICAL","OK")))))) -> OK
A73: 010ETO0360 | B73: C | C73: 1 | D73: 2 | E73: =D73-C73 -> 1 | F73: X | K73: X | N73: X | P73: X | T73: X | W73: =IF(COUNTA(F73:U73)=0,"— não preenchido",IF(COUNTIF(F73:J73,"X")<>1,"FALTA/DUPLA: CONDIÇÃO DO PAVIMENTO",IF(COUNTIF(K73:L73,"X")<>1,"FALTA/DUPLA: VEGETAÇÃO",IF(COUNTIF(M73:O73,"X")<>1,"FALTA/DUPLA: ELEM. DE DRENAGEM",IF(COUNTIF(P73:R73,"X")<>1,"FALTA/DUPLA: SIN. HORIZ.",IF(COUNTIF(S73:U73,"X")<>1,"FALTA/DUPLA: SIN. VERTICAL","OK")))))) -> OK
A74: 010ETO0360 | B74: C | C74: 2 | D74: 3 | E74: =D74-C74 -> 1 | F74: X | K74: X | N74: X | P74: X | T74: X | W74: =IF(COUNTA(F74:U74)=0,"— não preenchido",IF(COUNTIF(F74:J74,"X")<>1,"FALTA/DUPLA: CONDIÇÃO DO PAVIMENTO",IF(COUNTIF(K74:L74,"X")<>1,"FALTA/DUPLA: VEGETAÇÃO",IF(COUNTIF(M74:O74,"X")<>1,"FALTA/DUPLA: ELEM. DE DRENAGEM",IF(COUNTIF(P74:R74,"X")<>1,"FALTA/DUPLA: SIN. HORIZ.",IF(COUNTIF(S74:U74,"X")<>1,"FALTA/DUPLA: SIN. VERTICAL","OK")))))) -> OK
A75: 010ETO0360 | B75: C | C75: 3 | D75: 4 | E75: =D75-C75 -> 1 | F75: X | K75: X | N75: X | P75: X | T75: X | W75: =IF(COUNTA(F75:U75)=0,"— não preenchido",IF(COUNTIF(F75:J75,"X")<>1,"FALTA/DUPLA: CONDIÇÃO DO PAVIMENTO",IF(COUNTIF(K75:L75,"X")<>1,"FALTA/DUPLA: VEGETAÇÃO",IF(COUNTIF(M75:O75,"X")<>1,"FALTA/DUPLA: ELEM. DE DRENAGEM",IF(COUNTIF(P75:R75,"X")<>1,"FALTA/DUPLA: SIN. HORIZ.",IF(COUNTIF(S75:U75,"X")<>1,"FALTA/DUPLA: SIN. VERTICAL","OK")))))) -> OK
A76: 010ETO0360 | B76: C | C76: 4 | D76: 5 | E76: =D76-C76 -> 1 | F76: X | K76: X | N76: X | P76: X | T76: X | W76: =IF(COUNTA(F76:U76)=0,"— não preenchido",IF(COUNTIF(F76:J76,"X")<>1,"FALTA/DUPLA: CONDIÇÃO DO PAVIMENTO",IF(COUNTIF(K76:L76,"X")<>1,"FALTA/DUPLA: VEGETAÇÃO",IF(COUNTIF(M76:O76,"X")<>1,"FALTA/DUPLA: ELEM. DE DRENAGEM",IF(COUNTIF(P76:R76,"X")<>1,"FALTA/DUPLA: SIN. HORIZ.",IF(COUNTIF(S76:U76,"X")<>1,"FALTA/DUPLA: SIN. VERTICAL","OK")))))) -> OK
A77: 010ETO0360 | B77: C | C77: 5 | D77: 6 | E77: =D77-C77 -> 1 | F77: X | K77: X | N77: X | P77: X | T77: X | W77: =IF(COUNTA(F77:U77)=0,"— não preenchido",IF(COUNTIF(F77:J77,"X")<>1,"FALTA/DUPLA: CONDIÇÃO DO PAVIMENTO",IF(COUNTIF(K77:L77,"X")<>1,"FALTA/DUPLA: VEGETAÇÃO",IF(COUNTIF(M77:O77,"X")<>1,"FALTA/DUPLA: ELEM. DE DRENAGEM",IF(COUNTIF(P77:R77,"X")<>1,"FALTA/DUPLA: SIN. HORIZ.",IF(COUNTIF(S77:U77,"X")<>1,"FALTA/DUPLA: SIN. VERTICAL","OK")))))) -> OK
A78: 010ETO0360 | B78: C | C78: 6 | D78: 7 | E78: =D78-C78 -> 1 | F78: X | K78: X | N78: X | P78: X | T78: X | W78: =IF(COUNTA(F78:U78)=0,"— não preenchido",IF(COUNTIF(F78:J78,"X")<>1,"FALTA/DUPLA: CONDIÇÃO DO PAVIMENTO",IF(COUNTIF(K78:L78,"X")<>1,"FALTA/DUPLA: VEGETAÇÃO",IF(COUNTIF(M78:O78,"X")<>1,"FALTA/DUPLA: ELEM. DE DRENAGEM",IF(COUNTIF(P78:R78,"X")<>1,"FALTA/DUPLA: SIN. HORIZ.",IF(COUNTIF(S78:U78,"X")<>1,"FALTA/DUPLA: SIN. VERTICAL","OK")))))) -> OK
A79: 010ETO0360 | B79: C | C79: 7 | D79: 8 | E79: =D79-C79 -> 1 | F79: X | K79: X | N79: X | P79: X | T79: X | W79: =IF(COUNTA(F79:U79)=0,"— não preenchido",IF(COUNTIF(F79:J79,"X")<>1,"FALTA/DUPLA: CONDIÇÃO DO PAVIMENTO",IF(COUNTIF(K79:L79,"X")<>1,"FALTA/DUPLA: VEGETAÇÃO",IF(COUNTIF(M79:O79,"X")<>1,"FALTA/DUPLA: ELEM. DE DRENAGEM",IF(COUNTIF(P79:R79,"X")<>1,"FALTA/DUPLA: SIN. HORIZ.",IF(COUNTIF(S79:U79,"X")<>1,"FALTA/DUPLA: SIN. VERTICAL","OK")))))) -> OK
A80: 010ETO0360 | B80: C | C80: 8 | D80: 9 | E80: =D80-C80 -> 1 | F80: X | K80: X | N80: X | P80: X | T80: X | W80: =IF(COUNTA(F80:U80)=0,"— não preenchido",IF(COUNTIF(F80:J80,"X")<>1,"FALTA/DUPLA: CONDIÇÃO DO PAVIMENTO",IF(COUNTIF(K80:L80,"X")<>1,"FALTA/DUPLA: VEGETAÇÃO",IF(COUNTIF(M80:O80,"X")<>1,"FALTA/DUPLA: ELEM. DE DRENAGEM",IF(COUNTIF(P80:R80,"X")<>1,"FALTA/DUPLA: SIN. HORIZ.",IF(COUNTIF(S80:U80,"X")<>1,"FALTA/DUPLA: SIN. VERTICAL","OK")))))) -> OK
A81: 010ETO0360 | B81: C | C81: 9 | D81: 10 | E81: =D81-C81 -> 1 | F81: X | K81: X | N81: X | P81: X | T81: X | W81: =IF(COUNTA(F81:U81)=0,"— não preenchido",IF(COUNTIF(F81:J81,"X")<>1,"FALTA/DUPLA: CONDIÇÃO DO PAVIMENTO",IF(COUNTIF(K81:L81,"X")<>1,"FALTA/DUPLA: VEGETAÇÃO",IF(COUNTIF(M81:O81,"X")<>1,"FALTA/DUPLA: ELEM. DE DRENAGEM",IF(COUNTIF(P81:R81,"X")<>1,"FALTA/DUPLA: SIN. HORIZ.",IF(COUNTIF(S81:U81,"X")<>1,"FALTA/DUPLA: SIN. VERTICAL","OK")))))) -> OK
A82: 010ETO0360 | B82: C | C82: 10 | D82: 11 | E82: =D82-C82 -> 1 | I82: X | K82: X | N82: X | P82: X | T82: X | W82: =IF(COUNTA(F82:U82)=0,"— não preenchido",IF(COUNTIF(F82:J82,"X")<>1,"FALTA/DUPLA: CONDIÇÃO DO PAVIMENTO",IF(COUNTIF(K82:L82,"X")<>1,"FALTA/DUPLA: VEGETAÇÃO",IF(COUNTIF(M82:O82,"X")<>1,"FALTA/DUPLA: ELEM. DE DRENAGEM",IF(COUNTIF(P82:R82,"X")<>1,"FALTA/DUPLA: SIN. HORIZ.",IF(COUNTIF(S82:U82,"X")<>1,"FALTA/DUPLA: SIN. VERTICAL","OK")))))) -> OK
A83: 010ETO0360 | B83: C | C83: 11 | D83: 12 | E83: =D83-C83 -> 1 | I83: X | K83: X | N83: X | P83: X | T83: X | W83: =IF(COUNTA(F83:U83)=0,"— não preenchido",IF(COUNTIF(F83:J83,"X")<>1,"FALTA/DUPLA: CONDIÇÃO DO PAVIMENTO",IF(COUNTIF(K83:L83,"X")<>1,"FALTA/DUPLA: VEGETAÇÃO",IF(COUNTIF(M83:O83,"X")<>1,"FALTA/DUPLA: ELEM. DE DRENAGEM",IF(COUNTIF(P83:R83,"X")<>1,"FALTA/DUPLA: SIN. HORIZ.",IF(COUNTIF(S83:U83,"X")<>1,"FALTA/DUPLA: SIN. VERTICAL","OK")))))) -> OK
A84: 010ETO0360 | B84: C | C84: 12 | D84: 13 | E84: =D84-C84 -> 1 | I84: X | K84: X | N84: X | P84: X | T84: X | W84: =IF(COUNTA(F84:U84)=0,"— não preenchido",IF(COUNTIF(F84:J84,"X")<>1,"FALTA/DUPLA: CONDIÇÃO DO PAVIMENTO",IF(COUNTIF(K84:L84,"X")<>1,"FALTA/DUPLA: VEGETAÇÃO",IF(COUNTIF(M84:O84,"X")<>1,"FALTA/DUPLA: ELEM. DE DRENAGEM",IF(COUNTIF(P84:R84,"X")<>1,"FALTA/DUPLA: SIN. HORIZ.",IF(COUNTIF(S84:U84,"X")<>1,"FALTA/DUPLA: SIN. VERTICAL","OK")))))) -> OK
A85: 010ETO0360 | B85: C | C85: 13 | D85: 14 | E85: =D85-C85 -> 1 | F85: X | K85: X | N85: X | P85: X | T85: X | W85: =IF(COUNTA(F85:U85)=0,"— não preenchido",IF(COUNTIF(F85:J85,"X")<>1,"FALTA/DUPLA: CONDIÇÃO DO PAVIMENTO",IF(COUNTIF(K85:L85,"X")<>1,"FALTA/DUPLA: VEGETAÇÃO",IF(COUNTIF(M85:O85,"X")<>1,"FALTA/DUPLA: ELEM. DE DRENAGEM",IF(COUNTIF(P85:R85,"X")<>1,"FALTA/DUPLA: SIN. HORIZ.",IF(COUNTIF(S85:U85,"X")<>1,"FALTA/DUPLA: SIN. VERTICAL","OK")))))) -> OK
A86: 010ETO0360 | B86: C | C86: 14 | D86: 14.862138 | E86: =D86-C86 -> 0.86213845 | F86: X | K86: X | N86: X | P86: X | T86: X | W86: =IF(COUNTA(F86:U86)=0,"— não preenchido",IF(COUNTIF(F86:J86,"X")<>1,"FALTA/DUPLA: CONDIÇÃO DO PAVIMENTO",IF(COUNTIF(K86:L86,"X")<>1,"FALTA/DUPLA: VEGETAÇÃO",IF(COUNTIF(M86:O86,"X")<>1,"FALTA/DUPLA: ELEM. DE DRENAGEM",IF(COUNTIF(P86:R86,"X")<>1,"FALTA/DUPLA: SIN. HORIZ.",IF(COUNTIF(S86:U86,"X")<>1,"FALTA/DUPLA: SIN. VERTICAL","OK")))))) -> OK
A88: ____________________________________________ | G88: ____________________________________________
A89: TÉCNICO RESPONSÁVEL PELA INSPEÇÃO | G89: VISTO DA SUPERVISÃO
A91: RESUMO DO TRECHO — KM LANÇADO POR ITEM
A92: KM LANÇADO | F92: =SUMIF(F$9:F$86,"X",$E$9:$E$86) -> 53.284367 | G92: =SUMIF(G$9:G$86,"X",$E$9:$E$86) -> 0 | H92: =SUMIF(H$9:H$86,"X",$E$9:$E$86) -> 0 | I92: =SUMIF(I$9:I$86,"X",$E$9:$E$86) -> 19.147414 | J92: =SUMIF(J$9:J$86,"X",$E$9:$E$86) -> 0 | K92: =SUMIF(K$9:K$86,"X",$E$9:$E$86) -> 72.431781 | L92: =SUMIF(L$9:L$86,"X",$E$9:$E$86) -> 0 | M92: =SUMIF(M$9:M$86,"X",$E$9:$E$86) -> 0 | ... U92: =SUMIF(U$9:U$86,"X",$E$9:$E$86) -> 0
A93: % DA EXTENSÃO | F93: =IF($R95=0,0,F92/$R95) -> 0.735649 | G93: =IF($R95=0,0,G92/$R95) -> 0 | H93: =IF($R95=0,0,H92/$R95) -> 0 | I93: =IF($R95=0,0,I92/$R95) -> 0.264351 | J93: =IF($R95=0,0,J92/$R95) -> 0 | K93: =IF($R95=0,0,K92/$R95) -> 1 | L93: =IF($R95=0,0,L92/$R95) -> 0 | M93: =IF($R95=0,0,M92/$R95) -> 0 | ... U93: =IF($R95=0,0,U92/$R95) -> 0
A94: CONFERÊNCIA POR GRUPO | F94: =IF(SUM(F92:J92)=0,"— não preenchido",IF(ROUND(SUM(F92:J92)-$R95,3)=0,"OK — "&ROUND(SUM(F92:J92),3)&" km","ERRO — dif. de "&ROUND(SUM(F92:J92)-$R95,3)&" km")) -> OK — 72,432 km | K94: =IF(SUM(K92:L92)=0,"— não preenchido",IF(ROUND(SUM(K92:L92)-$R95,3)=0,"OK — "&ROUND(SUM(K92:L92),3)&" km","ERRO — dif. de "&ROUND(SUM(K92:L92)-$R95,3)&" km")) -> OK — 72,432 km | M94: =IF(SUM(M92:O92)=0,"— não preenchido",IF(ROUND(SUM(M92:O92)-$R95,3)=0,"OK — "&ROUND(SUM(M92:O92),3)&" km","ERRO — dif. de "&ROUND(SUM(M92:O92)-$R95,3)&" km")) -> OK — 72,432 km | P94: =IF(SUM(P92:R92)=0,"— não preenchido",IF(ROUND(SUM(P92:R92)-$R95,3)=0,"OK — "&ROUND(SUM(P92:R92),3)&" km","ERRO — dif. de "&ROUND(SUM(P92:R92)-$R95,3)&" km")) -> OK — 72,432 km | S94: =IF(SUM(S92:U92)=0,"— não preenchido",IF(ROUND(SUM(S92:U92)-$R95,3)=0,"OK — "&ROUND(SUM(S92:U92),3)&" km","ERRO — dif. de "&ROUND(SUM(S92:U92)-$R95,3)&" km")) -> OK — 72,432 km
A95: EXTENSÃO TOTAL DO TRECHO | R95: =SUM(E9:E86) -> 72.431781 | V95: =COUNTIF(W9:W86,"OK")&" de "&COUNT($E$9:$E$86)&" linhas conferidas" -> 74 de 74 linhas conferidas
A97: LEGENDA
A98: REM. I. / REM. L. | E98: Remendos isolados (até 10 por km) · Remendos ao longo (mais de 10 por km)
A99: BUR. I. / BUR. L. | E99: Buracos isolados (até 5 por km) · Buracos ao longo (mais de 5 por km)
A100: SIT. | E100: PPS = pista simples · PSU = simples urbana · PDU = duplicada
A101: FAIXA AZUL | E101: Cabeçalho de cada S.R.E.: descrição, situação, jurisdição, extensão e coordenada de início.
A102: INÍCIO / FIM (KM) | E102: Contados de 0 até o fim de CADA S.R.E. Não é o marco quilométrico da rodovia.
A103: SENT. | E103: C = crescente · D = decrescente
A104: FAIXA CINZA | E104: Segmento fora do escopo do contrato: você passa por ele, mas não preenche.
...

Sheet 70
A1: PROGRAMA DE MANUTENÇÃO RODOVIÁRIA — FICHA DE INSPEÇÃO — RODOVIAS PAVIMENTADAS | Y1: Valores dos gráficos — troca 0 por N/D para a fatia não aparecer. Não editar.
A2: REGIÃO: 3 — ARAGUAÍNA II | G2: MÊS / ANO: | I2: =IF('68'!I2="","",'68'!I2) -> 46235 | K2: DATA: | N2: =IF('68'!N2="","",'68'!N2) | P2: TÉCNICO: | R2: ENG. VINICIUS RODRIGUES FERREIRA DE OLIVEIRA | Y2: =IF(F69=0,NA(),F69) -> 50.5733 | Z2: =IF(G69=0,NA(),G69) -> #N/A | AA2: =IF(H69=0,NA(),H69) -> #N/A | AB2: =IF(I69=0,NA(),I69) -> 3 | AC2: =IF(J69=0,NA(),J69) -> 1 | AD2: =IF(K69=0,NA(),K69) -> 54.5733 | AE2: =IF(L69=0,NA(),L69) -> #N/A | AF2: =IF(M69=0,NA(),M69) -> #N/A | ... AN2: =IF(U69=0,NA(),U69) -> #N/A
A3: TRECHO 70 — RODOVIA TO-010 - TRECHO BABAÇULÂNDIA - WANDERLÂNDIA | T3: EXTENSÃO: 54,573 km · 1 S.R.E.
A4: COMO PREENCHER: uma X em UMA coluna de cada grupo, por linha. Se houver mais de um defeito no mesmo km, marque o PREDOMINANTE e escreva o resto em OBSERVAÇÕES. A quilometragem é contada de 0 até o fim de CADA S.R.E. (não é o marco da rodovia).
A6: S.R.E. | B6: SENT. | C6: INÍCIO (KM) | D6: FIM (KM) | E6: EXT. (KM) | F6: CONDIÇÃO DO PAVIMENTO | K6: VEGETAÇÃO | M6: ELEM. DE DRENAGEM | P6: SIN. HORIZ. | S6: SIN. VERTICAL | V6: OBSERVAÇÕES | W6: CONFERÊNCIA (só na tela)
F7: BOM | G7: REM. I. | H7: REM. L. | I7: BUR. I. | J7: BUR. L. | K7: ADEQ. | L7: INAD. | M7: LIMPOS | N7: SUJOS | O7: DAN. | P7: BOM | Q7: REG. | R7: INEXIST. | S7: BOM | T7: POUCAS | U7: INEXIST.
A8: S.R.E. 010ETO0420 | BABAÇULÂNDIA *TRECHO URBANO* - WANDERLÂNDIA *TRECHO URBANO* | PPS · Estadual · 54.573 km · início: -7.191051, -47.784852
A9: 010ETO0420 | B9: C | C9: 0 | D9: 1 | E9: =D9-C9 -> 1 | F9: X | K9: X | N9: X | P9: X | S9: X | W9: =IF(COUNTA(F9:U9)=0,"— não preenchido",IF(COUNTIF(F9:J9,"X")<>1,"FALTA/DUPLA: CONDIÇÃO DO PAVIMENTO",IF(COUNTIF(K9:L9,"X")<>1,"FALTA/DUPLA: VEGETAÇÃO",IF(COUNTIF(M9:O9,"X")<>1,"FALTA/DUPLA: ELEM. DE DRENAGEM",IF(COUNTIF(P9:R9,"X")<>1,"FALTA/DUPLA: SIN. HORIZ.",IF(COUNTIF(S9:U9,"X")<>1,"FALTA/DUPLA: SIN. VERTICAL","OK")))))) -> OK
A10: 010ETO0420 | B10: C | C10: 1 | D10: 2 | E10: =D10-C10 -> 1 | F10: X | K10: X | N10: X | P10: X | S10: X | W10: =IF(COUNTA(F10:U10)=0,"— não preenchido",IF(COUNTIF(F10:J10,"X")<>1,"FALTA/DUPLA: CONDIÇÃO DO PAVIMENTO",IF(COUNTIF(K10:L10,"X")<>1,"FALTA/DUPLA: VEGETAÇÃO",IF(COUNTIF(M10:O10,"X")<>1,"FALTA/DUPLA: ELEM. DE DRENAGEM",IF(COUNTIF(P10:R10,"X")<>1,"FALTA/DUPLA: SIN. HORIZ.",IF(COUNTIF(S10:U10,"X")<>1,"FALTA/DUPLA: SIN. VERTICAL","OK")))))) -> OK
A11: 010ETO0420 | B11: C | C11: 2 | D11: 3 | E11: =D11-C11 -> 1 | F11: X | K11: X | N11: X | P11: X | S11: X | W11: =IF(COUNTA(F11:U11)=0,"— não preenchido",IF(COUNTIF(F11:J11,"X")<>1,"FALTA/DUPLA: CONDIÇÃO DO PAVIMENTO",IF(COUNTIF(K11:L11,"X")<>1,"FALTA/DUPLA: VEGETAÇÃO",IF(COUNTIF(M11:O11,"X")<>1,"FALTA/DUPLA: ELEM. DE DRENAGEM",IF(COUNTIF(P11:R11,"X")<>1,"FALTA/DUPLA: SIN. HORIZ.",IF(COUNTIF(S11:U11,"X")<>1,"FALTA/DUPLA: SIN. VERTICAL","OK")))))) -> OK
A12: 010ETO0420 | B12: C | C12: 3 | D12: 4 | E12: =D12-C12 -> 1 | F12: X | K12: X | N12: X | P12: X | S12: X | W12: =IF(COUNTA(F12:U12)=0,"— não preenchido",IF(COUNTIF(F12:J12,"X")<>1,"FALTA/DUPLA: CONDIÇÃO DO PAVIMENTO",IF(COUNTIF(K12:L12,"X")<>1,"FALTA/DUPLA: VEGETAÇÃO",IF(COUNTIF(M12:O12,"X")<>1,"FALTA/DUPLA: ELEM. DE DRENAGEM",IF(COUNTIF(P12:R12,"X")<>1,"FALTA/DUPLA: SIN. HORIZ.",IF(COUNTIF(S12:U12,"X")<>1,"FALTA/DUPLA: SIN. VERTICAL","OK")))))) -> OK
A13: 010ETO0420 | B13: C | C13: 4 | D13: 5 | E13: =D13-C13 -> 1 | F13: X | K13: X | N13: X | P13: X | S13: X | W13: =IF(COUNTA(F13:U13)=0,"— não preenchido",IF(COUNTIF(F13:J13,"X")<>1,"FALTA/DUPLA: CONDIÇÃO DO PAVIMENTO",IF(COUNTIF(K13:L13,"X")<>1,"FALTA/DUPLA: VEGETAÇÃO",IF(COUNTIF(M13:O13,"X")<>1,"FALTA/DUPLA: ELEM. DE DRENAGEM",IF(COUNTIF(P13:R13,"X")<>1,"FALTA/DUPLA: SIN. HORIZ.",IF(COUNTIF(S13:U13,"X")<>1,"FALTA/DUPLA: SIN. VERTICAL","OK")))))) -> OK
A14: 010ETO0420 | B14: C | C14: 5 | D14: 6 | E14: =D14-C14 -> 1 | F14: X | K14: X | N14: X | P14: X | S14: X | W14: =IF(COUNTA(F14:U14)=0,"— não preenchido",IF(COUNTIF(F14:J14,"X")<>1,"FALTA/DUPLA: CONDIÇÃO DO PAVIMENTO",IF(COUNTIF(K14:L14,"X")<>1,"FALTA/DUPLA: VEGETAÇÃO",IF(COUNTIF(M14:O14,"X")<>1,"FALTA/DUPLA: ELEM. DE DRENAGEM",IF(COUNTIF(P14:R14,"X")<>1,"FALTA/DUPLA: SIN. HORIZ.",IF(COUNTIF(S14:U14,"X")<>1,"FALTA/DUPLA: SIN. VERTICAL","OK")))))) -> OK
A15: 010ETO0420 | B15: C | C15: 6 | D15: 7 | E15: =D15-C15 -> 1 | J15: X | K15: X | N15: X | P15: X | S15: X | W15: =IF(COUNTA(F15:U15)=0,"— não preenchido",IF(COUNTIF(F15:J15,"X")<>1,"FALTA/DUPLA: CONDIÇÃO DO PAVIMENTO",IF(COUNTIF(K15:L15,"X")<>1,"FALTA/DUPLA: VEGETAÇÃO",IF(COUNTIF(M15:O15,"X")<>1,"FALTA/DUPLA: ELEM. DE DRENAGEM",IF(COUNTIF(P15:R15,"X")<>1,"FALTA/DUPLA: SIN. HORIZ.",IF(COUNTIF(S15:U15,"X")<>1,"FALTA/DUPLA: SIN. VERTICAL","OK")))))) -> OK
A16: 010ETO0420 | B16: C | C16: 7 | D16: 8 | E16: =D16-C16 -> 1 | F16: X | K16: X | N16: X | P16: X | S16: X | W16: =IF(COUNTA(F16:U16)=0,"— não preenchido",IF(COUNTIF(F16:J16,"X")<>1,"FALTA/DUPLA: CONDIÇÃO DO PAVIMENTO",IF(COUNTIF(K16:L16,"X")<>1,"FALTA/DUPLA: VEGETAÇÃO",IF(COUNTIF(M16:O16,"X")<>1,"FALTA/DUPLA: ELEM. DE DRENAGEM",IF(COUNTIF(P16:R16,"X")<>1,"FALTA/DUPLA: SIN. HORIZ.",IF(COUNTIF(S16:U16,"X")<>1,"FALTA/DUPLA: SIN. VERTICAL","OK")))))) -> OK
A17: 010ETO0420 | B17: C | C17: 8 | D17: 9 | E17: =D17-C17 -> 1 | F17: X | K17: X | N17: X | P17: X | S17: X | W17: =IF(COUNTA(F17:U17)=0,"— não preenchido",IF(COUNTIF(F17:J17,"X")<>1,"FALTA/DUPLA: CONDIÇÃO DO PAVIMENTO",IF(COUNTIF(K17:L17,"X")<>1,"FALTA/DUPLA: VEGETAÇÃO",IF(COUNTIF(M17:O17,"X")<>1,"FALTA/DUPLA: ELEM. DE DRENAGEM",IF(COUNTIF(P17:R17,"X")<>1,"FALTA/DUPLA: SIN. HORIZ.",IF(COUNTIF(S17:U17,"X")<>1,"FALTA/DUPLA: SIN. VERTICAL","OK")))))) -> OK
A18: 010ETO0420 | B18: C | C18: 9 | D18: 10 | E18: =D18-C18 -> 1 | F18: X | K18: X | N18: X | P18: X | S18: X | W18: =IF(COUNTA(F18:U18)=0,"— não preenchido",IF(COUNTIF(F18:J18,"X")<>1,"FALTA/DUPLA: CONDIÇÃO DO PAVIMENTO",IF(COUNTIF(K18:L18,"X")<>1,"FALTA/DUPLA: VEGETAÇÃO",IF(COUNTIF(M18:O18,"X")<>1,"FALTA/DUPLA: ELEM. DE DRENAGEM",IF(COUNTIF(P18:R18,"X")<>1,"FALTA/DUPLA: SIN. HORIZ.",IF(COUNTIF(S18:U18,"X")<>1,"FALTA/DUPLA: SIN. VERTICAL","OK")))))) -> OK
A19: 010ETO0420 | B19: C | C19: 10 | D19: 11 | E19: =D19-C19 -> 1 | F19: X | K19: X | N19: X | P19: X | S19: X | W19: =IF(COUNTA(F19:U19)=0,"— não preenchido",IF(COUNTIF(F19:J19,"X")<>1,"FALTA/DUPLA: CONDIÇÃO DO PAVIMENTO",IF(COUNTIF(K19:L19,"X")<>1,"FALTA/DUPLA: VEGETAÇÃO",IF(COUNTIF(M19:O19,"X")<>1,"FALTA/DUPLA: ELEM. DE DRENAGEM",IF(COUNTIF(P19:R19,"X")<>1,"FALTA/DUPLA: SIN. HORIZ.",IF(COUNTIF(S19:U19,"X")<>1,"FALTA/DUPLA: SIN. VERTICAL","OK")))))) -> OK
A20: 010ETO0420 | B20: C | C20: 11 | D20: 12 | E20: =D20-C20 -> 1 | F20: X | K20: X | N20: X | P20: X | S20: X | W20: =IF(COUNTA(F20:U20)=0,"— não preenchido",IF(COUNTIF(F20:J20,"X")<>1,"FALTA/DUPLA: CONDIÇÃO DO PAVIMENTO",IF(COUNTIF(K20:L20,"X")<>1,"FALTA/DUPLA: VEGETAÇÃO",IF(COUNTIF(M20:O20,"X")<>1,"FALTA/DUPLA: ELEM. DE DRENAGEM",IF(COUNTIF(P20:R20,"X")<>1,"FALTA/DUPLA: SIN. HORIZ.",IF(COUNTIF(S20:U20,"X")<>1,"FALTA/DUPLA: SIN. VERTICAL","OK")))))) -> OK
A21: 010ETO0420 | B21: C | C21: 12 | D21: 13 | E21: =D21-C21 -> 1 | F21: X | K21: X | N21: X | P21: X | S21: X | W21: =IF(COUNTA(F21:U21)=0,"— não preenchido",IF(COUNTIF(F21:J21,"X")<>1,"FALTA/DUPLA: CONDIÇÃO DO PAVIMENTO",IF(COUNTIF(K21:L21,"X")<>1,"FALTA/DUPLA: VEGETAÇÃO",IF(COUNTIF(M21:O21,"X")<>1,"FALTA/DUPLA: ELEM. DE DRENAGEM",IF(COUNTIF(P21:R21,"X")<>1,"FALTA/DUPLA: SIN. HORIZ.",IF(COUNTIF(S21:U21,"X")<>1,"FALTA/DUPLA: SIN. VERTICAL","OK")))))) -> OK
A22: 010ETO0420 | B22: C | C22: 13 | D22: 14 | E22: =D22-C22 -> 1 | F22: X | K22: X | N22: X | P22: X | S22: X | W22: =IF(COUNTA(F22:U22)=0,"— não preenchido",IF(COUNTIF(F22:J22,"X")<>1,"FALTA/DUPLA: CONDIÇÃO DO PAVIMENTO",IF(COUNTIF(K22:L22,"X")<>1,"FALTA/DUPLA: VEGETAÇÃO",IF(COUNTIF(M22:O22,"X")<>1,"FALTA/DUPLA: ELEM. DE DRENAGEM",IF(COUNTIF(P22:R22,"X")<>1,"FALTA/DUPLA: SIN. HORIZ.",IF(COUNTIF(S22:U22,"X")<>1,"FALTA/DUPLA: SIN. VERTICAL","OK")))))) -> OK
A23: 010ETO0420 | B23: C | C23: 14 | D23: 15 | E23: =D23-C23 -> 1 | I23: X | K23: X | N23: X | P23: X | S23: X | W23: =IF(COUNTA(F23:U23)=0,"— não preenchido",IF(COUNTIF(F23:J23,"X")<>1,"FALTA/DUPLA: CONDIÇÃO DO PAVIMENTO",IF(COUNTIF(K23:L23,"X")<>1,"FALTA/DUPLA: VEGETAÇÃO",IF(COUNTIF(M23:O23,"X")<>1,"FALTA/DUPLA: ELEM. DE DRENAGEM",IF(COUNTIF(P23:R23,"X")<>1,"FALTA/DUPLA: SIN. HORIZ.",IF(COUNTIF(S23:U23,"X")<>1,"FALTA/DUPLA: SIN. VERTICAL","OK")))))) -> OK
A24: 010ETO0420 | B24: C | C24: 15 | D24: 16 | E24: =D24-C24 -> 1 | F24: X | K24: X | N24: X | P24: X | S24: X | W24: =IF(COUNTA(F24:U24)=0,"— não preenchido",IF(COUNTIF(F24:J24,"X")<>1,"FALTA/DUPLA: CONDIÇÃO DO PAVIMENTO",IF(COUNTIF(K24:L24,"X")<>1,"FALTA/DUPLA: VEGETAÇÃO",IF(COUNTIF(M24:O24,"X")<>1,"FALTA/DUPLA: ELEM. DE DRENAGEM",IF(COUNTIF(P24:R24,"X")<>1,"FALTA/DUPLA: SIN. HORIZ.",IF(COUNTIF(S24:U24,"X")<>1,"FALTA/DUPLA: SIN. VERTICAL","OK")))))) -> OK
A25: 010ETO0420 | B25: C | C25: 16 | D25: 17 | E25: =D25-C25 -> 1 | F25: X | K25: X | N25: X | P25: X | S25: X | W25: =IF(COUNTA(F25:U25)=0,"— não preenchido",IF(COUNTIF(F25:J25,"X")<>1,"FALTA/DUPLA: CONDIÇÃO DO PAVIMENTO",IF(COUNTIF(K25:L25,"X")<>1,"FALTA/DUPLA: VEGETAÇÃO",IF(COUNTIF(M25:O25,"X")<>1,"FALTA/DUPLA: ELEM. DE DRENAGEM",IF(COUNTIF(P25:R25,"X")<>1,"FALTA/DUPLA: SIN. HORIZ.",IF(COUNTIF(S25:U25,"X")<>1,"FALTA/DUPLA: SIN. VERTICAL","OK")))))) -> OK
A26: 010ETO0420 | B26: C | C26: 17 | D26: 18 | E26: =D26-C26 -> 1 | F26: X | K26: X | N26: X | P26: X | S26: X | W26: =IF(COUNTA(F26:U26)=0,"— não preenchido",IF(COUNTIF(F26:J26,"X")<>1,"FALTA/DUPLA: CONDIÇÃO DO PAVIMENTO",IF(COUNTIF(K26:L26,"X")<>1,"FALTA/DUPLA: VEGETAÇÃO",IF(COUNTIF(M26:O26,"X")<>1,"FALTA/DUPLA: ELEM. DE DRENAGEM",IF(COUNTIF(P26:R26,"X")<>1,"FALTA/DUPLA: SIN. HORIZ.",IF(COUNTIF(S26:U26,"X")<>1,"FALTA/DUPLA: SIN. VERTICAL","OK")))))) -> OK
A27: 010ETO0420 | B27: C | C27: 18 | D27: 19 | E27: =D27-C27 -> 1 | F27: X | K27: X | N27: X | P27: X | S27: X | W27: =IF(COUNTA(F27:U27)=0,"— não preenchido",IF(COUNTIF(F27:J27,"X")<>1,"FALTA/DUPLA: CONDIÇÃO DO PAVIMENTO",IF(COUNTIF(K27:L27,"X")<>1,"FALTA/DUPLA: VEGETAÇÃO",IF(COUNTIF(M27:O27,"X")<>1,"FALTA/DUPLA: ELEM. DE DRENAGEM",IF(COUNTIF(P27:R27,"X")<>1,"FALTA/DUPLA: SIN. HORIZ.",IF(COUNTIF(S27:U27,"X")<>1,"FALTA/DUPLA: SIN. VERTICAL","OK")))))) -> OK
A28: 010ETO0420 | B28: C | C28: 19 | D28: 20 | E28: =D28-C28 -> 1 | I28: X | K28: X | N28: X | P28: X | S28: X | W28: =IF(COUNTA(F28:U28)=0,"— não preenchido",IF(COUNTIF(F28:J28,"X")<>1,"FALTA/DUPLA: CONDIÇÃO DO PAVIMENTO",IF(COUNTIF(K28:L28,"X")<>1,"FALTA/DUPLA: VEGETAÇÃO",IF(COUNTIF(M28:O28,"X")<>1,"FALTA/DUPLA: ELEM. DE DRENAGEM",IF(COUNTIF(P28:R28,"X")<>1,"FALTA/DUPLA: SIN. HORIZ.",IF(COUNTIF(S28:U28,"X")<>1,"FALTA/DUPLA: SIN. VERTICAL","OK")))))) -> OK
A29: 010ETO0420 | B29: C | C29: 20 | D29: 21 | E29: =D29-C29 -> 1 | F29: X | K29: X | N29: X | P29: X | S29: X | W29: =IF(COUNTA(F29:U29)=0,"— não preenchido",IF(COUNTIF(F29:J29,"X")<>1,"FALTA/DUPLA: CONDIÇÃO DO PAVIMENTO",IF(COUNTIF(K29:L29,"X")<>1,"FALTA/DUPLA: VEGETAÇÃO",IF(COUNTIF(M29:O29,"X")<>1,"FALTA/DUPLA: ELEM. DE DRENAGEM",IF(COUNTIF(P29:R29,"X")<>1,"FALTA/DUPLA: SIN. HORIZ.",IF(COUNTIF(S29:U29,"X")<>1,"FALTA/DUPLA: SIN. VERTICAL","OK")))))) -> OK
A30: 010ETO0420 | B30: C | C30: 21 | D30: 22 | E30: =D30-C30 -> 1 | F30: X | K30: X | N30: X | P30: X | S30: X | W30: =IF(COUNTA(F30:U30)=0,"— não preenchido",IF(COUNTIF(F30:J30,"X")<>1,"FALTA/DUPLA: CONDIÇÃO DO PAVIMENTO",IF(COUNTIF(K30:L30,"X")<>1,"FALTA/DUPLA: VEGETAÇÃO",IF(COUNTIF(M30:O30,"X")<>1,"FALTA/DUPLA: ELEM. DE DRENAGEM",IF(COUNTIF(P30:R30,"X")<>1,"FALTA/DUPLA: SIN. HORIZ.",IF(COUNTIF(S30:U30,"X")<>1,"FALTA/DUPLA: SIN. VERTICAL","OK")))))) -> OK
A31: 010ETO0420 | B31: C | C31: 22 | D31: 23 | E31: =D31-C31 -> 1 | F31: X | K31: X | N31: X | P31: X | S31: X | W31: =IF(COUNTA(F31:U31)=0,"— não preenchido",IF(COUNTIF(F31:J31,"X")<>1,"FALTA/DUPLA: CONDIÇÃO DO PAVIMENTO",IF(COUNTIF(K31:L31,"X")<>1,"FALTA/DUPLA: VEGETAÇÃO",IF(COUNTIF(M31:O31,"X")<>1,"FALTA/DUPLA: ELEM. DE DRENAGEM",IF(COUNTIF(P31:R31,"X")<>1,"FALTA/DUPLA: SIN. HORIZ.",IF(COUNTIF(S31:U31,"X")<>1,"FALTA/DUPLA: SIN. VERTICAL","OK")))))) -> OK
A32: 010ETO0420 | B32: C | C32: 23 | D32: 24 | E32: =D32-C32 -> 1 | F32: X | K32: X | N32: X | P32: X | S32: X | W32: =IF(COUNTA(F32:U32)=0,"— não preenchido",IF(COUNTIF(F32:J32,"X")<>1,"FALTA/DUPLA: CONDIÇÃO DO PAVIMENTO",IF(COUNTIF(K32:L32,"X")<>1,"FALTA/DUPLA: VEGETAÇÃO",IF(COUNTIF(M32:O32,"X")<>1,"FALTA/DUPLA: ELEM. DE DRENAGEM",IF(COUNTIF(P32:R32,"X")<>1,"FALTA/DUPLA: SIN. HORIZ.",IF(COUNTIF(S32:U32,"X")<>1,"FALTA/DUPLA: SIN. VERTICAL","OK")))))) -> OK
A33: 010ETO0420 | B33: C | C33: 24 | D33: 25 | E33: =D33-C33 -> 1 | F33: X | K33: X | N33: X | P33: X | S33: X | W33: =IF(COUNTA(F33:U33)=0,"— não preenchido",IF(COUNTIF(F33:J33,"X")<>1,"FALTA/DUPLA: CONDIÇÃO DO PAVIMENTO",IF(COUNTIF(K33:L33,"X")<>1,"FALTA/DUPLA: VEGETAÇÃO",IF(COUNTIF(M33:O33,"X")<>1,"FALTA/DUPLA: ELEM. DE DRENAGEM",IF(COUNTIF(P33:R33,"X")<>1,"FALTA/DUPLA: SIN. HORIZ.",IF(COUNTIF(S33:U33,"X")<>1,"FALTA/DUPLA: SIN. VERTICAL","OK")))))) -> OK
A34: 010ETO0420 | B34: C | C34: 25 | D34: 26 | E34: =D34-C34 -> 1 | F34: X | K34: X | N34: X | P34: X | S34: X | W34: =IF(COUNTA(F34:U34)=0,"— não preenchido",IF(COUNTIF(F34:J34,"X")<>1,"FALTA/DUPLA: CONDIÇÃO DO PAVIMENTO",IF(COUNTIF(K34:L34,"X")<>1,"FALTA/DUPLA: VEGETAÇÃO",IF(COUNTIF(M34:O34,"X")<>1,"FALTA/DUPLA: ELEM. DE DRENAGEM",IF(COUNTIF(P34:R34,"X")<>1,"FALTA/DUPLA: SIN. HORIZ.",IF(COUNTIF(S34:U34,"X")<>1,"FALTA/DUPLA: SIN. VERTICAL","OK")))))) -> OK
A35: 010ETO0420 | B35: C | C35: 26 | D35: 27 | E35: =D35-C35 -> 1 | F35: X | K35: X | N35: X | P35: X | S35: X | W35: =IF(COUNTA(F35:U35)=0,"— não preenchido",IF(COUNTIF(F35:J35,"X")<>1,"FALTA/DUPLA: CONDIÇÃO DO PAVIMENTO",IF(COUNTIF(K35:L35,"X")<>1,"FALTA/DUPLA: VEGETAÇÃO",IF(COUNTIF(M35:O35,"X")<>1,"FALTA/DUPLA: ELEM. DE DRENAGEM",IF(COUNTIF(P35:R35,"X")<>1,"FALTA/DUPLA: SIN. HORIZ.",IF(COUNTIF(S35:U35,"X")<>1,"FALTA/DUPLA: SIN. VERTICAL","OK")))))) -> OK
A36: 010ETO0420 | B36: C | C36: 27 | D36: 28 | E36: =D36-C36 -> 1 | F36: X | K36: X | N36: X | P36: X | S36: X | W36: =IF(COUNTA(F36:U36)=0,"— não preenchido",IF(COUNTIF(F36:J36,"X")<>1,"FALTA/DUPLA: CONDIÇÃO DO PAVIMENTO",IF(COUNTIF(K36:L36,"X")<>1,"FALTA/DUPLA: VEGETAÇÃO",IF(COUNTIF(M36:O36,"X")<>1,"FALTA/DUPLA: ELEM. DE DRENAGEM",IF(COUNTIF(P36:R36,"X")<>1,"FALTA/DUPLA: SIN. HORIZ.",IF(COUNTIF(S36:U36,"X")<>1,"FALTA/DUPLA: SIN. VERTICAL","OK")))))) -> OK
A37: 010ETO0420 | B37: C | C37: 28 | D37: 29 | E37: =D37-C37 -> 1 | F37: X | K37: X | N37: X | P37: X | S37: X | W37: =IF(COUNTA(F37:U37)=0,"— não preenchido",IF(COUNTIF(F37:J37,"X")<>1,"FALTA/DUPLA: CONDIÇÃO DO PAVIMENTO",IF(COUNTIF(K37:L37,"X")<>1,"FALTA/DUPLA: VEGETAÇÃO",IF(COUNTIF(M37:O37,"X")<>1,"FALTA/DUPLA: ELEM. DE DRENAGEM",IF(COUNTIF(P37:R37,"X")<>1,"FALTA/DUPLA: SIN. HORIZ.",IF(COUNTIF(S37:U37,"X")<>1,"FALTA/DUPLA: SIN. VERTICAL","OK")))))) -> OK
A38: 010ETO0420 | B38: C | C38: 29 | D38: 30 | E38: =D38-C38 -> 1 | F38: X | K38: X | N38: X | P38: X | S38: X | W38: =IF(COUNTA(F38:U38)=0,"— não preenchido",IF(COUNTIF(F38:J38,"X")<>1,"FALTA/DUPLA: CONDIÇÃO DO PAVIMENTO",IF(COUNTIF(K38:L38,"X")<>1,"FALTA/DUPLA: VEGETAÇÃO",IF(COUNTIF(M38:O38,"X")<>1,"FALTA/DUPLA: ELEM. DE DRENAGEM",IF(COUNTIF(P38:R38,"X")<>1,"FALTA/DUPLA: SIN. HORIZ.",IF(COUNTIF(S38:U38,"X")<>1,"FALTA/DUPLA: SIN. VERTICAL","OK")))))) -> OK
A39: 010ETO0420 | B39: C | C39: 30 | D39: 31 | E39: =D39-C39 -> 1 | F39: X | K39: X | N39: X | P39: X | S39: X | W39: =IF(COUNTA(F39:U39)=0,"— não preenchido",IF(COUNTIF(F39:J39,"X")<>1,"FALTA/DUPLA: CONDIÇÃO DO PAVIMENTO",IF(COUNTIF(K39:L39,"X")<>1,"FALTA/DUPLA: VEGETAÇÃO",IF(COUNTIF(M39:O39,"X")<>1,"FALTA/DUPLA: ELEM. DE DRENAGEM",IF(COUNTIF(P39:R39,"X")<>1,"FALTA/DUPLA: SIN. HORIZ.",IF(COUNTIF(S39:U39,"X")<>1,"FALTA/DUPLA: SIN. VERTICAL","OK")))))) -> OK
A40: 010ETO0420 | B40: C | C40: 31 | D40: 32 | E40: =D40-C40 -> 1 | F40: X | K40: X | N40: X | P40: X | S40: X | W40: =IF(COUNTA(F40:U40)=0,"— não preenchido",IF(COUNTIF(F40:J40,"X")<>1,"FALTA/DUPLA: CONDIÇÃO DO PAVIMENTO",IF(COUNTIF(K40:L40,"X")<>1,"FALTA/DUPLA: VEGETAÇÃO",IF(COUNTIF(M40:O40,"X")<>1,"FALTA/DUPLA: ELEM. DE DRENAGEM",IF(COUNTIF(P40:R40,"X")<>1,"FALTA/DUPLA: SIN. HORIZ.",IF(COUNTIF(S40:U40,"X")<>1,"FALTA/DUPLA: SIN. VERTICAL","OK")))))) -> OK
... A42: 010ETO0420 | B42: C | C42: 33 | D42: 34 | E42: =D42-C42 -> 1 | F42: X | K42: X | N42: X | P42: X | S42: X | W42: =IF(COUNTA(F42:U42)=0,"— não preenchido",IF(COUNTIF(F42:J42,"X")<>1,"FALTA/DUPLA: CONDIÇÃO DO PAVIMENTO",IF(COUNTIF(K42:L42,"X")<>1,"FALTA/DUPLA: VEGETAÇÃO",IF(COUNTIF(M42:O42,"X")<>1,"FALTA/DUPLA: ELEM. DE DRENAGEM",IF(COUNTIF(P42:R42,"X")<>1,"FALTA/DUPLA: SIN. HORIZ.",IF(COUNTIF(S42:U42,"X")<>1,"FALTA/DUPLA: SIN. VERTICAL","OK")))))) -> OK
A43: 010ETO0420 | B43: C | C43: 34 | D43: 35 | E43: =D43-C43 -> 1 | I43: X | K43: X | N43: X | P43: X | S43: X | W43: =IF(COUNTA(F43:U43)=0,"— não preenchido",IF(COUNTIF(F43:J43,"X")<>1,"FALTA/DUPLA: CONDIÇÃO DO PAVIMENTO",IF(COUNTIF(K43:L43,"X")<>1,"FALTA/DUPLA: VEGETAÇÃO",IF(COUNTIF(M43:O43,"X")<>1,"FALTA/DUPLA: ELEM. DE DRENAGEM",IF(COUNTIF(P43:R43,"X")<>1,"FALTA/DUPLA: SIN. HORIZ.",IF(COUNTIF(S43:U43,"X")<>1,"FALTA/DUPLA: SIN. VERTICAL","OK")))))) -> OK
A44: 010ETO0420 | B44: C | C44: 35 | D44: 36 | E44: =D44-C44 -> 1 | F44: X | K44: X | N44: X | P44: X | S44: X | W44: =IF(COUNTA(F44:U44)=0,"— não preenchido",IF(COUNTIF(F44:J44,"X")<>1,"FALTA/DUPLA: CONDIÇÃO DO PAVIMENTO",IF(COUNTIF(K44:L44,"X")<>1,"FALTA/DUPLA: VEGETAÇÃO",IF(COUNTIF(M44:O44,"X")<>1,"FALTA/DUPLA: ELEM. DE DRENAGEM",IF(COUNTIF(P44:R44,"X")<>1,"FALTA/DUPLA: SIN. HORIZ.",IF(COUNTIF(S44:U44,"X")<>1,"FALTA/DUPLA: SIN. VERTICAL","OK")))))) -> OK
A45: 010ETO0420 | B45: C | C45: 36 | D45: 37 | E45: =D45-C45 -> 1 | F45: X | K45: X | N45: X | P45: X | S45: X | W45: =IF(COUNTA(F45:U45)=0,"— não preenchido",IF(COUNTIF(F45:J45,"X")<>1,"FALTA/DUPLA: CONDIÇÃO DO PAVIMENTO",IF(COUNTIF(K45:L45,"X")<>1,"FALTA/DUPLA: VEGETAÇÃO",IF(COUNTIF(M45:O45,"X")<>1,"FALTA/DUPLA: ELEM. DE DRENAGEM",IF(COUNTIF(P45:R45,"X")<>1,"FALTA/DUPLA: SIN. HORIZ.",IF(COUNTIF(S45:U45,"X")<>1,"FALTA/DUPLA: SIN. VERTICAL","OK")))))) -> OK
A46: 010ETO0420 | B46: C | C46: 37 | D46: 38 | E46: =D46-C46 -> 1 | F46: X | K46: X | N46: X | P46: X | S46: X | W46: =IF(COUNTA(F46:U46)=0,"— não preenchido",IF(COUNTIF(F46:J46,"X")<>1,"FALTA/DUPLA: CONDIÇÃO DO PAVIMENTO",IF(COUNTIF(K46:L46,"X")<>1,"FALTA/DUPLA: VEGETAÇÃO",IF(COUNTIF(M46:O46,"X")<>1,"FALTA/DUPLA: ELEM. DE DRENAGEM",IF(COUNTIF(P46:R46,"X")<>1,"FALTA/DUPLA: SIN. HORIZ.",IF(COUNTIF(S46:U46,"X")<>1,"FALTA/DUPLA: SIN. VERTICAL","OK")))))) -> OK
A47: 010ETO0420 | B47: C | C47: 38 | D47: 39 | E47: =D47-C47 -> 1 | F47: X | K47: X | N47: X | P47: X | S47: X | W47: =IF(COUNTA(F47:U47)=0,"— não preenchido",IF(COUNTIF(F47:J47,"X")<>1,"FALTA/DUPLA: CONDIÇÃO DO PAVIMENTO",IF(COUNTIF(K47:L47,"X")<>1,"FALTA/DUPLA: VEGETAÇÃO",IF(COUNTIF(M47:O47,"X")<>1,"FALTA/DUPLA: ELEM. DE DRENAGEM",IF(COUNTIF(P47:R47,"X")<>1,"FALTA/DUPLA: SIN. HORIZ.",IF(COUNTIF(S47:U47,"X")<>1,"FALTA/DUPLA: SIN. VERTICAL","OK")))))) -> OK
A48: 010ETO0420 | B48: C | C48: 39 | D48: 40 | E48: =D48-C48 -> 1 | F48: X | K48: X | N48: X | P48: X | S48: X | W48: =IF(COUNTA(F48:U48)=0,"— não preenchido",IF(COUNTIF(F48:J48,"X")<>1,"FALTA/DUPLA: CONDIÇÃO DO PAVIMENTO",IF(COUNTIF(K48:L48,"X")<>1,"FALTA/DUPLA: VEGETAÇÃO",IF(COUNTIF(M48:O48,"X")<>1,"FALTA/DUPLA: ELEM. DE DRENAGEM",IF(COUNTIF(P48:R48,"X")<>1,"FALTA/DUPLA: SIN. HORIZ.",IF(COUNTIF(S48:U48,"X")<>1,"FALTA/DUPLA: SIN. VERTICAL","OK")))))) -> OK
A49: 010ETO0420 | B49: C | C49: 40 | D49: 41 | E49: =D49-C49 -> 1 | F49: X | K49: X | N49: X | P49: X | S49: X | W49: =IF(COUNTA(F49:U49)=0,"— não preenchido",IF(COUNTIF(F49:J49,"X")<>1,"FALTA/DUPLA: CONDIÇÃO DO PAVIMENTO",IF(COUNTIF(K49:L49,"X")<>1,"FALTA/DUPLA: VEGETAÇÃO",IF(COUNTIF(M49:O49,"X")<>1,"FALTA/DUPLA: ELEM. DE DRENAGEM",IF(COUNTIF(P49:R49,"X")<>1,"FALTA/DUPLA: SIN. HORIZ.",IF(COUNTIF(S49:U49,"X")<>1,"FALTA/DUPLA: SIN. VERTICAL","OK")))))) -> OK
A50: 010ETO0420 | B50: C | C50: 41 | D50: 42 | E50: =D50-C50 -> 1 | F50: X | K50: X | N50: X | P50: X | S50: X | W50: =IF(COUNTA(F50:U50)=0,"— não preenchido",IF(COUNTIF(F50:J50,"X")<>1,"FALTA/DUPLA: CONDIÇÃO DO PAVIMENTO",IF(COUNTIF(K50:L50,"X")<>1,"FALTA/DUPLA: VEGETAÇÃO",IF(COUNTIF(M50:O50,"X")<>1,"FALTA/DUPLA: ELEM. DE DRENAGEM",IF(COUNTIF(P50:R50,"X")<>1,"FALTA/DUPLA: SIN. HORIZ.",IF(COUNTIF(S50:U50,"X")<>1,"FALTA/DUPLA: SIN. VERTICAL","OK")))))) -> OK
A51: 010ETO0420 | B51: C | C51: 42 | D51: 43 | E51: =D51-C51 -> 1 | F51: X | K51: X | N51: X | P51: X | S51: X | W51: =IF(COUNTA(F51:U51)=0,"— não preenchido",IF(COUNTIF(F51:J51,"X")<>1,"FALTA/DUPLA: CONDIÇÃO DO PAVIMENTO",IF(COUNTIF(K51:L51,"X")<>1,"FALTA/DUPLA: VEGETAÇÃO",IF(COUNTIF(M51:O51,"X")<>1,"FALTA/DUPLA: ELEM. DE DRENAGEM",IF(COUNTIF(P51:R51,"X")<>1,"FALTA/DUPLA: SIN. HORIZ.",IF(COUNTIF(S51:U51,"X")<>1,"FALTA/DUPLA: SIN. VERTICAL","OK")))))) -> OK
A52: 010ETO0420 | B52: C | C52: 43 | D52: 44 | E52: =D52-C52 -> 1 | F52: X | K52: X | N52: X | P52: X | S52: X | W52: =IF(COUNTA(F52:U52)=0,"— não preenchido",IF(COUNTIF(F52:J52,"X")<>1,"FALTA/DUPLA: CONDIÇÃO DO PAVIMENTO",IF(COUNTIF(K52:L52,"X")<>1,"FALTA/DUPLA: VEGETAÇÃO",IF(COUNTIF(M52:O52,"X")<>1,"FALTA/DUPLA: ELEM. DE DRENAGEM",IF(COUNTIF(P52:R52,"X")<>1,"FALTA/DUPLA: SIN. HORIZ.",IF(COUNTIF(S52:U52,"X")<>1,"FALTA/DUPLA: SIN. VERTICAL","OK")))))) -> OK
A53: 010ETO0420 | B53: C | C53: 44 | D53: 45 | E53: =D53-C53 -> 1 | F53: X | K53: X | N53: X | P53: X | S53: X | W53: =IF(COUNTA(F53:U53)=0,"— não preenchido",IF(COUNTIF(F53:J53,"X")<>1,"FALTA/DUPLA: CONDIÇÃO DO PAVIMENTO",IF(COUNTIF(K53:L53,"X")<>1,"FALTA/DUPLA: VEGETAÇÃO",IF(COUNTIF(M53:O53,"X")<>1,"FALTA/DUPLA: ELEM. DE DRENAGEM",IF(COUNTIF(P53:R53,"X")<>1,"FALTA/DUPLA: SIN. HORIZ.",IF(COUNTIF(S53:U53,"X")<>1,"FALTA/DUPLA: SIN. VERTICAL","OK")))))) -> OK
A54: 010ETO0420 | B54: C | C54: 45 | D54: 46 | E54: =D54-C54 -> 1 | F54: X | K54: X | N54: X | P54: X | S54: X | W54: =IF(COUNTA(F54:U54)=0,"— não preenchido",IF(COUNTIF(F54:J54,"X")<>1,"FALTA/DUPLA: CONDIÇÃO DO PAVIMENTO",IF(COUNTIF(K54:L54,"X")<>1,"FALTA/DUPLA: VEGETAÇÃO",IF(COUNTIF(M54:O54,"X")<>1,"FALTA/DUPLA: ELEM. DE DRENAGEM",IF(COUNTIF(P54:R54,"X")<>1,"FALTA/DUPLA: SIN. HORIZ.",IF(COUNTIF(S54:U54,"X")<>1,"FALTA/DUPLA: SIN. VERTICAL","OK")))))) -> OK
A55: 010ETO0420 | B55: C | C55: 46 | D55: 47 | E55: =D55-C55 -> 1 | F55: X | K55: X | N55: X | P55: X | S55: X | W55: =IF(COUNTA(F55:U55)=0,"— não preenchido",IF(COUNTIF(F55:J55,"X")<>1,"FALTA/DUPLA: CONDIÇÃO DO PAVIMENTO",IF(COUNTIF(K55:L55,"X")<>1,"FALTA/DUPLA: VEGETAÇÃO",IF(COUNTIF(M55:O55,"X")<>1,"FALTA/DUPLA: ELEM. DE DRENAGEM",IF(COUNTIF(P55:R55,"X")<>1,"FALTA/DUPLA: SIN. HORIZ.",IF(COUNTIF(S55:U55,"X")<>1,"FALTA/DUPLA: SIN. VERTICAL","OK")))))) -> OK
... A63: 010ETO0420 | B63: C | C63: 54 | D63: 54.5733 | E63: =D63-C63 -> 0.57329999 | F63: X | K63: X | N63: X | P63: X | S63: X | W63: =IF(COUNTA(F63:U63)=0,"— não preenchido",IF(COUNTIF(F63:J63,"X")<>1,"FALTA/DUPLA: CONDIÇÃO DO PAVIMENTO",IF(COUNTIF(K63:L63,"X")<>1,"FALTA/DUPLA: VEGETAÇÃO",IF(COUNTIF(M63:O63,"X")<>1,"FALTA/DUPLA: ELEM. DE DRENAGEM",IF(COUNTIF(P63:R63,"X")<>1,"FALTA/DUPLA: SIN. HORIZ.",IF(COUNTIF(S63:U63,"X")<>1,"FALTA/DUPLA: SIN. VERTICAL","OK")))))) -> OK
A65: ____________________________________________ | G65: ____________________________________________
A66: TÉCNICO RESPONSÁVEL PELA INSPEÇÃO | G66: VISTO DA SUPERVISÃO
A68: RESUMO DO TRECHO — KM LANÇADO POR ITEM
A69: KM LANÇADO | F69: =SUMIF(F$9:F$63,"X",$E$9:$E$63) -> 50.5733 | G69: =SUMIF(G$9:G$63,"X",$E$9:$E$63) -> 0 | H69: =SUMIF(H$9:H$63,"X",$E$9:$E$63) -> 0 | I69: =SUMIF(I$9:I$63,"X",$E$9:$E$63) -> 3 | J69: =SUMIF(J$9:J$63,"X",$E$9:$E$63) -> 1 | K69: =SUMIF(K$9:K$63,"X",$E$9:$E$63) -> 54.5733 | L69: =SUMIF(L$9:L$63,"X",$E$9:$E$63) -> 0 | M69: =SUMIF(M$9:M$63,"X",$E$9:$E$63) -> 0 | ... U69: =SUMIF(U$9:U$63,"X",$E$9:$E$63) -> 0
A70: % DA EXTENSÃO | F70: =IF($R72=0,0,F69/$R72) -> 0.92670408 | G70: =IF($R72=0,0,G69/$R72) -> 0 | H70: =IF($R72=0,0,H69/$R72) -> 0 | I70: =IF($R72=0,0,I69/$R72) -> 0.054971937 | J70: =IF($R72=0,0,J69/$R72) -> 0.018323979 | K70: =IF($R72=0,0,K69/$R72) -> 1 | L70: =IF($R72=0,0,L69/$R72) -> 0 | M70: =IF($R72=0,0,M69/$R72) -> 0 | ... U70: =IF($R72=0,0,U69/$R72) -> 0
A71: CONFERÊNCIA POR GRUPO | F71: =IF(SUM(F69:J69)=0,"— não preenchido",IF(ROUND(SUM(F69:J69)-$R72,3)=0,"OK — "&ROUND(SUM(F69:J69),3)&" km","ERRO — dif. de "&ROUND(SUM(F69:J69)-$R72,3)&" km")) -> OK — 54,573 km | K71: =IF(SUM(K69:L69)=0,"— não preenchido",IF(ROUND(SUM(K69:L69)-$R72,3)=0,"OK — "&ROUND(SUM(K69:L69),3)&" km","ERRO — dif. de "&ROUND(SUM(K69:L69)-$R72,3)&" km")) -> OK — 54,573 km | M71: =IF(SUM(M69:O69)=0,"— não preenchido",IF(ROUND(SUM(M69:O69)-$R72,3)=0,"OK — "&ROUND(SUM(M69:O69),3)&" km","ERRO — dif. de "&ROUND(SUM(M69:O69)-$R72,3)&" km")) -> OK — 54,573 km | P71: =IF(SUM(P69:R69)=0,"— não preenchido",IF(ROUND(SUM(P69:R69)-$R72,3)=0,"OK — "&ROUND(SUM(P69:R69),3)&" km","ERRO — dif. de "&ROUND(SUM(P69:R69)-$R72,3)&" km")) -> OK — 54,573 km | S71: =IF(SUM(S69:U69)=0,"— não preenchido",IF(ROUND(SUM(S69:U69)-$R72,3)=0,"OK — "&ROUND(SUM(S69:U69),3)&" km","ERRO — dif. de "&ROUND(SUM(S69:U69)-$R72,3)&" km")) -> OK — 54,573 km
A72: EXTENSÃO TOTAL DO TRECHO | R72: =SUM(E9:E63) -> 54.5733 | V72: =COUNTIF(W9:W63,"OK")&" de "&COUNT($E$9:$E$63)&" linhas conferidas" -> 55 de 55 linhas conferidas
A74: LEGENDA
A75: REM. I. / REM. L. | E75: Remendos isolados (até 10 por km) · Remendos ao longo (mais de 10 por km)
A76: BUR. I. / BUR. L. | E76: Buracos isolados (até 5 por km) · Buracos ao longo (mais de 5 por km)
A77: SIT. | E77: PPS = pista simples · PSU = simples urbana · PDU = duplicada
A78: FAIXA AZUL | E78: Cabeçalho de cada S.R.E.: descrição, situação, jurisdição, extensão e coordenada de início.
A79: INÍCIO / FIM (KM) | E79: Contados de 0 até o fim de CADA S.R.E. Não é o marco quilométrico da rodovia.
A80: SENT. | E80: C = crescente · D = decrescente
A81: FAIXA CINZA | E81: Segmento fora do escopo do contrato: você passa por ele, mas não preenche.
A82: CÉLULA VERMELHA | E82: Mais de uma X no mesmo grupo. Apague uma delas.
A83: CONFERÊNCIA | E83: Só na tela, não sai impresso. Fica OK com uma X em cada grupo.

Sheet 71
A1: PROGRAMA DE MANUTENÇÃO RODOVIÁRIA — FICHA DE INSPEÇÃO — RODOVIAS PAVIMENTADAS | Y1: Valores dos gráficos — troca 0 por N/D para a fatia não aparecer. Não editar.
A2: REGIÃO: 3 — ARAGUAÍNA II | G2: MÊS / ANO: | I2: =IF('68'!I2="","",'68'!I2) -> 46235 | K2: DATA: | N2: =IF('68'!N2="","",'68'!N2) | P2: TÉCNICO: | R2: ENG. VINICIUS RODRIGUES FERREIRA DE OLIVEIRA | Y2: =IF(F22=0,NA(),F22) -> 5.606921 | Z2: =IF(G22=0,NA(),G22) -> #N/A | AA2: =IF(H22=0,NA(),H22) -> #N/A | AB2: =IF(I22=0,NA(),I22) -> #N/A | AC2: =IF(J22=0,NA(),J22) -> #N/A | AD2: =IF(K22=0,NA(),K22) -> #N/A | AE2: =IF(L22=0,NA(),L22) -> 5.606921 | AF2: =IF(M22=0,NA(),M22) -> 2.708768 | ... AN2: =IF(U22=0,NA(),U22) -> 2.898153
A3: TRECHO 71 — RODOVIA TO-020 - TRECHO RECURSOLÂNDIA - CAMPOS LINDOS | T3: EXTENSÃO: 5,607 km · 2 S.R.E.
A4: COMO PREENCHER: uma X em UMA coluna de cada grupo, por linha. Se houver mais de um defeito no mesmo km, marque o PREDOMINANTE e escreva o resto em OBSERVAÇÕES. A quilometragem é contada de 0 até o fim de CADA S.R.E. (não é o marco da rodovia).
A6: S.R.E. | B6: SENT. | C6: INÍCIO (KM) | D6: FIM (KM) | E6: EXT. (KM) | F6: CONDIÇÃO DO PAVIMENTO | K6: VEGETAÇÃO | M6: ELEM. DE DRENAGEM | P6: SIN. HORIZ. | S6: SIN. VERTICAL | V6: OBSERVAÇÕES | W6: CONFERÊNCIA (só na tela)
F7: BOM | G7: REM. I. | H7: REM. L. | I7: BUR. I. | J7: BUR. L. | K7: ADEQ. | L7: INAD. | M7: LIMPOS | N7: SUJOS | O7: DAN. | P7: BOM | Q7: REG. | R7: INEXIST. | S7: BOM | T7: POUCAS | U7: INEXIST.
A8: S.R.E. 020ETO0200 | RECURSOLÂNDIA *TRECHO URBANO* - FIM PAVIMENTAÇÃO | PPS · Estadual · 2.898 km · sem coordenada no shape
A9: 020ETO0200 | B9: C | C9: 0 | D9: 1 | E9: =D9-C9 -> 1 | F9: X | L9: X | N9: X | R9: X | U9: X | W9: =IF(COUNTA(F9:U9)=0,"— não preenchido",IF(COUNTIF(F9:J9,"X")<>1,"FALTA/DUPLA: CONDIÇÃO DO PAVIMENTO",IF(COUNTIF(K9:L9,"X")<>1,"FALTA/DUPLA: VEGETAÇÃO",IF(COUNTIF(M9:O9,"X")<>1,"FALTA/DUPLA: ELEM. DE DRENAGEM",IF(COUNTIF(P9:R9,"X")<>1,"FALTA/DUPLA: SIN. HORIZ.",IF(COUNTIF(S9:U9,"X")<>1,"FALTA/DUPLA: SIN. VERTICAL","OK")))))) -> OK
A10: 020ETO0200 | B10: C | C10: 1 | D10: 2 | E10: =D10-C10 -> 1 | F10: X | L10: X | N10: X | R10: X | U10: X | W10: =IF(COUNTA(F10:U10)=0,"— não preenchido",IF(COUNTIF(F10:J10,"X")<>1,"FALTA/DUPLA: CONDIÇÃO DO PAVIMENTO",IF(COUNTIF(K10:L10,"X")<>1,"FALTA/DUPLA: VEGETAÇÃO",IF(COUNTIF(M10:O10,"X")<>1,"FALTA/DUPLA: ELEM. DE DRENAGEM",IF(COUNTIF(P10:R10,"X")<>1,"FALTA/DUPLA: SIN. HORIZ.",IF(COUNTIF(S10:U10,"X")<>1,"FALTA/DUPLA: SIN. VERTICAL","OK")))))) -> OK
A11: 020ETO0200 | B11: C | C11: 2 | D11: 2.898153 | E11: =D11-C11 -> 0.89815297 | F11: X | L11: X | N11: X | R11: X | U11: X | W11: =IF(COUNTA(F11:U11)=0,"— não preenchido",IF(COUNTIF(F11:J11,"X")<>1,"FALTA/DUPLA: CONDIÇÃO DO PAVIMENTO",IF(COUNTIF(K11:L11,"X")<>1,"FALTA/DUPLA: VEGETAÇÃO",IF(COUNTIF(M11:O11,"X")<>1,"FALTA/DUPLA: ELEM. DE DRENAGEM",IF(COUNTIF(P11:R11,"X")<>1,"FALTA/DUPLA: SIN. HORIZ.",IF(COUNTIF(S11:U11,"X")<>1,"FALTA/DUPLA: SIN. VERTICAL","OK")))))) -> OK
A12: ▲ AQUI HÁ 148.408 km FORA DO ESCOPO DO CONTRATO (perímetro urbano de jurisdição municipal). Você passa por ele, mas NÃO preenche.
A13: S.R.E. 020ETO0215 | NICIO PAVIMENTACAO (CAMPOS LINDOS) - ENTR. TO-226 | PPS · Estadual · 2.709 km · início: -7.965561, -46.809144
A14: 020ETO0215 | B14: C | C14: 0 | D14: 1 | E14: =D14-C14 -> 1 | F14: X | L14: X | M14: X | Q14: X | T14: X | W14: =IF(COUNTA(F14:U14)=0,"— não preenchido",IF(COUNTIF(F14:J14,"X")<>1,"FALTA/DUPLA: CONDIÇÃO DO PAVIMENTO",IF(COUNTIF(K14:L14,"X")<>1,"FALTA/DUPLA: VEGETAÇÃO",IF(COUNTIF(M14:O14,"X")<>1,"FALTA/DUPLA: ELEM. DE DRENAGEM",IF(COUNTIF(P14:R14,"X")<>1,"FALTA/DUPLA: SIN. HORIZ.",IF(COUNTIF(S14:U14,"X")<>1,"FALTA/DUPLA: SIN. VERTICAL","OK")))))) -> OK
A15: 020ETO0215 | B15: C | C15: 1 | D15: 2 | E15: =D15-C15 -> 1 | F15: X | L15: X | M15: X | Q15: X | T15: X | W15: =IF(COUNTA(F15:U15)=0,"— não preenchido",IF(COUNTIF(F15:J15,"X")<>1,"FALTA/DUPLA: CONDIÇÃO DO PAVIMENTO",IF(COUNTIF(K15:L15,"X")<>1,"FALTA/DUPLA: VEGETAÇÃO",IF(COUNTIF(M15:O15,"X")<>1,"FALTA/DUPLA: ELEM. DE DRENAGEM",IF(COUNTIF(P15:R15,"X")<>1,"FALTA/DUPLA: SIN. HORIZ.",IF(COUNTIF(S15:U15,"X")<>1,"FALTA/DUPLA: SIN. VERTICAL","OK")))))) -> OK
A16: 020ETO0215 | B16: C | C16: 2 | D16: 2.708768 | E16: =D16-C16 -> 0.70876802 | F16: X | L16: X | M16: X | Q16: X | T16: X | W16: =IF(COUNTA(F16:U16)=0,"— não preenchido",IF(COUNTIF(F16:J16,"X")<>1,"FALTA/DUPLA: CONDIÇÃO DO PAVIMENTO",IF(COUNTIF(K16:L16,"X")<>1,"FALTA/DUPLA: VEGETAÇÃO",IF(COUNTIF(M16:O16,"X")<>1,"FALTA/DUPLA: ELEM. DE DRENAGEM",IF(COUNTIF(P16:R16,"X")<>1,"FALTA/DUPLA: SIN. HORIZ.",IF(COUNTIF(S16:U16,"X")<>1,"FALTA/DUPLA: SIN. VERTICAL","OK")))))) -> OK
A18: ____________________________________________ | G18: ____________________________________________
A19: TÉCNICO RESPONSÁVEL PELA INSPEÇÃO | G19: VISTO DA SUPERVISÃO
A21: RESUMO DO TRECHO — KM LANÇADO POR ITEM
A22: KM LANÇADO | F22: =SUMIF(F$9:F$16,"X",$E$9:$E$16) -> 5.606921 | G22: =SUMIF(G$9:G$16,"X",$E$9:$E$16) -> 0 | H22: =SUMIF(H$9:H$16,"X",$E$9:$E$16) -> 0 | I22: =SUMIF(I$9:I$16,"X",$E$9:$E$16) -> 0 | J22: =SUMIF(J$9:J$16,"X",$E$9:$E$16) -> 0 | K22: =SUMIF(K$9:K$16,"X",$E$9:$E$16) -> 0 | L22: =SUMIF(L$9:L$16,"X",$E$9:$E$16) -> 5.606921 | M22: =SUMIF(M$9:M$16,"X",$E$9:$E$16) -> 2.708768 | ... U22: =SUMIF(U$9:U$16,"X",$E$9:$E$16) -> 2.898153
A23: % DA EXTENSÃO | F23: =IF($R25=0,0,F22/$R25) -> 1 | G23: =IF($R25=0,0,G22/$R25) -> 0 | H23: =IF($R25=0,0,H22/$R25) -> 0 | I23: =IF($R25=0,0,I22/$R25) -> 0 | J23: =IF($R25=0,0,J22/$R25) -> 0 | K23: =IF($R25=0,0,K22/$R25) -> 0 | L23: =IF($R25=0,0,L22/$R25) -> 1 | M23: =IF($R25=0,0,M22/$R25) -> 0.4831115 | ... U23: =IF($R25=0,0,U22/$R25) -> 0.5168885
A24: CONFERÊNCIA POR GRUPO | F24: =IF(SUM(F22:J22)=0,"— não preenchido",IF(ROUND(SUM(F22:J22)-$R25,3)=0,"OK — "&ROUND(SUM(F22:J22),3)&" km","ERRO — dif. de "&ROUND(SUM(F22:J22)-$R25,3)&" km")) -> OK — 5,607 km | K24: =IF(SUM(K22:L22)=0,"— não preenchido",IF(ROUND(SUM(K22:L22)-$R25,3)=0,"OK — "&ROUND(SUM(K22:L22),3)&" km","ERRO — dif. de "&ROUND(SUM(K22:L22)-$R25,3)&" km")) -> OK — 5,607 km | M24: =IF(SUM(M22:O22)=0,"— não preenchido",IF(ROUND(SUM(M22:O22)-$R25,3)=0,"OK — "&ROUND(SUM(M22:O22),3)&" km","ERRO — dif. de "&ROUND(SUM(M22:O22)-$R25,3)&" km")) -> OK — 5,607 km | P24: =IF(SUM(P22:R22)=0,"— não preenchido",IF(ROUND(SUM(P22:R22)-$R25,3)=0,"OK — "&ROUND(SUM(P22:R22),3)&" km","ERRO — dif. de "&ROUND(SUM(P22:R22)-$R25,3)&" km")) -> OK — 5,607 km | S24: =IF(SUM(S22:U22)=0,"— não preenchido",IF(ROUND(SUM(S22:U22)-$R25,3)=0,"OK — "&ROUND(SUM(S22:U22),3)&" km","ERRO — dif. de "&ROUND(SUM(S22:U22)-$R25,3)&" km")) -> OK — 5,607 km
A25: EXTENSÃO TOTAL DO TRECHO | R25: =SUM(E9:E16) -> 5.606921 | V25: =COUNTIF(W9:W16,"OK")&" de "&COUNT($E$9:$E$16)&" linhas conferidas" -> 6 de 6 linhas conferidas
A27: LEGENDA
A28: REM. I. / REM. L. | E28: Remendos isolados (até 10 por km) · Remendos ao longo (mais de 10 por km)
A29: BUR. I. / BUR. L. | E29: Buracos isolados (até 5 por km) · Buracos ao longo (mais de 5 por km)
A30: SIT. | E30: PPS = pista simples · PSU = simples urbana · PDU = duplicada
A31: FAIXA AZUL | E31: Cabeçalho de cada S.R.E.: descrição, situação, jurisdição, extensão e coordenada de início.
A32: INÍCIO / FIM (KM) | E32: Contados de 0 até o fim de CADA S.R.E. Não é o marco quilométrico da rodovia.
A33: SENT. | E33: C = crescente · D = decrescente
A34: FAIXA CINZA | E34: Segmento fora do escopo do contrato: você passa por ele, mas não preenche.
A35: CÉLULA VERMELHA | E35: Mais de uma X no mesmo grupo. Apague uma delas.
A36: CONFERÊNCIA | E36: Só na tela, não sai impresso. Fica OK com uma X em cada grupo.

Sheet 73
A1: PROGRAMA DE MANUTENÇÃO RODOVIÁRIA — FICHA DE INSPEÇÃO — RODOVIAS PAVIMENTADAS | Y1: Valores dos gráficos — troca 0 por N/D para a fatia não aparecer. Não editar.
A2: REGIÃO: 3 — ARAGUAÍNA II | G2: MÊS / ANO: | I2: =IF('68'!I2="","",'68'!I2) -> 46235 | K2: DATA: | N2: =IF('68'!N2="","",'68'!N2) | P2: TÉCNICO: | R2: ENG. VINICIUS RODRIGUES FERREIRA DE OLIVEIRA | Y2: =IF(F67=0,NA(),F67) -> 34.951989 | Z2: =IF(G67=0,NA(),G67) -> #N/A | AA2: =IF(H67=0,NA(),H67) -> #N/A | AB2: =IF(I67=0,NA(),I67) -> 10 | AC2: =IF(J67=0,NA(),J67) -> 4.0115949 | AD2: =IF(K67=0,NA(),K67) -> 48.963584 | AE2: =IF(L67=0,NA(),L67) -> #N/A | AF2: =IF(M67=0,NA(),M67) -> 10 | ... AN2: =IF(U67=0,NA(),U67) -> #N/A
A3: TRECHO 73 — RODOVIA TO-130 - TRECHO ENTR. TO-010 - TRECHO BARRA DO OURO - ENTR. BR-010 (POVOADO MORRO GRANDE) | T3: EXTENSÃO: 48,964 km · 3 S.R.E.
A4: COMO PREENCHER: uma X em UMA coluna de cada grupo, por linha. Se houver mais de um defeito no mesmo km, marque o PREDOMINANTE e escreva o resto em OBSERVAÇÕES. A quilometragem é contada de 0 até o fim de CADA S.R.E. (não é o marco da rodovia).
A6: S.R.E. | B6: SENT. | C6: INÍCIO (KM) | D6: FIM (KM) | E6: EXT. (KM) | F6: CONDIÇÃO DO PAVIMENTO | K6: VEGETAÇÃO | M6: ELEM. DE DRENAGEM | P6: SIN. HORIZ. | S6: SIN. VERTICAL | V6: OBSERVAÇÕES | W6: CONFERÊNCIA (só na tela)
F7: BOM | G7: REM. I. | H7: REM. L. | I7: BUR. I. | J7: BUR. L. | K7: ADEQ. | L7: INAD. | M7: LIMPOS | N7: SUJOS | O7: DAN. | P7: BOM | Q7: REG. | R7: INEXIST. | S7: BOM | T7: POUCAS | U7: INEXIST.
A8: S.R.E. 130ETO0040 | ENTR. TO-010 - TRECHO BARRA DO OURO | PPS · Estadual · 25.200 km · início: -7.604511, -47.842373
A9: 130ETO0040 | B9: C | C9: 0 | D9: 1 | E9: =D9-C9 -> 1 | F9: X | K9: X | N9: X | R9: X | T9: X | W9: =IF(COUNTA(F9:U9)=0,"— não preenchido",IF(COUNTIF(F9:J9,"X")<>1,"FALTA/DUPLA: CONDIÇÃO DO PAVIMENTO",IF(COUNTIF(K9:L9,"X")<>1,"FALTA/DUPLA: VEGETAÇÃO",IF(COUNTIF(M9:O9,"X")<>1,"FALTA/DUPLA: ELEM. DE DRENAGEM",IF(COUNTIF(P9:R9,"X")<>1,"FALTA/DUPLA: SIN. HORIZ.",IF(COUNTIF(S9:U9,"X")<>1,"FALTA/DUPLA: SIN. VERTICAL","OK")))))) -> OK
A10: 130ETO0040 | B10: C | C10: 1 | D10: 2 | E10: =D10-C10 -> 1 | F10: X | K10: X | N10: X | R10: X | T10: X | W10: =IF(COUNTA(F10:U10)=0,"— não preenchido",IF(COUNTIF(F10:J10,"X")<>1,"FALTA/DUPLA: CONDIÇÃO DO PAVIMENTO",IF(COUNTIF(K10:L10,"X")<>1,"FALTA/DUPLA: VEGETAÇÃO",IF(COUNTIF(M10:O10,"X")<>1,"FALTA/DUPLA: ELEM. DE DRENAGEM",IF(COUNTIF(P10:R10,"X")<>1,"FALTA/DUPLA: SIN. HORIZ.",IF(COUNTIF(S10:U10,"X")<>1,"FALTA/DUPLA: SIN. VERTICAL","OK")))))) -> OK
A11: 130ETO0040 | B11: C | C11: 2 | D11: 3 | E11: =D11-C11 -> 1 | F11: X | K11: X | N11: X | R11: X | T11: X | W11: =IF(COUNTA(F11:U11)=0,"— não preenchido",IF(COUNTIF(F11:J11,"X")<>1,"FALTA/DUPLA: CONDIÇÃO DO PAVIMENTO",IF(COUNTIF(K11:L11,"X")<>1,"FALTA/DUPLA: VEGETAÇÃO",IF(COUNTIF(M11:O11,"X")<>1,"FALTA/DUPLA: ELEM. DE DRENAGEM",IF(COUNTIF(P11:R11,"X")<>1,"FALTA/DUPLA: SIN. HORIZ.",IF(COUNTIF(S11:U11,"X")<>1,"FALTA/DUPLA: SIN. VERTICAL","OK")))))) -> OK
A12: 130ETO0040 | B12: C | C12: 3 | D12: 4 | E12: =D12-C12 -> 1 | F12: X | K12: X | N12: X | R12: X | T12: X | W12: =IF(COUNTA(F12:U12)=0,"— não preenchido",IF(COUNTIF(F12:J12,"X")<>1,"FALTA/DUPLA: CONDIÇÃO DO PAVIMENTO",IF(COUNTIF(K12:L12,"X")<>1,"FALTA/DUPLA: VEGETAÇÃO",IF(COUNTIF(M12:O12,"X")<>1,"FALTA/DUPLA: ELEM. DE DRENAGEM",IF(COUNTIF(P12:R12,"X")<>1,"FALTA/DUPLA: SIN. HORIZ.",IF(COUNTIF(S12:U12,"X")<>1,"FALTA/DUPLA: SIN. VERTICAL","OK")))))) -> OK
A13: 130ETO0040 | B13: C | C13: 4 | D13: 5 | E13: =D13-C13 -> 1 | F13: X | K13: X | N13: X | R13: X | T13: X | W13: =IF(COUNTA(F13:U13)=0,"— não preenchido",IF(COUNTIF(F13:J13,"X")<>1,"FALTA/DUPLA: CONDIÇÃO DO PAVIMENTO",IF(COUNTIF(K13:L13,"X")<>1,"FALTA/DUPLA: VEGETAÇÃO",IF(COUNTIF(M13:O13,"X")<>1,"FALTA/DUPLA: ELEM. DE DRENAGEM",IF(COUNTIF(P13:R13,"X")<>1,"FALTA/DUPLA: SIN. HORIZ.",IF(COUNTIF(S13:U13,"X")<>1,"FALTA/DUPLA: SIN. VERTICAL","OK")))))) -> OK
A14: 130ETO0040 | B14: C | C14: 5 | D14: 6 | E14: =D14-C14 -> 1 | F14: X | K14: X | N14: X | R14: X | T14: X | W14: =IF(COUNTA(F14:U14)=0,"— não preenchido",IF(COUNTIF(F14:J14,"X")<>1,"FALTA/DUPLA: CONDIÇÃO DO PAVIMENTO",IF(COUNTIF(K14:L14,"X")<>1,"FALTA/DUPLA: VEGETAÇÃO",IF(COUNTIF(M14:O14,"X")<>1,"FALTA/DUPLA: ELEM. DE DRENAGEM",IF(COUNTIF(P14:R14,"X")<>1,"FALTA/DUPLA: SIN. HORIZ.",IF(COUNTIF(S14:U14,"X")<>1,"FALTA/DUPLA: SIN. VERTICAL","OK")))))) -> OK
A15: 130ETO0040 | B15: C | C15: 6 | D15: 7 | E15: =D15-C15 -> 1 | F15: X | K15: X | N15: X | R15: X | T15: X | W15: =IF(COUNTA(F15:U15)=0,"— não preenchido",IF(COUNTIF(F15:J15,"X")<>1,"FALTA/DUPLA: CONDIÇÃO DO PAVIMENTO",IF(COUNTIF(K15:L15,"X")<>1,"FALTA/DUPLA: VEGETAÇÃO",IF(COUNTIF(M15:O15,"X")<>1,"FALTA/DUPLA: ELEM. DE DRENAGEM",IF(COUNTIF(P15:R15,"X")<>1,"FALTA/DUPLA: SIN. HORIZ.",IF(COUNTIF(S15:U15,"X")<>1,"FALTA/DUPLA: SIN. VERTICAL","OK")))))) -> OK
A16: 130ETO0040 | B16: C | C16: 7 | D16: 8 | E16: =D16-C16 -> 1 | F16: X | K16: X | N16: X | R16: X | T16: X | W16: =IF(COUNTA(F16:U16)=0,"— não preenchido",IF(COUNTIF(F16:J16,"X")<>1,"FALTA/DUPLA: CONDIÇÃO DO PAVIMENTO",IF(COUNTIF(K16:L16,"X")<>1,"FALTA/DUPLA: VEGETAÇÃO",IF(COUNTIF(M16:O16,"X")<>1,"FALTA/DUPLA: ELEM. DE DRENAGEM",IF(COUNTIF(P16:R16,"X")<>1,"FALTA/DUPLA: SIN. HORIZ.",IF(COUNTIF(S16:U16,"X")<>1,"FALTA/DUPLA: SIN. VERTICAL","OK")))))) -> OK
A17: 130ETO0040 | B17: C | C17: 8 | D17: 9 | E17: =D17-C17 -> 1 | F17: X | K17: X | N17: X | R17: X | T17: X | W17: =IF(COUNTA(F17:U17)=0,"— não preenchido",IF(COUNTIF(F17:J17,"X")<>1,"FALTA/DUPLA: CONDIÇÃO DO PAVIMENTO",IF(COUNTIF(K17:L17,"X")<>1,"FALTA/DUPLA: VEGETAÇÃO",IF(COUNTIF(M17:O17,"X")<>1,"FALTA/DUPLA: ELEM. DE DRENAGEM",IF(COUNTIF(P17:R17,"X")<>1,"FALTA/DUPLA: SIN. HORIZ.",IF(COUNTIF(S17:U17,"X")<>1,"FALTA/DUPLA: SIN. VERTICAL","OK")))))) -> OK
A18: 130ETO0040 | B18: C | C18: 9 | D18: 10 | E18: =D18-C18 -> 1 | F18: X | K18: X | N18: X | R18: X | T18: X | W18: =IF(COUNTA(F18:U18)=0,"— não preenchido",IF(COUNTIF(F18:J18,"X")<>1,"FALTA/DUPLA: CONDIÇÃO DO PAVIMENTO",IF(COUNTIF(K18:L18,"X")<>1,"FALTA/DUPLA: VEGETAÇÃO",IF(COUNTIF(M18:O18,"X")<>1,"FALTA/DUPLA: ELEM. DE DRENAGEM",IF(COUNTIF(P18:R18,"X")<>1,"FALTA/DUPLA: SIN. HORIZ.",IF(COUNTIF(S18:U18,"X")<>1,"FALTA/DUPLA: SIN. VERTICAL","OK")))))) -> OK
A19: 130ETO0040 | B19: C | C19: 10 | D19: 11 | E19: =D19-C19 -> 1 | F19: X | K19: X | N19: X | R19: X | T19: X | W19: =IF(COUNTA(F19:U19)=0,"— não preenchido",IF(COUNTIF(F19:J19,"X")<>1,"FALTA/DUPLA: CONDIÇÃO DO PAVIMENTO",IF(COUNTIF(K19:L19,"X")<>1,"FALTA/DUPLA: VEGETAÇÃO",IF(COUNTIF(M19:O19,"X")<>1,"FALTA/DUPLA: ELEM. DE DRENAGEM",IF(COUNTIF(P19:R19,"X")<>1,"FALTA/DUPLA: SIN. HORIZ.",IF(COUNTIF(S19:U19,"X")<>1,"FALTA/DUPLA: SIN. VERTICAL","OK")))))) -> OK
A20: 130ETO0040 | B20: C | C20: 11 | D20: 12 | E20: =D20-C20 -> 1 | F20: X | K20: X | N20: X | R20: X | T20: X | W20: =IF(COUNTA(F20:U20)=0,"— não preenchido",IF(COUNTIF(F20:J20,"X")<>1,"FALTA/DUPLA: CONDIÇÃO DO PAVIMENTO",IF(COUNTIF(K20:L20,"X")<>1,"FALTA/DUPLA: VEGETAÇÃO",IF(COUNTIF(M20:O20,"X")<>1,"FALTA/DUPLA: ELEM. DE DRENAGEM",IF(COUNTIF(P20:R20,"X")<>1,"FALTA/DUPLA: SIN. HORIZ.",IF(COUNTIF(S20:U20,"X")<>1,"FALTA/DUPLA: SIN. VERTICAL","OK")))))) -> OK
... A34: 130ETO0040 | B34: C | C34: 25 | D34: 25.199964 | E34: =D34-C34 -> 0.19996404 | F34: X | K34: X | N34: X | R34: X | T34: X | W34: =IF(COUNTA(F34:U34)=0,"— não preenchido",IF(COUNTIF(F34:J34,"X")<>1,"FALTA/DUPLA: CONDIÇÃO DO PAVIMENTO",IF(COUNTIF(K34:L34,"X")<>1,"FALTA/DUPLA: VEGETAÇÃO",IF(COUNTIF(M34:O34,"X")<>1,"FALTA/DUPLA: ELEM. DE DRENAGEM",IF(COUNTIF(P34:R34,"X")<>1,"FALTA/DUPLA: SIN. HORIZ.",IF(COUNTIF(S34:U34,"X")<>1,"FALTA/DUPLA: SIN. VERTICAL","OK")))))) -> OK
A35: S.R.E. 130ETO0060 | BARRA DO OURO - ENTR. TO-425 | PPS · Estadual · 3.752 km · início: -7.713372, -47.65921
A36: 130ETO0060 | B36: C | C36: 0 | D36: 1 | E36: =D36-C36 -> 1 | I36: X | K36: X | N36: X | P36: X | S36: X | W36: =IF(COUNTA(F36:U36)=0,"— não preenchido",IF(COUNTIF(F36:J36,"X")<>1,"FALTA/DUPLA: CONDIÇÃO DO PAVIMENTO",IF(COUNTIF(K36:L36,"X")<>1,"FALTA/DUPLA: VEGETAÇÃO",IF(COUNTIF(M36:O36,"X")<>1,"FALTA/DUPLA: ELEM. DE DRENAGEM",IF(COUNTIF(P36:R36,"X")<>1,"FALTA/DUPLA: SIN. HORIZ.",IF(COUNTIF(S36:U36,"X")<>1,"FALTA/DUPLA: SIN. VERTICAL","OK")))))) -> OK
A37: 130ETO0060 | B37: C | C37: 1 | D37: 2 | E37: =D37-C37 -> 1 | I37: X | K37: X | N37: X | P37: X | S37: X | W37: =IF(COUNTA(F37:U37)=0,"— não preenchido",IF(COUNTIF(F37:J37,"X")<>1,"FALTA/DUPLA: CONDIÇÃO DO PAVIMENTO",IF(COUNTIF(K37:L37,"X")<>1,"FALTA/DUPLA: VEGETAÇÃO",IF(COUNTIF(M37:O37,"X")<>1,"FALTA/DUPLA: ELEM. DE DRENAGEM",IF(COUNTIF(P37:R37,"X")<>1,"FALTA/DUPLA: SIN. HORIZ.",IF(COUNTIF(S37:U37,"X")<>1,"FALTA/DUPLA: SIN. VERTICAL","OK")))))) -> OK
A38: 130ETO0060 | B38: C | C38: 2 | D38: 3 | E38: =D38-C38 -> 1 | F38: X | K38: X | N38: X | P38: X | S38: X | W38: =IF(COUNTA(F38:U38)=0,"— não preenchido",IF(COUNTIF(F38:J38,"X")<>1,"FALTA/DUPLA: CONDIÇÃO DO PAVIMENTO",IF(COUNTIF(K38:L38,"X")<>1,"FALTA/DUPLA: VEGETAÇÃO",IF(COUNTIF(M38:O38,"X")<>1,"FALTA/DUPLA: ELEM. DE DRENAGEM",IF(COUNTIF(P38:R38,"X")<>1,"FALTA/DUPLA: SIN. HORIZ.",IF(COUNTIF(S38:U38,"X")<>1,"FALTA/DUPLA: SIN. VERTICAL","OK")))))) -> OK
A39: 130ETO0060 | B39: C | C39: 3 | D39: 3.7520251 | E39: =D39-C39 -> 0.75202508 | F39: X | K39: X | N39: X | P39: X | S39: X | W39: =IF(COUNTA(F39:U39)=0,"— não preenchido",IF(COUNTIF(F39:J39,"X")<>1,"FALTA/DUPLA: CONDIÇÃO DO PAVIMENTO",IF(COUNTIF(K39:L39,"X")<>1,"FALTA/DUPLA: VEGETAÇÃO",IF(COUNTIF(M39:O39,"X")<>1,"FALTA/DUPLA: ELEM. DE DRENAGEM",IF(COUNTIF(P39:R39,"X")<>1,"FALTA/DUPLA: SIN. HORIZ.",IF(COUNTIF(S39:U39,"X")<>1,"FALTA/DUPLA: SIN. VERTICAL","OK")))))) -> OK
A40: S.R.E. 130ETO0070 | ENTR. TO-425 - TRECHO MORRO GRANDE *TRECHO URBANO* | PPS · Estadual · 20.012 km · início: -7.719866, -47.641908
A41: 130ETO0070 | B41: C | C41: 0 | D41: 1 | E41: =D41-C41 -> 1 | F41: X | K41: X | N41: X | P41: X | S41: X | W41: =IF(COUNTA(F41:U41)=0,"— não preenchido",IF(COUNTIF(F41:J41,"X")<>1,"FALTA/DUPLA: CONDIÇÃO DO PAVIMENTO",IF(COUNTIF(K41:L41,"X")<>1,"FALTA/DUPLA: VEGETAÇÃO",IF(COUNTIF(M41:O41,"X")<>1,"FALTA/DUPLA: ELEM. DE DRENAGEM",IF(COUNTIF(P41:R41,"X")<>1,"FALTA/DUPLA: SIN. HORIZ.",IF(COUNTIF(S41:U41,"X")<>1,"FALTA/DUPLA: SIN. VERTICAL","OK")))))) -> OK
A42: 130ETO0070 | B42: C | C42: 1 | D42: 2 | E42: =D42-C42 -> 1 | I42: X | K42: X | N42: X | P42: X | S42: X | W42: =IF(COUNTA(F42:U42)=0,"— não preenchido",IF(COUNTIF(F42:J42,"X")<>1,"FALTA/DUPLA: CONDIÇÃO DO PAVIMENTO",IF(COUNTIF(K42:L42,"X")<>1,"FALTA/DUPLA: VEGETAÇÃO",IF(COUNTIF(M42:O42,"X")<>1,"FALTA/DUPLA: ELEM. DE DRENAGEM",IF(COUNTIF(P42:R42,"X")<>1,"FALTA/DUPLA: SIN. HORIZ.",IF(COUNTIF(S42:U42,"X")<>1,"FALTA/DUPLA: SIN. VERTICAL","OK")))))) -> OK
A43: 130ETO0070 | B43: C | C43: 2 | D43: 3 | E43: =D43-C43 -> 1 | I43: X | K43: X | N43: X | P43: X | S43: X | W43: =IF(COUNTA(F43:U43)=0,"— não preenchido",IF(COUNTIF(F43:J43,"X")<>1,"FALTA/DUPLA: CONDIÇÃO DO PAVIMENTO",IF(COUNTIF(K43:L43,"X")<>1,"FALTA/DUPLA: VEGETAÇÃO",IF(COUNTIF(M43:O43,"X")<>1,"FALTA/DUPLA: ELEM. DE DRENAGEM",IF(COUNTIF(P43:R43,"X")<>1,"FALTA/DUPLA: SIN. HORIZ.",IF(COUNTIF(S43:U43,"X")<>1,"FALTA/DUPLA: SIN. VERTICAL","OK")))))) -> OK
A44: 130ETO0070 | B44: C | C44: 3 | D44: 4 | E44: =D44-C44 -> 1 | I44: X | K44: X | M44: X | P44: X | S44: X | W44: =IF(COUNTA(F44:U44)=0,"— não preenchido",IF(COUNTIF(F44:J44,"X")<>1,"FALTA/DUPLA: CONDIÇÃO DO PAVIMENTO",IF(COUNTIF(K44:L44,"X")<>1,"FALTA/DUPLA: VEGETAÇÃO",IF(COUNTIF(M44:O44,"X")<>1,"FALTA/DUPLA: ELEM. DE DRENAGEM",IF(COUNTIF(P44:R44,"X")<>1,"FALTA/DUPLA: SIN. HORIZ.",IF(COUNTIF(S44:U44,"X")<>1,"FALTA/DUPLA: SIN. VERTICAL","OK")))))) -> OK
A45: 130ETO0070 | B45: C | C45: 4 | D45: 5 | E45: =D45-C45 -> 1 | J45: X | K45: X | M45: X | P45: X | S45: X | W45: =IF(COUNTA(F45:U45)=0,"— não preenchido",IF(COUNTIF(F45:J45,"X")<>1,"FALTA/DUPLA: CONDIÇÃO DO PAVIMENTO",IF(COUNTIF(K45:L45,"X")<>1,"FALTA/DUPLA: VEGETAÇÃO",IF(COUNTIF(M45:O45,"X")<>1,"FALTA/DUPLA: ELEM. DE DRENAGEM",IF(COUNTIF(P45:R45,"X")<>1,"FALTA/DUPLA: SIN. HORIZ.",IF(COUNTIF(S45:U45,"X")<>1,"FALTA/DUPLA: SIN. VERTICAL","OK")))))) -> OK
A46: 130ETO0070 | B46: C | C46: 5 | D46: 6 | E46: =D46-C46 -> 1 | J46: X | K46: X | M46: X | P46: X | S46: X | W46: =IF(COUNTA(F46:U46)=0,"— não preenchido",IF(COUNTIF(F46:J46,"X")<>1,"FALTA/DUPLA: CONDIÇÃO DO PAVIMENTO",IF(COUNTIF(K46:L46,"X")<>1,"FALTA/DUPLA: VEGETAÇÃO",IF(COUNTIF(M46:O46,"X")<>1,"FALTA/DUPLA: ELEM. DE DRENAGEM",IF(COUNTIF(P46:R46,"X")<>1,"FALTA/DUPLA: SIN. HORIZ.",IF(COUNTIF(S46:U46,"X")<>1,"FALTA/DUPLA: SIN. VERTICAL","OK")))))) -> OK
A47: 130ETO0070 | B47: C | C47: 6 | D47: 7 | E47: =D47-C47 -> 1 | I47: X | K47: X | M47: X | P47: X | S47: X | W47: =IF(COUNTA(F47:U47)=0,"— não preenchido",IF(COUNTIF(F47:J47,"X")<>1,"FALTA/DUPLA: CONDIÇÃO DO PAVIMENTO",IF(COUNTIF(K47:L47,"X")<>1,"FALTA/DUPLA: VEGETAÇÃO",IF(COUNTIF(M47:O47,"X")<>1,"FALTA/DUPLA: ELEM. DE DRENAGEM",IF(COUNTIF(P47:R47,"X")<>1,"FALTA/DUPLA: SIN. HORIZ.",IF(COUNTIF(S47:U47,"X")<>1,"FALTA/DUPLA: SIN. VERTICAL","OK")))))) -> OK
A48: 130ETO0070 | B48: C | C48: 7 | D48: 8 | E48: =D48-C48 -> 1 | F48: X | K48: X | M48: X | P48: X | S48: X | W48: =IF(COUNTA(F48:U48)=0,"— não preenchido",IF(COUNTIF(F48:J48,"X")<>1,"FALTA/DUPLA: CONDIÇÃO DO PAVIMENTO",IF(COUNTIF(K48:L48,"X")<>1,"FALTA/DUPLA: VEGETAÇÃO",IF(COUNTIF(M48:O48,"X")<>1,"FALTA/DUPLA: ELEM. DE DRENAGEM",IF(COUNTIF(P48:R48,"X")<>1,"FALTA/DUPLA: SIN. HORIZ.",IF(COUNTIF(S48:U48,"X")<>1,"FALTA/DUPLA: SIN. VERTICAL","OK")))))) -> OK
A49: 130ETO0070 | B49: C | C49: 8 | D49: 9 | E49: =D49-C49 -> 1 | F49: X | K49: X | M49: X | P49: X | S49: X | W49: =IF(COUNTA(F49:U49)=0,"— não preenchido",IF(COUNTIF(F49:J49,"X")<>1,"FALTA/DUPLA: CONDIÇÃO DO PAVIMENTO",IF(COUNTIF(K49:L49,"X")<>1,"FALTA/DUPLA: VEGETAÇÃO",IF(COUNTIF(M49:O49,"X")<>1,"FALTA/DUPLA: ELEM. DE DRENAGEM",IF(COUNTIF(P49:R49,"X")<>1,"FALTA/DUPLA: SIN. HORIZ.",IF(COUNTIF(S49:U49,"X")<>1,"FALTA/DUPLA: SIN. VERTICAL","OK")))))) -> OK
A50: 130ETO0070 | B50: C | C50: 9 | D50: 10 | E50: =D50-C50 -> 1 | F50: X | K50: X | M50: X | P50: X | S50: X | W50: =IF(COUNTA(F50:U50)=0,"— não preenchido",IF(COUNTIF(F50:J50,"X")<>1,"FALTA/DUPLA: CONDIÇÃO DO PAVIMENTO",IF(COUNTIF(K50:L50,"X")<>1,"FALTA/DUPLA: VEGETAÇÃO",IF(COUNTIF(M50:O50,"X")<>1,"FALTA/DUPLA: ELEM. DE DRENAGEM",IF(COUNTIF(P50:R50,"X")<>1,"FALTA/DUPLA: SIN. HORIZ.",IF(COUNTIF(S50:U50,"X")<>1,"FALTA/DUPLA: SIN. VERTICAL","OK")))))) -> OK
A51: 130ETO0070 | B51: C | C51: 10 | D51: 11 | E51: =D51-C51 -> 1 | F51: X | K51: X | M51: X | P51: X | S51: X | W51: =IF(COUNTA(F51:U51)=0,"— não preenchido",IF(COUNTIF(F51:J51,"X")<>1,"FALTA/DUPLA: CONDIÇÃO DO PAVIMENTO",IF(COUNTIF(K51:L51,"X")<>1,"FALTA/DUPLA: VEGETAÇÃO",IF(COUNTIF(M51:O51,"X")<>1,"FALTA/DUPLA: ELEM. DE DRENAGEM",IF(COUNTIF(P51:R51,"X")<>1,"FALTA/DUPLA: SIN. HORIZ.",IF(COUNTIF(S51:U51,"X")<>1,"FALTA/DUPLA: SIN. VERTICAL","OK")))))) -> OK
A52: 130ETO0070 | B52: C | C52: 11 | D52: 12 | E52: =D52-C52 -> 1 | F52: X | K52: X | M52: X | P52: X | S52: X | W52: =IF(COUNTA(F52:U52)=0,"— não preenchido",IF(COUNTIF(F52:J52,"X")<>1,"FALTA/DUPLA: CONDIÇÃO DO PAVIMENTO",IF(COUNTIF(K52:L52,"X")<>1,"FALTA/DUPLA: VEGETAÇÃO",IF(COUNTIF(M52:O52,"X")<>1,"FALTA/DUPLA: ELEM. DE DRENAGEM",IF(COUNTIF(P52:R52,"X")<>1,"FALTA/DUPLA: SIN. HORIZ.",IF(COUNTIF(S52:U52,"X")<>1,"FALTA/DUPLA: SIN. VERTICAL","OK")))))) -> OK
A53: 130ETO0070 | B53: C | C53: 12 | D53: 13 | E53: =D53-C53 -> 1 | F53: X | K53: X | M53: X | P53: X | S53: X | W53: =IF(COUNTA(F53:U53)=0,"— não preenchido",IF(COUNTIF(F53:J53,"X")<>1,"FALTA/DUPLA: CONDIÇÃO DO PAVIMENTO",IF(COUNTIF(K53:L53,"X")<>1,"FALTA/DUPLA: VEGETAÇÃO",IF(COUNTIF(M53:O53,"X")<>1,"FALTA/DUPLA: ELEM. DE DRENAGEM",IF(COUNTIF(P53:R53,"X")<>1,"FALTA/DUPLA: SIN. HORIZ.",IF(COUNTIF(S53:U53,"X")<>1,"FALTA/DUPLA: SIN. VERTICAL","OK")))))) -> OK
A54: 130ETO0070 | B54: C | C54: 13 | D54: 14 | E54: =D54-C54 -> 1 | F54: X | K54: X | N54: X | P54: X | S54: X | W54: =IF(COUNTA(F54:U54)=0,"— não preenchido",IF(COUNTIF(F54:J54,"X")<>1,"FALTA/DUPLA: CONDIÇÃO DO PAVIMENTO",IF(COUNTIF(K54:L54,"X")<>1,"FALTA/DUPLA: VEGETAÇÃO",IF(COUNTIF(M54:O54,"X")<>1,"FALTA/DUPLA: ELEM. DE DRENAGEM",IF(COUNTIF(P54:R54,"X")<>1,"FALTA/DUPLA: SIN. HORIZ.",IF(COUNTIF(S54:U54,"X")<>1,"FALTA/DUPLA: SIN. VERTICAL","OK")))))) -> OK
A55: 130ETO0070 | B55: C | C55: 14 | D55: 15 | E55: =D55-C55 -> 1 | J55: X | K55: X | N55: X | P55: X | S55: X | W55: =IF(COUNTA(F55:U55)=0,"— não preenchido",IF(COUNTIF(F55:J55,"X")<>1,"FALTA/DUPLA: CONDIÇÃO DO PAVIMENTO",IF(COUNTIF(K55:L55,"X")<>1,"FALTA/DUPLA: VEGETAÇÃO",IF(COUNTIF(M55:O55,"X")<>1,"FALTA/DUPLA: ELEM. DE DRENAGEM",IF(COUNTIF(P55:R55,"X")<>1,"FALTA/DUPLA: SIN. HORIZ.",IF(COUNTIF(S55:U55,"X")<>1,"FALTA/DUPLA: SIN. VERTICAL","OK")))))) -> OK
A56: 130ETO0070 | B56: C | C56: 15 | D56: 16 | E56: =D56-C56 -> 1 | J56: X | K56: X | N56: X | P56: X | S56: X | W56: =IF(COUNTA(F56:U56)=0,"— não preenchido",IF(COUNTIF(F56:J56,"X")<>1,"FALTA/DUPLA: CONDIÇÃO DO PAVIMENTO",IF(COUNTIF(K56:L56,"X")<>1,"FALTA/DUPLA: VEGETAÇÃO",IF(COUNTIF(M56:O56,"X")<>1,"FALTA/DUPLA: ELEM. DE DRENAGEM",IF(COUNTIF(P56:R56,"X")<>1,"FALTA/DUPLA: SIN. HORIZ.",IF(COUNTIF(S56:U56,"X")<>1,"FALTA/DUPLA: SIN. VERTICAL","OK")))))) -> OK
A57: 130ETO0070 | B57: C | C57: 16 | D57: 17 | E57: =D57-C57 -> 1 | I57: X | K57: X | N57: X | P57: X | S57: X | W57: =IF(COUNTA(F57:U57)=0,"— não preenchido",IF(COUNTIF(F57:J57,"X")<>1,"FALTA/DUPLA: CONDIÇÃO DO PAVIMENTO",IF(COUNTIF(K57:L57,"X")<>1,"FALTA/DUPLA: VEGETAÇÃO",IF(COUNTIF(M57:O57,"X")<>1,"FALTA/DUPLA: ELEM. DE DRENAGEM",IF(COUNTIF(P57:R57,"X")<>1,"FALTA/DUPLA: SIN. HORIZ.",IF(COUNTIF(S57:U57,"X")<>1,"FALTA/DUPLA: SIN. VERTICAL","OK")))))) -> OK
A58: 130ETO0070 | B58: C | C58: 17 | D58: 18 | E58: =D58-C58 -> 1 | I58: X | K58: X | N58: X | P58: X | S58: X | W58: =IF(COUNTA(F58:U58)=0,"— não preenchido",IF(COUNTIF(F58:J58,"X")<>1,"FALTA/DUPLA: CONDIÇÃO DO PAVIMENTO",IF(COUNTIF(K58:L58,"X")<>1,"FALTA/DUPLA: VEGETAÇÃO",IF(COUNTIF(M58:O58,"X")<>1,"FALTA/DUPLA: ELEM. DE DRENAGEM",IF(COUNTIF(P58:R58,"X")<>1,"FALTA/DUPLA: SIN. HORIZ.",IF(COUNTIF(S58:U58,"X")<>1,"FALTA/DUPLA: SIN. VERTICAL","OK")))))) -> OK
A59: 130ETO0070 | B59: C | C59: 18 | D59: 19 | E59: =D59-C59 -> 1 | I59: X | K59: X | N59: X | P59: X | S59: X | W59: =IF(COUNTA(F59:U59)=0,"— não preenchido",IF(COUNTIF(F59:J59,"X")<>1,"FALTA/DUPLA: CONDIÇÃO DO PAVIMENTO",IF(COUNTIF(K59:L59,"X")<>1,"FALTA/DUPLA: VEGETAÇÃO",IF(COUNTIF(M59:O59,"X")<>1,"FALTA/DUPLA: ELEM. DE DRENAGEM",IF(COUNTIF(P59:R59,"X")<>1,"FALTA/DUPLA: SIN. HORIZ.",IF(COUNTIF(S59:U59,"X")<>1,"FALTA/DUPLA: SIN. VERTICAL","OK")))))) -> OK
A60: 130ETO0070 | B60: C | C60: 19 | D60: 20 | E60: =D60-C60 -> 1 | I60: X | K60: X | N60: X | P60: X | S60: X | W60: =IF(COUNTA(F60:U60)=0,"— não preenchido",IF(COUNTIF(F60:J60,"X")<>1,"FALTA/DUPLA: CONDIÇÃO DO PAVIMENTO",IF(COUNTIF(K60:L60,"X")<>1,"FALTA/DUPLA: VEGETAÇÃO",IF(COUNTIF(M60:O60,"X")<>1,"FALTA/DUPLA: ELEM. DE DRENAGEM",IF(COUNTIF(P60:R60,"X")<>1,"FALTA/DUPLA: SIN. HORIZ.",IF(COUNTIF(S60:U60,"X")<>1,"FALTA/DUPLA: SIN. VERTICAL","OK")))))) -> OK
A61: 130ETO0070 | B61: C | C61: 20 | D61: 20.011595 | E61: =D61-C61 -> 0.011594907 | J61: X | K61: X | N61: X | P61: X | S61: X | W61: =IF(COUNTA(F61:U61)=0,"— não preenchido",IF(COUNTIF(F61:J61,"X")<>1,"FALTA/DUPLA: CONDIÇÃO DO PAVIMENTO",IF(COUNTIF(K61:L61,"X")<>1,"FALTA/DUPLA: VEGETAÇÃO",IF(COUNTIF(M61:O61,"X")<>1,"FALTA/DUPLA: ELEM. DE DRENAGEM",IF(COUNTIF(P61:R61,"X")<>1,"FALTA/DUPLA: SIN. HORIZ.",IF(COUNTIF(S61:U61,"X")<>1,"FALTA/DUPLA: SIN. VERTICAL","OK")))))) -> OK
A63: ____________________________________________ | G63: ____________________________________________
A64: TÉCNICO RESPONSÁVEL PELA INSPEÇÃO | G64: VISTO DA SUPERVISÃO
A66: RESUMO DO TRECHO — KM LANÇADO POR ITEM
A67: KM LANÇADO | F67: =SUMIF(F$9:F$61,"X",$E$9:$E$61) -> 34.951989 | G67: =SUMIF(G$9:G$61,"X",$E$9:$E$61) -> 0 | H67: =SUMIF(H$9:H$61,"X",$E$9:$E$61) -> 0 | I67: =SUMIF(I$9:I$61,"X",$E$9:$E$61) -> 10 | J67: =SUMIF(J$9:J$61,"X",$E$9:$E$61) -> 4.0115949 | K67: =SUMIF(K$9:K$61,"X",$E$9:$E$61) -> 48.963584 | L67: =SUMIF(L$9:L$61,"X",$E$9:$E$61) -> 0 | M67: =SUMIF(M$9:M$61,"X",$E$9:$E$61) -> 10 | ... U67: =SUMIF(U$9:U$61,"X",$E$9:$E$61) -> 0
A68: % DA EXTENSÃO | F68: =IF($R70=0,0,F67/$R70) -> 0.71383641 | G68: =IF($R70=0,0,G67/$R70) -> 0 | H68: =IF($R70=0,0,H67/$R70) -> 0 | I68: =IF($R70=0,0,I67/$R70) -> 0.20423342 | J68: =IF($R70=0,0,J67/$R70) -> 0.081930173 | K68: =IF($R70=0,0,K67/$R70) -> 1 | L68: =IF($R70=0,0,L67/$R70) -> 0 | M68: =IF($R70=0,0,M67/$R70) -> 0.20423342 | ... U68: =IF($R70=0,0,U67/$R70) -> 0
A69: CONFERÊNCIA POR GRUPO | F69: =IF(SUM(F67:J67)=0,"— não preenchido",IF(ROUND(SUM(F67:J67)-$R70,3)=0,"OK — "&ROUND(SUM(F67:J67),3)&" km","ERRO — dif. de "&ROUND(SUM(F67:J67)-$R70,3)&" km")) -> OK — 48,964 km | K69: =IF(SUM(K67:L67)=0,"— não preenchido",IF(ROUND(SUM(K67:L67)-$R70,3)=0,"OK — "&ROUND(SUM(K67:L67),3)&" km","ERRO — dif. de "&ROUND(SUM(K67:L67)-$R70,3)&" km")) -> OK — 48,964 km | M69: =IF(SUM(M67:O67)=0,"— não preenchido",IF(ROUND(SUM(M67:O67)-$R70,3)=0,"OK — "&ROUND(SUM(M67:O67),3)&" km","ERRO — dif. de "&ROUND(SUM(M67:O67)-$R70,3)&" km")) -> OK — 48,964 km | P69: =IF(SUM(P67:R67)=0,"— não preenchido",IF(ROUND(SUM(P67:R67)-$R70,3)=0,"OK — "&ROUND(SUM(P67:R67),3)&" km","ERRO — dif. de "&ROUND(SUM(P67:R67)-$R70,3)&" km")) -> OK — 48,964 km | S69: =IF(SUM(S67:U67)=0,"— não preenchido",IF(ROUND(SUM(S67:U67)-$R70,3)=0,"OK — "&ROUND(SUM(S67:U67),3)&" km","ERRO — dif. de "&ROUND(SUM(S67:U67)-$R70,3)&" km")) -> OK — 48,964 km
A70: EXTENSÃO TOTAL DO TRECHO | R70: =SUM(E9:E61) -> 48.963584 | V70: =COUNTIF(W9:W61,"OK")&" de "&COUNT($E$9:$E$61)&" linhas conferidas" -> 51 de 51 linhas conferidas
A72: LEGENDA
A73: REM. I. / REM. L. | E73: Remendos isolados (até 10 por km) · Remendos ao longo (mais de 10 por km)
A74: BUR. I. / BUR. L. | E74: Buracos isolados (até 5 por km) · Buracos ao longo (mais de 5 por km)
A75: SIT. | E75: PPS = pista simples · PSU = simples urbana · PDU = duplicada
A76: FAIXA AZUL | E76: Cabeçalho de cada S.R.E.: descrição, situação, jurisdição, extensão e coordenada de início.
A77: INÍCIO / FIM (KM) | E77: Contados de 0 até o fim de CADA S.R.E. Não é o marco quilométrico da rodovia.
A78: SENT. | E78: C = crescente · D = decrescente
A79: FAIXA CINZA | E79: Segmento fora do escopo do contrato: você passa por ele, mas não preenche.
A80: CÉLULA VERMELHA | E80: Mais de uma X no mesmo grupo. Apague uma delas.
A81: CONFERÊNCIA | E81: Só na tela, não sai impresso. Fica OK com uma X em cada grupo.

Sheet 74
A1: PROGRAMA DE MANUTENÇÃO RODOVIÁRIA — FICHA DE INSPEÇÃO — RODOVIAS PAVIMENTADAS | Y1: Valores dos gráficos — troca 0 por N/D para a fatia não aparecer. Não editar.
A2: REGIÃO: 3 — ARAGUAÍNA II | G2: MÊS / ANO: | I2: =IF('68'!I2="","",'68'!I2) -> 46235 | K2: DATA: | N2: =IF('68'!N2="","",'68'!N2) | P2: TÉCNICO: | R2: ENG. VINICIUS RODRIGUES FERREIRA DE OLIVEIRA | Y2: =IF(F125=0,NA(),F125) -> 93.384097 | Z2: =IF(G125=0,NA(),G125) -> 2 | AA2: =IF(H125=0,NA(),H125) -> 2.6612658 | AB2: =IF(I125=0,NA(),I125) -> 3 | AC2: =IF(J125=0,NA(),J125) -> #N/A | AD2: =IF(K125=0,NA(),K125) -> #N/A | AE2: =IF(L125=0,NA(),L125) -> 101.04536 | AF2: =IF(M125=0,NA(),M125) -> #N/A | ... AN2: =IF(U125=0,NA(),U125) -> #N/A
A3: TRECHO 74 — RODOVIA TO-222 - TRECHO ARAGUAÍNA - FILADÉLFIA | T3: EXTENSÃO: 101,045 km · 6 S.R.E.
A4: COMO PREENCHER: uma X em UMA coluna de cada grupo, por linha. Se houver mais de um defeito no mesmo km, marque o PREDOMINANTE e escreva o resto em OBSERVAÇÕES. A quilometragem é contada de 0 até o fim de CADA S.R.E. (não é o marco da rodovia).
A6: S.R.E. | B6: SENT. | C6: INÍCIO (KM) | D6: FIM (KM) | E6: EXT. (KM) | F6: CONDIÇÃO DO PAVIMENTO | K6: VEGETAÇÃO | M6: ELEM. DE DRENAGEM | P6: SIN. HORIZ. | S6: SIN. VERTICAL | V6: OBSERVAÇÕES | W6: CONFERÊNCIA (só na tela)
F7: BOM | G7: REM. I. | H7: REM. L. | I7: BUR. I. | J7: BUR. L. | K7: ADEQ. | L7: INAD. | M7: LIMPOS | N7: SUJOS | O7: DAN. | P7: BOM | Q7: REG. | R7: INEXIST. | S7: BOM | T7: POUCAS | U7: INEXIST.
A8: S.R.E. 222ETO0010 | FILADÉLFIA *TRECHO URBANO* - ENTR. TO-424 | PPS · Estadual · 7.661 km · início: -7.340161, -47.505605
A9: 222ETO0010 | B9: C | C9: 0 | D9: 1 | E9: =D9-C9 -> 1 | F9: X | L9: X | N9: X | P9: X | T9: X | W9: =IF(COUNTA(F9:U9)=0,"— não preenchido",IF(COUNTIF(F9:J9,"X")<>1,"FALTA/DUPLA: CONDIÇÃO DO PAVIMENTO",IF(COUNTIF(K9:L9,"X")<>1,"FALTA/DUPLA: VEGETAÇÃO",IF(COUNTIF(M9:O9,"X")<>1,"FALTA/DUPLA: ELEM. DE DRENAGEM",IF(COUNTIF(P9:R9,"X")<>1,"FALTA/DUPLA: SIN. HORIZ.",IF(COUNTIF(S9:U9,"X")<>1,"FALTA/DUPLA: SIN. VERTICAL","OK")))))) -> OK
A10: 222ETO0010 | B10: C | C10: 1 | D10: 2 | E10: =D10-C10 -> 1 | F10: X | L10: X | N10: X | P10: X | T10: X | W10: =IF(COUNTA(F10:U10)=0,"— não preenchido",IF(COUNTIF(F10:J10,"X")<>1,"FALTA/DUPLA: CONDIÇÃO DO PAVIMENTO",IF(COUNTIF(K10:L10,"X")<>1,"FALTA/DUPLA: VEGETAÇÃO",IF(COUNTIF(M10:O10,"X")<>1,"FALTA/DUPLA: ELEM. DE DRENAGEM",IF(COUNTIF(P10:R10,"X")<>1,"FALTA/DUPLA: SIN. HORIZ.",IF(COUNTIF(S10:U10,"X")<>1,"FALTA/DUPLA: SIN. VERTICAL","OK")))))) -> OK
A11: 222ETO0010 | B11: C | C11: 2 | D11: 3 | E11: =D11-C11 -> 1 | F11: X | L11: X | N11: X | P11: X | T11: X | W11: =IF(COUNTA(F11:U11)=0,"— não preenchido",IF(COUNTIF(F11:J11,"X")<>1,"FALTA/DUPLA: CONDIÇÃO DO PAVIMENTO",IF(COUNTIF(K11:L11,"X")<>1,"FALTA/DUPLA: VEGETAÇÃO",IF(COUNTIF(M11:O11,"X")<>1,"FALTA/DUPLA: ELEM. DE DRENAGEM",IF(COUNTIF(P11:R11,"X")<>1,"FALTA/DUPLA: SIN. HORIZ.",IF(COUNTIF(S11:U11,"X")<>1,"FALTA/DUPLA: SIN. VERTICAL","OK")))))) -> OK
A12: 222ETO0010 | B12: C | C12: 3 | D12: 4 | E12: =D12-C12 -> 1 | F12: X | L12: X | N12: X | P12: X | T12: X | W12: =IF(COUNTA(F12:U12)=0,"— não preenchido",IF(COUNTIF(F12:J12,"X")<>1,"FALTA/DUPLA: CONDIÇÃO DO PAVIMENTO",IF(COUNTIF(K12:L12,"X")<>1,"FALTA/DUPLA: VEGETAÇÃO",IF(COUNTIF(M12:O12,"X")<>1,"FALTA/DUPLA: ELEM. DE DRENAGEM",IF(COUNTIF(P12:R12,"X")<>1,"FALTA/DUPLA: SIN. HORIZ.",IF(COUNTIF(S12:U12,"X")<>1,"FALTA/DUPLA: SIN. VERTICAL","OK")))))) -> OK
A13: 222ETO0010 | B13: C | C13: 4 | D13: 5 | E13: =D13-C13 -> 1 | F13: X | L13: X | N13: X | P13: X | T13: X | W13: =IF(COUNTA(F13:U13)=0,"— não preenchido",IF(COUNTIF(F13:J13,"X")<>1,"FALTA/DUPLA: CONDIÇÃO DO PAVIMENTO",IF(COUNTIF(K13:L13,"X")<>1,"FALTA/DUPLA: VEGETAÇÃO",IF(COUNTIF(M13:O13,"X")<>1,"FALTA/DUPLA: ELEM. DE DRENAGEM",IF(COUNTIF(P13:R13,"X")<>1,"FALTA/DUPLA: SIN. HORIZ.",IF(COUNTIF(S13:U13,"X")<>1,"FALTA/DUPLA: SIN. VERTICAL","OK")))))) -> OK
A14: 222ETO0010 | B14: C | C14: 5 | D14: 6 | E14: =D14-C14 -> 1 | H14: X | L14: X | N14: X | P14: X | T14: X | W14: =IF(COUNTA(F14:U14)=0,"— não preenchido",IF(COUNTIF(F14:J14,"X")<>1,"FALTA/DUPLA: CONDIÇÃO DO PAVIMENTO",IF(COUNTIF(K14:L14,"X")<>1,"FALTA/DUPLA: VEGETAÇÃO",IF(COUNTIF(M14:O14,"X")<>1,"FALTA/DUPLA: ELEM. DE DRENAGEM",IF(COUNTIF(P14:R14,"X")<>1,"FALTA/DUPLA: SIN. HORIZ.",IF(COUNTIF(S14:U14,"X")<>1,"FALTA/DUPLA: SIN. VERTICAL","OK")))))) -> OK
A15: 222ETO0010 | B15: C | C15: 6 | D15: 7 | E15: =D15-C15 -> 1 | H15: X | L15: X | N15: X | P15: X | T15: X | W15: =IF(COUNTA(F15:U15)=0,"— não preenchido",IF(COUNTIF(F15:J15,"X")<>1,"FALTA/DUPLA: CONDIÇÃO DO PAVIMENTO",IF(COUNTIF(K15:L15,"X")<>1,"FALTA/DUPLA: VEGETAÇÃO",IF(COUNTIF(M15:O15,"X")<>1,"FALTA/DUPLA: ELEM. DE DRENAGEM",IF(COUNTIF(P15:R15,"X")<>1,"FALTA/DUPLA: SIN. HORIZ.",IF(COUNTIF(S15:U15,"X")<>1,"FALTA/DUPLA: SIN. VERTICAL","OK")))))) -> OK
A16: 222ETO0010 | B16: C | C16: 7 | D16: 7.6612658 | E16: =D16-C16 -> 0.66126581 | H16: X | L16: X | N16: X | P16: X | T16: X | W16: =IF(COUNTA(F16:U16)=0,"— não preenchido",IF(COUNTIF(F16:J16,"X")<>1,"FALTA/DUPLA: CONDIÇÃO DO PAVIMENTO",IF(COUNTIF(K16:L16,"X")<>1,"FALTA/DUPLA: VEGETAÇÃO",IF(COUNTIF(M16:O16,"X")<>1,"FALTA/DUPLA: ELEM. DE DRENAGEM",IF(COUNTIF(P16:R16,"X")<>1,"FALTA/DUPLA: SIN. HORIZ.",IF(COUNTIF(S16:U16,"X")<>1,"FALTA/DUPLA: SIN. VERTICAL","OK")))))) -> OK
A17: S.R.E. 222ETO0020 | ENTR. TO-424 - TRECHO ENTR. TO-130 | PPS · Estadual · 21.662 km · início: -7.354362, -47.566302
A18: 222ETO0020 | B18: C | C18: 0 | D18: 1 | E18: =D18-C18 -> 1 | F18: X | L18: X | N18: X | P18: X | T18: X | W18: =IF(COUNTA(F18:U18)=0,"— não preenchido",IF(COUNTIF(F18:J18,"X")<>1,"FALTA/DUPLA: CONDIÇÃO DO PAVIMENTO",IF(COUNTIF(K18:L18,"X")<>1,"FALTA/DUPLA: VEGETAÇÃO",IF(COUNTIF(M18:O18,"X")<>1,"FALTA/DUPLA: ELEM. DE DRENAGEM",IF(COUNTIF(P18:R18,"X")<>1,"FALTA/DUPLA: SIN. HORIZ.",IF(COUNTIF(S18:U18,"X")<>1,"FALTA/DUPLA: SIN. VERTICAL","OK")))))) -> OK
A19: 222ETO0020 | B19: C | C19: 1 | D19: 2 | E19: =D19-C19 -> 1 | F19: X | L19: X | N19: X | P19: X | T19: X | W19: =IF(COUNTA(F19:U19)=0,"— não preenchido",IF(COUNTIF(F19:J19,"X")<>1,"FALTA/DUPLA: CONDIÇÃO DO PAVIMENTO",IF(COUNTIF(K19:L19,"X")<>1,"FALTA/DUPLA: VEGETAÇÃO",IF(COUNTIF(M19:O19,"X")<>1,"FALTA/DUPLA: ELEM. DE DRENAGEM",IF(COUNTIF(P19:R19,"X")<>1,"FALTA/DUPLA: SIN. HORIZ.",IF(COUNTIF(S19:U19,"X")<>1,"FALTA/DUPLA: SIN. VERTICAL","OK")))))) -> OK
A20: 222ETO0020 | B20: C | C20: 2 | D20: 3 | E20: =D20-C20 -> 1 | F20: X | L20: X | N20: X | P20: X | T20: X | W20: =IF(COUNTA(F20:U20)=0,"— não preenchido",IF(COUNTIF(F20:J20,"X")<>1,"FALTA/DUPLA: CONDIÇÃO DO PAVIMENTO",IF(COUNTIF(K20:L20,"X")<>1,"FALTA/DUPLA: VEGETAÇÃO",IF(COUNTIF(M20:O20,"X")<>1,"FALTA/DUPLA: ELEM. DE DRENAGEM",IF(COUNTIF(P20:R20,"X")<>1,"FALTA/DUPLA: SIN. HORIZ.",IF(COUNTIF(S20:U20,"X")<>1,"FALTA/DUPLA: SIN. VERTICAL","OK")))))) -> OK
A21: 222ETO0020 | B21: C | C21: 3 | D21: 4 | E21: =D21-C21 -> 1 | F21: X | L21: X | N21: X | P21: X | T21: X | W21: =IF(COUNTA(F21:U21)=0,"— não preenchido",IF(COUNTIF(F21:J21,"X")<>1,"FALTA/DUPLA: CONDIÇÃO DO PAVIMENTO",IF(COUNTIF(K21:L21,"X")<>1,"FALTA/DUPLA: VEGETAÇÃO",IF(COUNTIF(M21:O21,"X")<>1,"FALTA/DUPLA: ELEM. DE DRENAGEM",IF(COUNTIF(P21:R21,"X")<>1,"FALTA/DUPLA: SIN. HORIZ.",IF(COUNTIF(S21:U21,"X")<>1,"FALTA/DUPLA: SIN. VERTICAL","OK")))))) -> OK
A22: 222ETO0020 | B22: C | C22: 4 | D22: 5 | E22: =D22-C22 -> 1 | F22: X | L22: X | N22: X | P22: X | T22: X | W22: =IF(COUNTA(F22:U22)=0,"— não preenchido",IF(COUNTIF(F22:J22,"X")<>1,"FALTA/DUPLA: CONDIÇÃO DO PAVIMENTO",IF(COUNTIF(K22:L22,"X")<>1,"FALTA/DUPLA: VEGETAÇÃO",IF(COUNTIF(M22:O22,"X")<>1,"FALTA/DUPLA: ELEM. DE DRENAGEM",IF(COUNTIF(P22:R22,"X")<>1,"FALTA/DUPLA: SIN. HORIZ.",IF(COUNTIF(S22:U22,"X")<>1,"FALTA/DUPLA: SIN. VERTICAL","OK")))))) -> OK
A23: 222ETO0020 | B23: C | C23: 5 | D23: 6 | E23: =D23-C23 -> 1 | F23: X | L23: X | N23: X | P23: X | T23: X | W23: =IF(COUNTA(F23:U23)=0,"— não preenchido",IF(COUNTIF(F23:J23,"X")<>1,"FALTA/DUPLA: CONDIÇÃO DO PAVIMENTO",IF(COUNTIF(K23:L23,"X")<>1,"FALTA/DUPLA: VEGETAÇÃO",IF(COUNTIF(M23:O23,"X")<>1,"FALTA/DUPLA: ELEM. DE DRENAGEM",IF(COUNTIF(P23:R23,"X")<>1,"FALTA/DUPLA: SIN. HORIZ.",IF(COUNTIF(S23:U23,"X")<>1,"FALTA/DUPLA: SIN. VERTICAL","OK")))))) -> OK
A24: 222ETO0020 | B24: C | C24: 6 | D24: 7 | E24: =D24-C24 -> 1 | G24: X | L24: X | N24: X | P24: X | T24: X | W24: =IF(COUNTA(F24:U24)=0,"— não preenchido",IF(COUNTIF(F24:J24,"X")<>1,"FALTA/DUPLA: CONDIÇÃO DO PAVIMENTO",IF(COUNTIF(K24:L24,"X")<>1,"FALTA/DUPLA: VEGETAÇÃO",IF(COUNTIF(M24:O24,"X")<>1,"FALTA/DUPLA: ELEM. DE DRENAGEM",IF(COUNTIF(P24:R24,"X")<>1,"FALTA/DUPLA: SIN. HORIZ.",IF(COUNTIF(S24:U24,"X")<>1,"FALTA/DUPLA: SIN. VERTICAL","OK")))))) -> OK
A25: 222ETO0020 | B25: C | C25: 7 | D25: 8 | E25: =D25-C25 -> 1 | F25: X | L25: X | N25: X | P25: X | T25: X | W25: =IF(COUNTA(F25:U25)=0,"— não preenchido",IF(COUNTIF(F25:J25,"X")<>1,"FALTA/DUPLA: CONDIÇÃO DO PAVIMENTO",IF(COUNTIF(K25:L25,"X")<>1,"FALTA/DUPLA: VEGETAÇÃO",IF(COUNTIF(M25:O25,"X")<>1,"FALTA/DUPLA: ELEM. DE DRENAGEM",IF(COUNTIF(P25:R25,"X")<>1,"FALTA/DUPLA: SIN. HORIZ.",IF(COUNTIF(S25:U25,"X")<>1,"FALTA/DUPLA: SIN. VERTICAL","OK")))))) -> OK
A26: 222ETO0020 | B26: C | C26: 8 | D26: 9 | E26: =D26-C26 -> 1 | F26: X | L26: X | N26: X | P26: X | T26: X | W26: =IF(COUNTA(F26:U26)=0,"— não preenchido",IF(COUNTIF(F26:J26,"X")<>1,"FALTA/DUPLA: CONDIÇÃO DO PAVIMENTO",IF(COUNTIF(K26:L26,"X")<>1,"FALTA/DUPLA: VEGETAÇÃO",IF(COUNTIF(M26:O26,"X")<>1,"FALTA/DUPLA: ELEM. DE DRENAGEM",IF(COUNTIF(P26:R26,"X")<>1,"FALTA/DUPLA: SIN. HORIZ.",IF(COUNTIF(S26:U26,"X")<>1,"FALTA/DUPLA: SIN. VERTICAL","OK")))))) -> OK
A27: 222ETO0020 | B27: C | C27: 9 | D27: 10 | E27: =D27-C27 -> 1 | F27: X | L27: X | N27: X | P27: X | T27: X | W27: =IF(COUNTA(F27:U27)=0,"— não preenchido",IF(COUNTIF(F27:J27,"X")<>1,"FALTA/DUPLA: CONDIÇÃO DO PAVIMENTO",IF(COUNTIF(K27:L27,"X")<>1,"FALTA/DUPLA: VEGETAÇÃO",IF(COUNTIF(M27:O27,"X")<>1,"FALTA/DUPLA: ELEM. DE DRENAGEM",IF(COUNTIF(P27:R27,"X")<>1,"FALTA/DUPLA: SIN. HORIZ.",IF(COUNTIF(S27:U27,"X")<>1,"FALTA/DUPLA: SIN. VERTICAL","OK")))))) -> OK
A28: 222ETO0020 | B28: C | C28: 10 | D28: 11 | E28: =D28-C28 -> 1 | F28: X | L28: X | N28: X | P28: X | T28: X | W28: =IF(COUNTA(F28:U28)=0,"— não preenchido",IF(COUNTIF(F28:J28,"X")<>1,"FALTA/DUPLA: CONDIÇÃO DO PAVIMENTO",IF(COUNTIF(K28:L28,"X")<>1,"FALTA/DUPLA: VEGETAÇÃO",IF(COUNTIF(M28:O28,"X")<>1,"FALTA/DUPLA: ELEM. DE DRENAGEM",IF(COUNTIF(P28:R28,"X")<>1,"FALTA/DUPLA: SIN. HORIZ.",IF(COUNTIF(S28:U28,"X")<>1,"FALTA/DUPLA: SIN. VERTICAL","OK")))))) -> OK
A29: 222ETO0020 | B29: C | C29: 11 | D29: 12 | E29: =D29-C29 -> 1 | F29: X | L29: X | N29: X | P29: X | T29: X | W29: =IF(COUNTA(F29:U29)=0,"— não preenchido",IF(COUNTIF(F29:J29,"X")<>1,"FALTA/DUPLA: CONDIÇÃO DO PAVIMENTO",IF(COUNTIF(K29:L29,"X")<>1,"FALTA/DUPLA: VEGETAÇÃO",IF(COUNTIF(M29:O29,"X")<>1,"FALTA/DUPLA: ELEM. DE DRENAGEM",IF(COUNTIF(P29:R29,"X")<>1,"FALTA/DUPLA: SIN. HORIZ.",IF(COUNTIF(S29:U29,"X")<>1,"FALTA/DUPLA: SIN. VERTICAL","OK")))))) -> OK
A30: 222ETO0020 | B30: C | C30: 12 | D30: 13 | E30: =D30-C30 -> 1 | F30: X | L30: X | N30: X | P30: X | T30: X | W30: =IF(COUNTA(F30:U30)=0,"— não preenchido",IF(COUNTIF(F30:J30,"X")<>1,"FALTA/DUPLA: CONDIÇÃO DO PAVIMENTO",IF(COUNTIF(K30:L30,"X")<>1,"FALTA/DUPLA: VEGETAÇÃO",IF(COUNTIF(M30:O30,"X")<>1,"FALTA/DUPLA: ELEM. DE DRENAGEM",IF(COUNTIF(P30:R30,"X")<>1,"FALTA/DUPLA: SIN. HORIZ.",IF(COUNTIF(S30:U30,"X")<>1,"FALTA/DUPLA: SIN. VERTICAL","OK")))))) -> OK
A31: 222ETO0020 | B31: C | C31: 13 | D31: 14 | E31: =D31-C31 -> 1 | G31: X | L31: X | N31: X | P31: X | T31: X | W31: =IF(COUNTA(F31:U31)=0,"— não preenchido",IF(COUNTIF(F31:J31,"X")<>1,"FALTA/DUPLA: CONDIÇÃO DO PAVIMENTO",IF(COUNTIF(K31:L31,"X")<>1,"FALTA/DUPLA: VEGETAÇÃO",IF(COUNTIF(M31:O31,"X")<>1,"FALTA/DUPLA: ELEM. DE DRENAGEM",IF(COUNTIF(P31:R31,"X")<>1,"FALTA/DUPLA: SIN. HORIZ.",IF(COUNTIF(S31:U31,"X")<>1,"FALTA/DUPLA: SIN. VERTICAL","OK")))))) -> OK
A32: 222ETO0020 | B32: C | C32: 14 | D32: 15 | E32: =D32-C32 -> 1 | F32: X | L32: X | N32: X | P32: X | T32: X | W32: =IF(COUNTA(F32:U32)=0,"— não preenchido",IF(COUNTIF(F32:J32,"X")<>1,"FALTA/DUPLA: CONDIÇÃO DO PAVIMENTO",IF(COUNTIF(K32:L32,"X")<>1,"FALTA/DUPLA: VEGETAÇÃO",IF(COUNTIF(M32:O32,"X")<>1,"FALTA/DUPLA: ELEM. DE DRENAGEM",IF(COUNTIF(P32:R32,"X")<>1,"FALTA/DUPLA: SIN. HORIZ.",IF(COUNTIF(S32:U32,"X")<>1,"FALTA/DUPLA: SIN. VERTICAL","OK")))))) -> OK
A33: 222ETO0020 | B33: C | C33: 15 | D33: 16 | E33: =D33-C33 -> 1 | F33: X | L33: X | N33: X | P33: X | T33: X | W33: =IF(COUNTA(F33:U33)=0,"— não preenchido",IF(COUNTIF(F33:J33,"X")<>1,"FALTA/DUPLA: CONDIÇÃO DO PAVIMENTO",IF(COUNTIF(K33:L33,"X")<>1,"FALTA/DUPLA: VEGETAÇÃO",IF(COUNTIF(M33:O33,"X")<>1,"FALTA/DUPLA: ELEM. DE DRENAGEM",IF(COUNTIF(P33:R33,"X")<>1,"FALTA/DUPLA: SIN. HORIZ.",IF(COUNTIF(S33:U33,"X")<>1,"FALTA/DUPLA: SIN. VERTICAL","OK")))))) -> OK
A34: 222ETO0020 | B34: C | C34: 16 | D34: 17 | E34: =D34-C34 -> 1 | F34: X | L34: X | N34: X | P34: X | T34: X | W34: =IF(COUNTA(F34:U34)=0,"— não preenchido",IF(COUNTIF(F34:J34,"X")<>1,"FALTA/DUPLA: CONDIÇÃO DO PAVIMENTO",IF(COUNTIF(K34:L34,"X")<>1,"FALTA/DUPLA: VEGETAÇÃO",IF(COUNTIF(M34:O34,"X")<>1,"FALTA/DUPLA: ELEM. DE DRENAGEM",IF(COUNTIF(P34:R34,"X")<>1,"FALTA/DUPLA: SIN. HORIZ.",IF(COUNTIF(S34:U34,"X")<>1,"FALTA/DUPLA: SIN. VERTICAL","OK")))))) -> OK
A35: 222ETO0020 | B35: C | C35: 17 | D35: 18 | E35: =D35-C35 -> 1 | F35: X | L35: X | N35: X | P35: X | T35: X | W35: =IF(COUNTA(F35:U35)=0,"— não preenchido",IF(COUNTIF(F35:J35,"X")<>1,"FALTA/DUPLA: CONDIÇÃO DO PAVIMENTO",IF(COUNTIF(K35:L35,"X")<>1,"FALTA/DUPLA: VEGETAÇÃO",IF(COUNTIF(M35:O35,"X")<>1,"FALTA/DUPLA: ELEM. DE DRENAGEM",IF(COUNTIF(P35:R35,"X")<>1,"FALTA/DUPLA: SIN. HORIZ.",IF(COUNTIF(S35:U35,"X")<>1,"FALTA/DUPLA: SIN. VERTICAL","OK")))))) -> OK
A36: 222ETO0020 | B36: C | C36: 18 | D36: 19 | E36: =D36-C36 -> 1 | F36: X | L36: X | N36: X | P36: X | T36: X | W36: =IF(COUNTA(F36:U36)=0,"— não preenchido",IF(COUNTIF(F36:J36,"X")<>1,"FALTA/DUPLA: CONDIÇÃO DO PAVIMENTO",IF(COUNTIF(K36:L36,"X")<>1,"FALTA/DUPLA: VEGETAÇÃO",IF(COUNTIF(M36:O36,"X")<>1,"FALTA/DUPLA: ELEM. DE DRENAGEM",IF(COUNTIF(P36:R36,"X")<>1,"FALTA/DUPLA: SIN. HORIZ.",IF(COUNTIF(S36:U36,"X")<>1,"FALTA/DUPLA: SIN. VERTICAL","OK")))))) -> OK
A37: 222ETO0020 | B37: C | C37: 19 | D37: 20 | E37: =D37-C37 -> 1 | F37: X | L37: X | N37: X | P37: X | T37: X | W37: =IF(COUNTA(F37:U37)=0,"— não preenchido",IF(COUNTIF(F37:J37,"X")<>1,"FALTA/DUPLA: CONDIÇÃO DO PAVIMENTO",IF(COUNTIF(K37:L37,"X")<>1,"FALTA/DUPLA: VEGETAÇÃO",IF(COUNTIF(M37:O37,"X")<>1,"FALTA/DUPLA: ELEM. DE DRENAGEM",IF(COUNTIF(P37:R37,"X")<>1,"FALTA/DUPLA: SIN. HORIZ.",IF(COUNTIF(S37:U37,"X")<>1,"FALTA/DUPLA: SIN. VERTICAL","OK")))))) -> OK
A38: 222ETO0020 | B38: C | C38: 20 | D38: 21 | E38: =D38-C38 -> 1 | F38: X | L38: X | N38: X | P38: X | T38: X | W38: =IF(COUNTA(F38:U38)=0,"— não preenchido",IF(COUNTIF(F38:J38,"X")<>1,"FALTA/DUPLA: CONDIÇÃO DO PAVIMENTO",IF(COUNTIF(K38:L38,"X")<>1,"FALTA/DUPLA: VEGETAÇÃO",IF(COUNTIF(M38:O38,"X")<>1,"FALTA/DUPLA: ELEM. DE DRENAGEM",IF(COUNTIF(P38:R38,"X")<>1,"FALTA/DUPLA: SIN. HORIZ.",IF(COUNTIF(S38:U38,"X")<>1,"FALTA/DUPLA: SIN. VERTICAL","OK")))))) -> OK
A39: 222ETO0020 | B39: C | C39: 21 | D39: 21.662136 | E39: =D39-C39 -> 0.66213563 | F39: X | L39: X | N39: X | P39: X | T39: X | W39: =IF(COUNTA(F39:U39)=0,"— não preenchido",IF(COUNTIF(F39:J39,"X")<>1,"FALTA/DUPLA: CONDIÇÃO DO PAVIMENTO",IF(COUNTIF(K39:L39,"X")<>1,"FALTA/DUPLA: VEGETAÇÃO",IF(COUNTIF(M39:O39,"X")<>1,"FALTA/DUPLA: ELEM. DE DRENAGEM",IF(COUNTIF(P39:R39,"X")<>1,"FALTA/DUPLA: SIN. HORIZ.",IF(COUNTIF(S39:U39,"X")<>1,"FALTA/DUPLA: SIN. VERTICAL","OK")))))) -> OK
A40: S.R.E. 222ETO0030 | ENTR. TO-130 (A) - ENTR. TO-130 (B) - TO-010 POV. BIELANDIA | PPS · Estadual · 20.249 km · sem coordenada no shape
A41: 222ETO0030 | B41: C | C41: 0 | D41: 1 | E41: =D41-C41 -> 1 | F41: X | L41: X | N41: X | P41: X | T41: X | W41: =IF(COUNTA(F41:U41)=0,"— não preenchido",IF(COUNTIF(F41:J41,"X")<>1,"FALTA/DUPLA: CONDIÇÃO DO PAVIMENTO",IF(COUNTIF(K41:L41,"X")<>1,"FALTA/DUPLA: VEGETAÇÃO",IF(COUNTIF(M41:O41,"X")<>1,"FALTA/DUPLA: ELEM. DE DRENAGEM",IF(COUNTIF(P41:R41,"X")<>1,"FALTA/DUPLA: SIN. HORIZ.",IF(COUNTIF(S41:U41,"X")<>1,"FALTA/DUPLA: SIN. VERTICAL","OK")))))) -> OK
A42: 222ETO0030 | B42: C | C42: 1 | D42: 2 | E42: =D42-C42 -> 1 | F42: X | L42: X | N42: X | P42: X | T42: X | W42: =IF(COUNTA(F42:U42)=0,"— não preenchido",IF(COUNTIF(F42:J42,"X")<>1,"FALTA/DUPLA: CONDIÇÃO DO PAVIMENTO",IF(COUNTIF(K42:L42,"X")<>1,"FALTA/DUPLA: VEGETAÇÃO",IF(COUNTIF(M42:O42,"X")<>1,"FALTA/DUPLA: ELEM. DE DRENAGEM",IF(COUNTIF(P42:R42,"X")<>1,"FALTA/DUPLA: SIN. HORIZ.",IF(COUNTIF(S42:U42,"X")<>1,"FALTA/DUPLA: SIN. VERTICAL","OK")))))) -> OK
A43: 222ETO0030 | B43: C | C43: 2 | D43: 3 | E43: =D43-C43 -> 1 | F43: X | L43: X | N43: X | P43: X | T43: X | W43: =IF(COUNTA(F43:U43)=0,"— não preenchido",IF(COUNTIF(F43:J43,"X")<>1,"FALTA/DUPLA: CONDIÇÃO DO PAVIMENTO",IF(COUNTIF(K43:L43,"X")<>1,"FALTA/DUPLA: VEGETAÇÃO",IF(COUNTIF(M43:O43,"X")<>1,"FALTA/DUPLA: ELEM. DE DRENAGEM",IF(COUNTIF(P43:R43,"X")<>1,"FALTA/DUPLA: SIN. HORIZ.",IF(COUNTIF(S43:U43,"X")<>1,"FALTA/DUPLA: SIN. VERTICAL","OK")))))) -> OK
A44: 222ETO0030 | B44: C | C44: 3 | D44: 4 | E44: =D44-C44 -> 1 | F44: X | L44: X | N44: X | P44: X | T44: X | W44: =IF(COUNTA(F44:U44)=0,"— não preenchido",IF(COUNTIF(F44:J44,"X")<>1,"FALTA/DUPLA: CONDIÇÃO DO PAVIMENTO",IF(COUNTIF(K44:L44,"X")<>1,"FALTA/DUPLA: VEGETAÇÃO",IF(COUNTIF(M44:O44,"X")<>1,"FALTA/DUPLA: ELEM. DE DRENAGEM",IF(COUNTIF(P44:R44,"X")<>1,"FALTA/DUPLA: SIN. HORIZ.",IF(COUNTIF(S44:U44,"X")<>1,"FALTA/DUPLA: SIN. VERTICAL","OK")))))) -> OK
A45: 222ETO0030 | B45: C | C45: 4 | D45: 5 | E45: =D45-C45 -> 1 | F45: X | L45: X | N45: X | P45: X | T45: X | W45: =IF(COUNTA(F45:U45)=0,"— não preenchido",IF(COUNTIF(F45:J45,"X")<>1,"FALTA/DUPLA: CONDIÇÃO DO PAVIMENTO",IF(COUNTIF(K45:L45,"X")<>1,"FALTA/DUPLA: VEGETAÇÃO",IF(COUNTIF(M45:O45,"X")<>1,"FALTA/DUPLA: ELEM. DE DRENAGEM",IF(COUNTIF(P45:R45,"X")<>1,"FALTA/DUPLA: SIN. HORIZ.",IF(COUNTIF(S45:U45,"X")<>1,"FALTA/DUPLA: SIN. VERTICAL","OK")))))) -> OK
A46: 222ETO0030 | B46: C | C46: 5 | D46: 6 | E46: =D46-C46 -> 1 | F46: X | L46: X | N46: X | P46: X | T46: X | W46: =IF(COUNTA(F46:U46)=0,"— não preenchido",IF(COUNTIF(F46:J46,"X")<>1,"FALTA/DUPLA: CONDIÇÃO DO PAVIMENTO",IF(COUNTIF(K46:L46,"X")<>1,"FALTA/DUPLA: VEGETAÇÃO",IF(COUNTIF(M46:O46,"X")<>1,"FALTA/DUPLA: ELEM. DE DRENAGEM",IF(COUNTIF(P46:R46,"X")<>1,"FALTA/DUPLA: SIN. HORIZ.",IF(COUNTIF(S46:U46,"X")<>1,"FALTA/DUPLA: SIN. VERTICAL","OK")))))) -> OK
A47: 222ETO0030 | B47: C | C47: 6 | D47: 7 | E47: =D47-C47 -> 1 | F47: X | L47: X | N47: X | P47: X | T47: X | W47: =IF(COUNTA(F47:U47)=0,"— não preenchido",IF(COUNTIF(F47:J47,"X")<>1,"FALTA/DUPLA: CONDIÇÃO DO PAVIMENTO",IF(COUNTIF(K47:L47,"X")<>1,"FALTA/DUPLA: VEGETAÇÃO",IF(COUNTIF(M47:O47,"X")<>1,"FALTA/DUPLA: ELEM. DE DRENAGEM",IF(COUNTIF(P47:R47,"X")<>1,"FALTA/DUPLA: SIN. HORIZ.",IF(COUNTIF(S47:U47,"X")<>1,"FALTA/DUPLA: SIN. VERTICAL","OK")))))) -> OK
A48: 222ETO0030 | B48: C | C48: 7 | D48: 8 | E48: =D48-C48 -> 1 | F48: X | L48: X | N48: X | P48: X | T48: X | W48: =IF(COUNTA(F48:U48)=0,"— não preenchido",IF(COUNTIF(F48:J48,"X")<>1,"FALTA/DUPLA: CONDIÇÃO DO PAVIMENTO",IF(COUNTIF(K48:L48,"X")<>1,"FALTA/DUPLA: VEGETAÇÃO",IF(COUNTIF(M48:O48,"X")<>1,"FALTA/DUPLA: ELEM. DE DRENAGEM",IF(COUNTIF(P48:R48,"X")<>1,"FALTA/DUPLA: SIN. HORIZ.",IF(COUNTIF(S48:U48,"X")<>1,"FALTA/DUPLA: SIN. VERTICAL","OK")))))) -> OK
A49: 222ETO0030 | B49: C | C49: 8 | D49: 9 | E49: =D49-C49 -> 1 | F49: X | L49: X | N49: X | P49: X | T49: X | W49: =IF(COUNTA(F49:U49)=0,"— não preenchido",IF(COUNTIF(F49:J49,"X")<>1,"FALTA/DUPLA: CONDIÇÃO DO PAVIMENTO",IF(COUNTIF(K49:L49,"X")<>1,"FALTA/DUPLA: VEGETAÇÃO",IF(COUNTIF(M49:O49,"X")<>1,"FALTA/DUPLA: ELEM. DE DRENAGEM",IF(COUNTIF(P49:R49,"X")<>1,"FALTA/DUPLA: SIN. HORIZ.",IF(COUNTIF(S49:U49,"X")<>1,"FALTA/DUPLA: SIN. VERTICAL","OK")))))) -> OK
A50: 222ETO0030 | B50: C | C50: 9 | D50: 10 | E50: =D50-C50 -> 1 | F50: X | L50: X | N50: X | P50: X | T50: X | W50: =IF(COUNTA(F50:U50)=0,"— não preenchido",IF(COUNTIF(F50:J50,"X")<>1,"FALTA/DUPLA: CONDIÇÃO DO PAVIMENTO",IF(COUNTIF(K50:L50,"X")<>1,"FALTA/DUPLA: VEGETAÇÃO",IF(COUNTIF(M50:O50,"X")<>1,"FALTA/DUPLA: ELEM. DE DRENAGEM",IF(COUNTIF(P50:R50,"X")<>1,"FALTA/DUPLA: SIN. HORIZ.",IF(COUNTIF(S50:U50,"X")<>1,"FALTA/DUPLA: SIN. VERTICAL","OK")))))) -> OK
A51: 222ETO0030 | B51: C | C51: 10 | D51: 11 | E51: =D51-C51 -> 1 | F51: X | L51: X | N51: X | P51: X | T51: X | W51: =IF(COUNTA(F51:U51)=0,"— não preenchido",IF(COUNTIF(F51:J51,"X")<>1,"FALTA/DUPLA: CONDIÇÃO DO PAVIMENTO",IF(COUNTIF(K51:L51,"X")<>1,"FALTA/DUPLA: VEGETAÇÃO",IF(COUNTIF(M51:O51,"X")<>1,"FALTA/DUPLA: ELEM. DE DRENAGEM",IF(COUNTIF(P51:R51,"X")<>1,"FALTA/DUPLA: SIN. HORIZ.",IF(COUNTIF(S51:U51,"X")<>1,"FALTA/DUPLA: SIN. VERTICAL","OK")))))) -> OK
A52: 222ETO0030 | B52: C | C52: 11 | D52: 12 | E52: =D52-C52 -> 1 | F52: X | L52: X | N52: X | P52: X | T52: X | W52: =IF(COUNTA(F52:U52)=0,"— não preenchido",IF(COUNTIF(F52:J52,"X")<>1,"FALTA/DUPLA: CONDIÇÃO DO PAVIMENTO",IF(COUNTIF(K52:L52,"X")<>1,"FALTA/DUPLA: VEGETAÇÃO",IF(COUNTIF(M52:O52,"X")<>1,"FALTA/DUPLA: ELEM. DE DRENAGEM",IF(COUNTIF(P52:R52,"X")<>1,"FALTA/DUPLA: SIN. HORIZ.",IF(COUNTIF(S52:U52,"X")<>1,"FALTA/DUPLA: SIN. VERTICAL","OK")))))) -> OK
... A61: 222ETO0030 | B61: C | C61: 20 | D61: 20.248567 | E61: =D61-C61 -> 0.24856651 | F61: X | L61: X | N61: X | P61: X | T61: X | W61: =IF(COUNTA(F61:U61)=0,"— não preenchido",IF(COUNTIF(F61:J61,"X")<>1,"FALTA/DUPLA: CONDIÇÃO DO PAVIMENTO",IF(COUNTIF(K61:L61,"X")<>1,"FALTA/DUPLA: VEGETAÇÃO",IF(COUNTIF(M61:O61,"X")<>1,"FALTA/DUPLA: ELEM. DE DRENAGEM",IF(COUNTIF(P61:R61,"X")<>1,"FALTA/DUPLA: SIN. HORIZ.",IF(COUNTIF(S61:U61,"X")<>1,"FALTA/DUPLA: SIN. VERTICAL","OK")))))) -> OK
A62: ▲ AQUI HÁ 26.227 km FORA DO ESCOPO DO CONTRATO (perímetro urbano de jurisdição municipal). Você passa por ele, mas NÃO preenche.
A63: S.R.E. 222ETO0060 | FARTURÃO - ENTR. TO-424 | PPS · Estadual · 8.371 km · início: -7.329008, -48.068862
A64: 222ETO0060 | B64: C | C64: 0 | D64: 1 | E64: =D64-C64 -> 1 | F64: X | L64: X | N64: X | P64: X | T64: X | W64: =IF(COUNTA(F64:U64)=0,"— não preenchido",IF(COUNTIF(F64:J64,"X")<>1,"FALTA/DUPLA: CONDIÇÃO DO PAVIMENTO",IF(COUNTIF(K64:L64,"X")<>1,"FALTA/DUPLA: VEGETAÇÃO",IF(COUNTIF(M64:O64,"X")<>1,"FALTA/DUPLA: ELEM. DE DRENAGEM",IF(COUNTIF(P64:R64,"X")<>1,"FALTA/DUPLA: SIN. HORIZ.",IF(COUNTIF(S64:U64,"X")<>1,"FALTA/DUPLA: SIN. VERTICAL","OK")))))) -> OK
A65: 222ETO0060 | B65: C | C65: 1 | D65: 2 | E65: =D65-C65 -> 1 | F65: X | L65: X | N65: X | P65: X | T65: X | W65: =IF(COUNTA(F65:U65)=0,"— não preenchido",IF(COUNTIF(F65:J65,"X")<>1,"FALTA/DUPLA: CONDIÇÃO DO PAVIMENTO",IF(COUNTIF(K65:L65,"X")<>1,"FALTA/DUPLA: VEGETAÇÃO",IF(COUNTIF(M65:O65,"X")<>1,"FALTA/DUPLA: ELEM. DE DRENAGEM",IF(COUNTIF(P65:R65,"X")<>1,"FALTA/DUPLA: SIN. HORIZ.",IF(COUNTIF(S65:U65,"X")<>1,"FALTA/DUPLA: SIN. VERTICAL","OK")))))) -> OK
A66: 222ETO0060 | B66: C | C66: 2 | D66: 3 | E66: =D66-C66 -> 1 | F66: X | L66: X | N66: X | P66: X | T66: X | W66: =IF(COUNTA(F66:U66)=0,"— não preenchido",IF(COUNTIF(F66:J66,"X")<>1,"FALTA/DUPLA: CONDIÇÃO DO PAVIMENTO",IF(COUNTIF(K66:L66,"X")<>1,"FALTA/DUPLA: VEGETAÇÃO",IF(COUNTIF(M66:O66,"X")<>1,"FALTA/DUPLA: ELEM. DE DRENAGEM",IF(COUNTIF(P66:R66,"X")<>1,"FALTA/DUPLA: SIN. HORIZ.",IF(COUNTIF(S66:U66,"X")<>1,"FALTA/DUPLA: SIN. VERTICAL","OK")))))) -> OK
A67: 222ETO0060 | B67: C | C67: 3 | D67: 4 | E67: =D67-C67 -> 1 | F67: X | L67: X | N67: X | P67: X | T67: X | W67: =IF(COUNTA(F67:U67)=0,"— não preenchido",IF(COUNTIF(F67:J67,"X")<>1,"FALTA/DUPLA: CONDIÇÃO DO PAVIMENTO",IF(COUNTIF(K67:L67,"X")<>1,"FALTA/DUPLA: VEGETAÇÃO",IF(COUNTIF(M67:O67,"X")<>1,"FALTA/DUPLA: ELEM. DE DRENAGEM",IF(COUNTIF(P67:R67,"X")<>1,"FALTA/DUPLA: SIN. HORIZ.",IF(COUNTIF(S67:U67,"X")<>1,"FALTA/DUPLA: SIN. VERTICAL","OK")))))) -> OK
A68: 222ETO0060 | B68: C | C68: 4 | D68: 5 | E68: =D68-C68 -> 1 | F68: X | L68: X | N68: X | P68: X | T68: X | W68: =IF(COUNTA(F68:U68)=0,"— não preenchido",IF(COUNTIF(F68:J68,"X")<>1,"FALTA/DUPLA: CONDIÇÃO DO PAVIMENTO",IF(COUNTIF(K68:L68,"X")<>1,"FALTA/DUPLA: VEGETAÇÃO",IF(COUNTIF(M68:O68,"X")<>1,"FALTA/DUPLA: ELEM. DE DRENAGEM",IF(COUNTIF(P68:R68,"X")<>1,"FALTA/DUPLA: SIN. HORIZ.",IF(COUNTIF(S68:U68,"X")<>1,"FALTA/DUPLA: SIN. VERTICAL","OK")))))) -> OK
A69: 222ETO0060 | B69: C | C69: 5 | D69: 6 | E69: =D69-C69 -> 1 | F69: X | L69: X | N69: X | P69: X | T69: X | W69: =IF(COUNTA(F69:U69)=0,"— não preenchido",IF(COUNTIF(F69:J69,"X")<>1,"FALTA/DUPLA: CONDIÇÃO DO PAVIMENTO",IF(COUNTIF(K69:L69,"X")<>1,"FALTA/DUPLA: VEGETAÇÃO",IF(COUNTIF(M69:O69,"X")<>1,"FALTA/DUPLA: ELEM. DE DRENAGEM",IF(COUNTIF(P69:R69,"X")<>1,"FALTA/DUPLA: SIN. HORIZ.",IF(COUNTIF(S69:U69,"X")<>1,"FALTA/DUPLA: SIN. VERTICAL","OK")))))) -> OK
A70: 222ETO0060 | B70: C | C70: 6 | D70: 7 | E70: =D70-C70 -> 1 | F70: X | L70: X | N70: X | P70: X | T70: X | W70: =IF(COUNTA(F70:U70)=0,"— não preenchido",IF(COUNTIF(F70:J70,"X")<>1,"FALTA/DUPLA: CONDIÇÃO DO PAVIMENTO",IF(COUNTIF(K70:L70,"X")<>1,"FALTA/DUPLA: VEGETAÇÃO",IF(COUNTIF(M70:O70,"X")<>1,"FALTA/DUPLA: ELEM. DE DRENAGEM",IF(COUNTIF(P70:R70,"X")<>1,"FALTA/DUPLA: SIN. HORIZ.",IF(COUNTIF(S70:U70,"X")<>1,"FALTA/DUPLA: SIN. VERTICAL","OK")))))) -> OK
A71: 222ETO0060 | B71: C | C71: 7 | D71: 8 | E71: =D71-C71 -> 1 | F71: X | L71: X | N71: X | P71: X | T71: X | W71: =IF(COUNTA(F71:U71)=0,"— não preenchido",IF(COUNTIF(F71:J71,"X")<>1,"FALTA/DUPLA: CONDIÇÃO DO PAVIMENTO",IF(COUNTIF(K71:L71,"X")<>1,"FALTA/DUPLA: VEGETAÇÃO",IF(COUNTIF(M71:O71,"X")<>1,"FALTA/DUPLA: ELEM. DE DRENAGEM",IF(COUNTIF(P71:R71,"X")<>1,"FALTA/DUPLA: SIN. HORIZ.",IF(COUNTIF(S71:U71,"X")<>1,"FALTA/DUPLA: SIN. VERTICAL","OK")))))) -> OK
A72: 222ETO0060 | B72: C | C72: 8 | D72: 8.3712251 | E72: =D72-C72 -> 0.3712251 | F72: X | L72: X | N72: X | P72: X | T72: X | W72: =IF(COUNTA(F72:U72)=0,"— não preenchido",IF(COUNTIF(F72:J72,"X")<>1,"FALTA/DUPLA: CONDIÇÃO DO PAVIMENTO",IF(COUNTIF(K72:L72,"X")<>1,"FALTA/DUPLA: VEGETAÇÃO",IF(COUNTIF(M72:O72,"X")<>1,"FALTA/DUPLA: ELEM. DE DRENAGEM",IF(COUNTIF(P72:R72,"X")<>1,"FALTA/DUPLA: SIN. HORIZ.",IF(COUNTIF(S72:U72,"X")<>1,"FALTA/DUPLA: SIN. VERTICAL","OK")))))) -> OK
A73: S.R.E. 222ETO0070 | ENTR. TO-424 - TRECHO ARAGUAINA *TRECHO URBANO* | PPS · Estadual · 16.875 km · início: -7.325036, -48.073224
A74: 222ETO0070 | B74: C | C74: 0 | D74: 1 | E74: =D74-C74 -> 1 | F74: X | L74: X | N74: X | P74: X | T74: X | W74: =IF(COUNTA(F74:U74)=0,"— não preenchido",IF(COUNTIF(F74:J74,"X")<>1,"FALTA/DUPLA: CONDIÇÃO DO PAVIMENTO",IF(COUNTIF(K74:L74,"X")<>1,"FALTA/DUPLA: VEGETAÇÃO",IF(COUNTIF(M74:O74,"X")<>1,"FALTA/DUPLA: ELEM. DE DRENAGEM",IF(COUNTIF(P74:R74,"X")<>1,"FALTA/DUPLA: SIN. HORIZ.",IF(COUNTIF(S74:U74,"X")<>1,"FALTA/DUPLA: SIN. VERTICAL","OK")))))) -> OK
A75: 222ETO0070 | B75: C | C75: 1 | D75: 2 | E75: =D75-C75 -> 1 | F75: X | L75: X | N75: X | P75: X | T75: X | W75: =IF(COUNTA(F75:U75)=0,"— não preenchido",IF(COUNTIF(F75:J75,"X")<>1,"FALTA/DUPLA: CONDIÇÃO DO PAVIMENTO",IF(COUNTIF(K75:L75,"X")<>1,"FALTA/DUPLA: VEGETAÇÃO",IF(COUNTIF(M75:O75,"X")<>1,"FALTA/DUPLA: ELEM. DE DRENAGEM",IF(COUNTIF(P75:R75,"X")<>1,"FALTA/DUPLA: SIN. HORIZ.",IF(COUNTIF(S75:U75,"X")<>1,"FALTA/DUPLA: SIN. VERTICAL","OK")))))) -> OK
A76: 222ETO0070 | B76: C | C76: 2 | D76: 3 | E76: =D76-C76 -> 1 | F76: X | L76: X | N76: X | P76: X | T76: X | W76: =IF(COUNTA(F76:U76)=0,"— não preenchido",IF(COUNTIF(F76:J76,"X")<>1,"FALTA/DUPLA: CONDIÇÃO DO PAVIMENTO",IF(COUNTIF(K76:L76,"X")<>1,"FALTA/DUPLA: VEGETAÇÃO",IF(COUNTIF(M76:O76,"X")<>1,"FALTA/DUPLA: ELEM. DE DRENAGEM",IF(COUNTIF(P76:R76,"X")<>1,"FALTA/DUPLA: SIN. HORIZ.",IF(COUNTIF(S76:U76,"X")<>1,"FALTA/DUPLA: SIN. VERTICAL","OK")))))) -> OK
A77: 222ETO0070 | B77: C | C77: 3 | D77: 4 | E77: =D77-C77 -> 1 | F77: X | L77: X | N77: X | P77: X | T77: X | W77: =IF(COUNTA(F77:U77)=0,"— não preenchido",IF(COUNTIF(F77:J77,"X")<>1,"FALTA/DUPLA: CONDIÇÃO DO PAVIMENTO",IF(COUNTIF(K77:L77,"X")<>1,"FALTA/DUPLA: VEGETAÇÃO",IF(COUNTIF(M77:O77,"X")<>1,"FALTA/DUPLA: ELEM. DE DRENAGEM",IF(COUNTIF(P77:R77,"X")<>1,"FALTA/DUPLA: SIN. HORIZ.",IF(COUNTIF(S77:U77,"X")<>1,"FALTA/DUPLA: SIN. VERTICAL","OK")))))) -> OK
A78: 222ETO0070 | B78: C | C78: 4 | D78: 5 | E78: =D78-C78 -> 1 | F78: X | L78: X | N78: X | P78: X | T78: X | W78: =IF(COUNTA(F78:U78)=0,"— não preenchido",IF(COUNTIF(F78:J78,"X")<>1,"FALTA/DUPLA: CONDIÇÃO DO PAVIMENTO",IF(COUNTIF(K78:L78,"X")<>1,"FALTA/DUPLA: VEGETAÇÃO",IF(COUNTIF(M78:O78,"X")<>1,"FALTA/DUPLA: ELEM. DE DRENAGEM",IF(COUNTIF(P78:R78,"X")<>1,"FALTA/DUPLA: SIN. HORIZ.",IF(COUNTIF(S78:U78,"X")<>1,"FALTA/DUPLA: SIN. VERTICAL","OK")))))) -> OK
A79: 222ETO0070 | B79: C | C79: 5 | D79: 6 | E79: =D79-C79 -> 1 | F79: X | L79: X | N79: X | P79: X | T79: X | W79: =IF(COUNTA(F79:U79)=0,"— não preenchido",IF(COUNTIF(F79:J79,"X")<>1,"FALTA/DUPLA: CONDIÇÃO DO PAVIMENTO",IF(COUNTIF(K79:L79,"X")<>1,"FALTA/DUPLA: VEGETAÇÃO",IF(COUNTIF(M79:O79,"X")<>1,"FALTA/DUPLA: ELEM. DE DRENAGEM",IF(COUNTIF(P79:R79,"X")<>1,"FALTA/DUPLA: SIN. HORIZ.",IF(COUNTIF(S79:U79,"X")<>1,"FALTA/DUPLA: SIN. VERTICAL","OK")))))) -> OK
A80: 222ETO0070 | B80: C | C80: 6 | D80: 7 | E80: =D80-C80 -> 1 | F80: X | L80: X | N80: X | P80: X | T80: X | W80: =IF(COUNTA(F80:U80)=0,"— não preenchido",IF(COUNTIF(F80:J80,"X")<>1,"FALTA/DUPLA: CONDIÇÃO DO PAVIMENTO",IF(COUNTIF(K80:L80,"X")<>1,"FALTA/DUPLA: VEGETAÇÃO",IF(COUNTIF(M80:O80,"X")<>1,"FALTA/DUPLA: ELEM. DE DRENAGEM",IF(COUNTIF(P80:R80,"X")<>1,"FALTA/DUPLA: SIN. HORIZ.",IF(COUNTIF(S80:U80,"X")<>1,"FALTA/DUPLA: SIN. VERTICAL","OK")))))) -> OK
A81: 222ETO0070 | B81: C | C81: 7 | D81: 8 | E81: =D81-C81 -> 1 | F81: X | L81: X | N81: X | P81: X | T81: X | W81: =IF(COUNTA(F81:U81)=0,"— não preenchido",IF(COUNTIF(F81:J81,"X")<>1,"FALTA/DUPLA: CONDIÇÃO DO PAVIMENTO",IF(COUNTIF(K81:L81,"X")<>1,"FALTA/DUPLA: VEGETAÇÃO",IF(COUNTIF(M81:O81,"X")<>1,"FALTA/DUPLA: ELEM. DE DRENAGEM",IF(COUNTIF(P81:R81,"X")<>1,"FALTA/DUPLA: SIN. HORIZ.",IF(COUNTIF(S81:U81,"X")<>1,"FALTA/DUPLA: SIN. VERTICAL","OK")))))) -> OK
A82: 222ETO0070 | B82: C | C82: 8 | D82: 9 | E82: =D82-C82 -> 1 | F82: X | L82: X | N82: X | P82: X | T82: X | W82: =IF(COUNTA(F82:U82)=0,"— não preenchido",IF(COUNTIF(F82:J82,"X")<>1,"FALTA/DUPLA: CONDIÇÃO DO PAVIMENTO",IF(COUNTIF(K82:L82,"X")<>1,"FALTA/DUPLA: VEGETAÇÃO",IF(COUNTIF(M82:O82,"X")<>1,"FALTA/DUPLA: ELEM. DE DRENAGEM",IF(COUNTIF(P82:R82,"X")<>1,"FALTA/DUPLA: SIN. HORIZ.",IF(COUNTIF(S82:U82,"X")<>1,"FALTA/DUPLA: SIN. VERTICAL","OK")))))) -> OK
A83: 222ETO0070 | B83: C | C83: 9 | D83: 10 | E83: =D83-C83 -> 1 | F83: X | L83: X | N83: X | P83: X | T83: X | W83: =IF(COUNTA(F83:U83)=0,"— não preenchido",IF(COUNTIF(F83:J83,"X")<>1,"FALTA/DUPLA: CONDIÇÃO DO PAVIMENTO",IF(COUNTIF(K83:L83,"X")<>1,"FALTA/DUPLA: VEGETAÇÃO",IF(COUNTIF(M83:O83,"X")<>1,"FALTA/DUPLA: ELEM. DE DRENAGEM",IF(COUNTIF(P83:R83,"X")<>1,"FALTA/DUPLA: SIN. HORIZ.",IF(COUNTIF(S83:U83,"X")<>1,"FALTA/DUPLA: SIN. VERTICAL","OK")))))) -> OK
A84: 222ETO0070 | B84: C | C84: 10 | D84: 11 | E84: =D84-C84 -> 1 | F84: X | L84: X | N84: X | P84: X | T84: X | W84: =IF(COUNTA(F84:U84)=0,"— não preenchido",IF(COUNTIF(F84:J84,"X")<>1,"FALTA/DUPLA: CONDIÇÃO DO PAVIMENTO",IF(COUNTIF(K84:L84,"X")<>1,"FALTA/DUPLA: VEGETAÇÃO",IF(COUNTIF(M84:O84,"X")<>1,"FALTA/DUPLA: ELEM. DE DRENAGEM",IF(COUNTIF(P84:R84,"X")<>1,"FALTA/DUPLA: SIN. HORIZ.",IF(COUNTIF(S84:U84,"X")<>1,"FALTA/DUPLA: SIN. VERTICAL","OK")))))) -> OK
A85: 222ETO0070 | B85: C | C85: 11 | D85: 12 | E85: =D85-C85 -> 1 | F85: X | L85: X | N85: X | P85: X | T85: X | W85: =IF(COUNTA(F85:U85)=0,"— não preenchido",IF(COUNTIF(F85:J85,"X")<>1,"FALTA/DUPLA: CONDIÇÃO DO PAVIMENTO",IF(COUNTIF(K85:L85,"X")<>1,"FALTA/DUPLA: VEGETAÇÃO",IF(COUNTIF(M85:O85,"X")<>1,"FALTA/DUPLA: ELEM. DE DRENAGEM",IF(COUNTIF(P85:R85,"X")<>1,"FALTA/DUPLA: SIN. HORIZ.",IF(COUNTIF(S85:U85,"X")<>1,"FALTA/DUPLA: SIN. VERTICAL","OK")))))) -> OK
... A90: 222ETO0070 | B90: C | C90: 16 | D90: 16.874871 | E90: =D90-C90 -> 0.87487123 | F90: X | L90: X | N90: X | P90: X | T90: X | W90: =IF(COUNTA(F90:U90)=0,"— não preenchido",IF(COUNTIF(F90:J90,"X")<>1,"FALTA/DUPLA: CONDIÇÃO DO PAVIMENTO",IF(COUNTIF(K90:L90,"X")<>1,"FALTA/DUPLA: VEGETAÇÃO",IF(COUNTIF(M90:O90,"X")<>1,"FALTA/DUPLA: ELEM. DE DRENAGEM",IF(COUNTIF(P90:R90,"X")<>1,"FALTA/DUPLA: SIN. HORIZ.",IF(COUNTIF(S90:U90,"X")<>1,"FALTA/DUPLA: SIN. VERTICAL","OK")))))) -> OK
A91: ▲ AQUI HÁ 327.226 km FORA DO ESCOPO DO CONTRATO (perímetro urbano de jurisdição municipal). Você passa por ele, mas NÃO preenche.
A92: S.R.E. 010ETO0370 | ENTR. TO-222(BIELÂNDIA) - POV. FARTURÃO | PPS · Estadual · 26.227 km · início: -7.365975, -48.010799
A93: 010ETO0370 | B93: C | C93: 0 | D93: 1 | E93: =D93-C93 -> 1 | F93: X | L93: X | N93: X | P93: X | T93: X | W93: =IF(COUNTA(F93:U93)=0,"— não preenchido",IF(COUNTIF(F93:J93,"X")<>1,"FALTA/DUPLA: CONDIÇÃO DO PAVIMENTO",IF(COUNTIF(K93:L93,"X")<>1,"FALTA/DUPLA: VEGETAÇÃO",IF(COUNTIF(M93:O93,"X")<>1,"FALTA/DUPLA: ELEM. DE DRENAGEM",IF(COUNTIF(P93:R93,"X")<>1,"FALTA/DUPLA: SIN. HORIZ.",IF(COUNTIF(S93:U93,"X")<>1,"FALTA/DUPLA: SIN. VERTICAL","OK")))))) -> OK
A94: 010ETO0370 | B94: C | C94: 1 | D94: 2 | E94: =D94-C94 -> 1 | I94: X | L94: X | N94: X | P94: X | T94: X | W94: =IF(COUNTA(F94:U94)=0,"— não preenchido",IF(COUNTIF(F94:J94,"X")<>1,"FALTA/DUPLA: CONDIÇÃO DO PAVIMENTO",IF(COUNTIF(K94:L94,"X")<>1,"FALTA/DUPLA: VEGETAÇÃO",IF(COUNTIF(M94:O94,"X")<>1,"FALTA/DUPLA: ELEM. DE DRENAGEM",IF(COUNTIF(P94:R94,"X")<>1,"FALTA/DUPLA: SIN. HORIZ.",IF(COUNTIF(S94:U94,"X")<>1,"FALTA/DUPLA: SIN. VERTICAL","OK")))))) -> OK
A95: 010ETO0370 | B95: C | C95: 2 | D95: 3 | E95: =D95-C95 -> 1 | I95: X | L95: X | N95: X | P95: X | T95: X | W95: =IF(COUNTA(F95:U95)=0,"— não preenchido",IF(COUNTIF(F95:J95,"X")<>1,"FALTA/DUPLA: CONDIÇÃO DO PAVIMENTO",IF(COUNTIF(K95:L95,"X")<>1,"FALTA/DUPLA: VEGETAÇÃO",IF(COUNTIF(M95:O95,"X")<>1,"FALTA/DUPLA: ELEM. DE DRENAGEM",IF(COUNTIF(P95:R95,"X")<>1,"FALTA/DUPLA: SIN. HORIZ.",IF(COUNTIF(S95:U95,"X")<>1,"FALTA/DUPLA: SIN. VERTICAL","OK")))))) -> OK
A96: 010ETO0370 | B96: C | C96: 3 | D96: 4 | E96: =D96-C96 -> 1 | I96: X | L96: X | N96: X | P96: X | T96: X | W96: =IF(COUNTA(F96:U96)=0,"— não preenchido",IF(COUNTIF(F96:J96,"X")<>1,"FALTA/DUPLA: CONDIÇÃO DO PAVIMENTO",IF(COUNTIF(K96:L96,"X")<>1,"FALTA/DUPLA: VEGETAÇÃO",IF(COUNTIF(M96:O96,"X")<>1,"FALTA/DUPLA: ELEM. DE DRENAGEM",IF(COUNTIF(P96:R96,"X")<>1,"FALTA/DUPLA: SIN. HORIZ.",IF(COUNTIF(S96:U96,"X")<>1,"FALTA/DUPLA: SIN. VERTICAL","OK")))))) -> OK
A97: 010ETO0370 | B97: C | C97: 4 | D97: 5 | E97: =D97-C97 -> 1 | F97: X | L97: X | N97: X | P97: X | T97: X | W97: =IF(COUNTA(F97:U97)=0,"— não preenchido",IF(COUNTIF(F97:J97,"X")<>1,"FALTA/DUPLA: CONDIÇÃO DO PAVIMENTO",IF(COUNTIF(K97:L97,"X")<>1,"FALTA/DUPLA: VEGETAÇÃO",IF(COUNTIF(M97:O97,"X")<>1,"FALTA/DUPLA: ELEM. DE DRENAGEM",IF(COUNTIF(P97:R97,"X")<>1,"FALTA/DUPLA: SIN. HORIZ.",IF(COUNTIF(S97:U97,"X")<>1,"FALTA/DUPLA: SIN. VERTICAL","OK")))))) -> OK
A98: 010ETO0370 | B98: C | C98: 5 | D98: 6 | E98: =D98-C98 -> 1 | F98: X | L98: X | N98: X | P98: X | T98: X | W98: =IF(COUNTA(F98:U98)=0,"— não preenchido",IF(COUNTIF(F98:J98,"X")<>1,"FALTA/DUPLA: CONDIÇÃO DO PAVIMENTO",IF(COUNTIF(K98:L98,"X")<>1,"FALTA/DUPLA: VEGETAÇÃO",IF(COUNTIF(M98:O98,"X")<>1,"FALTA/DUPLA: ELEM. DE DRENAGEM",IF(COUNTIF(P98:R98,"X")<>1,"FALTA/DUPLA: SIN. HORIZ.",IF(COUNTIF(S98:U98,"X")<>1,"FALTA/DUPLA: SIN. VERTICAL","OK")))))) -> OK
A99: 010ETO0370 | B99: C | C99: 6 | D99: 7 | E99: =D99-C99 -> 1 | F99: X | L99: X | N99: X | P99: X | T99: X | W99: =IF(COUNTA(F99:U99)=0,"— não preenchido",IF(COUNTIF(F99:J99,"X")<>1,"FALTA/DUPLA: CONDIÇÃO DO PAVIMENTO",IF(COUNTIF(K99:L99,"X")<>1,"FALTA/DUPLA: VEGETAÇÃO",IF(COUNTIF(M99:O99,"X")<>1,"FALTA/DUPLA: ELEM. DE DRENAGEM",IF(COUNTIF(P99:R99,"X")<>1,"FALTA/DUPLA: SIN. HORIZ.",IF(COUNTIF(S99:U99,"X")<>1,"FALTA/DUPLA: SIN. VERTICAL","OK")))))) -> OK
A100: 010ETO0370 | B100: C | C100: 7 | D100: 8 | E100: =D100-C100 -> 1 | F100: X | L100: X | N100: X | P100: X | T100: X | W100: =IF(COUNTA(F100:U100)=0,"— não preenchido",IF(COUNTIF(F100:J100,"X")<>1,"FALTA/DUPLA: CONDIÇÃO DO PAVIMENTO",IF(COUNTIF(K100:L100,"X")<>1,"FALTA/DUPLA: VEGETAÇÃO",IF(COUNTIF(M100:O100,"X")<>1,"FALTA/DUPLA: ELEM. DE DRENAGEM",IF(COUNTIF(P100:R100,"X")<>1,"FALTA/DUPLA: SIN. HORIZ.",IF(COUNTIF(S100:U100,"X")<>1,"FALTA/DUPLA: SIN. VERTICAL","OK")))))) -> OK
A101: 010ETO0370 | B101: C | C101: 8 | D101: 9 | E101: =D101-C101 -> 1 | F101: X | L101: X | N101: X | P101: X | T101: X | W101: =IF(COUNTA(F101:U101)=0,"— não preenchido",IF(COUNTIF(F101:J101,"X")<>1,"FALTA/DUPLA: CONDIÇÃO DO PAVIMENTO",IF(COUNTIF(K101:L101,"X")<>1,"FALTA/DUPLA: VEGETAÇÃO",IF(COUNTIF(M101:O101,"X")<>1,"FALTA/DUPLA: ELEM. DE DRENAGEM",IF(COUNTIF(P101:R101,"X")<>1,"FALTA/DUPLA: SIN. HORIZ.",IF(COUNTIF(S101:U101,"X")<>1,"FALTA/DUPLA: SIN. VERTICAL","OK")))))) -> OK
A102: 010ETO0370 | B102: C | C102: 9 | D102: 10 | E102: =D102-C102 -> 1 | F102: X | L102: X | N102: X | P102: X | T102: X | W102: =IF(COUNTA(F102:U102)=0,"— não preenchido",IF(COUNTIF(F102:J102,"X")<>1,"FALTA/DUPLA: CONDIÇÃO DO PAVIMENTO",IF(COUNTIF(K102:L102,"X")<>1,"FALTA/DUPLA: VEGETAÇÃO",IF(COUNTIF(M102:O102,"X")<>1,"FALTA/DUPLA: ELEM. DE DRENAGEM",IF(COUNTIF(P102:R102,"X")<>1,"FALTA/DUPLA: SIN. HORIZ.",IF(COUNTIF(S102:U102,"X")<>1,"FALTA/DUPLA: SIN. VERTICAL","OK")))))) -> OK
A103: 010ETO0370 | B103: C | C103: 10 | D103: 11 | E103: =D103-C103 -> 1 | F103: X | L103: X | N103: X | P103: X | T103: X | W103: =IF(COUNTA(F103:U103)=0,"— não preenchido",IF(COUNTIF(F103:J103,"X")<>1,"FALTA/DUPLA: CONDIÇÃO DO PAVIMENTO",IF(COUNTIF(K103:L103,"X")<>1,"FALTA/DUPLA: VEGETAÇÃO",IF(COUNTIF(M103:O103,"X")<>1,"FALTA/DUPLA: ELEM. DE DRENAGEM",IF(COUNTIF(P103:R103,"X")<>1,"FALTA/DUPLA: SIN. HORIZ.",IF(COUNTIF(S103:U103,"X")<>1,"FALTA/DUPLA: SIN. VERTICAL","OK")))))) -> OK
A104: 010ETO0370 | B104: C | C104: 11 | D104: 12 | E104: =D104-C104 -> 1 | F104: X | L104: X | N104: X | P104: X | T104: X | W104: =IF(COUNTA(F104:U104)=0,"— não preenchido",IF(COUNTIF(F104:J104,"X")<>1,"FALTA/DUPLA: CONDIÇÃO DO PAVIMENTO",IF(COUNTIF(K104:L104,"X")<>1,"FALTA/DUPLA: VEGETAÇÃO",IF(COUNTIF(M104:O104,"X")<>1,"FALTA/DUPLA: ELEM. DE DRENAGEM",IF(COUNTIF(P104:R104,"X")<>1,"FALTA/DUPLA: SIN. HORIZ.",IF(COUNTIF(S104:U104,"X")<>1,"FALTA/DUPLA: SIN. VERTICAL","OK")))))) -> OK
A105: 010ETO0370 | B105: C | C105: 12 | D105: 13 | E105: =D105-C105 -> 1 | F105: X | L105: X | N105: X | P105: X | T105: X | W105: =IF(COUNTA(F105:U105)=0,"— não preenchido",IF(COUNTIF(F105:J105,"X")<>1,"FALTA/DUPLA: CONDIÇÃO DO PAVIMENTO",IF(COUNTIF(K105:L105,"X")<>1,"FALTA/DUPLA: VEGETAÇÃO",IF(COUNTIF(M105:O105,"X")<>1,"FALTA/DUPLA: ELEM. DE DRENAGEM",IF(COUNTIF(P105:R105,"X")<>1,"FALTA/DUPLA: SIN. HORIZ.",IF(COUNTIF(S105:U105,"X")<>1,"FALTA/DUPLA: SIN. VERTICAL","OK")))))) -> OK
A106: 010ETO0370 | B106: C | C106: 13 | D106: 14 | E106: =D106-C106 -> 1 | F106: X | L106: X | N106: X | P106: X | T106: X | W106: =IF(COUNTA(F106:U106)=0,"— não preenchido",IF(COUNTIF(F106:J106,"X")<>1,"FALTA/DUPLA: CONDIÇÃO DO PAVIMENTO",IF(COUNTIF(K106:L106,"X")<>1,"FALTA/DUPLA: VEGETAÇÃO",IF(COUNTIF(M106:O106,"X")<>1,"FALTA/DUPLA: ELEM. DE DRENAGEM",IF(COUNTIF(P106:R106,"X")<>1,"FALTA/DUPLA: SIN. HORIZ.",IF(COUNTIF(S106:U106,"X")<>1,"FALTA/DUPLA: SIN. VERTICAL","OK")))))) -> OK
A107: 010ETO0370 | B107: C | C107: 14 | D107: 15 | E107: =D107-C107 -> 1 | F107: X | L107: X | N107: X | P107: X | T107: X | W107: =IF(COUNTA(F107:U107)=0,"— não preenchido",IF(COUNTIF(F107:J107,"X")<>1,"FALTA/DUPLA: CONDIÇÃO DO PAVIMENTO",IF(COUNTIF(K107:L107,"X")<>1,"FALTA/DUPLA: VEGETAÇÃO",IF(COUNTIF(M107:O107,"X")<>1,"FALTA/DUPLA: ELEM. DE DRENAGEM",IF(COUNTIF(P107:R107,"X")<>1,"FALTA/DUPLA: SIN. HORIZ.",IF(COUNTIF(S107:U107,"X")<>1,"FALTA/DUPLA: SIN. VERTICAL","OK")))))) -> OK
A108: 010ETO0370 | B108: C | C108: 15 | D108: 16 | E108: =D108-C108 -> 1 | F108: X | L108: X | N108: X | P108: X | T108: X | W108: =IF(COUNTA(F108:U108)=0,"— não preenchido",IF(COUNTIF(F108:J108,"X")<>1,"FALTA/DUPLA: CONDIÇÃO DO PAVIMENTO",IF(COUNTIF(K108:L108,"X")<>1,"FALTA/DUPLA: VEGETAÇÃO",IF(COUNTIF(M108:O108,"X")<>1,"FALTA/DUPLA: ELEM. DE DRENAGEM",IF(COUNTIF(P108:R108,"X")<>1,"FALTA/DUPLA: SIN. HORIZ.",IF(COUNTIF(S108:U108,"X")<>1,"FALTA/DUPLA: SIN. VERTICAL","OK")))))) -> OK
... A119: 010ETO0370 | B119: C | C119: 26 | D119: 26.227299 | E119: =D119-C119 -> 0.22729898 | F119: X | L119: X | N119: X | P119: X | T119: X | W119: =IF(COUNTA(F119:U119)=0,"— não preenchido",IF(COUNTIF(F119:J119,"X")<>1,"FALTA/DUPLA: CONDIÇÃO DO PAVIMENTO",IF(COUNTIF(K119:L119,"X")<>1,"FALTA/DUPLA: VEGETAÇÃO",IF(COUNTIF(M119:O119,"X")<>1,"FALTA/DUPLA: ELEM. DE DRENAGEM",IF(COUNTIF(P119:R119,"X")<>1,"FALTA/DUPLA: SIN. HORIZ.",IF(COUNTIF(S119:U119,"X")<>1,"FALTA/DUPLA: SIN. VERTICAL","OK")))))) -> OK
A121: ____________________________________________ | G121: ____________________________________________
A122: TÉCNICO RESPONSÁVEL PELA INSPEÇÃO | G122: VISTO DA SUPERVISÃO
A124: RESUMO DO TRECHO — KM LANÇADO POR ITEM
A125: KM LANÇADO | F125: =SUMIF(F$9:F$119,"X",$E$9:$E$119) -> 93.384097 | G125: =SUMIF(G$9:G$119,"X",$E$9:$E$119) -> 2 | H125: =SUMIF(H$9:H$119,"X",$E$9:$E$119) -> 2.6612658 | I125: =SUMIF(I$9:I$119,"X",$E$9:$E$119) -> 3 | J125: =SUMIF(J$9:J$119,"X",$E$9:$E$119) -> 0 | K125: =SUMIF(K$9:K$119,"X",$E$9:$E$119) -> 0 | L125: =SUMIF(L$9:L$119,"X",$E$9:$E$119) -> 101.04536 | M125: =SUMIF(M$9:M$119,"X",$E$9:$E$119) -> 0 | ... U125: =SUMIF(U$9:U$119,"X",$E$9:$E$119) -> 0
...

Sheet 75
A1: PROGRAMA DE MANUTENÇÃO RODOVIÁRIA — FICHA DE INSPEÇÃO — RODOVIAS PAVIMENTADAS | Y1: Valores dos gráficos — troca 0 por N/D para a fatia não aparecer. Não editar.
A2: REGIÃO: 3 — ARAGUAÍNA II | G2: MÊS / ANO: | I2: =IF('68'!I2="","",'68'!I2) -> 46235 | K2: DATA: | N2: =IF('68'!N2="","",'68'!N2) | P2: TÉCNICO: | R2: ENG. VINICIUS RODRIGUES FERREIRA DE OLIVEIRA | Y2: =IF(F17=0,NA(),F17) -> #N/A | Z2: =IF(G17=0,NA(),G17) -> 2.154377 | AA2: =IF(H17=0,NA(),H17) -> #N/A | AB2: =IF(I17=0,NA(),I17) -> #N/A | AC2: =IF(J17=0,NA(),J17) -> #N/A | AD2: =IF(K17=0,NA(),K17) -> 2.154377 | AE2: =IF(L17=0,NA(),L17) -> #N/A | AF2: =IF(M17=0,NA(),M17) -> 2.154377 | ... AN2: =IF(U17=0,NA(),U17) -> 1.154377
A3: TRECHO 75 — RODOVIA TO-226 - TRECHO NOVA OLINDA - ENTR. TO-010 | T3: EXTENSÃO: 2,154 km · 1 S.R.E.
A4: COMO PREENCHER: uma X em UMA coluna de cada grupo, por linha. Se houver mais de um defeito no mesmo km, marque o PREDOMINANTE e escreva o resto em OBSERVAÇÕES. A quilometragem é contada de 0 até o fim de CADA S.R.E. (não é o marco da rodovia).
A6: S.R.E. | B6: SENT. | C6: INÍCIO (KM) | D6: FIM (KM) | E6: EXT. (KM) | F6: CONDIÇÃO DO PAVIMENTO | K6: VEGETAÇÃO | M6: ELEM. DE DRENAGEM | P6: SIN. HORIZ. | S6: SIN. VERTICAL | V6: OBSERVAÇÕES | W6: CONFERÊNCIA (só na tela)
F7: BOM | G7: REM. I. | H7: REM. L. | I7: BUR. I. | J7: BUR. L. | K7: ADEQ. | L7: INAD. | M7: LIMPOS | N7: SUJOS | O7: DAN. | P7: BOM | Q7: REG. | R7: INEXIST. | S7: BOM | T7: POUCAS | U7: INEXIST.
A8: S.R.E. 226ETO0201 | NOVA OLINDA *TRECHO URBANO* | PSU · Municipal · 2.154 km · início: -7.638734, -48.416054
A9: 226ETO0201 | B9: C | C9: 0 | D9: 1 | E9: =D9-C9 -> 1 | G9: X | K9: X | M9: X | Q9: X | S9: X | W9: =IF(COUNTA(F9:U9)=0,"— não preenchido",IF(COUNTIF(F9:J9,"X")<>1,"FALTA/DUPLA: CONDIÇÃO DO PAVIMENTO",IF(COUNTIF(K9:L9,"X")<>1,"FALTA/DUPLA: VEGETAÇÃO",IF(COUNTIF(M9:O9,"X")<>1,"FALTA/DUPLA: ELEM. DE DRENAGEM",IF(COUNTIF(P9:R9,"X")<>1,"FALTA/DUPLA: SIN. HORIZ.",IF(COUNTIF(S9:U9,"X")<>1,"FALTA/DUPLA: SIN. VERTICAL","OK")))))) -> OK
A10: 226ETO0201 | B10: C | C10: 1 | D10: 2 | E10: =D10-C10 -> 1 | G10: X | K10: X | M10: X | R10: X | U10: X | W10: =IF(COUNTA(F10:U10)=0,"— não preenchido",IF(COUNTIF(F10:J10,"X")<>1,"FALTA/DUPLA: CONDIÇÃO DO PAVIMENTO",IF(COUNTIF(K10:L10,"X")<>1,"FALTA/DUPLA: VEGETAÇÃO",IF(COUNTIF(M10:O10,"X")<>1,"FALTA/DUPLA: ELEM. DE DRENAGEM",IF(COUNTIF(P10:R10,"X")<>1,"FALTA/DUPLA: SIN. HORIZ.",IF(COUNTIF(S10:U10,"X")<>1,"FALTA/DUPLA: SIN. VERTICAL","OK")))))) -> OK
A11: 226ETO0201 | B11: C | C11: 2 | D11: 2.154377 | E11: =D11-C11 -> 0.15437702 | G11: X | K11: X | M11: X | R11: X | U11: X | W11: =IF(COUNTA(F11:U11)=0,"— não preenchido",IF(COUNTIF(F11:J11,"X")<>1,"FALTA/DUPLA: CONDIÇÃO DO PAVIMENTO",IF(COUNTIF(K11:L11,"X")<>1,"FALTA/DUPLA: VEGETAÇÃO",IF(COUNTIF(M11:O11,"X")<>1,"FALTA/DUPLA: ELEM. DE DRENAGEM",IF(COUNTIF(P11:R11,"X")<>1,"FALTA/DUPLA: SIN. HORIZ.",IF(COUNTIF(S11:U11,"X")<>1,"FALTA/DUPLA: SIN. VERTICAL","OK")))))) -> OK
A13: ____________________________________________ | G13: ____________________________________________
A14: TÉCNICO RESPONSÁVEL PELA INSPEÇÃO | G14: VISTO DA SUPERVISÃO
A16: RESUMO DO TRECHO — KM LANÇADO POR ITEM
A17: KM LANÇADO | F17: =SUMIF(F$9:F$11,"X",$E$9:$E$11) -> 0 | G17: =SUMIF(G$9:G$11,"X",$E$9:$E$11) -> 2.154377 | H17: =SUMIF(H$9:H$11,"X",$E$9:$E$11) -> 0 | I17: =SUMIF(I$9:I$11,"X",$E$9:$E$11) -> 0 | J17: =SUMIF(J$9:J$11,"X",$E$9:$E$11) -> 0 | K17: =SUMIF(K$9:K$11,"X",$E$9:$E$11) -> 2.154377 | L17: =SUMIF(L$9:L$11,"X",$E$9:$E$11) -> 0 | M17: =SUMIF(M$9:M$11,"X",$E$9:$E$11) -> 2.154377 | ... U17: =SUMIF(U$9:U$11,"X",$E$9:$E$11) -> 1.154377
A18: % DA EXTENSÃO | F18: =IF($R20=0,0,F17/$R20) -> 0 | G18: =IF($R20=0,0,G17/$R20) -> 1 | H18: =IF($R20=0,0,H17/$R20) -> 0 | I18: =IF($R20=0,0,I17/$R20) -> 0 | J18: =IF($R20=0,0,J17/$R20) -> 0 | K18: =IF($R20=0,0,K17/$R20) -> 1 | L18: =IF($R20=0,0,L17/$R20) -> 0 | M18: =IF($R20=0,0,M17/$R20) -> 1 | ... U18: =IF($R20=0,0,U17/$R20) -> 0.53582869
A19: CONFERÊNCIA POR GRUPO | F19: =IF(SUM(F17:J17)=0,"— não preenchido",IF(ROUND(SUM(F17:J17)-$R20,3)=0,"OK — "&ROUND(SUM(F17:J17),3)&" km","ERRO — dif. de "&ROUND(SUM(F17:J17)-$R20,3)&" km")) -> OK — 2,154 km | K19: =IF(SUM(K17:L17)=0,"— não preenchido",IF(ROUND(SUM(K17:L17)-$R20,3)=0,"OK — "&ROUND(SUM(K17:L17),3)&" km","ERRO — dif. de "&ROUND(SUM(K17:L17)-$R20,3)&" km")) -> OK — 2,154 km | M19: =IF(SUM(M17:O17)=0,"— não preenchido",IF(ROUND(SUM(M17:O17)-$R20,3)=0,"OK — "&ROUND(SUM(M17:O17),3)&" km","ERRO — dif. de "&ROUND(SUM(M17:O17)-$R20,3)&" km")) -> OK — 2,154 km | P19: =IF(SUM(P17:R17)=0,"— não preenchido",IF(ROUND(SUM(P17:R17)-$R20,3)=0,"OK — "&ROUND(SUM(P17:R17),3)&" km","ERRO — dif. de "&ROUND(SUM(P17:R17)-$R20,3)&" km")) -> OK — 2,154 km | S19: =IF(SUM(S17:U17)=0,"— não preenchido",IF(ROUND(SUM(S17:U17)-$R20,3)=0,"OK — "&ROUND(SUM(S17:U17),3)&" km","ERRO — dif. de "&ROUND(SUM(S17:U17)-$R20,3)&" km")) -> OK — 2,154 km
A20: EXTENSÃO TOTAL DO TRECHO | R20: =SUM(E9:E11) -> 2.154377 | V20: =COUNTIF(W9:W11,"OK")&" de "&COUNT($E$9:$E$11)&" linhas conferidas" -> 3 de 3 linhas conferidas
A22: LEGENDA
A23: REM. I. / REM. L. | E23: Remendos isolados (até 10 por km) · Remendos ao longo (mais de 10 por km)
A24: BUR. I. / BUR. L. | E24: Buracos isolados (até 5 por km) · Buracos ao longo (mais de 5 por km)
A25: SIT. | E25: PPS = pista simples · PSU = simples urbana · PDU = duplicada
A26: FAIXA AZUL | E26: Cabeçalho de cada S.R.E.: descrição, situação, jurisdição, extensão e coordenada de início.
A27: INÍCIO / FIM (KM) | E27: Contados de 0 até o fim de CADA S.R.E. Não é o marco quilométrico da rodovia.
A28: SENT. | E28: C = crescente · D = decrescente
A29: FAIXA CINZA | E29: Segmento fora do escopo do contrato: você passa por ele, mas não preenche.
A30: CÉLULA VERMELHA | E30: Mais de uma X no mesmo grupo. Apague uma delas.
A31: CONFERÊNCIA | E31: Só na tela, não sai impresso. Fica OK com uma X em cada grupo.

Sheet 77
A1: PROGRAMA DE MANUTENÇÃO RODOVIÁRIA — FICHA DE INSPEÇÃO — RODOVIAS PAVIMENTADAS | Y1: Valores dos gráficos — troca 0 por N/D para a fatia não aparecer. Não editar.
A2: REGIÃO: 3 — ARAGUAÍNA II | G2: MÊS / ANO: | I2: =IF('68'!I2="","",'68'!I2) -> 46235 | K2: DATA: | N2: =IF('68'!N2="","",'68'!N2) | P2: TÉCNICO: | R2: ENG. VINICIUS RODRIGUES FERREIRA DE OLIVEIRA | Y2: =IF(F116=0,NA(),F116) -> 72.748665 | Z2: =IF(G116=0,NA(),G116) -> 7 | AA2: =IF(H116=0,NA(),H116) -> 12.2995 | AB2: =IF(I116=0,NA(),I116) -> #N/A | AC2: =IF(J116=0,NA(),J116) -> #N/A | AD2: =IF(K116=0,NA(),K116) -> 92.048164 | AE2: =IF(L116=0,NA(),L116) -> #N/A | AF2: =IF(M116=0,NA(),M116) -> 7.6907709 | ... AN2: =IF(U116=0,NA(),U116) -> 48.423933
A3: TRECHO 77 — RODOVIA TO-226 - TRECHO GOIATINS - CAMPOS LINDOS - DIV TO-MA | T3: EXTENSÃO: 92,048 km · 7 S.R.E.
A4: COMO PREENCHER: uma X em UMA coluna de cada grupo, por linha. Se houver mais de um defeito no mesmo km, marque o PREDOMINANTE e escreva o resto em OBSERVAÇÕES. A quilometragem é contada de 0 até o fim de CADA S.R.E. (não é o marco da rodovia).
A6: S.R.E. | B6: SENT. | C6: INÍCIO (KM) | D6: FIM (KM) | E6: EXT. (KM) | F6: CONDIÇÃO DO PAVIMENTO | K6: VEGETAÇÃO | M6: ELEM. DE DRENAGEM | P6: SIN. HORIZ. | S6: SIN. VERTICAL | V6: OBSERVAÇÕES | W6: CONFERÊNCIA (só na tela)
F7: BOM | G7: REM. I. | H7: REM. L. | I7: BUR. I. | J7: BUR. L. | K7: ADEQ. | L7: INAD. | M7: LIMPOS | N7: SUJOS | O7: DAN. | P7: BOM | Q7: REG. | R7: INEXIST. | S7: BOM | T7: POUCAS | U7: INEXIST.
A8: S.R.E. 226ETO0010 | DIV TO-MA - ENTR. TO-020 (CAMPOS LINDOS) | PPS · Estadual · 1.691 km · início: -7.952226, -46.811001
A9: 226ETO0010 | B9: C | C9: 0 | D9: 1 | E9: =D9-C9 -> 1 | F9: X | K9: X | M9: X | Q9: X | T9: X | W9: =IF(COUNTA(F9:U9)=0,"— não preenchido",IF(COUNTIF(F9:J9,"X")<>1,"FALTA/DUPLA: CONDIÇÃO DO PAVIMENTO",IF(COUNTIF(K9:L9,"X")<>1,"FALTA/DUPLA: VEGETAÇÃO",IF(COUNTIF(M9:O9,"X")<>1,"FALTA/DUPLA: ELEM. DE DRENAGEM",IF(COUNTIF(P9:R9,"X")<>1,"FALTA/DUPLA: SIN. HORIZ.",IF(COUNTIF(S9:U9,"X")<>1,"FALTA/DUPLA: SIN. VERTICAL","OK")))))) -> OK
A10: 226ETO0010 | B10: C | C10: 1 | D10: 1.6907709 | E10: =D10-C10 -> 0.69077087 | F10: X | K10: X | M10: X | Q10: X | T10: X | W10: =IF(COUNTA(F10:U10)=0,"— não preenchido",IF(COUNTIF(F10:J10,"X")<>1,"FALTA/DUPLA: CONDIÇÃO DO PAVIMENTO",IF(COUNTIF(K10:L10,"X")<>1,"FALTA/DUPLA: VEGETAÇÃO",IF(COUNTIF(M10:O10,"X")<>1,"FALTA/DUPLA: ELEM. DE DRENAGEM",IF(COUNTIF(P10:R10,"X")<>1,"FALTA/DUPLA: SIN. HORIZ.",IF(COUNTIF(S10:U10,"X")<>1,"FALTA/DUPLA: SIN. VERTICAL","OK")))))) -> OK
A11: S.R.E. 226ETO0020 | ENTR. TO-020 (CAMPOS LINDOS) - ENTR. TO-428 | PPS · Estadual · 10.299 km · início: -7.980143, -46.805589
A12: 226ETO0020 | B12: C | C12: 0 | D12: 1 | E12: =D12-C12 -> 1 | F12: X | K12: X | N12: X | P12: X | U12: X | W12: =IF(COUNTA(F12:U12)=0,"— não preenchido",IF(COUNTIF(F12:J12,"X")<>1,"FALTA/DUPLA: CONDIÇÃO DO PAVIMENTO",IF(COUNTIF(K12:L12,"X")<>1,"FALTA/DUPLA: VEGETAÇÃO",IF(COUNTIF(M12:O12,"X")<>1,"FALTA/DUPLA: ELEM. DE DRENAGEM",IF(COUNTIF(P12:R12,"X")<>1,"FALTA/DUPLA: SIN. HORIZ.",IF(COUNTIF(S12:U12,"X")<>1,"FALTA/DUPLA: SIN. VERTICAL","OK")))))) -> OK
A13: 226ETO0020 | B13: C | C13: 1 | D13: 2 | E13: =D13-C13 -> 1 | F13: X | K13: X | M13: X | P13: X | U13: X | W13: =IF(COUNTA(F13:U13)=0,"— não preenchido",IF(COUNTIF(F13:J13,"X")<>1,"FALTA/DUPLA: CONDIÇÃO DO PAVIMENTO",IF(COUNTIF(K13:L13,"X")<>1,"FALTA/DUPLA: VEGETAÇÃO",IF(COUNTIF(M13:O13,"X")<>1,"FALTA/DUPLA: ELEM. DE DRENAGEM",IF(COUNTIF(P13:R13,"X")<>1,"FALTA/DUPLA: SIN. HORIZ.",IF(COUNTIF(S13:U13,"X")<>1,"FALTA/DUPLA: SIN. VERTICAL","OK")))))) -> OK
A14: 226ETO0020 | B14: C | C14: 2 | D14: 3 | E14: =D14-C14 -> 1 | F14: X | K14: X | M14: X | P14: X | U14: X | W14: =IF(COUNTA(F14:U14)=0,"— não preenchido",IF(COUNTIF(F14:J14,"X")<>1,"FALTA/DUPLA: CONDIÇÃO DO PAVIMENTO",IF(COUNTIF(K14:L14,"X")<>1,"FALTA/DUPLA: VEGETAÇÃO",IF(COUNTIF(M14:O14,"X")<>1,"FALTA/DUPLA: ELEM. DE DRENAGEM",IF(COUNTIF(P14:R14,"X")<>1,"FALTA/DUPLA: SIN. HORIZ.",IF(COUNTIF(S14:U14,"X")<>1,"FALTA/DUPLA: SIN. VERTICAL","OK")))))) -> OK
A15: 226ETO0020 | B15: C | C15: 3 | D15: 4 | E15: =D15-C15 -> 1 | F15: X | K15: X | M15: X | P15: X | U15: X | W15: =IF(COUNTA(F15:U15)=0,"— não preenchido",IF(COUNTIF(F15:J15,"X")<>1,"FALTA/DUPLA: CONDIÇÃO DO PAVIMENTO",IF(COUNTIF(K15:L15,"X")<>1,"FALTA/DUPLA: VEGETAÇÃO",IF(COUNTIF(M15:O15,"X")<>1,"FALTA/DUPLA: ELEM. DE DRENAGEM",IF(COUNTIF(P15:R15,"X")<>1,"FALTA/DUPLA: SIN. HORIZ.",IF(COUNTIF(S15:U15,"X")<>1,"FALTA/DUPLA: SIN. VERTICAL","OK")))))) -> OK
A16: 226ETO0020 | B16: C | C16: 4 | D16: 5 | E16: =D16-C16 -> 1 | F16: X | K16: X | M16: X | P16: X | U16: X | W16: =IF(COUNTA(F16:U16)=0,"— não preenchido",IF(COUNTIF(F16:J16,"X")<>1,"FALTA/DUPLA: CONDIÇÃO DO PAVIMENTO",IF(COUNTIF(K16:L16,"X")<>1,"FALTA/DUPLA: VEGETAÇÃO",IF(COUNTIF(M16:O16,"X")<>1,"FALTA/DUPLA: ELEM. DE DRENAGEM",IF(COUNTIF(P16:R16,"X")<>1,"FALTA/DUPLA: SIN. HORIZ.",IF(COUNTIF(S16:U16,"X")<>1,"FALTA/DUPLA: SIN. VERTICAL","OK")))))) -> OK
A17: 226ETO0020 | B17: C | C17: 5 | D17: 6 | E17: =D17-C17 -> 1 | F17: X | K17: X | M17: X | P17: X | U17: X | W17: =IF(COUNTA(F17:U17)=0,"— não preenchido",IF(COUNTIF(F17:J17,"X")<>1,"FALTA/DUPLA: CONDIÇÃO DO PAVIMENTO",IF(COUNTIF(K17:L17,"X")<>1,"FALTA/DUPLA: VEGETAÇÃO",IF(COUNTIF(M17:O17,"X")<>1,"FALTA/DUPLA: ELEM. DE DRENAGEM",IF(COUNTIF(P17:R17,"X")<>1,"FALTA/DUPLA: SIN. HORIZ.",IF(COUNTIF(S17:U17,"X")<>1,"FALTA/DUPLA: SIN. VERTICAL","OK")))))) -> OK
A18: 226ETO0020 | B18: C | C18: 6 | D18: 7 | E18: =D18-C18 -> 1 | F18: X | K18: X | M18: X | P18: X | U18: X | W18: =IF(COUNTA(F18:U18)=0,"— não preenchido",IF(COUNTIF(F18:J18,"X")<>1,"FALTA/DUPLA: CONDIÇÃO DO PAVIMENTO",IF(COUNTIF(K18:L18,"X")<>1,"FALTA/DUPLA: VEGETAÇÃO",IF(COUNTIF(M18:O18,"X")<>1,"FALTA/DUPLA: ELEM. DE DRENAGEM",IF(COUNTIF(P18:R18,"X")<>1,"FALTA/DUPLA: SIN. HORIZ.",IF(COUNTIF(S18:U18,"X")<>1,"FALTA/DUPLA: SIN. VERTICAL","OK")))))) -> OK
A19: 226ETO0020 | B19: C | C19: 7 | D19: 8 | E19: =D19-C19 -> 1 | F19: X | K19: X | N19: X | P19: X | U19: X | W19: =IF(COUNTA(F19:U19)=0,"— não preenchido",IF(COUNTIF(F19:J19,"X")<>1,"FALTA/DUPLA: CONDIÇÃO DO PAVIMENTO",IF(COUNTIF(K19:L19,"X")<>1,"FALTA/DUPLA: VEGETAÇÃO",IF(COUNTIF(M19:O19,"X")<>1,"FALTA/DUPLA: ELEM. DE DRENAGEM",IF(COUNTIF(P19:R19,"X")<>1,"FALTA/DUPLA: SIN. HORIZ.",IF(COUNTIF(S19:U19,"X")<>1,"FALTA/DUPLA: SIN. VERTICAL","OK")))))) -> OK
A20: 226ETO0020 | B20: C | C20: 8 | D20: 9 | E20: =D20-C20 -> 1 | H20: X | K20: X | N20: X | P20: X | U20: X | W20: =IF(COUNTA(F20:U20)=0,"— não preenchido",IF(COUNTIF(F20:J20,"X")<>1,"FALTA/DUPLA: CONDIÇÃO DO PAVIMENTO",IF(COUNTIF(K20:L20,"X")<>1,"FALTA/DUPLA: VEGETAÇÃO",IF(COUNTIF(M20:O20,"X")<>1,"FALTA/DUPLA: ELEM. DE DRENAGEM",IF(COUNTIF(P20:R20,"X")<>1,"FALTA/DUPLA: SIN. HORIZ.",IF(COUNTIF(S20:U20,"X")<>1,"FALTA/DUPLA: SIN. VERTICAL","OK")))))) -> OK
A21: 226ETO0020 | B21: C | C21: 9 | D21: 10 | E21: =D21-C21 -> 1 | H21: X | K21: X | N21: X | P21: X | U21: X | W21: =IF(COUNTA(F21:U21)=0,"— não preenchido",IF(COUNTIF(F21:J21,"X")<>1,"FALTA/DUPLA: CONDIÇÃO DO PAVIMENTO",IF(COUNTIF(K21:L21,"X")<>1,"FALTA/DUPLA: VEGETAÇÃO",IF(COUNTIF(M21:O21,"X")<>1,"FALTA/DUPLA: ELEM. DE DRENAGEM",IF(COUNTIF(P21:R21,"X")<>1,"FALTA/DUPLA: SIN. HORIZ.",IF(COUNTIF(S21:U21,"X")<>1,"FALTA/DUPLA: SIN. VERTICAL","OK")))))) -> OK
A22: 226ETO0020 | B22: C | C22: 10 | D22: 10.2995 | E22: =D22-C22 -> 0.29949982 | H22: X | K22: X | N22: X | P22: X | U22: X | W22: =IF(COUNTA(F22:U22)=0,"— não preenchido",IF(COUNTIF(F22:J22,"X")<>1,"FALTA/DUPLA: CONDIÇÃO DO PAVIMENTO",IF(COUNTIF(K22:L22,"X")<>1,"FALTA/DUPLA: VEGETAÇÃO",IF(COUNTIF(M22:O22,"X")<>1,"FALTA/DUPLA: ELEM. DE DRENAGEM",IF(COUNTIF(P22:R22,"X")<>1,"FALTA/DUPLA: SIN. HORIZ.",IF(COUNTIF(S22:U22,"X")<>1,"FALTA/DUPLA: SIN. VERTICAL","OK")))))) -> OK
A23: S.R.E. 226ETO0030 | ENTR. TO-428 - TRECHO BARRA DA ESTIVA | PPS · Estadual · 37.295 km · início: -8.039994, -46.848628
A24: 226ETO0030 | B24: C | C24: 0 | D24: 1 | E24: =D24-C24 -> 1 | F24: X | K24: X | N24: X | P24: X | T24: X | W24: =IF(COUNTA(F24:U24)=0,"— não preenchido",IF(COUNTIF(F24:J24,"X")<>1,"FALTA/DUPLA: CONDIÇÃO DO PAVIMENTO",IF(COUNTIF(K24:L24,"X")<>1,"FALTA/DUPLA: VEGETAÇÃO",IF(COUNTIF(M24:O24,"X")<>1,"FALTA/DUPLA: ELEM. DE DRENAGEM",IF(COUNTIF(P24:R24,"X")<>1,"FALTA/DUPLA: SIN. HORIZ.",IF(COUNTIF(S24:U24,"X")<>1,"FALTA/DUPLA: SIN. VERTICAL","OK")))))) -> OK
A25: 226ETO0030 | B25: C | C25: 1 | D25: 2 | E25: =D25-C25 -> 1 | F25: X | K25: X | N25: X | P25: X | T25: X | W25: =IF(COUNTA(F25:U25)=0,"— não preenchido",IF(COUNTIF(F25:J25,"X")<>1,"FALTA/DUPLA: CONDIÇÃO DO PAVIMENTO",IF(COUNTIF(K25:L25,"X")<>1,"FALTA/DUPLA: VEGETAÇÃO",IF(COUNTIF(M25:O25,"X")<>1,"FALTA/DUPLA: ELEM. DE DRENAGEM",IF(COUNTIF(P25:R25,"X")<>1,"FALTA/DUPLA: SIN. HORIZ.",IF(COUNTIF(S25:U25,"X")<>1,"FALTA/DUPLA: SIN. VERTICAL","OK")))))) -> OK
A26: 226ETO0030 | B26: C | C26: 2 | D26: 3 | E26: =D26-C26 -> 1 | F26: X | K26: X | N26: X | P26: X | T26: X | W26: =IF(COUNTA(F26:U26)=0,"— não preenchido",IF(COUNTIF(F26:J26,"X")<>1,"FALTA/DUPLA: CONDIÇÃO DO PAVIMENTO",IF(COUNTIF(K26:L26,"X")<>1,"FALTA/DUPLA: VEGETAÇÃO",IF(COUNTIF(M26:O26,"X")<>1,"FALTA/DUPLA: ELEM. DE DRENAGEM",IF(COUNTIF(P26:R26,"X")<>1,"FALTA/DUPLA: SIN. HORIZ.",IF(COUNTIF(S26:U26,"X")<>1,"FALTA/DUPLA: SIN. VERTICAL","OK")))))) -> OK
A27: 226ETO0030 | B27: C | C27: 3 | D27: 4 | E27: =D27-C27 -> 1 | F27: X | K27: X | N27: X | P27: X | T27: X | W27: =IF(COUNTA(F27:U27)=0,"— não preenchido",IF(COUNTIF(F27:J27,"X")<>1,"FALTA/DUPLA: CONDIÇÃO DO PAVIMENTO",IF(COUNTIF(K27:L27,"X")<>1,"FALTA/DUPLA: VEGETAÇÃO",IF(COUNTIF(M27:O27,"X")<>1,"FALTA/DUPLA: ELEM. DE DRENAGEM",IF(COUNTIF(P27:R27,"X")<>1,"FALTA/DUPLA: SIN. HORIZ.",IF(COUNTIF(S27:U27,"X")<>1,"FALTA/DUPLA: SIN. VERTICAL","OK")))))) -> OK
A28: 226ETO0030 | B28: C | C28: 4 | D28: 5 | E28: =D28-C28 -> 1 | F28: X | K28: X | N28: X | P28: X | T28: X | W28: =IF(COUNTA(F28:U28)=0,"— não preenchido",IF(COUNTIF(F28:J28,"X")<>1,"FALTA/DUPLA: CONDIÇÃO DO PAVIMENTO",IF(COUNTIF(K28:L28,"X")<>1,"FALTA/DUPLA: VEGETAÇÃO",IF(COUNTIF(M28:O28,"X")<>1,"FALTA/DUPLA: ELEM. DE DRENAGEM",IF(COUNTIF(P28:R28,"X")<>1,"FALTA/DUPLA: SIN. HORIZ.",IF(COUNTIF(S28:U28,"X")<>1,"FALTA/DUPLA: SIN. VERTICAL","OK")))))) -> OK
A29: 226ETO0030 | B29: C | C29: 5 | D29: 6 | E29: =D29-C29 -> 1 | G29: X | K29: X | N29: X | P29: X | T29: X | W29: =IF(COUNTA(F29:U29)=0,"— não preenchido",IF(COUNTIF(F29:J29,"X")<>1,"FALTA/DUPLA: CONDIÇÃO DO PAVIMENTO",IF(COUNTIF(K29:L29,"X")<>1,"FALTA/DUPLA: VEGETAÇÃO",IF(COUNTIF(M29:O29,"X")<>1,"FALTA/DUPLA: ELEM. DE DRENAGEM",IF(COUNTIF(P29:R29,"X")<>1,"FALTA/DUPLA: SIN. HORIZ.",IF(COUNTIF(S29:U29,"X")<>1,"FALTA/DUPLA: SIN. VERTICAL","OK")))))) -> OK
A30: 226ETO0030 | B30: C | C30: 6 | D30: 7 | E30: =D30-C30 -> 1 | G30: X | K30: X | N30: X | P30: X | T30: X | W30: =IF(COUNTA(F30:U30)=0,"— não preenchido",IF(COUNTIF(F30:J30,"X")<>1,"FALTA/DUPLA: CONDIÇÃO DO PAVIMENTO",IF(COUNTIF(K30:L30,"X")<>1,"FALTA/DUPLA: VEGETAÇÃO",IF(COUNTIF(M30:O30,"X")<>1,"FALTA/DUPLA: ELEM. DE DRENAGEM",IF(COUNTIF(P30:R30,"X")<>1,"FALTA/DUPLA: SIN. HORIZ.",IF(COUNTIF(S30:U30,"X")<>1,"FALTA/DUPLA: SIN. VERTICAL","OK")))))) -> OK
A31: 226ETO0030 | B31: C | C31: 7 | D31: 8 | E31: =D31-C31 -> 1 | G31: X | K31: X | N31: X | P31: X | T31: X | W31: =IF(COUNTA(F31:U31)=0,"— não preenchido",IF(COUNTIF(F31:J31,"X")<>1,"FALTA/DUPLA: CONDIÇÃO DO PAVIMENTO",IF(COUNTIF(K31:L31,"X")<>1,"FALTA/DUPLA: VEGETAÇÃO",IF(COUNTIF(M31:O31,"X")<>1,"FALTA/DUPLA: ELEM. DE DRENAGEM",IF(COUNTIF(P31:R31,"X")<>1,"FALTA/DUPLA: SIN. HORIZ.",IF(COUNTIF(S31:U31,"X")<>1,"FALTA/DUPLA: SIN. VERTICAL","OK")))))) -> OK
A32: 226ETO0030 | B32: C | C32: 8 | D32: 9 | E32: =D32-C32 -> 1 | G32: X | K32: X | N32: X | P32: X | T32: X | W32: =IF(COUNTA(F32:U32)=0,"— não preenchido",IF(COUNTIF(F32:J32,"X")<>1,"FALTA/DUPLA: CONDIÇÃO DO PAVIMENTO",IF(COUNTIF(K32:L32,"X")<>1,"FALTA/DUPLA: VEGETAÇÃO",IF(COUNTIF(M32:O32,"X")<>1,"FALTA/DUPLA: ELEM. DE DRENAGEM",IF(COUNTIF(P32:R32,"X")<>1,"FALTA/DUPLA: SIN. HORIZ.",IF(COUNTIF(S32:U32,"X")<>1,"FALTA/DUPLA: SIN. VERTICAL","OK")))))) -> OK
A33: 226ETO0030 | B33: C | C33: 9 | D33: 10 | E33: =D33-C33 -> 1 | G33: X | K33: X | N33: X | P33: X | T33: X | W33: =IF(COUNTA(F33:U33)=0,"— não preenchido",IF(COUNTIF(F33:J33,"X")<>1,"FALTA/DUPLA: CONDIÇÃO DO PAVIMENTO",IF(COUNTIF(K33:L33,"X")<>1,"FALTA/DUPLA: VEGETAÇÃO",IF(COUNTIF(M33:O33,"X")<>1,"FALTA/DUPLA: ELEM. DE DRENAGEM",IF(COUNTIF(P33:R33,"X")<>1,"FALTA/DUPLA: SIN. HORIZ.",IF(COUNTIF(S33:U33,"X")<>1,"FALTA/DUPLA: SIN. VERTICAL","OK")))))) -> OK
A34: 226ETO0030 | B34: C | C34: 10 | D34: 11 | E34: =D34-C34 -> 1 | F34: X | K34: X | N34: X | P34: X | T34: X | W34: =IF(COUNTA(F34:U34)=0,"— não preenchido",IF(COUNTIF(F34:J34,"X")<>1,"FALTA/DUPLA: CONDIÇÃO DO PAVIMENTO",IF(COUNTIF(K34:L34,"X")<>1,"FALTA/DUPLA: VEGETAÇÃO",IF(COUNTIF(M34:O34,"X")<>1,"FALTA/DUPLA: ELEM. DE DRENAGEM",IF(COUNTIF(P34:R34,"X")<>1,"FALTA/DUPLA: SIN. HORIZ.",IF(COUNTIF(S34:U34,"X")<>1,"FALTA/DUPLA: SIN. VERTICAL","OK")))))) -> OK
A35: 226ETO0030 | B35: C | C35: 11 | D35: 12 | E35: =D35-C35 -> 1 | F35: X | K35: X | N35: X | P35: X | T35: X | W35: =IF(COUNTA(F35:U35)=0,"— não preenchido",IF(COUNTIF(F35:J35,"X")<>1,"FALTA/DUPLA: CONDIÇÃO DO PAVIMENTO",IF(COUNTIF(K35:L35,"X")<>1,"FALTA/DUPLA: VEGETAÇÃO",IF(COUNTIF(M35:O35,"X")<>1,"FALTA/DUPLA: ELEM. DE DRENAGEM",IF(COUNTIF(P35:R35,"X")<>1,"FALTA/DUPLA: SIN. HORIZ.",IF(COUNTIF(S35:U35,"X")<>1,"FALTA/DUPLA: SIN. VERTICAL","OK")))))) -> OK
A36: 226ETO0030 | B36: C | C36: 12 | D36: 13 | E36: =D36-C36 -> 1 | F36: X | K36: X | N36: X | P36: X | T36: X | W36: =IF(COUNTA(F36:U36)=0,"— não preenchido",IF(COUNTIF(F36:J36,"X")<>1,"FALTA/DUPLA: CONDIÇÃO DO PAVIMENTO",IF(COUNTIF(K36:L36,"X")<>1,"FALTA/DUPLA: VEGETAÇÃO",IF(COUNTIF(M36:O36,"X")<>1,"FALTA/DUPLA: ELEM. DE DRENAGEM",IF(COUNTIF(P36:R36,"X")<>1,"FALTA/DUPLA: SIN. HORIZ.",IF(COUNTIF(S36:U36,"X")<>1,"FALTA/DUPLA: SIN. VERTICAL","OK")))))) -> OK
A37: 226ETO0030 | B37: C | C37: 13 | D37: 14 | E37: =D37-C37 -> 1 | F37: X | K37: X | N37: X | P37: X | T37: X | W37: =IF(COUNTA(F37:U37)=0,"— não preenchido",IF(COUNTIF(F37:J37,"X")<>1,"FALTA/DUPLA: CONDIÇÃO DO PAVIMENTO",IF(COUNTIF(K37:L37,"X")<>1,"FALTA/DUPLA: VEGETAÇÃO",IF(COUNTIF(M37:O37,"X")<>1,"FALTA/DUPLA: ELEM. DE DRENAGEM",IF(COUNTIF(P37:R37,"X")<>1,"FALTA/DUPLA: SIN. HORIZ.",IF(COUNTIF(S37:U37,"X")<>1,"FALTA/DUPLA: SIN. VERTICAL","OK")))))) -> OK
A38: 226ETO0030 | B38: C | C38: 14 | D38: 15 | E38: =D38-C38 -> 1 | F38: X | K38: X | N38: X | P38: X | T38: X | W38: =IF(COUNTA(F38:U38)=0,"— não preenchido",IF(COUNTIF(F38:J38,"X")<>1,"FALTA/DUPLA: CONDIÇÃO DO PAVIMENTO",IF(COUNTIF(K38:L38,"X")<>1,"FALTA/DUPLA: VEGETAÇÃO",IF(COUNTIF(M38:O38,"X")<>1,"FALTA/DUPLA: ELEM. DE DRENAGEM",IF(COUNTIF(P38:R38,"X")<>1,"FALTA/DUPLA: SIN. HORIZ.",IF(COUNTIF(S38:U38,"X")<>1,"FALTA/DUPLA: SIN. VERTICAL","OK")))))) -> OK
A39: 226ETO0030 | B39: C | C39: 15 | D39: 16 | E39: =D39-C39 -> 1 | F39: X | K39: X | N39: X | P39: X | T39: X | W39: =IF(COUNTA(F39:U39)=0,"— não preenchido",IF(COUNTIF(F39:J39,"X")<>1,"FALTA/DUPLA: CONDIÇÃO DO PAVIMENTO",IF(COUNTIF(K39:L39,"X")<>1,"FALTA/DUPLA: VEGETAÇÃO",IF(COUNTIF(M39:O39,"X")<>1,"FALTA/DUPLA: ELEM. DE DRENAGEM",IF(COUNTIF(P39:R39,"X")<>1,"FALTA/DUPLA: SIN. HORIZ.",IF(COUNTIF(S39:U39,"X")<>1,"FALTA/DUPLA: SIN. VERTICAL","OK")))))) -> OK
A40: 226ETO0030 | B40: C | C40: 16 | D40: 17 | E40: =D40-C40 -> 1 | F40: X | K40: X | N40: X | P40: X | U40: X | W40: =IF(COUNTA(F40:U40)=0,"— não preenchido",IF(COUNTIF(F40:J40,"X")<>1,"FALTA/DUPLA: CONDIÇÃO DO PAVIMENTO",IF(COUNTIF(K40:L40,"X")<>1,"FALTA/DUPLA: VEGETAÇÃO",IF(COUNTIF(M40:O40,"X")<>1,"FALTA/DUPLA: ELEM. DE DRENAGEM",IF(COUNTIF(P40:R40,"X")<>1,"FALTA/DUPLA: SIN. HORIZ.",IF(COUNTIF(S40:U40,"X")<>1,"FALTA/DUPLA: SIN. VERTICAL","OK")))))) -> OK
A41: 226ETO0030 | B41: C | C41: 17 | D41: 18 | E41: =D41-C41 -> 1 | F41: X | K41: X | N41: X | P41: X | U41: X | W41: =IF(COUNTA(F41:U41)=0,"— não preenchido",IF(COUNTIF(F41:J41,"X")<>1,"FALTA/DUPLA: CONDIÇÃO DO PAVIMENTO",IF(COUNTIF(K41:L41,"X")<>1,"FALTA/DUPLA: VEGETAÇÃO",IF(COUNTIF(M41:O41,"X")<>1,"FALTA/DUPLA: ELEM. DE DRENAGEM",IF(COUNTIF(P41:R41,"X")<>1,"FALTA/DUPLA: SIN. HORIZ.",IF(COUNTIF(S41:U41,"X")<>1,"FALTA/DUPLA: SIN. VERTICAL","OK")))))) -> OK
A42: 226ETO0030 | B42: C | C42: 18 | D42: 19 | E42: =D42-C42 -> 1 | F42: X | K42: X | N42: X | P42: X | U42: X | W42: =IF(COUNTA(F42:U42)=0,"— não preenchido",IF(COUNTIF(F42:J42,"X")<>1,"FALTA/DUPLA: CONDIÇÃO DO PAVIMENTO",IF(COUNTIF(K42:L42,"X")<>1,"FALTA/DUPLA: VEGETAÇÃO",IF(COUNTIF(M42:O42,"X")<>1,"FALTA/DUPLA: ELEM. DE DRENAGEM",IF(COUNTIF(P42:R42,"X")<>1,"FALTA/DUPLA: SIN. HORIZ.",IF(COUNTIF(S42:U42,"X")<>1,"FALTA/DUPLA: SIN. VERTICAL","OK")))))) -> OK
A43: 226ETO0030 | B43: C | C43: 19 | D43: 20 | E43: =D43-C43 -> 1 | F43: X | K43: X | N43: X | P43: X | U43: X | W43: =IF(COUNTA(F43:U43)=0,"— não preenchido",IF(COUNTIF(F43:J43,"X")<>1,"FALTA/DUPLA: CONDIÇÃO DO PAVIMENTO",IF(COUNTIF(K43:L43,"X")<>1,"FALTA/DUPLA: VEGETAÇÃO",IF(COUNTIF(M43:O43,"X")<>1,"FALTA/DUPLA: ELEM. DE DRENAGEM",IF(COUNTIF(P43:R43,"X")<>1,"FALTA/DUPLA: SIN. HORIZ.",IF(COUNTIF(S43:U43,"X")<>1,"FALTA/DUPLA: SIN. VERTICAL","OK")))))) -> OK
A44: 226ETO0030 | B44: C | C44: 20 | D44: 21 | E44: =D44-C44 -> 1 | F44: X | K44: X | N44: X | P44: X | U44: X | W44: =IF(COUNTA(F44:U44)=0,"— não preenchido",IF(COUNTIF(F44:J44,"X")<>1,"FALTA/DUPLA: CONDIÇÃO DO PAVIMENTO",IF(COUNTIF(K44:L44,"X")<>1,"FALTA/DUPLA: VEGETAÇÃO",IF(COUNTIF(M44:O44,"X")<>1,"FALTA/DUPLA: ELEM. DE DRENAGEM",IF(COUNTIF(P44:R44,"X")<>1,"FALTA/DUPLA: SIN. HORIZ.",IF(COUNTIF(S44:U44,"X")<>1,"FALTA/DUPLA: SIN. VERTICAL","OK")))))) -> OK
A45: 226ETO0030 | B45: C | C45: 21 | D45: 22 | E45: =D45-C45 -> 1 | F45: X | K45: X | N45: X | P45: X | U45: X | W45: =IF(COUNTA(F45:U45)=0,"— não preenchido",IF(COUNTIF(F45:J45,"X")<>1,"FALTA/DUPLA: CONDIÇÃO DO PAVIMENTO",IF(COUNTIF(K45:L45,"X")<>1,"FALTA/DUPLA: VEGETAÇÃO",IF(COUNTIF(M45:O45,"X")<>1,"FALTA/DUPLA: ELEM. DE DRENAGEM",IF(COUNTIF(P45:R45,"X")<>1,"FALTA/DUPLA: SIN. HORIZ.",IF(COUNTIF(S45:U45,"X")<>1,"FALTA/DUPLA: SIN. VERTICAL","OK")))))) -> OK
A46: 226ETO0030 | B46: C | C46: 22 | D46: 23 | E46: =D46-C46 -> 1 | F46: X | K46: X | N46: X | P46: X | T46: X | W46: =IF(COUNTA(F46:U46)=0,"— não preenchido",IF(COUNTIF(F46:J46,"X")<>1,"FALTA/DUPLA: CONDIÇÃO DO PAVIMENTO",IF(COUNTIF(K46:L46,"X")<>1,"FALTA/DUPLA: VEGETAÇÃO",IF(COUNTIF(M46:O46,"X")<>1,"FALTA/DUPLA: ELEM. DE DRENAGEM",IF(COUNTIF(P46:R46,"X")<>1,"FALTA/DUPLA: SIN. HORIZ.",IF(COUNTIF(S46:U46,"X")<>1,"FALTA/DUPLA: SIN. VERTICAL","OK")))))) -> OK
A47: 226ETO0030 | B47: C | C47: 23 | D47: 24 | E47: =D47-C47 -> 1 | F47: X | K47: X | N47: X | P47: X | T47: X | W47: =IF(COUNTA(F47:U47)=0,"— não preenchido",IF(COUNTIF(F47:J47,"X")<>1,"FALTA/DUPLA: CONDIÇÃO DO PAVIMENTO",IF(COUNTIF(K47:L47,"X")<>1,"FALTA/DUPLA: VEGETAÇÃO",IF(COUNTIF(M47:O47,"X")<>1,"FALTA/DUPLA: ELEM. DE DRENAGEM",IF(COUNTIF(P47:R47,"X")<>1,"FALTA/DUPLA: SIN. HORIZ.",IF(COUNTIF(S47:U47,"X")<>1,"FALTA/DUPLA: SIN. VERTICAL","OK")))))) -> OK
A48: 226ETO0030 | B48: C | C48: 24 | D48: 25 | E48: =D48-C48 -> 1 | F48: X | K48: X | N48: X | P48: X | T48: X | W48: =IF(COUNTA(F48:U48)=0,"— não preenchido",IF(COUNTIF(F48:J48,"X")<>1,"FALTA/DUPLA: CONDIÇÃO DO PAVIMENTO",IF(COUNTIF(K48:L48,"X")<>1,"FALTA/DUPLA: VEGETAÇÃO",IF(COUNTIF(M48:O48,"X")<>1,"FALTA/DUPLA: ELEM. DE DRENAGEM",IF(COUNTIF(P48:R48,"X")<>1,"FALTA/DUPLA: SIN. HORIZ.",IF(COUNTIF(S48:U48,"X")<>1,"FALTA/DUPLA: SIN. VERTICAL","OK")))))) -> OK
A49: 226ETO0030 | B49: C | C49: 25 | D49: 26 | E49: =D49-C49 -> 1 | F49: X | K49: X | N49: X | P49: X | T49: X | W49: =IF(COUNTA(F49:U49)=0,"— não preenchido",IF(COUNTIF(F49:J49,"X")<>1,"FALTA/DUPLA: CONDIÇÃO DO PAVIMENTO",IF(COUNTIF(K49:L49,"X")<>1,"FALTA/DUPLA: VEGETAÇÃO",IF(COUNTIF(M49:O49,"X")<>1,"FALTA/DUPLA: ELEM. DE DRENAGEM",IF(COUNTIF(P49:R49,"X")<>1,"FALTA/DUPLA: SIN. HORIZ.",IF(COUNTIF(S49:U49,"X")<>1,"FALTA/DUPLA: SIN. VERTICAL","OK")))))) -> OK
A50: 226ETO0030 | B50: C | C50: 26 | D50: 27 | E50: =D50-C50 -> 1 | F50: X | K50: X | N50: X | P50: X | T50: X | W50: =IF(COUNTA(F50:U50)=0,"— não preenchido",IF(COUNTIF(F50:J50,"X")<>1,"FALTA/DUPLA: CONDIÇÃO DO PAVIMENTO",IF(COUNTIF(K50:L50,"X")<>1,"FALTA/DUPLA: VEGETAÇÃO",IF(COUNTIF(M50:O50,"X")<>1,"FALTA/DUPLA: ELEM. DE DRENAGEM",IF(COUNTIF(P50:R50,"X")<>1,"FALTA/DUPLA: SIN. HORIZ.",IF(COUNTIF(S50:U50,"X")<>1,"FALTA/DUPLA: SIN. VERTICAL","OK")))))) -> OK
A51: 226ETO0030 | B51: C | C51: 27 | D51: 28 | E51: =D51-C51 -> 1 | F51: X | K51: X | N51: X | P51: X | T51: X | W51: =IF(COUNTA(F51:U51)=0,"— não preenchido",IF(COUNTIF(F51:J51,"X")<>1,"FALTA/DUPLA: CONDIÇÃO DO PAVIMENTO",IF(COUNTIF(K51:L51,"X")<>1,"FALTA/DUPLA: VEGETAÇÃO",IF(COUNTIF(M51:O51,"X")<>1,"FALTA/DUPLA: ELEM. DE DRENAGEM",IF(COUNTIF(P51:R51,"X")<>1,"FALTA/DUPLA: SIN. HORIZ.",IF(COUNTIF(S51:U51,"X")<>1,"FALTA/DUPLA: SIN. VERTICAL","OK")))))) -> OK
A52: 226ETO0030 | B52: C | C52: 28 | D52: 29 | E52: =D52-C52 -> 1 | F52: X | K52: X | N52: X | P52: X | T52: X | W52: =IF(COUNTA(F52:U52)=0,"— não preenchido",IF(COUNTIF(F52:J52,"X")<>1,"FALTA/DUPLA: CONDIÇÃO DO PAVIMENTO",IF(COUNTIF(K52:L52,"X")<>1,"FALTA/DUPLA: VEGETAÇÃO",IF(COUNTIF(M52:O52,"X")<>1,"FALTA/DUPLA: ELEM. DE DRENAGEM",IF(COUNTIF(P52:R52,"X")<>1,"FALTA/DUPLA: SIN. HORIZ.",IF(COUNTIF(S52:U52,"X")<>1,"FALTA/DUPLA: SIN. VERTICAL","OK")))))) -> OK
A53: 226ETO0030 | B53: C | C53: 29 | D53: 30 | E53: =D53-C53 -> 1 | F53: X | K53: X | N53: X | P53: X | T53: X | W53: =IF(COUNTA(F53:U53)=0,"— não preenchido",IF(COUNTIF(F53:J53,"X")<>1,"FALTA/DUPLA: CONDIÇÃO DO PAVIMENTO",IF(COUNTIF(K53:L53,"X")<>1,"FALTA/DUPLA: VEGETAÇÃO",IF(COUNTIF(M53:O53,"X")<>1,"FALTA/DUPLA: ELEM. DE DRENAGEM",IF(COUNTIF(P53:R53,"X")<>1,"FALTA/DUPLA: SIN. HORIZ.",IF(COUNTIF(S53:U53,"X")<>1,"FALTA/DUPLA: SIN. VERTICAL","OK")))))) -> OK
A54: 226ETO0030 | B54: C | C54: 30 | D54: 31 | E54: =D54-C54 -> 1 | F54: X | K54: X | N54: X | P54: X | T54: X | W54: =IF(COUNTA(F54:U54)=0,"— não preenchido",IF(COUNTIF(F54:J54,"X")<>1,"FALTA/DUPLA: CONDIÇÃO DO PAVIMENTO",IF(COUNTIF(K54:L54,"X")<>1,"FALTA/DUPLA: VEGETAÇÃO",IF(COUNTIF(M54:O54,"X")<>1,"FALTA/DUPLA: ELEM. DE DRENAGEM",IF(COUNTIF(P54:R54,"X")<>1,"FALTA/DUPLA: SIN. HORIZ.",IF(COUNTIF(S54:U54,"X")<>1,"FALTA/DUPLA: SIN. VERTICAL","OK")))))) -> OK
A55: 226ETO0030 | B55: C | C55: 31 | D55: 32 | E55: =D55-C55 -> 1 | F55: X | K55: X | N55: X | P55: X | T55: X | W55: =IF(COUNTA(F55:U55)=0,"— não preenchido",IF(COUNTIF(F55:J55,"X")<>1,"FALTA/DUPLA: CONDIÇÃO DO PAVIMENTO",IF(COUNTIF(K55:L55,"X")<>1,"FALTA/DUPLA: VEGETAÇÃO",IF(COUNTIF(M55:O55,"X")<>1,"FALTA/DUPLA: ELEM. DE DRENAGEM",IF(COUNTIF(P55:R55,"X")<>1,"FALTA/DUPLA: SIN. HORIZ.",IF(COUNTIF(S55:U55,"X")<>1,"FALTA/DUPLA: SIN. VERTICAL","OK")))))) -> OK
A56: 226ETO0030 | B56: C | C56: 32 | D56: 33 | E56: =D56-C56 -> 1 | F56: X | K56: X | N56: X | P56: X | T56: X | W56: =IF(COUNTA(F56:U56)=0,"— não preenchido",IF(COUNTIF(F56:J56,"X")<>1,"FALTA/DUPLA: CONDIÇÃO DO PAVIMENTO",IF(COUNTIF(K56:L56,"X")<>1,"FALTA/DUPLA: VEGETAÇÃO",IF(COUNTIF(M56:O56,"X")<>1,"FALTA/DUPLA: ELEM. DE DRENAGEM",IF(COUNTIF(P56:R56,"X")<>1,"FALTA/DUPLA: SIN. HORIZ.",IF(COUNTIF(S56:U56,"X")<>1,"FALTA/DUPLA: SIN. VERTICAL","OK")))))) -> OK
A57: 226ETO0030 | B57: C | C57: 33 | D57: 34 | E57: =D57-C57 -> 1 | H57: X | K57: X | N57: X | P57: X | T57: X | W57: =IF(COUNTA(F57:U57)=0,"— não preenchido",IF(COUNTIF(F57:J57,"X")<>1,"FALTA/DUPLA: CONDIÇÃO DO PAVIMENTO",IF(COUNTIF(K57:L57,"X")<>1,"FALTA/DUPLA: VEGETAÇÃO",IF(COUNTIF(M57:O57,"X")<>1,"FALTA/DUPLA: ELEM. DE DRENAGEM",IF(COUNTIF(P57:R57,"X")<>1,"FALTA/DUPLA: SIN. HORIZ.",IF(COUNTIF(S57:U57,"X")<>1,"FALTA/DUPLA: SIN. VERTICAL","OK")))))) -> OK
A58: 226ETO0030 | B58: C | C58: 34 | D58: 35 | E58: =D58-C58 -> 1 | F58: X | K58: X | N58: X | P58: X | T58: X | W58: =IF(COUNTA(F58:U58)=0,"— não preenchido",IF(COUNTIF(F58:J58,"X")<>1,"FALTA/DUPLA: CONDIÇÃO DO PAVIMENTO",IF(COUNTIF(K58:L58,"X")<>1,"FALTA/DUPLA: VEGETAÇÃO",IF(COUNTIF(M58:O58,"X")<>1,"FALTA/DUPLA: ELEM. DE DRENAGEM",IF(COUNTIF(P58:R58,"X")<>1,"FALTA/DUPLA: SIN. HORIZ.",IF(COUNTIF(S58:U58,"X")<>1,"FALTA/DUPLA: SIN. VERTICAL","OK")))))) -> OK
A59: 226ETO0030 | B59: C | C59: 35 | D59: 36 | E59: =D59-C59 -> 1 | F59: X | K59: X | N59: X | P59: X | T59: X | W59: =IF(COUNTA(F59:U59)=0,"— não preenchido",IF(COUNTIF(F59:J59,"X")<>1,"FALTA/DUPLA: CONDIÇÃO DO PAVIMENTO",IF(COUNTIF(K59:L59,"X")<>1,"FALTA/DUPLA: VEGETAÇÃO",IF(COUNTIF(M59:O59,"X")<>1,"FALTA/DUPLA: ELEM. DE DRENAGEM",IF(COUNTIF(P59:R59,"X")<>1,"FALTA/DUPLA: SIN. HORIZ.",IF(COUNTIF(S59:U59,"X")<>1,"FALTA/DUPLA: SIN. VERTICAL","OK")))))) -> OK
A60: 226ETO0030 | B60: C | C60: 36 | D60: 37 | E60: =D60-C60 -> 1 | F60: X | K60: X | N60: X | P60: X | T60: X | W60: =IF(COUNTA(F60:U60)=0,"— não preenchido",IF(COUNTIF(F60:J60,"X")<>1,"FALTA/DUPLA: CONDIÇÃO DO PAVIMENTO",IF(COUNTIF(K60:L60,"X")<>1,"FALTA/DUPLA: VEGETAÇÃO",IF(COUNTIF(M60:O60,"X")<>1,"FALTA/DUPLA: ELEM. DE DRENAGEM",IF(COUNTIF(P60:R60,"X")<>1,"FALTA/DUPLA: SIN. HORIZ.",IF(COUNTIF(S60:U60,"X")<>1,"FALTA/DUPLA: SIN. VERTICAL","OK")))))) -> OK
A61: 226ETO0030 | B61: C | C61: 37 | D61: 37.294819 | E61: =D61-C61 -> 0.29481861 | F61: X | K61: X | O61: X | P61: X | T61: X | W61: =IF(COUNTA(F61:U61)=0,"— não preenchido",IF(COUNTIF(F61:J61,"X")<>1,"FALTA/DUPLA: CONDIÇÃO DO PAVIMENTO",IF(COUNTIF(K61:L61,"X")<>1,"FALTA/DUPLA: VEGETAÇÃO",IF(COUNTIF(M61:O61,"X")<>1,"FALTA/DUPLA: ELEM. DE DRENAGEM",IF(COUNTIF(P61:R61,"X")<>1,"FALTA/DUPLA: SIN. HORIZ.",IF(COUNTIF(S61:U61,"X")<>1,"FALTA/DUPLA: SIN. VERTICAL","OK")))))) -> OK
A62: S.R.E. 226ETO0040 | BARRA DA ESTIVA - ENTR. TO-426 (CRAOLÂNDIA) | PPS · Estadual · 17.639 km · início: -7.989164, -47.110107
A63: 226ETO0040 | B63: C | C63: 0 | D63: 1 | E63: =D63-C63 -> 1 | F63: X | K63: X | N63: X | P63: X | T63: X | W63: =IF(COUNTA(F63:U63)=0,"— não preenchido",IF(COUNTIF(F63:J63,"X")<>1,"FALTA/DUPLA: CONDIÇÃO DO PAVIMENTO",IF(COUNTIF(K63:L63,"X")<>1,"FALTA/DUPLA: VEGETAÇÃO",IF(COUNTIF(M63:O63,"X")<>1,"FALTA/DUPLA: ELEM. DE DRENAGEM",IF(COUNTIF(P63:R63,"X")<>1,"FALTA/DUPLA: SIN. HORIZ.",IF(COUNTIF(S63:U63,"X")<>1,"FALTA/DUPLA: SIN. VERTICAL","OK")))))) -> OK
A64: 226ETO0040 | B64: C | C64: 1 | D64: 2 | E64: =D64-C64 -> 1 | F64: X | K64: X | N64: X | P64: X | T64: X | W64: =IF(COUNTA(F64:U64)=0,"— não preenchido",IF(COUNTIF(F64:J64,"X")<>1,"FALTA/DUPLA: CONDIÇÃO DO PAVIMENTO",IF(COUNTIF(K64:L64,"X")<>1,"FALTA/DUPLA: VEGETAÇÃO",IF(COUNTIF(M64:O64,"X")<>1,"FALTA/DUPLA: ELEM. DE DRENAGEM",IF(COUNTIF(P64:R64,"X")<>1,"FALTA/DUPLA: SIN. HORIZ.",IF(COUNTIF(S64:U64,"X")<>1,"FALTA/DUPLA: SIN. VERTICAL","OK")))))) -> OK
A65: 226ETO0040 | B65: C | C65: 2 | D65: 3 | E65: =D65-C65 -> 1 | F65: X | K65: X | N65: X | P65: X | T65: X | W65: =IF(COUNTA(F65:U65)=0,"— não preenchido",IF(COUNTIF(F65:J65,"X")<>1,"FALTA/DUPLA: CONDIÇÃO DO PAVIMENTO",IF(COUNTIF(K65:L65,"X")<>1,"FALTA/DUPLA: VEGETAÇÃO",IF(COUNTIF(M65:O65,"X")<>1,"FALTA/DUPLA: ELEM. DE DRENAGEM",IF(COUNTIF(P65:R65,"X")<>1,"FALTA/DUPLA: SIN. HORIZ.",IF(COUNTIF(S65:U65,"X")<>1,"FALTA/DUPLA: SIN. VERTICAL","OK")))))) -> OK
A66: 226ETO0040 | B66: C | C66: 3 | D66: 4 | E66: =D66-C66 -> 1 | F66: X | K66: X | N66: X | P66: X | T66: X | W66: =IF(COUNTA(F66:U66)=0,"— não preenchido",IF(COUNTIF(F66:J66,"X")<>1,"FALTA/DUPLA: CONDIÇÃO DO PAVIMENTO",IF(COUNTIF(K66:L66,"X")<>1,"FALTA/DUPLA: VEGETAÇÃO",IF(COUNTIF(M66:O66,"X")<>1,"FALTA/DUPLA: ELEM. DE DRENAGEM",IF(COUNTIF(P66:R66,"X")<>1,"FALTA/DUPLA: SIN. HORIZ.",IF(COUNTIF(S66:U66,"X")<>1,"FALTA/DUPLA: SIN. VERTICAL","OK")))))) -> OK
A67: 226ETO0040 | B67: C | C67: 4 | D67: 5 | E67: =D67-C67 -> 1 | F67: X | K67: X | N67: X | P67: X | U67: X | W67: =IF(COUNTA(F67:U67)=0,"— não preenchido",IF(COUNTIF(F67:J67,"X")<>1,"FALTA/DUPLA: CONDIÇÃO DO PAVIMENTO",IF(COUNTIF(K67:L67,"X")<>1,"FALTA/DUPLA: VEGETAÇÃO",IF(COUNTIF(M67:O67,"X")<>1,"FALTA/DUPLA: ELEM. DE DRENAGEM",IF(COUNTIF(P67:R67,"X")<>1,"FALTA/DUPLA: SIN. HORIZ.",IF(COUNTIF(S67:U67,"X")<>1,"FALTA/DUPLA: SIN. VERTICAL","OK")))))) -> OK
A68: 226ETO0040 | B68: C | C68: 5 | D68: 6 | E68: =D68-C68 -> 1 | F68: X | K68: X | N68: X | P68: X | U68: X | W68: =IF(COUNTA(F68:U68)=0,"— não preenchido",IF(COUNTIF(F68:J68,"X")<>1,"FALTA/DUPLA: CONDIÇÃO DO PAVIMENTO",IF(COUNTIF(K68:L68,"X")<>1,"FALTA/DUPLA: VEGETAÇÃO",IF(COUNTIF(M68:O68,"X")<>1,"FALTA/DUPLA: ELEM. DE DRENAGEM",IF(COUNTIF(P68:R68,"X")<>1,"FALTA/DUPLA: SIN. HORIZ.",IF(COUNTIF(S68:U68,"X")<>1,"FALTA/DUPLA: SIN. VERTICAL","OK")))))) -> OK
A69: 226ETO0040 | B69: C | C69: 6 | D69: 7 | E69: =D69-C69 -> 1 | F69: X | K69: X | O69: X | P69: X | U69: X | W69: =IF(COUNTA(F69:U69)=0,"— não preenchido",IF(COUNTIF(F69:J69,"X")<>1,"FALTA/DUPLA: CONDIÇÃO DO PAVIMENTO",IF(COUNTIF(K69:L69,"X")<>1,"FALTA/DUPLA: VEGETAÇÃO",IF(COUNTIF(M69:O69,"X")<>1,"FALTA/DUPLA: ELEM. DE DRENAGEM",IF(COUNTIF(P69:R69,"X")<>1,"FALTA/DUPLA: SIN. HORIZ.",IF(COUNTIF(S69:U69,"X")<>1,"FALTA/DUPLA: SIN. VERTICAL","OK")))))) -> OK
A70: 226ETO0040 | B70: C | C70: 7 | D70: 8 | E70: =D70-C70 -> 1 | F70: X | K70: X | O70: X | P70: X | U70: X | W70: =IF(COUNTA(F70:U70)=0,"— não preenchido",IF(COUNTIF(F70:J70,"X")<>1,"FALTA/DUPLA: CONDIÇÃO DO PAVIMENTO",IF(COUNTIF(K70:L70,"X")<>1,"FALTA/DUPLA: VEGETAÇÃO",IF(COUNTIF(M70:O70,"X")<>1,"FALTA/DUPLA: ELEM. DE DRENAGEM",IF(COUNTIF(P70:R70,"X")<>1,"FALTA/DUPLA: SIN. HORIZ.",IF(COUNTIF(S70:U70,"X")<>1,"FALTA/DUPLA: SIN. VERTICAL","OK")))))) -> OK
A71: 226ETO0040 | B71: C | C71: 8 | D71: 9 | E71: =D71-C71 -> 1 | F71: X | K71: X | N71: X | P71: X | U71: X | W71: =IF(COUNTA(F71:U71)=0,"— não preenchido",IF(COUNTIF(F71:J71,"X")<>1,"FALTA/DUPLA: CONDIÇÃO DO PAVIMENTO",IF(COUNTIF(K71:L71,"X")<>1,"FALTA/DUPLA: VEGETAÇÃO",IF(COUNTIF(M71:O71,"X")<>1,"FALTA/DUPLA: ELEM. DE DRENAGEM",IF(COUNTIF(P71:R71,"X")<>1,"FALTA/DUPLA: SIN. HORIZ.",IF(COUNTIF(S71:U71,"X")<>1,"FALTA/DUPLA: SIN. VERTICAL","OK")))))) -> OK
A72: 226ETO0040 | B72: C | C72: 9 | D72: 10 | E72: =D72-C72 -> 1 | F72: X | K72: X | N72: X | P72: X | U72: X | W72: =IF(COUNTA(F72:U72)=0,"— não preenchido",IF(COUNTIF(F72:J72,"X")<>1,"FALTA/DUPLA: CONDIÇÃO DO PAVIMENTO",IF(COUNTIF(K72:L72,"X")<>1,"FALTA/DUPLA: VEGETAÇÃO",IF(COUNTIF(M72:O72,"X")<>1,"FALTA/DUPLA: ELEM. DE DRENAGEM",IF(COUNTIF(P72:R72,"X")<>1,"FALTA/DUPLA: SIN. HORIZ.",IF(COUNTIF(S72:U72,"X")<>1,"FALTA/DUPLA: SIN. VERTICAL","OK")))))) -> OK
A73: 226ETO0040 | B73: C | C73: 10 | D73: 11 | E73: =D73-C73 -> 1 | F73: X | K73: X | O73: X | P73: X | U73: X | W73: =IF(COUNTA(F73:U73)=0,"— não preenchido",IF(COUNTIF(F73:J73,"X")<>1,"FALTA/DUPLA: CONDIÇÃO DO PAVIMENTO",IF(COUNTIF(K73:L73,"X")<>1,"FALTA/DUPLA: VEGETAÇÃO",IF(COUNTIF(M73:O73,"X")<>1,"FALTA/DUPLA: ELEM. DE DRENAGEM",IF(COUNTIF(P73:R73,"X")<>1,"FALTA/DUPLA: SIN. HORIZ.",IF(COUNTIF(S73:U73,"X")<>1,"FALTA/DUPLA: SIN. VERTICAL","OK")))))) -> OK
A74: 226ETO0040 | B74: C | C74: 11 | D74: 12 | E74: =D74-C74 -> 1 | F74: X | K74: X | O74: X | P74: X | T74: X | W74: =IF(COUNTA(F74:U74)=0,"— não preenchido",IF(COUNTIF(F74:J74,"X")<>1,"FALTA/DUPLA: CONDIÇÃO DO PAVIMENTO",IF(COUNTIF(K74:L74,"X")<>1,"FALTA/DUPLA: VEGETAÇÃO",IF(COUNTIF(M74:O74,"X")<>1,"FALTA/DUPLA: ELEM. DE DRENAGEM",IF(COUNTIF(P74:R74,"X")<>1,"FALTA/DUPLA: SIN. HORIZ.",IF(COUNTIF(S74:U74,"X")<>1,"FALTA/DUPLA: SIN. VERTICAL","OK")))))) -> OK
A75: 226ETO0040 | B75: C | C75: 12 | D75: 13 | E75: =D75-C75 -> 1 | F75: X | K75: X | O75: X | P75: X | T75: X | W75: =IF(COUNTA(F75:U75)=0,"— não preenchido",IF(COUNTIF(F75:J75,"X")<>1,"FALTA/DUPLA: CONDIÇÃO DO PAVIMENTO",IF(COUNTIF(K75:L75,"X")<>1,"FALTA/DUPLA: VEGETAÇÃO",IF(COUNTIF(M75:O75,"X")<>1,"FALTA/DUPLA: ELEM. DE DRENAGEM",IF(COUNTIF(P75:R75,"X")<>1,"FALTA/DUPLA: SIN. HORIZ.",IF(COUNTIF(S75:U75,"X")<>1,"FALTA/DUPLA: SIN. VERTICAL","OK")))))) -> OK
A76: 226ETO0040 | B76: C | C76: 13 | D76: 14 | E76: =D76-C76 -> 1 | F76: X | K76: X | N76: X | P76: X | T76: X | W76: =IF(COUNTA(F76:U76)=0,"— não preenchido",IF(COUNTIF(F76:J76,"X")<>1,"FALTA/DUPLA: CONDIÇÃO DO PAVIMENTO",IF(COUNTIF(K76:L76,"X")<>1,"FALTA/DUPLA: VEGETAÇÃO",IF(COUNTIF(M76:O76,"X")<>1,"FALTA/DUPLA: ELEM. DE DRENAGEM",IF(COUNTIF(P76:R76,"X")<>1,"FALTA/DUPLA: SIN. HORIZ.",IF(COUNTIF(S76:U76,"X")<>1,"FALTA/DUPLA: SIN. VERTICAL","OK")))))) -> OK
A77: 226ETO0040 | B77: C | C77: 14 | D77: 15 | E77: =D77-C77 -> 1 | F77: X | K77: X | N77: X | P77: X | T77: X | W77: =IF(COUNTA(F77:U77)=0,"— não preenchido",IF(COUNTIF(F77:J77,"X")<>1,"FALTA/DUPLA: CONDIÇÃO DO PAVIMENTO",IF(COUNTIF(K77:L77,"X")<>1,"FALTA/DUPLA: VEGETAÇÃO",IF(COUNTIF(M77:O77,"X")<>1,"FALTA/DUPLA: ELEM. DE DRENAGEM",IF(COUNTIF(P77:R77,"X")<>1,"FALTA/DUPLA: SIN. HORIZ.",IF(COUNTIF(S77:U77,"X")<>1,"FALTA/DUPLA: SIN. VERTICAL","OK")))))) -> OK
A78: 226ETO0040 | B78: C | C78: 15 | D78: 16 | E78: =D78-C78 -> 1 | F78: X | K78: X | O78: X | P78: X | T78: X | W78: =IF(COUNTA(F78:U78)=0,"— não preenchido",IF(COUNTIF(F78:J78,"X")<>1,"FALTA/DUPLA: CONDIÇÃO DO PAVIMENTO",IF(COUNTIF(K78:L78,"X")<>1,"FALTA/DUPLA: VEGETAÇÃO",IF(COUNTIF(M78:O78,"X")<>1,"FALTA/DUPLA: ELEM. DE DRENAGEM",IF(COUNTIF(P78:R78,"X")<>1,"FALTA/DUPLA: SIN. HORIZ.",IF(COUNTIF(S78:U78,"X")<>1,"FALTA/DUPLA: SIN. VERTICAL","OK")))))) -> OK
A79: 226ETO0040 | B79: C | C79: 16 | D79: 17 | E79: =D79-C79 -> 1 | F79: X | K79: X | O79: X | P79: X | T79: X | W79: =IF(COUNTA(F79:U79)=0,"— não preenchido",IF(COUNTIF(F79:J79,"X")<>1,"FALTA/DUPLA: CONDIÇÃO DO PAVIMENTO",IF(COUNTIF(K79:L79,"X")<>1,"FALTA/DUPLA: VEGETAÇÃO",IF(COUNTIF(M79:O79,"X")<>1,"FALTA/DUPLA: ELEM. DE DRENAGEM",IF(COUNTIF(P79:R79,"X")<>1,"FALTA/DUPLA: SIN. HORIZ.",IF(COUNTIF(S79:U79,"X")<>1,"FALTA/DUPLA: SIN. VERTICAL","OK")))))) -> OK
A80: 226ETO0040 | B80: C | C80: 17 | D80: 17.638641 | E80: =D80-C80 -> 0.63864142 | F80: X | K80: X | N80: X | P80: X | T80: X | W80: =IF(COUNTA(F80:U80)=0,"— não preenchido",IF(COUNTIF(F80:J80,"X")<>1,"FALTA/DUPLA: CONDIÇÃO DO PAVIMENTO",IF(COUNTIF(K80:L80,"X")<>1,"FALTA/DUPLA: VEGETAÇÃO",IF(COUNTIF(M80:O80,"X")<>1,"FALTA/DUPLA: ELEM. DE DRENAGEM",IF(COUNTIF(P80:R80,"X")<>1,"FALTA/DUPLA: SIN. HORIZ.",IF(COUNTIF(S80:U80,"X")<>1,"FALTA/DUPLA: SIN. VERTICAL","OK")))))) -> OK
A81: S.R.E. 226ETO0050 | ENTR. TO-426 (CRAOLÂNDIA) - GOIATINS *TRECHO URBANO* | PPS · Estadual · 24.573 km · início: -7.890953, -47.216955
A82: 226ETO0050 | B82: C | C82: 0 | D82: 1 | E82: =D82-C82 -> 1 | H82: X | K82: X | N82: X | P82: X | U82: X | W82: =IF(COUNTA(F82:U82)=0,"— não preenchido",IF(COUNTIF(F82:J82,"X")<>1,"FALTA/DUPLA: CONDIÇÃO DO PAVIMENTO",IF(COUNTIF(K82:L82,"X")<>1,"FALTA/DUPLA: VEGETAÇÃO",IF(COUNTIF(M82:O82,"X")<>1,"FALTA/DUPLA: ELEM. DE DRENAGEM",IF(COUNTIF(P82:R82,"X")<>1,"FALTA/DUPLA: SIN. HORIZ.",IF(COUNTIF(S82:U82,"X")<>1,"FALTA/DUPLA: SIN. VERTICAL","OK")))))) -> OK
A83: 226ETO0050 | B83: C | C83: 1 | D83: 2 | E83: =D83-C83 -> 1 | H83: X | K83: X | N83: X | P83: X | U83: X | W83: =IF(COUNTA(F83:U83)=0,"— não preenchido",IF(COUNTIF(F83:J83,"X")<>1,"FALTA/DUPLA: CONDIÇÃO DO PAVIMENTO",IF(COUNTIF(K83:L83,"X")<>1,"FALTA/DUPLA: VEGETAÇÃO",IF(COUNTIF(M83:O83,"X")<>1,"FALTA/DUPLA: ELEM. DE DRENAGEM",IF(COUNTIF(P83:R83,"X")<>1,"FALTA/DUPLA: SIN. HORIZ.",IF(COUNTIF(S83:U83,"X")<>1,"FALTA/DUPLA: SIN. VERTICAL","OK")))))) -> OK
A84: 226ETO0050 | B84: C | C84: 2 | D84: 3 | E84: =D84-C84 -> 1 | G84: X | K84: X | N84: X | P84: X | U84: X | W84: =IF(COUNTA(F84:U84)=0,"— não preenchido",IF(COUNTIF(F84:J84,"X")<>1,"FALTA/DUPLA: CONDIÇÃO DO PAVIMENTO",IF(COUNTIF(K84:L84,"X")<>1,"FALTA/DUPLA: VEGETAÇÃO",IF(COUNTIF(M84:O84,"X")<>1,"FALTA/DUPLA: ELEM. DE DRENAGEM",IF(COUNTIF(P84:R84,"X")<>1,"FALTA/DUPLA: SIN. HORIZ.",IF(COUNTIF(S84:U84,"X")<>1,"FALTA/DUPLA: SIN. VERTICAL","OK")))))) -> OK
A85: 226ETO0050 | B85: C | C85: 3 | D85: 4 | E85: =D85-C85 -> 1 | H85: X | K85: X | N85: X | P85: X | U85: X | W85: =IF(COUNTA(F85:U85)=0,"— não preenchido",IF(COUNTIF(F85:J85,"X")<>1,"FALTA/DUPLA: CONDIÇÃO DO PAVIMENTO",IF(COUNTIF(K85:L85,"X")<>1,"FALTA/DUPLA: VEGETAÇÃO",IF(COUNTIF(M85:O85,"X")<>1,"FALTA/DUPLA: ELEM. DE DRENAGEM",IF(COUNTIF(P85:R85,"X")<>1,"FALTA/DUPLA: SIN. HORIZ.",IF(COUNTIF(S85:U85,"X")<>1,"FALTA/DUPLA: SIN. VERTICAL","OK")))))) -> OK
A86: 226ETO0050 | B86: C | C86: 4 | D86: 5 | E86: =D86-C86 -> 1 | H86: X | K86: X | N86: X | P86: X | U86: X | W86: =IF(COUNTA(F86:U86)=0,"— não preenchido",IF(COUNTIF(F86:J86,"X")<>1,"FALTA/DUPLA: CONDIÇÃO DO PAVIMENTO",IF(COUNTIF(K86:L86,"X")<>1,"FALTA/DUPLA: VEGETAÇÃO",IF(COUNTIF(M86:O86,"X")<>1,"FALTA/DUPLA: ELEM. DE DRENAGEM",IF(COUNTIF(P86:R86,"X")<>1,"FALTA/DUPLA: SIN. HORIZ.",IF(COUNTIF(S86:U86,"X")<>1,"FALTA/DUPLA: SIN. VERTICAL","OK")))))) -> OK
A87: 226ETO0050 | B87: C | C87: 5 | D87: 6 | E87: =D87-C87 -> 1 | F87: X | K87: X | N87: X | P87: X | U87: X | W87: =IF(COUNTA(F87:U87)=0,"— não preenchido",IF(COUNTIF(F87:J87,"X")<>1,"FALTA/DUPLA: CONDIÇÃO DO PAVIMENTO",IF(COUNTIF(K87:L87,"X")<>1,"FALTA/DUPLA: VEGETAÇÃO",IF(COUNTIF(M87:O87,"X")<>1,"FALTA/DUPLA: ELEM. DE DRENAGEM",IF(COUNTIF(P87:R87,"X")<>1,"FALTA/DUPLA: SIN. HORIZ.",IF(COUNTIF(S87:U87,"X")<>1,"FALTA/DUPLA: SIN. VERTICAL","OK")))))) -> OK
A88: 226ETO0050 | B88: C | C88: 6 | D88: 7 | E88: =D88-C88 -> 1 | H88: X | K88: X | N88: X | P88: X | U88: X | W88: =IF(COUNTA(F88:U88)=0,"— não preenchido",IF(COUNTIF(F88:J88,"X")<>1,"FALTA/DUPLA: CONDIÇÃO DO PAVIMENTO",IF(COUNTIF(K88:L88,"X")<>1,"FALTA/DUPLA: VEGETAÇÃO",IF(COUNTIF(M88:O88,"X")<>1,"FALTA/DUPLA: ELEM. DE DRENAGEM",IF(COUNTIF(P88:R88,"X")<>1,"FALTA/DUPLA: SIN. HORIZ.",IF(COUNTIF(S88:U88,"X")<>1,"FALTA/DUPLA: SIN. VERTICAL","OK")))))) -> OK
A89: 226ETO0050 | B89: C | C89: 7 | D89: 8 | E89: =D89-C89 -> 1 | H89: X | K89: X | N89: X | P89: X | U89: X | W89: =IF(COUNTA(F89:U89)=0,"— não preenchido",IF(COUNTIF(F89:J89,"X")<>1,"FALTA/DUPLA: CONDIÇÃO DO PAVIMENTO",IF(COUNTIF(K89:L89,"X")<>1,"FALTA/DUPLA: VEGETAÇÃO",IF(COUNTIF(M89:O89,"X")<>1,"FALTA/DUPLA: ELEM. DE DRENAGEM",IF(COUNTIF(P89:R89,"X")<>1,"FALTA/DUPLA: SIN. HORIZ.",IF(COUNTIF(S89:U89,"X")<>1,"FALTA/DUPLA: SIN. VERTICAL","OK")))))) -> OK
A90: 226ETO0050 | B90: C | C90: 8 | D90: 9 | E90: =D90-C90 -> 1 | H90: X | K90: X | N90: X | P90: X | U90: X | W90: =IF(COUNTA(F90:U90)=0,"— não preenchido",IF(COUNTIF(F90:J90,"X")<>1,"FALTA/DUPLA: CONDIÇÃO DO PAVIMENTO",IF(COUNTIF(K90:L90,"X")<>1,"FALTA/DUPLA: VEGETAÇÃO",IF(COUNTIF(M90:O90,"X")<>1,"FALTA/DUPLA: ELEM. DE DRENAGEM",IF(COUNTIF(P90:R90,"X")<>1,"FALTA/DUPLA: SIN. HORIZ.",IF(COUNTIF(S90:U90,"X")<>1,"FALTA/DUPLA: SIN. VERTICAL","OK")))))) -> OK
A91: 226ETO0050 | B91: C | C91: 9 | D91: 10 | E91: =D91-C91 -> 1 | F91: X | K91: X | N91: X | P91: X | U91: X | W91: =IF(COUNTA(F91:U91)=0,"— não preenchido",IF(COUNTIF(F91:J91,"X")<>1,"FALTA/DUPLA: CONDIÇÃO DO PAVIMENTO",IF(COUNTIF(K91:L91,"X")<>1,"FALTA/DUPLA: VEGETAÇÃO",IF(COUNTIF(M91:O91,"X")<>1,"FALTA/DUPLA: ELEM. DE DRENAGEM",IF(COUNTIF(P91:R91,"X")<>1,"FALTA/DUPLA: SIN. HORIZ.",IF(COUNTIF(S91:U91,"X")<>1,"FALTA/DUPLA: SIN. VERTICAL","OK")))))) -> OK
A92: 226ETO0050 | B92: C | C92: 10 | D92: 11 | E92: =D92-C92 -> 1 | F92: X | K92: X | N92: X | P92: X | U92: X | W92: =IF(COUNTA(F92:U92)=0,"— não preenchido",IF(COUNTIF(F92:J92,"X")<>1,"FALTA/DUPLA: CONDIÇÃO DO PAVIMENTO",IF(COUNTIF(K92:L92,"X")<>1,"FALTA/DUPLA: VEGETAÇÃO",IF(COUNTIF(M92:O92,"X")<>1,"FALTA/DUPLA: ELEM. DE DRENAGEM",IF(COUNTIF(P92:R92,"X")<>1,"FALTA/DUPLA: SIN. HORIZ.",IF(COUNTIF(S92:U92,"X")<>1,"FALTA/DUPLA: SIN. VERTICAL","OK")))))) -> OK
A93: 226ETO0050 | B93: C | C93: 11 | D93: 12 | E93: =D93-C93 -> 1 | F93: X | K93: X | N93: X | P93: X | U93: X | W93: =IF(COUNTA(F93:U93)=0,"— não preenchido",IF(COUNTIF(F93:J93,"X")<>1,"FALTA/DUPLA: CONDIÇÃO DO PAVIMENTO",IF(COUNTIF(K93:L93,"X")<>1,"FALTA/DUPLA: VEGETAÇÃO",IF(COUNTIF(M93:O93,"X")<>1,"FALTA/DUPLA: ELEM. DE DRENAGEM",IF(COUNTIF(P93:R93,"X")<>1,"FALTA/DUPLA: SIN. HORIZ.",IF(COUNTIF(S93:U93,"X")<>1,"FALTA/DUPLA: SIN. VERTICAL","OK")))))) -> OK
A94: 226ETO0050 | B94: C | C94: 12 | D94: 13 | E94: =D94-C94 -> 1 | F94: X | K94: X | N94: X | P94: X | U94: X | W94: =IF(COUNTA(F94:U94)=0,"— não preenchido",IF(COUNTIF(F94:J94,"X")<>1,"FALTA/DUPLA: CONDIÇÃO DO PAVIMENTO",IF(COUNTIF(K94:L94,"X")<>1,"FALTA/DUPLA: VEGETAÇÃO",IF(COUNTIF(M94:O94,"X")<>1,"FALTA/DUPLA: ELEM. DE DRENAGEM",IF(COUNTIF(P94:R94,"X")<>1,"FALTA/DUPLA: SIN. HORIZ.",IF(COUNTIF(S94:U94,"X")<>1,"FALTA/DUPLA: SIN. VERTICAL","OK")))))) -> OK
A95: 226ETO0050 | B95: C | C95: 13 | D95: 14 | E95: =D95-C95 -> 1 | G95: X | K95: X | N95: X | P95: X | U95: X | W95: =IF(COUNTA(F95:U95)=0,"— não preenchido",IF(COUNTIF(F95:J95,"X")<>1,"FALTA/DUPLA: CONDIÇÃO DO PAVIMENTO",IF(COUNTIF(K95:L95,"X")<>1,"FALTA/DUPLA: VEGETAÇÃO",IF(COUNTIF(M95:O95,"X")<>1,"FALTA/DUPLA: ELEM. DE DRENAGEM",IF(COUNTIF(P95:R95,"X")<>1,"FALTA/DUPLA: SIN. HORIZ.",IF(COUNTIF(S95:U95,"X")<>1,"FALTA/DUPLA: SIN. VERTICAL","OK")))))) -> OK
A96: 226ETO0050 | B96: C | C96: 14 | D96: 15 | E96: =D96-C96 -> 1 | F96: X | K96: X | N96: X | P96: X | U96: X | W96: =IF(COUNTA(F96:U96)=0,"— não preenchido",IF(COUNTIF(F96:J96,"X")<>1,"FALTA/DUPLA: CONDIÇÃO DO PAVIMENTO",IF(COUNTIF(K96:L96,"X")<>1,"FALTA/DUPLA: VEGETAÇÃO",IF(COUNTIF(M96:O96,"X")<>1,"FALTA/DUPLA: ELEM. DE DRENAGEM",IF(COUNTIF(P96:R96,"X")<>1,"FALTA/DUPLA: SIN. HORIZ.",IF(COUNTIF(S96:U96,"X")<>1,"FALTA/DUPLA: SIN. VERTICAL","OK")))))) -> OK
A97: 226ETO0050 | B97: C | C97: 15 | D97: 16 | E97: =D97-C97 -> 1 | F97: X | K97: X | N97: X | P97: X | U97: X | W97: =IF(COUNTA(F97:U97)=0,"— não preenchido",IF(COUNTIF(F97:J97,"X")<>1,"FALTA/DUPLA: CONDIÇÃO DO PAVIMENTO",IF(COUNTIF(K97:L97,"X")<>1,"FALTA/DUPLA: VEGETAÇÃO",IF(COUNTIF(M97:O97,"X")<>1,"FALTA/DUPLA: ELEM. DE DRENAGEM",IF(COUNTIF(P97:R97,"X")<>1,"FALTA/DUPLA: SIN. HORIZ.",IF(COUNTIF(S97:U97,"X")<>1,"FALTA/DUPLA: SIN. VERTICAL","OK")))))) -> OK
A98: 226ETO0050 | B98: C | C98: 16 | D98: 17 | E98: =D98-C98 -> 1 | F98: X | K98: X | N98: X | P98: X | U98: X | W98: =IF(COUNTA(F98:U98)=0,"— não preenchido",IF(COUNTIF(F98:J98,"X")<>1,"FALTA/DUPLA: CONDIÇÃO DO PAVIMENTO",IF(COUNTIF(K98:L98,"X")<>1,"FALTA/DUPLA: VEGETAÇÃO",IF(COUNTIF(M98:O98,"X")<>1,"FALTA/DUPLA: ELEM. DE DRENAGEM",IF(COUNTIF(P98:R98,"X")<>1,"FALTA/DUPLA: SIN. HORIZ.",IF(COUNTIF(S98:U98,"X")<>1,"FALTA/DUPLA: SIN. VERTICAL","OK")))))) -> OK
A99: 226ETO0050 | B99: C | C99: 17 | D99: 18 | E99: =D99-C99 -> 1 | H99: X | K99: X | N99: X | P99: X | U99: X | W99: =IF(COUNTA(F99:U99)=0,"— não preenchido",IF(COUNTIF(F99:J99,"X")<>1,"FALTA/DUPLA: CONDIÇÃO DO PAVIMENTO",IF(COUNTIF(K99:L99,"X")<>1,"FALTA/DUPLA: VEGETAÇÃO",IF(COUNTIF(M99:O99,"X")<>1,"FALTA/DUPLA: ELEM. DE DRENAGEM",IF(COUNTIF(P99:R99,"X")<>1,"FALTA/DUPLA: SIN. HORIZ.",IF(COUNTIF(S99:U99,"X")<>1,"FALTA/DUPLA: SIN. VERTICAL","OK")))))) -> OK
A100: 226ETO0050 | B100: C | C100: 18 | D100: 19 | E100: =D100-C100 -> 1 | F100: X | K100: X | N100: X | P100: X | U100: X | W100: =IF(COUNTA(F100:U100)=0,"— não preenchido",IF(COUNTIF(F100:J100,"X")<>1,"FALTA/DUPLA: CONDIÇÃO DO PAVIMENTO",IF(COUNTIF(K100:L100,"X")<>1,"FALTA/DUPLA: VEGETAÇÃO",IF(COUNTIF(M100:O100,"X")<>1,"FALTA/DUPLA: ELEM. DE DRENAGEM",IF(COUNTIF(P100:R100,"X")<>1,"FALTA/DUPLA: SIN. HORIZ.",IF(COUNTIF(S100:U100,"X")<>1,"FALTA/DUPLA: SIN. VERTICAL","OK")))))) -> OK
A101: 226ETO0050 | B101: C | C101: 19 | D101: 20 | E101: =D101-C101 -> 1 | H101: X | K101: X | N101: X | P101: X | U101: X | W101: =IF(COUNTA(F101:U101)=0,"— não preenchido",IF(COUNTIF(F101:J101,"X")<>1,"FALTA/DUPLA: CONDIÇÃO DO PAVIMENTO",IF(COUNTIF(K101:L101,"X")<>1,"FALTA/DUPLA: VEGETAÇÃO",IF(COUNTIF(M101:O101,"X")<>1,"FALTA/DUPLA: ELEM. DE DRENAGEM",IF(COUNTIF(P101:R101,"X")<>1,"FALTA/DUPLA: SIN. HORIZ.",IF(COUNTIF(S101:U101,"X")<>1,"FALTA/DUPLA: SIN. VERTICAL","OK")))))) -> OK
...

Sheet 78
A1: PROGRAMA DE MANUTENÇÃO RODOVIÁRIA — FICHA DE INSPEÇÃO — RODOVIAS PAVIMENTADAS | Y1: Valores dos gráficos — troca 0 por N/D para a fatia não aparecer. Não editar.
A2: REGIÃO: 3 — ARAGUAÍNA II | G2: MÊS / ANO: | I2: =IF('68'!I2="","",'68'!I2) -> 46235 | K2: DATA: | N2: =IF('68'!N2="","",'68'!N2) | P2: TÉCNICO: | R2: ENG. VINICIUS RODRIGUES FERREIRA DE OLIVEIRA | Y2: =IF(F22=0,NA(),F22) -> 7.7776106 | Z2: =IF(G22=0,NA(),G22) -> #N/A | AA2: =IF(H22=0,NA(),H22) -> #N/A | AB2: =IF(I22=0,NA(),I22) -> #N/A | AC2: =IF(J22=0,NA(),J22) -> #N/A | AD2: =IF(K22=0,NA(),K22) -> #N/A | AE2: =IF(L22=0,NA(),L22) -> 7.7776106 | AF2: =IF(M22=0,NA(),M22) -> #N/A | ... AN2: =IF(U22=0,NA(),U22) -> #N/A
A3: TRECHO 78 — RODOVIA TO-422 - TRECHO ENTR. BR-153 - TRECHO DISTRITO AGROINDUSTRIAL DE ARAGUAÍNA | T3: EXTENSÃO: 7,778 km · 1 S.R.E.
A4: COMO PREENCHER: uma X em UMA coluna de cada grupo, por linha. Se houver mais de um defeito no mesmo km, marque o PREDOMINANTE e escreva o resto em OBSERVAÇÕES. A quilometragem é contada de 0 até o fim de CADA S.R.E. (não é o marco da rodovia).
A6: S.R.E. | B6: SENT. | C6: INÍCIO (KM) | D6: FIM (KM) | E6: EXT. (KM) | F6: CONDIÇÃO DO PAVIMENTO | K6: VEGETAÇÃO | M6: ELEM. DE DRENAGEM | P6: SIN. HORIZ. | S6: SIN. VERTICAL | V6: OBSERVAÇÕES | W6: CONFERÊNCIA (só na tela)
F7: BOM | G7: REM. I. | H7: REM. L. | I7: BUR. I. | J7: BUR. L. | K7: ADEQ. | L7: INAD. | M7: LIMPOS | N7: SUJOS | O7: DAN. | P7: BOM | Q7: REG. | R7: INEXIST. | S7: BOM | T7: POUCAS | U7: INEXIST.
A8: S.R.E. 422ETO0010D | ENTR. BR-153 - TRECHO ZONA DE PROCESSAMENTO DE EXPORTAÇÃO (código antigo: 422ETO0010) | PPS · Estadual · 7.778 km · início: -7.269117, -48.264192
A9: 422ETO0010D | B9: C | C9: 0 | D9: 1 | E9: =D9-C9 -> 1 | F9: X | L9: X | N9: X | Q9: X | S9: X | W9: =IF(COUNTA(F9:U9)=0,"— não preenchido",IF(COUNTIF(F9:J9,"X")<>1,"FALTA/DUPLA: CONDIÇÃO DO PAVIMENTO",IF(COUNTIF(K9:L9,"X")<>1,"FALTA/DUPLA: VEGETAÇÃO",IF(COUNTIF(M9:O9,"X")<>1,"FALTA/DUPLA: ELEM. DE DRENAGEM",IF(COUNTIF(P9:R9,"X")<>1,"FALTA/DUPLA: SIN. HORIZ.",IF(COUNTIF(S9:U9,"X")<>1,"FALTA/DUPLA: SIN. VERTICAL","OK")))))) -> OK
A10: 422ETO0010D | B10: C | C10: 1 | D10: 2 | E10: =D10-C10 -> 1 | F10: X | L10: X | N10: X | Q10: X | S10: X | W10: =IF(COUNTA(F10:U10)=0,"— não preenchido",IF(COUNTIF(F10:J10,"X")<>1,"FALTA/DUPLA: CONDIÇÃO DO PAVIMENTO",IF(COUNTIF(K10:L10,"X")<>1,"FALTA/DUPLA: VEGETAÇÃO",IF(COUNTIF(M10:O10,"X")<>1,"FALTA/DUPLA: ELEM. DE DRENAGEM",IF(COUNTIF(P10:R10,"X")<>1,"FALTA/DUPLA: SIN. HORIZ.",IF(COUNTIF(S10:U10,"X")<>1,"FALTA/DUPLA: SIN. VERTICAL","OK")))))) -> OK
A11: 422ETO0010D | B11: C | C11: 2 | D11: 3 | E11: =D11-C11 -> 1 | F11: X | L11: X | N11: X | Q11: X | S11: X | W11: =IF(COUNTA(F11:U11)=0,"— não preenchido",IF(COUNTIF(F11:J11,"X")<>1,"FALTA/DUPLA: CONDIÇÃO DO PAVIMENTO",IF(COUNTIF(K11:L11,"X")<>1,"FALTA/DUPLA: VEGETAÇÃO",IF(COUNTIF(M11:O11,"X")<>1,"FALTA/DUPLA: ELEM. DE DRENAGEM",IF(COUNTIF(P11:R11,"X")<>1,"FALTA/DUPLA: SIN. HORIZ.",IF(COUNTIF(S11:U11,"X")<>1,"FALTA/DUPLA: SIN. VERTICAL","OK")))))) -> OK
A12: 422ETO0010D | B12: C | C12: 3 | D12: 4 | E12: =D12-C12 -> 1 | F12: X | L12: X | N12: X | Q12: X | S12: X | W12: =IF(COUNTA(F12:U12)=0,"— não preenchido",IF(COUNTIF(F12:J12,"X")<>1,"FALTA/DUPLA: CONDIÇÃO DO PAVIMENTO",IF(COUNTIF(K12:L12,"X")<>1,"FALTA/DUPLA: VEGETAÇÃO",IF(COUNTIF(M12:O12,"X")<>1,"FALTA/DUPLA: ELEM. DE DRENAGEM",IF(COUNTIF(P12:R12,"X")<>1,"FALTA/DUPLA: SIN. HORIZ.",IF(COUNTIF(S12:U12,"X")<>1,"FALTA/DUPLA: SIN. VERTICAL","OK")))))) -> OK
A13: 422ETO0010D | B13: C | C13: 4 | D13: 5 | E13: =D13-C13 -> 1 | F13: X | L13: X | N13: X | Q13: X | S13: X | W13: =IF(COUNTA(F13:U13)=0,"— não preenchido",IF(COUNTIF(F13:J13,"X")<>1,"FALTA/DUPLA: CONDIÇÃO DO PAVIMENTO",IF(COUNTIF(K13:L13,"X")<>1,"FALTA/DUPLA: VEGETAÇÃO",IF(COUNTIF(M13:O13,"X")<>1,"FALTA/DUPLA: ELEM. DE DRENAGEM",IF(COUNTIF(P13:R13,"X")<>1,"FALTA/DUPLA: SIN. HORIZ.",IF(COUNTIF(S13:U13,"X")<>1,"FALTA/DUPLA: SIN. VERTICAL","OK")))))) -> OK
A14: 422ETO0010D | B14: C | C14: 5 | D14: 6 | E14: =D14-C14 -> 1 | F14: X | L14: X | N14: X | Q14: X | S14: X | W14: =IF(COUNTA(F14:U14)=0,"— não preenchido",IF(COUNTIF(F14:J14,"X")<>1,"FALTA/DUPLA: CONDIÇÃO DO PAVIMENTO",IF(COUNTIF(K14:L14,"X")<>1,"FALTA/DUPLA: VEGETAÇÃO",IF(COUNTIF(M14:O14,"X")<>1,"FALTA/DUPLA: ELEM. DE DRENAGEM",IF(COUNTIF(P14:R14,"X")<>1,"FALTA/DUPLA: SIN. HORIZ.",IF(COUNTIF(S14:U14,"X")<>1,"FALTA/DUPLA: SIN. VERTICAL","OK")))))) -> OK
A15: 422ETO0010D | B15: C | C15: 6 | D15: 7 | E15: =D15-C15 -> 1 | F15: X | L15: X | N15: X | Q15: X | S15: X | W15: =IF(COUNTA(F15:U15)=0,"— não preenchido",IF(COUNTIF(F15:J15,"X")<>1,"FALTA/DUPLA: CONDIÇÃO DO PAVIMENTO",IF(COUNTIF(K15:L15,"X")<>1,"FALTA/DUPLA: VEGETAÇÃO",IF(COUNTIF(M15:O15,"X")<>1,"FALTA/DUPLA: ELEM. DE DRENAGEM",IF(COUNTIF(P15:R15,"X")<>1,"FALTA/DUPLA: SIN. HORIZ.",IF(COUNTIF(S15:U15,"X")<>1,"FALTA/DUPLA: SIN. VERTICAL","OK")))))) -> OK
A16: 422ETO0010D | B16: C | C16: 7 | D16: 7.7776106 | E16: =D16-C16 -> 0.77761065 | F16: X | L16: X | N16: X | Q16: X | S16: X | W16: =IF(COUNTA(F16:U16)=0,"— não preenchido",IF(COUNTIF(F16:J16,"X")<>1,"FALTA/DUPLA: CONDIÇÃO DO PAVIMENTO",IF(COUNTIF(K16:L16,"X")<>1,"FALTA/DUPLA: VEGETAÇÃO",IF(COUNTIF(M16:O16,"X")<>1,"FALTA/DUPLA: ELEM. DE DRENAGEM",IF(COUNTIF(P16:R16,"X")<>1,"FALTA/DUPLA: SIN. HORIZ.",IF(COUNTIF(S16:U16,"X")<>1,"FALTA/DUPLA: SIN. VERTICAL","OK")))))) -> OK
A18: ____________________________________________ | G18: ____________________________________________
A19: TÉCNICO RESPONSÁVEL PELA INSPEÇÃO | G19: VISTO DA SUPERVISÃO
A21: RESUMO DO TRECHO — KM LANÇADO POR ITEM
A22: KM LANÇADO | F22: =SUMIF(F$9:F$16,"X",$E$9:$E$16) -> 7.7776106 | G22: =SUMIF(G$9:G$16,"X",$E$9:$E$16) -> 0 | H22: =SUMIF(H$9:H$16,"X",$E$9:$E$16) -> 0 | I22: =SUMIF(I$9:I$16,"X",$E$9:$E$16) -> 0 | J22: =SUMIF(J$9:J$16,"X",$E$9:$E$16) -> 0 | K22: =SUMIF(K$9:K$16,"X",$E$9:$E$16) -> 0 | L22: =SUMIF(L$9:L$16,"X",$E$9:$E$16) -> 7.7776106 | M22: =SUMIF(M$9:M$16,"X",$E$9:$E$16) -> 0 | ... U22: =SUMIF(U$9:U$16,"X",$E$9:$E$16) -> 0
A23: % DA EXTENSÃO | F23: =IF($R25=0,0,F22/$R25) -> 1 | G23: =IF($R25=0,0,G22/$R25) -> 0 | H23: =IF($R25=0,0,H22/$R25) -> 0 | I23: =IF($R25=0,0,I22/$R25) -> 0 | J23: =IF($R25=0,0,J22/$R25) -> 0 | K23: =IF($R25=0,0,K22/$R25) -> 0 | L23: =IF($R25=0,0,L22/$R25) -> 1 | M23: =IF($R25=0,0,M22/$R25) -> 0 | ... U23: =IF($R25=0,0,U22/$R25) -> 0
A24: CONFERÊNCIA POR GRUPO | F24: =IF(SUM(F22:J22)=0,"— não preenchido",IF(ROUND(SUM(F22:J22)-$R25,3)=0,"OK — "&ROUND(SUM(F22:J22),3)&" km","ERRO — dif. de "&ROUND(SUM(F22:J22)-$R25,3)&" km")) -> OK — 7,778 km | K24: =IF(SUM(K22:L22)=0,"— não preenchido",IF(ROUND(SUM(K22:L22)-$R25,3)=0,"OK — "&ROUND(SUM(K22:L22),3)&" km","ERRO — dif. de "&ROUND(SUM(K22:L22)-$R25,3)&" km")) -> OK — 7,778 km | M24: =IF(SUM(M22:O22)=0,"— não preenchido",IF(ROUND(SUM(M22:O22)-$R25,3)=0,"OK — "&ROUND(SUM(M22:O22),3)&" km","ERRO — dif. de "&ROUND(SUM(M22:O22)-$R25,3)&" km")) -> OK — 7,778 km | P24: =IF(SUM(P22:R22)=0,"— não preenchido",IF(ROUND(SUM(P22:R22)-$R25,3)=0,"OK — "&ROUND(SUM(P22:R22),3)&" km","ERRO — dif. de "&ROUND(SUM(P22:R22)-$R25,3)&" km")) -> OK — 7,778 km | S24: =IF(SUM(S22:U22)=0,"— não preenchido",IF(ROUND(SUM(S22:U22)-$R25,3)=0,"OK — "&ROUND(SUM(S22:U22),3)&" km","ERRO — dif. de "&ROUND(SUM(S22:U22)-$R25,3)&" km")) -> OK — 7,778 km
A25: EXTENSÃO TOTAL DO TRECHO | R25: =SUM(E9:E16) -> 7.7776106 | V25: =COUNTIF(W9:W16,"OK")&" de "&COUNT($E$9:$E$16)&" linhas conferidas" -> 8 de 8 linhas conferidas
A27: LEGENDA
A28: REM. I. / REM. L. | E28: Remendos isolados (até 10 por km) · Remendos ao longo (mais de 10 por km)
A29: BUR. I. / BUR. L. | E29: Buracos isolados (até 5 por km) · Buracos ao longo (mais de 5 por km)
A30: SIT. | E30: PPS = pista simples · PSU = simples urbana · PDU = duplicada
A31: FAIXA AZUL | E31: Cabeçalho de cada S.R.E.: descrição, situação, jurisdição, extensão e coordenada de início.
A32: INÍCIO / FIM (KM) | E32: Contados de 0 até o fim de CADA S.R.E. Não é o marco quilométrico da rodovia.
A33: SENT. | E33: C = crescente · D = decrescente
A34: FAIXA CINZA | E34: Segmento fora do escopo do contrato: você passa por ele, mas não preenche.
A35: CÉLULA VERMELHA | E35: Mais de uma X no mesmo grupo. Apague uma delas.
A36: CONFERÊNCIA | E36: Só na tela, não sai impresso. Fica OK com uma X em cada grupo.

Sheet 80
