Workbook

Sheet RESUMO
A1: RESUMO CONSOLIDADO — REGIÃO 1 — RODOVIAS PAVIMENTADAS | V1: Valores dos gráficos — troca 0 por N/D para a fatia não aparecer. Não editar.
A2: Todos os números vêm das abas dos trechos por referência direta. Não digite nada aqui. A coluna CONFERÊNCIA acusa qualquer trecho em que a soma das marcações não fecha com a extensão. | V2: =IF(D26=0,NA(),D26) -> 357.8146 | W2: =IF(E26=0,NA(),E26) -> 106.56371 | X2: =IF(F26=0,NA(),F26) -> 113.95533 | Y2: =IF(G26=0,NA(),G26) -> 30.42424 | Z2: =IF(H26=0,NA(),H26) -> 39.867345 | AA2: =IF(I26=0,NA(),I26) -> 524.3603 | AB2: =IF(J26=0,NA(),J26) -> 153.25558 | AC2: =IF(K26=0,NA(),K26) -> 22.658043 | ... AK2: =IF(S26=0,NA(),S26) -> 191.56596
A4: Nº TRECHO | B4: TRECHO | C4: EXTENSÃO (KM) | D4: CONDIÇÃO DO PAVIMENTO | I4: VEGETAÇÃO | K4: ELEM. DE DRENAGEM | N4: SIN. HORIZ. | Q4: SIN. VERTICAL | T4: CONFERÊNCIA
D5: BOM | E5: REM. I. | F5: REM. L. | G5: BUR. I. | H5: BUR. L. | I5: ADEQ. | J5: INAD. | K5: LIMPOS | L5: SUJOS | M5: DAN. | N5: BOM | O5: REG. | P5: INEXIST. | Q5: BOM | R5: POUCAS | S5: INEXIST.
A6: 39 | B6: RODOVIA TO-010 - TRECHO RIACHINHO - ANANÁS | C6: ='39'!R32 -> 10.452807 | D6: ='39'!F29 -> 0 | E6: ='39'!G29 -> 0 | F6: ='39'!H29 -> 10.452807 | G6: ='39'!I29 -> 0 | H6: ='39'!J29 -> 0 | I6: ='39'!K29 -> 10.452807 | J6: ='39'!L29 -> 0 | K6: ='39'!M29 -> 0 | ... S6: ='39'!U29 -> 2.4295262 | T6: =IF(SUM(D6:H6)=0,"— não preenchido",IF(ROUND(SUM(D6:H6)-C6,3)=0,"OK","ERRO — dif. de "&ROUND(SUM(D6:H6)-C6,3)&" km")) -> OK
A7: 40 | B7: RODOVIA TO-010 - TRECHO WANDERLÂNDIA - RIACHINHO | C7: ='40'!R87 -> 60.748882 | D7: ='40'!F84 -> 59.674513 | E7: ='40'!G84 -> 0 | F7: ='40'!H84 -> 1.0743694 | G7: ='40'!I84 -> 0 | H7: ='40'!J84 -> 0 | I7: ='40'!K84 -> 60.748882 | J7: ='40'!L84 -> 0 | K7: ='40'!M84 -> 1.7983511 | ... S7: ='40'!U84 -> 5.8608086 | T7: =IF(SUM(D7:H7)=0,"— não preenchido",IF(ROUND(SUM(D7:H7)-C7,3)=0,"OK","ERRO — dif. de "&ROUND(SUM(D7:H7)-C7,3)&" km")) -> OK
A8: 41 | B8: RODOVIA TO-164 - TRECHO ENTR. BR-153 (XAMBIOÁ) - ARAGUANÃ | C8: ='41'!R46 -> 25.715093 | D8: ='41'!F43 -> 19.715093 | E8: ='41'!G43 -> 1 | F8: ='41'!H43 -> 4 | G8: ='41'!I43 -> 1 | H8: ='41'!J43 -> 0 | I8: ='41'!K43 -> 25.715093 | J8: ='41'!L43 -> 0 | K8: ='41'!M43 -> 2.5646179 | ... S8: ='41'!U43 -> 0 | T8: =IF(SUM(D8:H8)=0,"— não preenchido",IF(ROUND(SUM(D8:H8)-C8,3)=0,"OK","ERRO — dif. de "&ROUND(SUM(D8:H8)-C8,3)&" km")) -> OK
A9: 42 | B9: RODOVIA TO-164 - TRECHO FÁBRICA DE CIMENTO - XAMBIOÁ - ENTR. BR-153 | C9: ='42'!R33 -> 13.45061 | D9: ='42'!F30 -> 4.8300059 | E9: ='42'!G30 -> 0 | F9: ='42'!H30 -> 0 | G9: ='42'!I30 -> 1 | H9: ='42'!J30 -> 7.6206039 | I9: ='42'!K30 -> 13.45061 | J9: ='42'!L30 -> 0 | K9: ='42'!M30 -> 0 | ... S9: ='42'!U30 -> 13.45061 | T9: =IF(SUM(D9:H9)=0,"— não preenchido",IF(ROUND(SUM(D9:H9)-C9,3)=0,"OK","ERRO — dif. de "&ROUND(SUM(D9:H9)-C9,3)&" km")) -> OK
A10: 43 | B10: RODOVIA TO-164 - TRECHO ARAGOMINAS - MURICILÂNDIA | C10: ='43'!R40 -> 21.14779 | D10: ='43'!F37 -> 0 | E10: ='43'!G37 -> 15.998808 | F10: ='43'!H37 -> 5.1489827 | G10: ='43'!I37 -> 0 | H10: ='43'!J37 -> 0 | I10: ='43'!K37 -> 8.9988076 | J10: ='43'!L37 -> 12.148983 | K10: ='43'!M37 -> 0.99880763 | ... S10: ='43'!U37 -> 0.99880763 | T10: =IF(SUM(D10:H10)=0,"— não preenchido",IF(ROUND(SUM(D10:H10)-C10,3)=0,"OK","ERRO — dif. de "&ROUND(SUM(D10:H10)-C10,3)&" km")) -> OK
A11: 44 | B11: RODOVIA TO-164 - TRECHO ARAGUANÃ - CARMOLÂNDIA | C11: ='44'!R79 -> 60.402239 | D11: ='44'!F76 -> 48.402239 | E11: ='44'!G76 -> 9 | F11: ='44'!H76 -> 3 | G11: ='44'!I76 -> 0 | H11: ='44'!J76 -> 0 | I11: ='44'!K76 -> 60.402239 | J11: ='44'!L76 -> 0 | K11: ='44'!M76 -> 2.4746415 | ... S11: ='44'!U76 -> 0 | T11: =IF(SUM(D11:H11)=0,"— não preenchido",IF(ROUND(SUM(D11:H11)-C11,3)=0,"OK","ERRO — dif. de "&ROUND(SUM(D11:H11)-C11,3)&" km")) -> OK
A12: 45 | B12: RODOVIA TO-164 - TRECHO CARMOLÂNDIA - ENTR. TO-222 - ARAGOMINAS | C12: ='45'!R62 -> 42.611403 | D12: ='45'!F59 -> 15.93419 | E12: ='45'!G59 -> 0 | F12: ='45'!H59 -> 26.677212 | G12: ='45'!I59 -> 0 | H12: ='45'!J59 -> 0 | I12: ='45'!K59 -> 3 | J12: ='45'!L59 -> 39.611403 | K12: ='45'!M59 -> 0 | ... S12: ='45'!U59 -> 0 | T12: =IF(SUM(D12:H12)=0,"— não preenchido",IF(ROUND(SUM(D12:H12)-C12,3)=0,"OK","ERRO — dif. de "&ROUND(SUM(D12:H12)-C12,3)&" km")) -> OK
A13: 46 | B13: RODOVIA TO-164 - TRECHO ENTR. TO-226 - POVOADO DEZENOVE - BERNARDO SAYÃO | C13: ='46'!R62 -> 40.989414 | D13: ='46'!F59 -> 33.989414 | E13: ='46'!G59 -> 0 | F13: ='46'!H59 -> 0 | G13: ='46'!I59 -> 3 | H13: ='46'!J59 -> 4 | I13: ='46'!K59 -> 40.989414 | J13: ='46'!L59 -> 0 | K13: ='46'!M59 -> 9.5030331 | ... S13: ='46'!U59 -> 0 | T13: =IF(SUM(D13:H13)=0,"— não preenchido",IF(ROUND(SUM(D13:H13)-C13,3)=0,"OK","ERRO — dif. de "&ROUND(SUM(D13:H13)-C13,3)&" km")) -> OK
A14: 47 | B14: RODOVIA TO-164 - TRECHO MURICILÂNDIA - ENTR. TO-226 | C14: ='47'!R19 -> 1.8943523 | D14: ='47'!F16 -> 1.8943523 | E14: ='47'!G16 -> 0 | F14: ='47'!H16 -> 0 | G14: ='47'!I16 -> 0 | H14: ='47'!J16 -> 0 | I14: ='47'!K16 -> 0 | J14: ='47'!L16 -> 1.8943523 | K14: ='47'!M16 -> 1.8943523 | ... S14: ='47'!U16 -> 0 | T14: =IF(SUM(D14:H14)=0,"— não preenchido",IF(ROUND(SUM(D14:H14)-C14,3)=0,"OK","ERRO — dif. de "&ROUND(SUM(D14:H14)-C14,3)&" km")) -> OK
A15: 50 | B15: RODOVIA TO-222 - TRECHO ARAGUAÍNA - ENTR. TO-164 (NOVO HORIZONTE) | C15: ='50'!R33 -> 13.381599 | D15: ='50'!F30 -> 6 | E15: ='50'!G30 -> 7.381599 | F15: ='50'!H30 -> 0 | G15: ='50'!I30 -> 0 | H15: ='50'!J30 -> 0 | I15: ='50'!K30 -> 13.381599 | J15: ='50'!L30 -> 0 | K15: ='50'!M30 -> 0 | ... S15: ='50'!U30 -> 0 | T15: =IF(SUM(D15:H15)=0,"— não preenchido",IF(ROUND(SUM(D15:H15)-C15,3)=0,"OK","ERRO — dif. de "&ROUND(SUM(D15:H15)-C15,3)&" km")) -> OK
A16: 51 | B16: RODOVIA TO-222 - TRECHO MURICILÂNDIA - SANTA FÉ DO ARAGUAIA | C16: ='51'!R27 -> 9.7059136 | D16: ='51'!F24 -> 0 | E16: ='51'!G24 -> 6 | F16: ='51'!H24 -> 1.7059136 | G16: ='51'!I24 -> 2 | H16: ='51'!J24 -> 0 | I16: ='51'!K24 -> 0 | J16: ='51'!L24 -> 9.7059136 | K16: ='51'!M24 -> 0 | ... S16: ='51'!U24 -> 0 | T16: =IF(SUM(D16:H16)=0,"— não preenchido",IF(ROUND(SUM(D16:H16)-C16,3)=0,"OK","ERRO — dif. de "&ROUND(SUM(D16:H16)-C16,3)&" km")) -> OK
A17: 52 | B17: RODOVIA TO-222 - TRECHO SANTA FÉ DO ARAGUAIA - DIVISA TO-PA (POVOADO PORTO LEMOS) | C17: ='52'!R77 -> 57.036247 | D17: ='52'!F74 -> 37 | E17: ='52'!G74 -> 10.854742 | F17: ='52'!H74 -> 5.1815049 | G17: ='52'!I74 -> 4 | H17: ='52'!J74 -> 0 | I17: ='52'!K74 -> 0 | J17: ='52'!L74 -> 57.036247 | K17: ='52'!M74 -> 0 | ... S17: ='52'!U74 -> 0 | T17: =IF(SUM(D17:H17)=0,"— não preenchido",IF(ROUND(SUM(D17:H17)-C17,3)=0,"OK","ERRO — dif. de "&ROUND(SUM(D17:H17)-C17,3)&" km")) -> OK
A18: 53 | B18: RODOVIA TO-226 - TRECHO ENTR. BR-153 (POVOADO RIO PRETO) - DIVISA TO-PA (POVOADO GARIMPINHO) | C18: ='53'!R135 -> 102.64502 | D18: ='53'!F132 -> 15.911806 | E18: ='53'!G132 -> 50.32856 | F18: ='53'!H132 -> 36.404655 | G18: ='53'!I132 -> 0 | H18: ='53'!J132 -> 0 | I18: ='53'!K132 -> 102.64502 | J18: ='53'!L132 -> 0 | K18: ='53'!M132 -> 0 | ... S18: ='53'!U132 -> 95.720786 | T18: =IF(SUM(D18:H18)=0,"— não preenchido",IF(ROUND(SUM(D18:H18)-C18,3)=0,"OK","ERRO — dif. de "&ROUND(SUM(D18:H18)-C18,3)&" km")) -> OK
A19: 54 | B19: RODOVIA TO-230 - TRECHO ARAPOEMA - PAU D'ARCO (DIVISA TO-PA) | C19: ='54'!R56 -> 36.534189 | D19: ='54'!F53 -> 16.224302 | E19: ='54'!G53 -> 2 | F19: ='54'!H53 -> 16.309886 | G19: ='54'!I53 -> 0 | H19: ='54'!J53 -> 2 | I19: ='54'!K53 -> 36.534189 | J19: ='54'!L53 -> 0 | K19: ='54'!M53 -> 2 | ... S19: ='54'!U53 -> 5 | T19: =IF(SUM(D19:H19)=0,"— não preenchido",IF(ROUND(SUM(D19:H19)-C19,3)=0,"OK","ERRO — dif. de "&ROUND(SUM(D19:H19)-C19,3)&" km")) -> OK
A20: 55 | B20: RODOVIA TO-230 - TRECHO BANDEIRANTES DO TOCANTINS - ARAPOEMA | C20: ='55'!R90 -> 61.884362 | D20: ='55'!F87 -> 60.884362 | E20: ='55'!G87 -> 1 | F20: ='55'!H87 -> 0 | G20: ='55'!I87 -> 0 | H20: ='55'!J87 -> 0 | I20: ='55'!K87 -> 61.884362 | J20: ='55'!L87 -> 0 | K20: ='55'!M87 -> 0 | ... S20: ='55'!U87 -> 0 | T20: =IF(SUM(D20:H20)=0,"— não preenchido",IF(ROUND(SUM(D20:H20)-C20,3)=0,"OK","ERRO — dif. de "&ROUND(SUM(D20:H20)-C20,3)&" km")) -> OK
A21: 56 | B21: RODOVIA TO-230 - TRECHO ENTR. BR-153 - BANDEIRANTES DO TOCANTINS | C21: ='56'!R33 -> 15.768494 | D21: ='56'!F30 -> 15.768494 | E21: ='56'!G30 -> 0 | F21: ='56'!H30 -> 0 | G21: ='56'!I30 -> 0 | H21: ='56'!J30 -> 0 | I21: ='56'!K30 -> 15.768494 | J21: ='56'!L30 -> 0 | K21: ='56'!M30 -> 0 | ... S21: ='56'!U30 -> 0 | T21: =IF(SUM(D21:H21)=0,"— não preenchido",IF(ROUND(SUM(D21:H21)-C21,3)=0,"OK","ERRO — dif. de "&ROUND(SUM(D21:H21)-C21,3)&" km")) -> OK
A22: 57 | B22: RODOVIA TO-416 - TRECHO ENTR. BR-153 - RIACHINHO | C22: ='57'!R50 -> 32.246741 | D22: ='57'!F47 -> 4 | E22: ='57'!G47 -> 3 | F22: ='57'!H47 -> 4 | G22: ='57'!I47 -> 5 | H22: ='57'!J47 -> 16.246741 | I22: ='57'!K47 -> 32.246741 | J22: ='57'!L47 -> 0 | K22: ='57'!M47 -> 0 | ... S22: ='57'!U47 -> 32.246741 | T22: =IF(SUM(D22:H22)=0,"— não preenchido",IF(ROUND(SUM(D22:H22)-C22,3)=0,"OK","ERRO — dif. de "&ROUND(SUM(D22:H22)-C22,3)&" km")) -> OK
A23: 58 | B23: RODOVIA TO-416 - TRECHO ENTR. TO-222 - POVOADO COCALINHO | C23: ='58'!R21 -> 3.8680293 | D23: ='58'!F18 -> 3.8680293 | E23: ='58'!G18 -> 0 | F23: ='58'!H18 -> 0 | G23: ='58'!I18 -> 0 | H23: ='58'!J18 -> 0 | I23: ='58'!K18 -> 0 | J23: ='58'!L18 -> 3.8680293 | K23: ='58'!M18 -> 0 | ... S23: ='58'!U18 -> 3.8680293 | T23: =IF(SUM(D23:H23)=0,"— não preenchido",IF(ROUND(SUM(D23:H23)-C23,3)=0,"OK","ERRO — dif. de "&ROUND(SUM(D23:H23)-C23,3)&" km")) -> OK
A24: 61 | B24: RODOVIA TO-420 - TRECHO ENTR. BR-153 (POVOADO XAMBERLÂNDIA) - PIRAQUÊ - ENTR. BR-153 | C24: ='61'!R58 -> 38.142042 | D24: ='61'!F55 -> 13.717802 | E24: ='61'!G55 -> 0 | F24: ='61'!H55 -> 0 | G24: ='61'!I55 -> 14.42424 | H24: ='61'!J55 -> 10 | I24: ='61'!K55 -> 38.142042 | J24: ='61'!L55 -> 0 | K24: ='61'!M55 -> 1.4242395 | ... S24: ='61'!U55 -> 3 | T24: =IF(SUM(D24:H24)=0,"— não preenchido",IF(ROUND(SUM(D24:H24)-C24,3)=0,"OK","ERRO — dif. de "&ROUND(SUM(D24:H24)-C24,3)&" km")) -> OK
A25: 63 | B25: RODOVIA TO-427 - TRECHO PAU D'ARCO (DIVISA TO-PA) - ENTR. TO-226 | C25: ='63'!R46 -> 28.990649 | D25: ='63'!F43 -> 0 | E25: ='63'!G43 -> 0 | F25: ='63'!H43 -> 0 | G25: ='63'!I43 -> 0 | H25: ='63'!J43 -> 0 | I25: ='63'!K43 -> 0 | J25: ='63'!L43 -> 28.990649 | K25: ='63'!M43 -> 0 | ... S25: ='63'!U43 -> 28.990649 | T25: =IF(SUM(D25:H25)=0,"— não preenchido",IF(ROUND(SUM(D25:H25)-C25,3)=0,"OK","ERRO — dif. de "&ROUND(SUM(D25:H25)-C25,3)&" km")) -> — não preenchido
B26: TOTAL PERCORRIDO NO MÊS | C26: =SUM(C6:C25) -> 677.61588 | D26: =SUM(D6:D25) -> 357.8146 | E26: =SUM(E6:E25) -> 106.56371 | F26: =SUM(F6:F25) -> 113.95533 | G26: =SUM(G6:G25) -> 30.42424 | H26: =SUM(H6:H25) -> 39.867345 | I26: =SUM(I6:I25) -> 524.3603 | J26: =SUM(J6:J25) -> 153.25558 | ... S26: =SUM(S6:S25) -> 191.56596
B27: % DA EXTENSÃO DA MALHA (677.62 km) | D27: =SUM(D26:H26)/677.62 -> 0.95721087 | I27: (soma do grupo 'CONDIÇÃO DO PAVIMENTO' dividida pela malha)

Sheet 39
A1: PROGRAMA DE MANUTENÇÃO RODOVIÁRIA — FICHA DE INSPEÇÃO — RODOVIAS PAVIMENTADAS | Y1: Valores dos gráficos — troca 0 por N/D para a fatia não aparecer. Não editar.
A2: REGIÃO: 2 — ARAGUAÍNA I | G2: MÊS / ANO: | I2: 46235 | K2: DATA: | P2: TÉCNICO: | R2: ENG. VINICIUS RODRIGUES FERREIRA DE OLIVEIRA | Y2: =IF(F29=0,NA(),F29) -> #N/A | Z2: =IF(G29=0,NA(),G29) -> #N/A | AA2: =IF(H29=0,NA(),H29) -> 10.452807 | AB2: =IF(I29=0,NA(),I29) -> #N/A | AC2: =IF(J29=0,NA(),J29) -> #N/A | AD2: =IF(K29=0,NA(),K29) -> 10.452807 | AE2: =IF(L29=0,NA(),L29) -> #N/A | AF2: =IF(M29=0,NA(),M29) -> #N/A | ... AN2: =IF(U29=0,NA(),U29) -> 2.4295262
A3: TRECHO 39 — RODOVIA TO-010 - TRECHO RIACHINHO - ANANÁS | T3: EXTENSÃO: 10,453 km · 3 S.R.E.
A4: COMO PREENCHER: uma X em UMA coluna de cada grupo, por linha. Se houver mais de um defeito no mesmo km, marque o PREDOMINANTE e escreva o resto em OBSERVAÇÕES. A quilometragem é contada de 0 até o fim de CADA S.R.E. (não é o marco da rodovia).
A6: S.R.E. | B6: SENT. | C6: INÍCIO (KM) | D6: FIM (KM) | E6: EXT. (KM) | F6: CONDIÇÃO DO PAVIMENTO | K6: VEGETAÇÃO | M6: ELEM. DE DRENAGEM | P6: SIN. HORIZ. | S6: SIN. VERTICAL | V6: OBSERVAÇÕES | W6: CONFERÊNCIA (só na tela)
F7: BOM | G7: REM. I. | H7: REM. L. | I7: BUR. I. | J7: BUR. L. | K7: ADEQ. | L7: INAD. | M7: LIMPOS | N7: SUJOS | O7: DAN. | P7: BOM | Q7: REG. | R7: INEXIST. | S7: BOM | T7: POUCAS | U7: INEXIST.
A8: S.R.E. 416ETO0040 | ENTR. TO-010 - RIACHINHO | PPS · Estadual · 2.430 km · início: -6.446327, -48.137832
A9: 416ETO0040 | B9: C | C9: 0 | D9: 1 | E9: =D9-C9 -> 1 | H9: X | K9: X | N9: X | R9: X | U9: X | W9: =IF(COUNTA(F9:U9)=0,"— não preenchido",IF(COUNTIF(F9:J9,"X")<>1,"FALTA/DUPLA: CONDIÇÃO DO PAVIMENTO",IF(COUNTIF(K9:L9,"X")<>1,"FALTA/DUPLA: VEGETAÇÃO",IF(COUNTIF(M9:O9,"X")<>1,"FALTA/DUPLA: ELEM. DE DRENAGEM",IF(COUNTIF(P9:R9,"X")<>1,"FALTA/DUPLA: SIN. HORIZ.",IF(COUNTIF(S9:U9,"X")<>1,"FALTA/DUPLA: SIN. VERTICAL","OK")))))) -> OK
A10: 416ETO0040 | B10: C | C10: 1 | D10: 2 | E10: =D10-C10 -> 1 | H10: X | K10: X | N10: X | R10: X | U10: X | W10: =IF(COUNTA(F10:U10)=0,"— não preenchido",IF(COUNTIF(F10:J10,"X")<>1,"FALTA/DUPLA: CONDIÇÃO DO PAVIMENTO",IF(COUNTIF(K10:L10,"X")<>1,"FALTA/DUPLA: VEGETAÇÃO",IF(COUNTIF(M10:O10,"X")<>1,"FALTA/DUPLA: ELEM. DE DRENAGEM",IF(COUNTIF(P10:R10,"X")<>1,"FALTA/DUPLA: SIN. HORIZ.",IF(COUNTIF(S10:U10,"X")<>1,"FALTA/DUPLA: SIN. VERTICAL","OK")))))) -> OK
A11: 416ETO0040 | B11: C | C11: 2 | D11: 2.4295262 | E11: =D11-C11 -> 0.42952623 | H11: X | K11: X | N11: X | R11: X | U11: X | W11: =IF(COUNTA(F11:U11)=0,"— não preenchido",IF(COUNTIF(F11:J11,"X")<>1,"FALTA/DUPLA: CONDIÇÃO DO PAVIMENTO",IF(COUNTIF(K11:L11,"X")<>1,"FALTA/DUPLA: VEGETAÇÃO",IF(COUNTIF(M11:O11,"X")<>1,"FALTA/DUPLA: ELEM. DE DRENAGEM",IF(COUNTIF(P11:R11,"X")<>1,"FALTA/DUPLA: SIN. HORIZ.",IF(COUNTIF(S11:U11,"X")<>1,"FALTA/DUPLA: SIN. VERTICAL","OK")))))) -> OK
A12: ▲ AQUI HÁ 602.060 km FORA DO ESCOPO DO CONTRATO (perímetro urbano de jurisdição municipal). Você passa por ele, mas NÃO preenche.
A13: S.R.E. 010ETO0500 | ENTR. TO-416 - SÃO RAIMUNDO | PPS · Estadual · 4.267 km · início: -6.433737, -48.12044
A14: 010ETO0500 | B14: C | C14: 0 | D14: 1 | E14: =D14-C14 -> 1 | H14: X | K14: X | N14: X | R14: X | T14: X | W14: =IF(COUNTA(F14:U14)=0,"— não preenchido",IF(COUNTIF(F14:J14,"X")<>1,"FALTA/DUPLA: CONDIÇÃO DO PAVIMENTO",IF(COUNTIF(K14:L14,"X")<>1,"FALTA/DUPLA: VEGETAÇÃO",IF(COUNTIF(M14:O14,"X")<>1,"FALTA/DUPLA: ELEM. DE DRENAGEM",IF(COUNTIF(P14:R14,"X")<>1,"FALTA/DUPLA: SIN. HORIZ.",IF(COUNTIF(S14:U14,"X")<>1,"FALTA/DUPLA: SIN. VERTICAL","OK")))))) -> OK
A15: 010ETO0500 | B15: C | C15: 1 | D15: 2 | E15: =D15-C15 -> 1 | H15: X | K15: X | N15: X | R15: X | T15: X | W15: =IF(COUNTA(F15:U15)=0,"— não preenchido",IF(COUNTIF(F15:J15,"X")<>1,"FALTA/DUPLA: CONDIÇÃO DO PAVIMENTO",IF(COUNTIF(K15:L15,"X")<>1,"FALTA/DUPLA: VEGETAÇÃO",IF(COUNTIF(M15:O15,"X")<>1,"FALTA/DUPLA: ELEM. DE DRENAGEM",IF(COUNTIF(P15:R15,"X")<>1,"FALTA/DUPLA: SIN. HORIZ.",IF(COUNTIF(S15:U15,"X")<>1,"FALTA/DUPLA: SIN. VERTICAL","OK")))))) -> OK
A16: 010ETO0500 | B16: C | C16: 2 | D16: 3 | E16: =D16-C16 -> 1 | H16: X | K16: X | N16: X | R16: X | T16: X | W16: =IF(COUNTA(F16:U16)=0,"— não preenchido",IF(COUNTIF(F16:J16,"X")<>1,"FALTA/DUPLA: CONDIÇÃO DO PAVIMENTO",IF(COUNTIF(K16:L16,"X")<>1,"FALTA/DUPLA: VEGETAÇÃO",IF(COUNTIF(M16:O16,"X")<>1,"FALTA/DUPLA: ELEM. DE DRENAGEM",IF(COUNTIF(P16:R16,"X")<>1,"FALTA/DUPLA: SIN. HORIZ.",IF(COUNTIF(S16:U16,"X")<>1,"FALTA/DUPLA: SIN. VERTICAL","OK")))))) -> OK
A17: 010ETO0500 | B17: C | C17: 3 | D17: 4 | E17: =D17-C17 -> 1 | H17: X | K17: X | N17: X | R17: X | T17: X | W17: =IF(COUNTA(F17:U17)=0,"— não preenchido",IF(COUNTIF(F17:J17,"X")<>1,"FALTA/DUPLA: CONDIÇÃO DO PAVIMENTO",IF(COUNTIF(K17:L17,"X")<>1,"FALTA/DUPLA: VEGETAÇÃO",IF(COUNTIF(M17:O17,"X")<>1,"FALTA/DUPLA: ELEM. DE DRENAGEM",IF(COUNTIF(P17:R17,"X")<>1,"FALTA/DUPLA: SIN. HORIZ.",IF(COUNTIF(S17:U17,"X")<>1,"FALTA/DUPLA: SIN. VERTICAL","OK")))))) -> OK
A18: 010ETO0500 | B18: C | C18: 4 | D18: 4.2669872 | E18: =D18-C18 -> 0.26698723 | H18: X | K18: X | N18: X | R18: X | T18: X | W18: =IF(COUNTA(F18:U18)=0,"— não preenchido",IF(COUNTIF(F18:J18,"X")<>1,"FALTA/DUPLA: CONDIÇÃO DO PAVIMENTO",IF(COUNTIF(K18:L18,"X")<>1,"FALTA/DUPLA: VEGETAÇÃO",IF(COUNTIF(M18:O18,"X")<>1,"FALTA/DUPLA: ELEM. DE DRENAGEM",IF(COUNTIF(P18:R18,"X")<>1,"FALTA/DUPLA: SIN. HORIZ.",IF(COUNTIF(S18:U18,"X")<>1,"FALTA/DUPLA: SIN. VERTICAL","OK")))))) -> OK
A19: S.R.E. 010ETO0510 | SÃO RAIMUNDO - ANANÁS *TRECHO URBANO* | PPS · Estadual · 3.756 km · início: -6.402218, -48.094278
A20: 010ETO0510 | B20: C | C20: 0 | D20: 1 | E20: =D20-C20 -> 1 | H20: X | K20: X | N20: X | R20: X | T20: X | W20: =IF(COUNTA(F20:U20)=0,"— não preenchido",IF(COUNTIF(F20:J20,"X")<>1,"FALTA/DUPLA: CONDIÇÃO DO PAVIMENTO",IF(COUNTIF(K20:L20,"X")<>1,"FALTA/DUPLA: VEGETAÇÃO",IF(COUNTIF(M20:O20,"X")<>1,"FALTA/DUPLA: ELEM. DE DRENAGEM",IF(COUNTIF(P20:R20,"X")<>1,"FALTA/DUPLA: SIN. HORIZ.",IF(COUNTIF(S20:U20,"X")<>1,"FALTA/DUPLA: SIN. VERTICAL","OK")))))) -> OK
A21: 010ETO0510 | B21: C | C21: 1 | D21: 2 | E21: =D21-C21 -> 1 | H21: X | K21: X | N21: X | R21: X | T21: X | W21: =IF(COUNTA(F21:U21)=0,"— não preenchido",IF(COUNTIF(F21:J21,"X")<>1,"FALTA/DUPLA: CONDIÇÃO DO PAVIMENTO",IF(COUNTIF(K21:L21,"X")<>1,"FALTA/DUPLA: VEGETAÇÃO",IF(COUNTIF(M21:O21,"X")<>1,"FALTA/DUPLA: ELEM. DE DRENAGEM",IF(COUNTIF(P21:R21,"X")<>1,"FALTA/DUPLA: SIN. HORIZ.",IF(COUNTIF(S21:U21,"X")<>1,"FALTA/DUPLA: SIN. VERTICAL","OK")))))) -> OK
A22: 010ETO0510 | B22: C | C22: 2 | D22: 3 | E22: =D22-C22 -> 1 | H22: X | K22: X | N22: X | R22: X | T22: X | W22: =IF(COUNTA(F22:U22)=0,"— não preenchido",IF(COUNTIF(F22:J22,"X")<>1,"FALTA/DUPLA: CONDIÇÃO DO PAVIMENTO",IF(COUNTIF(K22:L22,"X")<>1,"FALTA/DUPLA: VEGETAÇÃO",IF(COUNTIF(M22:O22,"X")<>1,"FALTA/DUPLA: ELEM. DE DRENAGEM",IF(COUNTIF(P22:R22,"X")<>1,"FALTA/DUPLA: SIN. HORIZ.",IF(COUNTIF(S22:U22,"X")<>1,"FALTA/DUPLA: SIN. VERTICAL","OK")))))) -> OK
A23: 010ETO0510 | B23: C | C23: 3 | D23: 3.7562933 | E23: =D23-C23 -> 0.75629334 | H23: X | K23: X | N23: X | R23: X | T23: X | W23: =IF(COUNTA(F23:U23)=0,"— não preenchido",IF(COUNTIF(F23:J23,"X")<>1,"FALTA/DUPLA: CONDIÇÃO DO PAVIMENTO",IF(COUNTIF(K23:L23,"X")<>1,"FALTA/DUPLA: VEGETAÇÃO",IF(COUNTIF(M23:O23,"X")<>1,"FALTA/DUPLA: ELEM. DE DRENAGEM",IF(COUNTIF(P23:R23,"X")<>1,"FALTA/DUPLA: SIN. HORIZ.",IF(COUNTIF(S23:U23,"X")<>1,"FALTA/DUPLA: SIN. VERTICAL","OK")))))) -> OK
A25: ____________________________________________ | G25: ____________________________________________
A26: TÉCNICO RESPONSÁVEL PELA INSPEÇÃO | G26: VISTO DA SUPERVISÃO
A28: RESUMO DO TRECHO — KM LANÇADO POR ITEM
A29: KM LANÇADO | F29: =SUMIF(F$9:F$23,"X",$E$9:$E$23) -> 0 | G29: =SUMIF(G$9:G$23,"X",$E$9:$E$23) -> 0 | H29: =SUMIF(H$9:H$23,"X",$E$9:$E$23) -> 10.452807 | I29: =SUMIF(I$9:I$23,"X",$E$9:$E$23) -> 0 | J29: =SUMIF(J$9:J$23,"X",$E$9:$E$23) -> 0 | K29: =SUMIF(K$9:K$23,"X",$E$9:$E$23) -> 10.452807 | L29: =SUMIF(L$9:L$23,"X",$E$9:$E$23) -> 0 | M29: =SUMIF(M$9:M$23,"X",$E$9:$E$23) -> 0 | ... U29: =SUMIF(U$9:U$23,"X",$E$9:$E$23) -> 2.4295262
A30: % DA EXTENSÃO | F30: =IF($R32=0,0,F29/$R32) -> 0 | G30: =IF($R32=0,0,G29/$R32) -> 0 | H30: =IF($R32=0,0,H29/$R32) -> 1 | I30: =IF($R32=0,0,I29/$R32) -> 0 | J30: =IF($R32=0,0,J29/$R32) -> 0 | K30: =IF($R32=0,0,K29/$R32) -> 1 | L30: =IF($R32=0,0,L29/$R32) -> 0 | M30: =IF($R32=0,0,M29/$R32) -> 0 | ... U30: =IF($R32=0,0,U29/$R32) -> 0.23242812
A31: CONFERÊNCIA POR GRUPO | F31: =IF(SUM(F29:J29)=0,"— não preenchido",IF(ROUND(SUM(F29:J29)-$R32,3)=0,"OK — "&ROUND(SUM(F29:J29),3)&" km","ERRO — dif. de "&ROUND(SUM(F29:J29)-$R32,3)&" km")) -> OK — 10,453 km | K31: =IF(SUM(K29:L29)=0,"— não preenchido",IF(ROUND(SUM(K29:L29)-$R32,3)=0,"OK — "&ROUND(SUM(K29:L29),3)&" km","ERRO — dif. de "&ROUND(SUM(K29:L29)-$R32,3)&" km")) -> OK — 10,453 km | M31: =IF(SUM(M29:O29)=0,"— não preenchido",IF(ROUND(SUM(M29:O29)-$R32,3)=0,"OK — "&ROUND(SUM(M29:O29),3)&" km","ERRO — dif. de "&ROUND(SUM(M29:O29)-$R32,3)&" km")) -> OK — 10,453 km | P31: =IF(SUM(P29:R29)=0,"— não preenchido",IF(ROUND(SUM(P29:R29)-$R32,3)=0,"OK — "&ROUND(SUM(P29:R29),3)&" km","ERRO — dif. de "&ROUND(SUM(P29:R29)-$R32,3)&" km")) -> OK — 10,453 km | S31: =IF(SUM(S29:U29)=0,"— não preenchido",IF(ROUND(SUM(S29:U29)-$R32,3)=0,"OK — "&ROUND(SUM(S29:U29),3)&" km","ERRO — dif. de "&ROUND(SUM(S29:U29)-$R32,3)&" km")) -> OK — 10,453 km
A32: EXTENSÃO TOTAL DO TRECHO | R32: =SUM(E9:E23) -> 10.452807 | V32: =COUNTIF(W9:W23,"OK")&" de "&COUNT($E$9:$E$23)&" linhas conferidas" -> 12 de 12 linhas conferidas
A34: LEGENDA
A35: REM. I. / REM. L. | E35: Remendos isolados (até 10 por km) · Remendos ao longo (mais de 10 por km)
A36: BUR. I. / BUR. L. | E36: Buracos isolados (até 5 por km) · Buracos ao longo (mais de 5 por km)
A37: SIT. | E37: PPS = pista simples · PSU = simples urbana · PDU = duplicada
A38: FAIXA AZUL | E38: Cabeçalho de cada S.R.E.: descrição, situação, jurisdição, extensão e coordenada de início.
A39: INÍCIO / FIM (KM) | E39: Contados de 0 até o fim de CADA S.R.E. Não é o marco quilométrico da rodovia.
A40: SENT. | E40: C = crescente · D = decrescente
A41: FAIXA CINZA | E41: Segmento fora do escopo do contrato: você passa por ele, mas não preenche.
A42: CÉLULA VERMELHA | E42: Mais de uma X no mesmo grupo. Apague uma delas.
A43: CONFERÊNCIA | E43: Só na tela, não sai impresso. Fica OK com uma X em cada grupo.

Sheet 40
A1: PROGRAMA DE MANUTENÇÃO RODOVIÁRIA — FICHA DE INSPEÇÃO — RODOVIAS PAVIMENTADAS | Y1: Valores dos gráficos — troca 0 por N/D para a fatia não aparecer. Não editar.
A2: REGIÃO: 2 — ARAGUAÍNA I | G2: MÊS / ANO: | I2: =IF('39'!I2="","",'39'!I2) -> 46235 | K2: DATA: | N2: =IF('39'!N2="","",'39'!N2) | P2: TÉCNICO: | R2: =IF('39'!R2="","",'39'!R2) -> ENG. VINICIUS RODRIGUES FERREIRA DE OLIVEIRA | Y2: =IF(F84=0,NA(),F84) -> 59.674513 | Z2: =IF(G84=0,NA(),G84) -> #N/A | AA2: =IF(H84=0,NA(),H84) -> 1.0743694 | AB2: =IF(I84=0,NA(),I84) -> #N/A | AC2: =IF(J84=0,NA(),J84) -> #N/A | AD2: =IF(K84=0,NA(),K84) -> 60.748882 | AE2: =IF(L84=0,NA(),L84) -> #N/A | AF2: =IF(M84=0,NA(),M84) -> 1.7983511 | ... AN2: =IF(U84=0,NA(),U84) -> 5.8608086
A3: TRECHO 40 — RODOVIA TO-010 - TRECHO WANDERLÂNDIA - RIACHINHO | T3: EXTENSÃO: 60,749 km · 7 S.R.E.
A4: COMO PREENCHER: uma X em UMA coluna de cada grupo, por linha. Se houver mais de um defeito no mesmo km, marque o PREDOMINANTE e escreva o resto em OBSERVAÇÕES. A quilometragem é contada de 0 até o fim de CADA S.R.E. (não é o marco da rodovia).
A6: S.R.E. | B6: SENT. | C6: INÍCIO (KM) | D6: FIM (KM) | E6: EXT. (KM) | F6: CONDIÇÃO DO PAVIMENTO | K6: VEGETAÇÃO | M6: ELEM. DE DRENAGEM | P6: SIN. HORIZ. | S6: SIN. VERTICAL | V6: OBSERVAÇÕES | W6: CONFERÊNCIA (só na tela)
F7: BOM | G7: REM. I. | H7: REM. L. | I7: BUR. I. | J7: BUR. L. | K7: ADEQ. | L7: INAD. | M7: LIMPOS | N7: SUJOS | O7: DAN. | P7: BOM | Q7: REG. | R7: INEXIST. | S7: BOM | T7: POUCAS | U7: INEXIST.
A8: S.R.E. 010ETO0421 | WANDERLÂNDIA *TRECHO URBANO* | PSU · Municipal · 1.084 km · início: -6.849179, -47.964118
A9: 010ETO0421 | B9: C | C9: 0 | D9: 1 | E9: =D9-C9 -> 1 | F9: X | K9: X | M9: X | R9: X | U9: X | W9: =IF(COUNTA(F9:U9)=0,"— não preenchido",IF(COUNTIF(F9:J9,"X")<>1,"FALTA/DUPLA: CONDIÇÃO DO PAVIMENTO",IF(COUNTIF(K9:L9,"X")<>1,"FALTA/DUPLA: VEGETAÇÃO",IF(COUNTIF(M9:O9,"X")<>1,"FALTA/DUPLA: ELEM. DE DRENAGEM",IF(COUNTIF(P9:R9,"X")<>1,"FALTA/DUPLA: SIN. HORIZ.",IF(COUNTIF(S9:U9,"X")<>1,"FALTA/DUPLA: SIN. VERTICAL","OK")))))) -> OK
A10: 010ETO0421 | B10: C | C10: 1 | D10: 1.0835334 | E10: =D10-C10 -> 0.083533375 | F10: X | K10: X | M10: X | R10: X | U10: X | W10: =IF(COUNTA(F10:U10)=0,"— não preenchido",IF(COUNTIF(F10:J10,"X")<>1,"FALTA/DUPLA: CONDIÇÃO DO PAVIMENTO",IF(COUNTIF(K10:L10,"X")<>1,"FALTA/DUPLA: VEGETAÇÃO",IF(COUNTIF(M10:O10,"X")<>1,"FALTA/DUPLA: ELEM. DE DRENAGEM",IF(COUNTIF(P10:R10,"X")<>1,"FALTA/DUPLA: SIN. HORIZ.",IF(COUNTIF(S10:U10,"X")<>1,"FALTA/DUPLA: SIN. VERTICAL","OK")))))) -> OK
A11: S.R.E. 010ETO0422 | WANDERLÂNDIA *TRECHO URBANO* | PSU · Municipal · 0.715 km · sem coordenada no shape
A12: 010ETO0422 | B12: C | C12: 0 | D12: 0.7148177 | E12: =D12-C12 -> 0.7148177 | F12: X | K12: X | M12: X | R12: X | U12: X | W12: =IF(COUNTA(F12:U12)=0,"— não preenchido",IF(COUNTIF(F12:J12,"X")<>1,"FALTA/DUPLA: CONDIÇÃO DO PAVIMENTO",IF(COUNTIF(K12:L12,"X")<>1,"FALTA/DUPLA: VEGETAÇÃO",IF(COUNTIF(M12:O12,"X")<>1,"FALTA/DUPLA: ELEM. DE DRENAGEM",IF(COUNTIF(P12:R12,"X")<>1,"FALTA/DUPLA: SIN. HORIZ.",IF(COUNTIF(S12:U12,"X")<>1,"FALTA/DUPLA: SIN. VERTICAL","OK")))))) -> OK
A13: S.R.E. 010ETO0430 | WANDERLANDIA - ENTR. BR-153 | PPS · Estadual · 1.074 km · início: -6.835071, -47.97269
A14: 010ETO0430 | B14: C | C14: 0 | D14: 1 | E14: =D14-C14 -> 1 | H14: X | K14: X | N14: X | R14: X | U14: X | W14: =IF(COUNTA(F14:U14)=0,"— não preenchido",IF(COUNTIF(F14:J14,"X")<>1,"FALTA/DUPLA: CONDIÇÃO DO PAVIMENTO",IF(COUNTIF(K14:L14,"X")<>1,"FALTA/DUPLA: VEGETAÇÃO",IF(COUNTIF(M14:O14,"X")<>1,"FALTA/DUPLA: ELEM. DE DRENAGEM",IF(COUNTIF(P14:R14,"X")<>1,"FALTA/DUPLA: SIN. HORIZ.",IF(COUNTIF(S14:U14,"X")<>1,"FALTA/DUPLA: SIN. VERTICAL","OK")))))) -> OK
A15: 010ETO0430 | B15: C | C15: 1 | D15: 1.0743694 | E15: =D15-C15 -> 0.074369395 | H15: X | K15: X | N15: X | R15: X | U15: X | W15: =IF(COUNTA(F15:U15)=0,"— não preenchido",IF(COUNTIF(F15:J15,"X")<>1,"FALTA/DUPLA: CONDIÇÃO DO PAVIMENTO",IF(COUNTIF(K15:L15,"X")<>1,"FALTA/DUPLA: VEGETAÇÃO",IF(COUNTIF(M15:O15,"X")<>1,"FALTA/DUPLA: ELEM. DE DRENAGEM",IF(COUNTIF(P15:R15,"X")<>1,"FALTA/DUPLA: SIN. HORIZ.",IF(COUNTIF(S15:U15,"X")<>1,"FALTA/DUPLA: SIN. VERTICAL","OK")))))) -> OK
A16: S.R.E. 010ETO0440 | ENTR. BR-226 - ENTR.BR-153 | PPS · Estadual · 2.988 km · sem coordenada no shape
A17: 010ETO0440 | B17: C | C17: 0 | D17: 1 | E17: =D17-C17 -> 1 | F17: X | K17: X | O17: X | R17: X | U17: X | W17: =IF(COUNTA(F17:U17)=0,"— não preenchido",IF(COUNTIF(F17:J17,"X")<>1,"FALTA/DUPLA: CONDIÇÃO DO PAVIMENTO",IF(COUNTIF(K17:L17,"X")<>1,"FALTA/DUPLA: VEGETAÇÃO",IF(COUNTIF(M17:O17,"X")<>1,"FALTA/DUPLA: ELEM. DE DRENAGEM",IF(COUNTIF(P17:R17,"X")<>1,"FALTA/DUPLA: SIN. HORIZ.",IF(COUNTIF(S17:U17,"X")<>1,"FALTA/DUPLA: SIN. VERTICAL","OK")))))) -> OK
A18: 010ETO0440 | B18: C | C18: 1 | D18: 2 | E18: =D18-C18 -> 1 | F18: X | K18: X | O18: X | R18: X | U18: X | W18: =IF(COUNTA(F18:U18)=0,"— não preenchido",IF(COUNTIF(F18:J18,"X")<>1,"FALTA/DUPLA: CONDIÇÃO DO PAVIMENTO",IF(COUNTIF(K18:L18,"X")<>1,"FALTA/DUPLA: VEGETAÇÃO",IF(COUNTIF(M18:O18,"X")<>1,"FALTA/DUPLA: ELEM. DE DRENAGEM",IF(COUNTIF(P18:R18,"X")<>1,"FALTA/DUPLA: SIN. HORIZ.",IF(COUNTIF(S18:U18,"X")<>1,"FALTA/DUPLA: SIN. VERTICAL","OK")))))) -> OK
A19: 010ETO0440 | B19: C | C19: 2 | D19: 2.9880881 | E19: =D19-C19 -> 0.9880881 | F19: X | K19: X | O19: X | R19: X | U19: X | W19: =IF(COUNTA(F19:U19)=0,"— não preenchido",IF(COUNTIF(F19:J19,"X")<>1,"FALTA/DUPLA: CONDIÇÃO DO PAVIMENTO",IF(COUNTIF(K19:L19,"X")<>1,"FALTA/DUPLA: VEGETAÇÃO",IF(COUNTIF(M19:O19,"X")<>1,"FALTA/DUPLA: ELEM. DE DRENAGEM",IF(COUNTIF(P19:R19,"X")<>1,"FALTA/DUPLA: SIN. HORIZ.",IF(COUNTIF(S19:U19,"X")<>1,"FALTA/DUPLA: SIN. VERTICAL","OK")))))) -> OK
A20: S.R.E. 010ETO0470 | ENTR. BR-153 - CENTRO DOS BORGES | PPS · Estadual · 42.716 km · início: -6.828264, -47.976211
A21: 010ETO0470 | B21: C | C21: 0 | D21: 1 | E21: =D21-C21 -> 1 | F21: X | K21: X | N21: X | P21: X | T21: X | W21: =IF(COUNTA(F21:U21)=0,"— não preenchido",IF(COUNTIF(F21:J21,"X")<>1,"FALTA/DUPLA: CONDIÇÃO DO PAVIMENTO",IF(COUNTIF(K21:L21,"X")<>1,"FALTA/DUPLA: VEGETAÇÃO",IF(COUNTIF(M21:O21,"X")<>1,"FALTA/DUPLA: ELEM. DE DRENAGEM",IF(COUNTIF(P21:R21,"X")<>1,"FALTA/DUPLA: SIN. HORIZ.",IF(COUNTIF(S21:U21,"X")<>1,"FALTA/DUPLA: SIN. VERTICAL","OK")))))) -> OK
A22: 010ETO0470 | B22: C | C22: 1 | D22: 2 | E22: =D22-C22 -> 1 | F22: X | K22: X | N22: X | P22: X | T22: X | W22: =IF(COUNTA(F22:U22)=0,"— não preenchido",IF(COUNTIF(F22:J22,"X")<>1,"FALTA/DUPLA: CONDIÇÃO DO PAVIMENTO",IF(COUNTIF(K22:L22,"X")<>1,"FALTA/DUPLA: VEGETAÇÃO",IF(COUNTIF(M22:O22,"X")<>1,"FALTA/DUPLA: ELEM. DE DRENAGEM",IF(COUNTIF(P22:R22,"X")<>1,"FALTA/DUPLA: SIN. HORIZ.",IF(COUNTIF(S22:U22,"X")<>1,"FALTA/DUPLA: SIN. VERTICAL","OK")))))) -> OK
A23: 010ETO0470 | B23: C | C23: 2 | D23: 3 | E23: =D23-C23 -> 1 | F23: X | K23: X | N23: X | P23: X | T23: X | W23: =IF(COUNTA(F23:U23)=0,"— não preenchido",IF(COUNTIF(F23:J23,"X")<>1,"FALTA/DUPLA: CONDIÇÃO DO PAVIMENTO",IF(COUNTIF(K23:L23,"X")<>1,"FALTA/DUPLA: VEGETAÇÃO",IF(COUNTIF(M23:O23,"X")<>1,"FALTA/DUPLA: ELEM. DE DRENAGEM",IF(COUNTIF(P23:R23,"X")<>1,"FALTA/DUPLA: SIN. HORIZ.",IF(COUNTIF(S23:U23,"X")<>1,"FALTA/DUPLA: SIN. VERTICAL","OK")))))) -> OK
A24: 010ETO0470 | B24: C | C24: 3 | D24: 4 | E24: =D24-C24 -> 1 | F24: X | K24: X | N24: X | P24: X | T24: X | W24: =IF(COUNTA(F24:U24)=0,"— não preenchido",IF(COUNTIF(F24:J24,"X")<>1,"FALTA/DUPLA: CONDIÇÃO DO PAVIMENTO",IF(COUNTIF(K24:L24,"X")<>1,"FALTA/DUPLA: VEGETAÇÃO",IF(COUNTIF(M24:O24,"X")<>1,"FALTA/DUPLA: ELEM. DE DRENAGEM",IF(COUNTIF(P24:R24,"X")<>1,"FALTA/DUPLA: SIN. HORIZ.",IF(COUNTIF(S24:U24,"X")<>1,"FALTA/DUPLA: SIN. VERTICAL","OK")))))) -> OK
A25: 010ETO0470 | B25: C | C25: 4 | D25: 5 | E25: =D25-C25 -> 1 | F25: X | K25: X | N25: X | P25: X | T25: X | W25: =IF(COUNTA(F25:U25)=0,"— não preenchido",IF(COUNTIF(F25:J25,"X")<>1,"FALTA/DUPLA: CONDIÇÃO DO PAVIMENTO",IF(COUNTIF(K25:L25,"X")<>1,"FALTA/DUPLA: VEGETAÇÃO",IF(COUNTIF(M25:O25,"X")<>1,"FALTA/DUPLA: ELEM. DE DRENAGEM",IF(COUNTIF(P25:R25,"X")<>1,"FALTA/DUPLA: SIN. HORIZ.",IF(COUNTIF(S25:U25,"X")<>1,"FALTA/DUPLA: SIN. VERTICAL","OK")))))) -> OK
A26: 010ETO0470 | B26: C | C26: 5 | D26: 6 | E26: =D26-C26 -> 1 | F26: X | K26: X | N26: X | P26: X | T26: X | W26: =IF(COUNTA(F26:U26)=0,"— não preenchido",IF(COUNTIF(F26:J26,"X")<>1,"FALTA/DUPLA: CONDIÇÃO DO PAVIMENTO",IF(COUNTIF(K26:L26,"X")<>1,"FALTA/DUPLA: VEGETAÇÃO",IF(COUNTIF(M26:O26,"X")<>1,"FALTA/DUPLA: ELEM. DE DRENAGEM",IF(COUNTIF(P26:R26,"X")<>1,"FALTA/DUPLA: SIN. HORIZ.",IF(COUNTIF(S26:U26,"X")<>1,"FALTA/DUPLA: SIN. VERTICAL","OK")))))) -> OK
A27: 010ETO0470 | B27: C | C27: 6 | D27: 7 | E27: =D27-C27 -> 1 | F27: X | K27: X | N27: X | P27: X | T27: X | W27: =IF(COUNTA(F27:U27)=0,"— não preenchido",IF(COUNTIF(F27:J27,"X")<>1,"FALTA/DUPLA: CONDIÇÃO DO PAVIMENTO",IF(COUNTIF(K27:L27,"X")<>1,"FALTA/DUPLA: VEGETAÇÃO",IF(COUNTIF(M27:O27,"X")<>1,"FALTA/DUPLA: ELEM. DE DRENAGEM",IF(COUNTIF(P27:R27,"X")<>1,"FALTA/DUPLA: SIN. HORIZ.",IF(COUNTIF(S27:U27,"X")<>1,"FALTA/DUPLA: SIN. VERTICAL","OK")))))) -> OK
A28: 010ETO0470 | B28: C | C28: 7 | D28: 8 | E28: =D28-C28 -> 1 | F28: X | K28: X | N28: X | P28: X | T28: X | W28: =IF(COUNTA(F28:U28)=0,"— não preenchido",IF(COUNTIF(F28:J28,"X")<>1,"FALTA/DUPLA: CONDIÇÃO DO PAVIMENTO",IF(COUNTIF(K28:L28,"X")<>1,"FALTA/DUPLA: VEGETAÇÃO",IF(COUNTIF(M28:O28,"X")<>1,"FALTA/DUPLA: ELEM. DE DRENAGEM",IF(COUNTIF(P28:R28,"X")<>1,"FALTA/DUPLA: SIN. HORIZ.",IF(COUNTIF(S28:U28,"X")<>1,"FALTA/DUPLA: SIN. VERTICAL","OK")))))) -> OK
A29: 010ETO0470 | B29: C | C29: 8 | D29: 9 | E29: =D29-C29 -> 1 | F29: X | K29: X | N29: X | P29: X | T29: X | W29: =IF(COUNTA(F29:U29)=0,"— não preenchido",IF(COUNTIF(F29:J29,"X")<>1,"FALTA/DUPLA: CONDIÇÃO DO PAVIMENTO",IF(COUNTIF(K29:L29,"X")<>1,"FALTA/DUPLA: VEGETAÇÃO",IF(COUNTIF(M29:O29,"X")<>1,"FALTA/DUPLA: ELEM. DE DRENAGEM",IF(COUNTIF(P29:R29,"X")<>1,"FALTA/DUPLA: SIN. HORIZ.",IF(COUNTIF(S29:U29,"X")<>1,"FALTA/DUPLA: SIN. VERTICAL","OK")))))) -> OK
A30: 010ETO0470 | B30: C | C30: 9 | D30: 10 | E30: =D30-C30 -> 1 | F30: X | K30: X | N30: X | P30: X | T30: X | W30: =IF(COUNTA(F30:U30)=0,"— não preenchido",IF(COUNTIF(F30:J30,"X")<>1,"FALTA/DUPLA: CONDIÇÃO DO PAVIMENTO",IF(COUNTIF(K30:L30,"X")<>1,"FALTA/DUPLA: VEGETAÇÃO",IF(COUNTIF(M30:O30,"X")<>1,"FALTA/DUPLA: ELEM. DE DRENAGEM",IF(COUNTIF(P30:R30,"X")<>1,"FALTA/DUPLA: SIN. HORIZ.",IF(COUNTIF(S30:U30,"X")<>1,"FALTA/DUPLA: SIN. VERTICAL","OK")))))) -> OK
A31: 010ETO0470 | B31: C | C31: 10 | D31: 11 | E31: =D31-C31 -> 1 | F31: X | K31: X | N31: X | P31: X | T31: X | W31: =IF(COUNTA(F31:U31)=0,"— não preenchido",IF(COUNTIF(F31:J31,"X")<>1,"FALTA/DUPLA: CONDIÇÃO DO PAVIMENTO",IF(COUNTIF(K31:L31,"X")<>1,"FALTA/DUPLA: VEGETAÇÃO",IF(COUNTIF(M31:O31,"X")<>1,"FALTA/DUPLA: ELEM. DE DRENAGEM",IF(COUNTIF(P31:R31,"X")<>1,"FALTA/DUPLA: SIN. HORIZ.",IF(COUNTIF(S31:U31,"X")<>1,"FALTA/DUPLA: SIN. VERTICAL","OK")))))) -> OK
A32: 010ETO0470 | B32: C | C32: 11 | D32: 12 | E32: =D32-C32 -> 1 | F32: X | K32: X | N32: X | P32: X | T32: X | W32: =IF(COUNTA(F32:U32)=0,"— não preenchido",IF(COUNTIF(F32:J32,"X")<>1,"FALTA/DUPLA: CONDIÇÃO DO PAVIMENTO",IF(COUNTIF(K32:L32,"X")<>1,"FALTA/DUPLA: VEGETAÇÃO",IF(COUNTIF(M32:O32,"X")<>1,"FALTA/DUPLA: ELEM. DE DRENAGEM",IF(COUNTIF(P32:R32,"X")<>1,"FALTA/DUPLA: SIN. HORIZ.",IF(COUNTIF(S32:U32,"X")<>1,"FALTA/DUPLA: SIN. VERTICAL","OK")))))) -> OK
... A63: 010ETO0470 | B63: C | C63: 42 | D63: 42.716102 | E63: =D63-C63 -> 0.71610226 | F63: X | K63: X | N63: X | P63: X | T63: X | W63: =IF(COUNTA(F63:U63)=0,"— não preenchido",IF(COUNTIF(F63:J63,"X")<>1,"FALTA/DUPLA: CONDIÇÃO DO PAVIMENTO",IF(COUNTIF(K63:L63,"X")<>1,"FALTA/DUPLA: VEGETAÇÃO",IF(COUNTIF(M63:O63,"X")<>1,"FALTA/DUPLA: ELEM. DE DRENAGEM",IF(COUNTIF(P63:R63,"X")<>1,"FALTA/DUPLA: SIN. HORIZ.",IF(COUNTIF(S63:U63,"X")<>1,"FALTA/DUPLA: SIN. VERTICAL","OK")))))) -> OK
A64: S.R.E. 010ETO0480 | CENTRO DOS BORGES - SOROROCA | PPS · Estadual · 5.230 km · início: -6.500913, -48.060737
A65: 010ETO0480 | B65: C | C65: 0 | D65: 1 | E65: =D65-C65 -> 1 | F65: X | K65: X | N65: X | P65: X | T65: X | W65: =IF(COUNTA(F65:U65)=0,"— não preenchido",IF(COUNTIF(F65:J65,"X")<>1,"FALTA/DUPLA: CONDIÇÃO DO PAVIMENTO",IF(COUNTIF(K65:L65,"X")<>1,"FALTA/DUPLA: VEGETAÇÃO",IF(COUNTIF(M65:O65,"X")<>1,"FALTA/DUPLA: ELEM. DE DRENAGEM",IF(COUNTIF(P65:R65,"X")<>1,"FALTA/DUPLA: SIN. HORIZ.",IF(COUNTIF(S65:U65,"X")<>1,"FALTA/DUPLA: SIN. VERTICAL","OK")))))) -> OK
A66: 010ETO0480 | B66: C | C66: 1 | D66: 2 | E66: =D66-C66 -> 1 | F66: X | K66: X | N66: X | P66: X | T66: X | W66: =IF(COUNTA(F66:U66)=0,"— não preenchido",IF(COUNTIF(F66:J66,"X")<>1,"FALTA/DUPLA: CONDIÇÃO DO PAVIMENTO",IF(COUNTIF(K66:L66,"X")<>1,"FALTA/DUPLA: VEGETAÇÃO",IF(COUNTIF(M66:O66,"X")<>1,"FALTA/DUPLA: ELEM. DE DRENAGEM",IF(COUNTIF(P66:R66,"X")<>1,"FALTA/DUPLA: SIN. HORIZ.",IF(COUNTIF(S66:U66,"X")<>1,"FALTA/DUPLA: SIN. VERTICAL","OK")))))) -> OK
A67: 010ETO0480 | B67: C | C67: 2 | D67: 3 | E67: =D67-C67 -> 1 | F67: X | K67: X | N67: X | P67: X | T67: X | W67: =IF(COUNTA(F67:U67)=0,"— não preenchido",IF(COUNTIF(F67:J67,"X")<>1,"FALTA/DUPLA: CONDIÇÃO DO PAVIMENTO",IF(COUNTIF(K67:L67,"X")<>1,"FALTA/DUPLA: VEGETAÇÃO",IF(COUNTIF(M67:O67,"X")<>1,"FALTA/DUPLA: ELEM. DE DRENAGEM",IF(COUNTIF(P67:R67,"X")<>1,"FALTA/DUPLA: SIN. HORIZ.",IF(COUNTIF(S67:U67,"X")<>1,"FALTA/DUPLA: SIN. VERTICAL","OK")))))) -> OK
A68: 010ETO0480 | B68: C | C68: 3 | D68: 4 | E68: =D68-C68 -> 1 | F68: X | K68: X | N68: X | P68: X | T68: X | W68: =IF(COUNTA(F68:U68)=0,"— não preenchido",IF(COUNTIF(F68:J68,"X")<>1,"FALTA/DUPLA: CONDIÇÃO DO PAVIMENTO",IF(COUNTIF(K68:L68,"X")<>1,"FALTA/DUPLA: VEGETAÇÃO",IF(COUNTIF(M68:O68,"X")<>1,"FALTA/DUPLA: ELEM. DE DRENAGEM",IF(COUNTIF(P68:R68,"X")<>1,"FALTA/DUPLA: SIN. HORIZ.",IF(COUNTIF(S68:U68,"X")<>1,"FALTA/DUPLA: SIN. VERTICAL","OK")))))) -> OK
A69: 010ETO0480 | B69: C | C69: 4 | D69: 5 | E69: =D69-C69 -> 1 | F69: X | K69: X | N69: X | P69: X | T69: X | W69: =IF(COUNTA(F69:U69)=0,"— não preenchido",IF(COUNTIF(F69:J69,"X")<>1,"FALTA/DUPLA: CONDIÇÃO DO PAVIMENTO",IF(COUNTIF(K69:L69,"X")<>1,"FALTA/DUPLA: VEGETAÇÃO",IF(COUNTIF(M69:O69,"X")<>1,"FALTA/DUPLA: ELEM. DE DRENAGEM",IF(COUNTIF(P69:R69,"X")<>1,"FALTA/DUPLA: SIN. HORIZ.",IF(COUNTIF(S69:U69,"X")<>1,"FALTA/DUPLA: SIN. VERTICAL","OK")))))) -> OK
A70: 010ETO0480 | B70: C | C70: 5 | D70: 5.2299312 | E70: =D70-C70 -> 0.22993118 | F70: X | K70: X | N70: X | P70: X | T70: X | W70: =IF(COUNTA(F70:U70)=0,"— não preenchido",IF(COUNTIF(F70:J70,"X")<>1,"FALTA/DUPLA: CONDIÇÃO DO PAVIMENTO",IF(COUNTIF(K70:L70,"X")<>1,"FALTA/DUPLA: VEGETAÇÃO",IF(COUNTIF(M70:O70,"X")<>1,"FALTA/DUPLA: ELEM. DE DRENAGEM",IF(COUNTIF(P70:R70,"X")<>1,"FALTA/DUPLA: SIN. HORIZ.",IF(COUNTIF(S70:U70,"X")<>1,"FALTA/DUPLA: SIN. VERTICAL","OK")))))) -> OK
A71: S.R.E. 010ETO0490 | SOROROCA - ENTR. TO-416 | PPS · Estadual · 6.942 km · início: -6.482327, -48.092095
A72: 010ETO0490 | B72: C | C72: 0 | D72: 1 | E72: =D72-C72 -> 1 | F72: X | K72: X | N72: X | P72: X | T72: X | W72: =IF(COUNTA(F72:U72)=0,"— não preenchido",IF(COUNTIF(F72:J72,"X")<>1,"FALTA/DUPLA: CONDIÇÃO DO PAVIMENTO",IF(COUNTIF(K72:L72,"X")<>1,"FALTA/DUPLA: VEGETAÇÃO",IF(COUNTIF(M72:O72,"X")<>1,"FALTA/DUPLA: ELEM. DE DRENAGEM",IF(COUNTIF(P72:R72,"X")<>1,"FALTA/DUPLA: SIN. HORIZ.",IF(COUNTIF(S72:U72,"X")<>1,"FALTA/DUPLA: SIN. VERTICAL","OK")))))) -> OK
A73: 010ETO0490 | B73: C | C73: 1 | D73: 2 | E73: =D73-C73 -> 1 | F73: X | K73: X | N73: X | P73: X | T73: X | W73: =IF(COUNTA(F73:U73)=0,"— não preenchido",IF(COUNTIF(F73:J73,"X")<>1,"FALTA/DUPLA: CONDIÇÃO DO PAVIMENTO",IF(COUNTIF(K73:L73,"X")<>1,"FALTA/DUPLA: VEGETAÇÃO",IF(COUNTIF(M73:O73,"X")<>1,"FALTA/DUPLA: ELEM. DE DRENAGEM",IF(COUNTIF(P73:R73,"X")<>1,"FALTA/DUPLA: SIN. HORIZ.",IF(COUNTIF(S73:U73,"X")<>1,"FALTA/DUPLA: SIN. VERTICAL","OK")))))) -> OK
A74: 010ETO0490 | B74: C | C74: 2 | D74: 3 | E74: =D74-C74 -> 1 | F74: X | K74: X | N74: X | P74: X | T74: X | W74: =IF(COUNTA(F74:U74)=0,"— não preenchido",IF(COUNTIF(F74:J74,"X")<>1,"FALTA/DUPLA: CONDIÇÃO DO PAVIMENTO",IF(COUNTIF(K74:L74,"X")<>1,"FALTA/DUPLA: VEGETAÇÃO",IF(COUNTIF(M74:O74,"X")<>1,"FALTA/DUPLA: ELEM. DE DRENAGEM",IF(COUNTIF(P74:R74,"X")<>1,"FALTA/DUPLA: SIN. HORIZ.",IF(COUNTIF(S74:U74,"X")<>1,"FALTA/DUPLA: SIN. VERTICAL","OK")))))) -> OK
A75: 010ETO0490 | B75: C | C75: 3 | D75: 4 | E75: =D75-C75 -> 1 | F75: X | K75: X | N75: X | P75: X | T75: X | W75: =IF(COUNTA(F75:U75)=0,"— não preenchido",IF(COUNTIF(F75:J75,"X")<>1,"FALTA/DUPLA: CONDIÇÃO DO PAVIMENTO",IF(COUNTIF(K75:L75,"X")<>1,"FALTA/DUPLA: VEGETAÇÃO",IF(COUNTIF(M75:O75,"X")<>1,"FALTA/DUPLA: ELEM. DE DRENAGEM",IF(COUNTIF(P75:R75,"X")<>1,"FALTA/DUPLA: SIN. HORIZ.",IF(COUNTIF(S75:U75,"X")<>1,"FALTA/DUPLA: SIN. VERTICAL","OK")))))) -> OK
A76: 010ETO0490 | B76: C | C76: 4 | D76: 5 | E76: =D76-C76 -> 1 | F76: X | K76: X | N76: X | P76: X | T76: X | W76: =IF(COUNTA(F76:U76)=0,"— não preenchido",IF(COUNTIF(F76:J76,"X")<>1,"FALTA/DUPLA: CONDIÇÃO DO PAVIMENTO",IF(COUNTIF(K76:L76,"X")<>1,"FALTA/DUPLA: VEGETAÇÃO",IF(COUNTIF(M76:O76,"X")<>1,"FALTA/DUPLA: ELEM. DE DRENAGEM",IF(COUNTIF(P76:R76,"X")<>1,"FALTA/DUPLA: SIN. HORIZ.",IF(COUNTIF(S76:U76,"X")<>1,"FALTA/DUPLA: SIN. VERTICAL","OK")))))) -> OK
A77: 010ETO0490 | B77: C | C77: 5 | D77: 6 | E77: =D77-C77 -> 1 | F77: X | K77: X | N77: X | P77: X | T77: X | W77: =IF(COUNTA(F77:U77)=0,"— não preenchido",IF(COUNTIF(F77:J77,"X")<>1,"FALTA/DUPLA: CONDIÇÃO DO PAVIMENTO",IF(COUNTIF(K77:L77,"X")<>1,"FALTA/DUPLA: VEGETAÇÃO",IF(COUNTIF(M77:O77,"X")<>1,"FALTA/DUPLA: ELEM. DE DRENAGEM",IF(COUNTIF(P77:R77,"X")<>1,"FALTA/DUPLA: SIN. HORIZ.",IF(COUNTIF(S77:U77,"X")<>1,"FALTA/DUPLA: SIN. VERTICAL","OK")))))) -> OK
A78: 010ETO0490 | B78: C | C78: 6 | D78: 6.9420402 | E78: =D78-C78 -> 0.94204023 | F78: X | K78: X | N78: X | P78: X | T78: X | W78: =IF(COUNTA(F78:U78)=0,"— não preenchido",IF(COUNTIF(F78:J78,"X")<>1,"FALTA/DUPLA: CONDIÇÃO DO PAVIMENTO",IF(COUNTIF(K78:L78,"X")<>1,"FALTA/DUPLA: VEGETAÇÃO",IF(COUNTIF(M78:O78,"X")<>1,"FALTA/DUPLA: ELEM. DE DRENAGEM",IF(COUNTIF(P78:R78,"X")<>1,"FALTA/DUPLA: SIN. HORIZ.",IF(COUNTIF(S78:U78,"X")<>1,"FALTA/DUPLA: SIN. VERTICAL","OK")))))) -> OK
A80: ____________________________________________ | G80: ____________________________________________
A81: TÉCNICO RESPONSÁVEL PELA INSPEÇÃO | G81: VISTO DA SUPERVISÃO
A83: RESUMO DO TRECHO — KM LANÇADO POR ITEM
A84: KM LANÇADO | F84: =SUMIF(F$9:F$78,"X",$E$9:$E$78) -> 59.674513 | G84: =SUMIF(G$9:G$78,"X",$E$9:$E$78) -> 0 | H84: =SUMIF(H$9:H$78,"X",$E$9:$E$78) -> 1.0743694 | I84: =SUMIF(I$9:I$78,"X",$E$9:$E$78) -> 0 | J84: =SUMIF(J$9:J$78,"X",$E$9:$E$78) -> 0 | K84: =SUMIF(K$9:K$78,"X",$E$9:$E$78) -> 60.748882 | L84: =SUMIF(L$9:L$78,"X",$E$9:$E$78) -> 0 | M84: =SUMIF(M$9:M$78,"X",$E$9:$E$78) -> 1.7983511 | ... U84: =SUMIF(U$9:U$78,"X",$E$9:$E$78) -> 5.8608086
A85: % DA EXTENSÃO | F85: =IF($R87=0,0,F84/$R87) -> 0.98231458 | G85: =IF($R87=0,0,G84/$R87) -> 0 | H85: =IF($R87=0,0,H84/$R87) -> 0.017685418 | I85: =IF($R87=0,0,I84/$R87) -> 0 | J85: =IF($R87=0,0,J84/$R87) -> 0 | K85: =IF($R87=0,0,K84/$R87) -> 1 | L85: =IF($R87=0,0,L84/$R87) -> 0 | M85: =IF($R87=0,0,M84/$R87) -> 0.029603031 | ... U85: =IF($R87=0,0,U84/$R87) -> 0.09647599
A86: CONFERÊNCIA POR GRUPO | F86: =IF(SUM(F84:J84)=0,"— não preenchido",IF(ROUND(SUM(F84:J84)-$R87,3)=0,"OK — "&ROUND(SUM(F84:J84),3)&" km","ERRO — dif. de "&ROUND(SUM(F84:J84)-$R87,3)&" km")) -> OK — 60,749 km | K86: =IF(SUM(K84:L84)=0,"— não preenchido",IF(ROUND(SUM(K84:L84)-$R87,3)=0,"OK — "&ROUND(SUM(K84:L84),3)&" km","ERRO — dif. de "&ROUND(SUM(K84:L84)-$R87,3)&" km")) -> OK — 60,749 km | M86: =IF(SUM(M84:O84)=0,"— não preenchido",IF(ROUND(SUM(M84:O84)-$R87,3)=0,"OK — "&ROUND(SUM(M84:O84),3)&" km","ERRO — dif. de "&ROUND(SUM(M84:O84)-$R87,3)&" km")) -> OK — 60,749 km | P86: =IF(SUM(P84:R84)=0,"— não preenchido",IF(ROUND(SUM(P84:R84)-$R87,3)=0,"OK — "&ROUND(SUM(P84:R84),3)&" km","ERRO — dif. de "&ROUND(SUM(P84:R84)-$R87,3)&" km")) -> OK — 60,749 km | S86: =IF(SUM(S84:U84)=0,"— não preenchido",IF(ROUND(SUM(S84:U84)-$R87,3)=0,"OK — "&ROUND(SUM(S84:U84),3)&" km","ERRO — dif. de "&ROUND(SUM(S84:U84)-$R87,3)&" km")) -> OK — 60,749 km
A87: EXTENSÃO TOTAL DO TRECHO | R87: =SUM(E9:E78) -> 60.748882 | V87: =COUNTIF(W9:W78,"OK")&" de "&COUNT($E$9:$E$78)&" linhas conferidas" -> 64 de 64 linhas conferidas
A89: LEGENDA
A90: REM. I. / REM. L. | E90: Remendos isolados (até 10 por km) · Remendos ao longo (mais de 10 por km)
A91: BUR. I. / BUR. L. | E91: Buracos isolados (até 5 por km) · Buracos ao longo (mais de 5 por km)
A92: SIT. | E92: PPS = pista simples · PSU = simples urbana · PDU = duplicada
A93: FAIXA AZUL | E93: Cabeçalho de cada S.R.E.: descrição, situação, jurisdição, extensão e coordenada de início.
A94: INÍCIO / FIM (KM) | E94: Contados de 0 até o fim de CADA S.R.E. Não é o marco quilométrico da rodovia.
A95: SENT. | E95: C = crescente · D = decrescente
A96: FAIXA CINZA | E96: Segmento fora do escopo do contrato: você passa por ele, mas não preenche.
A97: CÉLULA VERMELHA | E97: Mais de uma X no mesmo grupo. Apague uma delas.
A98: CONFERÊNCIA | E98: Só na tela, não sai impresso. Fica OK com uma X em cada grupo.

Sheet 41
A1: PROGRAMA DE MANUTENÇÃO RODOVIÁRIA — FICHA DE INSPEÇÃO — RODOVIAS PAVIMENTADAS | Y1: Valores dos gráficos — troca 0 por N/D para a fatia não aparecer. Não editar.
A2: REGIÃO: 2 — ARAGUAÍNA I | G2: MÊS / ANO: | I2: =IF('39'!I2="","",'39'!I2) -> 46235 | K2: DATA: | N2: =IF('39'!N2="","",'39'!N2) | P2: TÉCNICO: | R2: =IF('39'!R2="","",'39'!R2) -> ENG. VINICIUS RODRIGUES FERREIRA DE OLIVEIRA | Y2: =IF(F43=0,NA(),F43) -> 19.715093 | Z2: =IF(G43=0,NA(),G43) -> 1 | AA2: =IF(H43=0,NA(),H43) -> 4 | AB2: =IF(I43=0,NA(),I43) -> 1 | AC2: =IF(J43=0,NA(),J43) -> #N/A | AD2: =IF(K43=0,NA(),K43) -> 25.715093 | AE2: =IF(L43=0,NA(),L43) -> #N/A | AF2: =IF(M43=0,NA(),M43) -> 2.5646179 | ... AN2: =IF(U43=0,NA(),U43) -> #N/A
A3: TRECHO 41 — RODOVIA TO-164 - TRECHO ENTR. BR-153 (XAMBIOÁ) - ARAGUANÃ | T3: EXTENSÃO: 25,715 km · 3 S.R.E.
A4: COMO PREENCHER: uma X em UMA coluna de cada grupo, por linha. Se houver mais de um defeito no mesmo km, marque o PREDOMINANTE e escreva o resto em OBSERVAÇÕES. A quilometragem é contada de 0 até o fim de CADA S.R.E. (não é o marco da rodovia).
A6: S.R.E. | B6: SENT. | C6: INÍCIO (KM) | D6: FIM (KM) | E6: EXT. (KM) | F6: CONDIÇÃO DO PAVIMENTO | K6: VEGETAÇÃO | M6: ELEM. DE DRENAGEM | P6: SIN. HORIZ. | S6: SIN. VERTICAL | V6: OBSERVAÇÕES | W6: CONFERÊNCIA (só na tela)
F7: BOM | G7: REM. I. | H7: REM. L. | I7: BUR. I. | J7: BUR. L. | K7: ADEQ. | L7: INAD. | M7: LIMPOS | N7: SUJOS | O7: DAN. | P7: BOM | Q7: REG. | R7: INEXIST. | S7: BOM | T7: POUCAS | U7: INEXIST.
A8: S.R.E. 164ETO0095 | ENTR. BR-153 (XAMBIOÁ) - ENTR. TO-418 (XAMBIOAZINHO) | PPS · Estadual · 3.924 km · início: -6.424913, -48.536456
A9: 164ETO0095 | B9: C | C9: 0 | D9: 1 | E9: =D9-C9 -> 1 | F9: X | K9: X | N9: X | P9: X | S9: X | W9: =IF(COUNTA(F9:U9)=0,"— não preenchido",IF(COUNTIF(F9:J9,"X")<>1,"FALTA/DUPLA: CONDIÇÃO DO PAVIMENTO",IF(COUNTIF(K9:L9,"X")<>1,"FALTA/DUPLA: VEGETAÇÃO",IF(COUNTIF(M9:O9,"X")<>1,"FALTA/DUPLA: ELEM. DE DRENAGEM",IF(COUNTIF(P9:R9,"X")<>1,"FALTA/DUPLA: SIN. HORIZ.",IF(COUNTIF(S9:U9,"X")<>1,"FALTA/DUPLA: SIN. VERTICAL","OK")))))) -> OK
A10: 164ETO0095 | B10: C | C10: 1 | D10: 2 | E10: =D10-C10 -> 1 | F10: X | K10: X | N10: X | P10: X | S10: X | W10: =IF(COUNTA(F10:U10)=0,"— não preenchido",IF(COUNTIF(F10:J10,"X")<>1,"FALTA/DUPLA: CONDIÇÃO DO PAVIMENTO",IF(COUNTIF(K10:L10,"X")<>1,"FALTA/DUPLA: VEGETAÇÃO",IF(COUNTIF(M10:O10,"X")<>1,"FALTA/DUPLA: ELEM. DE DRENAGEM",IF(COUNTIF(P10:R10,"X")<>1,"FALTA/DUPLA: SIN. HORIZ.",IF(COUNTIF(S10:U10,"X")<>1,"FALTA/DUPLA: SIN. VERTICAL","OK")))))) -> OK
A11: 164ETO0095 | B11: C | C11: 2 | D11: 3 | E11: =D11-C11 -> 1 | F11: X | K11: X | N11: X | P11: X | S11: X | W11: =IF(COUNTA(F11:U11)=0,"— não preenchido",IF(COUNTIF(F11:J11,"X")<>1,"FALTA/DUPLA: CONDIÇÃO DO PAVIMENTO",IF(COUNTIF(K11:L11,"X")<>1,"FALTA/DUPLA: VEGETAÇÃO",IF(COUNTIF(M11:O11,"X")<>1,"FALTA/DUPLA: ELEM. DE DRENAGEM",IF(COUNTIF(P11:R11,"X")<>1,"FALTA/DUPLA: SIN. HORIZ.",IF(COUNTIF(S11:U11,"X")<>1,"FALTA/DUPLA: SIN. VERTICAL","OK")))))) -> OK
A12: 164ETO0095 | B12: C | C12: 3 | D12: 3.9243314 | E12: =D12-C12 -> 0.92433139 | F12: X | K12: X | N12: X | P12: X | S12: X | W12: =IF(COUNTA(F12:U12)=0,"— não preenchido",IF(COUNTIF(F12:J12,"X")<>1,"FALTA/DUPLA: CONDIÇÃO DO PAVIMENTO",IF(COUNTIF(K12:L12,"X")<>1,"FALTA/DUPLA: VEGETAÇÃO",IF(COUNTIF(M12:O12,"X")<>1,"FALTA/DUPLA: ELEM. DE DRENAGEM",IF(COUNTIF(P12:R12,"X")<>1,"FALTA/DUPLA: SIN. HORIZ.",IF(COUNTIF(S12:U12,"X")<>1,"FALTA/DUPLA: SIN. VERTICAL","OK")))))) -> OK
A13: S.R.E. 164ETO0100 | ENTR. TO-418 (XAMBIOAZINHO) - ARAGUANÃ *TRECHO URBANO* | PPS · Estadual · 19.226 km · início: -6.452376, -48.54098
A14: 164ETO0100 | B14: C | C14: 0 | D14: 1 | E14: =D14-C14 -> 1 | F14: X | K14: X | N14: X | P14: X | S14: X | W14: =IF(COUNTA(F14:U14)=0,"— não preenchido",IF(COUNTIF(F14:J14,"X")<>1,"FALTA/DUPLA: CONDIÇÃO DO PAVIMENTO",IF(COUNTIF(K14:L14,"X")<>1,"FALTA/DUPLA: VEGETAÇÃO",IF(COUNTIF(M14:O14,"X")<>1,"FALTA/DUPLA: ELEM. DE DRENAGEM",IF(COUNTIF(P14:R14,"X")<>1,"FALTA/DUPLA: SIN. HORIZ.",IF(COUNTIF(S14:U14,"X")<>1,"FALTA/DUPLA: SIN. VERTICAL","OK")))))) -> OK
A15: 164ETO0100 | B15: C | C15: 1 | D15: 2 | E15: =D15-C15 -> 1 | F15: X | K15: X | N15: X | P15: X | S15: X | W15: =IF(COUNTA(F15:U15)=0,"— não preenchido",IF(COUNTIF(F15:J15,"X")<>1,"FALTA/DUPLA: CONDIÇÃO DO PAVIMENTO",IF(COUNTIF(K15:L15,"X")<>1,"FALTA/DUPLA: VEGETAÇÃO",IF(COUNTIF(M15:O15,"X")<>1,"FALTA/DUPLA: ELEM. DE DRENAGEM",IF(COUNTIF(P15:R15,"X")<>1,"FALTA/DUPLA: SIN. HORIZ.",IF(COUNTIF(S15:U15,"X")<>1,"FALTA/DUPLA: SIN. VERTICAL","OK")))))) -> OK
A16: 164ETO0100 | B16: C | C16: 2 | D16: 3 | E16: =D16-C16 -> 1 | F16: X | K16: X | N16: X | P16: X | S16: X | W16: =IF(COUNTA(F16:U16)=0,"— não preenchido",IF(COUNTIF(F16:J16,"X")<>1,"FALTA/DUPLA: CONDIÇÃO DO PAVIMENTO",IF(COUNTIF(K16:L16,"X")<>1,"FALTA/DUPLA: VEGETAÇÃO",IF(COUNTIF(M16:O16,"X")<>1,"FALTA/DUPLA: ELEM. DE DRENAGEM",IF(COUNTIF(P16:R16,"X")<>1,"FALTA/DUPLA: SIN. HORIZ.",IF(COUNTIF(S16:U16,"X")<>1,"FALTA/DUPLA: SIN. VERTICAL","OK")))))) -> OK
A17: 164ETO0100 | B17: C | C17: 3 | D17: 4 | E17: =D17-C17 -> 1 | F17: X | K17: X | N17: X | P17: X | S17: X | W17: =IF(COUNTA(F17:U17)=0,"— não preenchido",IF(COUNTIF(F17:J17,"X")<>1,"FALTA/DUPLA: CONDIÇÃO DO PAVIMENTO",IF(COUNTIF(K17:L17,"X")<>1,"FALTA/DUPLA: VEGETAÇÃO",IF(COUNTIF(M17:O17,"X")<>1,"FALTA/DUPLA: ELEM. DE DRENAGEM",IF(COUNTIF(P17:R17,"X")<>1,"FALTA/DUPLA: SIN. HORIZ.",IF(COUNTIF(S17:U17,"X")<>1,"FALTA/DUPLA: SIN. VERTICAL","OK")))))) -> OK
A18: 164ETO0100 | B18: C | C18: 4 | D18: 5 | E18: =D18-C18 -> 1 | F18: X | K18: X | N18: X | P18: X | S18: X | W18: =IF(COUNTA(F18:U18)=0,"— não preenchido",IF(COUNTIF(F18:J18,"X")<>1,"FALTA/DUPLA: CONDIÇÃO DO PAVIMENTO",IF(COUNTIF(K18:L18,"X")<>1,"FALTA/DUPLA: VEGETAÇÃO",IF(COUNTIF(M18:O18,"X")<>1,"FALTA/DUPLA: ELEM. DE DRENAGEM",IF(COUNTIF(P18:R18,"X")<>1,"FALTA/DUPLA: SIN. HORIZ.",IF(COUNTIF(S18:U18,"X")<>1,"FALTA/DUPLA: SIN. VERTICAL","OK")))))) -> OK
A19: 164ETO0100 | B19: C | C19: 5 | D19: 6 | E19: =D19-C19 -> 1 | G19: X | K19: X | N19: X | P19: X | S19: X | W19: =IF(COUNTA(F19:U19)=0,"— não preenchido",IF(COUNTIF(F19:J19,"X")<>1,"FALTA/DUPLA: CONDIÇÃO DO PAVIMENTO",IF(COUNTIF(K19:L19,"X")<>1,"FALTA/DUPLA: VEGETAÇÃO",IF(COUNTIF(M19:O19,"X")<>1,"FALTA/DUPLA: ELEM. DE DRENAGEM",IF(COUNTIF(P19:R19,"X")<>1,"FALTA/DUPLA: SIN. HORIZ.",IF(COUNTIF(S19:U19,"X")<>1,"FALTA/DUPLA: SIN. VERTICAL","OK")))))) -> OK
A20: 164ETO0100 | B20: C | C20: 6 | D20: 7 | E20: =D20-C20 -> 1 | F20: X | K20: X | N20: X | P20: X | S20: X | W20: =IF(COUNTA(F20:U20)=0,"— não preenchido",IF(COUNTIF(F20:J20,"X")<>1,"FALTA/DUPLA: CONDIÇÃO DO PAVIMENTO",IF(COUNTIF(K20:L20,"X")<>1,"FALTA/DUPLA: VEGETAÇÃO",IF(COUNTIF(M20:O20,"X")<>1,"FALTA/DUPLA: ELEM. DE DRENAGEM",IF(COUNTIF(P20:R20,"X")<>1,"FALTA/DUPLA: SIN. HORIZ.",IF(COUNTIF(S20:U20,"X")<>1,"FALTA/DUPLA: SIN. VERTICAL","OK")))))) -> OK
A21: 164ETO0100 | B21: C | C21: 7 | D21: 8 | E21: =D21-C21 -> 1 | F21: X | K21: X | N21: X | P21: X | S21: X | W21: =IF(COUNTA(F21:U21)=0,"— não preenchido",IF(COUNTIF(F21:J21,"X")<>1,"FALTA/DUPLA: CONDIÇÃO DO PAVIMENTO",IF(COUNTIF(K21:L21,"X")<>1,"FALTA/DUPLA: VEGETAÇÃO",IF(COUNTIF(M21:O21,"X")<>1,"FALTA/DUPLA: ELEM. DE DRENAGEM",IF(COUNTIF(P21:R21,"X")<>1,"FALTA/DUPLA: SIN. HORIZ.",IF(COUNTIF(S21:U21,"X")<>1,"FALTA/DUPLA: SIN. VERTICAL","OK")))))) -> OK
A22: 164ETO0100 | B22: C | C22: 8 | D22: 9 | E22: =D22-C22 -> 1 | F22: X | K22: X | N22: X | P22: X | S22: X | W22: =IF(COUNTA(F22:U22)=0,"— não preenchido",IF(COUNTIF(F22:J22,"X")<>1,"FALTA/DUPLA: CONDIÇÃO DO PAVIMENTO",IF(COUNTIF(K22:L22,"X")<>1,"FALTA/DUPLA: VEGETAÇÃO",IF(COUNTIF(M22:O22,"X")<>1,"FALTA/DUPLA: ELEM. DE DRENAGEM",IF(COUNTIF(P22:R22,"X")<>1,"FALTA/DUPLA: SIN. HORIZ.",IF(COUNTIF(S22:U22,"X")<>1,"FALTA/DUPLA: SIN. VERTICAL","OK")))))) -> OK
A23: 164ETO0100 | B23: C | C23: 9 | D23: 10 | E23: =D23-C23 -> 1 | I23: X | K23: X | N23: X | P23: X | S23: X | W23: =IF(COUNTA(F23:U23)=0,"— não preenchido",IF(COUNTIF(F23:J23,"X")<>1,"FALTA/DUPLA: CONDIÇÃO DO PAVIMENTO",IF(COUNTIF(K23:L23,"X")<>1,"FALTA/DUPLA: VEGETAÇÃO",IF(COUNTIF(M23:O23,"X")<>1,"FALTA/DUPLA: ELEM. DE DRENAGEM",IF(COUNTIF(P23:R23,"X")<>1,"FALTA/DUPLA: SIN. HORIZ.",IF(COUNTIF(S23:U23,"X")<>1,"FALTA/DUPLA: SIN. VERTICAL","OK")))))) -> OK
A24: 164ETO0100 | B24: C | C24: 10 | D24: 11 | E24: =D24-C24 -> 1 | H24: X | K24: X | N24: X | P24: X | S24: X | W24: =IF(COUNTA(F24:U24)=0,"— não preenchido",IF(COUNTIF(F24:J24,"X")<>1,"FALTA/DUPLA: CONDIÇÃO DO PAVIMENTO",IF(COUNTIF(K24:L24,"X")<>1,"FALTA/DUPLA: VEGETAÇÃO",IF(COUNTIF(M24:O24,"X")<>1,"FALTA/DUPLA: ELEM. DE DRENAGEM",IF(COUNTIF(P24:R24,"X")<>1,"FALTA/DUPLA: SIN. HORIZ.",IF(COUNTIF(S24:U24,"X")<>1,"FALTA/DUPLA: SIN. VERTICAL","OK")))))) -> OK
A25: 164ETO0100 | B25: C | C25: 11 | D25: 12 | E25: =D25-C25 -> 1 | F25: X | K25: X | N25: X | P25: X | S25: X | W25: =IF(COUNTA(F25:U25)=0,"— não preenchido",IF(COUNTIF(F25:J25,"X")<>1,"FALTA/DUPLA: CONDIÇÃO DO PAVIMENTO",IF(COUNTIF(K25:L25,"X")<>1,"FALTA/DUPLA: VEGETAÇÃO",IF(COUNTIF(M25:O25,"X")<>1,"FALTA/DUPLA: ELEM. DE DRENAGEM",IF(COUNTIF(P25:R25,"X")<>1,"FALTA/DUPLA: SIN. HORIZ.",IF(COUNTIF(S25:U25,"X")<>1,"FALTA/DUPLA: SIN. VERTICAL","OK")))))) -> OK
A26: 164ETO0100 | B26: C | C26: 12 | D26: 13 | E26: =D26-C26 -> 1 | F26: X | K26: X | N26: X | P26: X | S26: X | W26: =IF(COUNTA(F26:U26)=0,"— não preenchido",IF(COUNTIF(F26:J26,"X")<>1,"FALTA/DUPLA: CONDIÇÃO DO PAVIMENTO",IF(COUNTIF(K26:L26,"X")<>1,"FALTA/DUPLA: VEGETAÇÃO",IF(COUNTIF(M26:O26,"X")<>1,"FALTA/DUPLA: ELEM. DE DRENAGEM",IF(COUNTIF(P26:R26,"X")<>1,"FALTA/DUPLA: SIN. HORIZ.",IF(COUNTIF(S26:U26,"X")<>1,"FALTA/DUPLA: SIN. VERTICAL","OK")))))) -> OK
A27: 164ETO0100 | B27: C | C27: 13 | D27: 14 | E27: =D27-C27 -> 1 | F27: X | K27: X | N27: X | P27: X | S27: X | W27: =IF(COUNTA(F27:U27)=0,"— não preenchido",IF(COUNTIF(F27:J27,"X")<>1,"FALTA/DUPLA: CONDIÇÃO DO PAVIMENTO",IF(COUNTIF(K27:L27,"X")<>1,"FALTA/DUPLA: VEGETAÇÃO",IF(COUNTIF(M27:O27,"X")<>1,"FALTA/DUPLA: ELEM. DE DRENAGEM",IF(COUNTIF(P27:R27,"X")<>1,"FALTA/DUPLA: SIN. HORIZ.",IF(COUNTIF(S27:U27,"X")<>1,"FALTA/DUPLA: SIN. VERTICAL","OK")))))) -> OK
A28: 164ETO0100 | B28: C | C28: 14 | D28: 15 | E28: =D28-C28 -> 1 | H28: X | K28: X | N28: X | P28: X | S28: X | W28: =IF(COUNTA(F28:U28)=0,"— não preenchido",IF(COUNTIF(F28:J28,"X")<>1,"FALTA/DUPLA: CONDIÇÃO DO PAVIMENTO",IF(COUNTIF(K28:L28,"X")<>1,"FALTA/DUPLA: VEGETAÇÃO",IF(COUNTIF(M28:O28,"X")<>1,"FALTA/DUPLA: ELEM. DE DRENAGEM",IF(COUNTIF(P28:R28,"X")<>1,"FALTA/DUPLA: SIN. HORIZ.",IF(COUNTIF(S28:U28,"X")<>1,"FALTA/DUPLA: SIN. VERTICAL","OK")))))) -> OK
A29: 164ETO0100 | B29: C | C29: 15 | D29: 16 | E29: =D29-C29 -> 1 | H29: X | K29: X | N29: X | P29: X | S29: X | W29: =IF(COUNTA(F29:U29)=0,"— não preenchido",IF(COUNTIF(F29:J29,"X")<>1,"FALTA/DUPLA: CONDIÇÃO DO PAVIMENTO",IF(COUNTIF(K29:L29,"X")<>1,"FALTA/DUPLA: VEGETAÇÃO",IF(COUNTIF(M29:O29,"X")<>1,"FALTA/DUPLA: ELEM. DE DRENAGEM",IF(COUNTIF(P29:R29,"X")<>1,"FALTA/DUPLA: SIN. HORIZ.",IF(COUNTIF(S29:U29,"X")<>1,"FALTA/DUPLA: SIN. VERTICAL","OK")))))) -> OK
A30: 164ETO0100 | B30: C | C30: 16 | D30: 17 | E30: =D30-C30 -> 1 | H30: X | K30: X | N30: X | P30: X | S30: X | W30: =IF(COUNTA(F30:U30)=0,"— não preenchido",IF(COUNTIF(F30:J30,"X")<>1,"FALTA/DUPLA: CONDIÇÃO DO PAVIMENTO",IF(COUNTIF(K30:L30,"X")<>1,"FALTA/DUPLA: VEGETAÇÃO",IF(COUNTIF(M30:O30,"X")<>1,"FALTA/DUPLA: ELEM. DE DRENAGEM",IF(COUNTIF(P30:R30,"X")<>1,"FALTA/DUPLA: SIN. HORIZ.",IF(COUNTIF(S30:U30,"X")<>1,"FALTA/DUPLA: SIN. VERTICAL","OK")))))) -> OK
A31: 164ETO0100 | B31: C | C31: 17 | D31: 18 | E31: =D31-C31 -> 1 | F31: X | K31: X | N31: X | P31: X | S31: X | W31: =IF(COUNTA(F31:U31)=0,"— não preenchido",IF(COUNTIF(F31:J31,"X")<>1,"FALTA/DUPLA: CONDIÇÃO DO PAVIMENTO",IF(COUNTIF(K31:L31,"X")<>1,"FALTA/DUPLA: VEGETAÇÃO",IF(COUNTIF(M31:O31,"X")<>1,"FALTA/DUPLA: ELEM. DE DRENAGEM",IF(COUNTIF(P31:R31,"X")<>1,"FALTA/DUPLA: SIN. HORIZ.",IF(COUNTIF(S31:U31,"X")<>1,"FALTA/DUPLA: SIN. VERTICAL","OK")))))) -> OK
A32: 164ETO0100 | B32: C | C32: 18 | D32: 19 | E32: =D32-C32 -> 1 | F32: X | K32: X | N32: X | P32: X | S32: X | W32: =IF(COUNTA(F32:U32)=0,"— não preenchido",IF(COUNTIF(F32:J32,"X")<>1,"FALTA/DUPLA: CONDIÇÃO DO PAVIMENTO",IF(COUNTIF(K32:L32,"X")<>1,"FALTA/DUPLA: VEGETAÇÃO",IF(COUNTIF(M32:O32,"X")<>1,"FALTA/DUPLA: ELEM. DE DRENAGEM",IF(COUNTIF(P32:R32,"X")<>1,"FALTA/DUPLA: SIN. HORIZ.",IF(COUNTIF(S32:U32,"X")<>1,"FALTA/DUPLA: SIN. VERTICAL","OK")))))) -> OK
A33: 164ETO0100 | B33: C | C33: 19 | D33: 19.226144 | E33: =D33-C33 -> 0.22614371 | F33: X | K33: X | N33: X | P33: X | S33: X | W33: =IF(COUNTA(F33:U33)=0,"— não preenchido",IF(COUNTIF(F33:J33,"X")<>1,"FALTA/DUPLA: CONDIÇÃO DO PAVIMENTO",IF(COUNTIF(K33:L33,"X")<>1,"FALTA/DUPLA: VEGETAÇÃO",IF(COUNTIF(M33:O33,"X")<>1,"FALTA/DUPLA: ELEM. DE DRENAGEM",IF(COUNTIF(P33:R33,"X")<>1,"FALTA/DUPLA: SIN. HORIZ.",IF(COUNTIF(S33:U33,"X")<>1,"FALTA/DUPLA: SIN. VERTICAL","OK")))))) -> OK
A34: S.R.E. 164ETO0101 | ARAGUANÃ *TRECHO URBANO* | PSU · Municipal · 2.565 km · início: -6.570846, -48.639225
A35: 164ETO0101 | B35: C | C35: 0 | D35: 1 | E35: =D35-C35 -> 1 | F35: X | K35: X | M35: X | P35: X | S35: X | W35: =IF(COUNTA(F35:U35)=0,"— não preenchido",IF(COUNTIF(F35:J35,"X")<>1,"FALTA/DUPLA: CONDIÇÃO DO PAVIMENTO",IF(COUNTIF(K35:L35,"X")<>1,"FALTA/DUPLA: VEGETAÇÃO",IF(COUNTIF(M35:O35,"X")<>1,"FALTA/DUPLA: ELEM. DE DRENAGEM",IF(COUNTIF(P35:R35,"X")<>1,"FALTA/DUPLA: SIN. HORIZ.",IF(COUNTIF(S35:U35,"X")<>1,"FALTA/DUPLA: SIN. VERTICAL","OK")))))) -> OK
A36: 164ETO0101 | B36: C | C36: 1 | D36: 2 | E36: =D36-C36 -> 1 | F36: X | K36: X | M36: X | P36: X | S36: X | W36: =IF(COUNTA(F36:U36)=0,"— não preenchido",IF(COUNTIF(F36:J36,"X")<>1,"FALTA/DUPLA: CONDIÇÃO DO PAVIMENTO",IF(COUNTIF(K36:L36,"X")<>1,"FALTA/DUPLA: VEGETAÇÃO",IF(COUNTIF(M36:O36,"X")<>1,"FALTA/DUPLA: ELEM. DE DRENAGEM",IF(COUNTIF(P36:R36,"X")<>1,"FALTA/DUPLA: SIN. HORIZ.",IF(COUNTIF(S36:U36,"X")<>1,"FALTA/DUPLA: SIN. VERTICAL","OK")))))) -> OK
A37: 164ETO0101 | B37: C | C37: 2 | D37: 2.5646179 | E37: =D37-C37 -> 0.56461789 | F37: X | K37: X | M37: X | P37: X | S37: X | W37: =IF(COUNTA(F37:U37)=0,"— não preenchido",IF(COUNTIF(F37:J37,"X")<>1,"FALTA/DUPLA: CONDIÇÃO DO PAVIMENTO",IF(COUNTIF(K37:L37,"X")<>1,"FALTA/DUPLA: VEGETAÇÃO",IF(COUNTIF(M37:O37,"X")<>1,"FALTA/DUPLA: ELEM. DE DRENAGEM",IF(COUNTIF(P37:R37,"X")<>1,"FALTA/DUPLA: SIN. HORIZ.",IF(COUNTIF(S37:U37,"X")<>1,"FALTA/DUPLA: SIN. VERTICAL","OK")))))) -> OK
A39: ____________________________________________ | G39: ____________________________________________
A40: TÉCNICO RESPONSÁVEL PELA INSPEÇÃO | G40: VISTO DA SUPERVISÃO
A42: RESUMO DO TRECHO — KM LANÇADO POR ITEM
A43: KM LANÇADO | F43: =SUMIF(F$9:F$37,"X",$E$9:$E$37) -> 19.715093 | G43: =SUMIF(G$9:G$37,"X",$E$9:$E$37) -> 1 | H43: =SUMIF(H$9:H$37,"X",$E$9:$E$37) -> 4 | I43: =SUMIF(I$9:I$37,"X",$E$9:$E$37) -> 1 | J43: =SUMIF(J$9:J$37,"X",$E$9:$E$37) -> 0 | K43: =SUMIF(K$9:K$37,"X",$E$9:$E$37) -> 25.715093 | L43: =SUMIF(L$9:L$37,"X",$E$9:$E$37) -> 0 | M43: =SUMIF(M$9:M$37,"X",$E$9:$E$37) -> 2.5646179 | ... U43: =SUMIF(U$9:U$37,"X",$E$9:$E$37) -> 0
A44: % DA EXTENSÃO | F44: =IF($R46=0,0,F43/$R46) -> 0.76667399 | G44: =IF($R46=0,0,G43/$R46) -> 0.038887668 | H44: =IF($R46=0,0,H43/$R46) -> 0.15555067 | I44: =IF($R46=0,0,I43/$R46) -> 0.038887668 | J44: =IF($R46=0,0,J43/$R46) -> 0 | K44: =IF($R46=0,0,K43/$R46) -> 1 | L44: =IF($R46=0,0,L43/$R46) -> 0 | M44: =IF($R46=0,0,M43/$R46) -> 0.099732009 | ... U44: =IF($R46=0,0,U43/$R46) -> 0
A45: CONFERÊNCIA POR GRUPO | F45: =IF(SUM(F43:J43)=0,"— não preenchido",IF(ROUND(SUM(F43:J43)-$R46,3)=0,"OK — "&ROUND(SUM(F43:J43),3)&" km","ERRO — dif. de "&ROUND(SUM(F43:J43)-$R46,3)&" km")) -> OK — 25,715 km | K45: =IF(SUM(K43:L43)=0,"— não preenchido",IF(ROUND(SUM(K43:L43)-$R46,3)=0,"OK — "&ROUND(SUM(K43:L43),3)&" km","ERRO — dif. de "&ROUND(SUM(K43:L43)-$R46,3)&" km")) -> OK — 25,715 km | M45: =IF(SUM(M43:O43)=0,"— não preenchido",IF(ROUND(SUM(M43:O43)-$R46,3)=0,"OK — "&ROUND(SUM(M43:O43),3)&" km","ERRO — dif. de "&ROUND(SUM(M43:O43)-$R46,3)&" km")) -> OK — 25,715 km | P45: =IF(SUM(P43:R43)=0,"— não preenchido",IF(ROUND(SUM(P43:R43)-$R46,3)=0,"OK — "&ROUND(SUM(P43:R43),3)&" km","ERRO — dif. de "&ROUND(SUM(P43:R43)-$R46,3)&" km")) -> OK — 25,715 km | S45: =IF(SUM(S43:U43)=0,"— não preenchido",IF(ROUND(SUM(S43:U43)-$R46,3)=0,"OK — "&ROUND(SUM(S43:U43),3)&" km","ERRO — dif. de "&ROUND(SUM(S43:U43)-$R46,3)&" km")) -> OK — 25,715 km
A46: EXTENSÃO TOTAL DO TRECHO | R46: =SUM(E9:E37) -> 25.715093 | V46: =COUNTIF(W9:W37,"OK")&" de "&COUNT($E$9:$E$37)&" linhas conferidas" -> 27 de 27 linhas conferidas
A48: LEGENDA
A49: REM. I. / REM. L. | E49: Remendos isolados (até 10 por km) · Remendos ao longo (mais de 10 por km)
A50: BUR. I. / BUR. L. | E50: Buracos isolados (até 5 por km) · Buracos ao longo (mais de 5 por km)
A51: SIT. | E51: PPS = pista simples · PSU = simples urbana · PDU = duplicada
A52: FAIXA AZUL | E52: Cabeçalho de cada S.R.E.: descrição, situação, jurisdição, extensão e coordenada de início.
A53: INÍCIO / FIM (KM) | E53: Contados de 0 até o fim de CADA S.R.E. Não é o marco quilométrico da rodovia.
A54: SENT. | E54: C = crescente · D = decrescente
A55: FAIXA CINZA | E55: Segmento fora do escopo do contrato: você passa por ele, mas não preenche.
A56: CÉLULA VERMELHA | E56: Mais de uma X no mesmo grupo. Apague uma delas.
A57: CONFERÊNCIA | E57: Só na tela, não sai impresso. Fica OK com uma X em cada grupo.

Sheet 42
A1: PROGRAMA DE MANUTENÇÃO RODOVIÁRIA — FICHA DE INSPEÇÃO — RODOVIAS PAVIMENTADAS | Y1: Valores dos gráficos — troca 0 por N/D para a fatia não aparecer. Não editar.
A2: REGIÃO: 2 — ARAGUAÍNA I | G2: MÊS / ANO: | I2: =IF('39'!I2="","",'39'!I2) -> 46235 | K2: DATA: | N2: =IF('39'!N2="","",'39'!N2) | P2: TÉCNICO: | R2: =IF('39'!R2="","",'39'!R2) -> ENG. VINICIUS RODRIGUES FERREIRA DE OLIVEIRA | Y2: =IF(F30=0,NA(),F30) -> 4.8300059 | Z2: =IF(G30=0,NA(),G30) -> #N/A | AA2: =IF(H30=0,NA(),H30) -> #N/A | AB2: =IF(I30=0,NA(),I30) -> 1 | AC2: =IF(J30=0,NA(),J30) -> 7.6206039 | AD2: =IF(K30=0,NA(),K30) -> 13.45061 | AE2: =IF(L30=0,NA(),L30) -> #N/A | AF2: =IF(M30=0,NA(),M30) -> #N/A | ... AN2: =IF(U30=0,NA(),U30) -> 13.45061
A3: TRECHO 42 — RODOVIA TO-164 - TRECHO FÁBRICA DE CIMENTO - XAMBIOÁ - ENTR. BR-153 | T3: EXTENSÃO: 13,451 km · 3 S.R.E.
A4: COMO PREENCHER: uma X em UMA coluna de cada grupo, por linha. Se houver mais de um defeito no mesmo km, marque o PREDOMINANTE e escreva o resto em OBSERVAÇÕES. A quilometragem é contada de 0 até o fim de CADA S.R.E. (não é o marco da rodovia).
A6: S.R.E. | B6: SENT. | C6: INÍCIO (KM) | D6: FIM (KM) | E6: EXT. (KM) | F6: CONDIÇÃO DO PAVIMENTO | K6: VEGETAÇÃO | M6: ELEM. DE DRENAGEM | P6: SIN. HORIZ. | S6: SIN. VERTICAL | V6: OBSERVAÇÕES | W6: CONFERÊNCIA (só na tela)
F7: BOM | G7: REM. I. | H7: REM. L. | I7: BUR. I. | J7: BUR. L. | K7: ADEQ. | L7: INAD. | M7: LIMPOS | N7: SUJOS | O7: DAN. | P7: BOM | Q7: REG. | R7: INEXIST. | S7: BOM | T7: POUCAS | U7: INEXIST.
A8: S.R.E. 164ETO0070 | FABRICA DE CIMENTO - POV. CHAPADA | PPS · Estadual · 3.924 km · início: -6.428219, -48.429519
A9: 164ETO0070 | B9: C | C9: 0 | D9: 1 | E9: =D9-C9 -> 1 | F9: X | K9: X | N9: X | R9: X | U9: X | W9: =IF(COUNTA(F9:U9)=0,"— não preenchido",IF(COUNTIF(F9:J9,"X")<>1,"FALTA/DUPLA: CONDIÇÃO DO PAVIMENTO",IF(COUNTIF(K9:L9,"X")<>1,"FALTA/DUPLA: VEGETAÇÃO",IF(COUNTIF(M9:O9,"X")<>1,"FALTA/DUPLA: ELEM. DE DRENAGEM",IF(COUNTIF(P9:R9,"X")<>1,"FALTA/DUPLA: SIN. HORIZ.",IF(COUNTIF(S9:U9,"X")<>1,"FALTA/DUPLA: SIN. VERTICAL","OK")))))) -> OK
A10: 164ETO0070 | B10: C | C10: 1 | D10: 2 | E10: =D10-C10 -> 1 | F10: X | K10: X | N10: X | R10: X | U10: X | W10: =IF(COUNTA(F10:U10)=0,"— não preenchido",IF(COUNTIF(F10:J10,"X")<>1,"FALTA/DUPLA: CONDIÇÃO DO PAVIMENTO",IF(COUNTIF(K10:L10,"X")<>1,"FALTA/DUPLA: VEGETAÇÃO",IF(COUNTIF(M10:O10,"X")<>1,"FALTA/DUPLA: ELEM. DE DRENAGEM",IF(COUNTIF(P10:R10,"X")<>1,"FALTA/DUPLA: SIN. HORIZ.",IF(COUNTIF(S10:U10,"X")<>1,"FALTA/DUPLA: SIN. VERTICAL","OK")))))) -> OK
A11: 164ETO0070 | B11: C | C11: 2 | D11: 3 | E11: =D11-C11 -> 1 | I11: X | K11: X | N11: X | R11: X | U11: X | W11: =IF(COUNTA(F11:U11)=0,"— não preenchido",IF(COUNTIF(F11:J11,"X")<>1,"FALTA/DUPLA: CONDIÇÃO DO PAVIMENTO",IF(COUNTIF(K11:L11,"X")<>1,"FALTA/DUPLA: VEGETAÇÃO",IF(COUNTIF(M11:O11,"X")<>1,"FALTA/DUPLA: ELEM. DE DRENAGEM",IF(COUNTIF(P11:R11,"X")<>1,"FALTA/DUPLA: SIN. HORIZ.",IF(COUNTIF(S11:U11,"X")<>1,"FALTA/DUPLA: SIN. VERTICAL","OK")))))) -> OK
A12: 164ETO0070 | B12: C | C12: 3 | D12: 3.9243329 | E12: =D12-C12 -> 0.92433294 | F12: X | K12: X | N12: X | R12: X | U12: X | W12: =IF(COUNTA(F12:U12)=0,"— não preenchido",IF(COUNTIF(F12:J12,"X")<>1,"FALTA/DUPLA: CONDIÇÃO DO PAVIMENTO",IF(COUNTIF(K12:L12,"X")<>1,"FALTA/DUPLA: VEGETAÇÃO",IF(COUNTIF(M12:O12,"X")<>1,"FALTA/DUPLA: ELEM. DE DRENAGEM",IF(COUNTIF(P12:R12,"X")<>1,"FALTA/DUPLA: SIN. HORIZ.",IF(COUNTIF(S12:U12,"X")<>1,"FALTA/DUPLA: SIN. VERTICAL","OK")))))) -> OK
A13: S.R.E. 164ETO0080 | POV. CHAPADA - POV. MANCHAO DO MEIO | PPS · Estadual · 5.906 km · início: -6.416308, -48.453859
A14: 164ETO0080 | B14: C | C14: 0 | D14: 1 | E14: =D14-C14 -> 1 | J14: X | K14: X | N14: X | R14: X | U14: X | W14: =IF(COUNTA(F14:U14)=0,"— não preenchido",IF(COUNTIF(F14:J14,"X")<>1,"FALTA/DUPLA: CONDIÇÃO DO PAVIMENTO",IF(COUNTIF(K14:L14,"X")<>1,"FALTA/DUPLA: VEGETAÇÃO",IF(COUNTIF(M14:O14,"X")<>1,"FALTA/DUPLA: ELEM. DE DRENAGEM",IF(COUNTIF(P14:R14,"X")<>1,"FALTA/DUPLA: SIN. HORIZ.",IF(COUNTIF(S14:U14,"X")<>1,"FALTA/DUPLA: SIN. VERTICAL","OK")))))) -> OK
A15: 164ETO0080 | B15: C | C15: 1 | D15: 2 | E15: =D15-C15 -> 1 | J15: X | K15: X | N15: X | R15: X | U15: X | W15: =IF(COUNTA(F15:U15)=0,"— não preenchido",IF(COUNTIF(F15:J15,"X")<>1,"FALTA/DUPLA: CONDIÇÃO DO PAVIMENTO",IF(COUNTIF(K15:L15,"X")<>1,"FALTA/DUPLA: VEGETAÇÃO",IF(COUNTIF(M15:O15,"X")<>1,"FALTA/DUPLA: ELEM. DE DRENAGEM",IF(COUNTIF(P15:R15,"X")<>1,"FALTA/DUPLA: SIN. HORIZ.",IF(COUNTIF(S15:U15,"X")<>1,"FALTA/DUPLA: SIN. VERTICAL","OK")))))) -> OK
A16: 164ETO0080 | B16: C | C16: 2 | D16: 3 | E16: =D16-C16 -> 1 | J16: X | K16: X | N16: X | R16: X | U16: X | W16: =IF(COUNTA(F16:U16)=0,"— não preenchido",IF(COUNTIF(F16:J16,"X")<>1,"FALTA/DUPLA: CONDIÇÃO DO PAVIMENTO",IF(COUNTIF(K16:L16,"X")<>1,"FALTA/DUPLA: VEGETAÇÃO",IF(COUNTIF(M16:O16,"X")<>1,"FALTA/DUPLA: ELEM. DE DRENAGEM",IF(COUNTIF(P16:R16,"X")<>1,"FALTA/DUPLA: SIN. HORIZ.",IF(COUNTIF(S16:U16,"X")<>1,"FALTA/DUPLA: SIN. VERTICAL","OK")))))) -> OK
A17: 164ETO0080 | B17: C | C17: 3 | D17: 4 | E17: =D17-C17 -> 1 | F17: X | K17: X | N17: X | R17: X | U17: X | W17: =IF(COUNTA(F17:U17)=0,"— não preenchido",IF(COUNTIF(F17:J17,"X")<>1,"FALTA/DUPLA: CONDIÇÃO DO PAVIMENTO",IF(COUNTIF(K17:L17,"X")<>1,"FALTA/DUPLA: VEGETAÇÃO",IF(COUNTIF(M17:O17,"X")<>1,"FALTA/DUPLA: ELEM. DE DRENAGEM",IF(COUNTIF(P17:R17,"X")<>1,"FALTA/DUPLA: SIN. HORIZ.",IF(COUNTIF(S17:U17,"X")<>1,"FALTA/DUPLA: SIN. VERTICAL","OK")))))) -> OK
A18: 164ETO0080 | B18: C | C18: 4 | D18: 5 | E18: =D18-C18 -> 1 | J18: X | K18: X | N18: X | R18: X | U18: X | W18: =IF(COUNTA(F18:U18)=0,"— não preenchido",IF(COUNTIF(F18:J18,"X")<>1,"FALTA/DUPLA: CONDIÇÃO DO PAVIMENTO",IF(COUNTIF(K18:L18,"X")<>1,"FALTA/DUPLA: VEGETAÇÃO",IF(COUNTIF(M18:O18,"X")<>1,"FALTA/DUPLA: ELEM. DE DRENAGEM",IF(COUNTIF(P18:R18,"X")<>1,"FALTA/DUPLA: SIN. HORIZ.",IF(COUNTIF(S18:U18,"X")<>1,"FALTA/DUPLA: SIN. VERTICAL","OK")))))) -> OK
A19: 164ETO0080 | B19: C | C19: 5 | D19: 5.905673 | E19: =D19-C19 -> 0.90567297 | F19: X | K19: X | N19: X | R19: X | U19: X | W19: =IF(COUNTA(F19:U19)=0,"— não preenchido",IF(COUNTIF(F19:J19,"X")<>1,"FALTA/DUPLA: CONDIÇÃO DO PAVIMENTO",IF(COUNTIF(K19:L19,"X")<>1,"FALTA/DUPLA: VEGETAÇÃO",IF(COUNTIF(M19:O19,"X")<>1,"FALTA/DUPLA: ELEM. DE DRENAGEM",IF(COUNTIF(P19:R19,"X")<>1,"FALTA/DUPLA: SIN. HORIZ.",IF(COUNTIF(S19:U19,"X")<>1,"FALTA/DUPLA: SIN. VERTICAL","OK")))))) -> OK
A20: S.R.E. 164ETO0090 | POV. MANCHAO DO MEIO - ENTR. BR-153 (XAMBIOÁ) | PPS · Estadual · 3.621 km · início: -6.410774, -48.505065
A21: 164ETO0090 | B21: C | C21: 0 | D21: 1 | E21: =D21-C21 -> 1 | J21: X | K21: X | N21: X | R21: X | U21: X | W21: =IF(COUNTA(F21:U21)=0,"— não preenchido",IF(COUNTIF(F21:J21,"X")<>1,"FALTA/DUPLA: CONDIÇÃO DO PAVIMENTO",IF(COUNTIF(K21:L21,"X")<>1,"FALTA/DUPLA: VEGETAÇÃO",IF(COUNTIF(M21:O21,"X")<>1,"FALTA/DUPLA: ELEM. DE DRENAGEM",IF(COUNTIF(P21:R21,"X")<>1,"FALTA/DUPLA: SIN. HORIZ.",IF(COUNTIF(S21:U21,"X")<>1,"FALTA/DUPLA: SIN. VERTICAL","OK")))))) -> OK
A22: 164ETO0090 | B22: C | C22: 1 | D22: 2 | E22: =D22-C22 -> 1 | J22: X | K22: X | N22: X | R22: X | U22: X | W22: =IF(COUNTA(F22:U22)=0,"— não preenchido",IF(COUNTIF(F22:J22,"X")<>1,"FALTA/DUPLA: CONDIÇÃO DO PAVIMENTO",IF(COUNTIF(K22:L22,"X")<>1,"FALTA/DUPLA: VEGETAÇÃO",IF(COUNTIF(M22:O22,"X")<>1,"FALTA/DUPLA: ELEM. DE DRENAGEM",IF(COUNTIF(P22:R22,"X")<>1,"FALTA/DUPLA: SIN. HORIZ.",IF(COUNTIF(S22:U22,"X")<>1,"FALTA/DUPLA: SIN. VERTICAL","OK")))))) -> OK
A23: 164ETO0090 | B23: C | C23: 2 | D23: 3 | E23: =D23-C23 -> 1 | J23: X | K23: X | N23: X | R23: X | U23: X | W23: =IF(COUNTA(F23:U23)=0,"— não preenchido",IF(COUNTIF(F23:J23,"X")<>1,"FALTA/DUPLA: CONDIÇÃO DO PAVIMENTO",IF(COUNTIF(K23:L23,"X")<>1,"FALTA/DUPLA: VEGETAÇÃO",IF(COUNTIF(M23:O23,"X")<>1,"FALTA/DUPLA: ELEM. DE DRENAGEM",IF(COUNTIF(P23:R23,"X")<>1,"FALTA/DUPLA: SIN. HORIZ.",IF(COUNTIF(S23:U23,"X")<>1,"FALTA/DUPLA: SIN. VERTICAL","OK")))))) -> OK
A24: 164ETO0090 | B24: C | C24: 3 | D24: 3.6206039 | E24: =D24-C24 -> 0.62060395 | J24: X | K24: X | N24: X | R24: X | U24: X | W24: =IF(COUNTA(F24:U24)=0,"— não preenchido",IF(COUNTIF(F24:J24,"X")<>1,"FALTA/DUPLA: CONDIÇÃO DO PAVIMENTO",IF(COUNTIF(K24:L24,"X")<>1,"FALTA/DUPLA: VEGETAÇÃO",IF(COUNTIF(M24:O24,"X")<>1,"FALTA/DUPLA: ELEM. DE DRENAGEM",IF(COUNTIF(P24:R24,"X")<>1,"FALTA/DUPLA: SIN. HORIZ.",IF(COUNTIF(S24:U24,"X")<>1,"FALTA/DUPLA: SIN. VERTICAL","OK")))))) -> OK
A26: ____________________________________________ | G26: ____________________________________________
A27: TÉCNICO RESPONSÁVEL PELA INSPEÇÃO | G27: VISTO DA SUPERVISÃO
A29: RESUMO DO TRECHO — KM LANÇADO POR ITEM
A30: KM LANÇADO | F30: =SUMIF(F$9:F$24,"X",$E$9:$E$24) -> 4.8300059 | G30: =SUMIF(G$9:G$24,"X",$E$9:$E$24) -> 0 | H30: =SUMIF(H$9:H$24,"X",$E$9:$E$24) -> 0 | I30: =SUMIF(I$9:I$24,"X",$E$9:$E$24) -> 1 | J30: =SUMIF(J$9:J$24,"X",$E$9:$E$24) -> 7.6206039 | K30: =SUMIF(K$9:K$24,"X",$E$9:$E$24) -> 13.45061 | L30: =SUMIF(L$9:L$24,"X",$E$9:$E$24) -> 0 | M30: =SUMIF(M$9:M$24,"X",$E$9:$E$24) -> 0 | ... U30: =SUMIF(U$9:U$24,"X",$E$9:$E$24) -> 13.45061
A31: % DA EXTENSÃO | F31: =IF($R33=0,0,F30/$R33) -> 0.35909196 | G31: =IF($R33=0,0,G30/$R33) -> 0 | H31: =IF($R33=0,0,H30/$R33) -> 0 | I31: =IF($R33=0,0,I30/$R33) -> 0.074346071 | J31: =IF($R33=0,0,J30/$R33) -> 0.56656196 | K31: =IF($R33=0,0,K30/$R33) -> 1 | L31: =IF($R33=0,0,L30/$R33) -> 0 | M31: =IF($R33=0,0,M30/$R33) -> 0 | ... U31: =IF($R33=0,0,U30/$R33) -> 1
A32: CONFERÊNCIA POR GRUPO | F32: =IF(SUM(F30:J30)=0,"— não preenchido",IF(ROUND(SUM(F30:J30)-$R33,3)=0,"OK — "&ROUND(SUM(F30:J30),3)&" km","ERRO — dif. de "&ROUND(SUM(F30:J30)-$R33,3)&" km")) -> OK — 13,451 km | K32: =IF(SUM(K30:L30)=0,"— não preenchido",IF(ROUND(SUM(K30:L30)-$R33,3)=0,"OK — "&ROUND(SUM(K30:L30),3)&" km","ERRO — dif. de "&ROUND(SUM(K30:L30)-$R33,3)&" km")) -> OK — 13,451 km | M32: =IF(SUM(M30:O30)=0,"— não preenchido",IF(ROUND(SUM(M30:O30)-$R33,3)=0,"OK — "&ROUND(SUM(M30:O30),3)&" km","ERRO — dif. de "&ROUND(SUM(M30:O30)-$R33,3)&" km")) -> OK — 13,451 km | P32: =IF(SUM(P30:R30)=0,"— não preenchido",IF(ROUND(SUM(P30:R30)-$R33,3)=0,"OK — "&ROUND(SUM(P30:R30),3)&" km","ERRO — dif. de "&ROUND(SUM(P30:R30)-$R33,3)&" km")) -> OK — 13,451 km | S32: =IF(SUM(S30:U30)=0,"— não preenchido",IF(ROUND(SUM(S30:U30)-$R33,3)=0,"OK — "&ROUND(SUM(S30:U30),3)&" km","ERRO — dif. de "&ROUND(SUM(S30:U30)-$R33,3)&" km")) -> OK — 13,451 km
A33: EXTENSÃO TOTAL DO TRECHO | R33: =SUM(E9:E24) -> 13.45061 | V33: =COUNTIF(W9:W24,"OK")&" de "&COUNT($E$9:$E$24)&" linhas conferidas" -> 14 de 14 linhas conferidas
A35: LEGENDA
A36: REM. I. / REM. L. | E36: Remendos isolados (até 10 por km) · Remendos ao longo (mais de 10 por km)
A37: BUR. I. / BUR. L. | E37: Buracos isolados (até 5 por km) · Buracos ao longo (mais de 5 por km)
A38: SIT. | E38: PPS = pista simples · PSU = simples urbana · PDU = duplicada
A39: FAIXA AZUL | E39: Cabeçalho de cada S.R.E.: descrição, situação, jurisdição, extensão e coordenada de início.
A40: INÍCIO / FIM (KM) | E40: Contados de 0 até o fim de CADA S.R.E. Não é o marco quilométrico da rodovia.
A41: SENT. | E41: C = crescente · D = decrescente
A42: FAIXA CINZA | E42: Segmento fora do escopo do contrato: você passa por ele, mas não preenche.
A43: CÉLULA VERMELHA | E43: Mais de uma X no mesmo grupo. Apague uma delas.
A44: CONFERÊNCIA | E44: Só na tela, não sai impresso. Fica OK com uma X em cada grupo.

Sheet 43
A1: PROGRAMA DE MANUTENÇÃO RODOVIÁRIA — FICHA DE INSPEÇÃO — RODOVIAS PAVIMENTADAS | Y1: Valores dos gráficos — troca 0 por N/D para a fatia não aparecer. Não editar.
A2: REGIÃO: 2 — ARAGUAÍNA I | G2: MÊS / ANO: | I2: =IF('39'!I2="","",'39'!I2) -> 46235 | K2: DATA: | N2: =IF('39'!N2="","",'39'!N2) | P2: TÉCNICO: | R2: =IF('39'!R2="","",'39'!R2) -> ENG. VINICIUS RODRIGUES FERREIRA DE OLIVEIRA | Y2: =IF(F37=0,NA(),F37) -> #N/A | Z2: =IF(G37=0,NA(),G37) -> 15.998808 | AA2: =IF(H37=0,NA(),H37) -> 5.1489827 | AB2: =IF(I37=0,NA(),I37) -> #N/A | AC2: =IF(J37=0,NA(),J37) -> #N/A | AD2: =IF(K37=0,NA(),K37) -> 8.9988076 | AE2: =IF(L37=0,NA(),L37) -> 12.148983 | AF2: =IF(M37=0,NA(),M37) -> 0.99880763 | ... AN2: =IF(U37=0,NA(),U37) -> 0.99880763
A3: TRECHO 43 — RODOVIA TO-164 - TRECHO ARAGOMINAS - MURICILÂNDIA | T3: EXTENSÃO: 21,148 km · 2 S.R.E.
A4: COMO PREENCHER: uma X em UMA coluna de cada grupo, por linha. Se houver mais de um defeito no mesmo km, marque o PREDOMINANTE e escreva o resto em OBSERVAÇÕES. A quilometragem é contada de 0 até o fim de CADA S.R.E. (não é o marco da rodovia).
A6: S.R.E. | B6: SENT. | C6: INÍCIO (KM) | D6: FIM (KM) | E6: EXT. (KM) | F6: CONDIÇÃO DO PAVIMENTO | K6: VEGETAÇÃO | M6: ELEM. DE DRENAGEM | P6: SIN. HORIZ. | S6: SIN. VERTICAL | V6: OBSERVAÇÕES | W6: CONFERÊNCIA (só na tela)
F7: BOM | G7: REM. I. | H7: REM. L. | I7: BUR. I. | J7: BUR. L. | K7: ADEQ. | L7: INAD. | M7: LIMPOS | N7: SUJOS | O7: DAN. | P7: BOM | Q7: REG. | R7: INEXIST. | S7: BOM | T7: POUCAS | U7: INEXIST.
A8: S.R.E. 164ETO0151 | ARAGOMINAS *TRECHO URBANO* | PSU · Municipal · 1.149 km · início: -7.173159, -48.525686
A9: 164ETO0151 | B9: C | C9: 0 | D9: 1 | E9: =D9-C9 -> 1 | G9: X | L9: X | N9: X | Q9: X | T9: X | W9: =IF(COUNTA(F9:U9)=0,"— não preenchido",IF(COUNTIF(F9:J9,"X")<>1,"FALTA/DUPLA: CONDIÇÃO DO PAVIMENTO",IF(COUNTIF(K9:L9,"X")<>1,"FALTA/DUPLA: VEGETAÇÃO",IF(COUNTIF(M9:O9,"X")<>1,"FALTA/DUPLA: ELEM. DE DRENAGEM",IF(COUNTIF(P9:R9,"X")<>1,"FALTA/DUPLA: SIN. HORIZ.",IF(COUNTIF(S9:U9,"X")<>1,"FALTA/DUPLA: SIN. VERTICAL","OK")))))) -> OK
A10: 164ETO0151 | B10: C | C10: 1 | D10: 1.1489827 | E10: =D10-C10 -> 0.14898273 | H10: X | L10: X | N10: X | Q10: X | T10: X | W10: =IF(COUNTA(F10:U10)=0,"— não preenchido",IF(COUNTIF(F10:J10,"X")<>1,"FALTA/DUPLA: CONDIÇÃO DO PAVIMENTO",IF(COUNTIF(K10:L10,"X")<>1,"FALTA/DUPLA: VEGETAÇÃO",IF(COUNTIF(M10:O10,"X")<>1,"FALTA/DUPLA: ELEM. DE DRENAGEM",IF(COUNTIF(P10:R10,"X")<>1,"FALTA/DUPLA: SIN. HORIZ.",IF(COUNTIF(S10:U10,"X")<>1,"FALTA/DUPLA: SIN. VERTICAL","OK")))))) -> OK
A11: S.R.E. 164ETO0155 | ARAGOMINAS *TRECHO URBANO* - MURICILÃNDIA | PPS · Estadual · 19.999 km · início: -7.167667, -48.526911
A12: 164ETO0155 | B12: C | C12: 0 | D12: 1 | E12: =D12-C12 -> 1 | H12: X | K12: X | N12: X | Q12: X | T12: X | W12: =IF(COUNTA(F12:U12)=0,"— não preenchido",IF(COUNTIF(F12:J12,"X")<>1,"FALTA/DUPLA: CONDIÇÃO DO PAVIMENTO",IF(COUNTIF(K12:L12,"X")<>1,"FALTA/DUPLA: VEGETAÇÃO",IF(COUNTIF(M12:O12,"X")<>1,"FALTA/DUPLA: ELEM. DE DRENAGEM",IF(COUNTIF(P12:R12,"X")<>1,"FALTA/DUPLA: SIN. HORIZ.",IF(COUNTIF(S12:U12,"X")<>1,"FALTA/DUPLA: SIN. VERTICAL","OK")))))) -> OK
A13: 164ETO0155 | B13: C | C13: 1 | D13: 2 | E13: =D13-C13 -> 1 | G13: X | K13: X | N13: X | Q13: X | T13: X | W13: =IF(COUNTA(F13:U13)=0,"— não preenchido",IF(COUNTIF(F13:J13,"X")<>1,"FALTA/DUPLA: CONDIÇÃO DO PAVIMENTO",IF(COUNTIF(K13:L13,"X")<>1,"FALTA/DUPLA: VEGETAÇÃO",IF(COUNTIF(M13:O13,"X")<>1,"FALTA/DUPLA: ELEM. DE DRENAGEM",IF(COUNTIF(P13:R13,"X")<>1,"FALTA/DUPLA: SIN. HORIZ.",IF(COUNTIF(S13:U13,"X")<>1,"FALTA/DUPLA: SIN. VERTICAL","OK")))))) -> OK
A14: 164ETO0155 | B14: C | C14: 2 | D14: 3 | E14: =D14-C14 -> 1 | G14: X | L14: X | N14: X | Q14: X | T14: X | W14: =IF(COUNTA(F14:U14)=0,"— não preenchido",IF(COUNTIF(F14:J14,"X")<>1,"FALTA/DUPLA: CONDIÇÃO DO PAVIMENTO",IF(COUNTIF(K14:L14,"X")<>1,"FALTA/DUPLA: VEGETAÇÃO",IF(COUNTIF(M14:O14,"X")<>1,"FALTA/DUPLA: ELEM. DE DRENAGEM",IF(COUNTIF(P14:R14,"X")<>1,"FALTA/DUPLA: SIN. HORIZ.",IF(COUNTIF(S14:U14,"X")<>1,"FALTA/DUPLA: SIN. VERTICAL","OK")))))) -> OK
A15: 164ETO0155 | B15: C | C15: 3 | D15: 4 | E15: =D15-C15 -> 1 | G15: X | L15: X | N15: X | Q15: X | T15: X | W15: =IF(COUNTA(F15:U15)=0,"— não preenchido",IF(COUNTIF(F15:J15,"X")<>1,"FALTA/DUPLA: CONDIÇÃO DO PAVIMENTO",IF(COUNTIF(K15:L15,"X")<>1,"FALTA/DUPLA: VEGETAÇÃO",IF(COUNTIF(M15:O15,"X")<>1,"FALTA/DUPLA: ELEM. DE DRENAGEM",IF(COUNTIF(P15:R15,"X")<>1,"FALTA/DUPLA: SIN. HORIZ.",IF(COUNTIF(S15:U15,"X")<>1,"FALTA/DUPLA: SIN. VERTICAL","OK")))))) -> OK
A16: 164ETO0155 | B16: C | C16: 4 | D16: 5 | E16: =D16-C16 -> 1 | H16: X | L16: X | N16: X | Q16: X | T16: X | W16: =IF(COUNTA(F16:U16)=0,"— não preenchido",IF(COUNTIF(F16:J16,"X")<>1,"FALTA/DUPLA: CONDIÇÃO DO PAVIMENTO",IF(COUNTIF(K16:L16,"X")<>1,"FALTA/DUPLA: VEGETAÇÃO",IF(COUNTIF(M16:O16,"X")<>1,"FALTA/DUPLA: ELEM. DE DRENAGEM",IF(COUNTIF(P16:R16,"X")<>1,"FALTA/DUPLA: SIN. HORIZ.",IF(COUNTIF(S16:U16,"X")<>1,"FALTA/DUPLA: SIN. VERTICAL","OK")))))) -> OK
A17: 164ETO0155 | B17: C | C17: 5 | D17: 6 | E17: =D17-C17 -> 1 | H17: X | L17: X | N17: X | Q17: X | T17: X | W17: =IF(COUNTA(F17:U17)=0,"— não preenchido",IF(COUNTIF(F17:J17,"X")<>1,"FALTA/DUPLA: CONDIÇÃO DO PAVIMENTO",IF(COUNTIF(K17:L17,"X")<>1,"FALTA/DUPLA: VEGETAÇÃO",IF(COUNTIF(M17:O17,"X")<>1,"FALTA/DUPLA: ELEM. DE DRENAGEM",IF(COUNTIF(P17:R17,"X")<>1,"FALTA/DUPLA: SIN. HORIZ.",IF(COUNTIF(S17:U17,"X")<>1,"FALTA/DUPLA: SIN. VERTICAL","OK")))))) -> OK
A18: 164ETO0155 | B18: C | C18: 6 | D18: 7 | E18: =D18-C18 -> 1 | G18: X | L18: X | N18: X | Q18: X | T18: X | W18: =IF(COUNTA(F18:U18)=0,"— não preenchido",IF(COUNTIF(F18:J18,"X")<>1,"FALTA/DUPLA: CONDIÇÃO DO PAVIMENTO",IF(COUNTIF(K18:L18,"X")<>1,"FALTA/DUPLA: VEGETAÇÃO",IF(COUNTIF(M18:O18,"X")<>1,"FALTA/DUPLA: ELEM. DE DRENAGEM",IF(COUNTIF(P18:R18,"X")<>1,"FALTA/DUPLA: SIN. HORIZ.",IF(COUNTIF(S18:U18,"X")<>1,"FALTA/DUPLA: SIN. VERTICAL","OK")))))) -> OK
A19: 164ETO0155 | B19: C | C19: 7 | D19: 8 | E19: =D19-C19 -> 1 | G19: X | L19: X | N19: X | Q19: X | T19: X | W19: =IF(COUNTA(F19:U19)=0,"— não preenchido",IF(COUNTIF(F19:J19,"X")<>1,"FALTA/DUPLA: CONDIÇÃO DO PAVIMENTO",IF(COUNTIF(K19:L19,"X")<>1,"FALTA/DUPLA: VEGETAÇÃO",IF(COUNTIF(M19:O19,"X")<>1,"FALTA/DUPLA: ELEM. DE DRENAGEM",IF(COUNTIF(P19:R19,"X")<>1,"FALTA/DUPLA: SIN. HORIZ.",IF(COUNTIF(S19:U19,"X")<>1,"FALTA/DUPLA: SIN. VERTICAL","OK")))))) -> OK
A20: 164ETO0155 | B20: C | C20: 8 | D20: 9 | E20: =D20-C20 -> 1 | G20: X | K20: X | N20: X | Q20: X | T20: X | W20: =IF(COUNTA(F20:U20)=0,"— não preenchido",IF(COUNTIF(F20:J20,"X")<>1,"FALTA/DUPLA: CONDIÇÃO DO PAVIMENTO",IF(COUNTIF(K20:L20,"X")<>1,"FALTA/DUPLA: VEGETAÇÃO",IF(COUNTIF(M20:O20,"X")<>1,"FALTA/DUPLA: ELEM. DE DRENAGEM",IF(COUNTIF(P20:R20,"X")<>1,"FALTA/DUPLA: SIN. HORIZ.",IF(COUNTIF(S20:U20,"X")<>1,"FALTA/DUPLA: SIN. VERTICAL","OK")))))) -> OK
A21: 164ETO0155 | B21: C | C21: 9 | D21: 10 | E21: =D21-C21 -> 1 | G21: X | K21: X | N21: X | Q21: X | T21: X | W21: =IF(COUNTA(F21:U21)=0,"— não preenchido",IF(COUNTIF(F21:J21,"X")<>1,"FALTA/DUPLA: CONDIÇÃO DO PAVIMENTO",IF(COUNTIF(K21:L21,"X")<>1,"FALTA/DUPLA: VEGETAÇÃO",IF(COUNTIF(M21:O21,"X")<>1,"FALTA/DUPLA: ELEM. DE DRENAGEM",IF(COUNTIF(P21:R21,"X")<>1,"FALTA/DUPLA: SIN. HORIZ.",IF(COUNTIF(S21:U21,"X")<>1,"FALTA/DUPLA: SIN. VERTICAL","OK")))))) -> OK
A22: 164ETO0155 | B22: C | C22: 10 | D22: 11 | E22: =D22-C22 -> 1 | G22: X | K22: X | N22: X | Q22: X | T22: X | W22: =IF(COUNTA(F22:U22)=0,"— não preenchido",IF(COUNTIF(F22:J22,"X")<>1,"FALTA/DUPLA: CONDIÇÃO DO PAVIMENTO",IF(COUNTIF(K22:L22,"X")<>1,"FALTA/DUPLA: VEGETAÇÃO",IF(COUNTIF(M22:O22,"X")<>1,"FALTA/DUPLA: ELEM. DE DRENAGEM",IF(COUNTIF(P22:R22,"X")<>1,"FALTA/DUPLA: SIN. HORIZ.",IF(COUNTIF(S22:U22,"X")<>1,"FALTA/DUPLA: SIN. VERTICAL","OK")))))) -> OK
A23: 164ETO0155 | B23: C | C23: 11 | D23: 12 | E23: =D23-C23 -> 1 | G23: X | K23: X | N23: X | Q23: X | T23: X | W23: =IF(COUNTA(F23:U23)=0,"— não preenchido",IF(COUNTIF(F23:J23,"X")<>1,"FALTA/DUPLA: CONDIÇÃO DO PAVIMENTO",IF(COUNTIF(K23:L23,"X")<>1,"FALTA/DUPLA: VEGETAÇÃO",IF(COUNTIF(M23:O23,"X")<>1,"FALTA/DUPLA: ELEM. DE DRENAGEM",IF(COUNTIF(P23:R23,"X")<>1,"FALTA/DUPLA: SIN. HORIZ.",IF(COUNTIF(S23:U23,"X")<>1,"FALTA/DUPLA: SIN. VERTICAL","OK")))))) -> OK
A24: 164ETO0155 | B24: C | C24: 12 | D24: 13 | E24: =D24-C24 -> 1 | G24: X | L24: X | N24: X | Q24: X | T24: X | W24: =IF(COUNTA(F24:U24)=0,"— não preenchido",IF(COUNTIF(F24:J24,"X")<>1,"FALTA/DUPLA: CONDIÇÃO DO PAVIMENTO",IF(COUNTIF(K24:L24,"X")<>1,"FALTA/DUPLA: VEGETAÇÃO",IF(COUNTIF(M24:O24,"X")<>1,"FALTA/DUPLA: ELEM. DE DRENAGEM",IF(COUNTIF(P24:R24,"X")<>1,"FALTA/DUPLA: SIN. HORIZ.",IF(COUNTIF(S24:U24,"X")<>1,"FALTA/DUPLA: SIN. VERTICAL","OK")))))) -> OK
A25: 164ETO0155 | B25: C | C25: 13 | D25: 14 | E25: =D25-C25 -> 1 | H25: X | L25: X | N25: X | Q25: X | T25: X | W25: =IF(COUNTA(F25:U25)=0,"— não preenchido",IF(COUNTIF(F25:J25,"X")<>1,"FALTA/DUPLA: CONDIÇÃO DO PAVIMENTO",IF(COUNTIF(K25:L25,"X")<>1,"FALTA/DUPLA: VEGETAÇÃO",IF(COUNTIF(M25:O25,"X")<>1,"FALTA/DUPLA: ELEM. DE DRENAGEM",IF(COUNTIF(P25:R25,"X")<>1,"FALTA/DUPLA: SIN. HORIZ.",IF(COUNTIF(S25:U25,"X")<>1,"FALTA/DUPLA: SIN. VERTICAL","OK")))))) -> OK
A26: 164ETO0155 | B26: C | C26: 14 | D26: 15 | E26: =D26-C26 -> 1 | H26: X | L26: X | N26: X | Q26: X | T26: X | W26: =IF(COUNTA(F26:U26)=0,"— não preenchido",IF(COUNTIF(F26:J26,"X")<>1,"FALTA/DUPLA: CONDIÇÃO DO PAVIMENTO",IF(COUNTIF(K26:L26,"X")<>1,"FALTA/DUPLA: VEGETAÇÃO",IF(COUNTIF(M26:O26,"X")<>1,"FALTA/DUPLA: ELEM. DE DRENAGEM",IF(COUNTIF(P26:R26,"X")<>1,"FALTA/DUPLA: SIN. HORIZ.",IF(COUNTIF(S26:U26,"X")<>1,"FALTA/DUPLA: SIN. VERTICAL","OK")))))) -> OK
A27: 164ETO0155 | B27: C | C27: 15 | D27: 16 | E27: =D27-C27 -> 1 | G27: X | K27: X | N27: X | Q27: X | T27: X | W27: =IF(COUNTA(F27:U27)=0,"— não preenchido",IF(COUNTIF(F27:J27,"X")<>1,"FALTA/DUPLA: CONDIÇÃO DO PAVIMENTO",IF(COUNTIF(K27:L27,"X")<>1,"FALTA/DUPLA: VEGETAÇÃO",IF(COUNTIF(M27:O27,"X")<>1,"FALTA/DUPLA: ELEM. DE DRENAGEM",IF(COUNTIF(P27:R27,"X")<>1,"FALTA/DUPLA: SIN. HORIZ.",IF(COUNTIF(S27:U27,"X")<>1,"FALTA/DUPLA: SIN. VERTICAL","OK")))))) -> OK
A28: 164ETO0155 | B28: C | C28: 16 | D28: 17 | E28: =D28-C28 -> 1 | G28: X | K28: X | N28: X | Q28: X | T28: X | W28: =IF(COUNTA(F28:U28)=0,"— não preenchido",IF(COUNTIF(F28:J28,"X")<>1,"FALTA/DUPLA: CONDIÇÃO DO PAVIMENTO",IF(COUNTIF(K28:L28,"X")<>1,"FALTA/DUPLA: VEGETAÇÃO",IF(COUNTIF(M28:O28,"X")<>1,"FALTA/DUPLA: ELEM. DE DRENAGEM",IF(COUNTIF(P28:R28,"X")<>1,"FALTA/DUPLA: SIN. HORIZ.",IF(COUNTIF(S28:U28,"X")<>1,"FALTA/DUPLA: SIN. VERTICAL","OK")))))) -> OK
A29: 164ETO0155 | B29: C | C29: 17 | D29: 18 | E29: =D29-C29 -> 1 | G29: X | L29: X | N29: X | Q29: X | T29: X | W29: =IF(COUNTA(F29:U29)=0,"— não preenchido",IF(COUNTIF(F29:J29,"X")<>1,"FALTA/DUPLA: CONDIÇÃO DO PAVIMENTO",IF(COUNTIF(K29:L29,"X")<>1,"FALTA/DUPLA: VEGETAÇÃO",IF(COUNTIF(M29:O29,"X")<>1,"FALTA/DUPLA: ELEM. DE DRENAGEM",IF(COUNTIF(P29:R29,"X")<>1,"FALTA/DUPLA: SIN. HORIZ.",IF(COUNTIF(S29:U29,"X")<>1,"FALTA/DUPLA: SIN. VERTICAL","OK")))))) -> OK
A30: 164ETO0155 | B30: C | C30: 18 | D30: 19 | E30: =D30-C30 -> 1 | G30: X | L30: X | N30: X | Q30: X | T30: X | W30: =IF(COUNTA(F30:U30)=0,"— não preenchido",IF(COUNTIF(F30:J30,"X")<>1,"FALTA/DUPLA: CONDIÇÃO DO PAVIMENTO",IF(COUNTIF(K30:L30,"X")<>1,"FALTA/DUPLA: VEGETAÇÃO",IF(COUNTIF(M30:O30,"X")<>1,"FALTA/DUPLA: ELEM. DE DRENAGEM",IF(COUNTIF(P30:R30,"X")<>1,"FALTA/DUPLA: SIN. HORIZ.",IF(COUNTIF(S30:U30,"X")<>1,"FALTA/DUPLA: SIN. VERTICAL","OK")))))) -> OK
A31: 164ETO0155 | B31: C | C31: 19 | D31: 19.998808 | E31: =D31-C31 -> 0.99880763 | G31: X | K31: X | M31: X | Q31: X | U31: X | W31: =IF(COUNTA(F31:U31)=0,"— não preenchido",IF(COUNTIF(F31:J31,"X")<>1,"FALTA/DUPLA: CONDIÇÃO DO PAVIMENTO",IF(COUNTIF(K31:L31,"X")<>1,"FALTA/DUPLA: VEGETAÇÃO",IF(COUNTIF(M31:O31,"X")<>1,"FALTA/DUPLA: ELEM. DE DRENAGEM",IF(COUNTIF(P31:R31,"X")<>1,"FALTA/DUPLA: SIN. HORIZ.",IF(COUNTIF(S31:U31,"X")<>1,"FALTA/DUPLA: SIN. VERTICAL","OK")))))) -> OK
A33: ____________________________________________ | G33: ____________________________________________
A34: TÉCNICO RESPONSÁVEL PELA INSPEÇÃO | G34: VISTO DA SUPERVISÃO
A36: RESUMO DO TRECHO — KM LANÇADO POR ITEM
A37: KM LANÇADO | F37: =SUMIF(F$9:F$31,"X",$E$9:$E$31) -> 0 | G37: =SUMIF(G$9:G$31,"X",$E$9:$E$31) -> 15.998808 | H37: =SUMIF(H$9:H$31,"X",$E$9:$E$31) -> 5.1489827 | I37: =SUMIF(I$9:I$31,"X",$E$9:$E$31) -> 0 | J37: =SUMIF(J$9:J$31,"X",$E$9:$E$31) -> 0 | K37: =SUMIF(K$9:K$31,"X",$E$9:$E$31) -> 8.9988076 | L37: =SUMIF(L$9:L$31,"X",$E$9:$E$31) -> 12.148983 | M37: =SUMIF(M$9:M$31,"X",$E$9:$E$31) -> 0.99880763 | ... U37: =SUMIF(U$9:U$31,"X",$E$9:$E$31) -> 0.99880763
A38: % DA EXTENSÃO | F38: =IF($R40=0,0,F37/$R40) -> 0 | G38: =IF($R40=0,0,G37/$R40) -> 0.75652384 | H38: =IF($R40=0,0,H37/$R40) -> 0.24347616 | I38: =IF($R40=0,0,I37/$R40) -> 0 | J38: =IF($R40=0,0,J37/$R40) -> 0 | K38: =IF($R40=0,0,K37/$R40) -> 0.42551999 | L38: =IF($R40=0,0,L37/$R40) -> 0.57448001 | M38: =IF($R40=0,0,M37/$R40) -> 0.047229882 | ... U38: =IF($R40=0,0,U37/$R40) -> 0.047229882
A39: CONFERÊNCIA POR GRUPO | F39: =IF(SUM(F37:J37)=0,"— não preenchido",IF(ROUND(SUM(F37:J37)-$R40,3)=0,"OK — "&ROUND(SUM(F37:J37),3)&" km","ERRO — dif. de "&ROUND(SUM(F37:J37)-$R40,3)&" km")) -> OK — 21,148 km | K39: =IF(SUM(K37:L37)=0,"— não preenchido",IF(ROUND(SUM(K37:L37)-$R40,3)=0,"OK — "&ROUND(SUM(K37:L37),3)&" km","ERRO — dif. de "&ROUND(SUM(K37:L37)-$R40,3)&" km")) -> OK — 21,148 km | M39: =IF(SUM(M37:O37)=0,"— não preenchido",IF(ROUND(SUM(M37:O37)-$R40,3)=0,"OK — "&ROUND(SUM(M37:O37),3)&" km","ERRO — dif. de "&ROUND(SUM(M37:O37)-$R40,3)&" km")) -> OK — 21,148 km | P39: =IF(SUM(P37:R37)=0,"— não preenchido",IF(ROUND(SUM(P37:R37)-$R40,3)=0,"OK — "&ROUND(SUM(P37:R37),3)&" km","ERRO — dif. de "&ROUND(SUM(P37:R37)-$R40,3)&" km")) -> OK — 21,148 km | S39: =IF(SUM(S37:U37)=0,"— não preenchido",IF(ROUND(SUM(S37:U37)-$R40,3)=0,"OK — "&ROUND(SUM(S37:U37),3)&" km","ERRO — dif. de "&ROUND(SUM(S37:U37)-$R40,3)&" km")) -> OK — 21,148 km
A40: EXTENSÃO TOTAL DO TRECHO | R40: =SUM(E9:E31) -> 21.14779 | V40: =COUNTIF(W9:W31,"OK")&" de "&COUNT($E$9:$E$31)&" linhas conferidas" -> 22 de 22 linhas conferidas
A42: LEGENDA
A43: REM. I. / REM. L. | E43: Remendos isolados (até 10 por km) · Remendos ao longo (mais de 10 por km)
A44: BUR. I. / BUR. L. | E44: Buracos isolados (até 5 por km) · Buracos ao longo (mais de 5 por km)
A45: SIT. | E45: PPS = pista simples · PSU = simples urbana · PDU = duplicada
A46: FAIXA AZUL | E46: Cabeçalho de cada S.R.E.: descrição, situação, jurisdição, extensão e coordenada de início.
A47: INÍCIO / FIM (KM) | E47: Contados de 0 até o fim de CADA S.R.E. Não é o marco quilométrico da rodovia.
A48: SENT. | E48: C = crescente · D = decrescente
A49: FAIXA CINZA | E49: Segmento fora do escopo do contrato: você passa por ele, mas não preenche.
A50: CÉLULA VERMELHA | E50: Mais de uma X no mesmo grupo. Apague uma delas.
A51: CONFERÊNCIA | E51: Só na tela, não sai impresso. Fica OK com uma X em cada grupo.

Sheet 44
A1: PROGRAMA DE MANUTENÇÃO RODOVIÁRIA — FICHA DE INSPEÇÃO — RODOVIAS PAVIMENTADAS | Y1: Valores dos gráficos — troca 0 por N/D para a fatia não aparecer. Não editar.
A2: REGIÃO: 2 — ARAGUAÍNA I | G2: MÊS / ANO: | I2: =IF('39'!I2="","",'39'!I2) -> 46235 | K2: DATA: | N2: =IF('39'!N2="","",'39'!N2) | P2: TÉCNICO: | R2: =IF('39'!R2="","",'39'!R2) -> ENG. VINICIUS RODRIGUES FERREIRA DE OLIVEIRA | Y2: =IF(F76=0,NA(),F76) -> 48.402239 | Z2: =IF(G76=0,NA(),G76) -> 9 | AA2: =IF(H76=0,NA(),H76) -> 3 | AB2: =IF(I76=0,NA(),I76) -> #N/A | AC2: =IF(J76=0,NA(),J76) -> #N/A | AD2: =IF(K76=0,NA(),K76) -> 60.402239 | AE2: =IF(L76=0,NA(),L76) -> #N/A | AF2: =IF(M76=0,NA(),M76) -> 2.4746415 | ... AN2: =IF(U76=0,NA(),U76) -> #N/A
A3: TRECHO 44 — RODOVIA TO-164 - TRECHO ARAGUANÃ - CARMOLÂNDIA | T3: EXTENSÃO: 60,402 km · 2 S.R.E.
A4: COMO PREENCHER: uma X em UMA coluna de cada grupo, por linha. Se houver mais de um defeito no mesmo km, marque o PREDOMINANTE e escreva o resto em OBSERVAÇÕES. A quilometragem é contada de 0 até o fim de CADA S.R.E. (não é o marco da rodovia).
A6: S.R.E. | B6: SENT. | C6: INÍCIO (KM) | D6: FIM (KM) | E6: EXT. (KM) | F6: CONDIÇÃO DO PAVIMENTO | K6: VEGETAÇÃO | M6: ELEM. DE DRENAGEM | P6: SIN. HORIZ. | S6: SIN. VERTICAL | V6: OBSERVAÇÕES | W6: CONFERÊNCIA (só na tela)
F7: BOM | G7: REM. I. | H7: REM. L. | I7: BUR. I. | J7: BUR. L. | K7: ADEQ. | L7: INAD. | M7: LIMPOS | N7: SUJOS | O7: DAN. | P7: BOM | Q7: REG. | R7: INEXIST. | S7: BOM | T7: POUCAS | U7: INEXIST.
A8: S.R.E. 164ETO0110 | ARAGUANÃ *TRECHO URBANO* - JACILÃNDIA | PPS · Estadual · 33.928 km · início: -6.592737, -48.641603
A9: 164ETO0110 | B9: C | C9: 0 | D9: 1 | E9: =D9-C9 -> 1 | F9: X | K9: X | N9: X | P9: X | S9: X | W9: =IF(COUNTA(F9:U9)=0,"— não preenchido",IF(COUNTIF(F9:J9,"X")<>1,"FALTA/DUPLA: CONDIÇÃO DO PAVIMENTO",IF(COUNTIF(K9:L9,"X")<>1,"FALTA/DUPLA: VEGETAÇÃO",IF(COUNTIF(M9:O9,"X")<>1,"FALTA/DUPLA: ELEM. DE DRENAGEM",IF(COUNTIF(P9:R9,"X")<>1,"FALTA/DUPLA: SIN. HORIZ.",IF(COUNTIF(S9:U9,"X")<>1,"FALTA/DUPLA: SIN. VERTICAL","OK")))))) -> OK
A10: 164ETO0110 | B10: C | C10: 1 | D10: 2 | E10: =D10-C10 -> 1 | F10: X | K10: X | N10: X | P10: X | S10: X | W10: =IF(COUNTA(F10:U10)=0,"— não preenchido",IF(COUNTIF(F10:J10,"X")<>1,"FALTA/DUPLA: CONDIÇÃO DO PAVIMENTO",IF(COUNTIF(K10:L10,"X")<>1,"FALTA/DUPLA: VEGETAÇÃO",IF(COUNTIF(M10:O10,"X")<>1,"FALTA/DUPLA: ELEM. DE DRENAGEM",IF(COUNTIF(P10:R10,"X")<>1,"FALTA/DUPLA: SIN. HORIZ.",IF(COUNTIF(S10:U10,"X")<>1,"FALTA/DUPLA: SIN. VERTICAL","OK")))))) -> OK
A11: 164ETO0110 | B11: C | C11: 2 | D11: 3 | E11: =D11-C11 -> 1 | H11: X | K11: X | N11: X | P11: X | S11: X | W11: =IF(COUNTA(F11:U11)=0,"— não preenchido",IF(COUNTIF(F11:J11,"X")<>1,"FALTA/DUPLA: CONDIÇÃO DO PAVIMENTO",IF(COUNTIF(K11:L11,"X")<>1,"FALTA/DUPLA: VEGETAÇÃO",IF(COUNTIF(M11:O11,"X")<>1,"FALTA/DUPLA: ELEM. DE DRENAGEM",IF(COUNTIF(P11:R11,"X")<>1,"FALTA/DUPLA: SIN. HORIZ.",IF(COUNTIF(S11:U11,"X")<>1,"FALTA/DUPLA: SIN. VERTICAL","OK")))))) -> OK
A12: 164ETO0110 | B12: C | C12: 3 | D12: 4 | E12: =D12-C12 -> 1 | H12: X | K12: X | N12: X | P12: X | S12: X | W12: =IF(COUNTA(F12:U12)=0,"— não preenchido",IF(COUNTIF(F12:J12,"X")<>1,"FALTA/DUPLA: CONDIÇÃO DO PAVIMENTO",IF(COUNTIF(K12:L12,"X")<>1,"FALTA/DUPLA: VEGETAÇÃO",IF(COUNTIF(M12:O12,"X")<>1,"FALTA/DUPLA: ELEM. DE DRENAGEM",IF(COUNTIF(P12:R12,"X")<>1,"FALTA/DUPLA: SIN. HORIZ.",IF(COUNTIF(S12:U12,"X")<>1,"FALTA/DUPLA: SIN. VERTICAL","OK")))))) -> OK
A13: 164ETO0110 | B13: C | C13: 4 | D13: 5 | E13: =D13-C13 -> 1 | G13: X | K13: X | N13: X | P13: X | S13: X | W13: =IF(COUNTA(F13:U13)=0,"— não preenchido",IF(COUNTIF(F13:J13,"X")<>1,"FALTA/DUPLA: CONDIÇÃO DO PAVIMENTO",IF(COUNTIF(K13:L13,"X")<>1,"FALTA/DUPLA: VEGETAÇÃO",IF(COUNTIF(M13:O13,"X")<>1,"FALTA/DUPLA: ELEM. DE DRENAGEM",IF(COUNTIF(P13:R13,"X")<>1,"FALTA/DUPLA: SIN. HORIZ.",IF(COUNTIF(S13:U13,"X")<>1,"FALTA/DUPLA: SIN. VERTICAL","OK")))))) -> OK
A14: 164ETO0110 | B14: C | C14: 5 | D14: 6 | E14: =D14-C14 -> 1 | G14: X | K14: X | N14: X | P14: X | S14: X | W14: =IF(COUNTA(F14:U14)=0,"— não preenchido",IF(COUNTIF(F14:J14,"X")<>1,"FALTA/DUPLA: CONDIÇÃO DO PAVIMENTO",IF(COUNTIF(K14:L14,"X")<>1,"FALTA/DUPLA: VEGETAÇÃO",IF(COUNTIF(M14:O14,"X")<>1,"FALTA/DUPLA: ELEM. DE DRENAGEM",IF(COUNTIF(P14:R14,"X")<>1,"FALTA/DUPLA: SIN. HORIZ.",IF(COUNTIF(S14:U14,"X")<>1,"FALTA/DUPLA: SIN. VERTICAL","OK")))))) -> OK
A15: 164ETO0110 | B15: C | C15: 6 | D15: 7 | E15: =D15-C15 -> 1 | G15: X | K15: X | N15: X | P15: X | S15: X | W15: =IF(COUNTA(F15:U15)=0,"— não preenchido",IF(COUNTIF(F15:J15,"X")<>1,"FALTA/DUPLA: CONDIÇÃO DO PAVIMENTO",IF(COUNTIF(K15:L15,"X")<>1,"FALTA/DUPLA: VEGETAÇÃO",IF(COUNTIF(M15:O15,"X")<>1,"FALTA/DUPLA: ELEM. DE DRENAGEM",IF(COUNTIF(P15:R15,"X")<>1,"FALTA/DUPLA: SIN. HORIZ.",IF(COUNTIF(S15:U15,"X")<>1,"FALTA/DUPLA: SIN. VERTICAL","OK")))))) -> OK
A16: 164ETO0110 | B16: C | C16: 7 | D16: 8 | E16: =D16-C16 -> 1 | G16: X | K16: X | N16: X | P16: X | S16: X | W16: =IF(COUNTA(F16:U16)=0,"— não preenchido",IF(COUNTIF(F16:J16,"X")<>1,"FALTA/DUPLA: CONDIÇÃO DO PAVIMENTO",IF(COUNTIF(K16:L16,"X")<>1,"FALTA/DUPLA: VEGETAÇÃO",IF(COUNTIF(M16:O16,"X")<>1,"FALTA/DUPLA: ELEM. DE DRENAGEM",IF(COUNTIF(P16:R16,"X")<>1,"FALTA/DUPLA: SIN. HORIZ.",IF(COUNTIF(S16:U16,"X")<>1,"FALTA/DUPLA: SIN. VERTICAL","OK")))))) -> OK
A17: 164ETO0110 | B17: C | C17: 8 | D17: 9 | E17: =D17-C17 -> 1 | G17: X | K17: X | N17: X | P17: X | S17: X | W17: =IF(COUNTA(F17:U17)=0,"— não preenchido",IF(COUNTIF(F17:J17,"X")<>1,"FALTA/DUPLA: CONDIÇÃO DO PAVIMENTO",IF(COUNTIF(K17:L17,"X")<>1,"FALTA/DUPLA: VEGETAÇÃO",IF(COUNTIF(M17:O17,"X")<>1,"FALTA/DUPLA: ELEM. DE DRENAGEM",IF(COUNTIF(P17:R17,"X")<>1,"FALTA/DUPLA: SIN. HORIZ.",IF(COUNTIF(S17:U17,"X")<>1,"FALTA/DUPLA: SIN. VERTICAL","OK")))))) -> OK
A18: 164ETO0110 | B18: C | C18: 9 | D18: 10 | E18: =D18-C18 -> 1 | G18: X | K18: X | N18: X | P18: X | S18: X | W18: =IF(COUNTA(F18:U18)=0,"— não preenchido",IF(COUNTIF(F18:J18,"X")<>1,"FALTA/DUPLA: CONDIÇÃO DO PAVIMENTO",IF(COUNTIF(K18:L18,"X")<>1,"FALTA/DUPLA: VEGETAÇÃO",IF(COUNTIF(M18:O18,"X")<>1,"FALTA/DUPLA: ELEM. DE DRENAGEM",IF(COUNTIF(P18:R18,"X")<>1,"FALTA/DUPLA: SIN. HORIZ.",IF(COUNTIF(S18:U18,"X")<>1,"FALTA/DUPLA: SIN. VERTICAL","OK")))))) -> OK
A19: 164ETO0110 | B19: C | C19: 10 | D19: 11 | E19: =D19-C19 -> 1 | G19: X | K19: X | N19: X | P19: X | S19: X | W19: =IF(COUNTA(F19:U19)=0,"— não preenchido",IF(COUNTIF(F19:J19,"X")<>1,"FALTA/DUPLA: CONDIÇÃO DO PAVIMENTO",IF(COUNTIF(K19:L19,"X")<>1,"FALTA/DUPLA: VEGETAÇÃO",IF(COUNTIF(M19:O19,"X")<>1,"FALTA/DUPLA: ELEM. DE DRENAGEM",IF(COUNTIF(P19:R19,"X")<>1,"FALTA/DUPLA: SIN. HORIZ.",IF(COUNTIF(S19:U19,"X")<>1,"FALTA/DUPLA: SIN. VERTICAL","OK")))))) -> OK
A20: 164ETO0110 | B20: C | C20: 11 | D20: 12 | E20: =D20-C20 -> 1 | G20: X | K20: X | N20: X | P20: X | S20: X | W20: =IF(COUNTA(F20:U20)=0,"— não preenchido",IF(COUNTIF(F20:J20,"X")<>1,"FALTA/DUPLA: CONDIÇÃO DO PAVIMENTO",IF(COUNTIF(K20:L20,"X")<>1,"FALTA/DUPLA: VEGETAÇÃO",IF(COUNTIF(M20:O20,"X")<>1,"FALTA/DUPLA: ELEM. DE DRENAGEM",IF(COUNTIF(P20:R20,"X")<>1,"FALTA/DUPLA: SIN. HORIZ.",IF(COUNTIF(S20:U20,"X")<>1,"FALTA/DUPLA: SIN. VERTICAL","OK")))))) -> OK
A21: 164ETO0110 | B21: C | C21: 12 | D21: 13 | E21: =D21-C21 -> 1 | G21: X | K21: X | N21: X | P21: X | S21: X | W21: =IF(COUNTA(F21:U21)=0,"— não preenchido",IF(COUNTIF(F21:J21,"X")<>1,"FALTA/DUPLA: CONDIÇÃO DO PAVIMENTO",IF(COUNTIF(K21:L21,"X")<>1,"FALTA/DUPLA: VEGETAÇÃO",IF(COUNTIF(M21:O21,"X")<>1,"FALTA/DUPLA: ELEM. DE DRENAGEM",IF(COUNTIF(P21:R21,"X")<>1,"FALTA/DUPLA: SIN. HORIZ.",IF(COUNTIF(S21:U21,"X")<>1,"FALTA/DUPLA: SIN. VERTICAL","OK")))))) -> OK
A22: 164ETO0110 | B22: C | C22: 13 | D22: 14 | E22: =D22-C22 -> 1 | F22: X | K22: X | N22: X | P22: X | S22: X | W22: =IF(COUNTA(F22:U22)=0,"— não preenchido",IF(COUNTIF(F22:J22,"X")<>1,"FALTA/DUPLA: CONDIÇÃO DO PAVIMENTO",IF(COUNTIF(K22:L22,"X")<>1,"FALTA/DUPLA: VEGETAÇÃO",IF(COUNTIF(M22:O22,"X")<>1,"FALTA/DUPLA: ELEM. DE DRENAGEM",IF(COUNTIF(P22:R22,"X")<>1,"FALTA/DUPLA: SIN. HORIZ.",IF(COUNTIF(S22:U22,"X")<>1,"FALTA/DUPLA: SIN. VERTICAL","OK")))))) -> OK
A23: 164ETO0110 | B23: C | C23: 14 | D23: 15 | E23: =D23-C23 -> 1 | F23: X | K23: X | N23: X | P23: X | S23: X | W23: =IF(COUNTA(F23:U23)=0,"— não preenchido",IF(COUNTIF(F23:J23,"X")<>1,"FALTA/DUPLA: CONDIÇÃO DO PAVIMENTO",IF(COUNTIF(K23:L23,"X")<>1,"FALTA/DUPLA: VEGETAÇÃO",IF(COUNTIF(M23:O23,"X")<>1,"FALTA/DUPLA: ELEM. DE DRENAGEM",IF(COUNTIF(P23:R23,"X")<>1,"FALTA/DUPLA: SIN. HORIZ.",IF(COUNTIF(S23:U23,"X")<>1,"FALTA/DUPLA: SIN. VERTICAL","OK")))))) -> OK
A24: 164ETO0110 | B24: C | C24: 15 | D24: 16 | E24: =D24-C24 -> 1 | F24: X | K24: X | N24: X | P24: X | S24: X | W24: =IF(COUNTA(F24:U24)=0,"— não preenchido",IF(COUNTIF(F24:J24,"X")<>1,"FALTA/DUPLA: CONDIÇÃO DO PAVIMENTO",IF(COUNTIF(K24:L24,"X")<>1,"FALTA/DUPLA: VEGETAÇÃO",IF(COUNTIF(M24:O24,"X")<>1,"FALTA/DUPLA: ELEM. DE DRENAGEM",IF(COUNTIF(P24:R24,"X")<>1,"FALTA/DUPLA: SIN. HORIZ.",IF(COUNTIF(S24:U24,"X")<>1,"FALTA/DUPLA: SIN. VERTICAL","OK")))))) -> OK
A25: 164ETO0110 | B25: C | C25: 16 | D25: 17 | E25: =D25-C25 -> 1 | F25: X | K25: X | N25: X | P25: X | S25: X | W25: =IF(COUNTA(F25:U25)=0,"— não preenchido",IF(COUNTIF(F25:J25,"X")<>1,"FALTA/DUPLA: CONDIÇÃO DO PAVIMENTO",IF(COUNTIF(K25:L25,"X")<>1,"FALTA/DUPLA: VEGETAÇÃO",IF(COUNTIF(M25:O25,"X")<>1,"FALTA/DUPLA: ELEM. DE DRENAGEM",IF(COUNTIF(P25:R25,"X")<>1,"FALTA/DUPLA: SIN. HORIZ.",IF(COUNTIF(S25:U25,"X")<>1,"FALTA/DUPLA: SIN. VERTICAL","OK")))))) -> OK
A26: 164ETO0110 | B26: C | C26: 17 | D26: 18 | E26: =D26-C26 -> 1 | F26: X | K26: X | N26: X | P26: X | S26: X | W26: =IF(COUNTA(F26:U26)=0,"— não preenchido",IF(COUNTIF(F26:J26,"X")<>1,"FALTA/DUPLA: CONDIÇÃO DO PAVIMENTO",IF(COUNTIF(K26:L26,"X")<>1,"FALTA/DUPLA: VEGETAÇÃO",IF(COUNTIF(M26:O26,"X")<>1,"FALTA/DUPLA: ELEM. DE DRENAGEM",IF(COUNTIF(P26:R26,"X")<>1,"FALTA/DUPLA: SIN. HORIZ.",IF(COUNTIF(S26:U26,"X")<>1,"FALTA/DUPLA: SIN. VERTICAL","OK")))))) -> OK
A27: 164ETO0110 | B27: C | C27: 18 | D27: 19 | E27: =D27-C27 -> 1 | F27: X | K27: X | N27: X | P27: X | S27: X | W27: =IF(COUNTA(F27:U27)=0,"— não preenchido",IF(COUNTIF(F27:J27,"X")<>1,"FALTA/DUPLA: CONDIÇÃO DO PAVIMENTO",IF(COUNTIF(K27:L27,"X")<>1,"FALTA/DUPLA: VEGETAÇÃO",IF(COUNTIF(M27:O27,"X")<>1,"FALTA/DUPLA: ELEM. DE DRENAGEM",IF(COUNTIF(P27:R27,"X")<>1,"FALTA/DUPLA: SIN. HORIZ.",IF(COUNTIF(S27:U27,"X")<>1,"FALTA/DUPLA: SIN. VERTICAL","OK")))))) -> OK
A28: 164ETO0110 | B28: C | C28: 19 | D28: 20 | E28: =D28-C28 -> 1 | H28: X | K28: X | N28: X | P28: X | S28: X | W28: =IF(COUNTA(F28:U28)=0,"— não preenchido",IF(COUNTIF(F28:J28,"X")<>1,"FALTA/DUPLA: CONDIÇÃO DO PAVIMENTO",IF(COUNTIF(K28:L28,"X")<>1,"FALTA/DUPLA: VEGETAÇÃO",IF(COUNTIF(M28:O28,"X")<>1,"FALTA/DUPLA: ELEM. DE DRENAGEM",IF(COUNTIF(P28:R28,"X")<>1,"FALTA/DUPLA: SIN. HORIZ.",IF(COUNTIF(S28:U28,"X")<>1,"FALTA/DUPLA: SIN. VERTICAL","OK")))))) -> OK
A29: 164ETO0110 | B29: C | C29: 20 | D29: 21 | E29: =D29-C29 -> 1 | F29: X | K29: X | N29: X | P29: X | S29: X | W29: =IF(COUNTA(F29:U29)=0,"— não preenchido",IF(COUNTIF(F29:J29,"X")<>1,"FALTA/DUPLA: CONDIÇÃO DO PAVIMENTO",IF(COUNTIF(K29:L29,"X")<>1,"FALTA/DUPLA: VEGETAÇÃO",IF(COUNTIF(M29:O29,"X")<>1,"FALTA/DUPLA: ELEM. DE DRENAGEM",IF(COUNTIF(P29:R29,"X")<>1,"FALTA/DUPLA: SIN. HORIZ.",IF(COUNTIF(S29:U29,"X")<>1,"FALTA/DUPLA: SIN. VERTICAL","OK")))))) -> OK
A30: 164ETO0110 | B30: C | C30: 21 | D30: 22 | E30: =D30-C30 -> 1 | F30: X | K30: X | N30: X | P30: X | S30: X | W30: =IF(COUNTA(F30:U30)=0,"— não preenchido",IF(COUNTIF(F30:J30,"X")<>1,"FALTA/DUPLA: CONDIÇÃO DO PAVIMENTO",IF(COUNTIF(K30:L30,"X")<>1,"FALTA/DUPLA: VEGETAÇÃO",IF(COUNTIF(M30:O30,"X")<>1,"FALTA/DUPLA: ELEM. DE DRENAGEM",IF(COUNTIF(P30:R30,"X")<>1,"FALTA/DUPLA: SIN. HORIZ.",IF(COUNTIF(S30:U30,"X")<>1,"FALTA/DUPLA: SIN. VERTICAL","OK")))))) -> OK
A31: 164ETO0110 | B31: C | C31: 22 | D31: 23 | E31: =D31-C31 -> 1 | F31: X | K31: X | N31: X | P31: X | S31: X | W31: =IF(COUNTA(F31:U31)=0,"— não preenchido",IF(COUNTIF(F31:J31,"X")<>1,"FALTA/DUPLA: CONDIÇÃO DO PAVIMENTO",IF(COUNTIF(K31:L31,"X")<>1,"FALTA/DUPLA: VEGETAÇÃO",IF(COUNTIF(M31:O31,"X")<>1,"FALTA/DUPLA: ELEM. DE DRENAGEM",IF(COUNTIF(P31:R31,"X")<>1,"FALTA/DUPLA: SIN. HORIZ.",IF(COUNTIF(S31:U31,"X")<>1,"FALTA/DUPLA: SIN. VERTICAL","OK")))))) -> OK
A32: 164ETO0110 | B32: C | C32: 23 | D32: 24 | E32: =D32-C32 -> 1 | F32: X | K32: X | N32: X | P32: X | S32: X | W32: =IF(COUNTA(F32:U32)=0,"— não preenchido",IF(COUNTIF(F32:J32,"X")<>1,"FALTA/DUPLA: CONDIÇÃO DO PAVIMENTO",IF(COUNTIF(K32:L32,"X")<>1,"FALTA/DUPLA: VEGETAÇÃO",IF(COUNTIF(M32:O32,"X")<>1,"FALTA/DUPLA: ELEM. DE DRENAGEM",IF(COUNTIF(P32:R32,"X")<>1,"FALTA/DUPLA: SIN. HORIZ.",IF(COUNTIF(S32:U32,"X")<>1,"FALTA/DUPLA: SIN. VERTICAL","OK")))))) -> OK
A33: 164ETO0110 | B33: C | C33: 24 | D33: 25 | E33: =D33-C33 -> 1 | F33: X | K33: X | N33: X | P33: X | S33: X | W33: =IF(COUNTA(F33:U33)=0,"— não preenchido",IF(COUNTIF(F33:J33,"X")<>1,"FALTA/DUPLA: CONDIÇÃO DO PAVIMENTO",IF(COUNTIF(K33:L33,"X")<>1,"FALTA/DUPLA: VEGETAÇÃO",IF(COUNTIF(M33:O33,"X")<>1,"FALTA/DUPLA: ELEM. DE DRENAGEM",IF(COUNTIF(P33:R33,"X")<>1,"FALTA/DUPLA: SIN. HORIZ.",IF(COUNTIF(S33:U33,"X")<>1,"FALTA/DUPLA: SIN. VERTICAL","OK")))))) -> OK
A34: 164ETO0110 | B34: C | C34: 25 | D34: 26 | E34: =D34-C34 -> 1 | F34: X | K34: X | N34: X | P34: X | S34: X | W34: =IF(COUNTA(F34:U34)=0,"— não preenchido",IF(COUNTIF(F34:J34,"X")<>1,"FALTA/DUPLA: CONDIÇÃO DO PAVIMENTO",IF(COUNTIF(K34:L34,"X")<>1,"FALTA/DUPLA: VEGETAÇÃO",IF(COUNTIF(M34:O34,"X")<>1,"FALTA/DUPLA: ELEM. DE DRENAGEM",IF(COUNTIF(P34:R34,"X")<>1,"FALTA/DUPLA: SIN. HORIZ.",IF(COUNTIF(S34:U34,"X")<>1,"FALTA/DUPLA: SIN. VERTICAL","OK")))))) -> OK
A35: 164ETO0110 | B35: C | C35: 26 | D35: 27 | E35: =D35-C35 -> 1 | F35: X | K35: X | N35: X | P35: X | S35: X | W35: =IF(COUNTA(F35:U35)=0,"— não preenchido",IF(COUNTIF(F35:J35,"X")<>1,"FALTA/DUPLA: CONDIÇÃO DO PAVIMENTO",IF(COUNTIF(K35:L35,"X")<>1,"FALTA/DUPLA: VEGETAÇÃO",IF(COUNTIF(M35:O35,"X")<>1,"FALTA/DUPLA: ELEM. DE DRENAGEM",IF(COUNTIF(P35:R35,"X")<>1,"FALTA/DUPLA: SIN. HORIZ.",IF(COUNTIF(S35:U35,"X")<>1,"FALTA/DUPLA: SIN. VERTICAL","OK")))))) -> OK
A36: 164ETO0110 | B36: C | C36: 27 | D36: 28 | E36: =D36-C36 -> 1 | F36: X | K36: X | N36: X | P36: X | S36: X | W36: =IF(COUNTA(F36:U36)=0,"— não preenchido",IF(COUNTIF(F36:J36,"X")<>1,"FALTA/DUPLA: CONDIÇÃO DO PAVIMENTO",IF(COUNTIF(K36:L36,"X")<>1,"FALTA/DUPLA: VEGETAÇÃO",IF(COUNTIF(M36:O36,"X")<>1,"FALTA/DUPLA: ELEM. DE DRENAGEM",IF(COUNTIF(P36:R36,"X")<>1,"FALTA/DUPLA: SIN. HORIZ.",IF(COUNTIF(S36:U36,"X")<>1,"FALTA/DUPLA: SIN. VERTICAL","OK")))))) -> OK
A37: 164ETO0110 | B37: C | C37: 28 | D37: 29 | E37: =D37-C37 -> 1 | F37: X | K37: X | N37: X | P37: X | S37: X | W37: =IF(COUNTA(F37:U37)=0,"— não preenchido",IF(COUNTIF(F37:J37,"X")<>1,"FALTA/DUPLA: CONDIÇÃO DO PAVIMENTO",IF(COUNTIF(K37:L37,"X")<>1,"FALTA/DUPLA: VEGETAÇÃO",IF(COUNTIF(M37:O37,"X")<>1,"FALTA/DUPLA: ELEM. DE DRENAGEM",IF(COUNTIF(P37:R37,"X")<>1,"FALTA/DUPLA: SIN. HORIZ.",IF(COUNTIF(S37:U37,"X")<>1,"FALTA/DUPLA: SIN. VERTICAL","OK")))))) -> OK
A38: 164ETO0110 | B38: C | C38: 29 | D38: 30 | E38: =D38-C38 -> 1 | F38: X | K38: X | N38: X | P38: X | S38: X | W38: =IF(COUNTA(F38:U38)=0,"— não preenchido",IF(COUNTIF(F38:J38,"X")<>1,"FALTA/DUPLA: CONDIÇÃO DO PAVIMENTO",IF(COUNTIF(K38:L38,"X")<>1,"FALTA/DUPLA: VEGETAÇÃO",IF(COUNTIF(M38:O38,"X")<>1,"FALTA/DUPLA: ELEM. DE DRENAGEM",IF(COUNTIF(P38:R38,"X")<>1,"FALTA/DUPLA: SIN. HORIZ.",IF(COUNTIF(S38:U38,"X")<>1,"FALTA/DUPLA: SIN. VERTICAL","OK")))))) -> OK
A39: 164ETO0110 | B39: C | C39: 30 | D39: 31 | E39: =D39-C39 -> 1 | F39: X | K39: X | N39: X | P39: X | S39: X | W39: =IF(COUNTA(F39:U39)=0,"— não preenchido",IF(COUNTIF(F39:J39,"X")<>1,"FALTA/DUPLA: CONDIÇÃO DO PAVIMENTO",IF(COUNTIF(K39:L39,"X")<>1,"FALTA/DUPLA: VEGETAÇÃO",IF(COUNTIF(M39:O39,"X")<>1,"FALTA/DUPLA: ELEM. DE DRENAGEM",IF(COUNTIF(P39:R39,"X")<>1,"FALTA/DUPLA: SIN. HORIZ.",IF(COUNTIF(S39:U39,"X")<>1,"FALTA/DUPLA: SIN. VERTICAL","OK")))))) -> OK
A40: 164ETO0110 | B40: C | C40: 31 | D40: 32 | E40: =D40-C40 -> 1 | F40: X | K40: X | N40: X | P40: X | S40: X | W40: =IF(COUNTA(F40:U40)=0,"— não preenchido",IF(COUNTIF(F40:J40,"X")<>1,"FALTA/DUPLA: CONDIÇÃO DO PAVIMENTO",IF(COUNTIF(K40:L40,"X")<>1,"FALTA/DUPLA: VEGETAÇÃO",IF(COUNTIF(M40:O40,"X")<>1,"FALTA/DUPLA: ELEM. DE DRENAGEM",IF(COUNTIF(P40:R40,"X")<>1,"FALTA/DUPLA: SIN. HORIZ.",IF(COUNTIF(S40:U40,"X")<>1,"FALTA/DUPLA: SIN. VERTICAL","OK")))))) -> OK
... A42: 164ETO0110 | B42: C | C42: 33 | D42: 33.927597 | E42: =D42-C42 -> 0.92759737 | F42: X | K42: X | N42: X | P42: X | S42: X | W42: =IF(COUNTA(F42:U42)=0,"— não preenchido",IF(COUNTIF(F42:J42,"X")<>1,"FALTA/DUPLA: CONDIÇÃO DO PAVIMENTO",IF(COUNTIF(K42:L42,"X")<>1,"FALTA/DUPLA: VEGETAÇÃO",IF(COUNTIF(M42:O42,"X")<>1,"FALTA/DUPLA: ELEM. DE DRENAGEM",IF(COUNTIF(P42:R42,"X")<>1,"FALTA/DUPLA: SIN. HORIZ.",IF(COUNTIF(S42:U42,"X")<>1,"FALTA/DUPLA: SIN. VERTICAL","OK")))))) -> OK
A43: S.R.E. 164ETO0120 | JACILÃNDIA - CARMOLÃNDIA | PPS · Estadual · 26.475 km · início: -6.850281, -48.518161
A44: 164ETO0120 | B44: C | C44: 0 | D44: 1 | E44: =D44-C44 -> 1 | F44: X | K44: X | N44: X | P44: X | S44: X | W44: =IF(COUNTA(F44:U44)=0,"— não preenchido",IF(COUNTIF(F44:J44,"X")<>1,"FALTA/DUPLA: CONDIÇÃO DO PAVIMENTO",IF(COUNTIF(K44:L44,"X")<>1,"FALTA/DUPLA: VEGETAÇÃO",IF(COUNTIF(M44:O44,"X")<>1,"FALTA/DUPLA: ELEM. DE DRENAGEM",IF(COUNTIF(P44:R44,"X")<>1,"FALTA/DUPLA: SIN. HORIZ.",IF(COUNTIF(S44:U44,"X")<>1,"FALTA/DUPLA: SIN. VERTICAL","OK")))))) -> OK
A45: 164ETO0120 | B45: C | C45: 1 | D45: 2 | E45: =D45-C45 -> 1 | F45: X | K45: X | N45: X | P45: X | S45: X | W45: =IF(COUNTA(F45:U45)=0,"— não preenchido",IF(COUNTIF(F45:J45,"X")<>1,"FALTA/DUPLA: CONDIÇÃO DO PAVIMENTO",IF(COUNTIF(K45:L45,"X")<>1,"FALTA/DUPLA: VEGETAÇÃO",IF(COUNTIF(M45:O45,"X")<>1,"FALTA/DUPLA: ELEM. DE DRENAGEM",IF(COUNTIF(P45:R45,"X")<>1,"FALTA/DUPLA: SIN. HORIZ.",IF(COUNTIF(S45:U45,"X")<>1,"FALTA/DUPLA: SIN. VERTICAL","OK")))))) -> OK
A46: 164ETO0120 | B46: C | C46: 2 | D46: 3 | E46: =D46-C46 -> 1 | F46: X | K46: X | N46: X | P46: X | S46: X | W46: =IF(COUNTA(F46:U46)=0,"— não preenchido",IF(COUNTIF(F46:J46,"X")<>1,"FALTA/DUPLA: CONDIÇÃO DO PAVIMENTO",IF(COUNTIF(K46:L46,"X")<>1,"FALTA/DUPLA: VEGETAÇÃO",IF(COUNTIF(M46:O46,"X")<>1,"FALTA/DUPLA: ELEM. DE DRENAGEM",IF(COUNTIF(P46:R46,"X")<>1,"FALTA/DUPLA: SIN. HORIZ.",IF(COUNTIF(S46:U46,"X")<>1,"FALTA/DUPLA: SIN. VERTICAL","OK")))))) -> OK
A47: 164ETO0120 | B47: C | C47: 3 | D47: 4 | E47: =D47-C47 -> 1 | F47: X | K47: X | N47: X | P47: X | S47: X | W47: =IF(COUNTA(F47:U47)=0,"— não preenchido",IF(COUNTIF(F47:J47,"X")<>1,"FALTA/DUPLA: CONDIÇÃO DO PAVIMENTO",IF(COUNTIF(K47:L47,"X")<>1,"FALTA/DUPLA: VEGETAÇÃO",IF(COUNTIF(M47:O47,"X")<>1,"FALTA/DUPLA: ELEM. DE DRENAGEM",IF(COUNTIF(P47:R47,"X")<>1,"FALTA/DUPLA: SIN. HORIZ.",IF(COUNTIF(S47:U47,"X")<>1,"FALTA/DUPLA: SIN. VERTICAL","OK")))))) -> OK
A48: 164ETO0120 | B48: C | C48: 4 | D48: 5 | E48: =D48-C48 -> 1 | F48: X | K48: X | N48: X | P48: X | S48: X | W48: =IF(COUNTA(F48:U48)=0,"— não preenchido",IF(COUNTIF(F48:J48,"X")<>1,"FALTA/DUPLA: CONDIÇÃO DO PAVIMENTO",IF(COUNTIF(K48:L48,"X")<>1,"FALTA/DUPLA: VEGETAÇÃO",IF(COUNTIF(M48:O48,"X")<>1,"FALTA/DUPLA: ELEM. DE DRENAGEM",IF(COUNTIF(P48:R48,"X")<>1,"FALTA/DUPLA: SIN. HORIZ.",IF(COUNTIF(S48:U48,"X")<>1,"FALTA/DUPLA: SIN. VERTICAL","OK")))))) -> OK
A49: 164ETO0120 | B49: C | C49: 5 | D49: 6 | E49: =D49-C49 -> 1 | F49: X | K49: X | N49: X | P49: X | S49: X | W49: =IF(COUNTA(F49:U49)=0,"— não preenchido",IF(COUNTIF(F49:J49,"X")<>1,"FALTA/DUPLA: CONDIÇÃO DO PAVIMENTO",IF(COUNTIF(K49:L49,"X")<>1,"FALTA/DUPLA: VEGETAÇÃO",IF(COUNTIF(M49:O49,"X")<>1,"FALTA/DUPLA: ELEM. DE DRENAGEM",IF(COUNTIF(P49:R49,"X")<>1,"FALTA/DUPLA: SIN. HORIZ.",IF(COUNTIF(S49:U49,"X")<>1,"FALTA/DUPLA: SIN. VERTICAL","OK")))))) -> OK
A50: 164ETO0120 | B50: C | C50: 6 | D50: 7 | E50: =D50-C50 -> 1 | F50: X | K50: X | N50: X | P50: X | S50: X | V50: erosão bordo direito pista | W50: =IF(COUNTA(F50:U50)=0,"— não preenchido",IF(COUNTIF(F50:J50,"X")<>1,"FALTA/DUPLA: CONDIÇÃO DO PAVIMENTO",IF(COUNTIF(K50:L50,"X")<>1,"FALTA/DUPLA: VEGETAÇÃO",IF(COUNTIF(M50:O50,"X")<>1,"FALTA/DUPLA: ELEM. DE DRENAGEM",IF(COUNTIF(P50:R50,"X")<>1,"FALTA/DUPLA: SIN. HORIZ.",IF(COUNTIF(S50:U50,"X")<>1,"FALTA/DUPLA: SIN. VERTICAL","OK")))))) -> OK
A51: 164ETO0120 | B51: C | C51: 7 | D51: 8 | E51: =D51-C51 -> 1 | F51: X | K51: X | N51: X | P51: X | S51: X | W51: =IF(COUNTA(F51:U51)=0,"— não preenchido",IF(COUNTIF(F51:J51,"X")<>1,"FALTA/DUPLA: CONDIÇÃO DO PAVIMENTO",IF(COUNTIF(K51:L51,"X")<>1,"FALTA/DUPLA: VEGETAÇÃO",IF(COUNTIF(M51:O51,"X")<>1,"FALTA/DUPLA: ELEM. DE DRENAGEM",IF(COUNTIF(P51:R51,"X")<>1,"FALTA/DUPLA: SIN. HORIZ.",IF(COUNTIF(S51:U51,"X")<>1,"FALTA/DUPLA: SIN. VERTICAL","OK")))))) -> OK
A52: 164ETO0120 | B52: C | C52: 8 | D52: 9 | E52: =D52-C52 -> 1 | F52: X | K52: X | N52: X | P52: X | S52: X | W52: =IF(COUNTA(F52:U52)=0,"— não preenchido",IF(COUNTIF(F52:J52,"X")<>1,"FALTA/DUPLA: CONDIÇÃO DO PAVIMENTO",IF(COUNTIF(K52:L52,"X")<>1,"FALTA/DUPLA: VEGETAÇÃO",IF(COUNTIF(M52:O52,"X")<>1,"FALTA/DUPLA: ELEM. DE DRENAGEM",IF(COUNTIF(P52:R52,"X")<>1,"FALTA/DUPLA: SIN. HORIZ.",IF(COUNTIF(S52:U52,"X")<>1,"FALTA/DUPLA: SIN. VERTICAL","OK")))))) -> OK
A53: 164ETO0120 | B53: C | C53: 9 | D53: 10 | E53: =D53-C53 -> 1 | F53: X | K53: X | N53: X | P53: X | S53: X | W53: =IF(COUNTA(F53:U53)=0,"— não preenchido",IF(COUNTIF(F53:J53,"X")<>1,"FALTA/DUPLA: CONDIÇÃO DO PAVIMENTO",IF(COUNTIF(K53:L53,"X")<>1,"FALTA/DUPLA: VEGETAÇÃO",IF(COUNTIF(M53:O53,"X")<>1,"FALTA/DUPLA: ELEM. DE DRENAGEM",IF(COUNTIF(P53:R53,"X")<>1,"FALTA/DUPLA: SIN. HORIZ.",IF(COUNTIF(S53:U53,"X")<>1,"FALTA/DUPLA: SIN. VERTICAL","OK")))))) -> OK
A54: 164ETO0120 | B54: C | C54: 10 | D54: 11 | E54: =D54-C54 -> 1 | F54: X | K54: X | N54: X | P54: X | S54: X | W54: =IF(COUNTA(F54:U54)=0,"— não preenchido",IF(COUNTIF(F54:J54,"X")<>1,"FALTA/DUPLA: CONDIÇÃO DO PAVIMENTO",IF(COUNTIF(K54:L54,"X")<>1,"FALTA/DUPLA: VEGETAÇÃO",IF(COUNTIF(M54:O54,"X")<>1,"FALTA/DUPLA: ELEM. DE DRENAGEM",IF(COUNTIF(P54:R54,"X")<>1,"FALTA/DUPLA: SIN. HORIZ.",IF(COUNTIF(S54:U54,"X")<>1,"FALTA/DUPLA: SIN. VERTICAL","OK")))))) -> OK
A55: 164ETO0120 | B55: C | C55: 11 | D55: 12 | E55: =D55-C55 -> 1 | F55: X | K55: X | N55: X | P55: X | S55: X | W55: =IF(COUNTA(F55:U55)=0,"— não preenchido",IF(COUNTIF(F55:J55,"X")<>1,"FALTA/DUPLA: CONDIÇÃO DO PAVIMENTO",IF(COUNTIF(K55:L55,"X")<>1,"FALTA/DUPLA: VEGETAÇÃO",IF(COUNTIF(M55:O55,"X")<>1,"FALTA/DUPLA: ELEM. DE DRENAGEM",IF(COUNTIF(P55:R55,"X")<>1,"FALTA/DUPLA: SIN. HORIZ.",IF(COUNTIF(S55:U55,"X")<>1,"FALTA/DUPLA: SIN. VERTICAL","OK")))))) -> OK
A56: 164ETO0120 | B56: C | C56: 12 | D56: 13 | E56: =D56-C56 -> 1 | F56: X | K56: X | N56: X | P56: X | S56: X | W56: =IF(COUNTA(F56:U56)=0,"— não preenchido",IF(COUNTIF(F56:J56,"X")<>1,"FALTA/DUPLA: CONDIÇÃO DO PAVIMENTO",IF(COUNTIF(K56:L56,"X")<>1,"FALTA/DUPLA: VEGETAÇÃO",IF(COUNTIF(M56:O56,"X")<>1,"FALTA/DUPLA: ELEM. DE DRENAGEM",IF(COUNTIF(P56:R56,"X")<>1,"FALTA/DUPLA: SIN. HORIZ.",IF(COUNTIF(S56:U56,"X")<>1,"FALTA/DUPLA: SIN. VERTICAL","OK")))))) -> OK
A57: 164ETO0120 | B57: C | C57: 13 | D57: 14 | E57: =D57-C57 -> 1 | F57: X | K57: X | N57: X | P57: X | S57: X | W57: =IF(COUNTA(F57:U57)=0,"— não preenchido",IF(COUNTIF(F57:J57,"X")<>1,"FALTA/DUPLA: CONDIÇÃO DO PAVIMENTO",IF(COUNTIF(K57:L57,"X")<>1,"FALTA/DUPLA: VEGETAÇÃO",IF(COUNTIF(M57:O57,"X")<>1,"FALTA/DUPLA: ELEM. DE DRENAGEM",IF(COUNTIF(P57:R57,"X")<>1,"FALTA/DUPLA: SIN. HORIZ.",IF(COUNTIF(S57:U57,"X")<>1,"FALTA/DUPLA: SIN. VERTICAL","OK")))))) -> OK
A58: 164ETO0120 | B58: C | C58: 14 | D58: 15 | E58: =D58-C58 -> 1 | F58: X | K58: X | N58: X | P58: X | S58: X | W58: =IF(COUNTA(F58:U58)=0,"— não preenchido",IF(COUNTIF(F58:J58,"X")<>1,"FALTA/DUPLA: CONDIÇÃO DO PAVIMENTO",IF(COUNTIF(K58:L58,"X")<>1,"FALTA/DUPLA: VEGETAÇÃO",IF(COUNTIF(M58:O58,"X")<>1,"FALTA/DUPLA: ELEM. DE DRENAGEM",IF(COUNTIF(P58:R58,"X")<>1,"FALTA/DUPLA: SIN. HORIZ.",IF(COUNTIF(S58:U58,"X")<>1,"FALTA/DUPLA: SIN. VERTICAL","OK")))))) -> OK
A59: 164ETO0120 | B59: C | C59: 15 | D59: 16 | E59: =D59-C59 -> 1 | F59: X | K59: X | N59: X | P59: X | S59: X | W59: =IF(COUNTA(F59:U59)=0,"— não preenchido",IF(COUNTIF(F59:J59,"X")<>1,"FALTA/DUPLA: CONDIÇÃO DO PAVIMENTO",IF(COUNTIF(K59:L59,"X")<>1,"FALTA/DUPLA: VEGETAÇÃO",IF(COUNTIF(M59:O59,"X")<>1,"FALTA/DUPLA: ELEM. DE DRENAGEM",IF(COUNTIF(P59:R59,"X")<>1,"FALTA/DUPLA: SIN. HORIZ.",IF(COUNTIF(S59:U59,"X")<>1,"FALTA/DUPLA: SIN. VERTICAL","OK")))))) -> OK
A60: 164ETO0120 | B60: C | C60: 16 | D60: 17 | E60: =D60-C60 -> 1 | F60: X | K60: X | N60: X | P60: X | S60: X | W60: =IF(COUNTA(F60:U60)=0,"— não preenchido",IF(COUNTIF(F60:J60,"X")<>1,"FALTA/DUPLA: CONDIÇÃO DO PAVIMENTO",IF(COUNTIF(K60:L60,"X")<>1,"FALTA/DUPLA: VEGETAÇÃO",IF(COUNTIF(M60:O60,"X")<>1,"FALTA/DUPLA: ELEM. DE DRENAGEM",IF(COUNTIF(P60:R60,"X")<>1,"FALTA/DUPLA: SIN. HORIZ.",IF(COUNTIF(S60:U60,"X")<>1,"FALTA/DUPLA: SIN. VERTICAL","OK")))))) -> OK
A61: 164ETO0120 | B61: C | C61: 17 | D61: 18 | E61: =D61-C61 -> 1 | F61: X | K61: X | N61: X | P61: X | S61: X | W61: =IF(COUNTA(F61:U61)=0,"— não preenchido",IF(COUNTIF(F61:J61,"X")<>1,"FALTA/DUPLA: CONDIÇÃO DO PAVIMENTO",IF(COUNTIF(K61:L61,"X")<>1,"FALTA/DUPLA: VEGETAÇÃO",IF(COUNTIF(M61:O61,"X")<>1,"FALTA/DUPLA: ELEM. DE DRENAGEM",IF(COUNTIF(P61:R61,"X")<>1,"FALTA/DUPLA: SIN. HORIZ.",IF(COUNTIF(S61:U61,"X")<>1,"FALTA/DUPLA: SIN. VERTICAL","OK")))))) -> OK
A62: 164ETO0120 | B62: C | C62: 18 | D62: 19 | E62: =D62-C62 -> 1 | F62: X | K62: X | N62: X | P62: X | S62: X | W62: =IF(COUNTA(F62:U62)=0,"— não preenchido",IF(COUNTIF(F62:J62,"X")<>1,"FALTA/DUPLA: CONDIÇÃO DO PAVIMENTO",IF(COUNTIF(K62:L62,"X")<>1,"FALTA/DUPLA: VEGETAÇÃO",IF(COUNTIF(M62:O62,"X")<>1,"FALTA/DUPLA: ELEM. DE DRENAGEM",IF(COUNTIF(P62:R62,"X")<>1,"FALTA/DUPLA: SIN. HORIZ.",IF(COUNTIF(S62:U62,"X")<>1,"FALTA/DUPLA: SIN. VERTICAL","OK")))))) -> OK
... A67: 164ETO0120 | B67: C | C67: 23 | D67: 24 | E67: =D67-C67 -> 1 | F67: X | K67: X | N67: X | P67: X | S67: X | W67: =IF(COUNTA(F67:U67)=0,"— não preenchido",IF(COUNTIF(F67:J67,"X")<>1,"FALTA/DUPLA: CONDIÇÃO DO PAVIMENTO",IF(COUNTIF(K67:L67,"X")<>1,"FALTA/DUPLA: VEGETAÇÃO",IF(COUNTIF(M67:O67,"X")<>1,"FALTA/DUPLA: ELEM. DE DRENAGEM",IF(COUNTIF(P67:R67,"X")<>1,"FALTA/DUPLA: SIN. HORIZ.",IF(COUNTIF(S67:U67,"X")<>1,"FALTA/DUPLA: SIN. VERTICAL","OK")))))) -> OK
A68: 164ETO0120 | B68: C | C68: 24 | D68: 25 | E68: =D68-C68 -> 1 | F68: X | K68: X | M68: X | P68: X | S68: X | W68: =IF(COUNTA(F68:U68)=0,"— não preenchido",IF(COUNTIF(F68:J68,"X")<>1,"FALTA/DUPLA: CONDIÇÃO DO PAVIMENTO",IF(COUNTIF(K68:L68,"X")<>1,"FALTA/DUPLA: VEGETAÇÃO",IF(COUNTIF(M68:O68,"X")<>1,"FALTA/DUPLA: ELEM. DE DRENAGEM",IF(COUNTIF(P68:R68,"X")<>1,"FALTA/DUPLA: SIN. HORIZ.",IF(COUNTIF(S68:U68,"X")<>1,"FALTA/DUPLA: SIN. VERTICAL","OK")))))) -> OK
A69: 164ETO0120 | B69: C | C69: 25 | D69: 26 | E69: =D69-C69 -> 1 | F69: X | K69: X | M69: X | P69: X | S69: X | W69: =IF(COUNTA(F69:U69)=0,"— não preenchido",IF(COUNTIF(F69:J69,"X")<>1,"FALTA/DUPLA: CONDIÇÃO DO PAVIMENTO",IF(COUNTIF(K69:L69,"X")<>1,"FALTA/DUPLA: VEGETAÇÃO",IF(COUNTIF(M69:O69,"X")<>1,"FALTA/DUPLA: ELEM. DE DRENAGEM",IF(COUNTIF(P69:R69,"X")<>1,"FALTA/DUPLA: SIN. HORIZ.",IF(COUNTIF(S69:U69,"X")<>1,"FALTA/DUPLA: SIN. VERTICAL","OK")))))) -> OK
A70: 164ETO0120 | B70: C | C70: 26 | D70: 26.474641 | E70: =D70-C70 -> 0.47464149 | F70: X | K70: X | M70: X | P70: X | S70: X | W70: =IF(COUNTA(F70:U70)=0,"— não preenchido",IF(COUNTIF(F70:J70,"X")<>1,"FALTA/DUPLA: CONDIÇÃO DO PAVIMENTO",IF(COUNTIF(K70:L70,"X")<>1,"FALTA/DUPLA: VEGETAÇÃO",IF(COUNTIF(M70:O70,"X")<>1,"FALTA/DUPLA: ELEM. DE DRENAGEM",IF(COUNTIF(P70:R70,"X")<>1,"FALTA/DUPLA: SIN. HORIZ.",IF(COUNTIF(S70:U70,"X")<>1,"FALTA/DUPLA: SIN. VERTICAL","OK")))))) -> OK
A72: ____________________________________________ | G72: ____________________________________________
A73: TÉCNICO RESPONSÁVEL PELA INSPEÇÃO | G73: VISTO DA SUPERVISÃO
A75: RESUMO DO TRECHO — KM LANÇADO POR ITEM
A76: KM LANÇADO | F76: =SUMIF(F$9:F$70,"X",$E$9:$E$70) -> 48.402239 | G76: =SUMIF(G$9:G$70,"X",$E$9:$E$70) -> 9 | H76: =SUMIF(H$9:H$70,"X",$E$9:$E$70) -> 3 | I76: =SUMIF(I$9:I$70,"X",$E$9:$E$70) -> 0 | J76: =SUMIF(J$9:J$70,"X",$E$9:$E$70) -> 0 | K76: =SUMIF(K$9:K$70,"X",$E$9:$E$70) -> 60.402239 | L76: =SUMIF(L$9:L$70,"X",$E$9:$E$70) -> 0 | M76: =SUMIF(M$9:M$70,"X",$E$9:$E$70) -> 2.4746415 | ... U76: =SUMIF(U$9:U$70,"X",$E$9:$E$70) -> 0
A77: % DA EXTENSÃO | F77: =IF($R79=0,0,F76/$R79) -> 0.80133187 | G77: =IF($R79=0,0,G76/$R79) -> 0.1490011 | H77: =IF($R79=0,0,H76/$R79) -> 0.049667033 | I77: =IF($R79=0,0,I76/$R79) -> 0 | J77: =IF($R79=0,0,J76/$R79) -> 0 | K77: =IF($R79=0,0,K76/$R79) -> 1 | L77: =IF($R79=0,0,L76/$R79) -> 0 | M77: =IF($R79=0,0,M76/$R79) -> 0.040969367 | ... U77: =IF($R79=0,0,U76/$R79) -> 0
A78: CONFERÊNCIA POR GRUPO | F78: =IF(SUM(F76:J76)=0,"— não preenchido",IF(ROUND(SUM(F76:J76)-$R79,3)=0,"OK — "&ROUND(SUM(F76:J76),3)&" km","ERRO — dif. de "&ROUND(SUM(F76:J76)-$R79,3)&" km")) -> OK — 60,402 km | K78: =IF(SUM(K76:L76)=0,"— não preenchido",IF(ROUND(SUM(K76:L76)-$R79,3)=0,"OK — "&ROUND(SUM(K76:L76),3)&" km","ERRO — dif. de "&ROUND(SUM(K76:L76)-$R79,3)&" km")) -> OK — 60,402 km | M78: =IF(SUM(M76:O76)=0,"— não preenchido",IF(ROUND(SUM(M76:O76)-$R79,3)=0,"OK — "&ROUND(SUM(M76:O76),3)&" km","ERRO — dif. de "&ROUND(SUM(M76:O76)-$R79,3)&" km")) -> OK — 60,402 km | P78: =IF(SUM(P76:R76)=0,"— não preenchido",IF(ROUND(SUM(P76:R76)-$R79,3)=0,"OK — "&ROUND(SUM(P76:R76),3)&" km","ERRO — dif. de "&ROUND(SUM(P76:R76)-$R79,3)&" km")) -> OK — 60,402 km | S78: =IF(SUM(S76:U76)=0,"— não preenchido",IF(ROUND(SUM(S76:U76)-$R79,3)=0,"OK — "&ROUND(SUM(S76:U76),3)&" km","ERRO — dif. de "&ROUND(SUM(S76:U76)-$R79,3)&" km")) -> OK — 60,402 km
A79: EXTENSÃO TOTAL DO TRECHO | R79: =SUM(E9:E70) -> 60.402239 | V79: =COUNTIF(W9:W70,"OK")&" de "&COUNT($E$9:$E$70)&" linhas conferidas" -> 61 de 61 linhas conferidas
A81: LEGENDA
A82: REM. I. / REM. L. | E82: Remendos isolados (até 10 por km) · Remendos ao longo (mais de 10 por km)
A83: BUR. I. / BUR. L. | E83: Buracos isolados (até 5 por km) · Buracos ao longo (mais de 5 por km)
A84: SIT. | E84: PPS = pista simples · PSU = simples urbana · PDU = duplicada
A85: FAIXA AZUL | E85: Cabeçalho de cada S.R.E.: descrição, situação, jurisdição, extensão e coordenada de início.
A86: INÍCIO / FIM (KM) | E86: Contados de 0 até o fim de CADA S.R.E. Não é o marco quilométrico da rodovia.
A87: SENT. | E87: C = crescente · D = decrescente
A88: FAIXA CINZA | E88: Segmento fora do escopo do contrato: você passa por ele, mas não preenche.
A89: CÉLULA VERMELHA | E89: Mais de uma X no mesmo grupo. Apague uma delas.
A90: CONFERÊNCIA | E90: Só na tela, não sai impresso. Fica OK com uma X em cada grupo.

Sheet 45
A1: PROGRAMA DE MANUTENÇÃO RODOVIÁRIA — FICHA DE INSPEÇÃO — RODOVIAS PAVIMENTADAS | Y1: Valores dos gráficos — troca 0 por N/D para a fatia não aparecer. Não editar.
A2: REGIÃO: 2 — ARAGUAÍNA I | G2: MÊS / ANO: | I2: =IF('39'!I2="","",'39'!I2) -> 46235 | K2: DATA: | N2: =IF('39'!N2="","",'39'!N2) | P2: TÉCNICO: | R2: =IF('39'!R2="","",'39'!R2) -> ENG. VINICIUS RODRIGUES FERREIRA DE OLIVEIRA | Y2: =IF(F59=0,NA(),F59) -> 15.93419 | Z2: =IF(G59=0,NA(),G59) -> #N/A | AA2: =IF(H59=0,NA(),H59) -> 26.677212 | AB2: =IF(I59=0,NA(),I59) -> #N/A | AC2: =IF(J59=0,NA(),J59) -> #N/A | AD2: =IF(K59=0,NA(),K59) -> 3 | AE2: =IF(L59=0,NA(),L59) -> 39.611403 | AF2: =IF(M59=0,NA(),M59) -> #N/A | ... AN2: =IF(U59=0,NA(),U59) -> #N/A
A3: TRECHO 45 — RODOVIA TO-164 - TRECHO CARMOLÂNDIA - ENTR. TO-222 - ARAGOMINAS | T3: EXTENSÃO: 42,611 km · 3 S.R.E.
A4: COMO PREENCHER: uma X em UMA coluna de cada grupo, por linha. Se houver mais de um defeito no mesmo km, marque o PREDOMINANTE e escreva o resto em OBSERVAÇÕES. A quilometragem é contada de 0 até o fim de CADA S.R.E. (não é o marco da rodovia).
A6: S.R.E. | B6: SENT. | C6: INÍCIO (KM) | D6: FIM (KM) | E6: EXT. (KM) | F6: CONDIÇÃO DO PAVIMENTO | K6: VEGETAÇÃO | M6: ELEM. DE DRENAGEM | P6: SIN. HORIZ. | S6: SIN. VERTICAL | V6: OBSERVAÇÕES | W6: CONFERÊNCIA (só na tela)
F7: BOM | G7: REM. I. | H7: REM. L. | I7: BUR. I. | J7: BUR. L. | K7: ADEQ. | L7: INAD. | M7: LIMPOS | N7: SUJOS | O7: DAN. | P7: BOM | Q7: REG. | R7: INEXIST. | S7: BOM | T7: POUCAS | U7: INEXIST.
A8: S.R.E. 164ETO0130 | CARMOLÃNDIA - ENTR. TO-222 (NOVO HORIZONTE) | PPS · Estadual · 17.706 km · início: -7.041732, -48.393215
A9: 164ETO0130 | B9: C | C9: 0 | D9: 1 | E9: =D9-C9 -> 1 | F9: X | K9: X | N9: X | R9: X | T9: X | W9: =IF(COUNTA(F9:U9)=0,"— não preenchido",IF(COUNTIF(F9:J9,"X")<>1,"FALTA/DUPLA: CONDIÇÃO DO PAVIMENTO",IF(COUNTIF(K9:L9,"X")<>1,"FALTA/DUPLA: VEGETAÇÃO",IF(COUNTIF(M9:O9,"X")<>1,"FALTA/DUPLA: ELEM. DE DRENAGEM",IF(COUNTIF(P9:R9,"X")<>1,"FALTA/DUPLA: SIN. HORIZ.",IF(COUNTIF(S9:U9,"X")<>1,"FALTA/DUPLA: SIN. VERTICAL","OK")))))) -> OK
A10: 164ETO0130 | B10: C | C10: 1 | D10: 2 | E10: =D10-C10 -> 1 | F10: X | K10: X | N10: X | R10: X | T10: X | W10: =IF(COUNTA(F10:U10)=0,"— não preenchido",IF(COUNTIF(F10:J10,"X")<>1,"FALTA/DUPLA: CONDIÇÃO DO PAVIMENTO",IF(COUNTIF(K10:L10,"X")<>1,"FALTA/DUPLA: VEGETAÇÃO",IF(COUNTIF(M10:O10,"X")<>1,"FALTA/DUPLA: ELEM. DE DRENAGEM",IF(COUNTIF(P10:R10,"X")<>1,"FALTA/DUPLA: SIN. HORIZ.",IF(COUNTIF(S10:U10,"X")<>1,"FALTA/DUPLA: SIN. VERTICAL","OK")))))) -> OK
A11: 164ETO0130 | B11: C | C11: 2 | D11: 3 | E11: =D11-C11 -> 1 | H11: X | K11: X | N11: X | R11: X | T11: X | W11: =IF(COUNTA(F11:U11)=0,"— não preenchido",IF(COUNTIF(F11:J11,"X")<>1,"FALTA/DUPLA: CONDIÇÃO DO PAVIMENTO",IF(COUNTIF(K11:L11,"X")<>1,"FALTA/DUPLA: VEGETAÇÃO",IF(COUNTIF(M11:O11,"X")<>1,"FALTA/DUPLA: ELEM. DE DRENAGEM",IF(COUNTIF(P11:R11,"X")<>1,"FALTA/DUPLA: SIN. HORIZ.",IF(COUNTIF(S11:U11,"X")<>1,"FALTA/DUPLA: SIN. VERTICAL","OK")))))) -> OK
A12: 164ETO0130 | B12: C | C12: 3 | D12: 4 | E12: =D12-C12 -> 1 | H12: X | L12: X | N12: x | R12: X | T12: X | W12: =IF(COUNTA(F12:U12)=0,"— não preenchido",IF(COUNTIF(F12:J12,"X")<>1,"FALTA/DUPLA: CONDIÇÃO DO PAVIMENTO",IF(COUNTIF(K12:L12,"X")<>1,"FALTA/DUPLA: VEGETAÇÃO",IF(COUNTIF(M12:O12,"X")<>1,"FALTA/DUPLA: ELEM. DE DRENAGEM",IF(COUNTIF(P12:R12,"X")<>1,"FALTA/DUPLA: SIN. HORIZ.",IF(COUNTIF(S12:U12,"X")<>1,"FALTA/DUPLA: SIN. VERTICAL","OK")))))) -> OK
A13: 164ETO0130 | B13: C | C13: 4 | D13: 5 | E13: =D13-C13 -> 1 | H13: X | L13: X | N13: x | R13: X | T13: X | W13: =IF(COUNTA(F13:U13)=0,"— não preenchido",IF(COUNTIF(F13:J13,"X")<>1,"FALTA/DUPLA: CONDIÇÃO DO PAVIMENTO",IF(COUNTIF(K13:L13,"X")<>1,"FALTA/DUPLA: VEGETAÇÃO",IF(COUNTIF(M13:O13,"X")<>1,"FALTA/DUPLA: ELEM. DE DRENAGEM",IF(COUNTIF(P13:R13,"X")<>1,"FALTA/DUPLA: SIN. HORIZ.",IF(COUNTIF(S13:U13,"X")<>1,"FALTA/DUPLA: SIN. VERTICAL","OK")))))) -> OK
A14: 164ETO0130 | B14: C | C14: 5 | D14: 6 | E14: =D14-C14 -> 1 | H14: X | L14: X | N14: X | R14: X | T14: X | W14: =IF(COUNTA(F14:U14)=0,"— não preenchido",IF(COUNTIF(F14:J14,"X")<>1,"FALTA/DUPLA: CONDIÇÃO DO PAVIMENTO",IF(COUNTIF(K14:L14,"X")<>1,"FALTA/DUPLA: VEGETAÇÃO",IF(COUNTIF(M14:O14,"X")<>1,"FALTA/DUPLA: ELEM. DE DRENAGEM",IF(COUNTIF(P14:R14,"X")<>1,"FALTA/DUPLA: SIN. HORIZ.",IF(COUNTIF(S14:U14,"X")<>1,"FALTA/DUPLA: SIN. VERTICAL","OK")))))) -> OK
A15: 164ETO0130 | B15: C | C15: 6 | D15: 7 | E15: =D15-C15 -> 1 | H15: X | L15: X | N15: X | R15: X | T15: X | W15: =IF(COUNTA(F15:U15)=0,"— não preenchido",IF(COUNTIF(F15:J15,"X")<>1,"FALTA/DUPLA: CONDIÇÃO DO PAVIMENTO",IF(COUNTIF(K15:L15,"X")<>1,"FALTA/DUPLA: VEGETAÇÃO",IF(COUNTIF(M15:O15,"X")<>1,"FALTA/DUPLA: ELEM. DE DRENAGEM",IF(COUNTIF(P15:R15,"X")<>1,"FALTA/DUPLA: SIN. HORIZ.",IF(COUNTIF(S15:U15,"X")<>1,"FALTA/DUPLA: SIN. VERTICAL","OK")))))) -> OK
A16: 164ETO0130 | B16: C | C16: 7 | D16: 8 | E16: =D16-C16 -> 1 | F16: X | L16: X | N16: X | R16: X | T16: X | W16: =IF(COUNTA(F16:U16)=0,"— não preenchido",IF(COUNTIF(F16:J16,"X")<>1,"FALTA/DUPLA: CONDIÇÃO DO PAVIMENTO",IF(COUNTIF(K16:L16,"X")<>1,"FALTA/DUPLA: VEGETAÇÃO",IF(COUNTIF(M16:O16,"X")<>1,"FALTA/DUPLA: ELEM. DE DRENAGEM",IF(COUNTIF(P16:R16,"X")<>1,"FALTA/DUPLA: SIN. HORIZ.",IF(COUNTIF(S16:U16,"X")<>1,"FALTA/DUPLA: SIN. VERTICAL","OK")))))) -> OK
A17: 164ETO0130 | B17: C | C17: 8 | D17: 9 | E17: =D17-C17 -> 1 | H17: X | L17: X | N17: X | R17: X | T17: X | W17: =IF(COUNTA(F17:U17)=0,"— não preenchido",IF(COUNTIF(F17:J17,"X")<>1,"FALTA/DUPLA: CONDIÇÃO DO PAVIMENTO",IF(COUNTIF(K17:L17,"X")<>1,"FALTA/DUPLA: VEGETAÇÃO",IF(COUNTIF(M17:O17,"X")<>1,"FALTA/DUPLA: ELEM. DE DRENAGEM",IF(COUNTIF(P17:R17,"X")<>1,"FALTA/DUPLA: SIN. HORIZ.",IF(COUNTIF(S17:U17,"X")<>1,"FALTA/DUPLA: SIN. VERTICAL","OK")))))) -> OK
A18: 164ETO0130 | B18: C | C18: 9 | D18: 10 | E18: =D18-C18 -> 1 | H18: X | L18: X | N18: x | R18: X | T18: X | W18: =IF(COUNTA(F18:U18)=0,"— não preenchido",IF(COUNTIF(F18:J18,"X")<>1,"FALTA/DUPLA: CONDIÇÃO DO PAVIMENTO",IF(COUNTIF(K18:L18,"X")<>1,"FALTA/DUPLA: VEGETAÇÃO",IF(COUNTIF(M18:O18,"X")<>1,"FALTA/DUPLA: ELEM. DE DRENAGEM",IF(COUNTIF(P18:R18,"X")<>1,"FALTA/DUPLA: SIN. HORIZ.",IF(COUNTIF(S18:U18,"X")<>1,"FALTA/DUPLA: SIN. VERTICAL","OK")))))) -> OK
A19: 164ETO0130 | B19: C | C19: 10 | D19: 11 | E19: =D19-C19 -> 1 | H19: X | L19: X | N19: X | R19: X | T19: X | W19: =IF(COUNTA(F19:U19)=0,"— não preenchido",IF(COUNTIF(F19:J19,"X")<>1,"FALTA/DUPLA: CONDIÇÃO DO PAVIMENTO",IF(COUNTIF(K19:L19,"X")<>1,"FALTA/DUPLA: VEGETAÇÃO",IF(COUNTIF(M19:O19,"X")<>1,"FALTA/DUPLA: ELEM. DE DRENAGEM",IF(COUNTIF(P19:R19,"X")<>1,"FALTA/DUPLA: SIN. HORIZ.",IF(COUNTIF(S19:U19,"X")<>1,"FALTA/DUPLA: SIN. VERTICAL","OK")))))) -> OK
A20: 164ETO0130 | B20: C | C20: 11 | D20: 12 | E20: =D20-C20 -> 1 | H20: X | L20: X | N20: X | R20: X | T20: X | W20: =IF(COUNTA(F20:U20)=0,"— não preenchido",IF(COUNTIF(F20:J20,"X")<>1,"FALTA/DUPLA: CONDIÇÃO DO PAVIMENTO",IF(COUNTIF(K20:L20,"X")<>1,"FALTA/DUPLA: VEGETAÇÃO",IF(COUNTIF(M20:O20,"X")<>1,"FALTA/DUPLA: ELEM. DE DRENAGEM",IF(COUNTIF(P20:R20,"X")<>1,"FALTA/DUPLA: SIN. HORIZ.",IF(COUNTIF(S20:U20,"X")<>1,"FALTA/DUPLA: SIN. VERTICAL","OK")))))) -> OK
A21: 164ETO0130 | B21: C | C21: 12 | D21: 13 | E21: =D21-C21 -> 1 | H21: X | L21: X | N21: X | R21: X | T21: X | W21: =IF(COUNTA(F21:U21)=0,"— não preenchido",IF(COUNTIF(F21:J21,"X")<>1,"FALTA/DUPLA: CONDIÇÃO DO PAVIMENTO",IF(COUNTIF(K21:L21,"X")<>1,"FALTA/DUPLA: VEGETAÇÃO",IF(COUNTIF(M21:O21,"X")<>1,"FALTA/DUPLA: ELEM. DE DRENAGEM",IF(COUNTIF(P21:R21,"X")<>1,"FALTA/DUPLA: SIN. HORIZ.",IF(COUNTIF(S21:U21,"X")<>1,"FALTA/DUPLA: SIN. VERTICAL","OK")))))) -> OK
A22: 164ETO0130 | B22: C | C22: 13 | D22: 14 | E22: =D22-C22 -> 1 | H22: X | L22: X | N22: X | R22: X | T22: X | W22: =IF(COUNTA(F22:U22)=0,"— não preenchido",IF(COUNTIF(F22:J22,"X")<>1,"FALTA/DUPLA: CONDIÇÃO DO PAVIMENTO",IF(COUNTIF(K22:L22,"X")<>1,"FALTA/DUPLA: VEGETAÇÃO",IF(COUNTIF(M22:O22,"X")<>1,"FALTA/DUPLA: ELEM. DE DRENAGEM",IF(COUNTIF(P22:R22,"X")<>1,"FALTA/DUPLA: SIN. HORIZ.",IF(COUNTIF(S22:U22,"X")<>1,"FALTA/DUPLA: SIN. VERTICAL","OK")))))) -> OK
A23: 164ETO0130 | B23: C | C23: 14 | D23: 15 | E23: =D23-C23 -> 1 | H23: X | L23: X | N23: x | R23: X | T23: X | W23: =IF(COUNTA(F23:U23)=0,"— não preenchido",IF(COUNTIF(F23:J23,"X")<>1,"FALTA/DUPLA: CONDIÇÃO DO PAVIMENTO",IF(COUNTIF(K23:L23,"X")<>1,"FALTA/DUPLA: VEGETAÇÃO",IF(COUNTIF(M23:O23,"X")<>1,"FALTA/DUPLA: ELEM. DE DRENAGEM",IF(COUNTIF(P23:R23,"X")<>1,"FALTA/DUPLA: SIN. HORIZ.",IF(COUNTIF(S23:U23,"X")<>1,"FALTA/DUPLA: SIN. VERTICAL","OK")))))) -> OK
A24: 164ETO0130 | B24: C | C24: 15 | D24: 16 | E24: =D24-C24 -> 1 | H24: X | L24: X | N24: X | R24: X | T24: X | W24: =IF(COUNTA(F24:U24)=0,"— não preenchido",IF(COUNTIF(F24:J24,"X")<>1,"FALTA/DUPLA: CONDIÇÃO DO PAVIMENTO",IF(COUNTIF(K24:L24,"X")<>1,"FALTA/DUPLA: VEGETAÇÃO",IF(COUNTIF(M24:O24,"X")<>1,"FALTA/DUPLA: ELEM. DE DRENAGEM",IF(COUNTIF(P24:R24,"X")<>1,"FALTA/DUPLA: SIN. HORIZ.",IF(COUNTIF(S24:U24,"X")<>1,"FALTA/DUPLA: SIN. VERTICAL","OK")))))) -> OK
A25: 164ETO0130 | B25: C | C25: 16 | D25: 17 | E25: =D25-C25 -> 1 | H25: X | L25: X | N25: X | R25: X | T25: X | W25: =IF(COUNTA(F25:U25)=0,"— não preenchido",IF(COUNTIF(F25:J25,"X")<>1,"FALTA/DUPLA: CONDIÇÃO DO PAVIMENTO",IF(COUNTIF(K25:L25,"X")<>1,"FALTA/DUPLA: VEGETAÇÃO",IF(COUNTIF(M25:O25,"X")<>1,"FALTA/DUPLA: ELEM. DE DRENAGEM",IF(COUNTIF(P25:R25,"X")<>1,"FALTA/DUPLA: SIN. HORIZ.",IF(COUNTIF(S25:U25,"X")<>1,"FALTA/DUPLA: SIN. VERTICAL","OK")))))) -> OK
A26: 164ETO0130 | B26: C | C26: 17 | D26: 17.705565 | E26: =D26-C26 -> 0.70556541 | H26: X | L26: X | N26: X | R26: X | T26: X | W26: =IF(COUNTA(F26:U26)=0,"— não preenchido",IF(COUNTIF(F26:J26,"X")<>1,"FALTA/DUPLA: CONDIÇÃO DO PAVIMENTO",IF(COUNTIF(K26:L26,"X")<>1,"FALTA/DUPLA: VEGETAÇÃO",IF(COUNTIF(M26:O26,"X")<>1,"FALTA/DUPLA: ELEM. DE DRENAGEM",IF(COUNTIF(P26:R26,"X")<>1,"FALTA/DUPLA: SIN. HORIZ.",IF(COUNTIF(S26:U26,"X")<>1,"FALTA/DUPLA: SIN. VERTICAL","OK")))))) -> OK
A27: S.R.E. 164ETO0140 | TO-222 (NOVO HORIZONTE) - ENTR. TO-419 (BRITADOR) | PPS · Estadual · 11.972 km · início: -7.185302, -48.343157
A28: 164ETO0140 | B28: C | C28: 0 | D28: 1 | E28: =D28-C28 -> 1 | H28: X | L28: X | N28: X | P28: X | T28: X | W28: =IF(COUNTA(F28:U28)=0,"— não preenchido",IF(COUNTIF(F28:J28,"X")<>1,"FALTA/DUPLA: CONDIÇÃO DO PAVIMENTO",IF(COUNTIF(K28:L28,"X")<>1,"FALTA/DUPLA: VEGETAÇÃO",IF(COUNTIF(M28:O28,"X")<>1,"FALTA/DUPLA: ELEM. DE DRENAGEM",IF(COUNTIF(P28:R28,"X")<>1,"FALTA/DUPLA: SIN. HORIZ.",IF(COUNTIF(S28:U28,"X")<>1,"FALTA/DUPLA: SIN. VERTICAL","OK")))))) -> OK
A29: 164ETO0140 | B29: C | C29: 1 | D29: 2 | E29: =D29-C29 -> 1 | H29: X | L29: X | N29: X | P29: X | T29: X | W29: =IF(COUNTA(F29:U29)=0,"— não preenchido",IF(COUNTIF(F29:J29,"X")<>1,"FALTA/DUPLA: CONDIÇÃO DO PAVIMENTO",IF(COUNTIF(K29:L29,"X")<>1,"FALTA/DUPLA: VEGETAÇÃO",IF(COUNTIF(M29:O29,"X")<>1,"FALTA/DUPLA: ELEM. DE DRENAGEM",IF(COUNTIF(P29:R29,"X")<>1,"FALTA/DUPLA: SIN. HORIZ.",IF(COUNTIF(S29:U29,"X")<>1,"FALTA/DUPLA: SIN. VERTICAL","OK")))))) -> OK
A30: 164ETO0140 | B30: C | C30: 2 | D30: 3 | E30: =D30-C30 -> 1 | H30: X | L30: X | N30: X | P30: X | T30: X | W30: =IF(COUNTA(F30:U30)=0,"— não preenchido",IF(COUNTIF(F30:J30,"X")<>1,"FALTA/DUPLA: CONDIÇÃO DO PAVIMENTO",IF(COUNTIF(K30:L30,"X")<>1,"FALTA/DUPLA: VEGETAÇÃO",IF(COUNTIF(M30:O30,"X")<>1,"FALTA/DUPLA: ELEM. DE DRENAGEM",IF(COUNTIF(P30:R30,"X")<>1,"FALTA/DUPLA: SIN. HORIZ.",IF(COUNTIF(S30:U30,"X")<>1,"FALTA/DUPLA: SIN. VERTICAL","OK")))))) -> OK
A31: 164ETO0140 | B31: C | C31: 3 | D31: 4 | E31: =D31-C31 -> 1 | H31: X | L31: X | N31: X | P31: X | T31: X | W31: =IF(COUNTA(F31:U31)=0,"— não preenchido",IF(COUNTIF(F31:J31,"X")<>1,"FALTA/DUPLA: CONDIÇÃO DO PAVIMENTO",IF(COUNTIF(K31:L31,"X")<>1,"FALTA/DUPLA: VEGETAÇÃO",IF(COUNTIF(M31:O31,"X")<>1,"FALTA/DUPLA: ELEM. DE DRENAGEM",IF(COUNTIF(P31:R31,"X")<>1,"FALTA/DUPLA: SIN. HORIZ.",IF(COUNTIF(S31:U31,"X")<>1,"FALTA/DUPLA: SIN. VERTICAL","OK")))))) -> OK
A32: 164ETO0140 | B32: C | C32: 4 | D32: 5 | E32: =D32-C32 -> 1 | H32: X | L32: X | N32: X | P32: X | T32: X | W32: =IF(COUNTA(F32:U32)=0,"— não preenchido",IF(COUNTIF(F32:J32,"X")<>1,"FALTA/DUPLA: CONDIÇÃO DO PAVIMENTO",IF(COUNTIF(K32:L32,"X")<>1,"FALTA/DUPLA: VEGETAÇÃO",IF(COUNTIF(M32:O32,"X")<>1,"FALTA/DUPLA: ELEM. DE DRENAGEM",IF(COUNTIF(P32:R32,"X")<>1,"FALTA/DUPLA: SIN. HORIZ.",IF(COUNTIF(S32:U32,"X")<>1,"FALTA/DUPLA: SIN. VERTICAL","OK")))))) -> OK
A33: 164ETO0140 | B33: C | C33: 5 | D33: 6 | E33: =D33-C33 -> 1 | H33: X | L33: X | N33: X | P33: X | T33: X | W33: =IF(COUNTA(F33:U33)=0,"— não preenchido",IF(COUNTIF(F33:J33,"X")<>1,"FALTA/DUPLA: CONDIÇÃO DO PAVIMENTO",IF(COUNTIF(K33:L33,"X")<>1,"FALTA/DUPLA: VEGETAÇÃO",IF(COUNTIF(M33:O33,"X")<>1,"FALTA/DUPLA: ELEM. DE DRENAGEM",IF(COUNTIF(P33:R33,"X")<>1,"FALTA/DUPLA: SIN. HORIZ.",IF(COUNTIF(S33:U33,"X")<>1,"FALTA/DUPLA: SIN. VERTICAL","OK")))))) -> OK
A34: 164ETO0140 | B34: C | C34: 6 | D34: 7 | E34: =D34-C34 -> 1 | H34: X | L34: X | N34: X | R34: X | T34: X | W34: =IF(COUNTA(F34:U34)=0,"— não preenchido",IF(COUNTIF(F34:J34,"X")<>1,"FALTA/DUPLA: CONDIÇÃO DO PAVIMENTO",IF(COUNTIF(K34:L34,"X")<>1,"FALTA/DUPLA: VEGETAÇÃO",IF(COUNTIF(M34:O34,"X")<>1,"FALTA/DUPLA: ELEM. DE DRENAGEM",IF(COUNTIF(P34:R34,"X")<>1,"FALTA/DUPLA: SIN. HORIZ.",IF(COUNTIF(S34:U34,"X")<>1,"FALTA/DUPLA: SIN. VERTICAL","OK")))))) -> OK
A35: 164ETO0140 | B35: C | C35: 7 | D35: 8 | E35: =D35-C35 -> 1 | H35: X | L35: X | N35: X | R35: X | T35: X | W35: =IF(COUNTA(F35:U35)=0,"— não preenchido",IF(COUNTIF(F35:J35,"X")<>1,"FALTA/DUPLA: CONDIÇÃO DO PAVIMENTO",IF(COUNTIF(K35:L35,"X")<>1,"FALTA/DUPLA: VEGETAÇÃO",IF(COUNTIF(M35:O35,"X")<>1,"FALTA/DUPLA: ELEM. DE DRENAGEM",IF(COUNTIF(P35:R35,"X")<>1,"FALTA/DUPLA: SIN. HORIZ.",IF(COUNTIF(S35:U35,"X")<>1,"FALTA/DUPLA: SIN. VERTICAL","OK")))))) -> OK
A36: 164ETO0140 | B36: C | C36: 8 | D36: 9 | E36: =D36-C36 -> 1 | H36: X | L36: X | N36: X | R36: X | T36: X | W36: =IF(COUNTA(F36:U36)=0,"— não preenchido",IF(COUNTIF(F36:J36,"X")<>1,"FALTA/DUPLA: CONDIÇÃO DO PAVIMENTO",IF(COUNTIF(K36:L36,"X")<>1,"FALTA/DUPLA: VEGETAÇÃO",IF(COUNTIF(M36:O36,"X")<>1,"FALTA/DUPLA: ELEM. DE DRENAGEM",IF(COUNTIF(P36:R36,"X")<>1,"FALTA/DUPLA: SIN. HORIZ.",IF(COUNTIF(S36:U36,"X")<>1,"FALTA/DUPLA: SIN. VERTICAL","OK")))))) -> OK
A37: 164ETO0140 | B37: C | C37: 9 | D37: 10 | E37: =D37-C37 -> 1 | H37: X | L37: X | N37: X | R37: X | T37: X | W37: =IF(COUNTA(F37:U37)=0,"— não preenchido",IF(COUNTIF(F37:J37,"X")<>1,"FALTA/DUPLA: CONDIÇÃO DO PAVIMENTO",IF(COUNTIF(K37:L37,"X")<>1,"FALTA/DUPLA: VEGETAÇÃO",IF(COUNTIF(M37:O37,"X")<>1,"FALTA/DUPLA: ELEM. DE DRENAGEM",IF(COUNTIF(P37:R37,"X")<>1,"FALTA/DUPLA: SIN. HORIZ.",IF(COUNTIF(S37:U37,"X")<>1,"FALTA/DUPLA: SIN. VERTICAL","OK")))))) -> OK
A38: 164ETO0140 | B38: C | C38: 10 | D38: 11 | E38: =D38-C38 -> 1 | H38: X | L38: X | N38: X | R38: X | T38: X | W38: =IF(COUNTA(F38:U38)=0,"— não preenchido",IF(COUNTIF(F38:J38,"X")<>1,"FALTA/DUPLA: CONDIÇÃO DO PAVIMENTO",IF(COUNTIF(K38:L38,"X")<>1,"FALTA/DUPLA: VEGETAÇÃO",IF(COUNTIF(M38:O38,"X")<>1,"FALTA/DUPLA: ELEM. DE DRENAGEM",IF(COUNTIF(P38:R38,"X")<>1,"FALTA/DUPLA: SIN. HORIZ.",IF(COUNTIF(S38:U38,"X")<>1,"FALTA/DUPLA: SIN. VERTICAL","OK")))))) -> OK
A39: 164ETO0140 | B39: C | C39: 11 | D39: 11.971647 | E39: =D39-C39 -> 0.97164698 | H39: X | L39: X | N39: X | R39: X | T39: X | W39: =IF(COUNTA(F39:U39)=0,"— não preenchido",IF(COUNTIF(F39:J39,"X")<>1,"FALTA/DUPLA: CONDIÇÃO DO PAVIMENTO",IF(COUNTIF(K39:L39,"X")<>1,"FALTA/DUPLA: VEGETAÇÃO",IF(COUNTIF(M39:O39,"X")<>1,"FALTA/DUPLA: ELEM. DE DRENAGEM",IF(COUNTIF(P39:R39,"X")<>1,"FALTA/DUPLA: SIN. HORIZ.",IF(COUNTIF(S39:U39,"X")<>1,"FALTA/DUPLA: SIN. VERTICAL","OK")))))) -> OK
A40: S.R.E. 164ETO0150 | ENTR. TO-419 (BRITADOR) - ARAGOMINAS *TRECHO URBANO* | PPS · Estadual · 12.934 km · início: -7.195873, -48.445507
A41: 164ETO0150 | B41: C | C41: 0 | D41: 1 | E41: =D41-C41 -> 1 | F41: X | L41: X | N41: X | R41: X | T41: X | W41: =IF(COUNTA(F41:U41)=0,"— não preenchido",IF(COUNTIF(F41:J41,"X")<>1,"FALTA/DUPLA: CONDIÇÃO DO PAVIMENTO",IF(COUNTIF(K41:L41,"X")<>1,"FALTA/DUPLA: VEGETAÇÃO",IF(COUNTIF(M41:O41,"X")<>1,"FALTA/DUPLA: ELEM. DE DRENAGEM",IF(COUNTIF(P41:R41,"X")<>1,"FALTA/DUPLA: SIN. HORIZ.",IF(COUNTIF(S41:U41,"X")<>1,"FALTA/DUPLA: SIN. VERTICAL","OK")))))) -> OK
A42: 164ETO0150 | B42: C | C42: 1 | D42: 2 | E42: =D42-C42 -> 1 | F42: X | L42: X | N42: X | R42: X | T42: X | W42: =IF(COUNTA(F42:U42)=0,"— não preenchido",IF(COUNTIF(F42:J42,"X")<>1,"FALTA/DUPLA: CONDIÇÃO DO PAVIMENTO",IF(COUNTIF(K42:L42,"X")<>1,"FALTA/DUPLA: VEGETAÇÃO",IF(COUNTIF(M42:O42,"X")<>1,"FALTA/DUPLA: ELEM. DE DRENAGEM",IF(COUNTIF(P42:R42,"X")<>1,"FALTA/DUPLA: SIN. HORIZ.",IF(COUNTIF(S42:U42,"X")<>1,"FALTA/DUPLA: SIN. VERTICAL","OK")))))) -> OK
A43: 164ETO0150 | B43: C | C43: 2 | D43: 3 | E43: =D43-C43 -> 1 | F43: X | L43: X | N43: X | R43: X | T43: X | W43: =IF(COUNTA(F43:U43)=0,"— não preenchido",IF(COUNTIF(F43:J43,"X")<>1,"FALTA/DUPLA: CONDIÇÃO DO PAVIMENTO",IF(COUNTIF(K43:L43,"X")<>1,"FALTA/DUPLA: VEGETAÇÃO",IF(COUNTIF(M43:O43,"X")<>1,"FALTA/DUPLA: ELEM. DE DRENAGEM",IF(COUNTIF(P43:R43,"X")<>1,"FALTA/DUPLA: SIN. HORIZ.",IF(COUNTIF(S43:U43,"X")<>1,"FALTA/DUPLA: SIN. VERTICAL","OK")))))) -> OK
A44: 164ETO0150 | B44: C | C44: 3 | D44: 4 | E44: =D44-C44 -> 1 | F44: X | L44: X | N44: X | R44: X | T44: X | W44: =IF(COUNTA(F44:U44)=0,"— não preenchido",IF(COUNTIF(F44:J44,"X")<>1,"FALTA/DUPLA: CONDIÇÃO DO PAVIMENTO",IF(COUNTIF(K44:L44,"X")<>1,"FALTA/DUPLA: VEGETAÇÃO",IF(COUNTIF(M44:O44,"X")<>1,"FALTA/DUPLA: ELEM. DE DRENAGEM",IF(COUNTIF(P44:R44,"X")<>1,"FALTA/DUPLA: SIN. HORIZ.",IF(COUNTIF(S44:U44,"X")<>1,"FALTA/DUPLA: SIN. VERTICAL","OK")))))) -> OK
A45: 164ETO0150 | B45: C | C45: 4 | D45: 5 | E45: =D45-C45 -> 1 | F45: X | L45: X | N45: X | R45: X | T45: X | W45: =IF(COUNTA(F45:U45)=0,"— não preenchido",IF(COUNTIF(F45:J45,"X")<>1,"FALTA/DUPLA: CONDIÇÃO DO PAVIMENTO",IF(COUNTIF(K45:L45,"X")<>1,"FALTA/DUPLA: VEGETAÇÃO",IF(COUNTIF(M45:O45,"X")<>1,"FALTA/DUPLA: ELEM. DE DRENAGEM",IF(COUNTIF(P45:R45,"X")<>1,"FALTA/DUPLA: SIN. HORIZ.",IF(COUNTIF(S45:U45,"X")<>1,"FALTA/DUPLA: SIN. VERTICAL","OK")))))) -> OK
A46: 164ETO0150 | B46: C | C46: 5 | D46: 6 | E46: =D46-C46 -> 1 | F46: X | L46: X | N46: X | R46: X | T46: X | W46: =IF(COUNTA(F46:U46)=0,"— não preenchido",IF(COUNTIF(F46:J46,"X")<>1,"FALTA/DUPLA: CONDIÇÃO DO PAVIMENTO",IF(COUNTIF(K46:L46,"X")<>1,"FALTA/DUPLA: VEGETAÇÃO",IF(COUNTIF(M46:O46,"X")<>1,"FALTA/DUPLA: ELEM. DE DRENAGEM",IF(COUNTIF(P46:R46,"X")<>1,"FALTA/DUPLA: SIN. HORIZ.",IF(COUNTIF(S46:U46,"X")<>1,"FALTA/DUPLA: SIN. VERTICAL","OK")))))) -> OK
A47: 164ETO0150 | B47: C | C47: 6 | D47: 7 | E47: =D47-C47 -> 1 | F47: X | L47: X | N47: X | R47: X | T47: X | W47: =IF(COUNTA(F47:U47)=0,"— não preenchido",IF(COUNTIF(F47:J47,"X")<>1,"FALTA/DUPLA: CONDIÇÃO DO PAVIMENTO",IF(COUNTIF(K47:L47,"X")<>1,"FALTA/DUPLA: VEGETAÇÃO",IF(COUNTIF(M47:O47,"X")<>1,"FALTA/DUPLA: ELEM. DE DRENAGEM",IF(COUNTIF(P47:R47,"X")<>1,"FALTA/DUPLA: SIN. HORIZ.",IF(COUNTIF(S47:U47,"X")<>1,"FALTA/DUPLA: SIN. VERTICAL","OK")))))) -> OK
A48: 164ETO0150 | B48: C | C48: 7 | D48: 8 | E48: =D48-C48 -> 1 | F48: X | L48: X | N48: X | R48: X | T48: X | W48: =IF(COUNTA(F48:U48)=0,"— não preenchido",IF(COUNTIF(F48:J48,"X")<>1,"FALTA/DUPLA: CONDIÇÃO DO PAVIMENTO",IF(COUNTIF(K48:L48,"X")<>1,"FALTA/DUPLA: VEGETAÇÃO",IF(COUNTIF(M48:O48,"X")<>1,"FALTA/DUPLA: ELEM. DE DRENAGEM",IF(COUNTIF(P48:R48,"X")<>1,"FALTA/DUPLA: SIN. HORIZ.",IF(COUNTIF(S48:U48,"X")<>1,"FALTA/DUPLA: SIN. VERTICAL","OK")))))) -> OK
A49: 164ETO0150 | B49: C | C49: 8 | D49: 9 | E49: =D49-C49 -> 1 | F49: X | L49: X | N49: X | R49: X | T49: X | W49: =IF(COUNTA(F49:U49)=0,"— não preenchido",IF(COUNTIF(F49:J49,"X")<>1,"FALTA/DUPLA: CONDIÇÃO DO PAVIMENTO",IF(COUNTIF(K49:L49,"X")<>1,"FALTA/DUPLA: VEGETAÇÃO",IF(COUNTIF(M49:O49,"X")<>1,"FALTA/DUPLA: ELEM. DE DRENAGEM",IF(COUNTIF(P49:R49,"X")<>1,"FALTA/DUPLA: SIN. HORIZ.",IF(COUNTIF(S49:U49,"X")<>1,"FALTA/DUPLA: SIN. VERTICAL","OK")))))) -> OK
A50: 164ETO0150 | B50: C | C50: 9 | D50: 10 | E50: =D50-C50 -> 1 | F50: X | L50: X | N50: X | R50: X | T50: X | W50: =IF(COUNTA(F50:U50)=0,"— não preenchido",IF(COUNTIF(F50:J50,"X")<>1,"FALTA/DUPLA: CONDIÇÃO DO PAVIMENTO",IF(COUNTIF(K50:L50,"X")<>1,"FALTA/DUPLA: VEGETAÇÃO",IF(COUNTIF(M50:O50,"X")<>1,"FALTA/DUPLA: ELEM. DE DRENAGEM",IF(COUNTIF(P50:R50,"X")<>1,"FALTA/DUPLA: SIN. HORIZ.",IF(COUNTIF(S50:U50,"X")<>1,"FALTA/DUPLA: SIN. VERTICAL","OK")))))) -> OK
A51: 164ETO0150 | B51: C | C51: 10 | D51: 11 | E51: =D51-C51 -> 1 | F51: X | L51: X | N51: X | R51: X | T51: X | W51: =IF(COUNTA(F51:U51)=0,"— não preenchido",IF(COUNTIF(F51:J51,"X")<>1,"FALTA/DUPLA: CONDIÇÃO DO PAVIMENTO",IF(COUNTIF(K51:L51,"X")<>1,"FALTA/DUPLA: VEGETAÇÃO",IF(COUNTIF(M51:O51,"X")<>1,"FALTA/DUPLA: ELEM. DE DRENAGEM",IF(COUNTIF(P51:R51,"X")<>1,"FALTA/DUPLA: SIN. HORIZ.",IF(COUNTIF(S51:U51,"X")<>1,"FALTA/DUPLA: SIN. VERTICAL","OK")))))) -> OK
A52: 164ETO0150 | B52: C | C52: 11 | D52: 12 | E52: =D52-C52 -> 1 | F52: X | L52: X | N52: X | R52: X | T52: X | W52: =IF(COUNTA(F52:U52)=0,"— não preenchido",IF(COUNTIF(F52:J52,"X")<>1,"FALTA/DUPLA: CONDIÇÃO DO PAVIMENTO",IF(COUNTIF(K52:L52,"X")<>1,"FALTA/DUPLA: VEGETAÇÃO",IF(COUNTIF(M52:O52,"X")<>1,"FALTA/DUPLA: ELEM. DE DRENAGEM",IF(COUNTIF(P52:R52,"X")<>1,"FALTA/DUPLA: SIN. HORIZ.",IF(COUNTIF(S52:U52,"X")<>1,"FALTA/DUPLA: SIN. VERTICAL","OK")))))) -> OK
A53: 164ETO0150 | B53: C | C53: 12 | D53: 12.93419 | E53: =D53-C53 -> 0.93419018 | F53: X | L53: X | N53: X | R53: X | T53: X | W53: =IF(COUNTA(F53:U53)=0,"— não preenchido",IF(COUNTIF(F53:J53,"X")<>1,"FALTA/DUPLA: CONDIÇÃO DO PAVIMENTO",IF(COUNTIF(K53:L53,"X")<>1,"FALTA/DUPLA: VEGETAÇÃO",IF(COUNTIF(M53:O53,"X")<>1,"FALTA/DUPLA: ELEM. DE DRENAGEM",IF(COUNTIF(P53:R53,"X")<>1,"FALTA/DUPLA: SIN. HORIZ.",IF(COUNTIF(S53:U53,"X")<>1,"FALTA/DUPLA: SIN. VERTICAL","OK")))))) -> OK
A55: ____________________________________________ | G55: ____________________________________________
A56: TÉCNICO RESPONSÁVEL PELA INSPEÇÃO | G56: VISTO DA SUPERVISÃO
A58: RESUMO DO TRECHO — KM LANÇADO POR ITEM
A59: KM LANÇADO | F59: =SUMIF(F$9:F$53,"X",$E$9:$E$53) -> 15.93419 | G59: =SUMIF(G$9:G$53,"X",$E$9:$E$53) -> 0 | H59: =SUMIF(H$9:H$53,"X",$E$9:$E$53) -> 26.677212 | I59: =SUMIF(I$9:I$53,"X",$E$9:$E$53) -> 0 | J59: =SUMIF(J$9:J$53,"X",$E$9:$E$53) -> 0 | K59: =SUMIF(K$9:K$53,"X",$E$9:$E$53) -> 3 | L59: =SUMIF(L$9:L$53,"X",$E$9:$E$53) -> 39.611403 | M59: =SUMIF(M$9:M$53,"X",$E$9:$E$53) -> 0 | ... U59: =SUMIF(U$9:U$53,"X",$E$9:$E$53) -> 0
A60: % DA EXTENSÃO | F60: =IF($R62=0,0,F59/$R62) -> 0.37394193 | G60: =IF($R62=0,0,G59/$R62) -> 0 | H60: =IF($R62=0,0,H59/$R62) -> 0.62605807 | I60: =IF($R62=0,0,I59/$R62) -> 0 | J60: =IF($R62=0,0,J59/$R62) -> 0 | K60: =IF($R62=0,0,K59/$R62) -> 0.070403691 | L60: =IF($R62=0,0,L59/$R62) -> 0.92959631 | M60: =IF($R62=0,0,M59/$R62) -> 0 | ... U60: =IF($R62=0,0,U59/$R62) -> 0
A61: CONFERÊNCIA POR GRUPO | F61: =IF(SUM(F59:J59)=0,"— não preenchido",IF(ROUND(SUM(F59:J59)-$R62,3)=0,"OK — "&ROUND(SUM(F59:J59),3)&" km","ERRO — dif. de "&ROUND(SUM(F59:J59)-$R62,3)&" km")) -> OK — 42,611 km | K61: =IF(SUM(K59:L59)=0,"— não preenchido",IF(ROUND(SUM(K59:L59)-$R62,3)=0,"OK — "&ROUND(SUM(K59:L59),3)&" km","ERRO — dif. de "&ROUND(SUM(K59:L59)-$R62,3)&" km")) -> OK — 42,611 km | M61: =IF(SUM(M59:O59)=0,"— não preenchido",IF(ROUND(SUM(M59:O59)-$R62,3)=0,"OK — "&ROUND(SUM(M59:O59),3)&" km","ERRO — dif. de "&ROUND(SUM(M59:O59)-$R62,3)&" km")) -> OK — 42,611 km | P61: =IF(SUM(P59:R59)=0,"— não preenchido",IF(ROUND(SUM(P59:R59)-$R62,3)=0,"OK — "&ROUND(SUM(P59:R59),3)&" km","ERRO — dif. de "&ROUND(SUM(P59:R59)-$R62,3)&" km")) -> OK — 42,611 km | S61: =IF(SUM(S59:U59)=0,"— não preenchido",IF(ROUND(SUM(S59:U59)-$R62,3)=0,"OK — "&ROUND(SUM(S59:U59),3)&" km","ERRO — dif. de "&ROUND(SUM(S59:U59)-$R62,3)&" km")) -> OK — 42,611 km
A62: EXTENSÃO TOTAL DO TRECHO | R62: =SUM(E9:E53) -> 42.611403 | V62: =COUNTIF(W9:W53,"OK")&" de "&COUNT($E$9:$E$53)&" linhas conferidas" -> 43 de 43 linhas conferidas
A64: LEGENDA
A65: REM. I. / REM. L. | E65: Remendos isolados (até 10 por km) · Remendos ao longo (mais de 10 por km)
A66: BUR. I. / BUR. L. | E66: Buracos isolados (até 5 por km) · Buracos ao longo (mais de 5 por km)
A67: SIT. | E67: PPS = pista simples · PSU = simples urbana · PDU = duplicada
A68: FAIXA AZUL | E68: Cabeçalho de cada S.R.E.: descrição, situação, jurisdição, extensão e coordenada de início.
A69: INÍCIO / FIM (KM) | E69: Contados de 0 até o fim de CADA S.R.E. Não é o marco quilométrico da rodovia.
A70: SENT. | E70: C = crescente · D = decrescente
A71: FAIXA CINZA | E71: Segmento fora do escopo do contrato: você passa por ele, mas não preenche.
A72: CÉLULA VERMELHA | E72: Mais de uma X no mesmo grupo. Apague uma delas.
A73: CONFERÊNCIA | E73: Só na tela, não sai impresso. Fica OK com uma X em cada grupo.

Sheet 46
A1: PROGRAMA DE MANUTENÇÃO RODOVIÁRIA — FICHA DE INSPEÇÃO — RODOVIAS PAVIMENTADAS | Y1: Valores dos gráficos — troca 0 por N/D para a fatia não aparecer. Não editar.
A2: REGIÃO: 2 — ARAGUAÍNA I | G2: MÊS / ANO: | I2: =IF('39'!I2="","",'39'!I2) -> 46235 | K2: DATA: | N2: =IF('39'!N2="","",'39'!N2) | P2: TÉCNICO: | R2: =IF('39'!R2="","",'39'!R2) -> ENG. VINICIUS RODRIGUES FERREIRA DE OLIVEIRA | Y2: =IF(F59=0,NA(),F59) -> 33.989414 | Z2: =IF(G59=0,NA(),G59) -> #N/A | AA2: =IF(H59=0,NA(),H59) -> #N/A | AB2: =IF(I59=0,NA(),I59) -> 3 | AC2: =IF(J59=0,NA(),J59) -> 4 | AD2: =IF(K59=0,NA(),K59) -> 40.989414 | AE2: =IF(L59=0,NA(),L59) -> #N/A | AF2: =IF(M59=0,NA(),M59) -> 9.5030331 | ... AN2: =IF(U59=0,NA(),U59) -> #N/A
A3: TRECHO 46 — RODOVIA TO-164 - TRECHO ENTR. TO-226 - POVOADO DEZENOVE - BERNARDO SAYÃO | T3: EXTENSÃO: 40,989 km · 4 S.R.E.
A4: COMO PREENCHER: uma X em UMA coluna de cada grupo, por linha. Se houver mais de um defeito no mesmo km, marque o PREDOMINANTE e escreva o resto em OBSERVAÇÕES. A quilometragem é contada de 0 até o fim de CADA S.R.E. (não é o marco da rodovia).
A6: S.R.E. | B6: SENT. | C6: INÍCIO (KM) | D6: FIM (KM) | E6: EXT. (KM) | F6: CONDIÇÃO DO PAVIMENTO | K6: VEGETAÇÃO | M6: ELEM. DE DRENAGEM | P6: SIN. HORIZ. | S6: SIN. VERTICAL | V6: OBSERVAÇÕES | W6: CONFERÊNCIA (só na tela)
F7: BOM | G7: REM. I. | H7: REM. L. | I7: BUR. I. | J7: BUR. L. | K7: ADEQ. | L7: INAD. | M7: LIMPOS | N7: SUJOS | O7: DAN. | P7: BOM | Q7: REG. | R7: INEXIST. | S7: BOM | T7: POUCAS | U7: INEXIST.
A8: S.R.E. 164ETO0210 | ENTR. TO-230 (DEZENOVE) - ENTR. TO-430 | PPS · Estadual · 24.684 km · início: -7.641218, -48.800932
A9: 164ETO0210 | B9: C | C9: 0 | D9: 1 | E9: =D9-C9 -> 1 | F9: X | K9: X | N9: X | Q9: X | T9: X | V9: erosão bordo direito da pista | W9: =IF(COUNTA(F9:U9)=0,"— não preenchido",IF(COUNTIF(F9:J9,"X")<>1,"FALTA/DUPLA: CONDIÇÃO DO PAVIMENTO",IF(COUNTIF(K9:L9,"X")<>1,"FALTA/DUPLA: VEGETAÇÃO",IF(COUNTIF(M9:O9,"X")<>1,"FALTA/DUPLA: ELEM. DE DRENAGEM",IF(COUNTIF(P9:R9,"X")<>1,"FALTA/DUPLA: SIN. HORIZ.",IF(COUNTIF(S9:U9,"X")<>1,"FALTA/DUPLA: SIN. VERTICAL","OK")))))) -> OK
A10: 164ETO0210 | B10: C | C10: 1 | D10: 2 | E10: =D10-C10 -> 1 | F10: X | K10: X | N10: X | Q10: X | T10: X | W10: =IF(COUNTA(F10:U10)=0,"— não preenchido",IF(COUNTIF(F10:J10,"X")<>1,"FALTA/DUPLA: CONDIÇÃO DO PAVIMENTO",IF(COUNTIF(K10:L10,"X")<>1,"FALTA/DUPLA: VEGETAÇÃO",IF(COUNTIF(M10:O10,"X")<>1,"FALTA/DUPLA: ELEM. DE DRENAGEM",IF(COUNTIF(P10:R10,"X")<>1,"FALTA/DUPLA: SIN. HORIZ.",IF(COUNTIF(S10:U10,"X")<>1,"FALTA/DUPLA: SIN. VERTICAL","OK")))))) -> OK
A11: 164ETO0210 | B11: C | C11: 2 | D11: 3 | E11: =D11-C11 -> 1 | F11: X | K11: X | N11: X | Q11: X | T11: X | W11: =IF(COUNTA(F11:U11)=0,"— não preenchido",IF(COUNTIF(F11:J11,"X")<>1,"FALTA/DUPLA: CONDIÇÃO DO PAVIMENTO",IF(COUNTIF(K11:L11,"X")<>1,"FALTA/DUPLA: VEGETAÇÃO",IF(COUNTIF(M11:O11,"X")<>1,"FALTA/DUPLA: ELEM. DE DRENAGEM",IF(COUNTIF(P11:R11,"X")<>1,"FALTA/DUPLA: SIN. HORIZ.",IF(COUNTIF(S11:U11,"X")<>1,"FALTA/DUPLA: SIN. VERTICAL","OK")))))) -> OK
A12: 164ETO0210 | B12: C | C12: 3 | D12: 4 | E12: =D12-C12 -> 1 | F12: X | K12: X | N12: X | Q12: X | T12: X | W12: =IF(COUNTA(F12:U12)=0,"— não preenchido",IF(COUNTIF(F12:J12,"X")<>1,"FALTA/DUPLA: CONDIÇÃO DO PAVIMENTO",IF(COUNTIF(K12:L12,"X")<>1,"FALTA/DUPLA: VEGETAÇÃO",IF(COUNTIF(M12:O12,"X")<>1,"FALTA/DUPLA: ELEM. DE DRENAGEM",IF(COUNTIF(P12:R12,"X")<>1,"FALTA/DUPLA: SIN. HORIZ.",IF(COUNTIF(S12:U12,"X")<>1,"FALTA/DUPLA: SIN. VERTICAL","OK")))))) -> OK
A13: 164ETO0210 | B13: C | C13: 4 | D13: 5 | E13: =D13-C13 -> 1 | F13: X | K13: X | N13: X | Q13: X | T13: X | W13: =IF(COUNTA(F13:U13)=0,"— não preenchido",IF(COUNTIF(F13:J13,"X")<>1,"FALTA/DUPLA: CONDIÇÃO DO PAVIMENTO",IF(COUNTIF(K13:L13,"X")<>1,"FALTA/DUPLA: VEGETAÇÃO",IF(COUNTIF(M13:O13,"X")<>1,"FALTA/DUPLA: ELEM. DE DRENAGEM",IF(COUNTIF(P13:R13,"X")<>1,"FALTA/DUPLA: SIN. HORIZ.",IF(COUNTIF(S13:U13,"X")<>1,"FALTA/DUPLA: SIN. VERTICAL","OK")))))) -> OK
A14: 164ETO0210 | B14: C | C14: 5 | D14: 6 | E14: =D14-C14 -> 1 | F14: X | K14: X | N14: X | Q14: X | T14: X | W14: =IF(COUNTA(F14:U14)=0,"— não preenchido",IF(COUNTIF(F14:J14,"X")<>1,"FALTA/DUPLA: CONDIÇÃO DO PAVIMENTO",IF(COUNTIF(K14:L14,"X")<>1,"FALTA/DUPLA: VEGETAÇÃO",IF(COUNTIF(M14:O14,"X")<>1,"FALTA/DUPLA: ELEM. DE DRENAGEM",IF(COUNTIF(P14:R14,"X")<>1,"FALTA/DUPLA: SIN. HORIZ.",IF(COUNTIF(S14:U14,"X")<>1,"FALTA/DUPLA: SIN. VERTICAL","OK")))))) -> OK
A15: 164ETO0210 | B15: C | C15: 6 | D15: 7 | E15: =D15-C15 -> 1 | F15: X | K15: X | N15: X | Q15: X | T15: X | W15: =IF(COUNTA(F15:U15)=0,"— não preenchido",IF(COUNTIF(F15:J15,"X")<>1,"FALTA/DUPLA: CONDIÇÃO DO PAVIMENTO",IF(COUNTIF(K15:L15,"X")<>1,"FALTA/DUPLA: VEGETAÇÃO",IF(COUNTIF(M15:O15,"X")<>1,"FALTA/DUPLA: ELEM. DE DRENAGEM",IF(COUNTIF(P15:R15,"X")<>1,"FALTA/DUPLA: SIN. HORIZ.",IF(COUNTIF(S15:U15,"X")<>1,"FALTA/DUPLA: SIN. VERTICAL","OK")))))) -> OK
A16: 164ETO0210 | B16: C | C16: 7 | D16: 8 | E16: =D16-C16 -> 1 | F16: X | K16: X | N16: X | Q16: X | T16: X | W16: =IF(COUNTA(F16:U16)=0,"— não preenchido",IF(COUNTIF(F16:J16,"X")<>1,"FALTA/DUPLA: CONDIÇÃO DO PAVIMENTO",IF(COUNTIF(K16:L16,"X")<>1,"FALTA/DUPLA: VEGETAÇÃO",IF(COUNTIF(M16:O16,"X")<>1,"FALTA/DUPLA: ELEM. DE DRENAGEM",IF(COUNTIF(P16:R16,"X")<>1,"FALTA/DUPLA: SIN. HORIZ.",IF(COUNTIF(S16:U16,"X")<>1,"FALTA/DUPLA: SIN. VERTICAL","OK")))))) -> OK
A17: 164ETO0210 | B17: C | C17: 8 | D17: 9 | E17: =D17-C17 -> 1 | J17: X | K17: X | N17: X | Q17: X | T17: X | W17: =IF(COUNTA(F17:U17)=0,"— não preenchido",IF(COUNTIF(F17:J17,"X")<>1,"FALTA/DUPLA: CONDIÇÃO DO PAVIMENTO",IF(COUNTIF(K17:L17,"X")<>1,"FALTA/DUPLA: VEGETAÇÃO",IF(COUNTIF(M17:O17,"X")<>1,"FALTA/DUPLA: ELEM. DE DRENAGEM",IF(COUNTIF(P17:R17,"X")<>1,"FALTA/DUPLA: SIN. HORIZ.",IF(COUNTIF(S17:U17,"X")<>1,"FALTA/DUPLA: SIN. VERTICAL","OK")))))) -> OK
A18: 164ETO0210 | B18: C | C18: 9 | D18: 10 | E18: =D18-C18 -> 1 | J18: X | K18: X | N18: X | Q18: X | T18: X | W18: =IF(COUNTA(F18:U18)=0,"— não preenchido",IF(COUNTIF(F18:J18,"X")<>1,"FALTA/DUPLA: CONDIÇÃO DO PAVIMENTO",IF(COUNTIF(K18:L18,"X")<>1,"FALTA/DUPLA: VEGETAÇÃO",IF(COUNTIF(M18:O18,"X")<>1,"FALTA/DUPLA: ELEM. DE DRENAGEM",IF(COUNTIF(P18:R18,"X")<>1,"FALTA/DUPLA: SIN. HORIZ.",IF(COUNTIF(S18:U18,"X")<>1,"FALTA/DUPLA: SIN. VERTICAL","OK")))))) -> OK
A19: 164ETO0210 | B19: C | C19: 10 | D19: 11 | E19: =D19-C19 -> 1 | J19: X | K19: X | N19: X | Q19: X | T19: X | W19: =IF(COUNTA(F19:U19)=0,"— não preenchido",IF(COUNTIF(F19:J19,"X")<>1,"FALTA/DUPLA: CONDIÇÃO DO PAVIMENTO",IF(COUNTIF(K19:L19,"X")<>1,"FALTA/DUPLA: VEGETAÇÃO",IF(COUNTIF(M19:O19,"X")<>1,"FALTA/DUPLA: ELEM. DE DRENAGEM",IF(COUNTIF(P19:R19,"X")<>1,"FALTA/DUPLA: SIN. HORIZ.",IF(COUNTIF(S19:U19,"X")<>1,"FALTA/DUPLA: SIN. VERTICAL","OK")))))) -> OK
A20: 164ETO0210 | B20: C | C20: 11 | D20: 12 | E20: =D20-C20 -> 1 | F20: X | K20: X | O20: X | R20: X | T20: X | W20: =IF(COUNTA(F20:U20)=0,"— não preenchido",IF(COUNTIF(F20:J20,"X")<>1,"FALTA/DUPLA: CONDIÇÃO DO PAVIMENTO",IF(COUNTIF(K20:L20,"X")<>1,"FALTA/DUPLA: VEGETAÇÃO",IF(COUNTIF(M20:O20,"X")<>1,"FALTA/DUPLA: ELEM. DE DRENAGEM",IF(COUNTIF(P20:R20,"X")<>1,"FALTA/DUPLA: SIN. HORIZ.",IF(COUNTIF(S20:U20,"X")<>1,"FALTA/DUPLA: SIN. VERTICAL","OK")))))) -> OK
A21: 164ETO0210 | B21: C | C21: 12 | D21: 13 | E21: =D21-C21 -> 1 | F21: X | K21: X | O21: X | R21: X | T21: X | W21: =IF(COUNTA(F21:U21)=0,"— não preenchido",IF(COUNTIF(F21:J21,"X")<>1,"FALTA/DUPLA: CONDIÇÃO DO PAVIMENTO",IF(COUNTIF(K21:L21,"X")<>1,"FALTA/DUPLA: VEGETAÇÃO",IF(COUNTIF(M21:O21,"X")<>1,"FALTA/DUPLA: ELEM. DE DRENAGEM",IF(COUNTIF(P21:R21,"X")<>1,"FALTA/DUPLA: SIN. HORIZ.",IF(COUNTIF(S21:U21,"X")<>1,"FALTA/DUPLA: SIN. VERTICAL","OK")))))) -> OK
A22: 164ETO0210 | B22: C | C22: 13 | D22: 14 | E22: =D22-C22 -> 1 | I22: X | K22: X | N22: X | R22: X | T22: X | W22: =IF(COUNTA(F22:U22)=0,"— não preenchido",IF(COUNTIF(F22:J22,"X")<>1,"FALTA/DUPLA: CONDIÇÃO DO PAVIMENTO",IF(COUNTIF(K22:L22,"X")<>1,"FALTA/DUPLA: VEGETAÇÃO",IF(COUNTIF(M22:O22,"X")<>1,"FALTA/DUPLA: ELEM. DE DRENAGEM",IF(COUNTIF(P22:R22,"X")<>1,"FALTA/DUPLA: SIN. HORIZ.",IF(COUNTIF(S22:U22,"X")<>1,"FALTA/DUPLA: SIN. VERTICAL","OK")))))) -> OK
A23: 164ETO0210 | B23: C | C23: 14 | D23: 15 | E23: =D23-C23 -> 1 | F23: X | K23: X | N23: X | R23: X | T23: X | W23: =IF(COUNTA(F23:U23)=0,"— não preenchido",IF(COUNTIF(F23:J23,"X")<>1,"FALTA/DUPLA: CONDIÇÃO DO PAVIMENTO",IF(COUNTIF(K23:L23,"X")<>1,"FALTA/DUPLA: VEGETAÇÃO",IF(COUNTIF(M23:O23,"X")<>1,"FALTA/DUPLA: ELEM. DE DRENAGEM",IF(COUNTIF(P23:R23,"X")<>1,"FALTA/DUPLA: SIN. HORIZ.",IF(COUNTIF(S23:U23,"X")<>1,"FALTA/DUPLA: SIN. VERTICAL","OK")))))) -> OK
A24: 164ETO0210 | B24: C | C24: 15 | D24: 16 | E24: =D24-C24 -> 1 | F24: X | K24: X | N24: X | R24: X | T24: X | W24: =IF(COUNTA(F24:U24)=0,"— não preenchido",IF(COUNTIF(F24:J24,"X")<>1,"FALTA/DUPLA: CONDIÇÃO DO PAVIMENTO",IF(COUNTIF(K24:L24,"X")<>1,"FALTA/DUPLA: VEGETAÇÃO",IF(COUNTIF(M24:O24,"X")<>1,"FALTA/DUPLA: ELEM. DE DRENAGEM",IF(COUNTIF(P24:R24,"X")<>1,"FALTA/DUPLA: SIN. HORIZ.",IF(COUNTIF(S24:U24,"X")<>1,"FALTA/DUPLA: SIN. VERTICAL","OK")))))) -> OK
A25: 164ETO0210 | B25: C | C25: 16 | D25: 17 | E25: =D25-C25 -> 1 | F25: X | K25: X | N25: X | R25: X | T25: X | W25: =IF(COUNTA(F25:U25)=0,"— não preenchido",IF(COUNTIF(F25:J25,"X")<>1,"FALTA/DUPLA: CONDIÇÃO DO PAVIMENTO",IF(COUNTIF(K25:L25,"X")<>1,"FALTA/DUPLA: VEGETAÇÃO",IF(COUNTIF(M25:O25,"X")<>1,"FALTA/DUPLA: ELEM. DE DRENAGEM",IF(COUNTIF(P25:R25,"X")<>1,"FALTA/DUPLA: SIN. HORIZ.",IF(COUNTIF(S25:U25,"X")<>1,"FALTA/DUPLA: SIN. VERTICAL","OK")))))) -> OK
A26: 164ETO0210 | B26: C | C26: 17 | D26: 18 | E26: =D26-C26 -> 1 | F26: X | K26: X | N26: X | R26: X | T26: X | W26: =IF(COUNTA(F26:U26)=0,"— não preenchido",IF(COUNTIF(F26:J26,"X")<>1,"FALTA/DUPLA: CONDIÇÃO DO PAVIMENTO",IF(COUNTIF(K26:L26,"X")<>1,"FALTA/DUPLA: VEGETAÇÃO",IF(COUNTIF(M26:O26,"X")<>1,"FALTA/DUPLA: ELEM. DE DRENAGEM",IF(COUNTIF(P26:R26,"X")<>1,"FALTA/DUPLA: SIN. HORIZ.",IF(COUNTIF(S26:U26,"X")<>1,"FALTA/DUPLA: SIN. VERTICAL","OK")))))) -> OK
A27: 164ETO0210 | B27: C | C27: 18 | D27: 19 | E27: =D27-C27 -> 1 | F27: X | K27: X | N27: X | R27: X | T27: X | W27: =IF(COUNTA(F27:U27)=0,"— não preenchido",IF(COUNTIF(F27:J27,"X")<>1,"FALTA/DUPLA: CONDIÇÃO DO PAVIMENTO",IF(COUNTIF(K27:L27,"X")<>1,"FALTA/DUPLA: VEGETAÇÃO",IF(COUNTIF(M27:O27,"X")<>1,"FALTA/DUPLA: ELEM. DE DRENAGEM",IF(COUNTIF(P27:R27,"X")<>1,"FALTA/DUPLA: SIN. HORIZ.",IF(COUNTIF(S27:U27,"X")<>1,"FALTA/DUPLA: SIN. VERTICAL","OK")))))) -> OK
A28: 164ETO0210 | B28: C | C28: 19 | D28: 20 | E28: =D28-C28 -> 1 | F28: X | K28: X | N28: X | R28: X | T28: X | W28: =IF(COUNTA(F28:U28)=0,"— não preenchido",IF(COUNTIF(F28:J28,"X")<>1,"FALTA/DUPLA: CONDIÇÃO DO PAVIMENTO",IF(COUNTIF(K28:L28,"X")<>1,"FALTA/DUPLA: VEGETAÇÃO",IF(COUNTIF(M28:O28,"X")<>1,"FALTA/DUPLA: ELEM. DE DRENAGEM",IF(COUNTIF(P28:R28,"X")<>1,"FALTA/DUPLA: SIN. HORIZ.",IF(COUNTIF(S28:U28,"X")<>1,"FALTA/DUPLA: SIN. VERTICAL","OK")))))) -> OK
A29: 164ETO0210 | B29: C | C29: 20 | D29: 21 | E29: =D29-C29 -> 1 | F29: X | K29: X | N29: X | R29: X | T29: X | W29: =IF(COUNTA(F29:U29)=0,"— não preenchido",IF(COUNTIF(F29:J29,"X")<>1,"FALTA/DUPLA: CONDIÇÃO DO PAVIMENTO",IF(COUNTIF(K29:L29,"X")<>1,"FALTA/DUPLA: VEGETAÇÃO",IF(COUNTIF(M29:O29,"X")<>1,"FALTA/DUPLA: ELEM. DE DRENAGEM",IF(COUNTIF(P29:R29,"X")<>1,"FALTA/DUPLA: SIN. HORIZ.",IF(COUNTIF(S29:U29,"X")<>1,"FALTA/DUPLA: SIN. VERTICAL","OK")))))) -> OK
A30: 164ETO0210 | B30: C | C30: 21 | D30: 22 | E30: =D30-C30 -> 1 | F30: X | K30: X | N30: X | R30: X | T30: X | W30: =IF(COUNTA(F30:U30)=0,"— não preenchido",IF(COUNTIF(F30:J30,"X")<>1,"FALTA/DUPLA: CONDIÇÃO DO PAVIMENTO",IF(COUNTIF(K30:L30,"X")<>1,"FALTA/DUPLA: VEGETAÇÃO",IF(COUNTIF(M30:O30,"X")<>1,"FALTA/DUPLA: ELEM. DE DRENAGEM",IF(COUNTIF(P30:R30,"X")<>1,"FALTA/DUPLA: SIN. HORIZ.",IF(COUNTIF(S30:U30,"X")<>1,"FALTA/DUPLA: SIN. VERTICAL","OK")))))) -> OK
A31: 164ETO0210 | B31: C | C31: 22 | D31: 23 | E31: =D31-C31 -> 1 | F31: X | K31: X | N31: X | R31: X | T31: X | W31: =IF(COUNTA(F31:U31)=0,"— não preenchido",IF(COUNTIF(F31:J31,"X")<>1,"FALTA/DUPLA: CONDIÇÃO DO PAVIMENTO",IF(COUNTIF(K31:L31,"X")<>1,"FALTA/DUPLA: VEGETAÇÃO",IF(COUNTIF(M31:O31,"X")<>1,"FALTA/DUPLA: ELEM. DE DRENAGEM",IF(COUNTIF(P31:R31,"X")<>1,"FALTA/DUPLA: SIN. HORIZ.",IF(COUNTIF(S31:U31,"X")<>1,"FALTA/DUPLA: SIN. VERTICAL","OK")))))) -> OK
A32: 164ETO0210 | B32: C | C32: 23 | D32: 24 | E32: =D32-C32 -> 1 | F32: X | K32: X | N32: X | R32: X | T32: X | W32: =IF(COUNTA(F32:U32)=0,"— não preenchido",IF(COUNTIF(F32:J32,"X")<>1,"FALTA/DUPLA: CONDIÇÃO DO PAVIMENTO",IF(COUNTIF(K32:L32,"X")<>1,"FALTA/DUPLA: VEGETAÇÃO",IF(COUNTIF(M32:O32,"X")<>1,"FALTA/DUPLA: ELEM. DE DRENAGEM",IF(COUNTIF(P32:R32,"X")<>1,"FALTA/DUPLA: SIN. HORIZ.",IF(COUNTIF(S32:U32,"X")<>1,"FALTA/DUPLA: SIN. VERTICAL","OK")))))) -> OK
A33: 164ETO0210 | B33: C | C33: 24 | D33: 24.68384 | E33: =D33-C33 -> 0.68384001 | F33: X | K33: X | N33: X | R33: X | T33: X | W33: =IF(COUNTA(F33:U33)=0,"— não preenchido",IF(COUNTIF(F33:J33,"X")<>1,"FALTA/DUPLA: CONDIÇÃO DO PAVIMENTO",IF(COUNTIF(K33:L33,"X")<>1,"FALTA/DUPLA: VEGETAÇÃO",IF(COUNTIF(M33:O33,"X")<>1,"FALTA/DUPLA: ELEM. DE DRENAGEM",IF(COUNTIF(P33:R33,"X")<>1,"FALTA/DUPLA: SIN. HORIZ.",IF(COUNTIF(S33:U33,"X")<>1,"FALTA/DUPLA: SIN. VERTICAL","OK")))))) -> OK
A34: S.R.E. 164ETO0230 | ENTR. TO-430 - ZÉ PRETO | PPS · Estadual · 4.983 km · início: -7.762409, -48.945331
A35: 164ETO0230 | B35: C | C35: 0 | D35: 1 | E35: =D35-C35 -> 1 | F35: X | K35: X | N35: x | R35: X | T35: X | W35: =IF(COUNTA(F35:U35)=0,"— não preenchido",IF(COUNTIF(F35:J35,"X")<>1,"FALTA/DUPLA: CONDIÇÃO DO PAVIMENTO",IF(COUNTIF(K35:L35,"X")<>1,"FALTA/DUPLA: VEGETAÇÃO",IF(COUNTIF(M35:O35,"X")<>1,"FALTA/DUPLA: ELEM. DE DRENAGEM",IF(COUNTIF(P35:R35,"X")<>1,"FALTA/DUPLA: SIN. HORIZ.",IF(COUNTIF(S35:U35,"X")<>1,"FALTA/DUPLA: SIN. VERTICAL","OK")))))) -> OK
A36: 164ETO0230 | B36: C | C36: 1 | D36: 2 | E36: =D36-C36 -> 1 | F36: X | K36: X | M36: X | R36: X | T36: X | W36: =IF(COUNTA(F36:U36)=0,"— não preenchido",IF(COUNTIF(F36:J36,"X")<>1,"FALTA/DUPLA: CONDIÇÃO DO PAVIMENTO",IF(COUNTIF(K36:L36,"X")<>1,"FALTA/DUPLA: VEGETAÇÃO",IF(COUNTIF(M36:O36,"X")<>1,"FALTA/DUPLA: ELEM. DE DRENAGEM",IF(COUNTIF(P36:R36,"X")<>1,"FALTA/DUPLA: SIN. HORIZ.",IF(COUNTIF(S36:U36,"X")<>1,"FALTA/DUPLA: SIN. VERTICAL","OK")))))) -> OK
A37: 164ETO0230 | B37: C | C37: 2 | D37: 3 | E37: =D37-C37 -> 1 | I37: X | K37: X | M37: X | R37: X | T37: X | W37: =IF(COUNTA(F37:U37)=0,"— não preenchido",IF(COUNTIF(F37:J37,"X")<>1,"FALTA/DUPLA: CONDIÇÃO DO PAVIMENTO",IF(COUNTIF(K37:L37,"X")<>1,"FALTA/DUPLA: VEGETAÇÃO",IF(COUNTIF(M37:O37,"X")<>1,"FALTA/DUPLA: ELEM. DE DRENAGEM",IF(COUNTIF(P37:R37,"X")<>1,"FALTA/DUPLA: SIN. HORIZ.",IF(COUNTIF(S37:U37,"X")<>1,"FALTA/DUPLA: SIN. VERTICAL","OK")))))) -> OK
A38: 164ETO0230 | B38: C | C38: 3 | D38: 4 | E38: =D38-C38 -> 1 | I38: X | K38: X | M38: X | R38: X | T38: X | W38: =IF(COUNTA(F38:U38)=0,"— não preenchido",IF(COUNTIF(F38:J38,"X")<>1,"FALTA/DUPLA: CONDIÇÃO DO PAVIMENTO",IF(COUNTIF(K38:L38,"X")<>1,"FALTA/DUPLA: VEGETAÇÃO",IF(COUNTIF(M38:O38,"X")<>1,"FALTA/DUPLA: ELEM. DE DRENAGEM",IF(COUNTIF(P38:R38,"X")<>1,"FALTA/DUPLA: SIN. HORIZ.",IF(COUNTIF(S38:U38,"X")<>1,"FALTA/DUPLA: SIN. VERTICAL","OK")))))) -> OK
A39: 164ETO0230 | B39: C | C39: 4 | D39: 4.9826602 | E39: =D39-C39 -> 0.98266015 | F39: X | K39: X | N39: x | R39: X | T39: X | W39: =IF(COUNTA(F39:U39)=0,"— não preenchido",IF(COUNTIF(F39:J39,"X")<>1,"FALTA/DUPLA: CONDIÇÃO DO PAVIMENTO",IF(COUNTIF(K39:L39,"X")<>1,"FALTA/DUPLA: VEGETAÇÃO",IF(COUNTIF(M39:O39,"X")<>1,"FALTA/DUPLA: ELEM. DE DRENAGEM",IF(COUNTIF(P39:R39,"X")<>1,"FALTA/DUPLA: SIN. HORIZ.",IF(COUNTIF(S39:U39,"X")<>1,"FALTA/DUPLA: SIN. VERTICAL","OK")))))) -> OK
A40: S.R.E. 164ETO0240 | ZÉ PRETO - ENTR. TO-433 | PPS · Estadual · 8.820 km · início: -7.802694, -48.930379
A41: 164ETO0240 | B41: C | C41: 0 | D41: 1 | E41: =D41-C41 -> 1 | F41: X | K41: X | M41: X | R41: X | T41: X | W41: =IF(COUNTA(F41:U41)=0,"— não preenchido",IF(COUNTIF(F41:J41,"X")<>1,"FALTA/DUPLA: CONDIÇÃO DO PAVIMENTO",IF(COUNTIF(K41:L41,"X")<>1,"FALTA/DUPLA: VEGETAÇÃO",IF(COUNTIF(M41:O41,"X")<>1,"FALTA/DUPLA: ELEM. DE DRENAGEM",IF(COUNTIF(P41:R41,"X")<>1,"FALTA/DUPLA: SIN. HORIZ.",IF(COUNTIF(S41:U41,"X")<>1,"FALTA/DUPLA: SIN. VERTICAL","OK")))))) -> OK
A42: 164ETO0240 | B42: C | C42: 1 | D42: 2 | E42: =D42-C42 -> 1 | F42: X | K42: X | M42: X | R42: X | T42: X | W42: =IF(COUNTA(F42:U42)=0,"— não preenchido",IF(COUNTIF(F42:J42,"X")<>1,"FALTA/DUPLA: CONDIÇÃO DO PAVIMENTO",IF(COUNTIF(K42:L42,"X")<>1,"FALTA/DUPLA: VEGETAÇÃO",IF(COUNTIF(M42:O42,"X")<>1,"FALTA/DUPLA: ELEM. DE DRENAGEM",IF(COUNTIF(P42:R42,"X")<>1,"FALTA/DUPLA: SIN. HORIZ.",IF(COUNTIF(S42:U42,"X")<>1,"FALTA/DUPLA: SIN. VERTICAL","OK")))))) -> OK
A43: 164ETO0240 | B43: C | C43: 2 | D43: 3 | E43: =D43-C43 -> 1 | F43: X | K43: X | M43: X | R43: X | T43: X | W43: =IF(COUNTA(F43:U43)=0,"— não preenchido",IF(COUNTIF(F43:J43,"X")<>1,"FALTA/DUPLA: CONDIÇÃO DO PAVIMENTO",IF(COUNTIF(K43:L43,"X")<>1,"FALTA/DUPLA: VEGETAÇÃO",IF(COUNTIF(M43:O43,"X")<>1,"FALTA/DUPLA: ELEM. DE DRENAGEM",IF(COUNTIF(P43:R43,"X")<>1,"FALTA/DUPLA: SIN. HORIZ.",IF(COUNTIF(S43:U43,"X")<>1,"FALTA/DUPLA: SIN. VERTICAL","OK")))))) -> OK
A44: 164ETO0240 | B44: C | C44: 3 | D44: 4 | E44: =D44-C44 -> 1 | F44: X | K44: X | M44: X | R44: X | T44: X | W44: =IF(COUNTA(F44:U44)=0,"— não preenchido",IF(COUNTIF(F44:J44,"X")<>1,"FALTA/DUPLA: CONDIÇÃO DO PAVIMENTO",IF(COUNTIF(K44:L44,"X")<>1,"FALTA/DUPLA: VEGETAÇÃO",IF(COUNTIF(M44:O44,"X")<>1,"FALTA/DUPLA: ELEM. DE DRENAGEM",IF(COUNTIF(P44:R44,"X")<>1,"FALTA/DUPLA: SIN. HORIZ.",IF(COUNTIF(S44:U44,"X")<>1,"FALTA/DUPLA: SIN. VERTICAL","OK")))))) -> OK
A45: 164ETO0240 | B45: C | C45: 4 | D45: 5 | E45: =D45-C45 -> 1 | F45: X | K45: X | N45: x | R45: X | T45: X | W45: =IF(COUNTA(F45:U45)=0,"— não preenchido",IF(COUNTIF(F45:J45,"X")<>1,"FALTA/DUPLA: CONDIÇÃO DO PAVIMENTO",IF(COUNTIF(K45:L45,"X")<>1,"FALTA/DUPLA: VEGETAÇÃO",IF(COUNTIF(M45:O45,"X")<>1,"FALTA/DUPLA: ELEM. DE DRENAGEM",IF(COUNTIF(P45:R45,"X")<>1,"FALTA/DUPLA: SIN. HORIZ.",IF(COUNTIF(S45:U45,"X")<>1,"FALTA/DUPLA: SIN. VERTICAL","OK")))))) -> OK
A46: 164ETO0240 | B46: C | C46: 5 | D46: 6 | E46: =D46-C46 -> 1 | J46: X | K46: X | N46: x | P46: X | T46: X | W46: =IF(COUNTA(F46:U46)=0,"— não preenchido",IF(COUNTIF(F46:J46,"X")<>1,"FALTA/DUPLA: CONDIÇÃO DO PAVIMENTO",IF(COUNTIF(K46:L46,"X")<>1,"FALTA/DUPLA: VEGETAÇÃO",IF(COUNTIF(M46:O46,"X")<>1,"FALTA/DUPLA: ELEM. DE DRENAGEM",IF(COUNTIF(P46:R46,"X")<>1,"FALTA/DUPLA: SIN. HORIZ.",IF(COUNTIF(S46:U46,"X")<>1,"FALTA/DUPLA: SIN. VERTICAL","OK")))))) -> OK
A47: 164ETO0240 | B47: C | C47: 6 | D47: 7 | E47: =D47-C47 -> 1 | F47: X | K47: X | N47: x | P47: X | T47: X | W47: =IF(COUNTA(F47:U47)=0,"— não preenchido",IF(COUNTIF(F47:J47,"X")<>1,"FALTA/DUPLA: CONDIÇÃO DO PAVIMENTO",IF(COUNTIF(K47:L47,"X")<>1,"FALTA/DUPLA: VEGETAÇÃO",IF(COUNTIF(M47:O47,"X")<>1,"FALTA/DUPLA: ELEM. DE DRENAGEM",IF(COUNTIF(P47:R47,"X")<>1,"FALTA/DUPLA: SIN. HORIZ.",IF(COUNTIF(S47:U47,"X")<>1,"FALTA/DUPLA: SIN. VERTICAL","OK")))))) -> OK
A48: 164ETO0240 | B48: C | C48: 7 | D48: 8 | E48: =D48-C48 -> 1 | F48: X | K48: X | N48: x | R48: X | T48: X | W48: =IF(COUNTA(F48:U48)=0,"— não preenchido",IF(COUNTIF(F48:J48,"X")<>1,"FALTA/DUPLA: CONDIÇÃO DO PAVIMENTO",IF(COUNTIF(K48:L48,"X")<>1,"FALTA/DUPLA: VEGETAÇÃO",IF(COUNTIF(M48:O48,"X")<>1,"FALTA/DUPLA: ELEM. DE DRENAGEM",IF(COUNTIF(P48:R48,"X")<>1,"FALTA/DUPLA: SIN. HORIZ.",IF(COUNTIF(S48:U48,"X")<>1,"FALTA/DUPLA: SIN. VERTICAL","OK")))))) -> OK
A49: 164ETO0240 | B49: C | C49: 8 | D49: 8.8198807 | E49: =D49-C49 -> 0.81988065 | F49: X | K49: X | N49: x | R49: X | T49: X | W49: =IF(COUNTA(F49:U49)=0,"— não preenchido",IF(COUNTIF(F49:J49,"X")<>1,"FALTA/DUPLA: CONDIÇÃO DO PAVIMENTO",IF(COUNTIF(K49:L49,"X")<>1,"FALTA/DUPLA: VEGETAÇÃO",IF(COUNTIF(M49:O49,"X")<>1,"FALTA/DUPLA: ELEM. DE DRENAGEM",IF(COUNTIF(P49:R49,"X")<>1,"FALTA/DUPLA: SIN. HORIZ.",IF(COUNTIF(S49:U49,"X")<>1,"FALTA/DUPLA: SIN. VERTICAL","OK")))))) -> OK
A50: S.R.E. 164ETO0250 | ENTR. TO-433 - BERNARDO SAYÃO *TRECHO URBANO* | PPS · Estadual · 2.503 km · início: -7.856497, -48.899827
A51: 164ETO0250 | B51: C | C51: 0 | D51: 1 | E51: =D51-C51 -> 1 | F51: X | K51: X | M51: X | R51: X | T51: X | W51: =IF(COUNTA(F51:U51)=0,"— não preenchido",IF(COUNTIF(F51:J51,"X")<>1,"FALTA/DUPLA: CONDIÇÃO DO PAVIMENTO",IF(COUNTIF(K51:L51,"X")<>1,"FALTA/DUPLA: VEGETAÇÃO",IF(COUNTIF(M51:O51,"X")<>1,"FALTA/DUPLA: ELEM. DE DRENAGEM",IF(COUNTIF(P51:R51,"X")<>1,"FALTA/DUPLA: SIN. HORIZ.",IF(COUNTIF(S51:U51,"X")<>1,"FALTA/DUPLA: SIN. VERTICAL","OK")))))) -> OK
A52: 164ETO0250 | B52: C | C52: 1 | D52: 2 | E52: =D52-C52 -> 1 | F52: X | K52: X | M52: X | R52: X | T52: X | W52: =IF(COUNTA(F52:U52)=0,"— não preenchido",IF(COUNTIF(F52:J52,"X")<>1,"FALTA/DUPLA: CONDIÇÃO DO PAVIMENTO",IF(COUNTIF(K52:L52,"X")<>1,"FALTA/DUPLA: VEGETAÇÃO",IF(COUNTIF(M52:O52,"X")<>1,"FALTA/DUPLA: ELEM. DE DRENAGEM",IF(COUNTIF(P52:R52,"X")<>1,"FALTA/DUPLA: SIN. HORIZ.",IF(COUNTIF(S52:U52,"X")<>1,"FALTA/DUPLA: SIN. VERTICAL","OK")))))) -> OK
A53: 164ETO0250 | B53: C | C53: 2 | D53: 2.5030331 | E53: =D53-C53 -> 0.5030331 | F53: X | K53: X | M53: X | R53: X | T53: X | W53: =IF(COUNTA(F53:U53)=0,"— não preenchido",IF(COUNTIF(F53:J53,"X")<>1,"FALTA/DUPLA: CONDIÇÃO DO PAVIMENTO",IF(COUNTIF(K53:L53,"X")<>1,"FALTA/DUPLA: VEGETAÇÃO",IF(COUNTIF(M53:O53,"X")<>1,"FALTA/DUPLA: ELEM. DE DRENAGEM",IF(COUNTIF(P53:R53,"X")<>1,"FALTA/DUPLA: SIN. HORIZ.",IF(COUNTIF(S53:U53,"X")<>1,"FALTA/DUPLA: SIN. VERTICAL","OK")))))) -> OK
A55: ____________________________________________ | G55: ____________________________________________
A56: TÉCNICO RESPONSÁVEL PELA INSPEÇÃO | G56: VISTO DA SUPERVISÃO
A58: RESUMO DO TRECHO — KM LANÇADO POR ITEM
A59: KM LANÇADO | F59: =SUMIF(F$9:F$53,"X",$E$9:$E$53) -> 33.989414 | G59: =SUMIF(G$9:G$53,"X",$E$9:$E$53) -> 0 | H59: =SUMIF(H$9:H$53,"X",$E$9:$E$53) -> 0 | I59: =SUMIF(I$9:I$53,"X",$E$9:$E$53) -> 3 | J59: =SUMIF(J$9:J$53,"X",$E$9:$E$53) -> 4 | K59: =SUMIF(K$9:K$53,"X",$E$9:$E$53) -> 40.989414 | L59: =SUMIF(L$9:L$53,"X",$E$9:$E$53) -> 0 | M59: =SUMIF(M$9:M$53,"X",$E$9:$E$53) -> 9.5030331 | ... U59: =SUMIF(U$9:U$53,"X",$E$9:$E$53) -> 0
A60: % DA EXTENSÃO | F60: =IF($R62=0,0,F59/$R62) -> 0.8292242 | G60: =IF($R62=0,0,G59/$R62) -> 0 | H60: =IF($R62=0,0,H59/$R62) -> 0 | I60: =IF($R62=0,0,I59/$R62) -> 0.073189629 | J60: =IF($R62=0,0,J59/$R62) -> 0.097586172 | K60: =IF($R62=0,0,K59/$R62) -> 1 | L60: =IF($R62=0,0,L59/$R62) -> 0 | M60: =IF($R62=0,0,M59/$R62) -> 0.23184116 | ... U60: =IF($R62=0,0,U59/$R62) -> 0
A61: CONFERÊNCIA POR GRUPO | F61: =IF(SUM(F59:J59)=0,"— não preenchido",IF(ROUND(SUM(F59:J59)-$R62,3)=0,"OK — "&ROUND(SUM(F59:J59),3)&" km","ERRO — dif. de "&ROUND(SUM(F59:J59)-$R62,3)&" km")) -> OK — 40,989 km | K61: =IF(SUM(K59:L59)=0,"— não preenchido",IF(ROUND(SUM(K59:L59)-$R62,3)=0,"OK — "&ROUND(SUM(K59:L59),3)&" km","ERRO — dif. de "&ROUND(SUM(K59:L59)-$R62,3)&" km")) -> OK — 40,989 km | M61: =IF(SUM(M59:O59)=0,"— não preenchido",IF(ROUND(SUM(M59:O59)-$R62,3)=0,"OK — "&ROUND(SUM(M59:O59),3)&" km","ERRO — dif. de "&ROUND(SUM(M59:O59)-$R62,3)&" km")) -> OK — 40,989 km | P61: =IF(SUM(P59:R59)=0,"— não preenchido",IF(ROUND(SUM(P59:R59)-$R62,3)=0,"OK — "&ROUND(SUM(P59:R59),3)&" km","ERRO — dif. de "&ROUND(SUM(P59:R59)-$R62,3)&" km")) -> OK — 40,989 km | S61: =IF(SUM(S59:U59)=0,"— não preenchido",IF(ROUND(SUM(S59:U59)-$R62,3)=0,"OK — "&ROUND(SUM(S59:U59),3)&" km","ERRO — dif. de "&ROUND(SUM(S59:U59)-$R62,3)&" km")) -> OK — 40,989 km
A62: EXTENSÃO TOTAL DO TRECHO | R62: =SUM(E9:E53) -> 40.989414 | V62: =COUNTIF(W9:W53,"OK")&" de "&COUNT($E$9:$E$53)&" linhas conferidas" -> 42 de 42 linhas conferidas
A64: LEGENDA
A65: REM. I. / REM. L. | E65: Remendos isolados (até 10 por km) · Remendos ao longo (mais de 10 por km)
A66: BUR. I. / BUR. L. | E66: Buracos isolados (até 5 por km) · Buracos ao longo (mais de 5 por km)
A67: SIT. | E67: PPS = pista simples · PSU = simples urbana · PDU = duplicada
A68: FAIXA AZUL | E68: Cabeçalho de cada S.R.E.: descrição, situação, jurisdição, extensão e coordenada de início.
A69: INÍCIO / FIM (KM) | E69: Contados de 0 até o fim de CADA S.R.E. Não é o marco quilométrico da rodovia.
A70: SENT. | E70: C = crescente · D = decrescente
A71: FAIXA CINZA | E71: Segmento fora do escopo do contrato: você passa por ele, mas não preenche.
A72: CÉLULA VERMELHA | E72: Mais de uma X no mesmo grupo. Apague uma delas.
A73: CONFERÊNCIA | E73: Só na tela, não sai impresso. Fica OK com uma X em cada grupo.

Sheet 47
A1: PROGRAMA DE MANUTENÇÃO RODOVIÁRIA — FICHA DE INSPEÇÃO — RODOVIAS PAVIMENTADAS | Y1: Valores dos gráficos — troca 0 por N/D para a fatia não aparecer. Não editar.
A2: REGIÃO: 2 — ARAGUAÍNA I | G2: MÊS / ANO: | I2: =IF('39'!I2="","",'39'!I2) -> 46235 | K2: DATA: | N2: =IF('39'!N2="","",'39'!N2) | P2: TÉCNICO: | R2: =IF('39'!R2="","",'39'!R2) -> ENG. VINICIUS RODRIGUES FERREIRA DE OLIVEIRA | Y2: =IF(F16=0,NA(),F16) -> 1.8943523 | Z2: =IF(G16=0,NA(),G16) -> #N/A | AA2: =IF(H16=0,NA(),H16) -> #N/A | AB2: =IF(I16=0,NA(),I16) -> #N/A | AC2: =IF(J16=0,NA(),J16) -> #N/A | AD2: =IF(K16=0,NA(),K16) -> #N/A | AE2: =IF(L16=0,NA(),L16) -> 1.8943523 | AF2: =IF(M16=0,NA(),M16) -> 1.8943523 | ... AN2: =IF(U16=0,NA(),U16) -> #N/A
A3: TRECHO 47 — RODOVIA TO-164 - TRECHO MURICILÂNDIA - ENTR. TO-226 | T3: EXTENSÃO: 1,894 km · 1 S.R.E.
A4: COMO PREENCHER: uma X em UMA coluna de cada grupo, por linha. Se houver mais de um defeito no mesmo km, marque o PREDOMINANTE e escreva o resto em OBSERVAÇÕES. A quilometragem é contada de 0 até o fim de CADA S.R.E. (não é o marco da rodovia).
A6: S.R.E. | B6: SENT. | C6: INÍCIO (KM) | D6: FIM (KM) | E6: EXT. (KM) | F6: CONDIÇÃO DO PAVIMENTO | K6: VEGETAÇÃO | M6: ELEM. DE DRENAGEM | P6: SIN. HORIZ. | S6: SIN. VERTICAL | V6: OBSERVAÇÕES | W6: CONFERÊNCIA (só na tela)
F7: BOM | G7: REM. I. | H7: REM. L. | I7: BUR. I. | J7: BUR. L. | K7: ADEQ. | L7: INAD. | M7: LIMPOS | N7: SUJOS | O7: DAN. | P7: BOM | Q7: REG. | R7: INEXIST. | S7: BOM | T7: POUCAS | U7: INEXIST.
A8: S.R.E. 164ETO0156E | MURICILÃNDIA * TRECHO URBANO* (código antigo: 164ETO0156) | PSU · Municipal · 1.894 km · início: -7.137499, -48.603267
A9: 164ETO0156E | B9: C | C9: 0 | D9: 1 | E9: =D9-C9 -> 1 | F9: X | L9: X | M9: X | Q9: X | T9: X | W9: =IF(COUNTA(F9:U9)=0,"— não preenchido",IF(COUNTIF(F9:J9,"X")<>1,"FALTA/DUPLA: CONDIÇÃO DO PAVIMENTO",IF(COUNTIF(K9:L9,"X")<>1,"FALTA/DUPLA: VEGETAÇÃO",IF(COUNTIF(M9:O9,"X")<>1,"FALTA/DUPLA: ELEM. DE DRENAGEM",IF(COUNTIF(P9:R9,"X")<>1,"FALTA/DUPLA: SIN. HORIZ.",IF(COUNTIF(S9:U9,"X")<>1,"FALTA/DUPLA: SIN. VERTICAL","OK")))))) -> OK
A10: 164ETO0156E | B10: C | C10: 1 | D10: 1.8943523 | E10: =D10-C10 -> 0.89435233 | F10: X | L10: X | M10: X | Q10: X | T10: X | W10: =IF(COUNTA(F10:U10)=0,"— não preenchido",IF(COUNTIF(F10:J10,"X")<>1,"FALTA/DUPLA: CONDIÇÃO DO PAVIMENTO",IF(COUNTIF(K10:L10,"X")<>1,"FALTA/DUPLA: VEGETAÇÃO",IF(COUNTIF(M10:O10,"X")<>1,"FALTA/DUPLA: ELEM. DE DRENAGEM",IF(COUNTIF(P10:R10,"X")<>1,"FALTA/DUPLA: SIN. HORIZ.",IF(COUNTIF(S10:U10,"X")<>1,"FALTA/DUPLA: SIN. VERTICAL","OK")))))) -> OK
A12: ____________________________________________ | G12: ____________________________________________
A13: TÉCNICO RESPONSÁVEL PELA INSPEÇÃO | G13: VISTO DA SUPERVISÃO
A15: RESUMO DO TRECHO — KM LANÇADO POR ITEM
A16: KM LANÇADO | F16: =SUMIF(F$9:F$10,"X",$E$9:$E$10) -> 1.8943523 | G16: =SUMIF(G$9:G$10,"X",$E$9:$E$10) -> 0 | H16: =SUMIF(H$9:H$10,"X",$E$9:$E$10) -> 0 | I16: =SUMIF(I$9:I$10,"X",$E$9:$E$10) -> 0 | J16: =SUMIF(J$9:J$10,"X",$E$9:$E$10) -> 0 | K16: =SUMIF(K$9:K$10,"X",$E$9:$E$10) -> 0 | L16: =SUMIF(L$9:L$10,"X",$E$9:$E$10) -> 1.8943523 | M16: =SUMIF(M$9:M$10,"X",$E$9:$E$10) -> 1.8943523 | ... U16: =SUMIF(U$9:U$10,"X",$E$9:$E$10) -> 0
A17: % DA EXTENSÃO | F17: =IF($R19=0,0,F16/$R19) -> 1 | G17: =IF($R19=0,0,G16/$R19) -> 0 | H17: =IF($R19=0,0,H16/$R19) -> 0 | I17: =IF($R19=0,0,I16/$R19) -> 0 | J17: =IF($R19=0,0,J16/$R19) -> 0 | K17: =IF($R19=0,0,K16/$R19) -> 0 | L17: =IF($R19=0,0,L16/$R19) -> 1 | M17: =IF($R19=0,0,M16/$R19) -> 1 | ... U17: =IF($R19=0,0,U16/$R19) -> 0
A18: CONFERÊNCIA POR GRUPO | F18: =IF(SUM(F16:J16)=0,"— não preenchido",IF(ROUND(SUM(F16:J16)-$R19,3)=0,"OK — "&ROUND(SUM(F16:J16),3)&" km","ERRO — dif. de "&ROUND(SUM(F16:J16)-$R19,3)&" km")) -> OK — 1,894 km | K18: =IF(SUM(K16:L16)=0,"— não preenchido",IF(ROUND(SUM(K16:L16)-$R19,3)=0,"OK — "&ROUND(SUM(K16:L16),3)&" km","ERRO — dif. de "&ROUND(SUM(K16:L16)-$R19,3)&" km")) -> OK — 1,894 km | M18: =IF(SUM(M16:O16)=0,"— não preenchido",IF(ROUND(SUM(M16:O16)-$R19,3)=0,"OK — "&ROUND(SUM(M16:O16),3)&" km","ERRO — dif. de "&ROUND(SUM(M16:O16)-$R19,3)&" km")) -> OK — 1,894 km | P18: =IF(SUM(P16:R16)=0,"— não preenchido",IF(ROUND(SUM(P16:R16)-$R19,3)=0,"OK — "&ROUND(SUM(P16:R16),3)&" km","ERRO — dif. de "&ROUND(SUM(P16:R16)-$R19,3)&" km")) -> OK — 1,894 km | S18: =IF(SUM(S16:U16)=0,"— não preenchido",IF(ROUND(SUM(S16:U16)-$R19,3)=0,"OK — "&ROUND(SUM(S16:U16),3)&" km","ERRO — dif. de "&ROUND(SUM(S16:U16)-$R19,3)&" km")) -> OK — 1,894 km
A19: EXTENSÃO TOTAL DO TRECHO | R19: =SUM(E9:E10) -> 1.8943523 | V19: =COUNTIF(W9:W10,"OK")&" de "&COUNT($E$9:$E$10)&" linhas conferidas" -> 2 de 2 linhas conferidas
A21: LEGENDA
A22: REM. I. / REM. L. | E22: Remendos isolados (até 10 por km) · Remendos ao longo (mais de 10 por km)
A23: BUR. I. / BUR. L. | E23: Buracos isolados (até 5 por km) · Buracos ao longo (mais de 5 por km)
A24: SIT. | E24: PPS = pista simples · PSU = simples urbana · PDU = duplicada
A25: FAIXA AZUL | E25: Cabeçalho de cada S.R.E.: descrição, situação, jurisdição, extensão e coordenada de início.
A26: INÍCIO / FIM (KM) | E26: Contados de 0 até o fim de CADA S.R.E. Não é o marco quilométrico da rodovia.
A27: SENT. | E27: C = crescente · D = decrescente
A28: FAIXA CINZA | E28: Segmento fora do escopo do contrato: você passa por ele, mas não preenche.
A29: CÉLULA VERMELHA | E29: Mais de uma X no mesmo grupo. Apague uma delas.
A30: CONFERÊNCIA | E30: Só na tela, não sai impresso. Fica OK com uma X em cada grupo.

Sheet 50
A1: PROGRAMA DE MANUTENÇÃO RODOVIÁRIA — FICHA DE INSPEÇÃO — RODOVIAS PAVIMENTADAS | Y1: Valores dos gráficos — troca 0 por N/D para a fatia não aparecer. Não editar.
A2: REGIÃO: 2 — ARAGUAÍNA I | G2: MÊS / ANO: | I2: =IF('39'!I2="","",'39'!I2) -> 46235 | K2: DATA: | N2: =IF('39'!N2="","",'39'!N2) | P2: TÉCNICO: | R2: =IF('39'!R2="","",'39'!R2) -> ENG. VINICIUS RODRIGUES FERREIRA DE OLIVEIRA | Y2: =IF(F30=0,NA(),F30) -> 6 | Z2: =IF(G30=0,NA(),G30) -> 7.381599 | AA2: =IF(H30=0,NA(),H30) -> #N/A | AB2: =IF(I30=0,NA(),I30) -> #N/A | AC2: =IF(J30=0,NA(),J30) -> #N/A | AD2: =IF(K30=0,NA(),K30) -> 13.381599 | AE2: =IF(L30=0,NA(),L30) -> #N/A | AF2: =IF(M30=0,NA(),M30) -> #N/A | ... AN2: =IF(U30=0,NA(),U30) -> #N/A
A3: TRECHO 50 — RODOVIA TO-222 - TRECHO ARAGUAÍNA - ENTR. TO-164 (NOVO HORIZONTE) | T3: EXTENSÃO: 13,382 km · 2 S.R.E.
A4: COMO PREENCHER: uma X em UMA coluna de cada grupo, por linha. Se houver mais de um defeito no mesmo km, marque o PREDOMINANTE e escreva o resto em OBSERVAÇÕES. A quilometragem é contada de 0 até o fim de CADA S.R.E. (não é o marco da rodovia).
A6: S.R.E. | B6: SENT. | C6: INÍCIO (KM) | D6: FIM (KM) | E6: EXT. (KM) | F6: CONDIÇÃO DO PAVIMENTO | K6: VEGETAÇÃO | M6: ELEM. DE DRENAGEM | P6: SIN. HORIZ. | S6: SIN. VERTICAL | V6: OBSERVAÇÕES | W6: CONFERÊNCIA (só na tela)
F7: BOM | G7: REM. I. | H7: REM. L. | I7: BUR. I. | J7: BUR. L. | K7: ADEQ. | L7: INAD. | M7: LIMPOS | N7: SUJOS | O7: DAN. | P7: BOM | Q7: REG. | R7: INEXIST. | S7: BOM | T7: POUCAS | U7: INEXIST.
A8: S.R.E. 222ETO0130 | ENTR. BR-153 (ARAGUAINA) - ENTR. TO-419 (BARRA DA GROTA) | PPS · Estadual · 8.004 km · início: -7.192905, -48.23565
A9: 222ETO0130 | B9: C | C9: 0 | D9: 1 | E9: =D9-C9 -> 1 | F9: X | K9: X | N9: X | Q9: X | T9: X | W9: =IF(COUNTA(F9:U9)=0,"— não preenchido",IF(COUNTIF(F9:J9,"X")<>1,"FALTA/DUPLA: CONDIÇÃO DO PAVIMENTO",IF(COUNTIF(K9:L9,"X")<>1,"FALTA/DUPLA: VEGETAÇÃO",IF(COUNTIF(M9:O9,"X")<>1,"FALTA/DUPLA: ELEM. DE DRENAGEM",IF(COUNTIF(P9:R9,"X")<>1,"FALTA/DUPLA: SIN. HORIZ.",IF(COUNTIF(S9:U9,"X")<>1,"FALTA/DUPLA: SIN. VERTICAL","OK")))))) -> OK
A10: 222ETO0130 | B10: C | C10: 1 | D10: 2 | E10: =D10-C10 -> 1 | G10: X | K10: X | N10: X | R10: X | T10: X | W10: =IF(COUNTA(F10:U10)=0,"— não preenchido",IF(COUNTIF(F10:J10,"X")<>1,"FALTA/DUPLA: CONDIÇÃO DO PAVIMENTO",IF(COUNTIF(K10:L10,"X")<>1,"FALTA/DUPLA: VEGETAÇÃO",IF(COUNTIF(M10:O10,"X")<>1,"FALTA/DUPLA: ELEM. DE DRENAGEM",IF(COUNTIF(P10:R10,"X")<>1,"FALTA/DUPLA: SIN. HORIZ.",IF(COUNTIF(S10:U10,"X")<>1,"FALTA/DUPLA: SIN. VERTICAL","OK")))))) -> OK
A11: 222ETO0130 | B11: C | C11: 2 | D11: 3 | E11: =D11-C11 -> 1 | F11: X | K11: X | N11: X | R11: X | T11: X | W11: =IF(COUNTA(F11:U11)=0,"— não preenchido",IF(COUNTIF(F11:J11,"X")<>1,"FALTA/DUPLA: CONDIÇÃO DO PAVIMENTO",IF(COUNTIF(K11:L11,"X")<>1,"FALTA/DUPLA: VEGETAÇÃO",IF(COUNTIF(M11:O11,"X")<>1,"FALTA/DUPLA: ELEM. DE DRENAGEM",IF(COUNTIF(P11:R11,"X")<>1,"FALTA/DUPLA: SIN. HORIZ.",IF(COUNTIF(S11:U11,"X")<>1,"FALTA/DUPLA: SIN. VERTICAL","OK")))))) -> OK
A12: 222ETO0130 | B12: C | C12: 3 | D12: 4 | E12: =D12-C12 -> 1 | G12: X | K12: X | N12: X | R12: X | T12: X | W12: =IF(COUNTA(F12:U12)=0,"— não preenchido",IF(COUNTIF(F12:J12,"X")<>1,"FALTA/DUPLA: CONDIÇÃO DO PAVIMENTO",IF(COUNTIF(K12:L12,"X")<>1,"FALTA/DUPLA: VEGETAÇÃO",IF(COUNTIF(M12:O12,"X")<>1,"FALTA/DUPLA: ELEM. DE DRENAGEM",IF(COUNTIF(P12:R12,"X")<>1,"FALTA/DUPLA: SIN. HORIZ.",IF(COUNTIF(S12:U12,"X")<>1,"FALTA/DUPLA: SIN. VERTICAL","OK")))))) -> OK
A13: 222ETO0130 | B13: C | C13: 4 | D13: 5 | E13: =D13-C13 -> 1 | F13: X | K13: X | N13: X | R13: X | T13: X | W13: =IF(COUNTA(F13:U13)=0,"— não preenchido",IF(COUNTIF(F13:J13,"X")<>1,"FALTA/DUPLA: CONDIÇÃO DO PAVIMENTO",IF(COUNTIF(K13:L13,"X")<>1,"FALTA/DUPLA: VEGETAÇÃO",IF(COUNTIF(M13:O13,"X")<>1,"FALTA/DUPLA: ELEM. DE DRENAGEM",IF(COUNTIF(P13:R13,"X")<>1,"FALTA/DUPLA: SIN. HORIZ.",IF(COUNTIF(S13:U13,"X")<>1,"FALTA/DUPLA: SIN. VERTICAL","OK")))))) -> OK
A14: 222ETO0130 | B14: C | C14: 5 | D14: 6 | E14: =D14-C14 -> 1 | G14: X | K14: X | N14: X | R14: X | T14: X | W14: =IF(COUNTA(F14:U14)=0,"— não preenchido",IF(COUNTIF(F14:J14,"X")<>1,"FALTA/DUPLA: CONDIÇÃO DO PAVIMENTO",IF(COUNTIF(K14:L14,"X")<>1,"FALTA/DUPLA: VEGETAÇÃO",IF(COUNTIF(M14:O14,"X")<>1,"FALTA/DUPLA: ELEM. DE DRENAGEM",IF(COUNTIF(P14:R14,"X")<>1,"FALTA/DUPLA: SIN. HORIZ.",IF(COUNTIF(S14:U14,"X")<>1,"FALTA/DUPLA: SIN. VERTICAL","OK")))))) -> OK
A15: 222ETO0130 | B15: C | C15: 6 | D15: 7 | E15: =D15-C15 -> 1 | F15: X | K15: X | N15: X | R15: X | T15: X | W15: =IF(COUNTA(F15:U15)=0,"— não preenchido",IF(COUNTIF(F15:J15,"X")<>1,"FALTA/DUPLA: CONDIÇÃO DO PAVIMENTO",IF(COUNTIF(K15:L15,"X")<>1,"FALTA/DUPLA: VEGETAÇÃO",IF(COUNTIF(M15:O15,"X")<>1,"FALTA/DUPLA: ELEM. DE DRENAGEM",IF(COUNTIF(P15:R15,"X")<>1,"FALTA/DUPLA: SIN. HORIZ.",IF(COUNTIF(S15:U15,"X")<>1,"FALTA/DUPLA: SIN. VERTICAL","OK")))))) -> OK
A16: 222ETO0130 | B16: C | C16: 7 | D16: 8 | E16: =D16-C16 -> 1 | G16: X | K16: X | N16: X | R16: X | T16: X | W16: =IF(COUNTA(F16:U16)=0,"— não preenchido",IF(COUNTIF(F16:J16,"X")<>1,"FALTA/DUPLA: CONDIÇÃO DO PAVIMENTO",IF(COUNTIF(K16:L16,"X")<>1,"FALTA/DUPLA: VEGETAÇÃO",IF(COUNTIF(M16:O16,"X")<>1,"FALTA/DUPLA: ELEM. DE DRENAGEM",IF(COUNTIF(P16:R16,"X")<>1,"FALTA/DUPLA: SIN. HORIZ.",IF(COUNTIF(S16:U16,"X")<>1,"FALTA/DUPLA: SIN. VERTICAL","OK")))))) -> OK
A17: 222ETO0130 | B17: C | C17: 8 | D17: 8.004387 | E17: =D17-C17 -> 0.0043870223 | G17: X | K17: X | N17: X | R17: X | T17: X | W17: =IF(COUNTA(F17:U17)=0,"— não preenchido",IF(COUNTIF(F17:J17,"X")<>1,"FALTA/DUPLA: CONDIÇÃO DO PAVIMENTO",IF(COUNTIF(K17:L17,"X")<>1,"FALTA/DUPLA: VEGETAÇÃO",IF(COUNTIF(M17:O17,"X")<>1,"FALTA/DUPLA: ELEM. DE DRENAGEM",IF(COUNTIF(P17:R17,"X")<>1,"FALTA/DUPLA: SIN. HORIZ.",IF(COUNTIF(S17:U17,"X")<>1,"FALTA/DUPLA: SIN. VERTICAL","OK")))))) -> OK
A18: S.R.E. 222ETO0140 | ENTR. TO-419 (BARRA DA GROTA) - TO-164 (NOVO HORIZONTE) | PPS · Estadual · 5.377 km · início: -7.208791, -48.302069
A19: 222ETO0140 | B19: C | C19: 0 | D19: 1 | E19: =D19-C19 -> 1 | G19: X | K19: X | N19: X | R19: X | T19: X | W19: =IF(COUNTA(F19:U19)=0,"— não preenchido",IF(COUNTIF(F19:J19,"X")<>1,"FALTA/DUPLA: CONDIÇÃO DO PAVIMENTO",IF(COUNTIF(K19:L19,"X")<>1,"FALTA/DUPLA: VEGETAÇÃO",IF(COUNTIF(M19:O19,"X")<>1,"FALTA/DUPLA: ELEM. DE DRENAGEM",IF(COUNTIF(P19:R19,"X")<>1,"FALTA/DUPLA: SIN. HORIZ.",IF(COUNTIF(S19:U19,"X")<>1,"FALTA/DUPLA: SIN. VERTICAL","OK")))))) -> OK
A20: 222ETO0140 | B20: C | C20: 1 | D20: 2 | E20: =D20-C20 -> 1 | G20: X | K20: X | N20: X | R20: X | T20: X | W20: =IF(COUNTA(F20:U20)=0,"— não preenchido",IF(COUNTIF(F20:J20,"X")<>1,"FALTA/DUPLA: CONDIÇÃO DO PAVIMENTO",IF(COUNTIF(K20:L20,"X")<>1,"FALTA/DUPLA: VEGETAÇÃO",IF(COUNTIF(M20:O20,"X")<>1,"FALTA/DUPLA: ELEM. DE DRENAGEM",IF(COUNTIF(P20:R20,"X")<>1,"FALTA/DUPLA: SIN. HORIZ.",IF(COUNTIF(S20:U20,"X")<>1,"FALTA/DUPLA: SIN. VERTICAL","OK")))))) -> OK
A21: 222ETO0140 | B21: C | C21: 2 | D21: 3 | E21: =D21-C21 -> 1 | F21: X | K21: X | N21: X | R21: X | T21: X | W21: =IF(COUNTA(F21:U21)=0,"— não preenchido",IF(COUNTIF(F21:J21,"X")<>1,"FALTA/DUPLA: CONDIÇÃO DO PAVIMENTO",IF(COUNTIF(K21:L21,"X")<>1,"FALTA/DUPLA: VEGETAÇÃO",IF(COUNTIF(M21:O21,"X")<>1,"FALTA/DUPLA: ELEM. DE DRENAGEM",IF(COUNTIF(P21:R21,"X")<>1,"FALTA/DUPLA: SIN. HORIZ.",IF(COUNTIF(S21:U21,"X")<>1,"FALTA/DUPLA: SIN. VERTICAL","OK")))))) -> OK
A22: 222ETO0140 | B22: C | C22: 3 | D22: 4 | E22: =D22-C22 -> 1 | G22: X | K22: X | N22: X | R22: X | T22: X | W22: =IF(COUNTA(F22:U22)=0,"— não preenchido",IF(COUNTIF(F22:J22,"X")<>1,"FALTA/DUPLA: CONDIÇÃO DO PAVIMENTO",IF(COUNTIF(K22:L22,"X")<>1,"FALTA/DUPLA: VEGETAÇÃO",IF(COUNTIF(M22:O22,"X")<>1,"FALTA/DUPLA: ELEM. DE DRENAGEM",IF(COUNTIF(P22:R22,"X")<>1,"FALTA/DUPLA: SIN. HORIZ.",IF(COUNTIF(S22:U22,"X")<>1,"FALTA/DUPLA: SIN. VERTICAL","OK")))))) -> OK
A23: 222ETO0140 | B23: C | C23: 4 | D23: 5 | E23: =D23-C23 -> 1 | F23: X | K23: X | N23: X | R23: X | T23: X | W23: =IF(COUNTA(F23:U23)=0,"— não preenchido",IF(COUNTIF(F23:J23,"X")<>1,"FALTA/DUPLA: CONDIÇÃO DO PAVIMENTO",IF(COUNTIF(K23:L23,"X")<>1,"FALTA/DUPLA: VEGETAÇÃO",IF(COUNTIF(M23:O23,"X")<>1,"FALTA/DUPLA: ELEM. DE DRENAGEM",IF(COUNTIF(P23:R23,"X")<>1,"FALTA/DUPLA: SIN. HORIZ.",IF(COUNTIF(S23:U23,"X")<>1,"FALTA/DUPLA: SIN. VERTICAL","OK")))))) -> OK
A24: 222ETO0140 | B24: C | C24: 5 | D24: 5.377212 | E24: =D24-C24 -> 0.37721197 | G24: X | K24: X | N24: X | R24: X | T24: X | W24: =IF(COUNTA(F24:U24)=0,"— não preenchido",IF(COUNTIF(F24:J24,"X")<>1,"FALTA/DUPLA: CONDIÇÃO DO PAVIMENTO",IF(COUNTIF(K24:L24,"X")<>1,"FALTA/DUPLA: VEGETAÇÃO",IF(COUNTIF(M24:O24,"X")<>1,"FALTA/DUPLA: ELEM. DE DRENAGEM",IF(COUNTIF(P24:R24,"X")<>1,"FALTA/DUPLA: SIN. HORIZ.",IF(COUNTIF(S24:U24,"X")<>1,"FALTA/DUPLA: SIN. VERTICAL","OK")))))) -> OK
A26: ____________________________________________ | G26: ____________________________________________
A27: TÉCNICO RESPONSÁVEL PELA INSPEÇÃO | G27: VISTO DA SUPERVISÃO
A29: RESUMO DO TRECHO — KM LANÇADO POR ITEM
A30: KM LANÇADO | F30: =SUMIF(F$9:F$24,"X",$E$9:$E$24) -> 6 | G30: =SUMIF(G$9:G$24,"X",$E$9:$E$24) -> 7.381599 | H30: =SUMIF(H$9:H$24,"X",$E$9:$E$24) -> 0 | I30: =SUMIF(I$9:I$24,"X",$E$9:$E$24) -> 0 | J30: =SUMIF(J$9:J$24,"X",$E$9:$E$24) -> 0 | K30: =SUMIF(K$9:K$24,"X",$E$9:$E$24) -> 13.381599 | L30: =SUMIF(L$9:L$24,"X",$E$9:$E$24) -> 0 | M30: =SUMIF(M$9:M$24,"X",$E$9:$E$24) -> 0 | ... U30: =SUMIF(U$9:U$24,"X",$E$9:$E$24) -> 0
A31: % DA EXTENSÃO | F31: =IF($R33=0,0,F30/$R33) -> 0.44837691 | G31: =IF($R33=0,0,G30/$R33) -> 0.55162309 | H31: =IF($R33=0,0,H30/$R33) -> 0 | I31: =IF($R33=0,0,I30/$R33) -> 0 | J31: =IF($R33=0,0,J30/$R33) -> 0 | K31: =IF($R33=0,0,K30/$R33) -> 1 | L31: =IF($R33=0,0,L30/$R33) -> 0 | M31: =IF($R33=0,0,M30/$R33) -> 0 | ... U31: =IF($R33=0,0,U30/$R33) -> 0
A32: CONFERÊNCIA POR GRUPO | F32: =IF(SUM(F30:J30)=0,"— não preenchido",IF(ROUND(SUM(F30:J30)-$R33,3)=0,"OK — "&ROUND(SUM(F30:J30),3)&" km","ERRO — dif. de "&ROUND(SUM(F30:J30)-$R33,3)&" km")) -> OK — 13,382 km | K32: =IF(SUM(K30:L30)=0,"— não preenchido",IF(ROUND(SUM(K30:L30)-$R33,3)=0,"OK — "&ROUND(SUM(K30:L30),3)&" km","ERRO — dif. de "&ROUND(SUM(K30:L30)-$R33,3)&" km")) -> OK — 13,382 km | M32: =IF(SUM(M30:O30)=0,"— não preenchido",IF(ROUND(SUM(M30:O30)-$R33,3)=0,"OK — "&ROUND(SUM(M30:O30),3)&" km","ERRO — dif. de "&ROUND(SUM(M30:O30)-$R33,3)&" km")) -> OK — 13,382 km | P32: =IF(SUM(P30:R30)=0,"— não preenchido",IF(ROUND(SUM(P30:R30)-$R33,3)=0,"OK — "&ROUND(SUM(P30:R30),3)&" km","ERRO — dif. de "&ROUND(SUM(P30:R30)-$R33,3)&" km")) -> OK — 13,382 km | S32: =IF(SUM(S30:U30)=0,"— não preenchido",IF(ROUND(SUM(S30:U30)-$R33,3)=0,"OK — "&ROUND(SUM(S30:U30),3)&" km","ERRO — dif. de "&ROUND(SUM(S30:U30)-$R33,3)&" km")) -> OK — 13,382 km
A33: EXTENSÃO TOTAL DO TRECHO | R33: =SUM(E9:E24) -> 13.381599 | V33: =COUNTIF(W9:W24,"OK")&" de "&COUNT($E$9:$E$24)&" linhas conferidas" -> 15 de 15 linhas conferidas
A35: LEGENDA
A36: REM. I. / REM. L. | E36: Remendos isolados (até 10 por km) · Remendos ao longo (mais de 10 por km)
A37: BUR. I. / BUR. L. | E37: Buracos isolados (até 5 por km) · Buracos ao longo (mais de 5 por km)
A38: SIT. | E38: PPS = pista simples · PSU = simples urbana · PDU = duplicada
A39: FAIXA AZUL | E39: Cabeçalho de cada S.R.E.: descrição, situação, jurisdição, extensão e coordenada de início.
A40: INÍCIO / FIM (KM) | E40: Contados de 0 até o fim de CADA S.R.E. Não é o marco quilométrico da rodovia.
A41: SENT. | E41: C = crescente · D = decrescente
A42: FAIXA CINZA | E42: Segmento fora do escopo do contrato: você passa por ele, mas não preenche.
A43: CÉLULA VERMELHA | E43: Mais de uma X no mesmo grupo. Apague uma delas.
A44: CONFERÊNCIA | E44: Só na tela, não sai impresso. Fica OK com uma X em cada grupo.

Sheet 51
A1: PROGRAMA DE MANUTENÇÃO RODOVIÁRIA — FICHA DE INSPEÇÃO — RODOVIAS PAVIMENTADAS | Y1: Valores dos gráficos — troca 0 por N/D para a fatia não aparecer. Não editar.
A2: REGIÃO: 2 — ARAGUAÍNA I | G2: MÊS / ANO: | I2: =IF('39'!I2="","",'39'!I2) -> 46235 | K2: DATA: | N2: =IF('39'!N2="","",'39'!N2) | P2: TÉCNICO: | R2: =IF('39'!R2="","",'39'!R2) -> ENG. VINICIUS RODRIGUES FERREIRA DE OLIVEIRA | Y2: =IF(F24=0,NA(),F24) -> #N/A | Z2: =IF(G24=0,NA(),G24) -> 6 | AA2: =IF(H24=0,NA(),H24) -> 1.7059136 | AB2: =IF(I24=0,NA(),I24) -> 2 | AC2: =IF(J24=0,NA(),J24) -> #N/A | AD2: =IF(K24=0,NA(),K24) -> #N/A | AE2: =IF(L24=0,NA(),L24) -> 9.7059136 | AF2: =IF(M24=0,NA(),M24) -> #N/A | ... AN2: =IF(U24=0,NA(),U24) -> #N/A
A3: TRECHO 51 — RODOVIA TO-222 - TRECHO MURICILÂNDIA - SANTA FÉ DO ARAGUAIA | T3: EXTENSÃO: 9,706 km · 1 S.R.E.
A4: COMO PREENCHER: uma X em UMA coluna de cada grupo, por linha. Se houver mais de um defeito no mesmo km, marque o PREDOMINANTE e escreva o resto em OBSERVAÇÕES. A quilometragem é contada de 0 até o fim de CADA S.R.E. (não é o marco da rodovia).
A6: S.R.E. | B6: SENT. | C6: INÍCIO (KM) | D6: FIM (KM) | E6: EXT. (KM) | F6: CONDIÇÃO DO PAVIMENTO | K6: VEGETAÇÃO | M6: ELEM. DE DRENAGEM | P6: SIN. HORIZ. | S6: SIN. VERTICAL | V6: OBSERVAÇÕES | W6: CONFERÊNCIA (só na tela)
F7: BOM | G7: REM. I. | H7: REM. L. | I7: BUR. I. | J7: BUR. L. | K7: ADEQ. | L7: INAD. | M7: LIMPOS | N7: SUJOS | O7: DAN. | P7: BOM | Q7: REG. | R7: INEXIST. | S7: BOM | T7: POUCAS | U7: INEXIST.
A8: S.R.E. 222ETO0180 | MURICILÃNDIA *TRECHO URBANO* - SANTA FÉ DO ARAGUAIA | PPS · Estadual · 9.706 km · início: -7.147943, -48.681664
A9: 222ETO0180 | B9: C | C9: 0 | D9: 1 | E9: =D9-C9 -> 1 | G9: X | L9: X | N9: X | Q9: X | T9: X | W9: =IF(COUNTA(F9:U9)=0,"— não preenchido",IF(COUNTIF(F9:J9,"X")<>1,"FALTA/DUPLA: CONDIÇÃO DO PAVIMENTO",IF(COUNTIF(K9:L9,"X")<>1,"FALTA/DUPLA: VEGETAÇÃO",IF(COUNTIF(M9:O9,"X")<>1,"FALTA/DUPLA: ELEM. DE DRENAGEM",IF(COUNTIF(P9:R9,"X")<>1,"FALTA/DUPLA: SIN. HORIZ.",IF(COUNTIF(S9:U9,"X")<>1,"FALTA/DUPLA: SIN. VERTICAL","OK")))))) -> OK
A10: 222ETO0180 | B10: C | C10: 1 | D10: 2 | E10: =D10-C10 -> 1 | G10: X | L10: X | N10: X | Q10: X | T10: X | W10: =IF(COUNTA(F10:U10)=0,"— não preenchido",IF(COUNTIF(F10:J10,"X")<>1,"FALTA/DUPLA: CONDIÇÃO DO PAVIMENTO",IF(COUNTIF(K10:L10,"X")<>1,"FALTA/DUPLA: VEGETAÇÃO",IF(COUNTIF(M10:O10,"X")<>1,"FALTA/DUPLA: ELEM. DE DRENAGEM",IF(COUNTIF(P10:R10,"X")<>1,"FALTA/DUPLA: SIN. HORIZ.",IF(COUNTIF(S10:U10,"X")<>1,"FALTA/DUPLA: SIN. VERTICAL","OK")))))) -> OK
A11: 222ETO0180 | B11: C | C11: 2 | D11: 3 | E11: =D11-C11 -> 1 | G11: X | L11: X | N11: X | Q11: X | T11: X | W11: =IF(COUNTA(F11:U11)=0,"— não preenchido",IF(COUNTIF(F11:J11,"X")<>1,"FALTA/DUPLA: CONDIÇÃO DO PAVIMENTO",IF(COUNTIF(K11:L11,"X")<>1,"FALTA/DUPLA: VEGETAÇÃO",IF(COUNTIF(M11:O11,"X")<>1,"FALTA/DUPLA: ELEM. DE DRENAGEM",IF(COUNTIF(P11:R11,"X")<>1,"FALTA/DUPLA: SIN. HORIZ.",IF(COUNTIF(S11:U11,"X")<>1,"FALTA/DUPLA: SIN. VERTICAL","OK")))))) -> OK
A12: 222ETO0180 | B12: C | C12: 3 | D12: 4 | E12: =D12-C12 -> 1 | G12: X | L12: X | N12: X | Q12: X | T12: X | W12: =IF(COUNTA(F12:U12)=0,"— não preenchido",IF(COUNTIF(F12:J12,"X")<>1,"FALTA/DUPLA: CONDIÇÃO DO PAVIMENTO",IF(COUNTIF(K12:L12,"X")<>1,"FALTA/DUPLA: VEGETAÇÃO",IF(COUNTIF(M12:O12,"X")<>1,"FALTA/DUPLA: ELEM. DE DRENAGEM",IF(COUNTIF(P12:R12,"X")<>1,"FALTA/DUPLA: SIN. HORIZ.",IF(COUNTIF(S12:U12,"X")<>1,"FALTA/DUPLA: SIN. VERTICAL","OK")))))) -> OK
A13: 222ETO0180 | B13: C | C13: 4 | D13: 5 | E13: =D13-C13 -> 1 | I13: X | L13: X | N13: X | Q13: X | T13: X | W13: =IF(COUNTA(F13:U13)=0,"— não preenchido",IF(COUNTIF(F13:J13,"X")<>1,"FALTA/DUPLA: CONDIÇÃO DO PAVIMENTO",IF(COUNTIF(K13:L13,"X")<>1,"FALTA/DUPLA: VEGETAÇÃO",IF(COUNTIF(M13:O13,"X")<>1,"FALTA/DUPLA: ELEM. DE DRENAGEM",IF(COUNTIF(P13:R13,"X")<>1,"FALTA/DUPLA: SIN. HORIZ.",IF(COUNTIF(S13:U13,"X")<>1,"FALTA/DUPLA: SIN. VERTICAL","OK")))))) -> OK
A14: 222ETO0180 | B14: C | C14: 5 | D14: 6 | E14: =D14-C14 -> 1 | G14: X | L14: X | N14: X | Q14: X | T14: X | W14: =IF(COUNTA(F14:U14)=0,"— não preenchido",IF(COUNTIF(F14:J14,"X")<>1,"FALTA/DUPLA: CONDIÇÃO DO PAVIMENTO",IF(COUNTIF(K14:L14,"X")<>1,"FALTA/DUPLA: VEGETAÇÃO",IF(COUNTIF(M14:O14,"X")<>1,"FALTA/DUPLA: ELEM. DE DRENAGEM",IF(COUNTIF(P14:R14,"X")<>1,"FALTA/DUPLA: SIN. HORIZ.",IF(COUNTIF(S14:U14,"X")<>1,"FALTA/DUPLA: SIN. VERTICAL","OK")))))) -> OK
A15: 222ETO0180 | B15: C | C15: 6 | D15: 7 | E15: =D15-C15 -> 1 | I15: X | L15: X | N15: X | Q15: X | T15: X | W15: =IF(COUNTA(F15:U15)=0,"— não preenchido",IF(COUNTIF(F15:J15,"X")<>1,"FALTA/DUPLA: CONDIÇÃO DO PAVIMENTO",IF(COUNTIF(K15:L15,"X")<>1,"FALTA/DUPLA: VEGETAÇÃO",IF(COUNTIF(M15:O15,"X")<>1,"FALTA/DUPLA: ELEM. DE DRENAGEM",IF(COUNTIF(P15:R15,"X")<>1,"FALTA/DUPLA: SIN. HORIZ.",IF(COUNTIF(S15:U15,"X")<>1,"FALTA/DUPLA: SIN. VERTICAL","OK")))))) -> OK
A16: 222ETO0180 | B16: C | C16: 7 | D16: 8 | E16: =D16-C16 -> 1 | G16: X | L16: X | N16: X | Q16: X | T16: X | W16: =IF(COUNTA(F16:U16)=0,"— não preenchido",IF(COUNTIF(F16:J16,"X")<>1,"FALTA/DUPLA: CONDIÇÃO DO PAVIMENTO",IF(COUNTIF(K16:L16,"X")<>1,"FALTA/DUPLA: VEGETAÇÃO",IF(COUNTIF(M16:O16,"X")<>1,"FALTA/DUPLA: ELEM. DE DRENAGEM",IF(COUNTIF(P16:R16,"X")<>1,"FALTA/DUPLA: SIN. HORIZ.",IF(COUNTIF(S16:U16,"X")<>1,"FALTA/DUPLA: SIN. VERTICAL","OK")))))) -> OK
A17: 222ETO0180 | B17: C | C17: 8 | D17: 9 | E17: =D17-C17 -> 1 | H17: X | L17: X | N17: X | Q17: X | T17: X | W17: =IF(COUNTA(F17:U17)=0,"— não preenchido",IF(COUNTIF(F17:J17,"X")<>1,"FALTA/DUPLA: CONDIÇÃO DO PAVIMENTO",IF(COUNTIF(K17:L17,"X")<>1,"FALTA/DUPLA: VEGETAÇÃO",IF(COUNTIF(M17:O17,"X")<>1,"FALTA/DUPLA: ELEM. DE DRENAGEM",IF(COUNTIF(P17:R17,"X")<>1,"FALTA/DUPLA: SIN. HORIZ.",IF(COUNTIF(S17:U17,"X")<>1,"FALTA/DUPLA: SIN. VERTICAL","OK")))))) -> OK
A18: 222ETO0180 | B18: C | C18: 9 | D18: 9.7059136 | E18: =D18-C18 -> 0.70591364 | H18: X | L18: X | N18: X | Q18: X | T18: X | W18: =IF(COUNTA(F18:U18)=0,"— não preenchido",IF(COUNTIF(F18:J18,"X")<>1,"FALTA/DUPLA: CONDIÇÃO DO PAVIMENTO",IF(COUNTIF(K18:L18,"X")<>1,"FALTA/DUPLA: VEGETAÇÃO",IF(COUNTIF(M18:O18,"X")<>1,"FALTA/DUPLA: ELEM. DE DRENAGEM",IF(COUNTIF(P18:R18,"X")<>1,"FALTA/DUPLA: SIN. HORIZ.",IF(COUNTIF(S18:U18,"X")<>1,"FALTA/DUPLA: SIN. VERTICAL","OK")))))) -> OK
A20: ____________________________________________ | G20: ____________________________________________
A21: TÉCNICO RESPONSÁVEL PELA INSPEÇÃO | G21: VISTO DA SUPERVISÃO
A23: RESUMO DO TRECHO — KM LANÇADO POR ITEM
A24: KM LANÇADO | F24: =SUMIF(F$9:F$18,"X",$E$9:$E$18) -> 0 | G24: =SUMIF(G$9:G$18,"X",$E$9:$E$18) -> 6 | H24: =SUMIF(H$9:H$18,"X",$E$9:$E$18) -> 1.7059136 | I24: =SUMIF(I$9:I$18,"X",$E$9:$E$18) -> 2 | J24: =SUMIF(J$9:J$18,"X",$E$9:$E$18) -> 0 | K24: =SUMIF(K$9:K$18,"X",$E$9:$E$18) -> 0 | L24: =SUMIF(L$9:L$18,"X",$E$9:$E$18) -> 9.7059136 | M24: =SUMIF(M$9:M$18,"X",$E$9:$E$18) -> 0 | ... U24: =SUMIF(U$9:U$18,"X",$E$9:$E$18) -> 0
A25: % DA EXTENSÃO | F25: =IF($R27=0,0,F24/$R27) -> 0 | G25: =IF($R27=0,0,G24/$R27) -> 0.61817983 | H25: =IF($R27=0,0,H24/$R27) -> 0.17576023 | I25: =IF($R27=0,0,I24/$R27) -> 0.20605994 | J25: =IF($R27=0,0,J24/$R27) -> 0 | K25: =IF($R27=0,0,K24/$R27) -> 0 | L25: =IF($R27=0,0,L24/$R27) -> 1 | M25: =IF($R27=0,0,M24/$R27) -> 0 | ... U25: =IF($R27=0,0,U24/$R27) -> 0
A26: CONFERÊNCIA POR GRUPO | F26: =IF(SUM(F24:J24)=0,"— não preenchido",IF(ROUND(SUM(F24:J24)-$R27,3)=0,"OK — "&ROUND(SUM(F24:J24),3)&" km","ERRO — dif. de "&ROUND(SUM(F24:J24)-$R27,3)&" km")) -> OK — 9,706 km | K26: =IF(SUM(K24:L24)=0,"— não preenchido",IF(ROUND(SUM(K24:L24)-$R27,3)=0,"OK — "&ROUND(SUM(K24:L24),3)&" km","ERRO — dif. de "&ROUND(SUM(K24:L24)-$R27,3)&" km")) -> OK — 9,706 km | M26: =IF(SUM(M24:O24)=0,"— não preenchido",IF(ROUND(SUM(M24:O24)-$R27,3)=0,"OK — "&ROUND(SUM(M24:O24),3)&" km","ERRO — dif. de "&ROUND(SUM(M24:O24)-$R27,3)&" km")) -> OK — 9,706 km | P26: =IF(SUM(P24:R24)=0,"— não preenchido",IF(ROUND(SUM(P24:R24)-$R27,3)=0,"OK — "&ROUND(SUM(P24:R24),3)&" km","ERRO — dif. de "&ROUND(SUM(P24:R24)-$R27,3)&" km")) -> OK — 9,706 km | S26: =IF(SUM(S24:U24)=0,"— não preenchido",IF(ROUND(SUM(S24:U24)-$R27,3)=0,"OK — "&ROUND(SUM(S24:U24),3)&" km","ERRO — dif. de "&ROUND(SUM(S24:U24)-$R27,3)&" km")) -> OK — 9,706 km
A27: EXTENSÃO TOTAL DO TRECHO | R27: =SUM(E9:E18) -> 9.7059136 | V27: =COUNTIF(W9:W18,"OK")&" de "&COUNT($E$9:$E$18)&" linhas conferidas" -> 10 de 10 linhas conferidas
A29: LEGENDA
A30: REM. I. / REM. L. | E30: Remendos isolados (até 10 por km) · Remendos ao longo (mais de 10 por km)
A31: BUR. I. / BUR. L. | E31: Buracos isolados (até 5 por km) · Buracos ao longo (mais de 5 por km)
A32: SIT. | E32: PPS = pista simples · PSU = simples urbana · PDU = duplicada
A33: FAIXA AZUL | E33: Cabeçalho de cada S.R.E.: descrição, situação, jurisdição, extensão e coordenada de início.
A34: INÍCIO / FIM (KM) | E34: Contados de 0 até o fim de CADA S.R.E. Não é o marco quilométrico da rodovia.
A35: SENT. | E35: C = crescente · D = decrescente
A36: FAIXA CINZA | E36: Segmento fora do escopo do contrato: você passa por ele, mas não preenche.
A37: CÉLULA VERMELHA | E37: Mais de uma X no mesmo grupo. Apague uma delas.
A38: CONFERÊNCIA | E38: Só na tela, não sai impresso. Fica OK com uma X em cada grupo.

Sheet 52
A1: PROGRAMA DE MANUTENÇÃO RODOVIÁRIA — FICHA DE INSPEÇÃO — RODOVIAS PAVIMENTADAS | Y1: Valores dos gráficos — troca 0 por N/D para a fatia não aparecer. Não editar.
A2: REGIÃO: 2 — ARAGUAÍNA I | G2: MÊS / ANO: | I2: =IF('39'!I2="","",'39'!I2) -> 46235 | K2: DATA: | N2: =IF('39'!N2="","",'39'!N2) | P2: TÉCNICO: | R2: =IF('39'!R2="","",'39'!R2) -> ENG. VINICIUS RODRIGUES FERREIRA DE OLIVEIRA | Y2: =IF(F74=0,NA(),F74) -> 37 | Z2: =IF(G74=0,NA(),G74) -> 10.854742 | AA2: =IF(H74=0,NA(),H74) -> 5.1815049 | AB2: =IF(I74=0,NA(),I74) -> 4 | AC2: =IF(J74=0,NA(),J74) -> #N/A | AD2: =IF(K74=0,NA(),K74) -> #N/A | AE2: =IF(L74=0,NA(),L74) -> 57.036247 | AF2: =IF(M74=0,NA(),M74) -> #N/A | ... AN2: =IF(U74=0,NA(),U74) -> #N/A
A3: TRECHO 52 — RODOVIA TO-222 - TRECHO SANTA FÉ DO ARAGUAIA - DIVISA TO-PA (POVOADO PORTO LEMOS) | T3: EXTENSÃO: 57,036 km · 3 S.R.E.
A4: COMO PREENCHER: uma X em UMA coluna de cada grupo, por linha. Se houver mais de um defeito no mesmo km, marque o PREDOMINANTE e escreva o resto em OBSERVAÇÕES. A quilometragem é contada de 0 até o fim de CADA S.R.E. (não é o marco da rodovia).
A6: S.R.E. | B6: SENT. | C6: INÍCIO (KM) | D6: FIM (KM) | E6: EXT. (KM) | F6: CONDIÇÃO DO PAVIMENTO | K6: VEGETAÇÃO | M6: ELEM. DE DRENAGEM | P6: SIN. HORIZ. | S6: SIN. VERTICAL | V6: OBSERVAÇÕES | W6: CONFERÊNCIA (só na tela)
F7: BOM | G7: REM. I. | H7: REM. L. | I7: BUR. I. | J7: BUR. L. | K7: ADEQ. | L7: INAD. | M7: LIMPOS | N7: SUJOS | O7: DAN. | P7: BOM | Q7: REG. | R7: INEXIST. | S7: BOM | T7: POUCAS | U7: INEXIST.
A8: S.R.E. 222ETO0190 | SANTA FÉ DO ARAGUAIA *TRECHO URBANO* - ENTR. TO-416 | PPS · Estadual · 3.182 km · início: -7.152448, -48.697251
A9: 222ETO0190 | B9: C | C9: 0 | D9: 1 | E9: =D9-C9 -> 1 | H9: x | L9: X | N9: X | Q9: X | T9: X | W9: =IF(COUNTA(F9:U9)=0,"— não preenchido",IF(COUNTIF(F9:J9,"X")<>1,"FALTA/DUPLA: CONDIÇÃO DO PAVIMENTO",IF(COUNTIF(K9:L9,"X")<>1,"FALTA/DUPLA: VEGETAÇÃO",IF(COUNTIF(M9:O9,"X")<>1,"FALTA/DUPLA: ELEM. DE DRENAGEM",IF(COUNTIF(P9:R9,"X")<>1,"FALTA/DUPLA: SIN. HORIZ.",IF(COUNTIF(S9:U9,"X")<>1,"FALTA/DUPLA: SIN. VERTICAL","OK")))))) -> OK
A10: 222ETO0190 | B10: C | C10: 1 | D10: 2 | E10: =D10-C10 -> 1 | H10: x | L10: X | N10: X | Q10: X | T10: X | W10: =IF(COUNTA(F10:U10)=0,"— não preenchido",IF(COUNTIF(F10:J10,"X")<>1,"FALTA/DUPLA: CONDIÇÃO DO PAVIMENTO",IF(COUNTIF(K10:L10,"X")<>1,"FALTA/DUPLA: VEGETAÇÃO",IF(COUNTIF(M10:O10,"X")<>1,"FALTA/DUPLA: ELEM. DE DRENAGEM",IF(COUNTIF(P10:R10,"X")<>1,"FALTA/DUPLA: SIN. HORIZ.",IF(COUNTIF(S10:U10,"X")<>1,"FALTA/DUPLA: SIN. VERTICAL","OK")))))) -> OK
A11: 222ETO0190 | B11: C | C11: 2 | D11: 3 | E11: =D11-C11 -> 1 | I11: x | L11: X | N11: X | Q11: X | T11: X | W11: =IF(COUNTA(F11:U11)=0,"— não preenchido",IF(COUNTIF(F11:J11,"X")<>1,"FALTA/DUPLA: CONDIÇÃO DO PAVIMENTO",IF(COUNTIF(K11:L11,"X")<>1,"FALTA/DUPLA: VEGETAÇÃO",IF(COUNTIF(M11:O11,"X")<>1,"FALTA/DUPLA: ELEM. DE DRENAGEM",IF(COUNTIF(P11:R11,"X")<>1,"FALTA/DUPLA: SIN. HORIZ.",IF(COUNTIF(S11:U11,"X")<>1,"FALTA/DUPLA: SIN. VERTICAL","OK")))))) -> OK
A12: 222ETO0190 | B12: C | C12: 3 | D12: 3.1815049 | E12: =D12-C12 -> 0.1815049 | H12: X | L12: X | N12: X | Q12: X | T12: X | W12: =IF(COUNTA(F12:U12)=0,"— não preenchido",IF(COUNTIF(F12:J12,"X")<>1,"FALTA/DUPLA: CONDIÇÃO DO PAVIMENTO",IF(COUNTIF(K12:L12,"X")<>1,"FALTA/DUPLA: VEGETAÇÃO",IF(COUNTIF(M12:O12,"X")<>1,"FALTA/DUPLA: ELEM. DE DRENAGEM",IF(COUNTIF(P12:R12,"X")<>1,"FALTA/DUPLA: SIN. HORIZ.",IF(COUNTIF(S12:U12,"X")<>1,"FALTA/DUPLA: SIN. VERTICAL","OK")))))) -> OK
A13: S.R.E. 222ETO0200 | ENTR. TO-416 - ENTR. TO-166 | PPS · Estadual · 30.934 km · início: -7.131391, -48.716648
A14: 222ETO0200 | B14: C | C14: 0 | D14: 1 | E14: =D14-C14 -> 1 | G14: X | L14: X | N14: X | Q14: X | T14: X | W14: =IF(COUNTA(F14:U14)=0,"— não preenchido",IF(COUNTIF(F14:J14,"X")<>1,"FALTA/DUPLA: CONDIÇÃO DO PAVIMENTO",IF(COUNTIF(K14:L14,"X")<>1,"FALTA/DUPLA: VEGETAÇÃO",IF(COUNTIF(M14:O14,"X")<>1,"FALTA/DUPLA: ELEM. DE DRENAGEM",IF(COUNTIF(P14:R14,"X")<>1,"FALTA/DUPLA: SIN. HORIZ.",IF(COUNTIF(S14:U14,"X")<>1,"FALTA/DUPLA: SIN. VERTICAL","OK")))))) -> OK
A15: 222ETO0200 | B15: C | C15: 1 | D15: 2 | E15: =D15-C15 -> 1 | F15: X | L15: X | N15: X | Q15: X | T15: X | W15: =IF(COUNTA(F15:U15)=0,"— não preenchido",IF(COUNTIF(F15:J15,"X")<>1,"FALTA/DUPLA: CONDIÇÃO DO PAVIMENTO",IF(COUNTIF(K15:L15,"X")<>1,"FALTA/DUPLA: VEGETAÇÃO",IF(COUNTIF(M15:O15,"X")<>1,"FALTA/DUPLA: ELEM. DE DRENAGEM",IF(COUNTIF(P15:R15,"X")<>1,"FALTA/DUPLA: SIN. HORIZ.",IF(COUNTIF(S15:U15,"X")<>1,"FALTA/DUPLA: SIN. VERTICAL","OK")))))) -> OK
A16: 222ETO0200 | B16: C | C16: 2 | D16: 3 | E16: =D16-C16 -> 1 | F16: X | L16: X | N16: X | Q16: X | T16: X | W16: =IF(COUNTA(F16:U16)=0,"— não preenchido",IF(COUNTIF(F16:J16,"X")<>1,"FALTA/DUPLA: CONDIÇÃO DO PAVIMENTO",IF(COUNTIF(K16:L16,"X")<>1,"FALTA/DUPLA: VEGETAÇÃO",IF(COUNTIF(M16:O16,"X")<>1,"FALTA/DUPLA: ELEM. DE DRENAGEM",IF(COUNTIF(P16:R16,"X")<>1,"FALTA/DUPLA: SIN. HORIZ.",IF(COUNTIF(S16:U16,"X")<>1,"FALTA/DUPLA: SIN. VERTICAL","OK")))))) -> OK
A17: 222ETO0200 | B17: C | C17: 3 | D17: 4 | E17: =D17-C17 -> 1 | F17: X | L17: X | N17: X | Q17: X | T17: X | W17: =IF(COUNTA(F17:U17)=0,"— não preenchido",IF(COUNTIF(F17:J17,"X")<>1,"FALTA/DUPLA: CONDIÇÃO DO PAVIMENTO",IF(COUNTIF(K17:L17,"X")<>1,"FALTA/DUPLA: VEGETAÇÃO",IF(COUNTIF(M17:O17,"X")<>1,"FALTA/DUPLA: ELEM. DE DRENAGEM",IF(COUNTIF(P17:R17,"X")<>1,"FALTA/DUPLA: SIN. HORIZ.",IF(COUNTIF(S17:U17,"X")<>1,"FALTA/DUPLA: SIN. VERTICAL","OK")))))) -> OK
A18: 222ETO0200 | B18: C | C18: 4 | D18: 5 | E18: =D18-C18 -> 1 | F18: X | L18: X | N18: X | Q18: X | T18: X | W18: =IF(COUNTA(F18:U18)=0,"— não preenchido",IF(COUNTIF(F18:J18,"X")<>1,"FALTA/DUPLA: CONDIÇÃO DO PAVIMENTO",IF(COUNTIF(K18:L18,"X")<>1,"FALTA/DUPLA: VEGETAÇÃO",IF(COUNTIF(M18:O18,"X")<>1,"FALTA/DUPLA: ELEM. DE DRENAGEM",IF(COUNTIF(P18:R18,"X")<>1,"FALTA/DUPLA: SIN. HORIZ.",IF(COUNTIF(S18:U18,"X")<>1,"FALTA/DUPLA: SIN. VERTICAL","OK")))))) -> OK
A19: 222ETO0200 | B19: C | C19: 5 | D19: 6 | E19: =D19-C19 -> 1 | F19: X | L19: X | N19: X | Q19: X | T19: X | W19: =IF(COUNTA(F19:U19)=0,"— não preenchido",IF(COUNTIF(F19:J19,"X")<>1,"FALTA/DUPLA: CONDIÇÃO DO PAVIMENTO",IF(COUNTIF(K19:L19,"X")<>1,"FALTA/DUPLA: VEGETAÇÃO",IF(COUNTIF(M19:O19,"X")<>1,"FALTA/DUPLA: ELEM. DE DRENAGEM",IF(COUNTIF(P19:R19,"X")<>1,"FALTA/DUPLA: SIN. HORIZ.",IF(COUNTIF(S19:U19,"X")<>1,"FALTA/DUPLA: SIN. VERTICAL","OK")))))) -> OK
A20: 222ETO0200 | B20: C | C20: 6 | D20: 7 | E20: =D20-C20 -> 1 | F20: X | L20: X | N20: X | Q20: X | T20: X | W20: =IF(COUNTA(F20:U20)=0,"— não preenchido",IF(COUNTIF(F20:J20,"X")<>1,"FALTA/DUPLA: CONDIÇÃO DO PAVIMENTO",IF(COUNTIF(K20:L20,"X")<>1,"FALTA/DUPLA: VEGETAÇÃO",IF(COUNTIF(M20:O20,"X")<>1,"FALTA/DUPLA: ELEM. DE DRENAGEM",IF(COUNTIF(P20:R20,"X")<>1,"FALTA/DUPLA: SIN. HORIZ.",IF(COUNTIF(S20:U20,"X")<>1,"FALTA/DUPLA: SIN. VERTICAL","OK")))))) -> OK
A21: 222ETO0200 | B21: C | C21: 7 | D21: 8 | E21: =D21-C21 -> 1 | F21: X | L21: X | N21: X | Q21: X | T21: X | W21: =IF(COUNTA(F21:U21)=0,"— não preenchido",IF(COUNTIF(F21:J21,"X")<>1,"FALTA/DUPLA: CONDIÇÃO DO PAVIMENTO",IF(COUNTIF(K21:L21,"X")<>1,"FALTA/DUPLA: VEGETAÇÃO",IF(COUNTIF(M21:O21,"X")<>1,"FALTA/DUPLA: ELEM. DE DRENAGEM",IF(COUNTIF(P21:R21,"X")<>1,"FALTA/DUPLA: SIN. HORIZ.",IF(COUNTIF(S21:U21,"X")<>1,"FALTA/DUPLA: SIN. VERTICAL","OK")))))) -> OK
A22: 222ETO0200 | B22: C | C22: 8 | D22: 9 | E22: =D22-C22 -> 1 | F22: X | L22: X | N22: X | Q22: X | T22: X | W22: =IF(COUNTA(F22:U22)=0,"— não preenchido",IF(COUNTIF(F22:J22,"X")<>1,"FALTA/DUPLA: CONDIÇÃO DO PAVIMENTO",IF(COUNTIF(K22:L22,"X")<>1,"FALTA/DUPLA: VEGETAÇÃO",IF(COUNTIF(M22:O22,"X")<>1,"FALTA/DUPLA: ELEM. DE DRENAGEM",IF(COUNTIF(P22:R22,"X")<>1,"FALTA/DUPLA: SIN. HORIZ.",IF(COUNTIF(S22:U22,"X")<>1,"FALTA/DUPLA: SIN. VERTICAL","OK")))))) -> OK
