Workbook

Sheet RESUMO
A1: RESUMO CONSOLIDADO — REGIÃO 1 — RODOVIAS NÃO PAVIMENTADAS | M1: Valores dos gráficos — troca 0 por N/D para a fatia não aparecer. Não editar.
A2: Todos os números vêm das abas dos trechos por referência direta. Não digite nada aqui. A coluna CONFERÊNCIA acusa qualquer trecho em que a soma das marcações não fecha com a extensão. | M2: =IF(D16=0,NA(),D16) -> 54.607987 | N2: =IF(E16=0,NA(),E16) -> 324.7225 | O2: =IF(F16=0,NA(),F16) -> 27.554416 | P2: =IF(G16=0,NA(),G16) -> #N/A | Q2: =IF(H16=0,NA(),H16) -> 62.607987 | R2: =IF(I16=0,NA(),I16) -> 344.27692 | S2: =IF(J16=0,NA(),J16) -> #N/A
A4: Nº TRECHO | B4: TRECHO | C4: EXTENSÃO (KM) | D4: CONDIÇÃO DA PLATAFORMA | H4: DRENAGEM SUPERFICIAL | K4: CONFERÊNCIA
D5: BOM | E5: REG. (ATÉ 10 IRR./KM) | F5: RUIM (+ 10 IRR./KM) | G5: PÉSSIMA (ATOLEIRO/PTO. CRÍTICO) | H5: LIMPA | I5: OBSTRUÍDA | J5: AUSENTE
A6: 46 | B6: RODOVIA TO-164 - TRECHO ENTR. TO-226 - POVOADO DEZENOVE - BERNARDO SAYÃO | C6: ='46'!I45 -> 27.973982 | D6: ='46'!F42 -> 0 | E6: ='46'!G42 -> 27.973982 | F6: ='46'!H42 -> 0 | G6: ='46'!I42 -> 0 | H6: ='46'!J42 -> 0 | I6: ='46'!K42 -> 27.973982 | J6: ='46'!L42 -> 0 | K6: =IF(SUM(D6:G6)=0,"— não preenchido",IF(ROUND(SUM(D6:G6)-C6,3)=0,"OK","ERRO — dif. de "&ROUND(SUM(D6:G6)-C6,3)&" km")) -> OK
A7: 47 | B7: RODOVIA TO-164 - TRECHO MURICILÂNDIA - ENTR. TO-226 | C7: ='47'!I63 -> 43.321833 | D7: ='47'!F60 -> 5 | E7: ='47'!G60 -> 33.321833 | F7: ='47'!H60 -> 5 | G7: ='47'!I60 -> 0 | H7: ='47'!J60 -> 0 | I7: ='47'!K60 -> 43.321833 | J7: ='47'!L60 -> 0 | K7: =IF(SUM(D7:G7)=0,"— não preenchido",IF(ROUND(SUM(D7:G7)-C7,3)=0,"OK","ERRO — dif. de "&ROUND(SUM(D7:G7)-C7,3)&" km")) -> OK
A8: 48 | B8: RODOVIA TO-165 - TRECHO SANTA FÉ DO ARAGUAIA - ENTR. TO-226 - ARAPOEMA | C8: ='48'!I112 -> 92.523276 | D8: ='48'!F109 -> 0 | E8: ='48'!G109 -> 80.523276 | F8: ='48'!H109 -> 12 | G8: ='48'!I109 -> 0 | H8: ='48'!J109 -> 0 | I8: ='48'!K109 -> 92.523276 | J8: ='48'!L109 -> 0 | K8: =IF(SUM(D8:G8)=0,"— não preenchido",IF(ROUND(SUM(D8:G8)-C8,3)=0,"OK","ERRO — dif. de "&ROUND(SUM(D8:G8)-C8,3)&" km")) -> OK
A9: 49 | B9: RODOVIA TO-166 - TRECHO ENTR. TO-222 - ENTR. TO-226 - ARAPOEMA | C9: ='49'!I112 -> 91.536749 | D9: ='49'!F109 -> 0 | E9: ='49'!G109 -> 91.536749 | F9: ='49'!H109 -> 0 | G9: ='49'!I109 -> 0 | H9: ='49'!J109 -> 0 | I9: ='49'!K109 -> 91.536749 | J9: ='49'!L109 -> 0 | K9: =IF(SUM(D9:G9)=0,"— não preenchido",IF(ROUND(SUM(D9:G9)-C9,3)=0,"OK","ERRO — dif. de "&ROUND(SUM(D9:G9)-C9,3)&" km")) -> OK
A10: 59 | B10: RODOVIA TO-418 - TRECHO ENTR. BR-153 - ENTR. TO-164 | C10: ='59'!I61 -> 43.086791 | D10: ='59'!F58 -> 0 | E10: ='59'!G58 -> 43.086791 | F10: ='59'!H58 -> 0 | G10: ='59'!I58 -> 0 | H10: ='59'!J58 -> 0 | I10: ='59'!K58 -> 43.086791 | J10: ='59'!L58 -> 0 | K10: =IF(SUM(D10:G10)=0,"— não preenchido",IF(ROUND(SUM(D10:G10)-C10,3)=0,"OK","ERRO — dif. de "&ROUND(SUM(D10:G10)-C10,3)&" km")) -> OK
A11: 60 | B11: RODOVIA TO-419 - TRECHO POVOADO BARRA DA GROTA - ENTR. TO-222 | C11: ='60'!I47 -> 29.115565 | D11: ='60'!F44 -> 23.115565 | E11: ='60'!G44 -> 6 | F11: ='60'!H44 -> 0 | G11: ='60'!I44 -> 0 | H11: ='60'!J44 -> 29.115565 | I11: ='60'!K44 -> 0 | J11: ='60'!L44 -> 0 | K11: =IF(SUM(D11:G11)=0,"— não preenchido",IF(ROUND(SUM(D11:G11)-C11,3)=0,"OK","ERRO — dif. de "&ROUND(SUM(D11:G11)-C11,3)&" km")) -> OK
A12: 62 | B12: RODOVIA TO-421 - TRECHO ARAGUAÍNA - POVOADO GROTÃO | C12: ='62'!I33 -> 13.554416 | D12: ='62'!F30 -> 0 | E12: ='62'!G30 -> 3 | F12: ='62'!H30 -> 10.554416 | G12: ='62'!I30 -> 0 | H12: ='62'!J30 -> 0 | I12: ='62'!K30 -> 13.554416 | J12: ='62'!L30 -> 0 | K12: =IF(SUM(D12:G12)=0,"— não preenchido",IF(ROUND(SUM(D12:G12)-C12,3)=0,"OK","ERRO — dif. de "&ROUND(SUM(D12:G12)-C12,3)&" km")) -> OK
A13: 64 | B13: RODOVIA TO-429 - TRECHO ENTR. TO-230 (ARAPOEMA) - POVOADO ARACAJI | C13: ='64'!I34 -> 16.852537 | D13: ='64'!F31 -> 12.852537 | E13: ='64'!G31 -> 4 | F13: ='64'!H31 -> 0 | G13: ='64'!I31 -> 0 | H13: ='64'!J31 -> 16.852537 | I13: ='64'!K31 -> 0 | J13: ='64'!L31 -> 0 | K13: =IF(SUM(D13:G13)=0,"— não preenchido",IF(ROUND(SUM(D13:G13)-C13,3)=0,"OK","ERRO — dif. de "&ROUND(SUM(D13:G13)-C13,3)&" km")) -> OK
A14: 65 | B14: RODOVIA TO-430 - TRECHO POVOADO CORIOLANDO (ENTR. TO-230 - ARAPOEMA) - ENTR. TO-164 | C14: ='65'!I34 -> 16.639885 | D14: ='65'!F31 -> 13.639885 | E14: ='65'!G31 -> 3 | F14: ='65'!H31 -> 0 | G14: ='65'!I31 -> 0 | H14: ='65'!J31 -> 16.639885 | I14: ='65'!K31 -> 0 | J14: ='65'!L31 -> 0 | K14: =IF(SUM(D14:G14)=0,"— não preenchido",IF(ROUND(SUM(D14:G14)-C14,3)=0,"OK","ERRO — dif. de "&ROUND(SUM(D14:G14)-C14,3)&" km")) -> OK
A15: 66 | B15: RODOVIA TO-433 - TRECHO ENTR. TO-230 (POVOADO BRASILENE) - BERNARDO SAYÃO (ENTR. TO-164) | C15: ='66'!I50 -> 32.27987 | D15: ='66'!F47 -> 0 | E15: ='66'!G47 -> 32.27987 | F15: ='66'!H47 -> 0 | G15: ='66'!I47 -> 0 | H15: ='66'!J47 -> 0 | I15: ='66'!K47 -> 32.27987 | J15: ='66'!L47 -> 0 | K15: =IF(SUM(D15:G15)=0,"— não preenchido",IF(ROUND(SUM(D15:G15)-C15,3)=0,"OK","ERRO — dif. de "&ROUND(SUM(D15:G15)-C15,3)&" km")) -> OK
B16: TOTAL PERCORRIDO NO MÊS | C16: =SUM(C6:C15) -> 406.88491 | D16: =SUM(D6:D15) -> 54.607987 | E16: =SUM(E6:E15) -> 324.7225 | F16: =SUM(F6:F15) -> 27.554416 | G16: =SUM(G6:G15) -> 0 | H16: =SUM(H6:H15) -> 62.607987 | I16: =SUM(I6:I15) -> 344.27692 | J16: =SUM(J6:J15) -> 0
B17: % DA EXTENSÃO DA MALHA (406.88 km) | D17: =SUM(D16:G16)/406.88 -> 1.0000121 | H17: (soma do grupo 'CONDIÇÃO DA PLATAFORMA' dividida pela malha)

Sheet 46
A1: PROGRAMA DE MANUTENÇÃO RODOVIÁRIA — FICHA DE INSPEÇÃO — RODOVIAS NÃO PAVIMENTADAS | P1: Valores dos gráficos — troca 0 por N/D para a fatia não aparecer. Não editar.
A2: REGIÃO: 2 — ARAGUAÍNA I | D2: MÊS / ANO: | F2: 46235 | G2: DATA: | J2: TÉCNICO: | K2: ENG. VINICIUS RODRIGUES FERREIRA DE OLIVEIRA | P2: =IF(F42=0,NA(),F42) -> #N/A | Q2: =IF(G42=0,NA(),G42) -> 27.973982 | R2: =IF(H42=0,NA(),H42) -> #N/A | S2: =IF(I42=0,NA(),I42) -> #N/A | T2: =IF(J42=0,NA(),J42) -> #N/A | U2: =IF(K42=0,NA(),K42) -> 27.973982 | V2: =IF(L42=0,NA(),L42) -> #N/A
A3: TRECHO 46 — RODOVIA TO-164 - TRECHO ENTR. TO-226 - POVOADO DEZENOVE - BERNARDO SAYÃO | K3: EXTENSÃO: 27,974 km · 1 S.R.E.
A4: COMO PREENCHER: uma X em UMA coluna de cada grupo, por linha. Se houver mais de um defeito no mesmo km, marque o PREDOMINANTE e escreva o resto em OBSERVAÇÕES. A quilometragem é contada de 0 até o fim de CADA S.R.E. (não é o marco da rodovia).
A6: S.R.E. | B6: SENT. | C6: INÍCIO (KM) | D6: FIM (KM) | E6: EXT. (KM) | F6: CONDIÇÃO DA PLATAFORMA | J6: DRENAGEM SUPERFICIAL | M6: OBSERVAÇÕES | N6: CONFERÊNCIA (só na tela)
F7: BOM | G7: REG. (ATÉ 10 IRR./KM) | H7: RUIM (+ 10 IRR./KM) | I7: PÉSSIMA (ATOLEIRO/PTO. CRÍTICO) | J7: LIMPA | K7: OBSTRUÍDA | L7: AUSENTE
A8: S.R.E. 164ETO0190 | ENTR. TO-226 (B) - ENTR. TO-230 | EOP · Estadual · 27.974 km · início: -7.640594, -48.792035
A9: 164ETO0190 | B9: C | C9: 0 | D9: 1 | E9: =D9-C9 -> 1 | G9: X | K9: X | N9: =IF(COUNTA(F9:L9)=0,"— não preenchido",IF(COUNTIF(F9:I9,"X")<>1,"FALTA/DUPLA: CONDIÇÃO DA PLATAFORMA",IF(COUNTIF(J9:L9,"X")<>1,"FALTA/DUPLA: DRENAGEM SUPERFICIAL","OK"))) -> OK
A10: 164ETO0190 | B10: C | C10: 1 | D10: 2 | E10: =D10-C10 -> 1 | G10: X | K10: X | N10: =IF(COUNTA(F10:L10)=0,"— não preenchido",IF(COUNTIF(F10:I10,"X")<>1,"FALTA/DUPLA: CONDIÇÃO DA PLATAFORMA",IF(COUNTIF(J10:L10,"X")<>1,"FALTA/DUPLA: DRENAGEM SUPERFICIAL","OK"))) -> OK
A11: 164ETO0190 | B11: C | C11: 2 | D11: 3 | E11: =D11-C11 -> 1 | G11: X | K11: X | N11: =IF(COUNTA(F11:L11)=0,"— não preenchido",IF(COUNTIF(F11:I11,"X")<>1,"FALTA/DUPLA: CONDIÇÃO DA PLATAFORMA",IF(COUNTIF(J11:L11,"X")<>1,"FALTA/DUPLA: DRENAGEM SUPERFICIAL","OK"))) -> OK
A12: 164ETO0190 | B12: C | C12: 3 | D12: 4 | E12: =D12-C12 -> 1 | G12: X | K12: X | N12: =IF(COUNTA(F12:L12)=0,"— não preenchido",IF(COUNTIF(F12:I12,"X")<>1,"FALTA/DUPLA: CONDIÇÃO DA PLATAFORMA",IF(COUNTIF(J12:L12,"X")<>1,"FALTA/DUPLA: DRENAGEM SUPERFICIAL","OK"))) -> OK
A13: 164ETO0190 | B13: C | C13: 4 | D13: 5 | E13: =D13-C13 -> 1 | G13: X | K13: X | N13: =IF(COUNTA(F13:L13)=0,"— não preenchido",IF(COUNTIF(F13:I13,"X")<>1,"FALTA/DUPLA: CONDIÇÃO DA PLATAFORMA",IF(COUNTIF(J13:L13,"X")<>1,"FALTA/DUPLA: DRENAGEM SUPERFICIAL","OK"))) -> OK
A14: 164ETO0190 | B14: C | C14: 5 | D14: 6 | E14: =D14-C14 -> 1 | G14: X | K14: X | N14: =IF(COUNTA(F14:L14)=0,"— não preenchido",IF(COUNTIF(F14:I14,"X")<>1,"FALTA/DUPLA: CONDIÇÃO DA PLATAFORMA",IF(COUNTIF(J14:L14,"X")<>1,"FALTA/DUPLA: DRENAGEM SUPERFICIAL","OK"))) -> OK
A15: 164ETO0190 | B15: C | C15: 6 | D15: 7 | E15: =D15-C15 -> 1 | G15: X | K15: X | N15: =IF(COUNTA(F15:L15)=0,"— não preenchido",IF(COUNTIF(F15:I15,"X")<>1,"FALTA/DUPLA: CONDIÇÃO DA PLATAFORMA",IF(COUNTIF(J15:L15,"X")<>1,"FALTA/DUPLA: DRENAGEM SUPERFICIAL","OK"))) -> OK
A16: 164ETO0190 | B16: C | C16: 7 | D16: 8 | E16: =D16-C16 -> 1 | G16: X | K16: X | N16: =IF(COUNTA(F16:L16)=0,"— não preenchido",IF(COUNTIF(F16:I16,"X")<>1,"FALTA/DUPLA: CONDIÇÃO DA PLATAFORMA",IF(COUNTIF(J16:L16,"X")<>1,"FALTA/DUPLA: DRENAGEM SUPERFICIAL","OK"))) -> OK
A17: 164ETO0190 | B17: C | C17: 8 | D17: 9 | E17: =D17-C17 -> 1 | G17: X | K17: X | N17: =IF(COUNTA(F17:L17)=0,"— não preenchido",IF(COUNTIF(F17:I17,"X")<>1,"FALTA/DUPLA: CONDIÇÃO DA PLATAFORMA",IF(COUNTIF(J17:L17,"X")<>1,"FALTA/DUPLA: DRENAGEM SUPERFICIAL","OK"))) -> OK
A18: 164ETO0190 | B18: C | C18: 9 | D18: 10 | E18: =D18-C18 -> 1 | G18: X | K18: X | N18: =IF(COUNTA(F18:L18)=0,"— não preenchido",IF(COUNTIF(F18:I18,"X")<>1,"FALTA/DUPLA: CONDIÇÃO DA PLATAFORMA",IF(COUNTIF(J18:L18,"X")<>1,"FALTA/DUPLA: DRENAGEM SUPERFICIAL","OK"))) -> OK
A19: 164ETO0190 | B19: C | C19: 10 | D19: 11 | E19: =D19-C19 -> 1 | G19: X | K19: X | N19: =IF(COUNTA(F19:L19)=0,"— não preenchido",IF(COUNTIF(F19:I19,"X")<>1,"FALTA/DUPLA: CONDIÇÃO DA PLATAFORMA",IF(COUNTIF(J19:L19,"X")<>1,"FALTA/DUPLA: DRENAGEM SUPERFICIAL","OK"))) -> OK
A20: 164ETO0190 | B20: C | C20: 11 | D20: 12 | E20: =D20-C20 -> 1 | G20: X | K20: X | N20: =IF(COUNTA(F20:L20)=0,"— não preenchido",IF(COUNTIF(F20:I20,"X")<>1,"FALTA/DUPLA: CONDIÇÃO DA PLATAFORMA",IF(COUNTIF(J20:L20,"X")<>1,"FALTA/DUPLA: DRENAGEM SUPERFICIAL","OK"))) -> OK
... A36: 164ETO0190 | B36: C | C36: 27 | D36: 27.973982 | E36: =D36-C36 -> 0.97398215 | G36: X | K36: X | N36: =IF(COUNTA(F36:L36)=0,"— não preenchido",IF(COUNTIF(F36:I36,"X")<>1,"FALTA/DUPLA: CONDIÇÃO DA PLATAFORMA",IF(COUNTIF(J36:L36,"X")<>1,"FALTA/DUPLA: DRENAGEM SUPERFICIAL","OK"))) -> OK
A38: ____________________________________________ | G38: ____________________________________________
A39: TÉCNICO RESPONSÁVEL PELA INSPEÇÃO | G39: VISTO DA SUPERVISÃO
A41: RESUMO DO TRECHO — KM LANÇADO POR ITEM
A42: KM LANÇADO | F42: =SUMIF(F$9:F$36,"X",$E$9:$E$36) -> 0 | G42: =SUMIF(G$9:G$36,"X",$E$9:$E$36) -> 27.973982 | H42: =SUMIF(H$9:H$36,"X",$E$9:$E$36) -> 0 | I42: =SUMIF(I$9:I$36,"X",$E$9:$E$36) -> 0 | J42: =SUMIF(J$9:J$36,"X",$E$9:$E$36) -> 0 | K42: =SUMIF(K$9:K$36,"X",$E$9:$E$36) -> 27.973982 | L42: =SUMIF(L$9:L$36,"X",$E$9:$E$36) -> 0
A43: % DA EXTENSÃO | F43: =IF($I45=0,0,F42/$I45) -> 0 | G43: =IF($I45=0,0,G42/$I45) -> 1 | H43: =IF($I45=0,0,H42/$I45) -> 0 | I43: =IF($I45=0,0,I42/$I45) -> 0 | J43: =IF($I45=0,0,J42/$I45) -> 0 | K43: =IF($I45=0,0,K42/$I45) -> 1 | L43: =IF($I45=0,0,L42/$I45) -> 0
A44: CONFERÊNCIA POR GRUPO | F44: =IF(SUM(F42:I42)=0,"— não preenchido",IF(ROUND(SUM(F42:I42)-$I45,3)=0,"OK — "&ROUND(SUM(F42:I42),3)&" km","ERRO — dif. de "&ROUND(SUM(F42:I42)-$I45,3)&" km")) -> OK — 27,974 km | J44: =IF(SUM(J42:L42)=0,"— não preenchido",IF(ROUND(SUM(J42:L42)-$I45,3)=0,"OK — "&ROUND(SUM(J42:L42),3)&" km","ERRO — dif. de "&ROUND(SUM(J42:L42)-$I45,3)&" km")) -> OK — 27,974 km
A45: EXTENSÃO TOTAL DO TRECHO | I45: =SUM(E9:E36) -> 27.973982 | M45: =COUNTIF(N9:N36,"OK")&" de "&COUNT($E$9:$E$36)&" linhas conferidas" -> 28 de 28 linhas conferidas
A47: LEGENDA
A48: REGULAR | E48: Até 10 irregularidades por km
A49: RUIM | E49: Mais de 10 irregularidades por km
A50: PÉSSIMA | E50: Atoleiro ou ponto crítico
A51: SIT. | E51: LEN = leito natural · EOP = em obras de pavimentação
A52: FAIXA AZUL | E52: Cabeçalho de cada S.R.E.: descrição, situação, jurisdição, extensão e coordenada de início.
A53: INÍCIO / FIM (KM) | E53: Contados de 0 até o fim de CADA S.R.E. Não é o marco quilométrico da rodovia.
A54: SENT. | E54: C = crescente · D = decrescente
A55: FAIXA CINZA | E55: Segmento fora do escopo do contrato: você passa por ele, mas não preenche.
A56: CÉLULA VERMELHA | E56: Mais de uma X no mesmo grupo. Apague uma delas.
A57: CONFERÊNCIA | E57: Só na tela, não sai impresso. Fica OK com uma X em cada grupo.

Sheet 47
A1: PROGRAMA DE MANUTENÇÃO RODOVIÁRIA — FICHA DE INSPEÇÃO — RODOVIAS NÃO PAVIMENTADAS | P1: Valores dos gráficos — troca 0 por N/D para a fatia não aparecer. Não editar.
A2: REGIÃO: 2 — ARAGUAÍNA I | D2: MÊS / ANO: | F2: =IF('46'!F2="","",'46'!F2) -> 46235 | G2: DATA: | I2: =IF('46'!I2="","",'46'!I2) | J2: TÉCNICO: | K2: =IF('46'!K2="","",'46'!K2) -> ENG. VINICIUS RODRIGUES FERREIRA DE OLIVEIRA | P2: =IF(F60=0,NA(),F60) -> 5 | Q2: =IF(G60=0,NA(),G60) -> 33.321833 | R2: =IF(H60=0,NA(),H60) -> 5 | S2: =IF(I60=0,NA(),I60) -> #N/A | T2: =IF(J60=0,NA(),J60) -> #N/A | U2: =IF(K60=0,NA(),K60) -> 43.321833 | V2: =IF(L60=0,NA(),L60) -> #N/A
A3: TRECHO 47 — RODOVIA TO-164 - TRECHO MURICILÂNDIA - ENTR. TO-226 | K3: EXTENSÃO: 43,322 km · 2 S.R.E.
A4: COMO PREENCHER: uma X em UMA coluna de cada grupo, por linha. Se houver mais de um defeito no mesmo km, marque o PREDOMINANTE e escreva o resto em OBSERVAÇÕES. A quilometragem é contada de 0 até o fim de CADA S.R.E. (não é o marco da rodovia).
A6: S.R.E. | B6: SENT. | C6: INÍCIO (KM) | D6: FIM (KM) | E6: EXT. (KM) | F6: CONDIÇÃO DA PLATAFORMA | J6: DRENAGEM SUPERFICIAL | M6: OBSERVAÇÕES | N6: CONFERÊNCIA (só na tela)
F7: BOM | G7: REG. (ATÉ 10 IRR./KM) | H7: RUIM (+ 10 IRR./KM) | I7: PÉSSIMA (ATOLEIRO/PTO. CRÍTICO) | J7: LIMPA | K7: OBSTRUÍDA | L7: AUSENTE
A8: S.R.E. 164ETO0160 | MURICILÃNDIA * TRECHO URBANO* - COCALANDIA | EOP · Estadual · 9.009 km · início: -7.154833, -48.609922
A9: 164ETO0160 | B9: C | C9: 0 | D9: 1 | E9: =D9-C9 -> 1 | G9: X | K9: X | N9: =IF(COUNTA(F9:L9)=0,"— não preenchido",IF(COUNTIF(F9:I9,"X")<>1,"FALTA/DUPLA: CONDIÇÃO DA PLATAFORMA",IF(COUNTIF(J9:L9,"X")<>1,"FALTA/DUPLA: DRENAGEM SUPERFICIAL","OK"))) -> OK
A10: 164ETO0160 | B10: C | C10: 1 | D10: 2 | E10: =D10-C10 -> 1 | G10: X | K10: X | N10: =IF(COUNTA(F10:L10)=0,"— não preenchido",IF(COUNTIF(F10:I10,"X")<>1,"FALTA/DUPLA: CONDIÇÃO DA PLATAFORMA",IF(COUNTIF(J10:L10,"X")<>1,"FALTA/DUPLA: DRENAGEM SUPERFICIAL","OK"))) -> OK
A11: 164ETO0160 | B11: C | C11: 2 | D11: 3 | E11: =D11-C11 -> 1 | G11: X | K11: X | N11: =IF(COUNTA(F11:L11)=0,"— não preenchido",IF(COUNTIF(F11:I11,"X")<>1,"FALTA/DUPLA: CONDIÇÃO DA PLATAFORMA",IF(COUNTIF(J11:L11,"X")<>1,"FALTA/DUPLA: DRENAGEM SUPERFICIAL","OK"))) -> OK
A12: 164ETO0160 | B12: C | C12: 3 | D12: 4 | E12: =D12-C12 -> 1 | H12: X | K12: X | N12: =IF(COUNTA(F12:L12)=0,"— não preenchido",IF(COUNTIF(F12:I12,"X")<>1,"FALTA/DUPLA: CONDIÇÃO DA PLATAFORMA",IF(COUNTIF(J12:L12,"X")<>1,"FALTA/DUPLA: DRENAGEM SUPERFICIAL","OK"))) -> OK
A13: 164ETO0160 | B13: C | C13: 4 | D13: 5 | E13: =D13-C13 -> 1 | G13: X | K13: X | N13: =IF(COUNTA(F13:L13)=0,"— não preenchido",IF(COUNTIF(F13:I13,"X")<>1,"FALTA/DUPLA: CONDIÇÃO DA PLATAFORMA",IF(COUNTIF(J13:L13,"X")<>1,"FALTA/DUPLA: DRENAGEM SUPERFICIAL","OK"))) -> OK
A14: 164ETO0160 | B14: C | C14: 5 | D14: 6 | E14: =D14-C14 -> 1 | G14: X | K14: X | N14: =IF(COUNTA(F14:L14)=0,"— não preenchido",IF(COUNTIF(F14:I14,"X")<>1,"FALTA/DUPLA: CONDIÇÃO DA PLATAFORMA",IF(COUNTIF(J14:L14,"X")<>1,"FALTA/DUPLA: DRENAGEM SUPERFICIAL","OK"))) -> OK
A15: 164ETO0160 | B15: C | C15: 6 | D15: 7 | E15: =D15-C15 -> 1 | G15: X | K15: X | N15: =IF(COUNTA(F15:L15)=0,"— não preenchido",IF(COUNTIF(F15:I15,"X")<>1,"FALTA/DUPLA: CONDIÇÃO DA PLATAFORMA",IF(COUNTIF(J15:L15,"X")<>1,"FALTA/DUPLA: DRENAGEM SUPERFICIAL","OK"))) -> OK
A16: 164ETO0160 | B16: C | C16: 7 | D16: 8 | E16: =D16-C16 -> 1 | G16: X | K16: X | N16: =IF(COUNTA(F16:L16)=0,"— não preenchido",IF(COUNTIF(F16:I16,"X")<>1,"FALTA/DUPLA: CONDIÇÃO DA PLATAFORMA",IF(COUNTIF(J16:L16,"X")<>1,"FALTA/DUPLA: DRENAGEM SUPERFICIAL","OK"))) -> OK
A17: 164ETO0160 | B17: C | C17: 8 | D17: 9 | E17: =D17-C17 -> 1 | G17: X | K17: X | N17: =IF(COUNTA(F17:L17)=0,"— não preenchido",IF(COUNTIF(F17:I17,"X")<>1,"FALTA/DUPLA: CONDIÇÃO DA PLATAFORMA",IF(COUNTIF(J17:L17,"X")<>1,"FALTA/DUPLA: DRENAGEM SUPERFICIAL","OK"))) -> OK
A18: 164ETO0160 | B18: C | C18: 9 | D18: 9.0092407 | E18: =D18-C18 -> 0.0092407101 | G18: X | K18: X | N18: =IF(COUNTA(F18:L18)=0,"— não preenchido",IF(COUNTIF(F18:I18,"X")<>1,"FALTA/DUPLA: CONDIÇÃO DA PLATAFORMA",IF(COUNTIF(J18:L18,"X")<>1,"FALTA/DUPLA: DRENAGEM SUPERFICIAL","OK"))) -> OK
A19: S.R.E. 164ETO0170 | COCALANDIA - ENTR. TO-226 (A) | EOP · Estadual · 34.313 km · início: -7.223845, -48.622338
A20: 164ETO0170 | B20: C | C20: 0 | D20: 1 | E20: =D20-C20 -> 1 | G20: X | K20: X | N20: =IF(COUNTA(F20:L20)=0,"— não preenchido",IF(COUNTIF(F20:I20,"X")<>1,"FALTA/DUPLA: CONDIÇÃO DA PLATAFORMA",IF(COUNTIF(J20:L20,"X")<>1,"FALTA/DUPLA: DRENAGEM SUPERFICIAL","OK"))) -> OK
A21: 164ETO0170 | B21: C | C21: 1 | D21: 2 | E21: =D21-C21 -> 1 | G21: X | K21: X | N21: =IF(COUNTA(F21:L21)=0,"— não preenchido",IF(COUNTIF(F21:I21,"X")<>1,"FALTA/DUPLA: CONDIÇÃO DA PLATAFORMA",IF(COUNTIF(J21:L21,"X")<>1,"FALTA/DUPLA: DRENAGEM SUPERFICIAL","OK"))) -> OK
A22: 164ETO0170 | B22: C | C22: 2 | D22: 3 | E22: =D22-C22 -> 1 | H22: X | K22: X | N22: =IF(COUNTA(F22:L22)=0,"— não preenchido",IF(COUNTIF(F22:I22,"X")<>1,"FALTA/DUPLA: CONDIÇÃO DA PLATAFORMA",IF(COUNTIF(J22:L22,"X")<>1,"FALTA/DUPLA: DRENAGEM SUPERFICIAL","OK"))) -> OK
A23: 164ETO0170 | B23: C | C23: 3 | D23: 4 | E23: =D23-C23 -> 1 | H23: X | K23: X | N23: =IF(COUNTA(F23:L23)=0,"— não preenchido",IF(COUNTIF(F23:I23,"X")<>1,"FALTA/DUPLA: CONDIÇÃO DA PLATAFORMA",IF(COUNTIF(J23:L23,"X")<>1,"FALTA/DUPLA: DRENAGEM SUPERFICIAL","OK"))) -> OK
A24: 164ETO0170 | B24: C | C24: 4 | D24: 5 | E24: =D24-C24 -> 1 | H24: X | K24: X | N24: =IF(COUNTA(F24:L24)=0,"— não preenchido",IF(COUNTIF(F24:I24,"X")<>1,"FALTA/DUPLA: CONDIÇÃO DA PLATAFORMA",IF(COUNTIF(J24:L24,"X")<>1,"FALTA/DUPLA: DRENAGEM SUPERFICIAL","OK"))) -> OK
A25: 164ETO0170 | B25: C | C25: 5 | D25: 6 | E25: =D25-C25 -> 1 | G25: X | K25: X | N25: =IF(COUNTA(F25:L25)=0,"— não preenchido",IF(COUNTIF(F25:I25,"X")<>1,"FALTA/DUPLA: CONDIÇÃO DA PLATAFORMA",IF(COUNTIF(J25:L25,"X")<>1,"FALTA/DUPLA: DRENAGEM SUPERFICIAL","OK"))) -> OK
A26: 164ETO0170 | B26: C | C26: 6 | D26: 7 | E26: =D26-C26 -> 1 | G26: X | K26: X | N26: =IF(COUNTA(F26:L26)=0,"— não preenchido",IF(COUNTIF(F26:I26,"X")<>1,"FALTA/DUPLA: CONDIÇÃO DA PLATAFORMA",IF(COUNTIF(J26:L26,"X")<>1,"FALTA/DUPLA: DRENAGEM SUPERFICIAL","OK"))) -> OK
A27: 164ETO0170 | B27: C | C27: 7 | D27: 8 | E27: =D27-C27 -> 1 | G27: X | K27: X | N27: =IF(COUNTA(F27:L27)=0,"— não preenchido",IF(COUNTIF(F27:I27,"X")<>1,"FALTA/DUPLA: CONDIÇÃO DA PLATAFORMA",IF(COUNTIF(J27:L27,"X")<>1,"FALTA/DUPLA: DRENAGEM SUPERFICIAL","OK"))) -> OK
A28: 164ETO0170 | B28: C | C28: 8 | D28: 9 | E28: =D28-C28 -> 1 | G28: X | K28: X | N28: =IF(COUNTA(F28:L28)=0,"— não preenchido",IF(COUNTIF(F28:I28,"X")<>1,"FALTA/DUPLA: CONDIÇÃO DA PLATAFORMA",IF(COUNTIF(J28:L28,"X")<>1,"FALTA/DUPLA: DRENAGEM SUPERFICIAL","OK"))) -> OK
A29: 164ETO0170 | B29: C | C29: 9 | D29: 10 | E29: =D29-C29 -> 1 | G29: X | K29: X | N29: =IF(COUNTA(F29:L29)=0,"— não preenchido",IF(COUNTIF(F29:I29,"X")<>1,"FALTA/DUPLA: CONDIÇÃO DA PLATAFORMA",IF(COUNTIF(J29:L29,"X")<>1,"FALTA/DUPLA: DRENAGEM SUPERFICIAL","OK"))) -> OK
A30: 164ETO0170 | B30: C | C30: 10 | D30: 11 | E30: =D30-C30 -> 1 | G30: X | K30: X | N30: =IF(COUNTA(F30:L30)=0,"— não preenchido",IF(COUNTIF(F30:I30,"X")<>1,"FALTA/DUPLA: CONDIÇÃO DA PLATAFORMA",IF(COUNTIF(J30:L30,"X")<>1,"FALTA/DUPLA: DRENAGEM SUPERFICIAL","OK"))) -> OK
A31: 164ETO0170 | B31: C | C31: 11 | D31: 12 | E31: =D31-C31 -> 1 | G31: X | K31: X | N31: =IF(COUNTA(F31:L31)=0,"— não preenchido",IF(COUNTIF(F31:I31,"X")<>1,"FALTA/DUPLA: CONDIÇÃO DA PLATAFORMA",IF(COUNTIF(J31:L31,"X")<>1,"FALTA/DUPLA: DRENAGEM SUPERFICIAL","OK"))) -> OK
A32: 164ETO0170 | B32: C | C32: 12 | D32: 13 | E32: =D32-C32 -> 1 | G32: X | K32: X | N32: =IF(COUNTA(F32:L32)=0,"— não preenchido",IF(COUNTIF(F32:I32,"X")<>1,"FALTA/DUPLA: CONDIÇÃO DA PLATAFORMA",IF(COUNTIF(J32:L32,"X")<>1,"FALTA/DUPLA: DRENAGEM SUPERFICIAL","OK"))) -> OK
A33: 164ETO0170 | B33: C | C33: 13 | D33: 14 | E33: =D33-C33 -> 1 | G33: X | K33: X | N33: =IF(COUNTA(F33:L33)=0,"— não preenchido",IF(COUNTIF(F33:I33,"X")<>1,"FALTA/DUPLA: CONDIÇÃO DA PLATAFORMA",IF(COUNTIF(J33:L33,"X")<>1,"FALTA/DUPLA: DRENAGEM SUPERFICIAL","OK"))) -> OK
A34: 164ETO0170 | B34: C | C34: 14 | D34: 15 | E34: =D34-C34 -> 1 | G34: X | K34: X | N34: =IF(COUNTA(F34:L34)=0,"— não preenchido",IF(COUNTIF(F34:I34,"X")<>1,"FALTA/DUPLA: CONDIÇÃO DA PLATAFORMA",IF(COUNTIF(J34:L34,"X")<>1,"FALTA/DUPLA: DRENAGEM SUPERFICIAL","OK"))) -> OK
A35: 164ETO0170 | B35: C | C35: 15 | D35: 16 | E35: =D35-C35 -> 1 | G35: X | K35: X | N35: =IF(COUNTA(F35:L35)=0,"— não preenchido",IF(COUNTIF(F35:I35,"X")<>1,"FALTA/DUPLA: CONDIÇÃO DA PLATAFORMA",IF(COUNTIF(J35:L35,"X")<>1,"FALTA/DUPLA: DRENAGEM SUPERFICIAL","OK"))) -> OK
A36: 164ETO0170 | B36: C | C36: 16 | D36: 17 | E36: =D36-C36 -> 1 | F36: X | K36: X | N36: =IF(COUNTA(F36:L36)=0,"— não preenchido",IF(COUNTIF(F36:I36,"X")<>1,"FALTA/DUPLA: CONDIÇÃO DA PLATAFORMA",IF(COUNTIF(J36:L36,"X")<>1,"FALTA/DUPLA: DRENAGEM SUPERFICIAL","OK"))) -> OK
A37: 164ETO0170 | B37: C | C37: 17 | D37: 18 | E37: =D37-C37 -> 1 | F37: X | K37: X | N37: =IF(COUNTA(F37:L37)=0,"— não preenchido",IF(COUNTIF(F37:I37,"X")<>1,"FALTA/DUPLA: CONDIÇÃO DA PLATAFORMA",IF(COUNTIF(J37:L37,"X")<>1,"FALTA/DUPLA: DRENAGEM SUPERFICIAL","OK"))) -> OK
A38: 164ETO0170 | B38: C | C38: 18 | D38: 19 | E38: =D38-C38 -> 1 | F38: X | K38: X | N38: =IF(COUNTA(F38:L38)=0,"— não preenchido",IF(COUNTIF(F38:I38,"X")<>1,"FALTA/DUPLA: CONDIÇÃO DA PLATAFORMA",IF(COUNTIF(J38:L38,"X")<>1,"FALTA/DUPLA: DRENAGEM SUPERFICIAL","OK"))) -> OK
A39: 164ETO0170 | B39: C | C39: 19 | D39: 20 | E39: =D39-C39 -> 1 | F39: X | K39: X | N39: =IF(COUNTA(F39:L39)=0,"— não preenchido",IF(COUNTIF(F39:I39,"X")<>1,"FALTA/DUPLA: CONDIÇÃO DA PLATAFORMA",IF(COUNTIF(J39:L39,"X")<>1,"FALTA/DUPLA: DRENAGEM SUPERFICIAL","OK"))) -> OK
A40: 164ETO0170 | B40: C | C40: 20 | D40: 21 | E40: =D40-C40 -> 1 | F40: X | K40: X | N40: =IF(COUNTA(F40:L40)=0,"— não preenchido",IF(COUNTIF(F40:I40,"X")<>1,"FALTA/DUPLA: CONDIÇÃO DA PLATAFORMA",IF(COUNTIF(J40:L40,"X")<>1,"FALTA/DUPLA: DRENAGEM SUPERFICIAL","OK"))) -> OK
A41: 164ETO0170 | B41: C | C41: 21 | D41: 22 | E41: =D41-C41 -> 1 | G41: X | K41: X | N41: =IF(COUNTA(F41:L41)=0,"— não preenchido",IF(COUNTIF(F41:I41,"X")<>1,"FALTA/DUPLA: CONDIÇÃO DA PLATAFORMA",IF(COUNTIF(J41:L41,"X")<>1,"FALTA/DUPLA: DRENAGEM SUPERFICIAL","OK"))) -> OK
A42: 164ETO0170 | B42: C | C42: 22 | D42: 23 | E42: =D42-C42 -> 1 | G42: X | K42: X | N42: =IF(COUNTA(F42:L42)=0,"— não preenchido",IF(COUNTIF(F42:I42,"X")<>1,"FALTA/DUPLA: CONDIÇÃO DA PLATAFORMA",IF(COUNTIF(J42:L42,"X")<>1,"FALTA/DUPLA: DRENAGEM SUPERFICIAL","OK"))) -> OK
A43: 164ETO0170 | B43: C | C43: 23 | D43: 24 | E43: =D43-C43 -> 1 | G43: X | K43: X | N43: =IF(COUNTA(F43:L43)=0,"— não preenchido",IF(COUNTIF(F43:I43,"X")<>1,"FALTA/DUPLA: CONDIÇÃO DA PLATAFORMA",IF(COUNTIF(J43:L43,"X")<>1,"FALTA/DUPLA: DRENAGEM SUPERFICIAL","OK"))) -> OK
A44: 164ETO0170 | B44: C | C44: 24 | D44: 25 | E44: =D44-C44 -> 1 | G44: X | K44: X | N44: =IF(COUNTA(F44:L44)=0,"— não preenchido",IF(COUNTIF(F44:I44,"X")<>1,"FALTA/DUPLA: CONDIÇÃO DA PLATAFORMA",IF(COUNTIF(J44:L44,"X")<>1,"FALTA/DUPLA: DRENAGEM SUPERFICIAL","OK"))) -> OK
A45: 164ETO0170 | B45: C | C45: 25 | D45: 26 | E45: =D45-C45 -> 1 | G45: X | K45: X | N45: =IF(COUNTA(F45:L45)=0,"— não preenchido",IF(COUNTIF(F45:I45,"X")<>1,"FALTA/DUPLA: CONDIÇÃO DA PLATAFORMA",IF(COUNTIF(J45:L45,"X")<>1,"FALTA/DUPLA: DRENAGEM SUPERFICIAL","OK"))) -> OK
A46: 164ETO0170 | B46: C | C46: 26 | D46: 27 | E46: =D46-C46 -> 1 | G46: X | K46: X | N46: =IF(COUNTA(F46:L46)=0,"— não preenchido",IF(COUNTIF(F46:I46,"X")<>1,"FALTA/DUPLA: CONDIÇÃO DA PLATAFORMA",IF(COUNTIF(J46:L46,"X")<>1,"FALTA/DUPLA: DRENAGEM SUPERFICIAL","OK"))) -> OK
A47: 164ETO0170 | B47: C | C47: 27 | D47: 28 | E47: =D47-C47 -> 1 | G47: X | K47: X | N47: =IF(COUNTA(F47:L47)=0,"— não preenchido",IF(COUNTIF(F47:I47,"X")<>1,"FALTA/DUPLA: CONDIÇÃO DA PLATAFORMA",IF(COUNTIF(J47:L47,"X")<>1,"FALTA/DUPLA: DRENAGEM SUPERFICIAL","OK"))) -> OK
A48: 164ETO0170 | B48: C | C48: 28 | D48: 29 | E48: =D48-C48 -> 1 | G48: X | K48: X | N48: =IF(COUNTA(F48:L48)=0,"— não preenchido",IF(COUNTIF(F48:I48,"X")<>1,"FALTA/DUPLA: CONDIÇÃO DA PLATAFORMA",IF(COUNTIF(J48:L48,"X")<>1,"FALTA/DUPLA: DRENAGEM SUPERFICIAL","OK"))) -> OK
A49: 164ETO0170 | B49: C | C49: 29 | D49: 30 | E49: =D49-C49 -> 1 | G49: X | K49: X | N49: =IF(COUNTA(F49:L49)=0,"— não preenchido",IF(COUNTIF(F49:I49,"X")<>1,"FALTA/DUPLA: CONDIÇÃO DA PLATAFORMA",IF(COUNTIF(J49:L49,"X")<>1,"FALTA/DUPLA: DRENAGEM SUPERFICIAL","OK"))) -> OK
A50: 164ETO0170 | B50: C | C50: 30 | D50: 31 | E50: =D50-C50 -> 1 | G50: X | K50: X | N50: =IF(COUNTA(F50:L50)=0,"— não preenchido",IF(COUNTIF(F50:I50,"X")<>1,"FALTA/DUPLA: CONDIÇÃO DA PLATAFORMA",IF(COUNTIF(J50:L50,"X")<>1,"FALTA/DUPLA: DRENAGEM SUPERFICIAL","OK"))) -> OK
A51: 164ETO0170 | B51: C | C51: 31 | D51: 32 | E51: =D51-C51 -> 1 | H51: X | K51: X | N51: =IF(COUNTA(F51:L51)=0,"— não preenchido",IF(COUNTIF(F51:I51,"X")<>1,"FALTA/DUPLA: CONDIÇÃO DA PLATAFORMA",IF(COUNTIF(J51:L51,"X")<>1,"FALTA/DUPLA: DRENAGEM SUPERFICIAL","OK"))) -> OK
A52: 164ETO0170 | B52: C | C52: 32 | D52: 33 | E52: =D52-C52 -> 1 | G52: X | K52: X | N52: =IF(COUNTA(F52:L52)=0,"— não preenchido",IF(COUNTIF(F52:I52,"X")<>1,"FALTA/DUPLA: CONDIÇÃO DA PLATAFORMA",IF(COUNTIF(J52:L52,"X")<>1,"FALTA/DUPLA: DRENAGEM SUPERFICIAL","OK"))) -> OK
A53: 164ETO0170 | B53: C | C53: 33 | D53: 34 | E53: =D53-C53 -> 1 | G53: X | K53: X | N53: =IF(COUNTA(F53:L53)=0,"— não preenchido",IF(COUNTIF(F53:I53,"X")<>1,"FALTA/DUPLA: CONDIÇÃO DA PLATAFORMA",IF(COUNTIF(J53:L53,"X")<>1,"FALTA/DUPLA: DRENAGEM SUPERFICIAL","OK"))) -> OK
A54: 164ETO0170 | B54: C | C54: 34 | D54: 34.312592 | E54: =D54-C54 -> 0.31259201 | G54: X | K54: X | N54: =IF(COUNTA(F54:L54)=0,"— não preenchido",IF(COUNTIF(F54:I54,"X")<>1,"FALTA/DUPLA: CONDIÇÃO DA PLATAFORMA",IF(COUNTIF(J54:L54,"X")<>1,"FALTA/DUPLA: DRENAGEM SUPERFICIAL","OK"))) -> OK
A56: ____________________________________________ | G56: ____________________________________________
A57: TÉCNICO RESPONSÁVEL PELA INSPEÇÃO | G57: VISTO DA SUPERVISÃO
A59: RESUMO DO TRECHO — KM LANÇADO POR ITEM
A60: KM LANÇADO | F60: =SUMIF(F$9:F$54,"X",$E$9:$E$54) -> 5 | G60: =SUMIF(G$9:G$54,"X",$E$9:$E$54) -> 33.321833 | H60: =SUMIF(H$9:H$54,"X",$E$9:$E$54) -> 5 | I60: =SUMIF(I$9:I$54,"X",$E$9:$E$54) -> 0 | J60: =SUMIF(J$9:J$54,"X",$E$9:$E$54) -> 0 | K60: =SUMIF(K$9:K$54,"X",$E$9:$E$54) -> 43.321833 | L60: =SUMIF(L$9:L$54,"X",$E$9:$E$54) -> 0
A61: % DA EXTENSÃO | F61: =IF($I63=0,0,F60/$I63) -> 0.11541525 | G61: =IF($I63=0,0,G60/$I63) -> 0.76916951 | H61: =IF($I63=0,0,H60/$I63) -> 0.11541525 | I61: =IF($I63=0,0,I60/$I63) -> 0 | J61: =IF($I63=0,0,J60/$I63) -> 0 | K61: =IF($I63=0,0,K60/$I63) -> 1 | L61: =IF($I63=0,0,L60/$I63) -> 0
A62: CONFERÊNCIA POR GRUPO | F62: =IF(SUM(F60:I60)=0,"— não preenchido",IF(ROUND(SUM(F60:I60)-$I63,3)=0,"OK — "&ROUND(SUM(F60:I60),3)&" km","ERRO — dif. de "&ROUND(SUM(F60:I60)-$I63,3)&" km")) -> OK — 43,322 km | J62: =IF(SUM(J60:L60)=0,"— não preenchido",IF(ROUND(SUM(J60:L60)-$I63,3)=0,"OK — "&ROUND(SUM(J60:L60),3)&" km","ERRO — dif. de "&ROUND(SUM(J60:L60)-$I63,3)&" km")) -> OK — 43,322 km
A63: EXTENSÃO TOTAL DO TRECHO | I63: =SUM(E9:E54) -> 43.321833 | M63: =COUNTIF(N9:N54,"OK")&" de "&COUNT($E$9:$E$54)&" linhas conferidas" -> 45 de 45 linhas conferidas
A65: LEGENDA
A66: REGULAR | E66: Até 10 irregularidades por km
A67: RUIM | E67: Mais de 10 irregularidades por km
A68: PÉSSIMA | E68: Atoleiro ou ponto crítico
A69: SIT. | E69: LEN = leito natural · EOP = em obras de pavimentação
A70: FAIXA AZUL | E70: Cabeçalho de cada S.R.E.: descrição, situação, jurisdição, extensão e coordenada de início.
A71: INÍCIO / FIM (KM) | E71: Contados de 0 até o fim de CADA S.R.E. Não é o marco quilométrico da rodovia.
A72: SENT. | E72: C = crescente · D = decrescente
A73: FAIXA CINZA | E73: Segmento fora do escopo do contrato: você passa por ele, mas não preenche.
A74: CÉLULA VERMELHA | E74: Mais de uma X no mesmo grupo. Apague uma delas.
A75: CONFERÊNCIA | E75: Só na tela, não sai impresso. Fica OK com uma X em cada grupo.

Sheet 48
A1: PROGRAMA DE MANUTENÇÃO RODOVIÁRIA — FICHA DE INSPEÇÃO — RODOVIAS NÃO PAVIMENTADAS | P1: Valores dos gráficos — troca 0 por N/D para a fatia não aparecer. Não editar.
A2: REGIÃO: 2 — ARAGUAÍNA I | D2: MÊS / ANO: | F2: =IF('46'!F2="","",'46'!F2) -> 46235 | G2: DATA: | I2: =IF('46'!I2="","",'46'!I2) | J2: TÉCNICO: | K2: =IF('46'!K2="","",'46'!K2) -> ENG. VINICIUS RODRIGUES FERREIRA DE OLIVEIRA | P2: =IF(F109=0,NA(),F109) -> #N/A | Q2: =IF(G109=0,NA(),G109) -> 80.523276 | R2: =IF(H109=0,NA(),H109) -> 12 | S2: =IF(I109=0,NA(),I109) -> #N/A | T2: =IF(J109=0,NA(),J109) -> #N/A | U2: =IF(K109=0,NA(),K109) -> 92.523276 | V2: =IF(L109=0,NA(),L109) -> #N/A
A3: TRECHO 48 — RODOVIA TO-165 - TRECHO SANTA FÉ DO ARAGUAIA - ENTR. TO-226 - ARAPOEMA | K3: EXTENSÃO: 92,523 km · 2 S.R.E.
A4: COMO PREENCHER: uma X em UMA coluna de cada grupo, por linha. Se houver mais de um defeito no mesmo km, marque o PREDOMINANTE e escreva o resto em OBSERVAÇÕES. A quilometragem é contada de 0 até o fim de CADA S.R.E. (não é o marco da rodovia).
A6: S.R.E. | B6: SENT. | C6: INÍCIO (KM) | D6: FIM (KM) | E6: EXT. (KM) | F6: CONDIÇÃO DA PLATAFORMA | J6: DRENAGEM SUPERFICIAL | M6: OBSERVAÇÕES | N6: CONFERÊNCIA (só na tela)
F7: BOM | G7: REG. (ATÉ 10 IRR./KM) | H7: RUIM (+ 10 IRR./KM) | I7: PÉSSIMA (ATOLEIRO/PTO. CRÍTICO) | J7: LIMPA | K7: OBSTRUÍDA | L7: AUSENTE
A8: S.R.E. 165ETO0100 | SANTA FÉ DO ARAGUAIA *TRECHO URBANO* - ENTR. TO-226 | LEN · Estadual · 51.534 km · início: -7.154445, -48.697131
A9: 165ETO0100 | B9: C | C9: 0 | D9: 1 | E9: =D9-C9 -> 1 | G9: X | K9: X | N9: =IF(COUNTA(F9:L9)=0,"— não preenchido",IF(COUNTIF(F9:I9,"X")<>1,"FALTA/DUPLA: CONDIÇÃO DA PLATAFORMA",IF(COUNTIF(J9:L9,"X")<>1,"FALTA/DUPLA: DRENAGEM SUPERFICIAL","OK"))) -> OK
A10: 165ETO0100 | B10: C | C10: 1 | D10: 2 | E10: =D10-C10 -> 1 | G10: X | K10: X | N10: =IF(COUNTA(F10:L10)=0,"— não preenchido",IF(COUNTIF(F10:I10,"X")<>1,"FALTA/DUPLA: CONDIÇÃO DA PLATAFORMA",IF(COUNTIF(J10:L10,"X")<>1,"FALTA/DUPLA: DRENAGEM SUPERFICIAL","OK"))) -> OK
A11: 165ETO0100 | B11: C | C11: 2 | D11: 3 | E11: =D11-C11 -> 1 | G11: X | K11: X | N11: =IF(COUNTA(F11:L11)=0,"— não preenchido",IF(COUNTIF(F11:I11,"X")<>1,"FALTA/DUPLA: CONDIÇÃO DA PLATAFORMA",IF(COUNTIF(J11:L11,"X")<>1,"FALTA/DUPLA: DRENAGEM SUPERFICIAL","OK"))) -> OK
A12: 165ETO0100 | B12: C | C12: 3 | D12: 4 | E12: =D12-C12 -> 1 | G12: X | K12: X | N12: =IF(COUNTA(F12:L12)=0,"— não preenchido",IF(COUNTIF(F12:I12,"X")<>1,"FALTA/DUPLA: CONDIÇÃO DA PLATAFORMA",IF(COUNTIF(J12:L12,"X")<>1,"FALTA/DUPLA: DRENAGEM SUPERFICIAL","OK"))) -> OK
A13: 165ETO0100 | B13: C | C13: 4 | D13: 5 | E13: =D13-C13 -> 1 | G13: X | K13: X | N13: =IF(COUNTA(F13:L13)=0,"— não preenchido",IF(COUNTIF(F13:I13,"X")<>1,"FALTA/DUPLA: CONDIÇÃO DA PLATAFORMA",IF(COUNTIF(J13:L13,"X")<>1,"FALTA/DUPLA: DRENAGEM SUPERFICIAL","OK"))) -> OK
A14: 165ETO0100 | B14: C | C14: 5 | D14: 6 | E14: =D14-C14 -> 1 | G14: X | K14: X | N14: =IF(COUNTA(F14:L14)=0,"— não preenchido",IF(COUNTIF(F14:I14,"X")<>1,"FALTA/DUPLA: CONDIÇÃO DA PLATAFORMA",IF(COUNTIF(J14:L14,"X")<>1,"FALTA/DUPLA: DRENAGEM SUPERFICIAL","OK"))) -> OK
A15: 165ETO0100 | B15: C | C15: 6 | D15: 7 | E15: =D15-C15 -> 1 | H15: X | K15: X | N15: =IF(COUNTA(F15:L15)=0,"— não preenchido",IF(COUNTIF(F15:I15,"X")<>1,"FALTA/DUPLA: CONDIÇÃO DA PLATAFORMA",IF(COUNTIF(J15:L15,"X")<>1,"FALTA/DUPLA: DRENAGEM SUPERFICIAL","OK"))) -> OK
A16: 165ETO0100 | B16: C | C16: 7 | D16: 8 | E16: =D16-C16 -> 1 | H16: X | K16: X | N16: =IF(COUNTA(F16:L16)=0,"— não preenchido",IF(COUNTIF(F16:I16,"X")<>1,"FALTA/DUPLA: CONDIÇÃO DA PLATAFORMA",IF(COUNTIF(J16:L16,"X")<>1,"FALTA/DUPLA: DRENAGEM SUPERFICIAL","OK"))) -> OK
A17: 165ETO0100 | B17: C | C17: 8 | D17: 9 | E17: =D17-C17 -> 1 | G17: X | K17: X | N17: =IF(COUNTA(F17:L17)=0,"— não preenchido",IF(COUNTIF(F17:I17,"X")<>1,"FALTA/DUPLA: CONDIÇÃO DA PLATAFORMA",IF(COUNTIF(J17:L17,"X")<>1,"FALTA/DUPLA: DRENAGEM SUPERFICIAL","OK"))) -> OK
A18: 165ETO0100 | B18: C | C18: 9 | D18: 10 | E18: =D18-C18 -> 1 | G18: X | K18: X | N18: =IF(COUNTA(F18:L18)=0,"— não preenchido",IF(COUNTIF(F18:I18,"X")<>1,"FALTA/DUPLA: CONDIÇÃO DA PLATAFORMA",IF(COUNTIF(J18:L18,"X")<>1,"FALTA/DUPLA: DRENAGEM SUPERFICIAL","OK"))) -> OK
A19: 165ETO0100 | B19: C | C19: 10 | D19: 11 | E19: =D19-C19 -> 1 | G19: X | K19: X | N19: =IF(COUNTA(F19:L19)=0,"— não preenchido",IF(COUNTIF(F19:I19,"X")<>1,"FALTA/DUPLA: CONDIÇÃO DA PLATAFORMA",IF(COUNTIF(J19:L19,"X")<>1,"FALTA/DUPLA: DRENAGEM SUPERFICIAL","OK"))) -> OK
A20: 165ETO0100 | B20: C | C20: 11 | D20: 12 | E20: =D20-C20 -> 1 | G20: X | K20: X | N20: =IF(COUNTA(F20:L20)=0,"— não preenchido",IF(COUNTIF(F20:I20,"X")<>1,"FALTA/DUPLA: CONDIÇÃO DA PLATAFORMA",IF(COUNTIF(J20:L20,"X")<>1,"FALTA/DUPLA: DRENAGEM SUPERFICIAL","OK"))) -> OK
A21: 165ETO0100 | B21: C | C21: 12 | D21: 13 | E21: =D21-C21 -> 1 | G21: X | K21: X | N21: =IF(COUNTA(F21:L21)=0,"— não preenchido",IF(COUNTIF(F21:I21,"X")<>1,"FALTA/DUPLA: CONDIÇÃO DA PLATAFORMA",IF(COUNTIF(J21:L21,"X")<>1,"FALTA/DUPLA: DRENAGEM SUPERFICIAL","OK"))) -> OK
A22: 165ETO0100 | B22: C | C22: 13 | D22: 14 | E22: =D22-C22 -> 1 | G22: X | K22: X | N22: =IF(COUNTA(F22:L22)=0,"— não preenchido",IF(COUNTIF(F22:I22,"X")<>1,"FALTA/DUPLA: CONDIÇÃO DA PLATAFORMA",IF(COUNTIF(J22:L22,"X")<>1,"FALTA/DUPLA: DRENAGEM SUPERFICIAL","OK"))) -> OK
A23: 165ETO0100 | B23: C | C23: 14 | D23: 15 | E23: =D23-C23 -> 1 | G23: X | K23: X | N23: =IF(COUNTA(F23:L23)=0,"— não preenchido",IF(COUNTIF(F23:I23,"X")<>1,"FALTA/DUPLA: CONDIÇÃO DA PLATAFORMA",IF(COUNTIF(J23:L23,"X")<>1,"FALTA/DUPLA: DRENAGEM SUPERFICIAL","OK"))) -> OK
A24: 165ETO0100 | B24: C | C24: 15 | D24: 16 | E24: =D24-C24 -> 1 | G24: X | K24: X | N24: =IF(COUNTA(F24:L24)=0,"— não preenchido",IF(COUNTIF(F24:I24,"X")<>1,"FALTA/DUPLA: CONDIÇÃO DA PLATAFORMA",IF(COUNTIF(J24:L24,"X")<>1,"FALTA/DUPLA: DRENAGEM SUPERFICIAL","OK"))) -> OK
A25: 165ETO0100 | B25: C | C25: 16 | D25: 17 | E25: =D25-C25 -> 1 | H25: X | K25: X | N25: =IF(COUNTA(F25:L25)=0,"— não preenchido",IF(COUNTIF(F25:I25,"X")<>1,"FALTA/DUPLA: CONDIÇÃO DA PLATAFORMA",IF(COUNTIF(J25:L25,"X")<>1,"FALTA/DUPLA: DRENAGEM SUPERFICIAL","OK"))) -> OK
A26: 165ETO0100 | B26: C | C26: 17 | D26: 18 | E26: =D26-C26 -> 1 | H26: X | K26: X | N26: =IF(COUNTA(F26:L26)=0,"— não preenchido",IF(COUNTIF(F26:I26,"X")<>1,"FALTA/DUPLA: CONDIÇÃO DA PLATAFORMA",IF(COUNTIF(J26:L26,"X")<>1,"FALTA/DUPLA: DRENAGEM SUPERFICIAL","OK"))) -> OK
A27: 165ETO0100 | B27: C | C27: 18 | D27: 19 | E27: =D27-C27 -> 1 | G27: X | K27: X | N27: =IF(COUNTA(F27:L27)=0,"— não preenchido",IF(COUNTIF(F27:I27,"X")<>1,"FALTA/DUPLA: CONDIÇÃO DA PLATAFORMA",IF(COUNTIF(J27:L27,"X")<>1,"FALTA/DUPLA: DRENAGEM SUPERFICIAL","OK"))) -> OK
A28: 165ETO0100 | B28: C | C28: 19 | D28: 20 | E28: =D28-C28 -> 1 | G28: X | K28: X | N28: =IF(COUNTA(F28:L28)=0,"— não preenchido",IF(COUNTIF(F28:I28,"X")<>1,"FALTA/DUPLA: CONDIÇÃO DA PLATAFORMA",IF(COUNTIF(J28:L28,"X")<>1,"FALTA/DUPLA: DRENAGEM SUPERFICIAL","OK"))) -> OK
A29: 165ETO0100 | B29: C | C29: 20 | D29: 21 | E29: =D29-C29 -> 1 | H29: X | K29: X | N29: =IF(COUNTA(F29:L29)=0,"— não preenchido",IF(COUNTIF(F29:I29,"X")<>1,"FALTA/DUPLA: CONDIÇÃO DA PLATAFORMA",IF(COUNTIF(J29:L29,"X")<>1,"FALTA/DUPLA: DRENAGEM SUPERFICIAL","OK"))) -> OK
A30: 165ETO0100 | B30: C | C30: 21 | D30: 22 | E30: =D30-C30 -> 1 | G30: X | K30: X | N30: =IF(COUNTA(F30:L30)=0,"— não preenchido",IF(COUNTIF(F30:I30,"X")<>1,"FALTA/DUPLA: CONDIÇÃO DA PLATAFORMA",IF(COUNTIF(J30:L30,"X")<>1,"FALTA/DUPLA: DRENAGEM SUPERFICIAL","OK"))) -> OK
A31: 165ETO0100 | B31: C | C31: 22 | D31: 23 | E31: =D31-C31 -> 1 | H31: X | K31: X | N31: =IF(COUNTA(F31:L31)=0,"— não preenchido",IF(COUNTIF(F31:I31,"X")<>1,"FALTA/DUPLA: CONDIÇÃO DA PLATAFORMA",IF(COUNTIF(J31:L31,"X")<>1,"FALTA/DUPLA: DRENAGEM SUPERFICIAL","OK"))) -> OK
A32: 165ETO0100 | B32: C | C32: 23 | D32: 24 | E32: =D32-C32 -> 1 | G32: X | K32: X | N32: =IF(COUNTA(F32:L32)=0,"— não preenchido",IF(COUNTIF(F32:I32,"X")<>1,"FALTA/DUPLA: CONDIÇÃO DA PLATAFORMA",IF(COUNTIF(J32:L32,"X")<>1,"FALTA/DUPLA: DRENAGEM SUPERFICIAL","OK"))) -> OK
A33: 165ETO0100 | B33: C | C33: 24 | D33: 25 | E33: =D33-C33 -> 1 | G33: X | K33: X | N33: =IF(COUNTA(F33:L33)=0,"— não preenchido",IF(COUNTIF(F33:I33,"X")<>1,"FALTA/DUPLA: CONDIÇÃO DA PLATAFORMA",IF(COUNTIF(J33:L33,"X")<>1,"FALTA/DUPLA: DRENAGEM SUPERFICIAL","OK"))) -> OK
A34: 165ETO0100 | B34: C | C34: 25 | D34: 26 | E34: =D34-C34 -> 1 | G34: X | K34: X | N34: =IF(COUNTA(F34:L34)=0,"— não preenchido",IF(COUNTIF(F34:I34,"X")<>1,"FALTA/DUPLA: CONDIÇÃO DA PLATAFORMA",IF(COUNTIF(J34:L34,"X")<>1,"FALTA/DUPLA: DRENAGEM SUPERFICIAL","OK"))) -> OK
A35: 165ETO0100 | B35: C | C35: 26 | D35: 27 | E35: =D35-C35 -> 1 | G35: X | K35: X | N35: =IF(COUNTA(F35:L35)=0,"— não preenchido",IF(COUNTIF(F35:I35,"X")<>1,"FALTA/DUPLA: CONDIÇÃO DA PLATAFORMA",IF(COUNTIF(J35:L35,"X")<>1,"FALTA/DUPLA: DRENAGEM SUPERFICIAL","OK"))) -> OK
A36: 165ETO0100 | B36: C | C36: 27 | D36: 28 | E36: =D36-C36 -> 1 | G36: X | K36: X | N36: =IF(COUNTA(F36:L36)=0,"— não preenchido",IF(COUNTIF(F36:I36,"X")<>1,"FALTA/DUPLA: CONDIÇÃO DA PLATAFORMA",IF(COUNTIF(J36:L36,"X")<>1,"FALTA/DUPLA: DRENAGEM SUPERFICIAL","OK"))) -> OK
A37: 165ETO0100 | B37: C | C37: 28 | D37: 29 | E37: =D37-C37 -> 1 | G37: X | K37: X | N37: =IF(COUNTA(F37:L37)=0,"— não preenchido",IF(COUNTIF(F37:I37,"X")<>1,"FALTA/DUPLA: CONDIÇÃO DA PLATAFORMA",IF(COUNTIF(J37:L37,"X")<>1,"FALTA/DUPLA: DRENAGEM SUPERFICIAL","OK"))) -> OK
A38: 165ETO0100 | B38: C | C38: 29 | D38: 30 | E38: =D38-C38 -> 1 | G38: X | K38: X | N38: =IF(COUNTA(F38:L38)=0,"— não preenchido",IF(COUNTIF(F38:I38,"X")<>1,"FALTA/DUPLA: CONDIÇÃO DA PLATAFORMA",IF(COUNTIF(J38:L38,"X")<>1,"FALTA/DUPLA: DRENAGEM SUPERFICIAL","OK"))) -> OK
A39: 165ETO0100 | B39: C | C39: 30 | D39: 31 | E39: =D39-C39 -> 1 | G39: X | K39: X | N39: =IF(COUNTA(F39:L39)=0,"— não preenchido",IF(COUNTIF(F39:I39,"X")<>1,"FALTA/DUPLA: CONDIÇÃO DA PLATAFORMA",IF(COUNTIF(J39:L39,"X")<>1,"FALTA/DUPLA: DRENAGEM SUPERFICIAL","OK"))) -> OK
A40: 165ETO0100 | B40: C | C40: 31 | D40: 32 | E40: =D40-C40 -> 1 | G40: X | K40: X | N40: =IF(COUNTA(F40:L40)=0,"— não preenchido",IF(COUNTIF(F40:I40,"X")<>1,"FALTA/DUPLA: CONDIÇÃO DA PLATAFORMA",IF(COUNTIF(J40:L40,"X")<>1,"FALTA/DUPLA: DRENAGEM SUPERFICIAL","OK"))) -> OK
A41: 165ETO0100 | B41: C | C41: 32 | D41: 33 | E41: =D41-C41 -> 1 | G41: X | K41: X | N41: =IF(COUNTA(F41:L41)=0,"— não preenchido",IF(COUNTIF(F41:I41,"X")<>1,"FALTA/DUPLA: CONDIÇÃO DA PLATAFORMA",IF(COUNTIF(J41:L41,"X")<>1,"FALTA/DUPLA: DRENAGEM SUPERFICIAL","OK"))) -> OK
A42: 165ETO0100 | B42: C | C42: 33 | D42: 34 | E42: =D42-C42 -> 1 | G42: X | K42: X | N42: =IF(COUNTA(F42:L42)=0,"— não preenchido",IF(COUNTIF(F42:I42,"X")<>1,"FALTA/DUPLA: CONDIÇÃO DA PLATAFORMA",IF(COUNTIF(J42:L42,"X")<>1,"FALTA/DUPLA: DRENAGEM SUPERFICIAL","OK"))) -> OK
A43: 165ETO0100 | B43: C | C43: 34 | D43: 35 | E43: =D43-C43 -> 1 | G43: X | K43: X | N43: =IF(COUNTA(F43:L43)=0,"— não preenchido",IF(COUNTIF(F43:I43,"X")<>1,"FALTA/DUPLA: CONDIÇÃO DA PLATAFORMA",IF(COUNTIF(J43:L43,"X")<>1,"FALTA/DUPLA: DRENAGEM SUPERFICIAL","OK"))) -> OK
... A60: 165ETO0100 | B60: C | C60: 51 | D60: 51.534388 | E60: =D60-C60 -> 0.5343878 | G60: X | K60: X | N60: =IF(COUNTA(F60:L60)=0,"— não preenchido",IF(COUNTIF(F60:I60,"X")<>1,"FALTA/DUPLA: CONDIÇÃO DA PLATAFORMA",IF(COUNTIF(J60:L60,"X")<>1,"FALTA/DUPLA: DRENAGEM SUPERFICIAL","OK"))) -> OK
A61: ▲ AQUI HÁ 1.015 km FORA DO ESCOPO DO CONTRATO (perímetro urbano de jurisdição municipal). Você passa por ele, mas NÃO preenche.
A62: S.R.E. 165ETO0120 | ENTR. TO-226 (B) - ARAPOEMA *TRECHO URBANO* | LEN · Estadual · 40.989 km · início: -7.372855, -48.940008
A63: 165ETO0120 | B63: C | C63: 0 | D63: 1 | E63: =D63-C63 -> 1 | G63: X | K63: X | N63: =IF(COUNTA(F63:L63)=0,"— não preenchido",IF(COUNTIF(F63:I63,"X")<>1,"FALTA/DUPLA: CONDIÇÃO DA PLATAFORMA",IF(COUNTIF(J63:L63,"X")<>1,"FALTA/DUPLA: DRENAGEM SUPERFICIAL","OK"))) -> OK
A64: 165ETO0120 | B64: C | C64: 1 | D64: 2 | E64: =D64-C64 -> 1 | G64: X | K64: X | N64: =IF(COUNTA(F64:L64)=0,"— não preenchido",IF(COUNTIF(F64:I64,"X")<>1,"FALTA/DUPLA: CONDIÇÃO DA PLATAFORMA",IF(COUNTIF(J64:L64,"X")<>1,"FALTA/DUPLA: DRENAGEM SUPERFICIAL","OK"))) -> OK
A65: 165ETO0120 | B65: C | C65: 2 | D65: 3 | E65: =D65-C65 -> 1 | G65: X | K65: X | N65: =IF(COUNTA(F65:L65)=0,"— não preenchido",IF(COUNTIF(F65:I65,"X")<>1,"FALTA/DUPLA: CONDIÇÃO DA PLATAFORMA",IF(COUNTIF(J65:L65,"X")<>1,"FALTA/DUPLA: DRENAGEM SUPERFICIAL","OK"))) -> OK
A66: 165ETO0120 | B66: C | C66: 3 | D66: 4 | E66: =D66-C66 -> 1 | G66: X | K66: X | N66: =IF(COUNTA(F66:L66)=0,"— não preenchido",IF(COUNTIF(F66:I66,"X")<>1,"FALTA/DUPLA: CONDIÇÃO DA PLATAFORMA",IF(COUNTIF(J66:L66,"X")<>1,"FALTA/DUPLA: DRENAGEM SUPERFICIAL","OK"))) -> OK
A67: 165ETO0120 | B67: C | C67: 4 | D67: 5 | E67: =D67-C67 -> 1 | G67: X | K67: X | N67: =IF(COUNTA(F67:L67)=0,"— não preenchido",IF(COUNTIF(F67:I67,"X")<>1,"FALTA/DUPLA: CONDIÇÃO DA PLATAFORMA",IF(COUNTIF(J67:L67,"X")<>1,"FALTA/DUPLA: DRENAGEM SUPERFICIAL","OK"))) -> OK
A68: 165ETO0120 | B68: C | C68: 5 | D68: 6 | E68: =D68-C68 -> 1 | H68: X | K68: X | N68: =IF(COUNTA(F68:L68)=0,"— não preenchido",IF(COUNTIF(F68:I68,"X")<>1,"FALTA/DUPLA: CONDIÇÃO DA PLATAFORMA",IF(COUNTIF(J68:L68,"X")<>1,"FALTA/DUPLA: DRENAGEM SUPERFICIAL","OK"))) -> OK
A69: 165ETO0120 | B69: C | C69: 6 | D69: 7 | E69: =D69-C69 -> 1 | H69: X | K69: X | N69: =IF(COUNTA(F69:L69)=0,"— não preenchido",IF(COUNTIF(F69:I69,"X")<>1,"FALTA/DUPLA: CONDIÇÃO DA PLATAFORMA",IF(COUNTIF(J69:L69,"X")<>1,"FALTA/DUPLA: DRENAGEM SUPERFICIAL","OK"))) -> OK
A70: 165ETO0120 | B70: C | C70: 7 | D70: 8 | E70: =D70-C70 -> 1 | G70: X | K70: X | N70: =IF(COUNTA(F70:L70)=0,"— não preenchido",IF(COUNTIF(F70:I70,"X")<>1,"FALTA/DUPLA: CONDIÇÃO DA PLATAFORMA",IF(COUNTIF(J70:L70,"X")<>1,"FALTA/DUPLA: DRENAGEM SUPERFICIAL","OK"))) -> OK
A71: 165ETO0120 | B71: C | C71: 8 | D71: 9 | E71: =D71-C71 -> 1 | G71: X | K71: X | N71: =IF(COUNTA(F71:L71)=0,"— não preenchido",IF(COUNTIF(F71:I71,"X")<>1,"FALTA/DUPLA: CONDIÇÃO DA PLATAFORMA",IF(COUNTIF(J71:L71,"X")<>1,"FALTA/DUPLA: DRENAGEM SUPERFICIAL","OK"))) -> OK
A72: 165ETO0120 | B72: C | C72: 9 | D72: 10 | E72: =D72-C72 -> 1 | G72: X | K72: X | N72: =IF(COUNTA(F72:L72)=0,"— não preenchido",IF(COUNTIF(F72:I72,"X")<>1,"FALTA/DUPLA: CONDIÇÃO DA PLATAFORMA",IF(COUNTIF(J72:L72,"X")<>1,"FALTA/DUPLA: DRENAGEM SUPERFICIAL","OK"))) -> OK
A73: 165ETO0120 | B73: C | C73: 10 | D73: 11 | E73: =D73-C73 -> 1 | G73: X | K73: X | N73: =IF(COUNTA(F73:L73)=0,"— não preenchido",IF(COUNTIF(F73:I73,"X")<>1,"FALTA/DUPLA: CONDIÇÃO DA PLATAFORMA",IF(COUNTIF(J73:L73,"X")<>1,"FALTA/DUPLA: DRENAGEM SUPERFICIAL","OK"))) -> OK
A74: 165ETO0120 | B74: C | C74: 11 | D74: 12 | E74: =D74-C74 -> 1 | G74: X | K74: X | N74: =IF(COUNTA(F74:L74)=0,"— não preenchido",IF(COUNTIF(F74:I74,"X")<>1,"FALTA/DUPLA: CONDIÇÃO DA PLATAFORMA",IF(COUNTIF(J74:L74,"X")<>1,"FALTA/DUPLA: DRENAGEM SUPERFICIAL","OK"))) -> OK
A75: 165ETO0120 | B75: C | C75: 12 | D75: 13 | E75: =D75-C75 -> 1 | G75: X | K75: X | N75: =IF(COUNTA(F75:L75)=0,"— não preenchido",IF(COUNTIF(F75:I75,"X")<>1,"FALTA/DUPLA: CONDIÇÃO DA PLATAFORMA",IF(COUNTIF(J75:L75,"X")<>1,"FALTA/DUPLA: DRENAGEM SUPERFICIAL","OK"))) -> OK
A76: 165ETO0120 | B76: C | C76: 13 | D76: 14 | E76: =D76-C76 -> 1 | H76: X | K76: X | N76: =IF(COUNTA(F76:L76)=0,"— não preenchido",IF(COUNTIF(F76:I76,"X")<>1,"FALTA/DUPLA: CONDIÇÃO DA PLATAFORMA",IF(COUNTIF(J76:L76,"X")<>1,"FALTA/DUPLA: DRENAGEM SUPERFICIAL","OK"))) -> OK
A77: 165ETO0120 | B77: C | C77: 14 | D77: 15 | E77: =D77-C77 -> 1 | G77: X | K77: X | N77: =IF(COUNTA(F77:L77)=0,"— não preenchido",IF(COUNTIF(F77:I77,"X")<>1,"FALTA/DUPLA: CONDIÇÃO DA PLATAFORMA",IF(COUNTIF(J77:L77,"X")<>1,"FALTA/DUPLA: DRENAGEM SUPERFICIAL","OK"))) -> OK
A78: 165ETO0120 | B78: C | C78: 15 | D78: 16 | E78: =D78-C78 -> 1 | G78: X | K78: X | N78: =IF(COUNTA(F78:L78)=0,"— não preenchido",IF(COUNTIF(F78:I78,"X")<>1,"FALTA/DUPLA: CONDIÇÃO DA PLATAFORMA",IF(COUNTIF(J78:L78,"X")<>1,"FALTA/DUPLA: DRENAGEM SUPERFICIAL","OK"))) -> OK
A79: 165ETO0120 | B79: C | C79: 16 | D79: 17 | E79: =D79-C79 -> 1 | G79: X | K79: X | N79: =IF(COUNTA(F79:L79)=0,"— não preenchido",IF(COUNTIF(F79:I79,"X")<>1,"FALTA/DUPLA: CONDIÇÃO DA PLATAFORMA",IF(COUNTIF(J79:L79,"X")<>1,"FALTA/DUPLA: DRENAGEM SUPERFICIAL","OK"))) -> OK
A80: 165ETO0120 | B80: C | C80: 17 | D80: 18 | E80: =D80-C80 -> 1 | G80: X | K80: X | N80: =IF(COUNTA(F80:L80)=0,"— não preenchido",IF(COUNTIF(F80:I80,"X")<>1,"FALTA/DUPLA: CONDIÇÃO DA PLATAFORMA",IF(COUNTIF(J80:L80,"X")<>1,"FALTA/DUPLA: DRENAGEM SUPERFICIAL","OK"))) -> OK
A81: 165ETO0120 | B81: C | C81: 18 | D81: 19 | E81: =D81-C81 -> 1 | G81: X | K81: X | N81: =IF(COUNTA(F81:L81)=0,"— não preenchido",IF(COUNTIF(F81:I81,"X")<>1,"FALTA/DUPLA: CONDIÇÃO DA PLATAFORMA",IF(COUNTIF(J81:L81,"X")<>1,"FALTA/DUPLA: DRENAGEM SUPERFICIAL","OK"))) -> OK
A82: 165ETO0120 | B82: C | C82: 19 | D82: 20 | E82: =D82-C82 -> 1 | G82: X | K82: X | N82: =IF(COUNTA(F82:L82)=0,"— não preenchido",IF(COUNTIF(F82:I82,"X")<>1,"FALTA/DUPLA: CONDIÇÃO DA PLATAFORMA",IF(COUNTIF(J82:L82,"X")<>1,"FALTA/DUPLA: DRENAGEM SUPERFICIAL","OK"))) -> OK
A83: 165ETO0120 | B83: C | C83: 20 | D83: 21 | E83: =D83-C83 -> 1 | G83: X | K83: X | N83: =IF(COUNTA(F83:L83)=0,"— não preenchido",IF(COUNTIF(F83:I83,"X")<>1,"FALTA/DUPLA: CONDIÇÃO DA PLATAFORMA",IF(COUNTIF(J83:L83,"X")<>1,"FALTA/DUPLA: DRENAGEM SUPERFICIAL","OK"))) -> OK
A84: 165ETO0120 | B84: C | C84: 21 | D84: 22 | E84: =D84-C84 -> 1 | G84: X | K84: X | N84: =IF(COUNTA(F84:L84)=0,"— não preenchido",IF(COUNTIF(F84:I84,"X")<>1,"FALTA/DUPLA: CONDIÇÃO DA PLATAFORMA",IF(COUNTIF(J84:L84,"X")<>1,"FALTA/DUPLA: DRENAGEM SUPERFICIAL","OK"))) -> OK
A85: 165ETO0120 | B85: C | C85: 22 | D85: 23 | E85: =D85-C85 -> 1 | G85: X | K85: X | N85: =IF(COUNTA(F85:L85)=0,"— não preenchido",IF(COUNTIF(F85:I85,"X")<>1,"FALTA/DUPLA: CONDIÇÃO DA PLATAFORMA",IF(COUNTIF(J85:L85,"X")<>1,"FALTA/DUPLA: DRENAGEM SUPERFICIAL","OK"))) -> OK
A86: 165ETO0120 | B86: C | C86: 23 | D86: 24 | E86: =D86-C86 -> 1 | G86: X | K86: X | N86: =IF(COUNTA(F86:L86)=0,"— não preenchido",IF(COUNTIF(F86:I86,"X")<>1,"FALTA/DUPLA: CONDIÇÃO DA PLATAFORMA",IF(COUNTIF(J86:L86,"X")<>1,"FALTA/DUPLA: DRENAGEM SUPERFICIAL","OK"))) -> OK
A87: 165ETO0120 | B87: C | C87: 24 | D87: 25 | E87: =D87-C87 -> 1 | G87: X | K87: X | N87: =IF(COUNTA(F87:L87)=0,"— não preenchido",IF(COUNTIF(F87:I87,"X")<>1,"FALTA/DUPLA: CONDIÇÃO DA PLATAFORMA",IF(COUNTIF(J87:L87,"X")<>1,"FALTA/DUPLA: DRENAGEM SUPERFICIAL","OK"))) -> OK
A88: 165ETO0120 | B88: C | C88: 25 | D88: 26 | E88: =D88-C88 -> 1 | G88: X | K88: X | N88: =IF(COUNTA(F88:L88)=0,"— não preenchido",IF(COUNTIF(F88:I88,"X")<>1,"FALTA/DUPLA: CONDIÇÃO DA PLATAFORMA",IF(COUNTIF(J88:L88,"X")<>1,"FALTA/DUPLA: DRENAGEM SUPERFICIAL","OK"))) -> OK
... A96: 165ETO0120 | B96: C | C96: 33 | D96: 34 | E96: =D96-C96 -> 1 | G96: X | K96: X | N96: =IF(COUNTA(F96:L96)=0,"— não preenchido",IF(COUNTIF(F96:I96,"X")<>1,"FALTA/DUPLA: CONDIÇÃO DA PLATAFORMA",IF(COUNTIF(J96:L96,"X")<>1,"FALTA/DUPLA: DRENAGEM SUPERFICIAL","OK"))) -> OK
A97: 165ETO0120 | B97: C | C97: 34 | D97: 35 | E97: =D97-C97 -> 1 | H97: X | K97: X | N97: =IF(COUNTA(F97:L97)=0,"— não preenchido",IF(COUNTIF(F97:I97,"X")<>1,"FALTA/DUPLA: CONDIÇÃO DA PLATAFORMA",IF(COUNTIF(J97:L97,"X")<>1,"FALTA/DUPLA: DRENAGEM SUPERFICIAL","OK"))) -> OK
A98: 165ETO0120 | B98: C | C98: 35 | D98: 36 | E98: =D98-C98 -> 1 | H98: X | K98: X | N98: =IF(COUNTA(F98:L98)=0,"— não preenchido",IF(COUNTIF(F98:I98,"X")<>1,"FALTA/DUPLA: CONDIÇÃO DA PLATAFORMA",IF(COUNTIF(J98:L98,"X")<>1,"FALTA/DUPLA: DRENAGEM SUPERFICIAL","OK"))) -> OK
A99: 165ETO0120 | B99: C | C99: 36 | D99: 37 | E99: =D99-C99 -> 1 | H99: X | K99: X | N99: =IF(COUNTA(F99:L99)=0,"— não preenchido",IF(COUNTIF(F99:I99,"X")<>1,"FALTA/DUPLA: CONDIÇÃO DA PLATAFORMA",IF(COUNTIF(J99:L99,"X")<>1,"FALTA/DUPLA: DRENAGEM SUPERFICIAL","OK"))) -> OK
A100: 165ETO0120 | B100: C | C100: 37 | D100: 38 | E100: =D100-C100 -> 1 | G100: X | K100: X | N100: =IF(COUNTA(F100:L100)=0,"— não preenchido",IF(COUNTIF(F100:I100,"X")<>1,"FALTA/DUPLA: CONDIÇÃO DA PLATAFORMA",IF(COUNTIF(J100:L100,"X")<>1,"FALTA/DUPLA: DRENAGEM SUPERFICIAL","OK"))) -> OK
A101: 165ETO0120 | B101: C | C101: 38 | D101: 39 | E101: =D101-C101 -> 1 | G101: X | K101: X | N101: =IF(COUNTA(F101:L101)=0,"— não preenchido",IF(COUNTIF(F101:I101,"X")<>1,"FALTA/DUPLA: CONDIÇÃO DA PLATAFORMA",IF(COUNTIF(J101:L101,"X")<>1,"FALTA/DUPLA: DRENAGEM SUPERFICIAL","OK"))) -> OK
A102: 165ETO0120 | B102: C | C102: 39 | D102: 40 | E102: =D102-C102 -> 1 | G102: X | K102: X | N102: =IF(COUNTA(F102:L102)=0,"— não preenchido",IF(COUNTIF(F102:I102,"X")<>1,"FALTA/DUPLA: CONDIÇÃO DA PLATAFORMA",IF(COUNTIF(J102:L102,"X")<>1,"FALTA/DUPLA: DRENAGEM SUPERFICIAL","OK"))) -> OK
A103: 165ETO0120 | B103: C | C103: 40 | D103: 40.988888 | E103: =D103-C103 -> 0.98888835 | G103: X | K103: X | N103: =IF(COUNTA(F103:L103)=0,"— não preenchido",IF(COUNTIF(F103:I103,"X")<>1,"FALTA/DUPLA: CONDIÇÃO DA PLATAFORMA",IF(COUNTIF(J103:L103,"X")<>1,"FALTA/DUPLA: DRENAGEM SUPERFICIAL","OK"))) -> OK
A105: ____________________________________________ | G105: ____________________________________________
A106: TÉCNICO RESPONSÁVEL PELA INSPEÇÃO | G106: VISTO DA SUPERVISÃO
A108: RESUMO DO TRECHO — KM LANÇADO POR ITEM
A109: KM LANÇADO | F109: =SUMIF(F$9:F$103,"X",$E$9:$E$103) -> 0 | G109: =SUMIF(G$9:G$103,"X",$E$9:$E$103) -> 80.523276 | H109: =SUMIF(H$9:H$103,"X",$E$9:$E$103) -> 12 | I109: =SUMIF(I$9:I$103,"X",$E$9:$E$103) -> 0 | J109: =SUMIF(J$9:J$103,"X",$E$9:$E$103) -> 0 | K109: =SUMIF(K$9:K$103,"X",$E$9:$E$103) -> 92.523276 | L109: =SUMIF(L$9:L$103,"X",$E$9:$E$103) -> 0
A110: % DA EXTENSÃO | F110: =IF($I112=0,0,F109/$I112) -> 0 | G110: =IF($I112=0,0,G109/$I112) -> 0.87030291 | H110: =IF($I112=0,0,H109/$I112) -> 0.12969709 | I110: =IF($I112=0,0,I109/$I112) -> 0 | J110: =IF($I112=0,0,J109/$I112) -> 0 | K110: =IF($I112=0,0,K109/$I112) -> 1 | L110: =IF($I112=0,0,L109/$I112) -> 0
A111: CONFERÊNCIA POR GRUPO | F111: =IF(SUM(F109:I109)=0,"— não preenchido",IF(ROUND(SUM(F109:I109)-$I112,3)=0,"OK — "&ROUND(SUM(F109:I109),3)&" km","ERRO — dif. de "&ROUND(SUM(F109:I109)-$I112,3)&" km")) -> OK — 92,523 km | J111: =IF(SUM(J109:L109)=0,"— não preenchido",IF(ROUND(SUM(J109:L109)-$I112,3)=0,"OK — "&ROUND(SUM(J109:L109),3)&" km","ERRO — dif. de "&ROUND(SUM(J109:L109)-$I112,3)&" km")) -> OK — 92,523 km
A112: EXTENSÃO TOTAL DO TRECHO | I112: =SUM(E9:E103) -> 92.523276 | M112: =COUNTIF(N9:N103,"OK")&" de "&COUNT($E$9:$E$103)&" linhas conferidas" -> 93 de 93 linhas conferidas
A114: LEGENDA
A115: REGULAR | E115: Até 10 irregularidades por km
A116: RUIM | E116: Mais de 10 irregularidades por km
A117: PÉSSIMA | E117: Atoleiro ou ponto crítico
A118: SIT. | E118: LEN = leito natural · EOP = em obras de pavimentação
A119: FAIXA AZUL | E119: Cabeçalho de cada S.R.E.: descrição, situação, jurisdição, extensão e coordenada de início.
A120: INÍCIO / FIM (KM) | E120: Contados de 0 até o fim de CADA S.R.E. Não é o marco quilométrico da rodovia.
A121: SENT. | E121: C = crescente · D = decrescente
A122: FAIXA CINZA | E122: Segmento fora do escopo do contrato: você passa por ele, mas não preenche.
A123: CÉLULA VERMELHA | E123: Mais de uma X no mesmo grupo. Apague uma delas.
A124: CONFERÊNCIA | E124: Só na tela, não sai impresso. Fica OK com uma X em cada grupo.

Sheet 49
A1: PROGRAMA DE MANUTENÇÃO RODOVIÁRIA — FICHA DE INSPEÇÃO — RODOVIAS NÃO PAVIMENTADAS | P1: Valores dos gráficos — troca 0 por N/D para a fatia não aparecer. Não editar.
A2: REGIÃO: 2 — ARAGUAÍNA I | D2: MÊS / ANO: | F2: =IF('46'!F2="","",'46'!F2) -> 46235 | G2: DATA: | I2: =IF('46'!I2="","",'46'!I2) | J2: TÉCNICO: | K2: =IF('46'!K2="","",'46'!K2) -> ENG. VINICIUS RODRIGUES FERREIRA DE OLIVEIRA | P2: =IF(F109=0,NA(),F109) -> #N/A | Q2: =IF(G109=0,NA(),G109) -> 91.536749 | R2: =IF(H109=0,NA(),H109) -> #N/A | S2: =IF(I109=0,NA(),I109) -> #N/A | T2: =IF(J109=0,NA(),J109) -> #N/A | U2: =IF(K109=0,NA(),K109) -> 91.536749 | V2: =IF(L109=0,NA(),L109) -> #N/A
A3: TRECHO 49 — RODOVIA TO-166 - TRECHO ENTR. TO-222 - ENTR. TO-226 - ARAPOEMA | K3: EXTENSÃO: 91,537 km · 2 S.R.E.
A4: COMO PREENCHER: uma X em UMA coluna de cada grupo, por linha. Se houver mais de um defeito no mesmo km, marque o PREDOMINANTE e escreva o resto em OBSERVAÇÕES. A quilometragem é contada de 0 até o fim de CADA S.R.E. (não é o marco da rodovia).
A6: S.R.E. | B6: SENT. | C6: INÍCIO (KM) | D6: FIM (KM) | E6: EXT. (KM) | F6: CONDIÇÃO DA PLATAFORMA | J6: DRENAGEM SUPERFICIAL | M6: OBSERVAÇÕES | N6: CONFERÊNCIA (só na tela)
F7: BOM | G7: REG. (ATÉ 10 IRR./KM) | H7: RUIM (+ 10 IRR./KM) | I7: PÉSSIMA (ATOLEIRO/PTO. CRÍTICO) | J7: LIMPA | K7: OBSTRUÍDA | L7: AUSENTE
A8: S.R.E. 166ETO0100 | ENTR. TO-222 - ENTR.TO-226 (A) | LEN · Estadual · 56.531 km · início: -7.008066, -48.963547
A9: 166ETO0100 | B9: C | C9: 0 | D9: 1 | E9: =D9-C9 -> 1 | G9: X | K9: X | N9: =IF(COUNTA(F9:L9)=0,"— não preenchido",IF(COUNTIF(F9:I9,"X")<>1,"FALTA/DUPLA: CONDIÇÃO DA PLATAFORMA",IF(COUNTIF(J9:L9,"X")<>1,"FALTA/DUPLA: DRENAGEM SUPERFICIAL","OK"))) -> OK
A10: 166ETO0100 | B10: C | C10: 1 | D10: 2 | E10: =D10-C10 -> 1 | G10: X | K10: X | N10: =IF(COUNTA(F10:L10)=0,"— não preenchido",IF(COUNTIF(F10:I10,"X")<>1,"FALTA/DUPLA: CONDIÇÃO DA PLATAFORMA",IF(COUNTIF(J10:L10,"X")<>1,"FALTA/DUPLA: DRENAGEM SUPERFICIAL","OK"))) -> OK
A11: 166ETO0100 | B11: C | C11: 2 | D11: 3 | E11: =D11-C11 -> 1 | G11: X | K11: X | N11: =IF(COUNTA(F11:L11)=0,"— não preenchido",IF(COUNTIF(F11:I11,"X")<>1,"FALTA/DUPLA: CONDIÇÃO DA PLATAFORMA",IF(COUNTIF(J11:L11,"X")<>1,"FALTA/DUPLA: DRENAGEM SUPERFICIAL","OK"))) -> OK
A12: 166ETO0100 | B12: C | C12: 3 | D12: 4 | E12: =D12-C12 -> 1 | G12: X | K12: X | N12: =IF(COUNTA(F12:L12)=0,"— não preenchido",IF(COUNTIF(F12:I12,"X")<>1,"FALTA/DUPLA: CONDIÇÃO DA PLATAFORMA",IF(COUNTIF(J12:L12,"X")<>1,"FALTA/DUPLA: DRENAGEM SUPERFICIAL","OK"))) -> OK
A13: 166ETO0100 | B13: C | C13: 4 | D13: 5 | E13: =D13-C13 -> 1 | G13: X | K13: X | N13: =IF(COUNTA(F13:L13)=0,"— não preenchido",IF(COUNTIF(F13:I13,"X")<>1,"FALTA/DUPLA: CONDIÇÃO DA PLATAFORMA",IF(COUNTIF(J13:L13,"X")<>1,"FALTA/DUPLA: DRENAGEM SUPERFICIAL","OK"))) -> OK
A14: 166ETO0100 | B14: C | C14: 5 | D14: 6 | E14: =D14-C14 -> 1 | G14: X | K14: X | N14: =IF(COUNTA(F14:L14)=0,"— não preenchido",IF(COUNTIF(F14:I14,"X")<>1,"FALTA/DUPLA: CONDIÇÃO DA PLATAFORMA",IF(COUNTIF(J14:L14,"X")<>1,"FALTA/DUPLA: DRENAGEM SUPERFICIAL","OK"))) -> OK
A15: 166ETO0100 | B15: C | C15: 6 | D15: 7 | E15: =D15-C15 -> 1 | G15: X | K15: X | N15: =IF(COUNTA(F15:L15)=0,"— não preenchido",IF(COUNTIF(F15:I15,"X")<>1,"FALTA/DUPLA: CONDIÇÃO DA PLATAFORMA",IF(COUNTIF(J15:L15,"X")<>1,"FALTA/DUPLA: DRENAGEM SUPERFICIAL","OK"))) -> OK
A16: 166ETO0100 | B16: C | C16: 7 | D16: 8 | E16: =D16-C16 -> 1 | G16: X | K16: X | N16: =IF(COUNTA(F16:L16)=0,"— não preenchido",IF(COUNTIF(F16:I16,"X")<>1,"FALTA/DUPLA: CONDIÇÃO DA PLATAFORMA",IF(COUNTIF(J16:L16,"X")<>1,"FALTA/DUPLA: DRENAGEM SUPERFICIAL","OK"))) -> OK
A17: 166ETO0100 | B17: C | C17: 8 | D17: 9 | E17: =D17-C17 -> 1 | G17: X | K17: X | N17: =IF(COUNTA(F17:L17)=0,"— não preenchido",IF(COUNTIF(F17:I17,"X")<>1,"FALTA/DUPLA: CONDIÇÃO DA PLATAFORMA",IF(COUNTIF(J17:L17,"X")<>1,"FALTA/DUPLA: DRENAGEM SUPERFICIAL","OK"))) -> OK
A18: 166ETO0100 | B18: C | C18: 9 | D18: 10 | E18: =D18-C18 -> 1 | G18: X | K18: X | N18: =IF(COUNTA(F18:L18)=0,"— não preenchido",IF(COUNTIF(F18:I18,"X")<>1,"FALTA/DUPLA: CONDIÇÃO DA PLATAFORMA",IF(COUNTIF(J18:L18,"X")<>1,"FALTA/DUPLA: DRENAGEM SUPERFICIAL","OK"))) -> OK
A19: 166ETO0100 | B19: C | C19: 10 | D19: 11 | E19: =D19-C19 -> 1 | G19: X | K19: X | N19: =IF(COUNTA(F19:L19)=0,"— não preenchido",IF(COUNTIF(F19:I19,"X")<>1,"FALTA/DUPLA: CONDIÇÃO DA PLATAFORMA",IF(COUNTIF(J19:L19,"X")<>1,"FALTA/DUPLA: DRENAGEM SUPERFICIAL","OK"))) -> OK
A20: 166ETO0100 | B20: C | C20: 11 | D20: 12 | E20: =D20-C20 -> 1 | G20: X | K20: X | N20: =IF(COUNTA(F20:L20)=0,"— não preenchido",IF(COUNTIF(F20:I20,"X")<>1,"FALTA/DUPLA: CONDIÇÃO DA PLATAFORMA",IF(COUNTIF(J20:L20,"X")<>1,"FALTA/DUPLA: DRENAGEM SUPERFICIAL","OK"))) -> OK
... A65: 166ETO0100 | B65: C | C65: 56 | D65: 56.531259 | E65: =D65-C65 -> 0.53125856 | G65: X | K65: X | N65: =IF(COUNTA(F65:L65)=0,"— não preenchido",IF(COUNTIF(F65:I65,"X")<>1,"FALTA/DUPLA: CONDIÇÃO DA PLATAFORMA",IF(COUNTIF(J65:L65,"X")<>1,"FALTA/DUPLA: DRENAGEM SUPERFICIAL","OK"))) -> OK
A66: ▲ AQUI HÁ 1.588 km FORA DO ESCOPO DO CONTRATO (perímetro urbano de jurisdição municipal). Você passa por ele, mas NÃO preenche.
A67: S.R.E. 166ETO0120 | ENTR. TO-226 - ARAPOEMA *TRECHO URBANO* | LEN · Estadual · 35.005 km · início: -7.379367, -49.070044
A68: 166ETO0120 | B68: C | C68: 0 | D68: 1 | E68: =D68-C68 -> 1 | G68: X | K68: X | N68: =IF(COUNTA(F68:L68)=0,"— não preenchido",IF(COUNTIF(F68:I68,"X")<>1,"FALTA/DUPLA: CONDIÇÃO DA PLATAFORMA",IF(COUNTIF(J68:L68,"X")<>1,"FALTA/DUPLA: DRENAGEM SUPERFICIAL","OK"))) -> OK
A69: 166ETO0120 | B69: C | C69: 1 | D69: 2 | E69: =D69-C69 -> 1 | G69: X | K69: X | N69: =IF(COUNTA(F69:L69)=0,"— não preenchido",IF(COUNTIF(F69:I69,"X")<>1,"FALTA/DUPLA: CONDIÇÃO DA PLATAFORMA",IF(COUNTIF(J69:L69,"X")<>1,"FALTA/DUPLA: DRENAGEM SUPERFICIAL","OK"))) -> OK
A70: 166ETO0120 | B70: C | C70: 2 | D70: 3 | E70: =D70-C70 -> 1 | G70: X | K70: X | N70: =IF(COUNTA(F70:L70)=0,"— não preenchido",IF(COUNTIF(F70:I70,"X")<>1,"FALTA/DUPLA: CONDIÇÃO DA PLATAFORMA",IF(COUNTIF(J70:L70,"X")<>1,"FALTA/DUPLA: DRENAGEM SUPERFICIAL","OK"))) -> OK
A71: 166ETO0120 | B71: C | C71: 3 | D71: 4 | E71: =D71-C71 -> 1 | G71: X | K71: X | N71: =IF(COUNTA(F71:L71)=0,"— não preenchido",IF(COUNTIF(F71:I71,"X")<>1,"FALTA/DUPLA: CONDIÇÃO DA PLATAFORMA",IF(COUNTIF(J71:L71,"X")<>1,"FALTA/DUPLA: DRENAGEM SUPERFICIAL","OK"))) -> OK
A72: 166ETO0120 | B72: C | C72: 4 | D72: 5 | E72: =D72-C72 -> 1 | G72: X | K72: X | N72: =IF(COUNTA(F72:L72)=0,"— não preenchido",IF(COUNTIF(F72:I72,"X")<>1,"FALTA/DUPLA: CONDIÇÃO DA PLATAFORMA",IF(COUNTIF(J72:L72,"X")<>1,"FALTA/DUPLA: DRENAGEM SUPERFICIAL","OK"))) -> OK
A73: 166ETO0120 | B73: C | C73: 5 | D73: 6 | E73: =D73-C73 -> 1 | G73: X | K73: X | N73: =IF(COUNTA(F73:L73)=0,"— não preenchido",IF(COUNTIF(F73:I73,"X")<>1,"FALTA/DUPLA: CONDIÇÃO DA PLATAFORMA",IF(COUNTIF(J73:L73,"X")<>1,"FALTA/DUPLA: DRENAGEM SUPERFICIAL","OK"))) -> OK
A74: 166ETO0120 | B74: C | C74: 6 | D74: 7 | E74: =D74-C74 -> 1 | G74: X | K74: X | N74: =IF(COUNTA(F74:L74)=0,"— não preenchido",IF(COUNTIF(F74:I74,"X")<>1,"FALTA/DUPLA: CONDIÇÃO DA PLATAFORMA",IF(COUNTIF(J74:L74,"X")<>1,"FALTA/DUPLA: DRENAGEM SUPERFICIAL","OK"))) -> OK
A75: 166ETO0120 | B75: C | C75: 7 | D75: 8 | E75: =D75-C75 -> 1 | G75: X | K75: X | N75: =IF(COUNTA(F75:L75)=0,"— não preenchido",IF(COUNTIF(F75:I75,"X")<>1,"FALTA/DUPLA: CONDIÇÃO DA PLATAFORMA",IF(COUNTIF(J75:L75,"X")<>1,"FALTA/DUPLA: DRENAGEM SUPERFICIAL","OK"))) -> OK
A76: 166ETO0120 | B76: C | C76: 8 | D76: 9 | E76: =D76-C76 -> 1 | G76: X | K76: X | N76: =IF(COUNTA(F76:L76)=0,"— não preenchido",IF(COUNTIF(F76:I76,"X")<>1,"FALTA/DUPLA: CONDIÇÃO DA PLATAFORMA",IF(COUNTIF(J76:L76,"X")<>1,"FALTA/DUPLA: DRENAGEM SUPERFICIAL","OK"))) -> OK
A77: 166ETO0120 | B77: C | C77: 9 | D77: 10 | E77: =D77-C77 -> 1 | G77: X | K77: X | N77: =IF(COUNTA(F77:L77)=0,"— não preenchido",IF(COUNTIF(F77:I77,"X")<>1,"FALTA/DUPLA: CONDIÇÃO DA PLATAFORMA",IF(COUNTIF(J77:L77,"X")<>1,"FALTA/DUPLA: DRENAGEM SUPERFICIAL","OK"))) -> OK
A78: 166ETO0120 | B78: C | C78: 10 | D78: 11 | E78: =D78-C78 -> 1 | G78: X | K78: X | N78: =IF(COUNTA(F78:L78)=0,"— não preenchido",IF(COUNTIF(F78:I78,"X")<>1,"FALTA/DUPLA: CONDIÇÃO DA PLATAFORMA",IF(COUNTIF(J78:L78,"X")<>1,"FALTA/DUPLA: DRENAGEM SUPERFICIAL","OK"))) -> OK
A79: 166ETO0120 | B79: C | C79: 11 | D79: 12 | E79: =D79-C79 -> 1 | G79: X | K79: X | N79: =IF(COUNTA(F79:L79)=0,"— não preenchido",IF(COUNTIF(F79:I79,"X")<>1,"FALTA/DUPLA: CONDIÇÃO DA PLATAFORMA",IF(COUNTIF(J79:L79,"X")<>1,"FALTA/DUPLA: DRENAGEM SUPERFICIAL","OK"))) -> OK
... A103: 166ETO0120 | B103: C | C103: 35 | D103: 35.005491 | E103: =D103-C103 -> 0.0054908094 | G103: X | K103: X | N103: =IF(COUNTA(F103:L103)=0,"— não preenchido",IF(COUNTIF(F103:I103,"X")<>1,"FALTA/DUPLA: CONDIÇÃO DA PLATAFORMA",IF(COUNTIF(J103:L103,"X")<>1,"FALTA/DUPLA: DRENAGEM SUPERFICIAL","OK"))) -> OK
A105: ____________________________________________ | G105: ____________________________________________
A106: TÉCNICO RESPONSÁVEL PELA INSPEÇÃO | G106: VISTO DA SUPERVISÃO
A108: RESUMO DO TRECHO — KM LANÇADO POR ITEM
A109: KM LANÇADO | F109: =SUMIF(F$9:F$103,"X",$E$9:$E$103) -> 0 | G109: =SUMIF(G$9:G$103,"X",$E$9:$E$103) -> 91.536749 | H109: =SUMIF(H$9:H$103,"X",$E$9:$E$103) -> 0 | I109: =SUMIF(I$9:I$103,"X",$E$9:$E$103) -> 0 | J109: =SUMIF(J$9:J$103,"X",$E$9:$E$103) -> 0 | K109: =SUMIF(K$9:K$103,"X",$E$9:$E$103) -> 91.536749 | L109: =SUMIF(L$9:L$103,"X",$E$9:$E$103) -> 0
A110: % DA EXTENSÃO | F110: =IF($I112=0,0,F109/$I112) -> 0 | G110: =IF($I112=0,0,G109/$I112) -> 1 | H110: =IF($I112=0,0,H109/$I112) -> 0 | I110: =IF($I112=0,0,I109/$I112) -> 0 | J110: =IF($I112=0,0,J109/$I112) -> 0 | K110: =IF($I112=0,0,K109/$I112) -> 1 | L110: =IF($I112=0,0,L109/$I112) -> 0
A111: CONFERÊNCIA POR GRUPO | F111: =IF(SUM(F109:I109)=0,"— não preenchido",IF(ROUND(SUM(F109:I109)-$I112,3)=0,"OK — "&ROUND(SUM(F109:I109),3)&" km","ERRO — dif. de "&ROUND(SUM(F109:I109)-$I112,3)&" km")) -> OK — 91,537 km | J111: =IF(SUM(J109:L109)=0,"— não preenchido",IF(ROUND(SUM(J109:L109)-$I112,3)=0,"OK — "&ROUND(SUM(J109:L109),3)&" km","ERRO — dif. de "&ROUND(SUM(J109:L109)-$I112,3)&" km")) -> OK — 91,537 km
A112: EXTENSÃO TOTAL DO TRECHO | I112: =SUM(E9:E103) -> 91.536749 | M112: =COUNTIF(N9:N103,"OK")&" de "&COUNT($E$9:$E$103)&" linhas conferidas" -> 93 de 93 linhas conferidas
A114: LEGENDA
A115: REGULAR | E115: Até 10 irregularidades por km
A116: RUIM | E116: Mais de 10 irregularidades por km
A117: PÉSSIMA | E117: Atoleiro ou ponto crítico
A118: SIT. | E118: LEN = leito natural · EOP = em obras de pavimentação
A119: FAIXA AZUL | E119: Cabeçalho de cada S.R.E.: descrição, situação, jurisdição, extensão e coordenada de início.
A120: INÍCIO / FIM (KM) | E120: Contados de 0 até o fim de CADA S.R.E. Não é o marco quilométrico da rodovia.
A121: SENT. | E121: C = crescente · D = decrescente
A122: FAIXA CINZA | E122: Segmento fora do escopo do contrato: você passa por ele, mas não preenche.
A123: CÉLULA VERMELHA | E123: Mais de uma X no mesmo grupo. Apague uma delas.
A124: CONFERÊNCIA | E124: Só na tela, não sai impresso. Fica OK com uma X em cada grupo.

Sheet 59
A1: PROGRAMA DE MANUTENÇÃO RODOVIÁRIA — FICHA DE INSPEÇÃO — RODOVIAS NÃO PAVIMENTADAS | P1: Valores dos gráficos — troca 0 por N/D para a fatia não aparecer. Não editar.
A2: REGIÃO: 2 — ARAGUAÍNA I | D2: MÊS / ANO: | F2: =IF('46'!F2="","",'46'!F2) -> 46235 | G2: DATA: | I2: =IF('46'!I2="","",'46'!I2) | J2: TÉCNICO: | K2: =IF('46'!K2="","",'46'!K2) -> ENG. VINICIUS RODRIGUES FERREIRA DE OLIVEIRA | P2: =IF(F58=0,NA(),F58) -> #N/A | Q2: =IF(G58=0,NA(),G58) -> 43.086791 | R2: =IF(H58=0,NA(),H58) -> #N/A | S2: =IF(I58=0,NA(),I58) -> #N/A | T2: =IF(J58=0,NA(),J58) -> #N/A | U2: =IF(K58=0,NA(),K58) -> 43.086791 | V2: =IF(L58=0,NA(),L58) -> #N/A
A3: TRECHO 59 — RODOVIA TO-418 - TRECHO ENTR. BR-153 - ENTR. TO-164 | K3: EXTENSÃO: 43,087 km · 1 S.R.E.
A4: COMO PREENCHER: uma X em UMA coluna de cada grupo, por linha. Se houver mais de um defeito no mesmo km, marque o PREDOMINANTE e escreva o resto em OBSERVAÇÕES. A quilometragem é contada de 0 até o fim de CADA S.R.E. (não é o marco da rodovia).
A6: S.R.E. | B6: SENT. | C6: INÍCIO (KM) | D6: FIM (KM) | E6: EXT. (KM) | F6: CONDIÇÃO DA PLATAFORMA | J6: DRENAGEM SUPERFICIAL | M6: OBSERVAÇÕES | N6: CONFERÊNCIA (só na tela)
F7: BOM | G7: REG. (ATÉ 10 IRR./KM) | H7: RUIM (+ 10 IRR./KM) | I7: PÉSSIMA (ATOLEIRO/PTO. CRÍTICO) | J7: LIMPA | K7: OBSTRUÍDA | L7: AUSENTE
A8: S.R.E. 418ETO0010 | ENTR. TO-164 (XAMBIOAZINHO) - ENTR. BR-153 | LEN · Estadual · 43.087 km · início: -6.615803, -48.358511
A9: 418ETO0010 | B9: C | C9: 0 | D9: 1 | E9: =D9-C9 -> 1 | G9: X | K9: X | N9: =IF(COUNTA(F9:L9)=0,"— não preenchido",IF(COUNTIF(F9:I9,"X")<>1,"FALTA/DUPLA: CONDIÇÃO DA PLATAFORMA",IF(COUNTIF(J9:L9,"X")<>1,"FALTA/DUPLA: DRENAGEM SUPERFICIAL","OK"))) -> OK
A10: 418ETO0010 | B10: C | C10: 1 | D10: 2 | E10: =D10-C10 -> 1 | G10: X | K10: X | N10: =IF(COUNTA(F10:L10)=0,"— não preenchido",IF(COUNTIF(F10:I10,"X")<>1,"FALTA/DUPLA: CONDIÇÃO DA PLATAFORMA",IF(COUNTIF(J10:L10,"X")<>1,"FALTA/DUPLA: DRENAGEM SUPERFICIAL","OK"))) -> OK
A11: 418ETO0010 | B11: C | C11: 2 | D11: 3 | E11: =D11-C11 -> 1 | G11: X | K11: X | N11: =IF(COUNTA(F11:L11)=0,"— não preenchido",IF(COUNTIF(F11:I11,"X")<>1,"FALTA/DUPLA: CONDIÇÃO DA PLATAFORMA",IF(COUNTIF(J11:L11,"X")<>1,"FALTA/DUPLA: DRENAGEM SUPERFICIAL","OK"))) -> OK
A12: 418ETO0010 | B12: C | C12: 3 | D12: 4 | E12: =D12-C12 -> 1 | G12: X | K12: X | N12: =IF(COUNTA(F12:L12)=0,"— não preenchido",IF(COUNTIF(F12:I12,"X")<>1,"FALTA/DUPLA: CONDIÇÃO DA PLATAFORMA",IF(COUNTIF(J12:L12,"X")<>1,"FALTA/DUPLA: DRENAGEM SUPERFICIAL","OK"))) -> OK
A13: 418ETO0010 | B13: C | C13: 4 | D13: 5 | E13: =D13-C13 -> 1 | G13: X | K13: X | N13: =IF(COUNTA(F13:L13)=0,"— não preenchido",IF(COUNTIF(F13:I13,"X")<>1,"FALTA/DUPLA: CONDIÇÃO DA PLATAFORMA",IF(COUNTIF(J13:L13,"X")<>1,"FALTA/DUPLA: DRENAGEM SUPERFICIAL","OK"))) -> OK
A14: 418ETO0010 | B14: C | C14: 5 | D14: 6 | E14: =D14-C14 -> 1 | G14: X | K14: X | N14: =IF(COUNTA(F14:L14)=0,"— não preenchido",IF(COUNTIF(F14:I14,"X")<>1,"FALTA/DUPLA: CONDIÇÃO DA PLATAFORMA",IF(COUNTIF(J14:L14,"X")<>1,"FALTA/DUPLA: DRENAGEM SUPERFICIAL","OK"))) -> OK
A15: 418ETO0010 | B15: C | C15: 6 | D15: 7 | E15: =D15-C15 -> 1 | G15: X | K15: X | N15: =IF(COUNTA(F15:L15)=0,"— não preenchido",IF(COUNTIF(F15:I15,"X")<>1,"FALTA/DUPLA: CONDIÇÃO DA PLATAFORMA",IF(COUNTIF(J15:L15,"X")<>1,"FALTA/DUPLA: DRENAGEM SUPERFICIAL","OK"))) -> OK
A16: 418ETO0010 | B16: C | C16: 7 | D16: 8 | E16: =D16-C16 -> 1 | G16: X | K16: X | N16: =IF(COUNTA(F16:L16)=0,"— não preenchido",IF(COUNTIF(F16:I16,"X")<>1,"FALTA/DUPLA: CONDIÇÃO DA PLATAFORMA",IF(COUNTIF(J16:L16,"X")<>1,"FALTA/DUPLA: DRENAGEM SUPERFICIAL","OK"))) -> OK
A17: 418ETO0010 | B17: C | C17: 8 | D17: 9 | E17: =D17-C17 -> 1 | G17: X | K17: X | N17: =IF(COUNTA(F17:L17)=0,"— não preenchido",IF(COUNTIF(F17:I17,"X")<>1,"FALTA/DUPLA: CONDIÇÃO DA PLATAFORMA",IF(COUNTIF(J17:L17,"X")<>1,"FALTA/DUPLA: DRENAGEM SUPERFICIAL","OK"))) -> OK
A18: 418ETO0010 | B18: C | C18: 9 | D18: 10 | E18: =D18-C18 -> 1 | G18: X | K18: X | N18: =IF(COUNTA(F18:L18)=0,"— não preenchido",IF(COUNTIF(F18:I18,"X")<>1,"FALTA/DUPLA: CONDIÇÃO DA PLATAFORMA",IF(COUNTIF(J18:L18,"X")<>1,"FALTA/DUPLA: DRENAGEM SUPERFICIAL","OK"))) -> OK
A19: 418ETO0010 | B19: C | C19: 10 | D19: 11 | E19: =D19-C19 -> 1 | G19: X | K19: X | N19: =IF(COUNTA(F19:L19)=0,"— não preenchido",IF(COUNTIF(F19:I19,"X")<>1,"FALTA/DUPLA: CONDIÇÃO DA PLATAFORMA",IF(COUNTIF(J19:L19,"X")<>1,"FALTA/DUPLA: DRENAGEM SUPERFICIAL","OK"))) -> OK
A20: 418ETO0010 | B20: C | C20: 11 | D20: 12 | E20: =D20-C20 -> 1 | G20: X | K20: X | N20: =IF(COUNTA(F20:L20)=0,"— não preenchido",IF(COUNTIF(F20:I20,"X")<>1,"FALTA/DUPLA: CONDIÇÃO DA PLATAFORMA",IF(COUNTIF(J20:L20,"X")<>1,"FALTA/DUPLA: DRENAGEM SUPERFICIAL","OK"))) -> OK
... A52: 418ETO0010 | B52: C | C52: 43 | D52: 43.086791 | E52: =D52-C52 -> 0.086791464 | G52: X | K52: X | N52: =IF(COUNTA(F52:L52)=0,"— não preenchido",IF(COUNTIF(F52:I52,"X")<>1,"FALTA/DUPLA: CONDIÇÃO DA PLATAFORMA",IF(COUNTIF(J52:L52,"X")<>1,"FALTA/DUPLA: DRENAGEM SUPERFICIAL","OK"))) -> OK
A54: ____________________________________________ | G54: ____________________________________________
A55: TÉCNICO RESPONSÁVEL PELA INSPEÇÃO | G55: VISTO DA SUPERVISÃO
A57: RESUMO DO TRECHO — KM LANÇADO POR ITEM
A58: KM LANÇADO | F58: =SUMIF(F$9:F$52,"X",$E$9:$E$52) -> 0 | G58: =SUMIF(G$9:G$52,"X",$E$9:$E$52) -> 43.086791 | H58: =SUMIF(H$9:H$52,"X",$E$9:$E$52) -> 0 | I58: =SUMIF(I$9:I$52,"X",$E$9:$E$52) -> 0 | J58: =SUMIF(J$9:J$52,"X",$E$9:$E$52) -> 0 | K58: =SUMIF(K$9:K$52,"X",$E$9:$E$52) -> 43.086791 | L58: =SUMIF(L$9:L$52,"X",$E$9:$E$52) -> 0
A59: % DA EXTENSÃO | F59: =IF($I61=0,0,F58/$I61) -> 0 | G59: =IF($I61=0,0,G58/$I61) -> 1 | H59: =IF($I61=0,0,H58/$I61) -> 0 | I59: =IF($I61=0,0,I58/$I61) -> 0 | J59: =IF($I61=0,0,J58/$I61) -> 0 | K59: =IF($I61=0,0,K58/$I61) -> 1 | L59: =IF($I61=0,0,L58/$I61) -> 0
A60: CONFERÊNCIA POR GRUPO | F60: =IF(SUM(F58:I58)=0,"— não preenchido",IF(ROUND(SUM(F58:I58)-$I61,3)=0,"OK — "&ROUND(SUM(F58:I58),3)&" km","ERRO — dif. de "&ROUND(SUM(F58:I58)-$I61,3)&" km")) -> OK — 43,087 km | J60: =IF(SUM(J58:L58)=0,"— não preenchido",IF(ROUND(SUM(J58:L58)-$I61,3)=0,"OK — "&ROUND(SUM(J58:L58),3)&" km","ERRO — dif. de "&ROUND(SUM(J58:L58)-$I61,3)&" km")) -> OK — 43,087 km
A61: EXTENSÃO TOTAL DO TRECHO | I61: =SUM(E9:E52) -> 43.086791 | M61: =COUNTIF(N9:N52,"OK")&" de "&COUNT($E$9:$E$52)&" linhas conferidas" -> 44 de 44 linhas conferidas
A63: LEGENDA
A64: REGULAR | E64: Até 10 irregularidades por km
A65: RUIM | E65: Mais de 10 irregularidades por km
A66: PÉSSIMA | E66: Atoleiro ou ponto crítico
A67: SIT. | E67: LEN = leito natural · EOP = em obras de pavimentação
A68: FAIXA AZUL | E68: Cabeçalho de cada S.R.E.: descrição, situação, jurisdição, extensão e coordenada de início.
A69: INÍCIO / FIM (KM) | E69: Contados de 0 até o fim de CADA S.R.E. Não é o marco quilométrico da rodovia.
A70: SENT. | E70: C = crescente · D = decrescente
A71: FAIXA CINZA | E71: Segmento fora do escopo do contrato: você passa por ele, mas não preenche.
A72: CÉLULA VERMELHA | E72: Mais de uma X no mesmo grupo. Apague uma delas.
A73: CONFERÊNCIA | E73: Só na tela, não sai impresso. Fica OK com uma X em cada grupo.

Sheet 60
A1: PROGRAMA DE MANUTENÇÃO RODOVIÁRIA — FICHA DE INSPEÇÃO — RODOVIAS NÃO PAVIMENTADAS | P1: Valores dos gráficos — troca 0 por N/D para a fatia não aparecer. Não editar.
A2: REGIÃO: 2 — ARAGUAÍNA I | D2: MÊS / ANO: | F2: =IF('46'!F2="","",'46'!F2) -> 46235 | G2: DATA: | I2: =IF('46'!I2="","",'46'!I2) | J2: TÉCNICO: | K2: =IF('46'!K2="","",'46'!K2) -> ENG. VINICIUS RODRIGUES FERREIRA DE OLIVEIRA | P2: =IF(F44=0,NA(),F44) -> 23.115565 | Q2: =IF(G44=0,NA(),G44) -> 6 | R2: =IF(H44=0,NA(),H44) -> #N/A | S2: =IF(I44=0,NA(),I44) -> #N/A | T2: =IF(J44=0,NA(),J44) -> 29.115565 | U2: =IF(K44=0,NA(),K44) -> #N/A | V2: =IF(L44=0,NA(),L44) -> #N/A
A3: TRECHO 60 — RODOVIA TO-419 - TRECHO POVOADO BARRA DA GROTA - ENTR. TO-222 | K3: EXTENSÃO: 29,116 km · 1 S.R.E.
A4: COMO PREENCHER: uma X em UMA coluna de cada grupo, por linha. Se houver mais de um defeito no mesmo km, marque o PREDOMINANTE e escreva o resto em OBSERVAÇÕES. A quilometragem é contada de 0 até o fim de CADA S.R.E. (não é o marco da rodovia).
A6: S.R.E. | B6: SENT. | C6: INÍCIO (KM) | D6: FIM (KM) | E6: EXT. (KM) | F6: CONDIÇÃO DA PLATAFORMA | J6: DRENAGEM SUPERFICIAL | M6: OBSERVAÇÕES | N6: CONFERÊNCIA (só na tela)
F7: BOM | G7: REG. (ATÉ 10 IRR./KM) | H7: RUIM (+ 10 IRR./KM) | I7: PÉSSIMA (ATOLEIRO/PTO. CRÍTICO) | J7: LIMPA | K7: OBSTRUÍDA | L7: AUSENTE
A8: S.R.E. 419ETO0010 | ENTR. TO-222 (BARRA DA GROTA) - ENTR. TO-222 (BRITADOR) | LEN · Estadual · 29.116 km · início: -7.208771, -48.302157
A9: 419ETO0010 | B9: C | C9: 0 | D9: 1 | E9: =D9-C9 -> 1 | F9: X | J9: X | N9: =IF(COUNTA(F9:L9)=0,"— não preenchido",IF(COUNTIF(F9:I9,"X")<>1,"FALTA/DUPLA: CONDIÇÃO DA PLATAFORMA",IF(COUNTIF(J9:L9,"X")<>1,"FALTA/DUPLA: DRENAGEM SUPERFICIAL","OK"))) -> OK
A10: 419ETO0010 | B10: C | C10: 1 | D10: 2 | E10: =D10-C10 -> 1 | F10: X | J10: X | N10: =IF(COUNTA(F10:L10)=0,"— não preenchido",IF(COUNTIF(F10:I10,"X")<>1,"FALTA/DUPLA: CONDIÇÃO DA PLATAFORMA",IF(COUNTIF(J10:L10,"X")<>1,"FALTA/DUPLA: DRENAGEM SUPERFICIAL","OK"))) -> OK
A11: 419ETO0010 | B11: C | C11: 2 | D11: 3 | E11: =D11-C11 -> 1 | F11: X | J11: X | N11: =IF(COUNTA(F11:L11)=0,"— não preenchido",IF(COUNTIF(F11:I11,"X")<>1,"FALTA/DUPLA: CONDIÇÃO DA PLATAFORMA",IF(COUNTIF(J11:L11,"X")<>1,"FALTA/DUPLA: DRENAGEM SUPERFICIAL","OK"))) -> OK
A12: 419ETO0010 | B12: C | C12: 3 | D12: 4 | E12: =D12-C12 -> 1 | F12: X | J12: X | N12: =IF(COUNTA(F12:L12)=0,"— não preenchido",IF(COUNTIF(F12:I12,"X")<>1,"FALTA/DUPLA: CONDIÇÃO DA PLATAFORMA",IF(COUNTIF(J12:L12,"X")<>1,"FALTA/DUPLA: DRENAGEM SUPERFICIAL","OK"))) -> OK
A13: 419ETO0010 | B13: C | C13: 4 | D13: 5 | E13: =D13-C13 -> 1 | G13: X | J13: X | N13: =IF(COUNTA(F13:L13)=0,"— não preenchido",IF(COUNTIF(F13:I13,"X")<>1,"FALTA/DUPLA: CONDIÇÃO DA PLATAFORMA",IF(COUNTIF(J13:L13,"X")<>1,"FALTA/DUPLA: DRENAGEM SUPERFICIAL","OK"))) -> OK
A14: 419ETO0010 | B14: C | C14: 5 | D14: 6 | E14: =D14-C14 -> 1 | F14: X | J14: X | N14: =IF(COUNTA(F14:L14)=0,"— não preenchido",IF(COUNTIF(F14:I14,"X")<>1,"FALTA/DUPLA: CONDIÇÃO DA PLATAFORMA",IF(COUNTIF(J14:L14,"X")<>1,"FALTA/DUPLA: DRENAGEM SUPERFICIAL","OK"))) -> OK
A15: 419ETO0010 | B15: C | C15: 6 | D15: 7 | E15: =D15-C15 -> 1 | G15: X | J15: X | N15: =IF(COUNTA(F15:L15)=0,"— não preenchido",IF(COUNTIF(F15:I15,"X")<>1,"FALTA/DUPLA: CONDIÇÃO DA PLATAFORMA",IF(COUNTIF(J15:L15,"X")<>1,"FALTA/DUPLA: DRENAGEM SUPERFICIAL","OK"))) -> OK
A16: 419ETO0010 | B16: C | C16: 7 | D16: 8 | E16: =D16-C16 -> 1 | F16: X | J16: X | N16: =IF(COUNTA(F16:L16)=0,"— não preenchido",IF(COUNTIF(F16:I16,"X")<>1,"FALTA/DUPLA: CONDIÇÃO DA PLATAFORMA",IF(COUNTIF(J16:L16,"X")<>1,"FALTA/DUPLA: DRENAGEM SUPERFICIAL","OK"))) -> OK
A17: 419ETO0010 | B17: C | C17: 8 | D17: 9 | E17: =D17-C17 -> 1 | F17: X | J17: X | N17: =IF(COUNTA(F17:L17)=0,"— não preenchido",IF(COUNTIF(F17:I17,"X")<>1,"FALTA/DUPLA: CONDIÇÃO DA PLATAFORMA",IF(COUNTIF(J17:L17,"X")<>1,"FALTA/DUPLA: DRENAGEM SUPERFICIAL","OK"))) -> OK
A18: 419ETO0010 | B18: C | C18: 9 | D18: 10 | E18: =D18-C18 -> 1 | F18: X | J18: X | N18: =IF(COUNTA(F18:L18)=0,"— não preenchido",IF(COUNTIF(F18:I18,"X")<>1,"FALTA/DUPLA: CONDIÇÃO DA PLATAFORMA",IF(COUNTIF(J18:L18,"X")<>1,"FALTA/DUPLA: DRENAGEM SUPERFICIAL","OK"))) -> OK
A19: 419ETO0010 | B19: C | C19: 10 | D19: 11 | E19: =D19-C19 -> 1 | F19: X | J19: X | N19: =IF(COUNTA(F19:L19)=0,"— não preenchido",IF(COUNTIF(F19:I19,"X")<>1,"FALTA/DUPLA: CONDIÇÃO DA PLATAFORMA",IF(COUNTIF(J19:L19,"X")<>1,"FALTA/DUPLA: DRENAGEM SUPERFICIAL","OK"))) -> OK
A20: 419ETO0010 | B20: C | C20: 11 | D20: 12 | E20: =D20-C20 -> 1 | G20: X | J20: X | N20: =IF(COUNTA(F20:L20)=0,"— não preenchido",IF(COUNTIF(F20:I20,"X")<>1,"FALTA/DUPLA: CONDIÇÃO DA PLATAFORMA",IF(COUNTIF(J20:L20,"X")<>1,"FALTA/DUPLA: DRENAGEM SUPERFICIAL","OK"))) -> OK
A21: 419ETO0010 | B21: C | C21: 12 | D21: 13 | E21: =D21-C21 -> 1 | G21: X | J21: X | N21: =IF(COUNTA(F21:L21)=0,"— não preenchido",IF(COUNTIF(F21:I21,"X")<>1,"FALTA/DUPLA: CONDIÇÃO DA PLATAFORMA",IF(COUNTIF(J21:L21,"X")<>1,"FALTA/DUPLA: DRENAGEM SUPERFICIAL","OK"))) -> OK
A22: 419ETO0010 | B22: C | C22: 13 | D22: 14 | E22: =D22-C22 -> 1 | G22: X | J22: X | N22: =IF(COUNTA(F22:L22)=0,"— não preenchido",IF(COUNTIF(F22:I22,"X")<>1,"FALTA/DUPLA: CONDIÇÃO DA PLATAFORMA",IF(COUNTIF(J22:L22,"X")<>1,"FALTA/DUPLA: DRENAGEM SUPERFICIAL","OK"))) -> OK
A23: 419ETO0010 | B23: C | C23: 14 | D23: 15 | E23: =D23-C23 -> 1 | G23: X | J23: X | N23: =IF(COUNTA(F23:L23)=0,"— não preenchido",IF(COUNTIF(F23:I23,"X")<>1,"FALTA/DUPLA: CONDIÇÃO DA PLATAFORMA",IF(COUNTIF(J23:L23,"X")<>1,"FALTA/DUPLA: DRENAGEM SUPERFICIAL","OK"))) -> OK
A24: 419ETO0010 | B24: C | C24: 15 | D24: 16 | E24: =D24-C24 -> 1 | F24: X | J24: X | N24: =IF(COUNTA(F24:L24)=0,"— não preenchido",IF(COUNTIF(F24:I24,"X")<>1,"FALTA/DUPLA: CONDIÇÃO DA PLATAFORMA",IF(COUNTIF(J24:L24,"X")<>1,"FALTA/DUPLA: DRENAGEM SUPERFICIAL","OK"))) -> OK
A25: 419ETO0010 | B25: C | C25: 16 | D25: 17 | E25: =D25-C25 -> 1 | F25: X | J25: X | N25: =IF(COUNTA(F25:L25)=0,"— não preenchido",IF(COUNTIF(F25:I25,"X")<>1,"FALTA/DUPLA: CONDIÇÃO DA PLATAFORMA",IF(COUNTIF(J25:L25,"X")<>1,"FALTA/DUPLA: DRENAGEM SUPERFICIAL","OK"))) -> OK
A26: 419ETO0010 | B26: C | C26: 17 | D26: 18 | E26: =D26-C26 -> 1 | F26: X | J26: X | N26: =IF(COUNTA(F26:L26)=0,"— não preenchido",IF(COUNTIF(F26:I26,"X")<>1,"FALTA/DUPLA: CONDIÇÃO DA PLATAFORMA",IF(COUNTIF(J26:L26,"X")<>1,"FALTA/DUPLA: DRENAGEM SUPERFICIAL","OK"))) -> OK
A27: 419ETO0010 | B27: C | C27: 18 | D27: 19 | E27: =D27-C27 -> 1 | F27: X | J27: X | N27: =IF(COUNTA(F27:L27)=0,"— não preenchido",IF(COUNTIF(F27:I27,"X")<>1,"FALTA/DUPLA: CONDIÇÃO DA PLATAFORMA",IF(COUNTIF(J27:L27,"X")<>1,"FALTA/DUPLA: DRENAGEM SUPERFICIAL","OK"))) -> OK
A28: 419ETO0010 | B28: C | C28: 19 | D28: 20 | E28: =D28-C28 -> 1 | F28: X | J28: X | N28: =IF(COUNTA(F28:L28)=0,"— não preenchido",IF(COUNTIF(F28:I28,"X")<>1,"FALTA/DUPLA: CONDIÇÃO DA PLATAFORMA",IF(COUNTIF(J28:L28,"X")<>1,"FALTA/DUPLA: DRENAGEM SUPERFICIAL","OK"))) -> OK
A29: 419ETO0010 | B29: C | C29: 20 | D29: 21 | E29: =D29-C29 -> 1 | F29: X | J29: X | N29: =IF(COUNTA(F29:L29)=0,"— não preenchido",IF(COUNTIF(F29:I29,"X")<>1,"FALTA/DUPLA: CONDIÇÃO DA PLATAFORMA",IF(COUNTIF(J29:L29,"X")<>1,"FALTA/DUPLA: DRENAGEM SUPERFICIAL","OK"))) -> OK
A30: 419ETO0010 | B30: C | C30: 21 | D30: 22 | E30: =D30-C30 -> 1 | F30: X | J30: X | N30: =IF(COUNTA(F30:L30)=0,"— não preenchido",IF(COUNTIF(F30:I30,"X")<>1,"FALTA/DUPLA: CONDIÇÃO DA PLATAFORMA",IF(COUNTIF(J30:L30,"X")<>1,"FALTA/DUPLA: DRENAGEM SUPERFICIAL","OK"))) -> OK
A31: 419ETO0010 | B31: C | C31: 22 | D31: 23 | E31: =D31-C31 -> 1 | F31: X | J31: X | N31: =IF(COUNTA(F31:L31)=0,"— não preenchido",IF(COUNTIF(F31:I31,"X")<>1,"FALTA/DUPLA: CONDIÇÃO DA PLATAFORMA",IF(COUNTIF(J31:L31,"X")<>1,"FALTA/DUPLA: DRENAGEM SUPERFICIAL","OK"))) -> OK
A32: 419ETO0010 | B32: C | C32: 23 | D32: 24 | E32: =D32-C32 -> 1 | F32: X | J32: X | N32: =IF(COUNTA(F32:L32)=0,"— não preenchido",IF(COUNTIF(F32:I32,"X")<>1,"FALTA/DUPLA: CONDIÇÃO DA PLATAFORMA",IF(COUNTIF(J32:L32,"X")<>1,"FALTA/DUPLA: DRENAGEM SUPERFICIAL","OK"))) -> OK
A33: 419ETO0010 | B33: C | C33: 24 | D33: 25 | E33: =D33-C33 -> 1 | F33: X | J33: X | N33: =IF(COUNTA(F33:L33)=0,"— não preenchido",IF(COUNTIF(F33:I33,"X")<>1,"FALTA/DUPLA: CONDIÇÃO DA PLATAFORMA",IF(COUNTIF(J33:L33,"X")<>1,"FALTA/DUPLA: DRENAGEM SUPERFICIAL","OK"))) -> OK
A34: 419ETO0010 | B34: C | C34: 25 | D34: 26 | E34: =D34-C34 -> 1 | F34: X | J34: X | N34: =IF(COUNTA(F34:L34)=0,"— não preenchido",IF(COUNTIF(F34:I34,"X")<>1,"FALTA/DUPLA: CONDIÇÃO DA PLATAFORMA",IF(COUNTIF(J34:L34,"X")<>1,"FALTA/DUPLA: DRENAGEM SUPERFICIAL","OK"))) -> OK
A35: 419ETO0010 | B35: C | C35: 26 | D35: 27 | E35: =D35-C35 -> 1 | F35: X | J35: X | N35: =IF(COUNTA(F35:L35)=0,"— não preenchido",IF(COUNTIF(F35:I35,"X")<>1,"FALTA/DUPLA: CONDIÇÃO DA PLATAFORMA",IF(COUNTIF(J35:L35,"X")<>1,"FALTA/DUPLA: DRENAGEM SUPERFICIAL","OK"))) -> OK
... A38: 419ETO0010 | B38: C | C38: 29 | D38: 29.115565 | E38: =D38-C38 -> 0.11556488 | F38: X | J38: X | N38: =IF(COUNTA(F38:L38)=0,"— não preenchido",IF(COUNTIF(F38:I38,"X")<>1,"FALTA/DUPLA: CONDIÇÃO DA PLATAFORMA",IF(COUNTIF(J38:L38,"X")<>1,"FALTA/DUPLA: DRENAGEM SUPERFICIAL","OK"))) -> OK
A40: ____________________________________________ | G40: ____________________________________________
A41: TÉCNICO RESPONSÁVEL PELA INSPEÇÃO | G41: VISTO DA SUPERVISÃO
A43: RESUMO DO TRECHO — KM LANÇADO POR ITEM
A44: KM LANÇADO | F44: =SUMIF(F$9:F$38,"X",$E$9:$E$38) -> 23.115565 | G44: =SUMIF(G$9:G$38,"X",$E$9:$E$38) -> 6 | H44: =SUMIF(H$9:H$38,"X",$E$9:$E$38) -> 0 | I44: =SUMIF(I$9:I$38,"X",$E$9:$E$38) -> 0 | J44: =SUMIF(J$9:J$38,"X",$E$9:$E$38) -> 29.115565 | K44: =SUMIF(K$9:K$38,"X",$E$9:$E$38) -> 0 | L44: =SUMIF(L$9:L$38,"X",$E$9:$E$38) -> 0
A45: % DA EXTENSÃO | F45: =IF($I47=0,0,F44/$I47) -> 0.79392466 | G45: =IF($I47=0,0,G44/$I47) -> 0.20607534 | H45: =IF($I47=0,0,H44/$I47) -> 0 | I45: =IF($I47=0,0,I44/$I47) -> 0 | J45: =IF($I47=0,0,J44/$I47) -> 1 | K45: =IF($I47=0,0,K44/$I47) -> 0 | L45: =IF($I47=0,0,L44/$I47) -> 0
A46: CONFERÊNCIA POR GRUPO | F46: =IF(SUM(F44:I44)=0,"— não preenchido",IF(ROUND(SUM(F44:I44)-$I47,3)=0,"OK — "&ROUND(SUM(F44:I44),3)&" km","ERRO — dif. de "&ROUND(SUM(F44:I44)-$I47,3)&" km")) -> OK — 29,116 km | J46: =IF(SUM(J44:L44)=0,"— não preenchido",IF(ROUND(SUM(J44:L44)-$I47,3)=0,"OK — "&ROUND(SUM(J44:L44),3)&" km","ERRO — dif. de "&ROUND(SUM(J44:L44)-$I47,3)&" km")) -> OK — 29,116 km
A47: EXTENSÃO TOTAL DO TRECHO | I47: =SUM(E9:E38) -> 29.115565 | M47: =COUNTIF(N9:N38,"OK")&" de "&COUNT($E$9:$E$38)&" linhas conferidas" -> 30 de 30 linhas conferidas
A49: LEGENDA
A50: REGULAR | E50: Até 10 irregularidades por km
A51: RUIM | E51: Mais de 10 irregularidades por km
A52: PÉSSIMA | E52: Atoleiro ou ponto crítico
A53: SIT. | E53: LEN = leito natural · EOP = em obras de pavimentação
A54: FAIXA AZUL | E54: Cabeçalho de cada S.R.E.: descrição, situação, jurisdição, extensão e coordenada de início.
A55: INÍCIO / FIM (KM) | E55: Contados de 0 até o fim de CADA S.R.E. Não é o marco quilométrico da rodovia.
A56: SENT. | E56: C = crescente · D = decrescente
A57: FAIXA CINZA | E57: Segmento fora do escopo do contrato: você passa por ele, mas não preenche.
A58: CÉLULA VERMELHA | E58: Mais de uma X no mesmo grupo. Apague uma delas.
A59: CONFERÊNCIA | E59: Só na tela, não sai impresso. Fica OK com uma X em cada grupo.

Sheet 62
A1: PROGRAMA DE MANUTENÇÃO RODOVIÁRIA — FICHA DE INSPEÇÃO — RODOVIAS NÃO PAVIMENTADAS | P1: Valores dos gráficos — troca 0 por N/D para a fatia não aparecer. Não editar.
A2: REGIÃO: 2 — ARAGUAÍNA I | D2: MÊS / ANO: | F2: =IF('46'!F2="","",'46'!F2) -> 46235 | G2: DATA: | I2: =IF('46'!I2="","",'46'!I2) | J2: TÉCNICO: | K2: =IF('46'!K2="","",'46'!K2) -> ENG. VINICIUS RODRIGUES FERREIRA DE OLIVEIRA | P2: =IF(F30=0,NA(),F30) -> #N/A | Q2: =IF(G30=0,NA(),G30) -> 3 | R2: =IF(H30=0,NA(),H30) -> 10.554416 | S2: =IF(I30=0,NA(),I30) -> #N/A | T2: =IF(J30=0,NA(),J30) -> #N/A | U2: =IF(K30=0,NA(),K30) -> 13.554416 | V2: =IF(L30=0,NA(),L30) -> #N/A
A3: TRECHO 62 — RODOVIA TO-421 - TRECHO ARAGUAÍNA - POVOADO GROTÃO | K3: EXTENSÃO: 13,554 km · 2 S.R.E.
A4: COMO PREENCHER: uma X em UMA coluna de cada grupo, por linha. Se houver mais de um defeito no mesmo km, marque o PREDOMINANTE e escreva o resto em OBSERVAÇÕES. A quilometragem é contada de 0 até o fim de CADA S.R.E. (não é o marco da rodovia).
A6: S.R.E. | B6: SENT. | C6: INÍCIO (KM) | D6: FIM (KM) | E6: EXT. (KM) | F6: CONDIÇÃO DA PLATAFORMA | J6: DRENAGEM SUPERFICIAL | M6: OBSERVAÇÕES | N6: CONFERÊNCIA (só na tela)
F7: BOM | G7: REG. (ATÉ 10 IRR./KM) | H7: RUIM (+ 10 IRR./KM) | I7: PÉSSIMA (ATOLEIRO/PTO. CRÍTICO) | J7: LIMPA | K7: OBSTRUÍDA | L7: AUSENTE
A8: S.R.E. 421ETO0020 | ARAGUAÍNA *TRECHO URBANO* - GROTÃO | LEN · Estadual · 12.296 km · início: -7.135099, -48.203317
A9: 421ETO0020 | B9: C | C9: 0 | D9: 1 | E9: =D9-C9 -> 1 | H9: X | K9: X | N9: =IF(COUNTA(F9:L9)=0,"— não preenchido",IF(COUNTIF(F9:I9,"X")<>1,"FALTA/DUPLA: CONDIÇÃO DA PLATAFORMA",IF(COUNTIF(J9:L9,"X")<>1,"FALTA/DUPLA: DRENAGEM SUPERFICIAL","OK"))) -> OK
A10: 421ETO0020 | B10: C | C10: 1 | D10: 2 | E10: =D10-C10 -> 1 | H10: X | K10: X | N10: =IF(COUNTA(F10:L10)=0,"— não preenchido",IF(COUNTIF(F10:I10,"X")<>1,"FALTA/DUPLA: CONDIÇÃO DA PLATAFORMA",IF(COUNTIF(J10:L10,"X")<>1,"FALTA/DUPLA: DRENAGEM SUPERFICIAL","OK"))) -> OK
A11: 421ETO0020 | B11: C | C11: 2 | D11: 3 | E11: =D11-C11 -> 1 | G11: X | K11: X | N11: =IF(COUNTA(F11:L11)=0,"— não preenchido",IF(COUNTIF(F11:I11,"X")<>1,"FALTA/DUPLA: CONDIÇÃO DA PLATAFORMA",IF(COUNTIF(J11:L11,"X")<>1,"FALTA/DUPLA: DRENAGEM SUPERFICIAL","OK"))) -> OK
A12: 421ETO0020 | B12: C | C12: 3 | D12: 4 | E12: =D12-C12 -> 1 | H12: X | K12: X | N12: =IF(COUNTA(F12:L12)=0,"— não preenchido",IF(COUNTIF(F12:I12,"X")<>1,"FALTA/DUPLA: CONDIÇÃO DA PLATAFORMA",IF(COUNTIF(J12:L12,"X")<>1,"FALTA/DUPLA: DRENAGEM SUPERFICIAL","OK"))) -> OK
A13: 421ETO0020 | B13: C | C13: 4 | D13: 5 | E13: =D13-C13 -> 1 | H13: X | K13: X | N13: =IF(COUNTA(F13:L13)=0,"— não preenchido",IF(COUNTIF(F13:I13,"X")<>1,"FALTA/DUPLA: CONDIÇÃO DA PLATAFORMA",IF(COUNTIF(J13:L13,"X")<>1,"FALTA/DUPLA: DRENAGEM SUPERFICIAL","OK"))) -> OK
A14: 421ETO0020 | B14: C | C14: 5 | D14: 6 | E14: =D14-C14 -> 1 | H14: X | K14: X | N14: =IF(COUNTA(F14:L14)=0,"— não preenchido",IF(COUNTIF(F14:I14,"X")<>1,"FALTA/DUPLA: CONDIÇÃO DA PLATAFORMA",IF(COUNTIF(J14:L14,"X")<>1,"FALTA/DUPLA: DRENAGEM SUPERFICIAL","OK"))) -> OK
A15: 421ETO0020 | B15: C | C15: 6 | D15: 7 | E15: =D15-C15 -> 1 | H15: X | K15: X | N15: =IF(COUNTA(F15:L15)=0,"— não preenchido",IF(COUNTIF(F15:I15,"X")<>1,"FALTA/DUPLA: CONDIÇÃO DA PLATAFORMA",IF(COUNTIF(J15:L15,"X")<>1,"FALTA/DUPLA: DRENAGEM SUPERFICIAL","OK"))) -> OK
A16: 421ETO0020 | B16: C | C16: 7 | D16: 8 | E16: =D16-C16 -> 1 | H16: X | K16: X | N16: =IF(COUNTA(F16:L16)=0,"— não preenchido",IF(COUNTIF(F16:I16,"X")<>1,"FALTA/DUPLA: CONDIÇÃO DA PLATAFORMA",IF(COUNTIF(J16:L16,"X")<>1,"FALTA/DUPLA: DRENAGEM SUPERFICIAL","OK"))) -> OK
A17: 421ETO0020 | B17: C | C17: 8 | D17: 9 | E17: =D17-C17 -> 1 | G17: X | K17: X | N17: =IF(COUNTA(F17:L17)=0,"— não preenchido",IF(COUNTIF(F17:I17,"X")<>1,"FALTA/DUPLA: CONDIÇÃO DA PLATAFORMA",IF(COUNTIF(J17:L17,"X")<>1,"FALTA/DUPLA: DRENAGEM SUPERFICIAL","OK"))) -> OK
A18: 421ETO0020 | B18: C | C18: 9 | D18: 10 | E18: =D18-C18 -> 1 | H18: X | K18: X | N18: =IF(COUNTA(F18:L18)=0,"— não preenchido",IF(COUNTIF(F18:I18,"X")<>1,"FALTA/DUPLA: CONDIÇÃO DA PLATAFORMA",IF(COUNTIF(J18:L18,"X")<>1,"FALTA/DUPLA: DRENAGEM SUPERFICIAL","OK"))) -> OK
A19: 421ETO0020 | B19: C | C19: 10 | D19: 11 | E19: =D19-C19 -> 1 | H19: X | K19: X | N19: =IF(COUNTA(F19:L19)=0,"— não preenchido",IF(COUNTIF(F19:I19,"X")<>1,"FALTA/DUPLA: CONDIÇÃO DA PLATAFORMA",IF(COUNTIF(J19:L19,"X")<>1,"FALTA/DUPLA: DRENAGEM SUPERFICIAL","OK"))) -> OK
A20: 421ETO0020 | B20: C | C20: 11 | D20: 12 | E20: =D20-C20 -> 1 | G20: X | K20: X | N20: =IF(COUNTA(F20:L20)=0,"— não preenchido",IF(COUNTIF(F20:I20,"X")<>1,"FALTA/DUPLA: CONDIÇÃO DA PLATAFORMA",IF(COUNTIF(J20:L20,"X")<>1,"FALTA/DUPLA: DRENAGEM SUPERFICIAL","OK"))) -> OK
A21: 421ETO0020 | B21: C | C21: 12 | D21: 12.296031 | E21: =D21-C21 -> 0.29603115 | H21: X | K21: X | N21: =IF(COUNTA(F21:L21)=0,"— não preenchido",IF(COUNTIF(F21:I21,"X")<>1,"FALTA/DUPLA: CONDIÇÃO DA PLATAFORMA",IF(COUNTIF(J21:L21,"X")<>1,"FALTA/DUPLA: DRENAGEM SUPERFICIAL","OK"))) -> OK
A22: S.R.E. 421ETO0040 | GROTÃO - ÁGUA AMARELA | LEN · Estadual · 1.258 km · início: -7.123129, -48.271206
A23: 421ETO0040 | B23: C | C23: 0 | D23: 1 | E23: =D23-C23 -> 1 | H23: X | K23: X | N23: =IF(COUNTA(F23:L23)=0,"— não preenchido",IF(COUNTIF(F23:I23,"X")<>1,"FALTA/DUPLA: CONDIÇÃO DA PLATAFORMA",IF(COUNTIF(J23:L23,"X")<>1,"FALTA/DUPLA: DRENAGEM SUPERFICIAL","OK"))) -> OK
A24: 421ETO0040 | B24: C | C24: 1 | D24: 1.2583852 | E24: =D24-C24 -> 0.25838522 | H24: X | K24: X | N24: =IF(COUNTA(F24:L24)=0,"— não preenchido",IF(COUNTIF(F24:I24,"X")<>1,"FALTA/DUPLA: CONDIÇÃO DA PLATAFORMA",IF(COUNTIF(J24:L24,"X")<>1,"FALTA/DUPLA: DRENAGEM SUPERFICIAL","OK"))) -> OK
A26: ____________________________________________ | G26: ____________________________________________
A27: TÉCNICO RESPONSÁVEL PELA INSPEÇÃO | G27: VISTO DA SUPERVISÃO
A29: RESUMO DO TRECHO — KM LANÇADO POR ITEM
A30: KM LANÇADO | F30: =SUMIF(F$9:F$24,"X",$E$9:$E$24) -> 0 | G30: =SUMIF(G$9:G$24,"X",$E$9:$E$24) -> 3 | H30: =SUMIF(H$9:H$24,"X",$E$9:$E$24) -> 10.554416 | I30: =SUMIF(I$9:I$24,"X",$E$9:$E$24) -> 0 | J30: =SUMIF(J$9:J$24,"X",$E$9:$E$24) -> 0 | K30: =SUMIF(K$9:K$24,"X",$E$9:$E$24) -> 13.554416 | L30: =SUMIF(L$9:L$24,"X",$E$9:$E$24) -> 0
A31: % DA EXTENSÃO | F31: =IF($I33=0,0,F30/$I33) -> 0 | G31: =IF($I33=0,0,G30/$I33) -> 0.22133008 | H31: =IF($I33=0,0,H30/$I33) -> 0.77866992 | I31: =IF($I33=0,0,I30/$I33) -> 0 | J31: =IF($I33=0,0,J30/$I33) -> 0 | K31: =IF($I33=0,0,K30/$I33) -> 1 | L31: =IF($I33=0,0,L30/$I33) -> 0
A32: CONFERÊNCIA POR GRUPO | F32: =IF(SUM(F30:I30)=0,"— não preenchido",IF(ROUND(SUM(F30:I30)-$I33,3)=0,"OK — "&ROUND(SUM(F30:I30),3)&" km","ERRO — dif. de "&ROUND(SUM(F30:I30)-$I33,3)&" km")) -> OK — 13,554 km | J32: =IF(SUM(J30:L30)=0,"— não preenchido",IF(ROUND(SUM(J30:L30)-$I33,3)=0,"OK — "&ROUND(SUM(J30:L30),3)&" km","ERRO — dif. de "&ROUND(SUM(J30:L30)-$I33,3)&" km")) -> OK — 13,554 km
A33: EXTENSÃO TOTAL DO TRECHO | I33: =SUM(E9:E24) -> 13.554416 | M33: =COUNTIF(N9:N24,"OK")&" de "&COUNT($E$9:$E$24)&" linhas conferidas" -> 15 de 15 linhas conferidas
A35: LEGENDA
A36: REGULAR | E36: Até 10 irregularidades por km
A37: RUIM | E37: Mais de 10 irregularidades por km
A38: PÉSSIMA | E38: Atoleiro ou ponto crítico
A39: SIT. | E39: LEN = leito natural · EOP = em obras de pavimentação
A40: FAIXA AZUL | E40: Cabeçalho de cada S.R.E.: descrição, situação, jurisdição, extensão e coordenada de início.
A41: INÍCIO / FIM (KM) | E41: Contados de 0 até o fim de CADA S.R.E. Não é o marco quilométrico da rodovia.
A42: SENT. | E42: C = crescente · D = decrescente
A43: FAIXA CINZA | E43: Segmento fora do escopo do contrato: você passa por ele, mas não preenche.
A44: CÉLULA VERMELHA | E44: Mais de uma X no mesmo grupo. Apague uma delas.
A45: CONFERÊNCIA | E45: Só na tela, não sai impresso. Fica OK com uma X em cada grupo.

Sheet 64
A1: PROGRAMA DE MANUTENÇÃO RODOVIÁRIA — FICHA DE INSPEÇÃO — RODOVIAS NÃO PAVIMENTADAS | P1: Valores dos gráficos — troca 0 por N/D para a fatia não aparecer. Não editar.
A2: REGIÃO: 2 — ARAGUAÍNA I | D2: MÊS / ANO: | F2: =IF('46'!F2="","",'46'!F2) -> 46235 | G2: DATA: | I2: =IF('46'!I2="","",'46'!I2) | J2: TÉCNICO: | K2: =IF('46'!K2="","",'46'!K2) -> ENG. VINICIUS RODRIGUES FERREIRA DE OLIVEIRA | P2: =IF(F31=0,NA(),F31) -> 12.852537 | Q2: =IF(G31=0,NA(),G31) -> 4 | R2: =IF(H31=0,NA(),H31) -> #N/A | S2: =IF(I31=0,NA(),I31) -> #N/A | T2: =IF(J31=0,NA(),J31) -> 16.852537 | U2: =IF(K31=0,NA(),K31) -> #N/A | V2: =IF(L31=0,NA(),L31) -> #N/A
A3: TRECHO 64 — RODOVIA TO-429 - TRECHO ENTR. TO-230 (ARAPOEMA) - POVOADO ARACAJI | K3: EXTENSÃO: 16,853 km · 1 S.R.E.
A4: COMO PREENCHER: uma X em UMA coluna de cada grupo, por linha. Se houver mais de um defeito no mesmo km, marque o PREDOMINANTE e escreva o resto em OBSERVAÇÕES. A quilometragem é contada de 0 até o fim de CADA S.R.E. (não é o marco da rodovia).
A6: S.R.E. | B6: SENT. | C6: INÍCIO (KM) | D6: FIM (KM) | E6: EXT. (KM) | F6: CONDIÇÃO DA PLATAFORMA | J6: DRENAGEM SUPERFICIAL | M6: OBSERVAÇÕES | N6: CONFERÊNCIA (só na tela)
F7: BOM | G7: REG. (ATÉ 10 IRR./KM) | H7: RUIM (+ 10 IRR./KM) | I7: PÉSSIMA (ATOLEIRO/PTO. CRÍTICO) | J7: LIMPA | K7: OBSTRUÍDA | L7: AUSENTE
A8: S.R.E. 429ETO0010 | ENTR. TO-230 - DIV TO-PA (ARACAJI) | LEN · Estadual · 16.853 km · início: -7.710589, -49.263028
A9: 429ETO0010 | B9: C | C9: 0 | D9: 1 | E9: =D9-C9 -> 1 | F9: X | J9: X | N9: =IF(COUNTA(F9:L9)=0,"— não preenchido",IF(COUNTIF(F9:I9,"X")<>1,"FALTA/DUPLA: CONDIÇÃO DA PLATAFORMA",IF(COUNTIF(J9:L9,"X")<>1,"FALTA/DUPLA: DRENAGEM SUPERFICIAL","OK"))) -> OK
A10: 429ETO0010 | B10: C | C10: 1 | D10: 2 | E10: =D10-C10 -> 1 | F10: X | J10: X | N10: =IF(COUNTA(F10:L10)=0,"— não preenchido",IF(COUNTIF(F10:I10,"X")<>1,"FALTA/DUPLA: CONDIÇÃO DA PLATAFORMA",IF(COUNTIF(J10:L10,"X")<>1,"FALTA/DUPLA: DRENAGEM SUPERFICIAL","OK"))) -> OK
A11: 429ETO0010 | B11: C | C11: 2 | D11: 3 | E11: =D11-C11 -> 1 | F11: X | J11: X | N11: =IF(COUNTA(F11:L11)=0,"— não preenchido",IF(COUNTIF(F11:I11,"X")<>1,"FALTA/DUPLA: CONDIÇÃO DA PLATAFORMA",IF(COUNTIF(J11:L11,"X")<>1,"FALTA/DUPLA: DRENAGEM SUPERFICIAL","OK"))) -> OK
A12: 429ETO0010 | B12: C | C12: 3 | D12: 4 | E12: =D12-C12 -> 1 | F12: X | J12: X | N12: =IF(COUNTA(F12:L12)=0,"— não preenchido",IF(COUNTIF(F12:I12,"X")<>1,"FALTA/DUPLA: CONDIÇÃO DA PLATAFORMA",IF(COUNTIF(J12:L12,"X")<>1,"FALTA/DUPLA: DRENAGEM SUPERFICIAL","OK"))) -> OK
A13: 429ETO0010 | B13: C | C13: 4 | D13: 5 | E13: =D13-C13 -> 1 | F13: X | J13: X | N13: =IF(COUNTA(F13:L13)=0,"— não preenchido",IF(COUNTIF(F13:I13,"X")<>1,"FALTA/DUPLA: CONDIÇÃO DA PLATAFORMA",IF(COUNTIF(J13:L13,"X")<>1,"FALTA/DUPLA: DRENAGEM SUPERFICIAL","OK"))) -> OK
A14: 429ETO0010 | B14: C | C14: 5 | D14: 6 | E14: =D14-C14 -> 1 | F14: X | J14: X | N14: =IF(COUNTA(F14:L14)=0,"— não preenchido",IF(COUNTIF(F14:I14,"X")<>1,"FALTA/DUPLA: CONDIÇÃO DA PLATAFORMA",IF(COUNTIF(J14:L14,"X")<>1,"FALTA/DUPLA: DRENAGEM SUPERFICIAL","OK"))) -> OK
A15: 429ETO0010 | B15: C | C15: 6 | D15: 7 | E15: =D15-C15 -> 1 | G15: X | J15: X | N15: =IF(COUNTA(F15:L15)=0,"— não preenchido",IF(COUNTIF(F15:I15,"X")<>1,"FALTA/DUPLA: CONDIÇÃO DA PLATAFORMA",IF(COUNTIF(J15:L15,"X")<>1,"FALTA/DUPLA: DRENAGEM SUPERFICIAL","OK"))) -> OK
A16: 429ETO0010 | B16: C | C16: 7 | D16: 8 | E16: =D16-C16 -> 1 | F16: X | J16: X | N16: =IF(COUNTA(F16:L16)=0,"— não preenchido",IF(COUNTIF(F16:I16,"X")<>1,"FALTA/DUPLA: CONDIÇÃO DA PLATAFORMA",IF(COUNTIF(J16:L16,"X")<>1,"FALTA/DUPLA: DRENAGEM SUPERFICIAL","OK"))) -> OK
A17: 429ETO0010 | B17: C | C17: 8 | D17: 9 | E17: =D17-C17 -> 1 | F17: X | J17: X | N17: =IF(COUNTA(F17:L17)=0,"— não preenchido",IF(COUNTIF(F17:I17,"X")<>1,"FALTA/DUPLA: CONDIÇÃO DA PLATAFORMA",IF(COUNTIF(J17:L17,"X")<>1,"FALTA/DUPLA: DRENAGEM SUPERFICIAL","OK"))) -> OK
A18: 429ETO0010 | B18: C | C18: 9 | D18: 10 | E18: =D18-C18 -> 1 | F18: X | J18: X | N18: =IF(COUNTA(F18:L18)=0,"— não preenchido",IF(COUNTIF(F18:I18,"X")<>1,"FALTA/DUPLA: CONDIÇÃO DA PLATAFORMA",IF(COUNTIF(J18:L18,"X")<>1,"FALTA/DUPLA: DRENAGEM SUPERFICIAL","OK"))) -> OK
A19: 429ETO0010 | B19: C | C19: 10 | D19: 11 | E19: =D19-C19 -> 1 | G19: X | J19: X | N19: =IF(COUNTA(F19:L19)=0,"— não preenchido",IF(COUNTIF(F19:I19,"X")<>1,"FALTA/DUPLA: CONDIÇÃO DA PLATAFORMA",IF(COUNTIF(J19:L19,"X")<>1,"FALTA/DUPLA: DRENAGEM SUPERFICIAL","OK"))) -> OK
A20: 429ETO0010 | B20: C | C20: 11 | D20: 12 | E20: =D20-C20 -> 1 | F20: X | J20: X | N20: =IF(COUNTA(F20:L20)=0,"— não preenchido",IF(COUNTIF(F20:I20,"X")<>1,"FALTA/DUPLA: CONDIÇÃO DA PLATAFORMA",IF(COUNTIF(J20:L20,"X")<>1,"FALTA/DUPLA: DRENAGEM SUPERFICIAL","OK"))) -> OK
A21: 429ETO0010 | B21: C | C21: 12 | D21: 13 | E21: =D21-C21 -> 1 | F21: X | J21: X | N21: =IF(COUNTA(F21:L21)=0,"— não preenchido",IF(COUNTIF(F21:I21,"X")<>1,"FALTA/DUPLA: CONDIÇÃO DA PLATAFORMA",IF(COUNTIF(J21:L21,"X")<>1,"FALTA/DUPLA: DRENAGEM SUPERFICIAL","OK"))) -> OK
A22: 429ETO0010 | B22: C | C22: 13 | D22: 14 | E22: =D22-C22 -> 1 | G22: X | J22: X | N22: =IF(COUNTA(F22:L22)=0,"— não preenchido",IF(COUNTIF(F22:I22,"X")<>1,"FALTA/DUPLA: CONDIÇÃO DA PLATAFORMA",IF(COUNTIF(J22:L22,"X")<>1,"FALTA/DUPLA: DRENAGEM SUPERFICIAL","OK"))) -> OK
A23: 429ETO0010 | B23: C | C23: 14 | D23: 15 | E23: =D23-C23 -> 1 | G23: X | J23: X | N23: =IF(COUNTA(F23:L23)=0,"— não preenchido",IF(COUNTIF(F23:I23,"X")<>1,"FALTA/DUPLA: CONDIÇÃO DA PLATAFORMA",IF(COUNTIF(J23:L23,"X")<>1,"FALTA/DUPLA: DRENAGEM SUPERFICIAL","OK"))) -> OK
A24: 429ETO0010 | B24: C | C24: 15 | D24: 16 | E24: =D24-C24 -> 1 | F24: X | J24: X | N24: =IF(COUNTA(F24:L24)=0,"— não preenchido",IF(COUNTIF(F24:I24,"X")<>1,"FALTA/DUPLA: CONDIÇÃO DA PLATAFORMA",IF(COUNTIF(J24:L24,"X")<>1,"FALTA/DUPLA: DRENAGEM SUPERFICIAL","OK"))) -> OK
A25: 429ETO0010 | B25: C | C25: 16 | D25: 16.852537 | E25: =D25-C25 -> 0.85253721 | F25: X | J25: X | N25: =IF(COUNTA(F25:L25)=0,"— não preenchido",IF(COUNTIF(F25:I25,"X")<>1,"FALTA/DUPLA: CONDIÇÃO DA PLATAFORMA",IF(COUNTIF(J25:L25,"X")<>1,"FALTA/DUPLA: DRENAGEM SUPERFICIAL","OK"))) -> OK
A27: ____________________________________________ | G27: ____________________________________________
A28: TÉCNICO RESPONSÁVEL PELA INSPEÇÃO | G28: VISTO DA SUPERVISÃO
A30: RESUMO DO TRECHO — KM LANÇADO POR ITEM
A31: KM LANÇADO | F31: =SUMIF(F$9:F$25,"X",$E$9:$E$25) -> 12.852537 | G31: =SUMIF(G$9:G$25,"X",$E$9:$E$25) -> 4 | H31: =SUMIF(H$9:H$25,"X",$E$9:$E$25) -> 0 | I31: =SUMIF(I$9:I$25,"X",$E$9:$E$25) -> 0 | J31: =SUMIF(J$9:J$25,"X",$E$9:$E$25) -> 16.852537 | K31: =SUMIF(K$9:K$25,"X",$E$9:$E$25) -> 0 | L31: =SUMIF(L$9:L$25,"X",$E$9:$E$25) -> 0
A32: % DA EXTENSÃO | F32: =IF($I34=0,0,F31/$I34) -> 0.76264702 | G32: =IF($I34=0,0,G31/$I34) -> 0.23735298 | H32: =IF($I34=0,0,H31/$I34) -> 0 | I32: =IF($I34=0,0,I31/$I34) -> 0 | J32: =IF($I34=0,0,J31/$I34) -> 1 | K32: =IF($I34=0,0,K31/$I34) -> 0 | L32: =IF($I34=0,0,L31/$I34) -> 0
A33: CONFERÊNCIA POR GRUPO | F33: =IF(SUM(F31:I31)=0,"— não preenchido",IF(ROUND(SUM(F31:I31)-$I34,3)=0,"OK — "&ROUND(SUM(F31:I31),3)&" km","ERRO — dif. de "&ROUND(SUM(F31:I31)-$I34,3)&" km")) -> OK — 16,853 km | J33: =IF(SUM(J31:L31)=0,"— não preenchido",IF(ROUND(SUM(J31:L31)-$I34,3)=0,"OK — "&ROUND(SUM(J31:L31),3)&" km","ERRO — dif. de "&ROUND(SUM(J31:L31)-$I34,3)&" km")) -> OK — 16,853 km
A34: EXTENSÃO TOTAL DO TRECHO | I34: =SUM(E9:E25) -> 16.852537 | M34: =COUNTIF(N9:N25,"OK")&" de "&COUNT($E$9:$E$25)&" linhas conferidas" -> 17 de 17 linhas conferidas
A36: LEGENDA
A37: REGULAR | E37: Até 10 irregularidades por km
A38: RUIM | E38: Mais de 10 irregularidades por km
A39: PÉSSIMA | E39: Atoleiro ou ponto crítico
A40: SIT. | E40: LEN = leito natural · EOP = em obras de pavimentação
A41: FAIXA AZUL | E41: Cabeçalho de cada S.R.E.: descrição, situação, jurisdição, extensão e coordenada de início.
A42: INÍCIO / FIM (KM) | E42: Contados de 0 até o fim de CADA S.R.E. Não é o marco quilométrico da rodovia.
A43: SENT. | E43: C = crescente · D = decrescente
A44: FAIXA CINZA | E44: Segmento fora do escopo do contrato: você passa por ele, mas não preenche.
A45: CÉLULA VERMELHA | E45: Mais de uma X no mesmo grupo. Apague uma delas.
A46: CONFERÊNCIA | E46: Só na tela, não sai impresso. Fica OK com uma X em cada grupo.

Sheet 65
A1: PROGRAMA DE MANUTENÇÃO RODOVIÁRIA — FICHA DE INSPEÇÃO — RODOVIAS NÃO PAVIMENTADAS | P1: Valores dos gráficos — troca 0 por N/D para a fatia não aparecer. Não editar.
A2: REGIÃO: 2 — ARAGUAÍNA I | D2: MÊS / ANO: | F2: =IF('46'!F2="","",'46'!F2) -> 46235 | G2: DATA: | I2: =IF('46'!I2="","",'46'!I2) | J2: TÉCNICO: | K2: =IF('46'!K2="","",'46'!K2) -> ENG. VINICIUS RODRIGUES FERREIRA DE OLIVEIRA | P2: =IF(F31=0,NA(),F31) -> 13.639885 | Q2: =IF(G31=0,NA(),G31) -> 3 | R2: =IF(H31=0,NA(),H31) -> #N/A | S2: =IF(I31=0,NA(),I31) -> #N/A | T2: =IF(J31=0,NA(),J31) -> 16.639885 | U2: =IF(K31=0,NA(),K31) -> #N/A | V2: =IF(L31=0,NA(),L31) -> #N/A
A3: TRECHO 65 — RODOVIA TO-430 - TRECHO POVOADO CORIOLANDO (ENTR. TO-230 - ARAPOEMA) - ENTR. TO-164 | K3: EXTENSÃO: 16,640 km · 1 S.R.E.
A4: COMO PREENCHER: uma X em UMA coluna de cada grupo, por linha. Se houver mais de um defeito no mesmo km, marque o PREDOMINANTE e escreva o resto em OBSERVAÇÕES. A quilometragem é contada de 0 até o fim de CADA S.R.E. (não é o marco da rodovia).
A6: S.R.E. | B6: SENT. | C6: INÍCIO (KM) | D6: FIM (KM) | E6: EXT. (KM) | F6: CONDIÇÃO DA PLATAFORMA | J6: DRENAGEM SUPERFICIAL | M6: OBSERVAÇÕES | N6: CONFERÊNCIA (só na tela)
F7: BOM | G7: REG. (ATÉ 10 IRR./KM) | H7: RUIM (+ 10 IRR./KM) | I7: PÉSSIMA (ATOLEIRO/PTO. CRÍTICO) | J7: LIMPA | K7: OBSTRUÍDA | L7: AUSENTE
A8: S.R.E. 430ETO0010 | ENTR. TO-230 - ENTR. TO-164 | LEN · Estadual · 16.640 km · início: -7.762422, -48.945893
A9: 430ETO0010 | B9: C | C9: 0 | D9: 1 | E9: =D9-C9 -> 1 | F9: X | J9: X | N9: =IF(COUNTA(F9:L9)=0,"— não preenchido",IF(COUNTIF(F9:I9,"X")<>1,"FALTA/DUPLA: CONDIÇÃO DA PLATAFORMA",IF(COUNTIF(J9:L9,"X")<>1,"FALTA/DUPLA: DRENAGEM SUPERFICIAL","OK"))) -> OK
A10: 430ETO0010 | B10: C | C10: 1 | D10: 2 | E10: =D10-C10 -> 1 | G10: X | J10: X | N10: =IF(COUNTA(F10:L10)=0,"— não preenchido",IF(COUNTIF(F10:I10,"X")<>1,"FALTA/DUPLA: CONDIÇÃO DA PLATAFORMA",IF(COUNTIF(J10:L10,"X")<>1,"FALTA/DUPLA: DRENAGEM SUPERFICIAL","OK"))) -> OK
A11: 430ETO0010 | B11: C | C11: 2 | D11: 3 | E11: =D11-C11 -> 1 | F11: X | J11: X | N11: =IF(COUNTA(F11:L11)=0,"— não preenchido",IF(COUNTIF(F11:I11,"X")<>1,"FALTA/DUPLA: CONDIÇÃO DA PLATAFORMA",IF(COUNTIF(J11:L11,"X")<>1,"FALTA/DUPLA: DRENAGEM SUPERFICIAL","OK"))) -> OK
A12: 430ETO0010 | B12: C | C12: 3 | D12: 4 | E12: =D12-C12 -> 1 | F12: X | J12: X | N12: =IF(COUNTA(F12:L12)=0,"— não preenchido",IF(COUNTIF(F12:I12,"X")<>1,"FALTA/DUPLA: CONDIÇÃO DA PLATAFORMA",IF(COUNTIF(J12:L12,"X")<>1,"FALTA/DUPLA: DRENAGEM SUPERFICIAL","OK"))) -> OK
A13: 430ETO0010 | B13: C | C13: 4 | D13: 5 | E13: =D13-C13 -> 1 | G13: X | J13: X | N13: =IF(COUNTA(F13:L13)=0,"— não preenchido",IF(COUNTIF(F13:I13,"X")<>1,"FALTA/DUPLA: CONDIÇÃO DA PLATAFORMA",IF(COUNTIF(J13:L13,"X")<>1,"FALTA/DUPLA: DRENAGEM SUPERFICIAL","OK"))) -> OK
A14: 430ETO0010 | B14: C | C14: 5 | D14: 6 | E14: =D14-C14 -> 1 | F14: X | J14: X | N14: =IF(COUNTA(F14:L14)=0,"— não preenchido",IF(COUNTIF(F14:I14,"X")<>1,"FALTA/DUPLA: CONDIÇÃO DA PLATAFORMA",IF(COUNTIF(J14:L14,"X")<>1,"FALTA/DUPLA: DRENAGEM SUPERFICIAL","OK"))) -> OK
A15: 430ETO0010 | B15: C | C15: 6 | D15: 7 | E15: =D15-C15 -> 1 | F15: X | J15: X | N15: =IF(COUNTA(F15:L15)=0,"— não preenchido",IF(COUNTIF(F15:I15,"X")<>1,"FALTA/DUPLA: CONDIÇÃO DA PLATAFORMA",IF(COUNTIF(J15:L15,"X")<>1,"FALTA/DUPLA: DRENAGEM SUPERFICIAL","OK"))) -> OK
A16: 430ETO0010 | B16: C | C16: 7 | D16: 8 | E16: =D16-C16 -> 1 | G16: X | J16: X | N16: =IF(COUNTA(F16:L16)=0,"— não preenchido",IF(COUNTIF(F16:I16,"X")<>1,"FALTA/DUPLA: CONDIÇÃO DA PLATAFORMA",IF(COUNTIF(J16:L16,"X")<>1,"FALTA/DUPLA: DRENAGEM SUPERFICIAL","OK"))) -> OK
A17: 430ETO0010 | B17: C | C17: 8 | D17: 9 | E17: =D17-C17 -> 1 | F17: X | J17: X | N17: =IF(COUNTA(F17:L17)=0,"— não preenchido",IF(COUNTIF(F17:I17,"X")<>1,"FALTA/DUPLA: CONDIÇÃO DA PLATAFORMA",IF(COUNTIF(J17:L17,"X")<>1,"FALTA/DUPLA: DRENAGEM SUPERFICIAL","OK"))) -> OK
A18: 430ETO0010 | B18: C | C18: 9 | D18: 10 | E18: =D18-C18 -> 1 | F18: X | J18: X | N18: =IF(COUNTA(F18:L18)=0,"— não preenchido",IF(COUNTIF(F18:I18,"X")<>1,"FALTA/DUPLA: CONDIÇÃO DA PLATAFORMA",IF(COUNTIF(J18:L18,"X")<>1,"FALTA/DUPLA: DRENAGEM SUPERFICIAL","OK"))) -> OK
A19: 430ETO0010 | B19: C | C19: 10 | D19: 11 | E19: =D19-C19 -> 1 | F19: X | J19: X | N19: =IF(COUNTA(F19:L19)=0,"— não preenchido",IF(COUNTIF(F19:I19,"X")<>1,"FALTA/DUPLA: CONDIÇÃO DA PLATAFORMA",IF(COUNTIF(J19:L19,"X")<>1,"FALTA/DUPLA: DRENAGEM SUPERFICIAL","OK"))) -> OK
A20: 430ETO0010 | B20: C | C20: 11 | D20: 12 | E20: =D20-C20 -> 1 | F20: X | J20: X | N20: =IF(COUNTA(F20:L20)=0,"— não preenchido",IF(COUNTIF(F20:I20,"X")<>1,"FALTA/DUPLA: CONDIÇÃO DA PLATAFORMA",IF(COUNTIF(J20:L20,"X")<>1,"FALTA/DUPLA: DRENAGEM SUPERFICIAL","OK"))) -> OK
A21: 430ETO0010 | B21: C | C21: 12 | D21: 13 | E21: =D21-C21 -> 1 | F21: X | J21: X | N21: =IF(COUNTA(F21:L21)=0,"— não preenchido",IF(COUNTIF(F21:I21,"X")<>1,"FALTA/DUPLA: CONDIÇÃO DA PLATAFORMA",IF(COUNTIF(J21:L21,"X")<>1,"FALTA/DUPLA: DRENAGEM SUPERFICIAL","OK"))) -> OK
A22: 430ETO0010 | B22: C | C22: 13 | D22: 14 | E22: =D22-C22 -> 1 | F22: X | J22: X | N22: =IF(COUNTA(F22:L22)=0,"— não preenchido",IF(COUNTIF(F22:I22,"X")<>1,"FALTA/DUPLA: CONDIÇÃO DA PLATAFORMA",IF(COUNTIF(J22:L22,"X")<>1,"FALTA/DUPLA: DRENAGEM SUPERFICIAL","OK"))) -> OK
A23: 430ETO0010 | B23: C | C23: 14 | D23: 15 | E23: =D23-C23 -> 1 | F23: X | J23: X | N23: =IF(COUNTA(F23:L23)=0,"— não preenchido",IF(COUNTIF(F23:I23,"X")<>1,"FALTA/DUPLA: CONDIÇÃO DA PLATAFORMA",IF(COUNTIF(J23:L23,"X")<>1,"FALTA/DUPLA: DRENAGEM SUPERFICIAL","OK"))) -> OK
A24: 430ETO0010 | B24: C | C24: 15 | D24: 16 | E24: =D24-C24 -> 1 | F24: X | J24: X | N24: =IF(COUNTA(F24:L24)=0,"— não preenchido",IF(COUNTIF(F24:I24,"X")<>1,"FALTA/DUPLA: CONDIÇÃO DA PLATAFORMA",IF(COUNTIF(J24:L24,"X")<>1,"FALTA/DUPLA: DRENAGEM SUPERFICIAL","OK"))) -> OK
A25: 430ETO0010 | B25: C | C25: 16 | D25: 16.639885 | E25: =D25-C25 -> 0.63988532 | F25: X | J25: X | N25: =IF(COUNTA(F25:L25)=0,"— não preenchido",IF(COUNTIF(F25:I25,"X")<>1,"FALTA/DUPLA: CONDIÇÃO DA PLATAFORMA",IF(COUNTIF(J25:L25,"X")<>1,"FALTA/DUPLA: DRENAGEM SUPERFICIAL","OK"))) -> OK
A27: ____________________________________________ | G27: ____________________________________________
A28: TÉCNICO RESPONSÁVEL PELA INSPEÇÃO | G28: VISTO DA SUPERVISÃO
A30: RESUMO DO TRECHO — KM LANÇADO POR ITEM
A31: KM LANÇADO | F31: =SUMIF(F$9:F$25,"X",$E$9:$E$25) -> 13.639885 | G31: =SUMIF(G$9:G$25,"X",$E$9:$E$25) -> 3 | H31: =SUMIF(H$9:H$25,"X",$E$9:$E$25) -> 0 | I31: =SUMIF(I$9:I$25,"X",$E$9:$E$25) -> 0 | J31: =SUMIF(J$9:J$25,"X",$E$9:$E$25) -> 16.639885 | K31: =SUMIF(K$9:K$25,"X",$E$9:$E$25) -> 0 | L31: =SUMIF(L$9:L$25,"X",$E$9:$E$25) -> 0
A32: % DA EXTENSÃO | F32: =IF($I34=0,0,F31/$I34) -> 0.8197103 | G32: =IF($I34=0,0,G31/$I34) -> 0.1802897 | H32: =IF($I34=0,0,H31/$I34) -> 0 | I32: =IF($I34=0,0,I31/$I34) -> 0 | J32: =IF($I34=0,0,J31/$I34) -> 1 | K32: =IF($I34=0,0,K31/$I34) -> 0 | L32: =IF($I34=0,0,L31/$I34) -> 0
A33: CONFERÊNCIA POR GRUPO | F33: =IF(SUM(F31:I31)=0,"— não preenchido",IF(ROUND(SUM(F31:I31)-$I34,3)=0,"OK — "&ROUND(SUM(F31:I31),3)&" km","ERRO — dif. de "&ROUND(SUM(F31:I31)-$I34,3)&" km")) -> OK — 16,64 km | J33: =IF(SUM(J31:L31)=0,"— não preenchido",IF(ROUND(SUM(J31:L31)-$I34,3)=0,"OK — "&ROUND(SUM(J31:L31),3)&" km","ERRO — dif. de "&ROUND(SUM(J31:L31)-$I34,3)&" km")) -> OK — 16,64 km
A34: EXTENSÃO TOTAL DO TRECHO | I34: =SUM(E9:E25) -> 16.639885 | M34: =COUNTIF(N9:N25,"OK")&" de "&COUNT($E$9:$E$25)&" linhas conferidas" -> 17 de 17 linhas conferidas
A36: LEGENDA
A37: REGULAR | E37: Até 10 irregularidades por km
A38: RUIM | E38: Mais de 10 irregularidades por km
A39: PÉSSIMA | E39: Atoleiro ou ponto crítico
A40: SIT. | E40: LEN = leito natural · EOP = em obras de pavimentação
A41: FAIXA AZUL | E41: Cabeçalho de cada S.R.E.: descrição, situação, jurisdição, extensão e coordenada de início.
A42: INÍCIO / FIM (KM) | E42: Contados de 0 até o fim de CADA S.R.E. Não é o marco quilométrico da rodovia.
A43: SENT. | E43: C = crescente · D = decrescente
A44: FAIXA CINZA | E44: Segmento fora do escopo do contrato: você passa por ele, mas não preenche.
A45: CÉLULA VERMELHA | E45: Mais de uma X no mesmo grupo. Apague uma delas.
A46: CONFERÊNCIA | E46: Só na tela, não sai impresso. Fica OK com uma X em cada grupo.

Sheet 66
A1: PROGRAMA DE MANUTENÇÃO RODOVIÁRIA — FICHA DE INSPEÇÃO — RODOVIAS NÃO PAVIMENTADAS | P1: Valores dos gráficos — troca 0 por N/D para a fatia não aparecer. Não editar.
A2: REGIÃO: 2 — ARAGUAÍNA I | D2: MÊS / ANO: | F2: =IF('46'!F2="","",'46'!F2) -> 46235 | G2: DATA: | I2: =IF('46'!I2="","",'46'!I2) | J2: TÉCNICO: | K2: =IF('46'!K2="","",'46'!K2) -> ENG. VINICIUS RODRIGUES FERREIRA DE OLIVEIRA | P2: =IF(F47=0,NA(),F47) -> #N/A | Q2: =IF(G47=0,NA(),G47) -> 32.27987 | R2: =IF(H47=0,NA(),H47) -> #N/A | S2: =IF(I47=0,NA(),I47) -> #N/A | T2: =IF(J47=0,NA(),J47) -> #N/A | U2: =IF(K47=0,NA(),K47) -> 32.27987 | V2: =IF(L47=0,NA(),L47) -> #N/A
A3: TRECHO 66 — RODOVIA TO-433 - TRECHO ENTR. TO-230 (POVOADO BRASILENE) - BERNARDO SAYÃO (ENTR. TO-164) | K3: EXTENSÃO: 32,280 km · 1 S.R.E.
A4: COMO PREENCHER: uma X em UMA coluna de cada grupo, por linha. Se houver mais de um defeito no mesmo km, marque o PREDOMINANTE e escreva o resto em OBSERVAÇÕES. A quilometragem é contada de 0 até o fim de CADA S.R.E. (não é o marco da rodovia).
A6: S.R.E. | B6: SENT. | C6: INÍCIO (KM) | D6: FIM (KM) | E6: EXT. (KM) | F6: CONDIÇÃO DA PLATAFORMA | J6: DRENAGEM SUPERFICIAL | M6: OBSERVAÇÕES | N6: CONFERÊNCIA (só na tela)
F7: BOM | G7: REG. (ATÉ 10 IRR./KM) | H7: RUIM (+ 10 IRR./KM) | I7: PÉSSIMA (ATOLEIRO/PTO. CRÍTICO) | J7: LIMPA | K7: OBSTRUÍDA | L7: AUSENTE
A8: S.R.E. 433ETO0010 | ENTR. TO-230 (BRASILENE) - ENTR. TO-164 | LEN · Estadual · 32.280 km · início: -7.856551, -48.899867
A9: 433ETO0010 | B9: C | C9: 0 | D9: 1 | E9: =D9-C9 -> 1 | G9: X | K9: X | N9: =IF(COUNTA(F9:L9)=0,"— não preenchido",IF(COUNTIF(F9:I9,"X")<>1,"FALTA/DUPLA: CONDIÇÃO DA PLATAFORMA",IF(COUNTIF(J9:L9,"X")<>1,"FALTA/DUPLA: DRENAGEM SUPERFICIAL","OK"))) -> OK
A10: 433ETO0010 | B10: C | C10: 1 | D10: 2 | E10: =D10-C10 -> 1 | G10: X | K10: X | N10: =IF(COUNTA(F10:L10)=0,"— não preenchido",IF(COUNTIF(F10:I10,"X")<>1,"FALTA/DUPLA: CONDIÇÃO DA PLATAFORMA",IF(COUNTIF(J10:L10,"X")<>1,"FALTA/DUPLA: DRENAGEM SUPERFICIAL","OK"))) -> OK
A11: 433ETO0010 | B11: C | C11: 2 | D11: 3 | E11: =D11-C11 -> 1 | G11: X | K11: X | N11: =IF(COUNTA(F11:L11)=0,"— não preenchido",IF(COUNTIF(F11:I11,"X")<>1,"FALTA/DUPLA: CONDIÇÃO DA PLATAFORMA",IF(COUNTIF(J11:L11,"X")<>1,"FALTA/DUPLA: DRENAGEM SUPERFICIAL","OK"))) -> OK
A12: 433ETO0010 | B12: C | C12: 3 | D12: 4 | E12: =D12-C12 -> 1 | G12: X | K12: X | N12: =IF(COUNTA(F12:L12)=0,"— não preenchido",IF(COUNTIF(F12:I12,"X")<>1,"FALTA/DUPLA: CONDIÇÃO DA PLATAFORMA",IF(COUNTIF(J12:L12,"X")<>1,"FALTA/DUPLA: DRENAGEM SUPERFICIAL","OK"))) -> OK
A13: 433ETO0010 | B13: C | C13: 4 | D13: 5 | E13: =D13-C13 -> 1 | G13: X | K13: X | N13: =IF(COUNTA(F13:L13)=0,"— não preenchido",IF(COUNTIF(F13:I13,"X")<>1,"FALTA/DUPLA: CONDIÇÃO DA PLATAFORMA",IF(COUNTIF(J13:L13,"X")<>1,"FALTA/DUPLA: DRENAGEM SUPERFICIAL","OK"))) -> OK
A14: 433ETO0010 | B14: C | C14: 5 | D14: 6 | E14: =D14-C14 -> 1 | G14: X | K14: X | N14: =IF(COUNTA(F14:L14)=0,"— não preenchido",IF(COUNTIF(F14:I14,"X")<>1,"FALTA/DUPLA: CONDIÇÃO DA PLATAFORMA",IF(COUNTIF(J14:L14,"X")<>1,"FALTA/DUPLA: DRENAGEM SUPERFICIAL","OK"))) -> OK
A15: 433ETO0010 | B15: C | C15: 6 | D15: 7 | E15: =D15-C15 -> 1 | G15: X | K15: X | N15: =IF(COUNTA(F15:L15)=0,"— não preenchido",IF(COUNTIF(F15:I15,"X")<>1,"FALTA/DUPLA: CONDIÇÃO DA PLATAFORMA",IF(COUNTIF(J15:L15,"X")<>1,"FALTA/DUPLA: DRENAGEM SUPERFICIAL","OK"))) -> OK
A16: 433ETO0010 | B16: C | C16: 7 | D16: 8 | E16: =D16-C16 -> 1 | G16: X | K16: X | N16: =IF(COUNTA(F16:L16)=0,"— não preenchido",IF(COUNTIF(F16:I16,"X")<>1,"FALTA/DUPLA: CONDIÇÃO DA PLATAFORMA",IF(COUNTIF(J16:L16,"X")<>1,"FALTA/DUPLA: DRENAGEM SUPERFICIAL","OK"))) -> OK
A17: 433ETO0010 | B17: C | C17: 8 | D17: 9 | E17: =D17-C17 -> 1 | G17: X | K17: X | N17: =IF(COUNTA(F17:L17)=0,"— não preenchido",IF(COUNTIF(F17:I17,"X")<>1,"FALTA/DUPLA: CONDIÇÃO DA PLATAFORMA",IF(COUNTIF(J17:L17,"X")<>1,"FALTA/DUPLA: DRENAGEM SUPERFICIAL","OK"))) -> OK
A18: 433ETO0010 | B18: C | C18: 9 | D18: 10 | E18: =D18-C18 -> 1 | G18: X | K18: X | N18: =IF(COUNTA(F18:L18)=0,"— não preenchido",IF(COUNTIF(F18:I18,"X")<>1,"FALTA/DUPLA: CONDIÇÃO DA PLATAFORMA",IF(COUNTIF(J18:L18,"X")<>1,"FALTA/DUPLA: DRENAGEM SUPERFICIAL","OK"))) -> OK
A19: 433ETO0010 | B19: C | C19: 10 | D19: 11 | E19: =D19-C19 -> 1 | G19: X | K19: X | N19: =IF(COUNTA(F19:L19)=0,"— não preenchido",IF(COUNTIF(F19:I19,"X")<>1,"FALTA/DUPLA: CONDIÇÃO DA PLATAFORMA",IF(COUNTIF(J19:L19,"X")<>1,"FALTA/DUPLA: DRENAGEM SUPERFICIAL","OK"))) -> OK
A20: 433ETO0010 | B20: C | C20: 11 | D20: 12 | E20: =D20-C20 -> 1 | G20: X | K20: X | N20: =IF(COUNTA(F20:L20)=0,"— não preenchido",IF(COUNTIF(F20:I20,"X")<>1,"FALTA/DUPLA: CONDIÇÃO DA PLATAFORMA",IF(COUNTIF(J20:L20,"X")<>1,"FALTA/DUPLA: DRENAGEM SUPERFICIAL","OK"))) -> OK
... A41: 433ETO0010 | B41: C | C41: 32 | D41: 32.27987 | E41: =D41-C41 -> 0.27987049 | G41: X | K41: X | N41: =IF(COUNTA(F41:L41)=0,"— não preenchido",IF(COUNTIF(F41:I41,"X")<>1,"FALTA/DUPLA: CONDIÇÃO DA PLATAFORMA",IF(COUNTIF(J41:L41,"X")<>1,"FALTA/DUPLA: DRENAGEM SUPERFICIAL","OK"))) -> OK
A43: ____________________________________________ | G43: ____________________________________________
A44: TÉCNICO RESPONSÁVEL PELA INSPEÇÃO | G44: VISTO DA SUPERVISÃO
A46: RESUMO DO TRECHO — KM LANÇADO POR ITEM
A47: KM LANÇADO | F47: =SUMIF(F$9:F$41,"X",$E$9:$E$41) -> 0 | G47: =SUMIF(G$9:G$41,"X",$E$9:$E$41) -> 32.27987 | H47: =SUMIF(H$9:H$41,"X",$E$9:$E$41) -> 0 | I47: =SUMIF(I$9:I$41,"X",$E$9:$E$41) -> 0 | J47: =SUMIF(J$9:J$41,"X",$E$9:$E$41) -> 0 | K47: =SUMIF(K$9:K$41,"X",$E$9:$E$41) -> 32.27987 | L47: =SUMIF(L$9:L$41,"X",$E$9:$E$41) -> 0
A48: % DA EXTENSÃO | F48: =IF($I50=0,0,F47/$I50) -> 0 | G48: =IF($I50=0,0,G47/$I50) -> 1 | H48: =IF($I50=0,0,H47/$I50) -> 0 | I48: =IF($I50=0,0,I47/$I50) -> 0 | J48: =IF($I50=0,0,J47/$I50) -> 0 | K48: =IF($I50=0,0,K47/$I50) -> 1 | L48: =IF($I50=0,0,L47/$I50) -> 0
A49: CONFERÊNCIA POR GRUPO | F49: =IF(SUM(F47:I47)=0,"— não preenchido",IF(ROUND(SUM(F47:I47)-$I50,3)=0,"OK — "&ROUND(SUM(F47:I47),3)&" km","ERRO — dif. de "&ROUND(SUM(F47:I47)-$I50,3)&" km")) -> OK — 32,28 km | J49: =IF(SUM(J47:L47)=0,"— não preenchido",IF(ROUND(SUM(J47:L47)-$I50,3)=0,"OK — "&ROUND(SUM(J47:L47),3)&" km","ERRO — dif. de "&ROUND(SUM(J47:L47)-$I50,3)&" km")) -> OK — 32,28 km
A50: EXTENSÃO TOTAL DO TRECHO | I50: =SUM(E9:E41) -> 32.27987 | M50: =COUNTIF(N9:N41,"OK")&" de "&COUNT($E$9:$E$41)&" linhas conferidas" -> 33 de 33 linhas conferidas
A52: LEGENDA
A53: REGULAR | E53: Até 10 irregularidades por km
A54: RUIM | E54: Mais de 10 irregularidades por km
A55: PÉSSIMA | E55: Atoleiro ou ponto crítico
A56: SIT. | E56: LEN = leito natural · EOP = em obras de pavimentação
A57: FAIXA AZUL | E57: Cabeçalho de cada S.R.E.: descrição, situação, jurisdição, extensão e coordenada de início.
A58: INÍCIO / FIM (KM) | E58: Contados de 0 até o fim de CADA S.R.E. Não é o marco quilométrico da rodovia.
A59: SENT. | E59: C = crescente · D = decrescente
A60: FAIXA CINZA | E60: Segmento fora do escopo do contrato: você passa por ele, mas não preenche.
A61: CÉLULA VERMELHA | E61: Mais de uma X no mesmo grupo. Apague uma delas.
A62: CONFERÊNCIA | E62: Só na tela, não sai impresso. Fica OK com uma X em cada grupo.

Sheet LISTAS
A1: TÉCNICOS
A2: ENG. VINÍCIUS RODRIGUES FERREIRA DE OLIVEIRA
A3: LABORATORISTA CLAUDIOMIRO VIEIRA LOPES
