Workbook

Sheet RESUMO
A1: RESUMO CONSOLIDADO — REGIÃO 1 — RODOVIAS PAVIMENTADAS | V1: Valores dos gráficos — troca 0 por N/D para a fatia não aparecer. Não editar.
A2: Todos os números vêm das abas dos trechos por referência direta. Não digite nada aqui. A coluna CONFERÊNCIA acusa qualquer trecho em que a soma das marcações não fecha com a extensão. | V2: =IF(D34=0,NA(),D34) -> 406.77109 | W2: =IF(E34=0,NA(),E34) -> 69.883429 | X2: =IF(F34=0,NA(),F34) -> 83.218724 | Y2: =IF(G34=0,NA(),G34) -> 22.3621 | Z2: =IF(H34=0,NA(),H34) -> 9.2953065 | AA2: =IF(I34=0,NA(),I34) -> 62.445485 | AB2: =IF(J34=0,NA(),J34) -> 529.08517 | AC2: =IF(K34=0,NA(),K34) -> 64.682646 | ... AK2: =IF(S34=0,NA(),S34) -> 103.53129
A4: Nº TRECHO | B4: TRECHO | C4: EXTENSÃO (KM) | D4: CONDIÇÃO DO PAVIMENTO | I4: VEGETAÇÃO | K4: ELEM. DE DRENAGEM | N4: SIN. HORIZ. | Q4: SIN. VERTICAL | T4: CONFERÊNCIA
D5: BOM | E5: REM. I. | F5: REM. L. | G5: BUR. I. | H5: BUR. L. | I5: ADEQ. | J5: INAD. | K5: LIMPOS | L5: SUJOS | M5: DAN. | N5: BOM | O5: REG. | P5: INEXIST. | Q5: BOM | R5: POUCAS | S5: INEXIST.
A6: 1 | B6: RODOVIA TO-010 - TRECHO ANANÁS - ENTR. BR-230 | C6: ='1'!R32 -> 9.697707 | D6: ='1'!F29 -> 9.697707 | E6: ='1'!G29 -> 0 | F6: ='1'!H29 -> 0 | G6: ='1'!I29 -> 0 | H6: ='1'!J29 -> 0 | I6: ='1'!K29 -> 0 | J6: ='1'!L29 -> 9.697707 | K6: ='1'!M29 -> 0 | ... S6: ='1'!U29 -> 6.8309561 | T6: =IF(SUM(D6:H6)=0,"— não preenchido",IF(ROUND(SUM(D6:H6)-C6,3)=0,"OK","ERRO — dif. de "&ROUND(SUM(D6:H6)-C6,3)&" km")) -> OK
A7: 2 | B7: RODOVIA TO-010 - TRECHO ENTR. BR-230 - ARAGUATINS | C7: ='2'!R26 -> 8.6075719 | D7: ='2'!F23 -> 6.6075719 | E7: ='2'!G23 -> 0 | F7: ='2'!H23 -> 2 | G7: ='2'!I23 -> 0 | H7: ='2'!J23 -> 0 | I7: ='2'!K23 -> 4.6075719 | J7: ='2'!L23 -> 4 | K7: ='2'!M23 -> 0 | ... S7: ='2'!U23 -> 0 | T7: =IF(SUM(D7:H7)=0,"— não preenchido",IF(ROUND(SUM(D7:H7)-C7,3)=0,"OK","ERRO — dif. de "&ROUND(SUM(D7:H7)-C7,3)&" km")) -> OK
A8: 3 | B8: RODOVIA TO-010 - TRECHO ARAGUATINS - ENTR. TO-201 | C8: ='3'!R63 -> 41.607009 | D8: ='3'!F60 -> 30.607009 | E8: ='3'!G60 -> 11 | F8: ='3'!H60 -> 0 | G8: ='3'!I60 -> 0 | H8: ='3'!J60 -> 0 | I8: ='3'!K60 -> 5.8518241 | J8: ='3'!L60 -> 35.755185 | K8: ='3'!M60 -> 0 | ... S8: ='3'!U60 -> 0 | T8: =IF(SUM(D8:H8)=0,"— não preenchido",IF(ROUND(SUM(D8:H8)-C8,3)=0,"OK","ERRO — dif. de "&ROUND(SUM(D8:H8)-C8,3)&" km")) -> OK
A9: 4 | B9: RODOVIA TO-010 - TRECHO BURITI DO TOCANTINS (ENTR. TO-201) - SÃO SEBASTIÃO DO TOCANTINS | C9: ='4'!R29 -> 9.2499338 | D9: ='4'!F26 -> 5.589158 | E9: ='4'!G26 -> 3.6607758 | F9: ='4'!H26 -> 0 | G9: ='4'!I26 -> 0 | H9: ='4'!J26 -> 0 | I9: ='4'!K26 -> 0 | J9: ='4'!L26 -> 9.2499338 | K9: ='4'!M26 -> 0 | ... S9: ='4'!U26 -> 0 | T9: =IF(SUM(D9:H9)=0,"— não preenchido",IF(ROUND(SUM(D9:H9)-C9,3)=0,"OK","ERRO — dif. de "&ROUND(SUM(D9:H9)-C9,3)&" km")) -> OK
A10: 5 | B10: RODOVIA TO-126 - TRECHO TOCANTINÓPOLIS - ENTR. BR-230 (AGUIARNÓPOLIS) | C10: ='5'!R52 -> 30.23918 | D10: ='5'!F49 -> 21.142364 | E10: ='5'!G49 -> 1.2344796 | F10: ='5'!H49 -> 7.8623358 | G10: ='5'!I49 -> 0 | H10: ='5'!J49 -> 0 | I10: ='5'!K49 -> 0 | J10: ='5'!L49 -> 30.23918 | K10: ='5'!M49 -> 0 | ... S10: ='5'!U49 -> 0 | T10: =IF(SUM(D10:H10)=0,"— não preenchido",IF(ROUND(SUM(D10:H10)-C10,3)=0,"OK","ERRO — dif. de "&ROUND(SUM(D10:H10)-C10,3)&" km")) -> OK
A11: 6 | B11: RODOVIA TO-126 - TRECHO MAURILÂNDIA - TOCANTINÓPOLIS | C11: ='6'!R27 -> 8.5139277 | D11: ='6'!F24 -> 5.5139277 | E11: ='6'!G24 -> 1 | F11: ='6'!H24 -> 0 | G11: ='6'!I24 -> 2 | H11: ='6'!J24 -> 0 | I11: ='6'!K24 -> 0 | J11: ='6'!L24 -> 8.5139277 | K11: ='6'!M24 -> 0 | ... S11: ='6'!U24 -> 0 | T11: =IF(SUM(D11:H11)=0,"— não preenchido",IF(ROUND(SUM(D11:H11)-C11,3)=0,"OK","ERRO — dif. de "&ROUND(SUM(D11:H11)-C11,3)&" km")) -> OK
A12: 7 | B12: RODOVIA TO-126 - TRECHO ITAGUATINS - MAURILÂNDIA DO TOCANTINS | C12: ='7'!R40 -> 21.660088 | D12: ='7'!F37 -> 13.660088 | E12: ='7'!G37 -> 3 | F12: ='7'!H37 -> 0 | G12: ='7'!I37 -> 5 | H12: ='7'!J37 -> 0 | I12: ='7'!K37 -> 0 | J12: ='7'!L37 -> 21.660088 | K12: ='7'!M37 -> 15.660088 | ... S12: ='7'!U37 -> 0 | T12: =IF(SUM(D12:H12)=0,"— não preenchido",IF(ROUND(SUM(D12:H12)-C12,3)=0,"OK","ERRO — dif. de "&ROUND(SUM(D12:H12)-C12,3)&" km")) -> OK
A13: 8 | B13: RODOVIA TO-126 - TRECHO SÍTIO NOVO DO TOCANTINS - ITAGUATINS | C13: ='8'!R45 -> 25.376613 | D13: ='8'!F42 -> 20.376613 | E13: ='8'!G42 -> 5 | F13: ='8'!H42 -> 0 | G13: ='8'!I42 -> 0 | H13: ='8'!J42 -> 0 | I13: ='8'!K42 -> 0 | J13: ='8'!L42 -> 25.376613 | K13: ='8'!M42 -> 1.0211831 | ... S13: ='8'!U42 -> 10.35543 | T13: =IF(SUM(D13:H13)=0,"— não preenchido",IF(ROUND(SUM(D13:H13)-C13,3)=0,"OK","ERRO — dif. de "&ROUND(SUM(D13:H13)-C13,3)&" km")) -> OK
A14: 9 | B14: RODOVIA TO-126 - TRECHO SUMAUMA - SÍTIO NOVO DO TOCANTINS | C14: ='9'!R37 -> 16.674968 | D14: ='9'!F34 -> 16.674968 | E14: ='9'!G34 -> 0 | F14: ='9'!H34 -> 0 | G14: ='9'!I34 -> 0 | H14: ='9'!J34 -> 0 | I14: ='9'!K34 -> 0 | J14: ='9'!L34 -> 16.674968 | K14: ='9'!M34 -> 0 | ... S14: ='9'!U34 -> 0 | T14: =IF(SUM(D14:H14)=0,"— não preenchido",IF(ROUND(SUM(D14:H14)-C14,3)=0,"OK","ERRO — dif. de "&ROUND(SUM(D14:H14)-C14,3)&" km")) -> OK
A15: 10 | B15: RODOVIA TO-134 - TRECHO ANGICO - DARCINÓPOLIS | C15: ='10'!R64 -> 45.347802 | D15: ='10'!F61 -> 37.347802 | E15: ='10'!G61 -> 4 | F15: ='10'!H61 -> 4 | G15: ='10'!I61 -> 0 | H15: ='10'!J61 -> 0 | I15: ='10'!K61 -> 0 | J15: ='10'!L61 -> 45.347802 | K15: ='10'!M61 -> 0 | ... S15: ='10'!U61 -> 4 | T15: =IF(SUM(D15:H15)=0,"— não preenchido",IF(ROUND(SUM(D15:H15)-C15,3)=0,"OK","ERRO — dif. de "&ROUND(SUM(D15:H15)-C15,3)&" km")) -> OK
A16: 11 | B16: RODOVIA TO-134 - TRECHO LUZINÓPOLIS - ANGICO | C16: ='11'!R46 -> 24.440194 | D16: ='11'!F43 -> 12.635449 | E16: ='11'!G43 -> 0 | F16: ='11'!H43 -> 11.804745 | G16: ='11'!I43 -> 0 | H16: ='11'!J43 -> 0 | I16: ='11'!K43 -> 0 | J16: ='11'!L43 -> 24.440194 | K16: ='11'!M43 -> 0 | ... S16: ='11'!U43 -> 12.221001 | T16: =IF(SUM(D16:H16)=0,"— não preenchido",IF(ROUND(SUM(D16:H16)-C16,3)=0,"OK","ERRO — dif. de "&ROUND(SUM(D16:H16)-C16,3)&" km")) -> OK
A17: 13 | B17: RODOVIA TO-134 - TRECHO AXIXÁ DO TOCANTINS - ENTR. BR-230 | C17: ='13'!R68 -> 46.217171 | D17: ='13'!F65 -> 20.217171 | E17: ='13'!G65 -> 12 | F17: ='13'!H65 -> 14 | G17: ='13'!I65 -> 0 | H17: ='13'!J65 -> 0 | I17: ='13'!K65 -> 0 | J17: ='13'!L65 -> 46.217171 | K17: ='13'!M65 -> 0 | ... S17: ='13'!U65 -> 0 | T17: =IF(SUM(D17:H17)=0,"— não preenchido",IF(ROUND(SUM(D17:H17)-C17,3)=0,"OK","ERRO — dif. de "&ROUND(SUM(D17:H17)-C17,3)&" km")) -> OK
A18: 14 | B18: RODOVIA TO-201 - TRECHO DIV. TO-MA - SÃO MIGUEL DO TOCANTINS | C18: ='14'!R36 -> 15.910658 | D18: ='14'!F33 -> 11.910658 | E18: ='14'!G33 -> 0 | F18: ='14'!H33 -> 2 | G18: ='14'!I33 -> 2 | H18: ='14'!J33 -> 0 | I18: ='14'!K33 -> 0 | J18: ='14'!L33 -> 15.910658 | K18: ='14'!M33 -> 2.3736173 | ... S18: ='14'!U33 -> 0 | T18: =IF(SUM(D18:H18)=0,"— não preenchido",IF(ROUND(SUM(D18:H18)-C18,3)=0,"OK","ERRO — dif. de "&ROUND(SUM(D18:H18)-C18,3)&" km")) -> OK
A19: 15 | B19: RODOVIA TO-201 - TRECHO SÃO MIGUEL DO TOCANTINS - SÍTIO NOVO DO TOCANTINS | C19: ='15'!R27 -> 7.2751425 | D19: ='15'!F24 -> 5.2751425 | E19: ='15'!G24 -> 2 | F19: ='15'!H24 -> 0 | G19: ='15'!I24 -> 0 | H19: ='15'!J24 -> 0 | I19: ='15'!K24 -> 0 | J19: ='15'!L24 -> 7.2751425 | K19: ='15'!M24 -> 0 | ... S19: ='15'!U24 -> 0 | T19: =IF(SUM(D19:H19)=0,"— não preenchido",IF(ROUND(SUM(D19:H19)-C19,3)=0,"OK","ERRO — dif. de "&ROUND(SUM(D19:H19)-C19,3)&" km")) -> OK
A20: 16 | B20: RODOVIA TO-201 - TRECHO SÍTIO NOVO DO TOCANTINS - AXIXÁ DO TOCANTINS | C20: ='16'!R33 -> 14.071587 | D20: ='16'!F30 -> 12.071587 | E20: ='16'!G30 -> 2 | F20: ='16'!H30 -> 0 | G20: ='16'!I30 -> 0 | H20: ='16'!J30 -> 0 | I20: ='16'!K30 -> 0 | J20: ='16'!L30 -> 14.071587 | K20: ='16'!M30 -> 0 | ... S20: ='16'!U30 -> 0 | T20: =IF(SUM(D20:H20)=0,"— não preenchido",IF(ROUND(SUM(D20:H20)-C20,3)=0,"OK","ERRO — dif. de "&ROUND(SUM(D20:H20)-C20,3)&" km")) -> OK
A21: 17 | B21: RODOVIA TO-201 - TRECHO AXIXÁ DO TOCANTINS - AUGUSTINÓPOLIS | C21: ='17'!R39 -> 20.068317 | D21: ='17'!F36 -> 0 | E21: ='17'!G36 -> 0 | F21: ='17'!H36 -> 20.068317 | G21: ='17'!I36 -> 0 | H21: ='17'!J36 -> 0 | I21: ='17'!K36 -> 20.068317 | J21: ='17'!L36 -> 0 | K21: ='17'!M36 -> 20.068317 | ... S21: ='17'!U36 -> 0 | T21: =IF(SUM(D21:H21)=0,"— não preenchido",IF(ROUND(SUM(D21:H21)-C21,3)=0,"OK","ERRO — dif. de "&ROUND(SUM(D21:H21)-C21,3)&" km")) -> OK
A22: 18 | B22: RODOVIA TO-201 - TRECHO AUGUSTINÓPOLIS - BURITI DO TOCANTINS | C22: ='18'!R65 -> 40.314887 | D22: ='18'!F62 -> 37.314887 | E22: ='18'!G62 -> 3 | F22: ='18'!H62 -> 0 | G22: ='18'!I62 -> 0 | H22: ='18'!J62 -> 0 | I22: ='18'!K62 -> 0 | J22: ='18'!L62 -> 40.314887 | K22: ='18'!M62 -> 24.039445 | ... S22: ='18'!U62 -> 0 | T22: =IF(SUM(D22:H22)=0,"— não preenchido",IF(ROUND(SUM(D22:H22)-C22,3)=0,"OK","ERRO — dif. de "&ROUND(SUM(D22:H22)-C22,3)&" km")) -> OK
A23: 19 | B23: RODOVIA TO-201 - TRECHO BURITI DO TOCANTINS - ESPERANTINA | C23: ='19'!R67 -> 43.104487 | D23: ='19'!F64 -> 39.484898 | E23: ='19'!G64 -> 3.6195886 | F23: ='19'!H64 -> 0 | G23: ='19'!I64 -> 0 | H23: ='19'!J64 -> 0 | I23: ='19'!K64 -> 0 | J23: ='19'!L64 -> 43.104487 | K23: ='19'!M64 -> 0 | ... S23: ='19'!U64 -> 34.484898 | T23: =IF(SUM(D23:H23)=0,"— não preenchido",IF(ROUND(SUM(D23:H23)-C23,3)=0,"OK","ERRO — dif. de "&ROUND(SUM(D23:H23)-C23,3)&" km")) -> OK
A24: 23 | B24: RODOVIA TO-210 - TRECHO ANGICO - ANANÁS | C24: ='23'!R46 -> 26.530277 | D24: ='23'!F43 -> 16.184972 | E24: ='23'!G43 -> 6.3453045 | F24: ='23'!H43 -> 0 | G24: ='23'!I43 -> 2 | H24: ='23'!J43 -> 2 | I24: ='23'!K43 -> 0 | J24: ='23'!L43 -> 26.530277 | K24: ='23'!M43 -> 0 | ... S24: ='23'!U43 -> 26.530277 | T24: =IF(SUM(D24:H24)=0,"— não preenchido",IF(ROUND(SUM(D24:H24)-C24,3)=0,"OK","ERRO — dif. de "&ROUND(SUM(D24:H24)-C24,3)&" km")) -> OK
A25: 24 | B25: RODOVIA TO-210 - TRECHO NAZARÉ - ENTR. TO-134 (POVOADO GROTÃO DE NAZARÉ) | C25: ='24'!R52 -> 25.447539 | D25: ='24'!F49 -> 4.6394745 | E25: ='24'!G49 -> 2 | F25: ='24'!H49 -> 9.1506575 | G25: ='24'!I49 -> 2.3621002 | H25: ='24'!J49 -> 7.2953065 | I25: ='24'!K49 -> 0 | J25: ='24'!L49 -> 25.447539 | K25: ='24'!M49 -> 0 | ... S25: ='24'!U49 -> 0 | T25: =IF(SUM(D25:H25)=0,"— não preenchido",IF(ROUND(SUM(D25:H25)-C25,3)=0,"OK","ERRO — dif. de "&ROUND(SUM(D25:H25)-C25,3)&" km")) -> OK
A26: 25 | B26: RODOVIA TO-210 - TRECHO TOCANTINÓPOLIS - NAZARÉ | C26: ='25'!R39 -> 16.825508 | D26: ='25'!F36 -> 12.825508 | E26: ='25'!G36 -> 3 | F26: ='25'!H36 -> 0 | G26: ='25'!I36 -> 1 | H26: ='25'!J36 -> 0 | I26: ='25'!K36 -> 0 | J26: ='25'!L36 -> 16.825508 | K26: ='25'!M36 -> 1.5199948 | ... S26: ='25'!U36 -> 0 | T26: =IF(SUM(D26:H26)=0,"— não preenchido",IF(ROUND(SUM(D26:H26)-C26,3)=0,"OK","ERRO — dif. de "&ROUND(SUM(D26:H26)-C26,3)&" km")) -> OK
A27: 28 | B27: RODOVIA TO-403 - TRECHO SAMPAIO - ENTR. TO-404 (ITAÚBA) | C27: ='28'!R28 -> 9.4504956 | D27: ='28'!F25 -> 9.4504956 | E27: ='28'!G25 -> 0 | F27: ='28'!H25 -> 0 | G27: ='28'!I25 -> 0 | H27: ='28'!J25 -> 0 | I27: ='28'!K25 -> 0 | J27: ='28'!L25 -> 9.4504956 | K27: ='28'!M25 -> 0 | ... S27: ='28'!U25 -> 0 | T27: =IF(SUM(D27:H27)=0,"— não preenchido",IF(ROUND(SUM(D27:H27)-C27,3)=0,"OK","ERRO — dif. de "&ROUND(SUM(D27:H27)-C27,3)&" km")) -> OK
A28: 29 | B28: RODOVIA TO-404 - TRECHO AUGUSTINÓPOLIS - ENTR. TO-010 (POVOADO MATA VELHA) | C28: ='29'!R47 -> 25.842845 | D28: ='29'!F44 -> 13.510177 | E28: ='29'!G44 -> 0 | F28: ='29'!H44 -> 12.332668 | G28: ='29'!I44 -> 0 | H28: ='29'!J44 -> 0 | I28: ='29'!K44 -> 25.842845 | J28: ='29'!L44 -> 0 | K28: ='29'!M44 -> 0 | ... S28: ='29'!U44 -> 0 | T28: =IF(SUM(D28:H28)=0,"— não preenchido",IF(ROUND(SUM(D28:H28)-C28,3)=0,"OK","ERRO — dif. de "&ROUND(SUM(D28:H28)-C28,3)&" km")) -> OK
A29: 30 | B29: RODOVIA TO-404 - TRECHO AUGUSTINÓPOLIS - PRAIA NORTE | C29: ='30'!R32 -> 12.103765 | D29: ='30'!F29 -> 7.1037646 | E29: ='30'!G29 -> 0 | F29: ='30'!H29 -> 0 | G29: ='30'!I29 -> 5 | H29: ='30'!J29 -> 0 | I29: ='30'!K29 -> 6.0749263 | J29: ='30'!L29 -> 6.0288383 | K29: ='30'!M29 -> 0 | ... S29: ='30'!U29 -> 0 | T29: =IF(SUM(D29:H29)=0,"— não preenchido",IF(ROUND(SUM(D29:H29)-C29,3)=0,"OK","ERRO — dif. de "&ROUND(SUM(D29:H29)-C29,3)&" km")) -> OK
A30: 32 | B30: RODOVIA TO-407 - TRECHO CARRASCO BONITO - ENTR. TO-201 (POVOADO CENTRO DOS FIRMINOS) | C30: ='32'!R25 -> 7.687745 | D30: ='32'!F22 -> 7.687745 | E30: ='32'!G22 -> 0 | F30: ='32'!H22 -> 0 | G30: ='32'!I22 -> 0 | H30: ='32'!J22 -> 0 | I30: ='32'!K22 -> 0 | J30: ='32'!L22 -> 7.687745 | K30: ='32'!M22 -> 0 | ... S30: ='32'!U22 -> 0 | T30: =IF(SUM(D30:H30)=0,"— não preenchido",IF(ROUND(SUM(D30:H30)-C30,3)=0,"OK","ERRO — dif. de "&ROUND(SUM(D30:H30)-C30,3)&" km")) -> OK
A31: 35 | B31: RODOVIA TO-415 - TRECHO SANTA TEREZINHA DO TOCANTINS - PALMEIRAS DO TOCANTINS | C31: ='35'!R44 -> 24.997735 | D31: ='35'!F41 -> 21.997735 | E31: ='35'!G41 -> 0 | F31: ='35'!H41 -> 0 | G31: ='35'!I41 -> 3 | H31: ='35'!J41 -> 0 | I31: ='35'!K41 -> 0 | J31: ='35'!L41 -> 24.997735 | K31: ='35'!M41 -> 0 | ... S31: ='35'!U41 -> 1.0854501 | T31: =IF(SUM(D31:H31)=0,"— não preenchido",IF(ROUND(SUM(D31:H31)-C31,3)=0,"OK","ERRO — dif. de "&ROUND(SUM(D31:H31)-C31,3)&" km")) -> OK
A32: 36 | B32: RODOVIA TO-415 - TRECHO NAZARÉ - SANTA TEREZINHA DO TOCANTINS | C32: ='36'!R25 -> 6.2442193 | D32: ='36'!F22 -> 6.2442193 | E32: ='36'!G22 -> 0 | F32: ='36'!H22 -> 0 | G32: ='36'!I22 -> 0 | H32: ='36'!J22 -> 0 | I32: ='36'!K22 -> 0 | J32: ='36'!L22 -> 6.2442193 | K32: ='36'!M22 -> 0 | ... S32: ='36'!U22 -> 0 | T32: =IF(SUM(D32:H32)=0,"— não preenchido",IF(ROUND(SUM(D32:H32)-C32,3)=0,"OK","ERRO — dif. de "&ROUND(SUM(D32:H32)-C32,3)&" km")) -> OK
A33: 38 | B33: RODOVIA TO-416 - TRECHO ANANÁS - ENTR. TO-010 | C33: ='38'!R27 -> 8.0232806 | D33: ='38'!F24 -> 1 | E33: ='38'!G24 -> 7.0232806 | F33: ='38'!H24 -> 0 | G33: ='38'!I24 -> 0 | H33: ='38'!J24 -> 0 | I33: ='38'!K24 -> 0 | J33: ='38'!L24 -> 8.0232806 | K33: ='38'!M24 -> 0 | ... S33: ='38'!U24 -> 8.0232806 | T33: =IF(SUM(D33:H33)=0,"— não preenchido",IF(ROUND(SUM(D33:H33)-C33,3)=0,"OK","ERRO — dif. de "&ROUND(SUM(D33:H33)-C33,3)&" km")) -> OK
B34: TOTAL PERCORRIDO NO MÊS | C34: =SUM(C6:C33) -> 591.53065 | D34: =SUM(D6:D33) -> 406.77109 | E34: =SUM(E6:E33) -> 69.883429 | F34: =SUM(F6:F33) -> 83.218724 | G34: =SUM(G6:G33) -> 22.3621 | H34: =SUM(H6:H33) -> 9.2953065 | I34: =SUM(I6:I33) -> 62.445485 | J34: =SUM(J6:J33) -> 529.08517 | ... S34: =SUM(S6:S33) -> 103.53129
B35: % DA EXTENSÃO DA MALHA (591.53 km) | D35: =SUM(D34:H34)/591.53 -> 1.0000011 | I35: (soma do grupo 'CONDIÇÃO DO PAVIMENTO' dividida pela malha)

Sheet 1
A1: PROGRAMA DE MANUTENÇÃO RODOVIÁRIA — FICHA DE INSPEÇÃO — RODOVIAS PAVIMENTADAS | Y1: Valores dos gráficos — troca 0 por N/D para a fatia não aparecer. Não editar.
A2: REGIÃO: 1 — TOCANTINÓPOLIS | G2: MÊS / ANO: | I2: 46266 | K2: DATA: | P2: TÉCNICO: | R2: ENG. VINICIUS RODRIGUES FERREIRA DE OLIVEIRA | Y2: =IF(F29=0,NA(),F29) -> 9.697707 | Z2: =IF(G29=0,NA(),G29) -> #N/A | AA2: =IF(H29=0,NA(),H29) -> #N/A | AB2: =IF(I29=0,NA(),I29) -> #N/A | AC2: =IF(J29=0,NA(),J29) -> #N/A | AD2: =IF(K29=0,NA(),K29) -> #N/A | AE2: =IF(L29=0,NA(),L29) -> 9.697707 | AF2: =IF(M29=0,NA(),M29) -> #N/A | ... AN2: =IF(U29=0,NA(),U29) -> 6.8309561
A3: TRECHO 1 — RODOVIA TO-010 - TRECHO ANANÁS - ENTR. BR-230 | T3: EXTENSÃO: 9,698 km · 5 S.R.E.
A4: COMO PREENCHER: uma X em UMA coluna de cada grupo, por linha. Se houver mais de um defeito no mesmo km, marque o PREDOMINANTE e escreva o resto em OBSERVAÇÕES. A quilometragem é contada de 0 até o fim de CADA S.R.E. (não é o marco da rodovia).
A6: S.R.E. | B6: SENT. | C6: INÍCIO (KM) | D6: FIM (KM) | E6: EXT. (KM) | F6: CONDIÇÃO DO PAVIMENTO | K6: VEGETAÇÃO | M6: ELEM. DE DRENAGEM | P6: SIN. HORIZ. | S6: SIN. VERTICAL | V6: OBSERVAÇÕES | W6: CONFERÊNCIA (só na tela)
F7: BOM | G7: REM. I. | H7: REM. L. | I7: BUR. I. | J7: BUR. L. | K7: ADEQ. | L7: INAD. | M7: LIMPOS | N7: SUJOS | O7: DAN. | P7: BOM | Q7: REG. | R7: INEXIST. | S7: BOM | T7: POUCAS | U7: INEXIST.
A8: S.R.E. 010ETO0511 | ANANÁS *TRECHO URBANO* | PSU · Municipal · 0.877 km · sem coordenada no shape
A9: 010ETO0511 | B9: C | C9: 0 | D9: 0.87749259 | E9: =D9-C9 -> 0.87749259 | F9: X | L9: X | N9: X | R9: X | T9: X | W9: =IF(COUNTA(F9:U9)=0,"— não preenchido",IF(COUNTIF(F9:J9,"X")<>1,"FALTA/DUPLA: CONDIÇÃO DO PAVIMENTO",IF(COUNTIF(K9:L9,"X")<>1,"FALTA/DUPLA: VEGETAÇÃO",IF(COUNTIF(M9:O9,"X")<>1,"FALTA/DUPLA: ELEM. DE DRENAGEM",IF(COUNTIF(P9:R9,"X")<>1,"FALTA/DUPLA: SIN. HORIZ.",IF(COUNTIF(S9:U9,"X")<>1,"FALTA/DUPLA: SIN. VERTICAL","OK")))))) -> OK
A10: S.R.E. 010ETO0512D | ANANÁS *TRECHO URBANO* (código antigo: 010ETO0512) | PSU · Municipal · 1.989 km · início: -6.372561, -48.068896
A11: 010ETO0512D | B11: C | C11: 0 | D11: 1 | E11: =D11-C11 -> 1 | F11: X | L11: X | N11: X | R11: X | T11: X | W11: =IF(COUNTA(F11:U11)=0,"— não preenchido",IF(COUNTIF(F11:J11,"X")<>1,"FALTA/DUPLA: CONDIÇÃO DO PAVIMENTO",IF(COUNTIF(K11:L11,"X")<>1,"FALTA/DUPLA: VEGETAÇÃO",IF(COUNTIF(M11:O11,"X")<>1,"FALTA/DUPLA: ELEM. DE DRENAGEM",IF(COUNTIF(P11:R11,"X")<>1,"FALTA/DUPLA: SIN. HORIZ.",IF(COUNTIF(S11:U11,"X")<>1,"FALTA/DUPLA: SIN. VERTICAL","OK")))))) -> OK
A12: 010ETO0512D | B12: C | C12: 1 | D12: 1.9892583 | E12: =D12-C12 -> 0.98925833 | F12: X | L12: X | N12: X | R12: X | T12: X | W12: =IF(COUNTA(F12:U12)=0,"— não preenchido",IF(COUNTIF(F12:J12,"X")<>1,"FALTA/DUPLA: CONDIÇÃO DO PAVIMENTO",IF(COUNTIF(K12:L12,"X")<>1,"FALTA/DUPLA: VEGETAÇÃO",IF(COUNTIF(M12:O12,"X")<>1,"FALTA/DUPLA: ELEM. DE DRENAGEM",IF(COUNTIF(P12:R12,"X")<>1,"FALTA/DUPLA: SIN. HORIZ.",IF(COUNTIF(S12:U12,"X")<>1,"FALTA/DUPLA: SIN. VERTICAL","OK")))))) -> OK
A13: S.R.E. 010ETO0540 | ANANÁS *TRECHO URBANO* - ENTR. TO-414(TAPUIO) | PPS · Estadual · 3.810 km · início: -6.358384, -48.076141
A14: 010ETO0540 | B14: C | C14: 0 | D14: 1 | E14: =D14-C14 -> 1 | F14: X | L14: X | O14: x | R14: X | U14: X | W14: =IF(COUNTA(F14:U14)=0,"— não preenchido",IF(COUNTIF(F14:J14,"X")<>1,"FALTA/DUPLA: CONDIÇÃO DO PAVIMENTO",IF(COUNTIF(K14:L14,"X")<>1,"FALTA/DUPLA: VEGETAÇÃO",IF(COUNTIF(M14:O14,"X")<>1,"FALTA/DUPLA: ELEM. DE DRENAGEM",IF(COUNTIF(P14:R14,"X")<>1,"FALTA/DUPLA: SIN. HORIZ.",IF(COUNTIF(S14:U14,"X")<>1,"FALTA/DUPLA: SIN. VERTICAL","OK")))))) -> OK
A15: 010ETO0540 | B15: C | C15: 1 | D15: 2 | E15: =D15-C15 -> 1 | F15: X | L15: X | O15: x | R15: X | U15: X | W15: =IF(COUNTA(F15:U15)=0,"— não preenchido",IF(COUNTIF(F15:J15,"X")<>1,"FALTA/DUPLA: CONDIÇÃO DO PAVIMENTO",IF(COUNTIF(K15:L15,"X")<>1,"FALTA/DUPLA: VEGETAÇÃO",IF(COUNTIF(M15:O15,"X")<>1,"FALTA/DUPLA: ELEM. DE DRENAGEM",IF(COUNTIF(P15:R15,"X")<>1,"FALTA/DUPLA: SIN. HORIZ.",IF(COUNTIF(S15:U15,"X")<>1,"FALTA/DUPLA: SIN. VERTICAL","OK")))))) -> OK
A16: 010ETO0540 | B16: C | C16: 2 | D16: 3 | E16: =D16-C16 -> 1 | F16: X | L16: X | O16: x | R16: X | U16: X | W16: =IF(COUNTA(F16:U16)=0,"— não preenchido",IF(COUNTIF(F16:J16,"X")<>1,"FALTA/DUPLA: CONDIÇÃO DO PAVIMENTO",IF(COUNTIF(K16:L16,"X")<>1,"FALTA/DUPLA: VEGETAÇÃO",IF(COUNTIF(M16:O16,"X")<>1,"FALTA/DUPLA: ELEM. DE DRENAGEM",IF(COUNTIF(P16:R16,"X")<>1,"FALTA/DUPLA: SIN. HORIZ.",IF(COUNTIF(S16:U16,"X")<>1,"FALTA/DUPLA: SIN. VERTICAL","OK")))))) -> OK
A17: 010ETO0540 | B17: C | C17: 3 | D17: 3.8103285 | E17: =D17-C17 -> 0.81032849 | F17: X | L17: X | O17: x | R17: X | U17: X | W17: =IF(COUNTA(F17:U17)=0,"— não preenchido",IF(COUNTIF(F17:J17,"X")<>1,"FALTA/DUPLA: CONDIÇÃO DO PAVIMENTO",IF(COUNTIF(K17:L17,"X")<>1,"FALTA/DUPLA: VEGETAÇÃO",IF(COUNTIF(M17:O17,"X")<>1,"FALTA/DUPLA: ELEM. DE DRENAGEM",IF(COUNTIF(P17:R17,"X")<>1,"FALTA/DUPLA: SIN. HORIZ.",IF(COUNTIF(S17:U17,"X")<>1,"FALTA/DUPLA: SIN. VERTICAL","OK")))))) -> OK
A18: S.R.E. 010ETO0550 | ENTR. TO-414 (TAPUIO) - ENTR. TO-210 | PPS · Estadual · 1.665 km · início: -6.325908, -48.089781
A19: 010ETO0550 | B19: C | C19: 0 | D19: 1 | E19: =D19-C19 -> 1 | F19: x | L19: X | O19: x | R19: X | U19: X | W19: =IF(COUNTA(F19:U19)=0,"— não preenchido",IF(COUNTIF(F19:J19,"X")<>1,"FALTA/DUPLA: CONDIÇÃO DO PAVIMENTO",IF(COUNTIF(K19:L19,"X")<>1,"FALTA/DUPLA: VEGETAÇÃO",IF(COUNTIF(M19:O19,"X")<>1,"FALTA/DUPLA: ELEM. DE DRENAGEM",IF(COUNTIF(P19:R19,"X")<>1,"FALTA/DUPLA: SIN. HORIZ.",IF(COUNTIF(S19:U19,"X")<>1,"FALTA/DUPLA: SIN. VERTICAL","OK")))))) -> OK
A20: 010ETO0550 | B20: C | C20: 1 | D20: 1.6653951 | E20: =D20-C20 -> 0.6653951 | F20: x | L20: X | O20: x | R20: X | U20: X | W20: =IF(COUNTA(F20:U20)=0,"— não preenchido",IF(COUNTIF(F20:J20,"X")<>1,"FALTA/DUPLA: CONDIÇÃO DO PAVIMENTO",IF(COUNTIF(K20:L20,"X")<>1,"FALTA/DUPLA: VEGETAÇÃO",IF(COUNTIF(M20:O20,"X")<>1,"FALTA/DUPLA: ELEM. DE DRENAGEM",IF(COUNTIF(P20:R20,"X")<>1,"FALTA/DUPLA: SIN. HORIZ.",IF(COUNTIF(S20:U20,"X")<>1,"FALTA/DUPLA: SIN. VERTICAL","OK")))))) -> OK
A21: S.R.E. 010ETO0555 | ENTR. TO-210 - FIM PAVIMENTACAO | PPS · Estadual · 1.355 km · início: -6.314958, -48.096642
A22: 010ETO0555 | B22: C | C22: 0 | D22: 1 | E22: =D22-C22 -> 1 | F22: X | L22: X | O22: X | R22: X | U22: X | W22: =IF(COUNTA(F22:U22)=0,"— não preenchido",IF(COUNTIF(F22:J22,"X")<>1,"FALTA/DUPLA: CONDIÇÃO DO PAVIMENTO",IF(COUNTIF(K22:L22,"X")<>1,"FALTA/DUPLA: VEGETAÇÃO",IF(COUNTIF(M22:O22,"X")<>1,"FALTA/DUPLA: ELEM. DE DRENAGEM",IF(COUNTIF(P22:R22,"X")<>1,"FALTA/DUPLA: SIN. HORIZ.",IF(COUNTIF(S22:U22,"X")<>1,"FALTA/DUPLA: SIN. VERTICAL","OK")))))) -> OK
A23: 010ETO0555 | B23: C | C23: 1 | D23: 1.3552325 | E23: =D23-C23 -> 0.35523247 | F23: X | L23: X | O23: X | R23: X | U23: X | W23: =IF(COUNTA(F23:U23)=0,"— não preenchido",IF(COUNTIF(F23:J23,"X")<>1,"FALTA/DUPLA: CONDIÇÃO DO PAVIMENTO",IF(COUNTIF(K23:L23,"X")<>1,"FALTA/DUPLA: VEGETAÇÃO",IF(COUNTIF(M23:O23,"X")<>1,"FALTA/DUPLA: ELEM. DE DRENAGEM",IF(COUNTIF(P23:R23,"X")<>1,"FALTA/DUPLA: SIN. HORIZ.",IF(COUNTIF(S23:U23,"X")<>1,"FALTA/DUPLA: SIN. VERTICAL","OK")))))) -> OK
A25: ____________________________________________ | G25: ____________________________________________
A26: TÉCNICO RESPONSÁVEL PELA INSPEÇÃO | G26: VISTO DA SUPERVISÃO
A28: RESUMO DO TRECHO — KM LANÇADO POR ITEM
A29: KM LANÇADO | F29: =SUMIF(F$9:F$23,"X",$E$9:$E$23) -> 9.697707 | G29: =SUMIF(G$9:G$23,"X",$E$9:$E$23) -> 0 | H29: =SUMIF(H$9:H$23,"X",$E$9:$E$23) -> 0 | I29: =SUMIF(I$9:I$23,"X",$E$9:$E$23) -> 0 | J29: =SUMIF(J$9:J$23,"X",$E$9:$E$23) -> 0 | K29: =SUMIF(K$9:K$23,"X",$E$9:$E$23) -> 0 | L29: =SUMIF(L$9:L$23,"X",$E$9:$E$23) -> 9.697707 | M29: =SUMIF(M$9:M$23,"X",$E$9:$E$23) -> 0 | ... U29: =SUMIF(U$9:U$23,"X",$E$9:$E$23) -> 6.8309561
A30: % DA EXTENSÃO | F30: =IF($R32=0,0,F29/$R32) -> 1 | G30: =IF($R32=0,0,G29/$R32) -> 0 | H30: =IF($R32=0,0,H29/$R32) -> 0 | I30: =IF($R32=0,0,I29/$R32) -> 0 | J30: =IF($R32=0,0,J29/$R32) -> 0 | K30: =IF($R32=0,0,K29/$R32) -> 0 | L30: =IF($R32=0,0,L29/$R32) -> 1 | M30: =IF($R32=0,0,M29/$R32) -> 0 | ... U30: =IF($R32=0,0,U29/$R32) -> 0.70438879
A31: CONFERÊNCIA POR GRUPO | F31: =IF(SUM(F29:J29)=0,"— não preenchido",IF(ROUND(SUM(F29:J29)-$R32,3)=0,"OK — "&ROUND(SUM(F29:J29),3)&" km","ERRO — dif. de "&ROUND(SUM(F29:J29)-$R32,3)&" km")) -> OK — 9,698 km | K31: =IF(SUM(K29:L29)=0,"— não preenchido",IF(ROUND(SUM(K29:L29)-$R32,3)=0,"OK — "&ROUND(SUM(K29:L29),3)&" km","ERRO — dif. de "&ROUND(SUM(K29:L29)-$R32,3)&" km")) -> OK — 9,698 km | M31: =IF(SUM(M29:O29)=0,"— não preenchido",IF(ROUND(SUM(M29:O29)-$R32,3)=0,"OK — "&ROUND(SUM(M29:O29),3)&" km","ERRO — dif. de "&ROUND(SUM(M29:O29)-$R32,3)&" km")) -> OK — 9,698 km | P31: =IF(SUM(P29:R29)=0,"— não preenchido",IF(ROUND(SUM(P29:R29)-$R32,3)=0,"OK — "&ROUND(SUM(P29:R29),3)&" km","ERRO — dif. de "&ROUND(SUM(P29:R29)-$R32,3)&" km")) -> OK — 9,698 km | S31: =IF(SUM(S29:U29)=0,"— não preenchido",IF(ROUND(SUM(S29:U29)-$R32,3)=0,"OK — "&ROUND(SUM(S29:U29),3)&" km","ERRO — dif. de "&ROUND(SUM(S29:U29)-$R32,3)&" km")) -> OK — 9,698 km
A32: EXTENSÃO TOTAL DO TRECHO | R32: =SUM(E9:E23) -> 9.697707 | V32: =COUNTIF(W9:W23,"OK")&" de "&COUNT($E$9:$E$23)&" linhas conferidas" -> 11 de 11 linhas conferidas
A34: LEGENDA
A35: REM. I. / REM. L. | E35: Remendos isolados (até 10 por km) · Remendos ao longo (mais de 10 por km)
A36: BUR. I. / BUR. L. | E36: Buracos isolados (até 5 por km) · Buracos ao longo (mais de 5 por km)
A37: SIT. | E37: PPS = pista simples · PSU = simples urbana · PDU = duplicada
A38: FAIXA AZUL | E38: Cabeçalho de cada S.R.E.: descrição, situação, jurisdição, extensão e coordenada de início.
A39: INÍCIO / FIM (KM) | E39: Contados de 0 até o fim de CADA S.R.E. Não é o marco quilométrico da rodovia.
A40: SENT. | E40: C = crescente · D = decrescente
A41: FAIXA CINZA | E41: Segmento fora do escopo do contrato: você passa por ele, mas não preenche.
A42: CÉLULA VERMELHA | E42: Mais de uma X no mesmo grupo. Apague uma delas.
A43: CONFERÊNCIA | E43: Só na tela, não sai impresso. Fica OK com uma X em cada grupo.

Sheet 2
A1: PROGRAMA DE MANUTENÇÃO RODOVIÁRIA — FICHA DE INSPEÇÃO — RODOVIAS PAVIMENTADAS | Y1: Valores dos gráficos — troca 0 por N/D para a fatia não aparecer. Não editar.
A2: REGIÃO: 1 — TOCANTINÓPOLIS | G2: MÊS / ANO: | I2: =IF('1'!I2="","",'1'!I2) -> 46266 | K2: DATA: | N2: =IF('1'!N2="","",'1'!N2) | P2: TÉCNICO: | R2: ENG. VINICIUS RODRIGUES FERREIRA DE OLIVEIRA | Y2: =IF(F23=0,NA(),F23) -> 6.6075719 | Z2: =IF(G23=0,NA(),G23) -> #N/A | AA2: =IF(H23=0,NA(),H23) -> 2 | AB2: =IF(I23=0,NA(),I23) -> #N/A | AC2: =IF(J23=0,NA(),J23) -> #N/A | AD2: =IF(K23=0,NA(),K23) -> 4.6075719 | AE2: =IF(L23=0,NA(),L23) -> 4 | AF2: =IF(M23=0,NA(),M23) -> #N/A | ... AN2: =IF(U23=0,NA(),U23) -> #N/A
A3: TRECHO 2 — RODOVIA TO-010 - TRECHO ENTR. BR-230 - ARAGUATINS | T3: EXTENSÃO: 8,608 km · 1 S.R.E.
A4: COMO PREENCHER: uma X em UMA coluna de cada grupo, por linha. Se houver mais de um defeito no mesmo km, marque o PREDOMINANTE e escreva o resto em OBSERVAÇÕES. A quilometragem é contada de 0 até o fim de CADA S.R.E. (não é o marco da rodovia).
A6: S.R.E. | B6: SENT. | C6: INÍCIO (KM) | D6: FIM (KM) | E6: EXT. (KM) | F6: CONDIÇÃO DO PAVIMENTO | K6: VEGETAÇÃO | M6: ELEM. DE DRENAGEM | P6: SIN. HORIZ. | S6: SIN. VERTICAL | V6: OBSERVAÇÕES | W6: CONFERÊNCIA (só na tela)
F7: BOM | G7: REM. I. | H7: REM. L. | I7: BUR. I. | J7: BUR. L. | K7: ADEQ. | L7: INAD. | M7: LIMPOS | N7: SUJOS | O7: DAN. | P7: BOM | Q7: REG. | R7: INEXIST. | S7: BOM | T7: POUCAS | U7: INEXIST.
A8: S.R.E. 010ETO0640 | TRANSARAGUAIA (BR-230) - ARAGUATINS | PPS · Estadual · 8.608 km · início: -5.717331, -48.146858
A9: 010ETO0640 | B9: C | C9: 0 | D9: 1 | E9: =D9-C9 -> 1 | F9: X | K9: X | N9: X | Q9: X | T9: X | W9: =IF(COUNTA(F9:U9)=0,"— não preenchido",IF(COUNTIF(F9:J9,"X")<>1,"FALTA/DUPLA: CONDIÇÃO DO PAVIMENTO",IF(COUNTIF(K9:L9,"X")<>1,"FALTA/DUPLA: VEGETAÇÃO",IF(COUNTIF(M9:O9,"X")<>1,"FALTA/DUPLA: ELEM. DE DRENAGEM",IF(COUNTIF(P9:R9,"X")<>1,"FALTA/DUPLA: SIN. HORIZ.",IF(COUNTIF(S9:U9,"X")<>1,"FALTA/DUPLA: SIN. VERTICAL","OK")))))) -> OK
A10: 010ETO0640 | B10: C | C10: 1 | D10: 2 | E10: =D10-C10 -> 1 | F10: X | K10: X | N10: X | Q10: X | T10: X | W10: =IF(COUNTA(F10:U10)=0,"— não preenchido",IF(COUNTIF(F10:J10,"X")<>1,"FALTA/DUPLA: CONDIÇÃO DO PAVIMENTO",IF(COUNTIF(K10:L10,"X")<>1,"FALTA/DUPLA: VEGETAÇÃO",IF(COUNTIF(M10:O10,"X")<>1,"FALTA/DUPLA: ELEM. DE DRENAGEM",IF(COUNTIF(P10:R10,"X")<>1,"FALTA/DUPLA: SIN. HORIZ.",IF(COUNTIF(S10:U10,"X")<>1,"FALTA/DUPLA: SIN. VERTICAL","OK")))))) -> OK
A11: 010ETO0640 | B11: C | C11: 2 | D11: 3 | E11: =D11-C11 -> 1 | F11: X | L11: X | N11: X | R11: X | T11: X | W11: =IF(COUNTA(F11:U11)=0,"— não preenchido",IF(COUNTIF(F11:J11,"X")<>1,"FALTA/DUPLA: CONDIÇÃO DO PAVIMENTO",IF(COUNTIF(K11:L11,"X")<>1,"FALTA/DUPLA: VEGETAÇÃO",IF(COUNTIF(M11:O11,"X")<>1,"FALTA/DUPLA: ELEM. DE DRENAGEM",IF(COUNTIF(P11:R11,"X")<>1,"FALTA/DUPLA: SIN. HORIZ.",IF(COUNTIF(S11:U11,"X")<>1,"FALTA/DUPLA: SIN. VERTICAL","OK")))))) -> OK
A12: 010ETO0640 | B12: C | C12: 3 | D12: 4 | E12: =D12-C12 -> 1 | F12: X | K12: X | N12: X | R12: X | T12: X | W12: =IF(COUNTA(F12:U12)=0,"— não preenchido",IF(COUNTIF(F12:J12,"X")<>1,"FALTA/DUPLA: CONDIÇÃO DO PAVIMENTO",IF(COUNTIF(K12:L12,"X")<>1,"FALTA/DUPLA: VEGETAÇÃO",IF(COUNTIF(M12:O12,"X")<>1,"FALTA/DUPLA: ELEM. DE DRENAGEM",IF(COUNTIF(P12:R12,"X")<>1,"FALTA/DUPLA: SIN. HORIZ.",IF(COUNTIF(S12:U12,"X")<>1,"FALTA/DUPLA: SIN. VERTICAL","OK")))))) -> OK
A13: 010ETO0640 | B13: C | C13: 4 | D13: 5 | E13: =D13-C13 -> 1 | F13: X | L13: X | N13: X | Q13: X | T13: X | W13: =IF(COUNTA(F13:U13)=0,"— não preenchido",IF(COUNTIF(F13:J13,"X")<>1,"FALTA/DUPLA: CONDIÇÃO DO PAVIMENTO",IF(COUNTIF(K13:L13,"X")<>1,"FALTA/DUPLA: VEGETAÇÃO",IF(COUNTIF(M13:O13,"X")<>1,"FALTA/DUPLA: ELEM. DE DRENAGEM",IF(COUNTIF(P13:R13,"X")<>1,"FALTA/DUPLA: SIN. HORIZ.",IF(COUNTIF(S13:U13,"X")<>1,"FALTA/DUPLA: SIN. VERTICAL","OK")))))) -> OK
A14: 010ETO0640 | B14: C | C14: 5 | D14: 6 | E14: =D14-C14 -> 1 | F14: X | L14: X | N14: X | Q14: X | T14: X | W14: =IF(COUNTA(F14:U14)=0,"— não preenchido",IF(COUNTIF(F14:J14,"X")<>1,"FALTA/DUPLA: CONDIÇÃO DO PAVIMENTO",IF(COUNTIF(K14:L14,"X")<>1,"FALTA/DUPLA: VEGETAÇÃO",IF(COUNTIF(M14:O14,"X")<>1,"FALTA/DUPLA: ELEM. DE DRENAGEM",IF(COUNTIF(P14:R14,"X")<>1,"FALTA/DUPLA: SIN. HORIZ.",IF(COUNTIF(S14:U14,"X")<>1,"FALTA/DUPLA: SIN. VERTICAL","OK")))))) -> OK
A15: 010ETO0640 | B15: C | C15: 6 | D15: 7 | E15: =D15-C15 -> 1 | H15: X | L15: X | N15: X | R15: X | T15: X | W15: =IF(COUNTA(F15:U15)=0,"— não preenchido",IF(COUNTIF(F15:J15,"X")<>1,"FALTA/DUPLA: CONDIÇÃO DO PAVIMENTO",IF(COUNTIF(K15:L15,"X")<>1,"FALTA/DUPLA: VEGETAÇÃO",IF(COUNTIF(M15:O15,"X")<>1,"FALTA/DUPLA: ELEM. DE DRENAGEM",IF(COUNTIF(P15:R15,"X")<>1,"FALTA/DUPLA: SIN. HORIZ.",IF(COUNTIF(S15:U15,"X")<>1,"FALTA/DUPLA: SIN. VERTICAL","OK")))))) -> OK
A16: 010ETO0640 | B16: C | C16: 7 | D16: 8 | E16: =D16-C16 -> 1 | H16: X | K16: X | N16: X | R16: X | T16: X | W16: =IF(COUNTA(F16:U16)=0,"— não preenchido",IF(COUNTIF(F16:J16,"X")<>1,"FALTA/DUPLA: CONDIÇÃO DO PAVIMENTO",IF(COUNTIF(K16:L16,"X")<>1,"FALTA/DUPLA: VEGETAÇÃO",IF(COUNTIF(M16:O16,"X")<>1,"FALTA/DUPLA: ELEM. DE DRENAGEM",IF(COUNTIF(P16:R16,"X")<>1,"FALTA/DUPLA: SIN. HORIZ.",IF(COUNTIF(S16:U16,"X")<>1,"FALTA/DUPLA: SIN. VERTICAL","OK")))))) -> OK
A17: 010ETO0640 | B17: C | C17: 8 | D17: 8.6075719 | E17: =D17-C17 -> 0.60757187 | F17: X | K17: X | N17: X | Q17: X | T17: X | W17: =IF(COUNTA(F17:U17)=0,"— não preenchido",IF(COUNTIF(F17:J17,"X")<>1,"FALTA/DUPLA: CONDIÇÃO DO PAVIMENTO",IF(COUNTIF(K17:L17,"X")<>1,"FALTA/DUPLA: VEGETAÇÃO",IF(COUNTIF(M17:O17,"X")<>1,"FALTA/DUPLA: ELEM. DE DRENAGEM",IF(COUNTIF(P17:R17,"X")<>1,"FALTA/DUPLA: SIN. HORIZ.",IF(COUNTIF(S17:U17,"X")<>1,"FALTA/DUPLA: SIN. VERTICAL","OK")))))) -> OK
A19: ____________________________________________ | G19: ____________________________________________
A20: TÉCNICO RESPONSÁVEL PELA INSPEÇÃO | G20: VISTO DA SUPERVISÃO
A22: RESUMO DO TRECHO — KM LANÇADO POR ITEM
A23: KM LANÇADO | F23: =SUMIF(F$9:F$17,"X",$E$9:$E$17) -> 6.6075719 | G23: =SUMIF(G$9:G$17,"X",$E$9:$E$17) -> 0 | H23: =SUMIF(H$9:H$17,"X",$E$9:$E$17) -> 2 | I23: =SUMIF(I$9:I$17,"X",$E$9:$E$17) -> 0 | J23: =SUMIF(J$9:J$17,"X",$E$9:$E$17) -> 0 | K23: =SUMIF(K$9:K$17,"X",$E$9:$E$17) -> 4.6075719 | L23: =SUMIF(L$9:L$17,"X",$E$9:$E$17) -> 4 | M23: =SUMIF(M$9:M$17,"X",$E$9:$E$17) -> 0 | ... U23: =SUMIF(U$9:U$17,"X",$E$9:$E$17) -> 0
A24: % DA EXTENSÃO | F24: =IF($R26=0,0,F23/$R26) -> 0.76764644 | G24: =IF($R26=0,0,G23/$R26) -> 0 | H24: =IF($R26=0,0,H23/$R26) -> 0.23235356 | I24: =IF($R26=0,0,I23/$R26) -> 0 | J24: =IF($R26=0,0,J23/$R26) -> 0 | K24: =IF($R26=0,0,K23/$R26) -> 0.53529287 | L24: =IF($R26=0,0,L23/$R26) -> 0.46470713 | M24: =IF($R26=0,0,M23/$R26) -> 0 | ... U24: =IF($R26=0,0,U23/$R26) -> 0
A25: CONFERÊNCIA POR GRUPO | F25: =IF(SUM(F23:J23)=0,"— não preenchido",IF(ROUND(SUM(F23:J23)-$R26,3)=0,"OK — "&ROUND(SUM(F23:J23),3)&" km","ERRO — dif. de "&ROUND(SUM(F23:J23)-$R26,3)&" km")) -> OK — 8,608 km | K25: =IF(SUM(K23:L23)=0,"— não preenchido",IF(ROUND(SUM(K23:L23)-$R26,3)=0,"OK — "&ROUND(SUM(K23:L23),3)&" km","ERRO — dif. de "&ROUND(SUM(K23:L23)-$R26,3)&" km")) -> OK — 8,608 km | M25: =IF(SUM(M23:O23)=0,"— não preenchido",IF(ROUND(SUM(M23:O23)-$R26,3)=0,"OK — "&ROUND(SUM(M23:O23),3)&" km","ERRO — dif. de "&ROUND(SUM(M23:O23)-$R26,3)&" km")) -> OK — 8,608 km | P25: =IF(SUM(P23:R23)=0,"— não preenchido",IF(ROUND(SUM(P23:R23)-$R26,3)=0,"OK — "&ROUND(SUM(P23:R23),3)&" km","ERRO — dif. de "&ROUND(SUM(P23:R23)-$R26,3)&" km")) -> OK — 8,608 km | S25: =IF(SUM(S23:U23)=0,"— não preenchido",IF(ROUND(SUM(S23:U23)-$R26,3)=0,"OK — "&ROUND(SUM(S23:U23),3)&" km","ERRO — dif. de "&ROUND(SUM(S23:U23)-$R26,3)&" km")) -> OK — 8,608 km
A26: EXTENSÃO TOTAL DO TRECHO | R26: =SUM(E9:E17) -> 8.6075719 | V26: =COUNTIF(W9:W17,"OK")&" de "&COUNT($E$9:$E$17)&" linhas conferidas" -> 9 de 9 linhas conferidas
A28: LEGENDA
A29: REM. I. / REM. L. | E29: Remendos isolados (até 10 por km) · Remendos ao longo (mais de 10 por km)
A30: BUR. I. / BUR. L. | E30: Buracos isolados (até 5 por km) · Buracos ao longo (mais de 5 por km)
A31: SIT. | E31: PPS = pista simples · PSU = simples urbana · PDU = duplicada
A32: FAIXA AZUL | E32: Cabeçalho de cada S.R.E.: descrição, situação, jurisdição, extensão e coordenada de início.
A33: INÍCIO / FIM (KM) | E33: Contados de 0 até o fim de CADA S.R.E. Não é o marco quilométrico da rodovia.
A34: SENT. | E34: C = crescente · D = decrescente
A35: FAIXA CINZA | E35: Segmento fora do escopo do contrato: você passa por ele, mas não preenche.
A36: CÉLULA VERMELHA | E36: Mais de uma X no mesmo grupo. Apague uma delas.
A37: CONFERÊNCIA | E37: Só na tela, não sai impresso. Fica OK com uma X em cada grupo.

Sheet 3
A1: PROGRAMA DE MANUTENÇÃO RODOVIÁRIA — FICHA DE INSPEÇÃO — RODOVIAS PAVIMENTADAS | Y1: Valores dos gráficos — troca 0 por N/D para a fatia não aparecer. Não editar.
A2: REGIÃO: 1 — TOCANTINÓPOLIS | G2: MÊS / ANO: | I2: =IF('1'!I2="","",'1'!I2) -> 46266 | K2: DATA: | N2: =IF('1'!N2="","",'1'!N2) | P2: TÉCNICO: | R2: ENG. VINICIUS RODRIGUES FERREIRA DE OLIVEIRA | Y2: =IF(F60=0,NA(),F60) -> 30.607009 | Z2: =IF(G60=0,NA(),G60) -> 11 | AA2: =IF(H60=0,NA(),H60) -> #N/A | AB2: =IF(I60=0,NA(),I60) -> #N/A | AC2: =IF(J60=0,NA(),J60) -> #N/A | AD2: =IF(K60=0,NA(),K60) -> 5.8518241 | AE2: =IF(L60=0,NA(),L60) -> 35.755185 | AF2: =IF(M60=0,NA(),M60) -> #N/A | ... AN2: =IF(U60=0,NA(),U60) -> #N/A
A3: TRECHO 3 — RODOVIA TO-010 - TRECHO ARAGUATINS - ENTR. TO-201 | T3: EXTENSÃO: 41,607 km · 4 S.R.E.
A4: COMO PREENCHER: uma X em UMA coluna de cada grupo, por linha. Se houver mais de um defeito no mesmo km, marque o PREDOMINANTE e escreva o resto em OBSERVAÇÕES. A quilometragem é contada de 0 até o fim de CADA S.R.E. (não é o marco da rodovia).
A6: S.R.E. | B6: SENT. | C6: INÍCIO (KM) | D6: FIM (KM) | E6: EXT. (KM) | F6: CONDIÇÃO DO PAVIMENTO | K6: VEGETAÇÃO | M6: ELEM. DE DRENAGEM | P6: SIN. HORIZ. | S6: SIN. VERTICAL | V6: OBSERVAÇÕES | W6: CONFERÊNCIA (só na tela)
F7: BOM | G7: REM. I. | H7: REM. L. | I7: BUR. I. | J7: BUR. L. | K7: ADEQ. | L7: INAD. | M7: LIMPOS | N7: SUJOS | O7: DAN. | P7: BOM | Q7: REG. | R7: INEXIST. | S7: BOM | T7: POUCAS | U7: INEXIST.
A8: S.R.E. 010ETO0650 | ARAGUATINS - ENTR. TO-404 | PPS · Estadual · 7.755 km · início: -5.637677, -48.10469
A9: 010ETO0650 | B9: C | C9: 0 | D9: 1 | E9: =D9-C9 -> 1 | F9: X | L9: X | N9: X | P9: X | T9: X | W9: =IF(COUNTA(F9:U9)=0,"— não preenchido",IF(COUNTIF(F9:J9,"X")<>1,"FALTA/DUPLA: CONDIÇÃO DO PAVIMENTO",IF(COUNTIF(K9:L9,"X")<>1,"FALTA/DUPLA: VEGETAÇÃO",IF(COUNTIF(M9:O9,"X")<>1,"FALTA/DUPLA: ELEM. DE DRENAGEM",IF(COUNTIF(P9:R9,"X")<>1,"FALTA/DUPLA: SIN. HORIZ.",IF(COUNTIF(S9:U9,"X")<>1,"FALTA/DUPLA: SIN. VERTICAL","OK")))))) -> OK
A10: 010ETO0650 | B10: C | C10: 1 | D10: 2 | E10: =D10-C10 -> 1 | F10: X | L10: X | N10: X | P10: X | T10: X | W10: =IF(COUNTA(F10:U10)=0,"— não preenchido",IF(COUNTIF(F10:J10,"X")<>1,"FALTA/DUPLA: CONDIÇÃO DO PAVIMENTO",IF(COUNTIF(K10:L10,"X")<>1,"FALTA/DUPLA: VEGETAÇÃO",IF(COUNTIF(M10:O10,"X")<>1,"FALTA/DUPLA: ELEM. DE DRENAGEM",IF(COUNTIF(P10:R10,"X")<>1,"FALTA/DUPLA: SIN. HORIZ.",IF(COUNTIF(S10:U10,"X")<>1,"FALTA/DUPLA: SIN. VERTICAL","OK")))))) -> OK
A11: 010ETO0650 | B11: C | C11: 2 | D11: 3 | E11: =D11-C11 -> 1 | F11: X | L11: X | N11: X | P11: X | T11: X | W11: =IF(COUNTA(F11:U11)=0,"— não preenchido",IF(COUNTIF(F11:J11,"X")<>1,"FALTA/DUPLA: CONDIÇÃO DO PAVIMENTO",IF(COUNTIF(K11:L11,"X")<>1,"FALTA/DUPLA: VEGETAÇÃO",IF(COUNTIF(M11:O11,"X")<>1,"FALTA/DUPLA: ELEM. DE DRENAGEM",IF(COUNTIF(P11:R11,"X")<>1,"FALTA/DUPLA: SIN. HORIZ.",IF(COUNTIF(S11:U11,"X")<>1,"FALTA/DUPLA: SIN. VERTICAL","OK")))))) -> OK
A12: 010ETO0650 | B12: C | C12: 3 | D12: 4 | E12: =D12-C12 -> 1 | G12: X | L12: X | N12: X | P12: X | T12: X | W12: =IF(COUNTA(F12:U12)=0,"— não preenchido",IF(COUNTIF(F12:J12,"X")<>1,"FALTA/DUPLA: CONDIÇÃO DO PAVIMENTO",IF(COUNTIF(K12:L12,"X")<>1,"FALTA/DUPLA: VEGETAÇÃO",IF(COUNTIF(M12:O12,"X")<>1,"FALTA/DUPLA: ELEM. DE DRENAGEM",IF(COUNTIF(P12:R12,"X")<>1,"FALTA/DUPLA: SIN. HORIZ.",IF(COUNTIF(S12:U12,"X")<>1,"FALTA/DUPLA: SIN. VERTICAL","OK")))))) -> OK
A13: 010ETO0650 | B13: C | C13: 4 | D13: 5 | E13: =D13-C13 -> 1 | G13: X | L13: X | N13: X | P13: X | T13: X | W13: =IF(COUNTA(F13:U13)=0,"— não preenchido",IF(COUNTIF(F13:J13,"X")<>1,"FALTA/DUPLA: CONDIÇÃO DO PAVIMENTO",IF(COUNTIF(K13:L13,"X")<>1,"FALTA/DUPLA: VEGETAÇÃO",IF(COUNTIF(M13:O13,"X")<>1,"FALTA/DUPLA: ELEM. DE DRENAGEM",IF(COUNTIF(P13:R13,"X")<>1,"FALTA/DUPLA: SIN. HORIZ.",IF(COUNTIF(S13:U13,"X")<>1,"FALTA/DUPLA: SIN. VERTICAL","OK")))))) -> OK
A14: 010ETO0650 | B14: C | C14: 5 | D14: 6 | E14: =D14-C14 -> 1 | F14: X | L14: X | N14: X | P14: X | T14: X | W14: =IF(COUNTA(F14:U14)=0,"— não preenchido",IF(COUNTIF(F14:J14,"X")<>1,"FALTA/DUPLA: CONDIÇÃO DO PAVIMENTO",IF(COUNTIF(K14:L14,"X")<>1,"FALTA/DUPLA: VEGETAÇÃO",IF(COUNTIF(M14:O14,"X")<>1,"FALTA/DUPLA: ELEM. DE DRENAGEM",IF(COUNTIF(P14:R14,"X")<>1,"FALTA/DUPLA: SIN. HORIZ.",IF(COUNTIF(S14:U14,"X")<>1,"FALTA/DUPLA: SIN. VERTICAL","OK")))))) -> OK
A15: 010ETO0650 | B15: C | C15: 6 | D15: 7 | E15: =D15-C15 -> 1 | F15: X | L15: X | N15: X | P15: X | T15: X | W15: =IF(COUNTA(F15:U15)=0,"— não preenchido",IF(COUNTIF(F15:J15,"X")<>1,"FALTA/DUPLA: CONDIÇÃO DO PAVIMENTO",IF(COUNTIF(K15:L15,"X")<>1,"FALTA/DUPLA: VEGETAÇÃO",IF(COUNTIF(M15:O15,"X")<>1,"FALTA/DUPLA: ELEM. DE DRENAGEM",IF(COUNTIF(P15:R15,"X")<>1,"FALTA/DUPLA: SIN. HORIZ.",IF(COUNTIF(S15:U15,"X")<>1,"FALTA/DUPLA: SIN. VERTICAL","OK")))))) -> OK
A16: 010ETO0650 | B16: C | C16: 7 | D16: 7.7551854 | E16: =D16-C16 -> 0.75518537 | F16: X | L16: X | N16: X | P16: X | T16: X | W16: =IF(COUNTA(F16:U16)=0,"— não preenchido",IF(COUNTIF(F16:J16,"X")<>1,"FALTA/DUPLA: CONDIÇÃO DO PAVIMENTO",IF(COUNTIF(K16:L16,"X")<>1,"FALTA/DUPLA: VEGETAÇÃO",IF(COUNTIF(M16:O16,"X")<>1,"FALTA/DUPLA: ELEM. DE DRENAGEM",IF(COUNTIF(P16:R16,"X")<>1,"FALTA/DUPLA: SIN. HORIZ.",IF(COUNTIF(S16:U16,"X")<>1,"FALTA/DUPLA: SIN. VERTICAL","OK")))))) -> OK
A17: S.R.E. 010ETO0665 | ENTR. TO-404 - POV. CANAÃ | PPS · Estadual · 28.047 km · início: -5.597599, -48.079338
A18: 010ETO0665 | B18: C | C18: 0 | D18: 1 | E18: =D18-C18 -> 1 | F18: X | L18: X | N18: X | P18: X | T18: X | W18: =IF(COUNTA(F18:U18)=0,"— não preenchido",IF(COUNTIF(F18:J18,"X")<>1,"FALTA/DUPLA: CONDIÇÃO DO PAVIMENTO",IF(COUNTIF(K18:L18,"X")<>1,"FALTA/DUPLA: VEGETAÇÃO",IF(COUNTIF(M18:O18,"X")<>1,"FALTA/DUPLA: ELEM. DE DRENAGEM",IF(COUNTIF(P18:R18,"X")<>1,"FALTA/DUPLA: SIN. HORIZ.",IF(COUNTIF(S18:U18,"X")<>1,"FALTA/DUPLA: SIN. VERTICAL","OK")))))) -> OK
A19: 010ETO0665 | B19: C | C19: 1 | D19: 2 | E19: =D19-C19 -> 1 | F19: X | L19: X | N19: X | P19: X | T19: X | W19: =IF(COUNTA(F19:U19)=0,"— não preenchido",IF(COUNTIF(F19:J19,"X")<>1,"FALTA/DUPLA: CONDIÇÃO DO PAVIMENTO",IF(COUNTIF(K19:L19,"X")<>1,"FALTA/DUPLA: VEGETAÇÃO",IF(COUNTIF(M19:O19,"X")<>1,"FALTA/DUPLA: ELEM. DE DRENAGEM",IF(COUNTIF(P19:R19,"X")<>1,"FALTA/DUPLA: SIN. HORIZ.",IF(COUNTIF(S19:U19,"X")<>1,"FALTA/DUPLA: SIN. VERTICAL","OK")))))) -> OK
A20: 010ETO0665 | B20: C | C20: 2 | D20: 3 | E20: =D20-C20 -> 1 | F20: X | L20: X | N20: X | P20: X | T20: X | W20: =IF(COUNTA(F20:U20)=0,"— não preenchido",IF(COUNTIF(F20:J20,"X")<>1,"FALTA/DUPLA: CONDIÇÃO DO PAVIMENTO",IF(COUNTIF(K20:L20,"X")<>1,"FALTA/DUPLA: VEGETAÇÃO",IF(COUNTIF(M20:O20,"X")<>1,"FALTA/DUPLA: ELEM. DE DRENAGEM",IF(COUNTIF(P20:R20,"X")<>1,"FALTA/DUPLA: SIN. HORIZ.",IF(COUNTIF(S20:U20,"X")<>1,"FALTA/DUPLA: SIN. VERTICAL","OK")))))) -> OK
A21: 010ETO0665 | B21: C | C21: 3 | D21: 4 | E21: =D21-C21 -> 1 | G21: X | L21: X | N21: X | P21: X | T21: X | W21: =IF(COUNTA(F21:U21)=0,"— não preenchido",IF(COUNTIF(F21:J21,"X")<>1,"FALTA/DUPLA: CONDIÇÃO DO PAVIMENTO",IF(COUNTIF(K21:L21,"X")<>1,"FALTA/DUPLA: VEGETAÇÃO",IF(COUNTIF(M21:O21,"X")<>1,"FALTA/DUPLA: ELEM. DE DRENAGEM",IF(COUNTIF(P21:R21,"X")<>1,"FALTA/DUPLA: SIN. HORIZ.",IF(COUNTIF(S21:U21,"X")<>1,"FALTA/DUPLA: SIN. VERTICAL","OK")))))) -> OK
A22: 010ETO0665 | B22: C | C22: 4 | D22: 5 | E22: =D22-C22 -> 1 | G22: X | L22: X | N22: X | P22: X | T22: X | W22: =IF(COUNTA(F22:U22)=0,"— não preenchido",IF(COUNTIF(F22:J22,"X")<>1,"FALTA/DUPLA: CONDIÇÃO DO PAVIMENTO",IF(COUNTIF(K22:L22,"X")<>1,"FALTA/DUPLA: VEGETAÇÃO",IF(COUNTIF(M22:O22,"X")<>1,"FALTA/DUPLA: ELEM. DE DRENAGEM",IF(COUNTIF(P22:R22,"X")<>1,"FALTA/DUPLA: SIN. HORIZ.",IF(COUNTIF(S22:U22,"X")<>1,"FALTA/DUPLA: SIN. VERTICAL","OK")))))) -> OK
A23: 010ETO0665 | B23: C | C23: 5 | D23: 6 | E23: =D23-C23 -> 1 | F23: X | L23: X | N23: X | P23: X | T23: X | W23: =IF(COUNTA(F23:U23)=0,"— não preenchido",IF(COUNTIF(F23:J23,"X")<>1,"FALTA/DUPLA: CONDIÇÃO DO PAVIMENTO",IF(COUNTIF(K23:L23,"X")<>1,"FALTA/DUPLA: VEGETAÇÃO",IF(COUNTIF(M23:O23,"X")<>1,"FALTA/DUPLA: ELEM. DE DRENAGEM",IF(COUNTIF(P23:R23,"X")<>1,"FALTA/DUPLA: SIN. HORIZ.",IF(COUNTIF(S23:U23,"X")<>1,"FALTA/DUPLA: SIN. VERTICAL","OK")))))) -> OK
A24: 010ETO0665 | B24: C | C24: 6 | D24: 7 | E24: =D24-C24 -> 1 | F24: X | L24: X | N24: X | P24: X | T24: X | W24: =IF(COUNTA(F24:U24)=0,"— não preenchido",IF(COUNTIF(F24:J24,"X")<>1,"FALTA/DUPLA: CONDIÇÃO DO PAVIMENTO",IF(COUNTIF(K24:L24,"X")<>1,"FALTA/DUPLA: VEGETAÇÃO",IF(COUNTIF(M24:O24,"X")<>1,"FALTA/DUPLA: ELEM. DE DRENAGEM",IF(COUNTIF(P24:R24,"X")<>1,"FALTA/DUPLA: SIN. HORIZ.",IF(COUNTIF(S24:U24,"X")<>1,"FALTA/DUPLA: SIN. VERTICAL","OK")))))) -> OK
A25: 010ETO0665 | B25: C | C25: 7 | D25: 8 | E25: =D25-C25 -> 1 | F25: X | L25: X | N25: X | P25: X | T25: X | W25: =IF(COUNTA(F25:U25)=0,"— não preenchido",IF(COUNTIF(F25:J25,"X")<>1,"FALTA/DUPLA: CONDIÇÃO DO PAVIMENTO",IF(COUNTIF(K25:L25,"X")<>1,"FALTA/DUPLA: VEGETAÇÃO",IF(COUNTIF(M25:O25,"X")<>1,"FALTA/DUPLA: ELEM. DE DRENAGEM",IF(COUNTIF(P25:R25,"X")<>1,"FALTA/DUPLA: SIN. HORIZ.",IF(COUNTIF(S25:U25,"X")<>1,"FALTA/DUPLA: SIN. VERTICAL","OK")))))) -> OK
A26: 010ETO0665 | B26: C | C26: 8 | D26: 9 | E26: =D26-C26 -> 1 | F26: X | L26: X | N26: X | P26: X | T26: X | W26: =IF(COUNTA(F26:U26)=0,"— não preenchido",IF(COUNTIF(F26:J26,"X")<>1,"FALTA/DUPLA: CONDIÇÃO DO PAVIMENTO",IF(COUNTIF(K26:L26,"X")<>1,"FALTA/DUPLA: VEGETAÇÃO",IF(COUNTIF(M26:O26,"X")<>1,"FALTA/DUPLA: ELEM. DE DRENAGEM",IF(COUNTIF(P26:R26,"X")<>1,"FALTA/DUPLA: SIN. HORIZ.",IF(COUNTIF(S26:U26,"X")<>1,"FALTA/DUPLA: SIN. VERTICAL","OK")))))) -> OK
A27: 010ETO0665 | B27: C | C27: 9 | D27: 10 | E27: =D27-C27 -> 1 | G27: X | L27: X | N27: X | P27: X | T27: X | W27: =IF(COUNTA(F27:U27)=0,"— não preenchido",IF(COUNTIF(F27:J27,"X")<>1,"FALTA/DUPLA: CONDIÇÃO DO PAVIMENTO",IF(COUNTIF(K27:L27,"X")<>1,"FALTA/DUPLA: VEGETAÇÃO",IF(COUNTIF(M27:O27,"X")<>1,"FALTA/DUPLA: ELEM. DE DRENAGEM",IF(COUNTIF(P27:R27,"X")<>1,"FALTA/DUPLA: SIN. HORIZ.",IF(COUNTIF(S27:U27,"X")<>1,"FALTA/DUPLA: SIN. VERTICAL","OK")))))) -> OK
A28: 010ETO0665 | B28: C | C28: 10 | D28: 11 | E28: =D28-C28 -> 1 | G28: X | L28: X | N28: X | P28: X | T28: X | W28: =IF(COUNTA(F28:U28)=0,"— não preenchido",IF(COUNTIF(F28:J28,"X")<>1,"FALTA/DUPLA: CONDIÇÃO DO PAVIMENTO",IF(COUNTIF(K28:L28,"X")<>1,"FALTA/DUPLA: VEGETAÇÃO",IF(COUNTIF(M28:O28,"X")<>1,"FALTA/DUPLA: ELEM. DE DRENAGEM",IF(COUNTIF(P28:R28,"X")<>1,"FALTA/DUPLA: SIN. HORIZ.",IF(COUNTIF(S28:U28,"X")<>1,"FALTA/DUPLA: SIN. VERTICAL","OK")))))) -> OK
A29: 010ETO0665 | B29: C | C29: 11 | D29: 12 | E29: =D29-C29 -> 1 | F29: X | L29: X | N29: X | P29: X | T29: X | W29: =IF(COUNTA(F29:U29)=0,"— não preenchido",IF(COUNTIF(F29:J29,"X")<>1,"FALTA/DUPLA: CONDIÇÃO DO PAVIMENTO",IF(COUNTIF(K29:L29,"X")<>1,"FALTA/DUPLA: VEGETAÇÃO",IF(COUNTIF(M29:O29,"X")<>1,"FALTA/DUPLA: ELEM. DE DRENAGEM",IF(COUNTIF(P29:R29,"X")<>1,"FALTA/DUPLA: SIN. HORIZ.",IF(COUNTIF(S29:U29,"X")<>1,"FALTA/DUPLA: SIN. VERTICAL","OK")))))) -> OK
A30: 010ETO0665 | B30: C | C30: 12 | D30: 13 | E30: =D30-C30 -> 1 | F30: X | L30: X | N30: X | P30: X | T30: X | W30: =IF(COUNTA(F30:U30)=0,"— não preenchido",IF(COUNTIF(F30:J30,"X")<>1,"FALTA/DUPLA: CONDIÇÃO DO PAVIMENTO",IF(COUNTIF(K30:L30,"X")<>1,"FALTA/DUPLA: VEGETAÇÃO",IF(COUNTIF(M30:O30,"X")<>1,"FALTA/DUPLA: ELEM. DE DRENAGEM",IF(COUNTIF(P30:R30,"X")<>1,"FALTA/DUPLA: SIN. HORIZ.",IF(COUNTIF(S30:U30,"X")<>1,"FALTA/DUPLA: SIN. VERTICAL","OK")))))) -> OK
A31: 010ETO0665 | B31: C | C31: 13 | D31: 14 | E31: =D31-C31 -> 1 | F31: X | L31: X | N31: X | P31: X | T31: X | W31: =IF(COUNTA(F31:U31)=0,"— não preenchido",IF(COUNTIF(F31:J31,"X")<>1,"FALTA/DUPLA: CONDIÇÃO DO PAVIMENTO",IF(COUNTIF(K31:L31,"X")<>1,"FALTA/DUPLA: VEGETAÇÃO",IF(COUNTIF(M31:O31,"X")<>1,"FALTA/DUPLA: ELEM. DE DRENAGEM",IF(COUNTIF(P31:R31,"X")<>1,"FALTA/DUPLA: SIN. HORIZ.",IF(COUNTIF(S31:U31,"X")<>1,"FALTA/DUPLA: SIN. VERTICAL","OK")))))) -> OK
A32: 010ETO0665 | B32: C | C32: 14 | D32: 15 | E32: =D32-C32 -> 1 | F32: X | L32: X | N32: X | P32: X | T32: X | W32: =IF(COUNTA(F32:U32)=0,"— não preenchido",IF(COUNTIF(F32:J32,"X")<>1,"FALTA/DUPLA: CONDIÇÃO DO PAVIMENTO",IF(COUNTIF(K32:L32,"X")<>1,"FALTA/DUPLA: VEGETAÇÃO",IF(COUNTIF(M32:O32,"X")<>1,"FALTA/DUPLA: ELEM. DE DRENAGEM",IF(COUNTIF(P32:R32,"X")<>1,"FALTA/DUPLA: SIN. HORIZ.",IF(COUNTIF(S32:U32,"X")<>1,"FALTA/DUPLA: SIN. VERTICAL","OK")))))) -> OK
A33: 010ETO0665 | B33: C | C33: 15 | D33: 16 | E33: =D33-C33 -> 1 | G33: X | L33: X | N33: X | P33: X | T33: X | W33: =IF(COUNTA(F33:U33)=0,"— não preenchido",IF(COUNTIF(F33:J33,"X")<>1,"FALTA/DUPLA: CONDIÇÃO DO PAVIMENTO",IF(COUNTIF(K33:L33,"X")<>1,"FALTA/DUPLA: VEGETAÇÃO",IF(COUNTIF(M33:O33,"X")<>1,"FALTA/DUPLA: ELEM. DE DRENAGEM",IF(COUNTIF(P33:R33,"X")<>1,"FALTA/DUPLA: SIN. HORIZ.",IF(COUNTIF(S33:U33,"X")<>1,"FALTA/DUPLA: SIN. VERTICAL","OK")))))) -> OK
A34: 010ETO0665 | B34: C | C34: 16 | D34: 17 | E34: =D34-C34 -> 1 | F34: X | L34: X | N34: X | P34: X | T34: X | W34: =IF(COUNTA(F34:U34)=0,"— não preenchido",IF(COUNTIF(F34:J34,"X")<>1,"FALTA/DUPLA: CONDIÇÃO DO PAVIMENTO",IF(COUNTIF(K34:L34,"X")<>1,"FALTA/DUPLA: VEGETAÇÃO",IF(COUNTIF(M34:O34,"X")<>1,"FALTA/DUPLA: ELEM. DE DRENAGEM",IF(COUNTIF(P34:R34,"X")<>1,"FALTA/DUPLA: SIN. HORIZ.",IF(COUNTIF(S34:U34,"X")<>1,"FALTA/DUPLA: SIN. VERTICAL","OK")))))) -> OK
A35: 010ETO0665 | B35: C | C35: 17 | D35: 18 | E35: =D35-C35 -> 1 | F35: X | L35: X | N35: X | P35: X | T35: X | W35: =IF(COUNTA(F35:U35)=0,"— não preenchido",IF(COUNTIF(F35:J35,"X")<>1,"FALTA/DUPLA: CONDIÇÃO DO PAVIMENTO",IF(COUNTIF(K35:L35,"X")<>1,"FALTA/DUPLA: VEGETAÇÃO",IF(COUNTIF(M35:O35,"X")<>1,"FALTA/DUPLA: ELEM. DE DRENAGEM",IF(COUNTIF(P35:R35,"X")<>1,"FALTA/DUPLA: SIN. HORIZ.",IF(COUNTIF(S35:U35,"X")<>1,"FALTA/DUPLA: SIN. VERTICAL","OK")))))) -> OK
A36: 010ETO0665 | B36: C | C36: 18 | D36: 19 | E36: =D36-C36 -> 1 | F36: X | L36: X | N36: X | P36: X | T36: X | W36: =IF(COUNTA(F36:U36)=0,"— não preenchido",IF(COUNTIF(F36:J36,"X")<>1,"FALTA/DUPLA: CONDIÇÃO DO PAVIMENTO",IF(COUNTIF(K36:L36,"X")<>1,"FALTA/DUPLA: VEGETAÇÃO",IF(COUNTIF(M36:O36,"X")<>1,"FALTA/DUPLA: ELEM. DE DRENAGEM",IF(COUNTIF(P36:R36,"X")<>1,"FALTA/DUPLA: SIN. HORIZ.",IF(COUNTIF(S36:U36,"X")<>1,"FALTA/DUPLA: SIN. VERTICAL","OK")))))) -> OK
A37: 010ETO0665 | B37: C | C37: 19 | D37: 20 | E37: =D37-C37 -> 1 | F37: X | L37: X | N37: X | P37: X | T37: X | W37: =IF(COUNTA(F37:U37)=0,"— não preenchido",IF(COUNTIF(F37:J37,"X")<>1,"FALTA/DUPLA: CONDIÇÃO DO PAVIMENTO",IF(COUNTIF(K37:L37,"X")<>1,"FALTA/DUPLA: VEGETAÇÃO",IF(COUNTIF(M37:O37,"X")<>1,"FALTA/DUPLA: ELEM. DE DRENAGEM",IF(COUNTIF(P37:R37,"X")<>1,"FALTA/DUPLA: SIN. HORIZ.",IF(COUNTIF(S37:U37,"X")<>1,"FALTA/DUPLA: SIN. VERTICAL","OK")))))) -> OK
A38: 010ETO0665 | B38: C | C38: 20 | D38: 21 | E38: =D38-C38 -> 1 | F38: X | L38: X | N38: X | P38: X | T38: X | W38: =IF(COUNTA(F38:U38)=0,"— não preenchido",IF(COUNTIF(F38:J38,"X")<>1,"FALTA/DUPLA: CONDIÇÃO DO PAVIMENTO",IF(COUNTIF(K38:L38,"X")<>1,"FALTA/DUPLA: VEGETAÇÃO",IF(COUNTIF(M38:O38,"X")<>1,"FALTA/DUPLA: ELEM. DE DRENAGEM",IF(COUNTIF(P38:R38,"X")<>1,"FALTA/DUPLA: SIN. HORIZ.",IF(COUNTIF(S38:U38,"X")<>1,"FALTA/DUPLA: SIN. VERTICAL","OK")))))) -> OK
A39: 010ETO0665 | B39: C | C39: 21 | D39: 22 | E39: =D39-C39 -> 1 | F39: X | L39: X | N39: X | P39: X | T39: X | W39: =IF(COUNTA(F39:U39)=0,"— não preenchido",IF(COUNTIF(F39:J39,"X")<>1,"FALTA/DUPLA: CONDIÇÃO DO PAVIMENTO",IF(COUNTIF(K39:L39,"X")<>1,"FALTA/DUPLA: VEGETAÇÃO",IF(COUNTIF(M39:O39,"X")<>1,"FALTA/DUPLA: ELEM. DE DRENAGEM",IF(COUNTIF(P39:R39,"X")<>1,"FALTA/DUPLA: SIN. HORIZ.",IF(COUNTIF(S39:U39,"X")<>1,"FALTA/DUPLA: SIN. VERTICAL","OK")))))) -> OK
A40: 010ETO0665 | B40: C | C40: 22 | D40: 23 | E40: =D40-C40 -> 1 | F40: X | L40: X | N40: X | P40: X | T40: X | W40: =IF(COUNTA(F40:U40)=0,"— não preenchido",IF(COUNTIF(F40:J40,"X")<>1,"FALTA/DUPLA: CONDIÇÃO DO PAVIMENTO",IF(COUNTIF(K40:L40,"X")<>1,"FALTA/DUPLA: VEGETAÇÃO",IF(COUNTIF(M40:O40,"X")<>1,"FALTA/DUPLA: ELEM. DE DRENAGEM",IF(COUNTIF(P40:R40,"X")<>1,"FALTA/DUPLA: SIN. HORIZ.",IF(COUNTIF(S40:U40,"X")<>1,"FALTA/DUPLA: SIN. VERTICAL","OK")))))) -> OK
A41: 010ETO0665 | B41: C | C41: 23 | D41: 24 | E41: =D41-C41 -> 1 | G41: X | L41: X | N41: X | P41: X | T41: X | W41: =IF(COUNTA(F41:U41)=0,"— não preenchido",IF(COUNTIF(F41:J41,"X")<>1,"FALTA/DUPLA: CONDIÇÃO DO PAVIMENTO",IF(COUNTIF(K41:L41,"X")<>1,"FALTA/DUPLA: VEGETAÇÃO",IF(COUNTIF(M41:O41,"X")<>1,"FALTA/DUPLA: ELEM. DE DRENAGEM",IF(COUNTIF(P41:R41,"X")<>1,"FALTA/DUPLA: SIN. HORIZ.",IF(COUNTIF(S41:U41,"X")<>1,"FALTA/DUPLA: SIN. VERTICAL","OK")))))) -> OK
A42: 010ETO0665 | B42: C | C42: 24 | D42: 25 | E42: =D42-C42 -> 1 | G42: X | L42: X | N42: X | P42: X | T42: X | W42: =IF(COUNTA(F42:U42)=0,"— não preenchido",IF(COUNTIF(F42:J42,"X")<>1,"FALTA/DUPLA: CONDIÇÃO DO PAVIMENTO",IF(COUNTIF(K42:L42,"X")<>1,"FALTA/DUPLA: VEGETAÇÃO",IF(COUNTIF(M42:O42,"X")<>1,"FALTA/DUPLA: ELEM. DE DRENAGEM",IF(COUNTIF(P42:R42,"X")<>1,"FALTA/DUPLA: SIN. HORIZ.",IF(COUNTIF(S42:U42,"X")<>1,"FALTA/DUPLA: SIN. VERTICAL","OK")))))) -> OK
A43: 010ETO0665 | B43: C | C43: 25 | D43: 26 | E43: =D43-C43 -> 1 | G43: X | L43: X | N43: X | P43: X | T43: X | W43: =IF(COUNTA(F43:U43)=0,"— não preenchido",IF(COUNTIF(F43:J43,"X")<>1,"FALTA/DUPLA: CONDIÇÃO DO PAVIMENTO",IF(COUNTIF(K43:L43,"X")<>1,"FALTA/DUPLA: VEGETAÇÃO",IF(COUNTIF(M43:O43,"X")<>1,"FALTA/DUPLA: ELEM. DE DRENAGEM",IF(COUNTIF(P43:R43,"X")<>1,"FALTA/DUPLA: SIN. HORIZ.",IF(COUNTIF(S43:U43,"X")<>1,"FALTA/DUPLA: SIN. VERTICAL","OK")))))) -> OK
A44: 010ETO0665 | B44: C | C44: 26 | D44: 27 | E44: =D44-C44 -> 1 | G44: X | L44: X | N44: X | P44: X | T44: X | W44: =IF(COUNTA(F44:U44)=0,"— não preenchido",IF(COUNTIF(F44:J44,"X")<>1,"FALTA/DUPLA: CONDIÇÃO DO PAVIMENTO",IF(COUNTIF(K44:L44,"X")<>1,"FALTA/DUPLA: VEGETAÇÃO",IF(COUNTIF(M44:O44,"X")<>1,"FALTA/DUPLA: ELEM. DE DRENAGEM",IF(COUNTIF(P44:R44,"X")<>1,"FALTA/DUPLA: SIN. HORIZ.",IF(COUNTIF(S44:U44,"X")<>1,"FALTA/DUPLA: SIN. VERTICAL","OK")))))) -> OK
A45: 010ETO0665 | B45: C | C45: 27 | D45: 28 | E45: =D45-C45 -> 1 | F45: X | L45: X | N45: X | P45: X | T45: X | W45: =IF(COUNTA(F45:U45)=0,"— não preenchido",IF(COUNTIF(F45:J45,"X")<>1,"FALTA/DUPLA: CONDIÇÃO DO PAVIMENTO",IF(COUNTIF(K45:L45,"X")<>1,"FALTA/DUPLA: VEGETAÇÃO",IF(COUNTIF(M45:O45,"X")<>1,"FALTA/DUPLA: ELEM. DE DRENAGEM",IF(COUNTIF(P45:R45,"X")<>1,"FALTA/DUPLA: SIN. HORIZ.",IF(COUNTIF(S45:U45,"X")<>1,"FALTA/DUPLA: SIN. VERTICAL","OK")))))) -> OK
A46: 010ETO0665 | B46: C | C46: 28 | D46: 28.047221 | E46: =D46-C46 -> 0.047220653 | F46: X | K46: X | N46: X | P46: X | T46: X | W46: =IF(COUNTA(F46:U46)=0,"— não preenchido",IF(COUNTIF(F46:J46,"X")<>1,"FALTA/DUPLA: CONDIÇÃO DO PAVIMENTO",IF(COUNTIF(K46:L46,"X")<>1,"FALTA/DUPLA: VEGETAÇÃO",IF(COUNTIF(M46:O46,"X")<>1,"FALTA/DUPLA: ELEM. DE DRENAGEM",IF(COUNTIF(P46:R46,"X")<>1,"FALTA/DUPLA: SIN. HORIZ.",IF(COUNTIF(S46:U46,"X")<>1,"FALTA/DUPLA: SIN. VERTICAL","OK")))))) -> OK
A47: S.R.E. 010ETO0670 | CANAÃ - VILA UNIÃO | PPS · Estadual · 2.862 km · início: -5.368274, -48.177872
A48: 010ETO0670 | B48: C | C48: 0 | D48: 1 | E48: =D48-C48 -> 1 | F48: X | K48: X | N48: X | P48: X | T48: X | W48: =IF(COUNTA(F48:U48)=0,"— não preenchido",IF(COUNTIF(F48:J48,"X")<>1,"FALTA/DUPLA: CONDIÇÃO DO PAVIMENTO",IF(COUNTIF(K48:L48,"X")<>1,"FALTA/DUPLA: VEGETAÇÃO",IF(COUNTIF(M48:O48,"X")<>1,"FALTA/DUPLA: ELEM. DE DRENAGEM",IF(COUNTIF(P48:R48,"X")<>1,"FALTA/DUPLA: SIN. HORIZ.",IF(COUNTIF(S48:U48,"X")<>1,"FALTA/DUPLA: SIN. VERTICAL","OK")))))) -> OK
A49: 010ETO0670 | B49: C | C49: 1 | D49: 2 | E49: =D49-C49 -> 1 | F49: X | K49: X | N49: X | P49: X | T49: X | W49: =IF(COUNTA(F49:U49)=0,"— não preenchido",IF(COUNTIF(F49:J49,"X")<>1,"FALTA/DUPLA: CONDIÇÃO DO PAVIMENTO",IF(COUNTIF(K49:L49,"X")<>1,"FALTA/DUPLA: VEGETAÇÃO",IF(COUNTIF(M49:O49,"X")<>1,"FALTA/DUPLA: ELEM. DE DRENAGEM",IF(COUNTIF(P49:R49,"X")<>1,"FALTA/DUPLA: SIN. HORIZ.",IF(COUNTIF(S49:U49,"X")<>1,"FALTA/DUPLA: SIN. VERTICAL","OK")))))) -> OK
A50: 010ETO0670 | B50: C | C50: 2 | D50: 2.8623319 | E50: =D50-C50 -> 0.86233192 | F50: X | K50: X | N50: X | P50: X | T50: X | W50: =IF(COUNTA(F50:U50)=0,"— não preenchido",IF(COUNTIF(F50:J50,"X")<>1,"FALTA/DUPLA: CONDIÇÃO DO PAVIMENTO",IF(COUNTIF(K50:L50,"X")<>1,"FALTA/DUPLA: VEGETAÇÃO",IF(COUNTIF(M50:O50,"X")<>1,"FALTA/DUPLA: ELEM. DE DRENAGEM",IF(COUNTIF(P50:R50,"X")<>1,"FALTA/DUPLA: SIN. HORIZ.",IF(COUNTIF(S50:U50,"X")<>1,"FALTA/DUPLA: SIN. VERTICAL","OK")))))) -> OK
A51: S.R.E. 010ETO0680 | VILA UNIÃO - ENTR. TO-201 | PPS · Estadual · 2.942 km · início: -5.341171, -48.187541
A52: 010ETO0680 | B52: C | C52: 0 | D52: 1 | E52: =D52-C52 -> 1 | F52: X | K52: X | N52: X | P52: X | T52: X | W52: =IF(COUNTA(F52:U52)=0,"— não preenchido",IF(COUNTIF(F52:J52,"X")<>1,"FALTA/DUPLA: CONDIÇÃO DO PAVIMENTO",IF(COUNTIF(K52:L52,"X")<>1,"FALTA/DUPLA: VEGETAÇÃO",IF(COUNTIF(M52:O52,"X")<>1,"FALTA/DUPLA: ELEM. DE DRENAGEM",IF(COUNTIF(P52:R52,"X")<>1,"FALTA/DUPLA: SIN. HORIZ.",IF(COUNTIF(S52:U52,"X")<>1,"FALTA/DUPLA: SIN. VERTICAL","OK")))))) -> OK
A53: 010ETO0680 | B53: C | C53: 1 | D53: 2 | E53: =D53-C53 -> 1 | F53: X | K53: X | N53: X | P53: X | T53: X | W53: =IF(COUNTA(F53:U53)=0,"— não preenchido",IF(COUNTIF(F53:J53,"X")<>1,"FALTA/DUPLA: CONDIÇÃO DO PAVIMENTO",IF(COUNTIF(K53:L53,"X")<>1,"FALTA/DUPLA: VEGETAÇÃO",IF(COUNTIF(M53:O53,"X")<>1,"FALTA/DUPLA: ELEM. DE DRENAGEM",IF(COUNTIF(P53:R53,"X")<>1,"FALTA/DUPLA: SIN. HORIZ.",IF(COUNTIF(S53:U53,"X")<>1,"FALTA/DUPLA: SIN. VERTICAL","OK")))))) -> OK
A54: 010ETO0680 | B54: C | C54: 2 | D54: 2.9422716 | E54: =D54-C54 -> 0.94227156 | F54: X | K54: X | N54: X | P54: X | T54: X | W54: =IF(COUNTA(F54:U54)=0,"— não preenchido",IF(COUNTIF(F54:J54,"X")<>1,"FALTA/DUPLA: CONDIÇÃO DO PAVIMENTO",IF(COUNTIF(K54:L54,"X")<>1,"FALTA/DUPLA: VEGETAÇÃO",IF(COUNTIF(M54:O54,"X")<>1,"FALTA/DUPLA: ELEM. DE DRENAGEM",IF(COUNTIF(P54:R54,"X")<>1,"FALTA/DUPLA: SIN. HORIZ.",IF(COUNTIF(S54:U54,"X")<>1,"FALTA/DUPLA: SIN. VERTICAL","OK")))))) -> OK
A56: ____________________________________________ | G56: ____________________________________________
A57: TÉCNICO RESPONSÁVEL PELA INSPEÇÃO | G57: VISTO DA SUPERVISÃO
A59: RESUMO DO TRECHO — KM LANÇADO POR ITEM
A60: KM LANÇADO | F60: =SUMIF(F$9:F$54,"X",$E$9:$E$54) -> 30.607009 | G60: =SUMIF(G$9:G$54,"X",$E$9:$E$54) -> 11 | H60: =SUMIF(H$9:H$54,"X",$E$9:$E$54) -> 0 | I60: =SUMIF(I$9:I$54,"X",$E$9:$E$54) -> 0 | J60: =SUMIF(J$9:J$54,"X",$E$9:$E$54) -> 0 | K60: =SUMIF(K$9:K$54,"X",$E$9:$E$54) -> 5.8518241 | L60: =SUMIF(L$9:L$54,"X",$E$9:$E$54) -> 35.755185 | M60: =SUMIF(M$9:M$54,"X",$E$9:$E$54) -> 0 | ... U60: =SUMIF(U$9:U$54,"X",$E$9:$E$54) -> 0
A61: % DA EXTENSÃO | F61: =IF($R63=0,0,F60/$R63) -> 0.73562147 | G61: =IF($R63=0,0,G60/$R63) -> 0.26437853 | H61: =IF($R63=0,0,H60/$R63) -> 0 | I61: =IF($R63=0,0,I60/$R63) -> 0 | J61: =IF($R63=0,0,J60/$R63) -> 0 | K61: =IF($R63=0,0,K60/$R63) -> 0.14064515 | L61: =IF($R63=0,0,L60/$R63) -> 0.85935485 | M61: =IF($R63=0,0,M60/$R63) -> 0 | ... U61: =IF($R63=0,0,U60/$R63) -> 0
A62: CONFERÊNCIA POR GRUPO | F62: =IF(SUM(F60:J60)=0,"— não preenchido",IF(ROUND(SUM(F60:J60)-$R63,3)=0,"OK — "&ROUND(SUM(F60:J60),3)&" km","ERRO — dif. de "&ROUND(SUM(F60:J60)-$R63,3)&" km")) -> OK — 41,607 km | K62: =IF(SUM(K60:L60)=0,"— não preenchido",IF(ROUND(SUM(K60:L60)-$R63,3)=0,"OK — "&ROUND(SUM(K60:L60),3)&" km","ERRO — dif. de "&ROUND(SUM(K60:L60)-$R63,3)&" km")) -> OK — 41,607 km | M62: =IF(SUM(M60:O60)=0,"— não preenchido",IF(ROUND(SUM(M60:O60)-$R63,3)=0,"OK — "&ROUND(SUM(M60:O60),3)&" km","ERRO — dif. de "&ROUND(SUM(M60:O60)-$R63,3)&" km")) -> OK — 41,607 km | P62: =IF(SUM(P60:R60)=0,"— não preenchido",IF(ROUND(SUM(P60:R60)-$R63,3)=0,"OK — "&ROUND(SUM(P60:R60),3)&" km","ERRO — dif. de "&ROUND(SUM(P60:R60)-$R63,3)&" km")) -> OK — 41,607 km | S62: =IF(SUM(S60:U60)=0,"— não preenchido",IF(ROUND(SUM(S60:U60)-$R63,3)=0,"OK — "&ROUND(SUM(S60:U60),3)&" km","ERRO — dif. de "&ROUND(SUM(S60:U60)-$R63,3)&" km")) -> OK — 41,607 km
A63: EXTENSÃO TOTAL DO TRECHO | R63: =SUM(E9:E54) -> 41.607009 | V63: =COUNTIF(W9:W54,"OK")&" de "&COUNT($E$9:$E$54)&" linhas conferidas" -> 43 de 43 linhas conferidas
A65: LEGENDA
A66: REM. I. / REM. L. | E66: Remendos isolados (até 10 por km) · Remendos ao longo (mais de 10 por km)
A67: BUR. I. / BUR. L. | E67: Buracos isolados (até 5 por km) · Buracos ao longo (mais de 5 por km)
A68: SIT. | E68: PPS = pista simples · PSU = simples urbana · PDU = duplicada
A69: FAIXA AZUL | E69: Cabeçalho de cada S.R.E.: descrição, situação, jurisdição, extensão e coordenada de início.
A70: INÍCIO / FIM (KM) | E70: Contados de 0 até o fim de CADA S.R.E. Não é o marco quilométrico da rodovia.
A71: SENT. | E71: C = crescente · D = decrescente
A72: FAIXA CINZA | E72: Segmento fora do escopo do contrato: você passa por ele, mas não preenche.
A73: CÉLULA VERMELHA | E73: Mais de uma X no mesmo grupo. Apague uma delas.
A74: CONFERÊNCIA | E74: Só na tela, não sai impresso. Fica OK com uma X em cada grupo.

Sheet 4
A1: PROGRAMA DE MANUTENÇÃO RODOVIÁRIA — FICHA DE INSPEÇÃO — RODOVIAS PAVIMENTADAS | Y1: Valores dos gráficos — troca 0 por N/D para a fatia não aparecer. Não editar.
A2: REGIÃO: 1 — TOCANTINÓPOLIS | G2: MÊS / ANO: | I2: =IF('1'!I2="","",'1'!I2) -> 46266 | K2: DATA: | N2: =IF('1'!N2="","",'1'!N2) | P2: TÉCNICO: | R2: ENG. VINICIUS RODRIGUES FERREIRA DE OLIVEIRA | Y2: =IF(F26=0,NA(),F26) -> 5.589158 | Z2: =IF(G26=0,NA(),G26) -> 3.6607758 | AA2: =IF(H26=0,NA(),H26) -> #N/A | AB2: =IF(I26=0,NA(),I26) -> #N/A | AC2: =IF(J26=0,NA(),J26) -> #N/A | AD2: =IF(K26=0,NA(),K26) -> #N/A | AE2: =IF(L26=0,NA(),L26) -> 9.2499338 | AF2: =IF(M26=0,NA(),M26) -> #N/A | ... AN2: =IF(U26=0,NA(),U26) -> #N/A
A3: TRECHO 4 — RODOVIA TO-010 - TRECHO BURITI DO TOCANTINS (ENTR. TO-201) - SÃO SEBASTIÃO DO TOCANTINS | T3: EXTENSÃO: 9,250 km · 2 S.R.E.
A4: COMO PREENCHER: uma X em UMA coluna de cada grupo, por linha. Se houver mais de um defeito no mesmo km, marque o PREDOMINANTE e escreva o resto em OBSERVAÇÕES. A quilometragem é contada de 0 até o fim de CADA S.R.E. (não é o marco da rodovia).
A6: S.R.E. | B6: SENT. | C6: INÍCIO (KM) | D6: FIM (KM) | E6: EXT. (KM) | F6: CONDIÇÃO DO PAVIMENTO | K6: VEGETAÇÃO | M6: ELEM. DE DRENAGEM | P6: SIN. HORIZ. | S6: SIN. VERTICAL | V6: OBSERVAÇÕES | W6: CONFERÊNCIA (só na tela)
F7: BOM | G7: REM. I. | H7: REM. L. | I7: BUR. I. | J7: BUR. L. | K7: ADEQ. | L7: INAD. | M7: LIMPOS | N7: SUJOS | O7: DAN. | P7: BOM | Q7: REG. | R7: INEXIST. | S7: BOM | T7: POUCAS | U7: INEXIST.
A8: S.R.E. 010ETO0690 | ENTR. TO-201 - BURITI DO TOCANTINS *TRECHO URBANO* | PPS · Estadual · 3.661 km · início: -5.318513, -48.194133
A9: 010ETO0690 | B9: C | C9: 0 | D9: 1 | E9: =D9-C9 -> 1 | F9: X | L9: X | N9: X | P9: X | T9: X | W9: =IF(COUNTA(F9:U9)=0,"— não preenchido",IF(COUNTIF(F9:J9,"X")<>1,"FALTA/DUPLA: CONDIÇÃO DO PAVIMENTO",IF(COUNTIF(K9:L9,"X")<>1,"FALTA/DUPLA: VEGETAÇÃO",IF(COUNTIF(M9:O9,"X")<>1,"FALTA/DUPLA: ELEM. DE DRENAGEM",IF(COUNTIF(P9:R9,"X")<>1,"FALTA/DUPLA: SIN. HORIZ.",IF(COUNTIF(S9:U9,"X")<>1,"FALTA/DUPLA: SIN. VERTICAL","OK")))))) -> OK
A10: 010ETO0690 | B10: C | C10: 1 | D10: 2 | E10: =D10-C10 -> 1 | F10: X | L10: X | N10: X | P10: X | T10: X | W10: =IF(COUNTA(F10:U10)=0,"— não preenchido",IF(COUNTIF(F10:J10,"X")<>1,"FALTA/DUPLA: CONDIÇÃO DO PAVIMENTO",IF(COUNTIF(K10:L10,"X")<>1,"FALTA/DUPLA: VEGETAÇÃO",IF(COUNTIF(M10:O10,"X")<>1,"FALTA/DUPLA: ELEM. DE DRENAGEM",IF(COUNTIF(P10:R10,"X")<>1,"FALTA/DUPLA: SIN. HORIZ.",IF(COUNTIF(S10:U10,"X")<>1,"FALTA/DUPLA: SIN. VERTICAL","OK")))))) -> OK
A11: 010ETO0690 | B11: C | C11: 2 | D11: 3 | E11: =D11-C11 -> 1 | G11: X | L11: X | N11: X | P11: X | T11: X | W11: =IF(COUNTA(F11:U11)=0,"— não preenchido",IF(COUNTIF(F11:J11,"X")<>1,"FALTA/DUPLA: CONDIÇÃO DO PAVIMENTO",IF(COUNTIF(K11:L11,"X")<>1,"FALTA/DUPLA: VEGETAÇÃO",IF(COUNTIF(M11:O11,"X")<>1,"FALTA/DUPLA: ELEM. DE DRENAGEM",IF(COUNTIF(P11:R11,"X")<>1,"FALTA/DUPLA: SIN. HORIZ.",IF(COUNTIF(S11:U11,"X")<>1,"FALTA/DUPLA: SIN. VERTICAL","OK")))))) -> OK
A12: 010ETO0690 | B12: C | C12: 3 | D12: 3.6607758 | E12: =D12-C12 -> 0.6607758 | G12: X | L12: X | N12: X | P12: X | T12: X | W12: =IF(COUNTA(F12:U12)=0,"— não preenchido",IF(COUNTIF(F12:J12,"X")<>1,"FALTA/DUPLA: CONDIÇÃO DO PAVIMENTO",IF(COUNTIF(K12:L12,"X")<>1,"FALTA/DUPLA: VEGETAÇÃO",IF(COUNTIF(M12:O12,"X")<>1,"FALTA/DUPLA: ELEM. DE DRENAGEM",IF(COUNTIF(P12:R12,"X")<>1,"FALTA/DUPLA: SIN. HORIZ.",IF(COUNTIF(S12:U12,"X")<>1,"FALTA/DUPLA: SIN. VERTICAL","OK")))))) -> OK
A13: ▲ AQUI HÁ 2.168 km FORA DO ESCOPO DO CONTRATO (perímetro urbano de jurisdição municipal). Você passa por ele, mas NÃO preenche.
A14: S.R.E. 010ETO0710D | BURITI DO TOCANTINS *TRECHO URBANO* - SÃO SEBASTIÃO DO TOCANTINS *TRECHO URBANO* (código antigo: 010ETO0710) | PPS · Estadual · 5.589 km · início: -5.304241, -48.227554
A15: 010ETO0710D | B15: C | C15: 0 | D15: 1 | E15: =D15-C15 -> 1 | F15: X | L15: X | N15: X | P15: X | T15: X | W15: =IF(COUNTA(F15:U15)=0,"— não preenchido",IF(COUNTIF(F15:J15,"X")<>1,"FALTA/DUPLA: CONDIÇÃO DO PAVIMENTO",IF(COUNTIF(K15:L15,"X")<>1,"FALTA/DUPLA: VEGETAÇÃO",IF(COUNTIF(M15:O15,"X")<>1,"FALTA/DUPLA: ELEM. DE DRENAGEM",IF(COUNTIF(P15:R15,"X")<>1,"FALTA/DUPLA: SIN. HORIZ.",IF(COUNTIF(S15:U15,"X")<>1,"FALTA/DUPLA: SIN. VERTICAL","OK")))))) -> OK
A16: 010ETO0710D | B16: C | C16: 1 | D16: 2 | E16: =D16-C16 -> 1 | F16: X | L16: X | N16: X | P16: X | T16: X | W16: =IF(COUNTA(F16:U16)=0,"— não preenchido",IF(COUNTIF(F16:J16,"X")<>1,"FALTA/DUPLA: CONDIÇÃO DO PAVIMENTO",IF(COUNTIF(K16:L16,"X")<>1,"FALTA/DUPLA: VEGETAÇÃO",IF(COUNTIF(M16:O16,"X")<>1,"FALTA/DUPLA: ELEM. DE DRENAGEM",IF(COUNTIF(P16:R16,"X")<>1,"FALTA/DUPLA: SIN. HORIZ.",IF(COUNTIF(S16:U16,"X")<>1,"FALTA/DUPLA: SIN. VERTICAL","OK")))))) -> OK
A17: 010ETO0710D | B17: C | C17: 2 | D17: 3 | E17: =D17-C17 -> 1 | G17: X | L17: X | N17: X | P17: X | T17: X | W17: =IF(COUNTA(F17:U17)=0,"— não preenchido",IF(COUNTIF(F17:J17,"X")<>1,"FALTA/DUPLA: CONDIÇÃO DO PAVIMENTO",IF(COUNTIF(K17:L17,"X")<>1,"FALTA/DUPLA: VEGETAÇÃO",IF(COUNTIF(M17:O17,"X")<>1,"FALTA/DUPLA: ELEM. DE DRENAGEM",IF(COUNTIF(P17:R17,"X")<>1,"FALTA/DUPLA: SIN. HORIZ.",IF(COUNTIF(S17:U17,"X")<>1,"FALTA/DUPLA: SIN. VERTICAL","OK")))))) -> OK
A18: 010ETO0710D | B18: C | C18: 3 | D18: 4 | E18: =D18-C18 -> 1 | G18: X | L18: X | N18: X | P18: X | T18: X | W18: =IF(COUNTA(F18:U18)=0,"— não preenchido",IF(COUNTIF(F18:J18,"X")<>1,"FALTA/DUPLA: CONDIÇÃO DO PAVIMENTO",IF(COUNTIF(K18:L18,"X")<>1,"FALTA/DUPLA: VEGETAÇÃO",IF(COUNTIF(M18:O18,"X")<>1,"FALTA/DUPLA: ELEM. DE DRENAGEM",IF(COUNTIF(P18:R18,"X")<>1,"FALTA/DUPLA: SIN. HORIZ.",IF(COUNTIF(S18:U18,"X")<>1,"FALTA/DUPLA: SIN. VERTICAL","OK")))))) -> OK
A19: 010ETO0710D | B19: C | C19: 4 | D19: 5 | E19: =D19-C19 -> 1 | F19: X | L19: X | N19: X | P19: X | T19: X | W19: =IF(COUNTA(F19:U19)=0,"— não preenchido",IF(COUNTIF(F19:J19,"X")<>1,"FALTA/DUPLA: CONDIÇÃO DO PAVIMENTO",IF(COUNTIF(K19:L19,"X")<>1,"FALTA/DUPLA: VEGETAÇÃO",IF(COUNTIF(M19:O19,"X")<>1,"FALTA/DUPLA: ELEM. DE DRENAGEM",IF(COUNTIF(P19:R19,"X")<>1,"FALTA/DUPLA: SIN. HORIZ.",IF(COUNTIF(S19:U19,"X")<>1,"FALTA/DUPLA: SIN. VERTICAL","OK")))))) -> OK
A20: 010ETO0710D | B20: C | C20: 5 | D20: 5.589158 | E20: =D20-C20 -> 0.58915803 | F20: X | L20: X | N20: X | P20: X | T20: X | W20: =IF(COUNTA(F20:U20)=0,"— não preenchido",IF(COUNTIF(F20:J20,"X")<>1,"FALTA/DUPLA: CONDIÇÃO DO PAVIMENTO",IF(COUNTIF(K20:L20,"X")<>1,"FALTA/DUPLA: VEGETAÇÃO",IF(COUNTIF(M20:O20,"X")<>1,"FALTA/DUPLA: ELEM. DE DRENAGEM",IF(COUNTIF(P20:R20,"X")<>1,"FALTA/DUPLA: SIN. HORIZ.",IF(COUNTIF(S20:U20,"X")<>1,"FALTA/DUPLA: SIN. VERTICAL","OK")))))) -> OK
A22: ____________________________________________ | G22: ____________________________________________
A23: TÉCNICO RESPONSÁVEL PELA INSPEÇÃO | G23: VISTO DA SUPERVISÃO
A25: RESUMO DO TRECHO — KM LANÇADO POR ITEM
A26: KM LANÇADO | F26: =SUMIF(F$9:F$20,"X",$E$9:$E$20) -> 5.589158 | G26: =SUMIF(G$9:G$20,"X",$E$9:$E$20) -> 3.6607758 | H26: =SUMIF(H$9:H$20,"X",$E$9:$E$20) -> 0 | I26: =SUMIF(I$9:I$20,"X",$E$9:$E$20) -> 0 | J26: =SUMIF(J$9:J$20,"X",$E$9:$E$20) -> 0 | K26: =SUMIF(K$9:K$20,"X",$E$9:$E$20) -> 0 | L26: =SUMIF(L$9:L$20,"X",$E$9:$E$20) -> 9.2499338 | M26: =SUMIF(M$9:M$20,"X",$E$9:$E$20) -> 0 | ... U26: =SUMIF(U$9:U$20,"X",$E$9:$E$20) -> 0
A27: % DA EXTENSÃO | F27: =IF($R29=0,0,F26/$R29) -> 0.60423762 | G27: =IF($R29=0,0,G26/$R29) -> 0.39576238 | H27: =IF($R29=0,0,H26/$R29) -> 0 | I27: =IF($R29=0,0,I26/$R29) -> 0 | J27: =IF($R29=0,0,J26/$R29) -> 0 | K27: =IF($R29=0,0,K26/$R29) -> 0 | L27: =IF($R29=0,0,L26/$R29) -> 1 | M27: =IF($R29=0,0,M26/$R29) -> 0 | ... U27: =IF($R29=0,0,U26/$R29) -> 0
A28: CONFERÊNCIA POR GRUPO | F28: =IF(SUM(F26:J26)=0,"— não preenchido",IF(ROUND(SUM(F26:J26)-$R29,3)=0,"OK — "&ROUND(SUM(F26:J26),3)&" km","ERRO — dif. de "&ROUND(SUM(F26:J26)-$R29,3)&" km")) -> OK — 9,25 km | K28: =IF(SUM(K26:L26)=0,"— não preenchido",IF(ROUND(SUM(K26:L26)-$R29,3)=0,"OK — "&ROUND(SUM(K26:L26),3)&" km","ERRO — dif. de "&ROUND(SUM(K26:L26)-$R29,3)&" km")) -> OK — 9,25 km | M28: =IF(SUM(M26:O26)=0,"— não preenchido",IF(ROUND(SUM(M26:O26)-$R29,3)=0,"OK — "&ROUND(SUM(M26:O26),3)&" km","ERRO — dif. de "&ROUND(SUM(M26:O26)-$R29,3)&" km")) -> OK — 9,25 km | P28: =IF(SUM(P26:R26)=0,"— não preenchido",IF(ROUND(SUM(P26:R26)-$R29,3)=0,"OK — "&ROUND(SUM(P26:R26),3)&" km","ERRO — dif. de "&ROUND(SUM(P26:R26)-$R29,3)&" km")) -> OK — 9,25 km | S28: =IF(SUM(S26:U26)=0,"— não preenchido",IF(ROUND(SUM(S26:U26)-$R29,3)=0,"OK — "&ROUND(SUM(S26:U26),3)&" km","ERRO — dif. de "&ROUND(SUM(S26:U26)-$R29,3)&" km")) -> OK — 9,25 km
A29: EXTENSÃO TOTAL DO TRECHO | R29: =SUM(E9:E20) -> 9.2499338 | V29: =COUNTIF(W9:W20,"OK")&" de "&COUNT($E$9:$E$20)&" linhas conferidas" -> 10 de 10 linhas conferidas
A31: LEGENDA
A32: REM. I. / REM. L. | E32: Remendos isolados (até 10 por km) · Remendos ao longo (mais de 10 por km)
A33: BUR. I. / BUR. L. | E33: Buracos isolados (até 5 por km) · Buracos ao longo (mais de 5 por km)
A34: SIT. | E34: PPS = pista simples · PSU = simples urbana · PDU = duplicada
A35: FAIXA AZUL | E35: Cabeçalho de cada S.R.E.: descrição, situação, jurisdição, extensão e coordenada de início.
A36: INÍCIO / FIM (KM) | E36: Contados de 0 até o fim de CADA S.R.E. Não é o marco quilométrico da rodovia.
A37: SENT. | E37: C = crescente · D = decrescente
A38: FAIXA CINZA | E38: Segmento fora do escopo do contrato: você passa por ele, mas não preenche.
A39: CÉLULA VERMELHA | E39: Mais de uma X no mesmo grupo. Apague uma delas.
A40: CONFERÊNCIA | E40: Só na tela, não sai impresso. Fica OK com uma X em cada grupo.

Sheet 5
A1: PROGRAMA DE MANUTENÇÃO RODOVIÁRIA — FICHA DE INSPEÇÃO — RODOVIAS PAVIMENTADAS | Y1: Valores dos gráficos — troca 0 por N/D para a fatia não aparecer. Não editar.
A2: REGIÃO: 1 — TOCANTINÓPOLIS | G2: MÊS / ANO: | I2: =IF('1'!I2="","",'1'!I2) -> 46266 | K2: DATA: | N2: =IF('1'!N2="","",'1'!N2) | P2: TÉCNICO: | R2: ENG. VINICIUS RODRIGUES FERREIRA DE OLIVEIRA | Y2: =IF(F49=0,NA(),F49) -> 21.142364 | Z2: =IF(G49=0,NA(),G49) -> 1.2344796 | AA2: =IF(H49=0,NA(),H49) -> 7.8623358 | AB2: =IF(I49=0,NA(),I49) -> #N/A | AC2: =IF(J49=0,NA(),J49) -> #N/A | AD2: =IF(K49=0,NA(),K49) -> #N/A | AE2: =IF(L49=0,NA(),L49) -> 30.23918 | AF2: =IF(M49=0,NA(),M49) -> #N/A | ... AN2: =IF(U49=0,NA(),U49) -> #N/A
A3: TRECHO 5 — RODOVIA TO-126 - TRECHO TOCANTINÓPOLIS - ENTR. BR-230 (AGUIARNÓPOLIS) | T3: EXTENSÃO: 30,239 km · 4 S.R.E.
A4: COMO PREENCHER: uma X em UMA coluna de cada grupo, por linha. Se houver mais de um defeito no mesmo km, marque o PREDOMINANTE e escreva o resto em OBSERVAÇÕES. A quilometragem é contada de 0 até o fim de CADA S.R.E. (não é o marco da rodovia).
A6: S.R.E. | B6: SENT. | C6: INÍCIO (KM) | D6: FIM (KM) | E6: EXT. (KM) | F6: CONDIÇÃO DO PAVIMENTO | K6: VEGETAÇÃO | M6: ELEM. DE DRENAGEM | P6: SIN. HORIZ. | S6: SIN. VERTICAL | V6: OBSERVAÇÕES | W6: CONFERÊNCIA (só na tela)
F7: BOM | G7: REM. I. | H7: REM. L. | I7: BUR. I. | J7: BUR. L. | K7: ADEQ. | L7: INAD. | M7: LIMPOS | N7: SUJOS | O7: DAN. | P7: BOM | Q7: REG. | R7: INEXIST. | S7: BOM | T7: POUCAS | U7: INEXIST.
A8: S.R.E. 126ETO0151 | PERÍMETRO URBANO TOCANTINOPOLIS | PDU · Municipal · 1.862 km · início: -6.309502, -47.426775
A9: 126ETO0151 | B9: C | C9: 0 | D9: 1 | E9: =D9-C9 -> 1 | H9: X | L9: X | N9: X | Q9: X | T9: X | W9: =IF(COUNTA(F9:U9)=0,"— não preenchido",IF(COUNTIF(F9:J9,"X")<>1,"FALTA/DUPLA: CONDIÇÃO DO PAVIMENTO",IF(COUNTIF(K9:L9,"X")<>1,"FALTA/DUPLA: VEGETAÇÃO",IF(COUNTIF(M9:O9,"X")<>1,"FALTA/DUPLA: ELEM. DE DRENAGEM",IF(COUNTIF(P9:R9,"X")<>1,"FALTA/DUPLA: SIN. HORIZ.",IF(COUNTIF(S9:U9,"X")<>1,"FALTA/DUPLA: SIN. VERTICAL","OK")))))) -> OK
A10: 126ETO0151 | B10: C | C10: 1 | D10: 1.8623358 | E10: =D10-C10 -> 0.8623358 | H10: X | L10: X | N10: X | Q10: X | T10: X | W10: =IF(COUNTA(F10:U10)=0,"— não preenchido",IF(COUNTIF(F10:J10,"X")<>1,"FALTA/DUPLA: CONDIÇÃO DO PAVIMENTO",IF(COUNTIF(K10:L10,"X")<>1,"FALTA/DUPLA: VEGETAÇÃO",IF(COUNTIF(M10:O10,"X")<>1,"FALTA/DUPLA: ELEM. DE DRENAGEM",IF(COUNTIF(P10:R10,"X")<>1,"FALTA/DUPLA: SIN. HORIZ.",IF(COUNTIF(S10:U10,"X")<>1,"FALTA/DUPLA: SIN. VERTICAL","OK")))))) -> OK
A11: S.R.E. 126ETO0190 | TOCANTINÓPOLIS *TRECHO URBANO* - ENTR. ACESSO TRIPA NORTE | PPS · Estadual · 22.490 km · início: -6.351776, -47.425948
A12: 126ETO0190 | B12: C | C12: 0 | D12: 1 | E12: =D12-C12 -> 1 | F12: X | L12: X | N12: X | Q12: X | T12: X | W12: =IF(COUNTA(F12:U12)=0,"— não preenchido",IF(COUNTIF(F12:J12,"X")<>1,"FALTA/DUPLA: CONDIÇÃO DO PAVIMENTO",IF(COUNTIF(K12:L12,"X")<>1,"FALTA/DUPLA: VEGETAÇÃO",IF(COUNTIF(M12:O12,"X")<>1,"FALTA/DUPLA: ELEM. DE DRENAGEM",IF(COUNTIF(P12:R12,"X")<>1,"FALTA/DUPLA: SIN. HORIZ.",IF(COUNTIF(S12:U12,"X")<>1,"FALTA/DUPLA: SIN. VERTICAL","OK")))))) -> OK
A13: 126ETO0190 | B13: C | C13: 1 | D13: 2 | E13: =D13-C13 -> 1 | F13: X | L13: X | N13: X | Q13: X | T13: X | W13: =IF(COUNTA(F13:U13)=0,"— não preenchido",IF(COUNTIF(F13:J13,"X")<>1,"FALTA/DUPLA: CONDIÇÃO DO PAVIMENTO",IF(COUNTIF(K13:L13,"X")<>1,"FALTA/DUPLA: VEGETAÇÃO",IF(COUNTIF(M13:O13,"X")<>1,"FALTA/DUPLA: ELEM. DE DRENAGEM",IF(COUNTIF(P13:R13,"X")<>1,"FALTA/DUPLA: SIN. HORIZ.",IF(COUNTIF(S13:U13,"X")<>1,"FALTA/DUPLA: SIN. VERTICAL","OK")))))) -> OK
A14: 126ETO0190 | B14: C | C14: 2 | D14: 3 | E14: =D14-C14 -> 1 | F14: X | L14: X | N14: X | Q14: X | T14: X | W14: =IF(COUNTA(F14:U14)=0,"— não preenchido",IF(COUNTIF(F14:J14,"X")<>1,"FALTA/DUPLA: CONDIÇÃO DO PAVIMENTO",IF(COUNTIF(K14:L14,"X")<>1,"FALTA/DUPLA: VEGETAÇÃO",IF(COUNTIF(M14:O14,"X")<>1,"FALTA/DUPLA: ELEM. DE DRENAGEM",IF(COUNTIF(P14:R14,"X")<>1,"FALTA/DUPLA: SIN. HORIZ.",IF(COUNTIF(S14:U14,"X")<>1,"FALTA/DUPLA: SIN. VERTICAL","OK")))))) -> OK
A15: 126ETO0190 | B15: C | C15: 3 | D15: 4 | E15: =D15-C15 -> 1 | F15: X | L15: X | N15: X | Q15: X | T15: X | W15: =IF(COUNTA(F15:U15)=0,"— não preenchido",IF(COUNTIF(F15:J15,"X")<>1,"FALTA/DUPLA: CONDIÇÃO DO PAVIMENTO",IF(COUNTIF(K15:L15,"X")<>1,"FALTA/DUPLA: VEGETAÇÃO",IF(COUNTIF(M15:O15,"X")<>1,"FALTA/DUPLA: ELEM. DE DRENAGEM",IF(COUNTIF(P15:R15,"X")<>1,"FALTA/DUPLA: SIN. HORIZ.",IF(COUNTIF(S15:U15,"X")<>1,"FALTA/DUPLA: SIN. VERTICAL","OK")))))) -> OK
A16: 126ETO0190 | B16: C | C16: 4 | D16: 5 | E16: =D16-C16 -> 1 | H16: X | L16: X | N16: X | Q16: X | T16: X | W16: =IF(COUNTA(F16:U16)=0,"— não preenchido",IF(COUNTIF(F16:J16,"X")<>1,"FALTA/DUPLA: CONDIÇÃO DO PAVIMENTO",IF(COUNTIF(K16:L16,"X")<>1,"FALTA/DUPLA: VEGETAÇÃO",IF(COUNTIF(M16:O16,"X")<>1,"FALTA/DUPLA: ELEM. DE DRENAGEM",IF(COUNTIF(P16:R16,"X")<>1,"FALTA/DUPLA: SIN. HORIZ.",IF(COUNTIF(S16:U16,"X")<>1,"FALTA/DUPLA: SIN. VERTICAL","OK")))))) -> OK
A17: 126ETO0190 | B17: C | C17: 5 | D17: 6 | E17: =D17-C17 -> 1 | H17: X | L17: X | N17: X | Q17: X | T17: X | W17: =IF(COUNTA(F17:U17)=0,"— não preenchido",IF(COUNTIF(F17:J17,"X")<>1,"FALTA/DUPLA: CONDIÇÃO DO PAVIMENTO",IF(COUNTIF(K17:L17,"X")<>1,"FALTA/DUPLA: VEGETAÇÃO",IF(COUNTIF(M17:O17,"X")<>1,"FALTA/DUPLA: ELEM. DE DRENAGEM",IF(COUNTIF(P17:R17,"X")<>1,"FALTA/DUPLA: SIN. HORIZ.",IF(COUNTIF(S17:U17,"X")<>1,"FALTA/DUPLA: SIN. VERTICAL","OK")))))) -> OK
A18: 126ETO0190 | B18: C | C18: 6 | D18: 7 | E18: =D18-C18 -> 1 | F18: X | L18: X | N18: X | Q18: X | T18: X | W18: =IF(COUNTA(F18:U18)=0,"— não preenchido",IF(COUNTIF(F18:J18,"X")<>1,"FALTA/DUPLA: CONDIÇÃO DO PAVIMENTO",IF(COUNTIF(K18:L18,"X")<>1,"FALTA/DUPLA: VEGETAÇÃO",IF(COUNTIF(M18:O18,"X")<>1,"FALTA/DUPLA: ELEM. DE DRENAGEM",IF(COUNTIF(P18:R18,"X")<>1,"FALTA/DUPLA: SIN. HORIZ.",IF(COUNTIF(S18:U18,"X")<>1,"FALTA/DUPLA: SIN. VERTICAL","OK")))))) -> OK
A19: 126ETO0190 | B19: C | C19: 7 | D19: 8 | E19: =D19-C19 -> 1 | F19: X | L19: X | N19: X | Q19: X | T19: X | W19: =IF(COUNTA(F19:U19)=0,"— não preenchido",IF(COUNTIF(F19:J19,"X")<>1,"FALTA/DUPLA: CONDIÇÃO DO PAVIMENTO",IF(COUNTIF(K19:L19,"X")<>1,"FALTA/DUPLA: VEGETAÇÃO",IF(COUNTIF(M19:O19,"X")<>1,"FALTA/DUPLA: ELEM. DE DRENAGEM",IF(COUNTIF(P19:R19,"X")<>1,"FALTA/DUPLA: SIN. HORIZ.",IF(COUNTIF(S19:U19,"X")<>1,"FALTA/DUPLA: SIN. VERTICAL","OK")))))) -> OK
A20: 126ETO0190 | B20: C | C20: 8 | D20: 9 | E20: =D20-C20 -> 1 | F20: X | L20: X | N20: X | Q20: X | T20: X | W20: =IF(COUNTA(F20:U20)=0,"— não preenchido",IF(COUNTIF(F20:J20,"X")<>1,"FALTA/DUPLA: CONDIÇÃO DO PAVIMENTO",IF(COUNTIF(K20:L20,"X")<>1,"FALTA/DUPLA: VEGETAÇÃO",IF(COUNTIF(M20:O20,"X")<>1,"FALTA/DUPLA: ELEM. DE DRENAGEM",IF(COUNTIF(P20:R20,"X")<>1,"FALTA/DUPLA: SIN. HORIZ.",IF(COUNTIF(S20:U20,"X")<>1,"FALTA/DUPLA: SIN. VERTICAL","OK")))))) -> OK
A21: 126ETO0190 | B21: C | C21: 9 | D21: 10 | E21: =D21-C21 -> 1 | F21: X | L21: X | N21: X | Q21: X | T21: X | W21: =IF(COUNTA(F21:U21)=0,"— não preenchido",IF(COUNTIF(F21:J21,"X")<>1,"FALTA/DUPLA: CONDIÇÃO DO PAVIMENTO",IF(COUNTIF(K21:L21,"X")<>1,"FALTA/DUPLA: VEGETAÇÃO",IF(COUNTIF(M21:O21,"X")<>1,"FALTA/DUPLA: ELEM. DE DRENAGEM",IF(COUNTIF(P21:R21,"X")<>1,"FALTA/DUPLA: SIN. HORIZ.",IF(COUNTIF(S21:U21,"X")<>1,"FALTA/DUPLA: SIN. VERTICAL","OK")))))) -> OK
A22: 126ETO0190 | B22: C | C22: 10 | D22: 11 | E22: =D22-C22 -> 1 | H22: X | L22: X | N22: X | Q22: X | T22: X | W22: =IF(COUNTA(F22:U22)=0,"— não preenchido",IF(COUNTIF(F22:J22,"X")<>1,"FALTA/DUPLA: CONDIÇÃO DO PAVIMENTO",IF(COUNTIF(K22:L22,"X")<>1,"FALTA/DUPLA: VEGETAÇÃO",IF(COUNTIF(M22:O22,"X")<>1,"FALTA/DUPLA: ELEM. DE DRENAGEM",IF(COUNTIF(P22:R22,"X")<>1,"FALTA/DUPLA: SIN. HORIZ.",IF(COUNTIF(S22:U22,"X")<>1,"FALTA/DUPLA: SIN. VERTICAL","OK")))))) -> OK
A23: 126ETO0190 | B23: C | C23: 11 | D23: 12 | E23: =D23-C23 -> 1 | H23: X | L23: X | N23: X | Q23: X | T23: X | W23: =IF(COUNTA(F23:U23)=0,"— não preenchido",IF(COUNTIF(F23:J23,"X")<>1,"FALTA/DUPLA: CONDIÇÃO DO PAVIMENTO",IF(COUNTIF(K23:L23,"X")<>1,"FALTA/DUPLA: VEGETAÇÃO",IF(COUNTIF(M23:O23,"X")<>1,"FALTA/DUPLA: ELEM. DE DRENAGEM",IF(COUNTIF(P23:R23,"X")<>1,"FALTA/DUPLA: SIN. HORIZ.",IF(COUNTIF(S23:U23,"X")<>1,"FALTA/DUPLA: SIN. VERTICAL","OK")))))) -> OK
A24: 126ETO0190 | B24: C | C24: 12 | D24: 13 | E24: =D24-C24 -> 1 | F24: X | L24: X | N24: X | Q24: X | T24: X | W24: =IF(COUNTA(F24:U24)=0,"— não preenchido",IF(COUNTIF(F24:J24,"X")<>1,"FALTA/DUPLA: CONDIÇÃO DO PAVIMENTO",IF(COUNTIF(K24:L24,"X")<>1,"FALTA/DUPLA: VEGETAÇÃO",IF(COUNTIF(M24:O24,"X")<>1,"FALTA/DUPLA: ELEM. DE DRENAGEM",IF(COUNTIF(P24:R24,"X")<>1,"FALTA/DUPLA: SIN. HORIZ.",IF(COUNTIF(S24:U24,"X")<>1,"FALTA/DUPLA: SIN. VERTICAL","OK")))))) -> OK
A25: 126ETO0190 | B25: C | C25: 13 | D25: 14 | E25: =D25-C25 -> 1 | F25: X | L25: X | N25: X | Q25: X | T25: X | W25: =IF(COUNTA(F25:U25)=0,"— não preenchido",IF(COUNTIF(F25:J25,"X")<>1,"FALTA/DUPLA: CONDIÇÃO DO PAVIMENTO",IF(COUNTIF(K25:L25,"X")<>1,"FALTA/DUPLA: VEGETAÇÃO",IF(COUNTIF(M25:O25,"X")<>1,"FALTA/DUPLA: ELEM. DE DRENAGEM",IF(COUNTIF(P25:R25,"X")<>1,"FALTA/DUPLA: SIN. HORIZ.",IF(COUNTIF(S25:U25,"X")<>1,"FALTA/DUPLA: SIN. VERTICAL","OK")))))) -> OK
A26: 126ETO0190 | B26: C | C26: 14 | D26: 15 | E26: =D26-C26 -> 1 | H26: X | L26: X | N26: X | P26: X | T26: X | W26: =IF(COUNTA(F26:U26)=0,"— não preenchido",IF(COUNTIF(F26:J26,"X")<>1,"FALTA/DUPLA: CONDIÇÃO DO PAVIMENTO",IF(COUNTIF(K26:L26,"X")<>1,"FALTA/DUPLA: VEGETAÇÃO",IF(COUNTIF(M26:O26,"X")<>1,"FALTA/DUPLA: ELEM. DE DRENAGEM",IF(COUNTIF(P26:R26,"X")<>1,"FALTA/DUPLA: SIN. HORIZ.",IF(COUNTIF(S26:U26,"X")<>1,"FALTA/DUPLA: SIN. VERTICAL","OK")))))) -> OK
A27: 126ETO0190 | B27: C | C27: 15 | D27: 16 | E27: =D27-C27 -> 1 | H27: X | L27: X | N27: X | P27: X | T27: X | W27: =IF(COUNTA(F27:U27)=0,"— não preenchido",IF(COUNTIF(F27:J27,"X")<>1,"FALTA/DUPLA: CONDIÇÃO DO PAVIMENTO",IF(COUNTIF(K27:L27,"X")<>1,"FALTA/DUPLA: VEGETAÇÃO",IF(COUNTIF(M27:O27,"X")<>1,"FALTA/DUPLA: ELEM. DE DRENAGEM",IF(COUNTIF(P27:R27,"X")<>1,"FALTA/DUPLA: SIN. HORIZ.",IF(COUNTIF(S27:U27,"X")<>1,"FALTA/DUPLA: SIN. VERTICAL","OK")))))) -> OK
A28: 126ETO0190 | B28: C | C28: 16 | D28: 17 | E28: =D28-C28 -> 1 | F28: X | L28: X | N28: X | P28: X | T28: X | W28: =IF(COUNTA(F28:U28)=0,"— não preenchido",IF(COUNTIF(F28:J28,"X")<>1,"FALTA/DUPLA: CONDIÇÃO DO PAVIMENTO",IF(COUNTIF(K28:L28,"X")<>1,"FALTA/DUPLA: VEGETAÇÃO",IF(COUNTIF(M28:O28,"X")<>1,"FALTA/DUPLA: ELEM. DE DRENAGEM",IF(COUNTIF(P28:R28,"X")<>1,"FALTA/DUPLA: SIN. HORIZ.",IF(COUNTIF(S28:U28,"X")<>1,"FALTA/DUPLA: SIN. VERTICAL","OK")))))) -> OK
A29: 126ETO0190 | B29: C | C29: 17 | D29: 18 | E29: =D29-C29 -> 1 | F29: X | L29: X | N29: X | P29: X | T29: X | W29: =IF(COUNTA(F29:U29)=0,"— não preenchido",IF(COUNTIF(F29:J29,"X")<>1,"FALTA/DUPLA: CONDIÇÃO DO PAVIMENTO",IF(COUNTIF(K29:L29,"X")<>1,"FALTA/DUPLA: VEGETAÇÃO",IF(COUNTIF(M29:O29,"X")<>1,"FALTA/DUPLA: ELEM. DE DRENAGEM",IF(COUNTIF(P29:R29,"X")<>1,"FALTA/DUPLA: SIN. HORIZ.",IF(COUNTIF(S29:U29,"X")<>1,"FALTA/DUPLA: SIN. VERTICAL","OK")))))) -> OK
A30: 126ETO0190 | B30: C | C30: 18 | D30: 19 | E30: =D30-C30 -> 1 | F30: X | L30: X | N30: X | P30: X | T30: X | W30: =IF(COUNTA(F30:U30)=0,"— não preenchido",IF(COUNTIF(F30:J30,"X")<>1,"FALTA/DUPLA: CONDIÇÃO DO PAVIMENTO",IF(COUNTIF(K30:L30,"X")<>1,"FALTA/DUPLA: VEGETAÇÃO",IF(COUNTIF(M30:O30,"X")<>1,"FALTA/DUPLA: ELEM. DE DRENAGEM",IF(COUNTIF(P30:R30,"X")<>1,"FALTA/DUPLA: SIN. HORIZ.",IF(COUNTIF(S30:U30,"X")<>1,"FALTA/DUPLA: SIN. VERTICAL","OK")))))) -> OK
A31: 126ETO0190 | B31: C | C31: 19 | D31: 20 | E31: =D31-C31 -> 1 | F31: X | L31: X | N31: X | P31: X | T31: X | W31: =IF(COUNTA(F31:U31)=0,"— não preenchido",IF(COUNTIF(F31:J31,"X")<>1,"FALTA/DUPLA: CONDIÇÃO DO PAVIMENTO",IF(COUNTIF(K31:L31,"X")<>1,"FALTA/DUPLA: VEGETAÇÃO",IF(COUNTIF(M31:O31,"X")<>1,"FALTA/DUPLA: ELEM. DE DRENAGEM",IF(COUNTIF(P31:R31,"X")<>1,"FALTA/DUPLA: SIN. HORIZ.",IF(COUNTIF(S31:U31,"X")<>1,"FALTA/DUPLA: SIN. VERTICAL","OK")))))) -> OK
A32: 126ETO0190 | B32: C | C32: 20 | D32: 21 | E32: =D32-C32 -> 1 | F32: X | L32: X | N32: X | P32: X | T32: X | W32: =IF(COUNTA(F32:U32)=0,"— não preenchido",IF(COUNTIF(F32:J32,"X")<>1,"FALTA/DUPLA: CONDIÇÃO DO PAVIMENTO",IF(COUNTIF(K32:L32,"X")<>1,"FALTA/DUPLA: VEGETAÇÃO",IF(COUNTIF(M32:O32,"X")<>1,"FALTA/DUPLA: ELEM. DE DRENAGEM",IF(COUNTIF(P32:R32,"X")<>1,"FALTA/DUPLA: SIN. HORIZ.",IF(COUNTIF(S32:U32,"X")<>1,"FALTA/DUPLA: SIN. VERTICAL","OK")))))) -> OK
A33: 126ETO0190 | B33: C | C33: 21 | D33: 22 | E33: =D33-C33 -> 1 | F33: X | L33: X | N33: X | P33: X | T33: X | W33: =IF(COUNTA(F33:U33)=0,"— não preenchido",IF(COUNTIF(F33:J33,"X")<>1,"FALTA/DUPLA: CONDIÇÃO DO PAVIMENTO",IF(COUNTIF(K33:L33,"X")<>1,"FALTA/DUPLA: VEGETAÇÃO",IF(COUNTIF(M33:O33,"X")<>1,"FALTA/DUPLA: ELEM. DE DRENAGEM",IF(COUNTIF(P33:R33,"X")<>1,"FALTA/DUPLA: SIN. HORIZ.",IF(COUNTIF(S33:U33,"X")<>1,"FALTA/DUPLA: SIN. VERTICAL","OK")))))) -> OK
A34: 126ETO0190 | B34: C | C34: 22 | D34: 22.489852 | E34: =D34-C34 -> 0.48985245 | F34: X | L34: X | N34: X | P34: X | T34: X | W34: =IF(COUNTA(F34:U34)=0,"— não preenchido",IF(COUNTIF(F34:J34,"X")<>1,"FALTA/DUPLA: CONDIÇÃO DO PAVIMENTO",IF(COUNTIF(K34:L34,"X")<>1,"FALTA/DUPLA: VEGETAÇÃO",IF(COUNTIF(M34:O34,"X")<>1,"FALTA/DUPLA: ELEM. DE DRENAGEM",IF(COUNTIF(P34:R34,"X")<>1,"FALTA/DUPLA: SIN. HORIZ.",IF(COUNTIF(S34:U34,"X")<>1,"FALTA/DUPLA: SIN. VERTICAL","OK")))))) -> OK
A35: S.R.E. 126ETO0200 | ENTR. ACESSO TRIPA NORTE - ENTR. BR-230 | PPS · Estadual · 3.234 km · início: -6.513815, -47.479804
A36: 126ETO0200 | B36: C | C36: 0 | D36: 1 | E36: =D36-C36 -> 1 | F36: X | L36: X | N36: X | P36: X | T36: X | W36: =IF(COUNTA(F36:U36)=0,"— não preenchido",IF(COUNTIF(F36:J36,"X")<>1,"FALTA/DUPLA: CONDIÇÃO DO PAVIMENTO",IF(COUNTIF(K36:L36,"X")<>1,"FALTA/DUPLA: VEGETAÇÃO",IF(COUNTIF(M36:O36,"X")<>1,"FALTA/DUPLA: ELEM. DE DRENAGEM",IF(COUNTIF(P36:R36,"X")<>1,"FALTA/DUPLA: SIN. HORIZ.",IF(COUNTIF(S36:U36,"X")<>1,"FALTA/DUPLA: SIN. VERTICAL","OK")))))) -> OK
A37: 126ETO0200 | B37: C | C37: 1 | D37: 2 | E37: =D37-C37 -> 1 | F37: X | L37: X | N37: X | P37: X | T37: X | W37: =IF(COUNTA(F37:U37)=0,"— não preenchido",IF(COUNTIF(F37:J37,"X")<>1,"FALTA/DUPLA: CONDIÇÃO DO PAVIMENTO",IF(COUNTIF(K37:L37,"X")<>1,"FALTA/DUPLA: VEGETAÇÃO",IF(COUNTIF(M37:O37,"X")<>1,"FALTA/DUPLA: ELEM. DE DRENAGEM",IF(COUNTIF(P37:R37,"X")<>1,"FALTA/DUPLA: SIN. HORIZ.",IF(COUNTIF(S37:U37,"X")<>1,"FALTA/DUPLA: SIN. VERTICAL","OK")))))) -> OK
A38: 126ETO0200 | B38: C | C38: 2 | D38: 3 | E38: =D38-C38 -> 1 | G38: X | L38: X | N38: X | P38: X | T38: X | W38: =IF(COUNTA(F38:U38)=0,"— não preenchido",IF(COUNTIF(F38:J38,"X")<>1,"FALTA/DUPLA: CONDIÇÃO DO PAVIMENTO",IF(COUNTIF(K38:L38,"X")<>1,"FALTA/DUPLA: VEGETAÇÃO",IF(COUNTIF(M38:O38,"X")<>1,"FALTA/DUPLA: ELEM. DE DRENAGEM",IF(COUNTIF(P38:R38,"X")<>1,"FALTA/DUPLA: SIN. HORIZ.",IF(COUNTIF(S38:U38,"X")<>1,"FALTA/DUPLA: SIN. VERTICAL","OK")))))) -> OK
A39: 126ETO0200 | B39: C | C39: 3 | D39: 3.2344796 | E39: =D39-C39 -> 0.23447965 | G39: X | L39: X | N39: X | P39: X | T39: X | W39: =IF(COUNTA(F39:U39)=0,"— não preenchido",IF(COUNTIF(F39:J39,"X")<>1,"FALTA/DUPLA: CONDIÇÃO DO PAVIMENTO",IF(COUNTIF(K39:L39,"X")<>1,"FALTA/DUPLA: VEGETAÇÃO",IF(COUNTIF(M39:O39,"X")<>1,"FALTA/DUPLA: ELEM. DE DRENAGEM",IF(COUNTIF(P39:R39,"X")<>1,"FALTA/DUPLA: SIN. HORIZ.",IF(COUNTIF(S39:U39,"X")<>1,"FALTA/DUPLA: SIN. VERTICAL","OK")))))) -> OK
A40: S.R.E. ACESSO01 | ENTR.TO-126 - ASA NORTE (código antigo: ACESSO) | PPS · Estadual · 2.653 km · início: -6.513815, -47.479804
A41: ACESSO01 | B41: C | C41: 0 | D41: 1 | E41: =D41-C41 -> 1 | F41: X | L41: X | N41: X | P41: X | T41: X | W41: =IF(COUNTA(F41:U41)=0,"— não preenchido",IF(COUNTIF(F41:J41,"X")<>1,"FALTA/DUPLA: CONDIÇÃO DO PAVIMENTO",IF(COUNTIF(K41:L41,"X")<>1,"FALTA/DUPLA: VEGETAÇÃO",IF(COUNTIF(M41:O41,"X")<>1,"FALTA/DUPLA: ELEM. DE DRENAGEM",IF(COUNTIF(P41:R41,"X")<>1,"FALTA/DUPLA: SIN. HORIZ.",IF(COUNTIF(S41:U41,"X")<>1,"FALTA/DUPLA: SIN. VERTICAL","OK")))))) -> OK
A42: ACESSO01 | B42: C | C42: 1 | D42: 2 | E42: =D42-C42 -> 1 | F42: X | L42: X | N42: X | P42: X | T42: X | W42: =IF(COUNTA(F42:U42)=0,"— não preenchido",IF(COUNTIF(F42:J42,"X")<>1,"FALTA/DUPLA: CONDIÇÃO DO PAVIMENTO",IF(COUNTIF(K42:L42,"X")<>1,"FALTA/DUPLA: VEGETAÇÃO",IF(COUNTIF(M42:O42,"X")<>1,"FALTA/DUPLA: ELEM. DE DRENAGEM",IF(COUNTIF(P42:R42,"X")<>1,"FALTA/DUPLA: SIN. HORIZ.",IF(COUNTIF(S42:U42,"X")<>1,"FALTA/DUPLA: SIN. VERTICAL","OK")))))) -> OK
A43: ACESSO01 | B43: C | C43: 2 | D43: 2.6525119 | E43: =D43-C43 -> 0.65251187 | F43: X | L43: X | N43: X | P43: X | T43: X | W43: =IF(COUNTA(F43:U43)=0,"— não preenchido",IF(COUNTIF(F43:J43,"X")<>1,"FALTA/DUPLA: CONDIÇÃO DO PAVIMENTO",IF(COUNTIF(K43:L43,"X")<>1,"FALTA/DUPLA: VEGETAÇÃO",IF(COUNTIF(M43:O43,"X")<>1,"FALTA/DUPLA: ELEM. DE DRENAGEM",IF(COUNTIF(P43:R43,"X")<>1,"FALTA/DUPLA: SIN. HORIZ.",IF(COUNTIF(S43:U43,"X")<>1,"FALTA/DUPLA: SIN. VERTICAL","OK")))))) -> OK
A45: ____________________________________________ | G45: ____________________________________________
A46: TÉCNICO RESPONSÁVEL PELA INSPEÇÃO | G46: VISTO DA SUPERVISÃO
A48: RESUMO DO TRECHO — KM LANÇADO POR ITEM
A49: KM LANÇADO | F49: =SUMIF(F$9:F$43,"X",$E$9:$E$43) -> 21.142364 | G49: =SUMIF(G$9:G$43,"X",$E$9:$E$43) -> 1.2344796 | H49: =SUMIF(H$9:H$43,"X",$E$9:$E$43) -> 7.8623358 | I49: =SUMIF(I$9:I$43,"X",$E$9:$E$43) -> 0 | J49: =SUMIF(J$9:J$43,"X",$E$9:$E$43) -> 0 | K49: =SUMIF(K$9:K$43,"X",$E$9:$E$43) -> 0 | L49: =SUMIF(L$9:L$43,"X",$E$9:$E$43) -> 30.23918 | M49: =SUMIF(M$9:M$43,"X",$E$9:$E$43) -> 0 | ... U49: =SUMIF(U$9:U$43,"X",$E$9:$E$43) -> 0
A50: % DA EXTENSÃO | F50: =IF($R52=0,0,F49/$R52) -> 0.69917122 | G50: =IF($R52=0,0,G49/$R52) -> 0.040823847 | H50: =IF($R52=0,0,H49/$R52) -> 0.26000493 | I50: =IF($R52=0,0,I49/$R52) -> 0 | J50: =IF($R52=0,0,J49/$R52) -> 0 | K50: =IF($R52=0,0,K49/$R52) -> 0 | L50: =IF($R52=0,0,L49/$R52) -> 1 | M50: =IF($R52=0,0,M49/$R52) -> 0 | ... U50: =IF($R52=0,0,U49/$R52) -> 0
A51: CONFERÊNCIA POR GRUPO | F51: =IF(SUM(F49:J49)=0,"— não preenchido",IF(ROUND(SUM(F49:J49)-$R52,3)=0,"OK — "&ROUND(SUM(F49:J49),3)&" km","ERRO — dif. de "&ROUND(SUM(F49:J49)-$R52,3)&" km")) -> OK — 30,239 km | K51: =IF(SUM(K49:L49)=0,"— não preenchido",IF(ROUND(SUM(K49:L49)-$R52,3)=0,"OK — "&ROUND(SUM(K49:L49),3)&" km","ERRO — dif. de "&ROUND(SUM(K49:L49)-$R52,3)&" km")) -> OK — 30,239 km | M51: =IF(SUM(M49:O49)=0,"— não preenchido",IF(ROUND(SUM(M49:O49)-$R52,3)=0,"OK — "&ROUND(SUM(M49:O49),3)&" km","ERRO — dif. de "&ROUND(SUM(M49:O49)-$R52,3)&" km")) -> OK — 30,239 km | P51: =IF(SUM(P49:R49)=0,"— não preenchido",IF(ROUND(SUM(P49:R49)-$R52,3)=0,"OK — "&ROUND(SUM(P49:R49),3)&" km","ERRO — dif. de "&ROUND(SUM(P49:R49)-$R52,3)&" km")) -> OK — 30,239 km | S51: =IF(SUM(S49:U49)=0,"— não preenchido",IF(ROUND(SUM(S49:U49)-$R52,3)=0,"OK — "&ROUND(SUM(S49:U49),3)&" km","ERRO — dif. de "&ROUND(SUM(S49:U49)-$R52,3)&" km")) -> OK — 30,239 km
A52: EXTENSÃO TOTAL DO TRECHO | R52: =SUM(E9:E43) -> 30.23918 | V52: =COUNTIF(W9:W43,"OK")&" de "&COUNT($E$9:$E$43)&" linhas conferidas" -> 32 de 32 linhas conferidas
A54: LEGENDA
A55: REM. I. / REM. L. | E55: Remendos isolados (até 10 por km) · Remendos ao longo (mais de 10 por km)
A56: BUR. I. / BUR. L. | E56: Buracos isolados (até 5 por km) · Buracos ao longo (mais de 5 por km)
A57: SIT. | E57: PPS = pista simples · PSU = simples urbana · PDU = duplicada
A58: FAIXA AZUL | E58: Cabeçalho de cada S.R.E.: descrição, situação, jurisdição, extensão e coordenada de início.
A59: INÍCIO / FIM (KM) | E59: Contados de 0 até o fim de CADA S.R.E. Não é o marco quilométrico da rodovia.
A60: SENT. | E60: C = crescente · D = decrescente
A61: FAIXA CINZA | E61: Segmento fora do escopo do contrato: você passa por ele, mas não preenche.
A62: CÉLULA VERMELHA | E62: Mais de uma X no mesmo grupo. Apague uma delas.
A63: CONFERÊNCIA | E63: Só na tela, não sai impresso. Fica OK com uma X em cada grupo.

Sheet 6
A1: PROGRAMA DE MANUTENÇÃO RODOVIÁRIA — FICHA DE INSPEÇÃO — RODOVIAS PAVIMENTADAS | Y1: Valores dos gráficos — troca 0 por N/D para a fatia não aparecer. Não editar.
A2: REGIÃO: 1 — TOCANTINÓPOLIS | G2: MÊS / ANO: | I2: =IF('1'!I2="","",'1'!I2) -> 46266 | K2: DATA: | N2: =IF('1'!N2="","",'1'!N2) | P2: TÉCNICO: | R2: ENG. VINICIUS RODRIGUES FERREIRA DE OLIVEIRA | Y2: =IF(F24=0,NA(),F24) -> 5.5139277 | Z2: =IF(G24=0,NA(),G24) -> 1 | AA2: =IF(H24=0,NA(),H24) -> #N/A | AB2: =IF(I24=0,NA(),I24) -> 2 | AC2: =IF(J24=0,NA(),J24) -> #N/A | AD2: =IF(K24=0,NA(),K24) -> #N/A | AE2: =IF(L24=0,NA(),L24) -> 8.5139277 | AF2: =IF(M24=0,NA(),M24) -> #N/A | ... AN2: =IF(U24=0,NA(),U24) -> #N/A
A3: TRECHO 6 — RODOVIA TO-126 - TRECHO MAURILÂNDIA - TOCANTINÓPOLIS | T3: EXTENSÃO: 8,514 km · 2 S.R.E.
A4: COMO PREENCHER: uma X em UMA coluna de cada grupo, por linha. Se houver mais de um defeito no mesmo km, marque o PREDOMINANTE e escreva o resto em OBSERVAÇÕES. A quilometragem é contada de 0 até o fim de CADA S.R.E. (não é o marco da rodovia).
A6: S.R.E. | B6: SENT. | C6: INÍCIO (KM) | D6: FIM (KM) | E6: EXT. (KM) | F6: CONDIÇÃO DO PAVIMENTO | K6: VEGETAÇÃO | M6: ELEM. DE DRENAGEM | P6: SIN. HORIZ. | S6: SIN. VERTICAL | V6: OBSERVAÇÕES | W6: CONFERÊNCIA (só na tela)
F7: BOM | G7: REM. I. | H7: REM. L. | I7: BUR. I. | J7: BUR. L. | K7: ADEQ. | L7: INAD. | M7: LIMPOS | N7: SUJOS | O7: DAN. | P7: BOM | Q7: REG. | R7: INEXIST. | S7: BOM | T7: POUCAS | U7: INEXIST.
A8: S.R.E. 126ETO0140 | RIBEIRÃO GRANDE - FOLHA GROSSA | PPS · Estadual · 5.529 km · início: -6.259847, -47.460821
A9: 126ETO0140 | B9: C | C9: 0 | D9: 1 | E9: =D9-C9 -> 1 | F9: X | L9: X | N9: X | P9: X | S9: X | W9: =IF(COUNTA(F9:U9)=0,"— não preenchido",IF(COUNTIF(F9:J9,"X")<>1,"FALTA/DUPLA: CONDIÇÃO DO PAVIMENTO",IF(COUNTIF(K9:L9,"X")<>1,"FALTA/DUPLA: VEGETAÇÃO",IF(COUNTIF(M9:O9,"X")<>1,"FALTA/DUPLA: ELEM. DE DRENAGEM",IF(COUNTIF(P9:R9,"X")<>1,"FALTA/DUPLA: SIN. HORIZ.",IF(COUNTIF(S9:U9,"X")<>1,"FALTA/DUPLA: SIN. VERTICAL","OK")))))) -> OK
A10: 126ETO0140 | B10: C | C10: 1 | D10: 2 | E10: =D10-C10 -> 1 | G10: X | L10: X | N10: X | P10: X | S10: X | W10: =IF(COUNTA(F10:U10)=0,"— não preenchido",IF(COUNTIF(F10:J10,"X")<>1,"FALTA/DUPLA: CONDIÇÃO DO PAVIMENTO",IF(COUNTIF(K10:L10,"X")<>1,"FALTA/DUPLA: VEGETAÇÃO",IF(COUNTIF(M10:O10,"X")<>1,"FALTA/DUPLA: ELEM. DE DRENAGEM",IF(COUNTIF(P10:R10,"X")<>1,"FALTA/DUPLA: SIN. HORIZ.",IF(COUNTIF(S10:U10,"X")<>1,"FALTA/DUPLA: SIN. VERTICAL","OK")))))) -> OK
A11: 126ETO0140 | B11: C | C11: 2 | D11: 3 | E11: =D11-C11 -> 1 | I11: X | L11: X | N11: X | P11: X | S11: X | W11: =IF(COUNTA(F11:U11)=0,"— não preenchido",IF(COUNTIF(F11:J11,"X")<>1,"FALTA/DUPLA: CONDIÇÃO DO PAVIMENTO",IF(COUNTIF(K11:L11,"X")<>1,"FALTA/DUPLA: VEGETAÇÃO",IF(COUNTIF(M11:O11,"X")<>1,"FALTA/DUPLA: ELEM. DE DRENAGEM",IF(COUNTIF(P11:R11,"X")<>1,"FALTA/DUPLA: SIN. HORIZ.",IF(COUNTIF(S11:U11,"X")<>1,"FALTA/DUPLA: SIN. VERTICAL","OK")))))) -> OK
A12: 126ETO0140 | B12: C | C12: 3 | D12: 4 | E12: =D12-C12 -> 1 | F12: X | L12: X | N12: X | P12: X | S12: X | W12: =IF(COUNTA(F12:U12)=0,"— não preenchido",IF(COUNTIF(F12:J12,"X")<>1,"FALTA/DUPLA: CONDIÇÃO DO PAVIMENTO",IF(COUNTIF(K12:L12,"X")<>1,"FALTA/DUPLA: VEGETAÇÃO",IF(COUNTIF(M12:O12,"X")<>1,"FALTA/DUPLA: ELEM. DE DRENAGEM",IF(COUNTIF(P12:R12,"X")<>1,"FALTA/DUPLA: SIN. HORIZ.",IF(COUNTIF(S12:U12,"X")<>1,"FALTA/DUPLA: SIN. VERTICAL","OK")))))) -> OK
A13: 126ETO0140 | B13: C | C13: 4 | D13: 5 | E13: =D13-C13 -> 1 | I13: X | L13: X | N13: X | P13: X | S13: X | W13: =IF(COUNTA(F13:U13)=0,"— não preenchido",IF(COUNTIF(F13:J13,"X")<>1,"FALTA/DUPLA: CONDIÇÃO DO PAVIMENTO",IF(COUNTIF(K13:L13,"X")<>1,"FALTA/DUPLA: VEGETAÇÃO",IF(COUNTIF(M13:O13,"X")<>1,"FALTA/DUPLA: ELEM. DE DRENAGEM",IF(COUNTIF(P13:R13,"X")<>1,"FALTA/DUPLA: SIN. HORIZ.",IF(COUNTIF(S13:U13,"X")<>1,"FALTA/DUPLA: SIN. VERTICAL","OK")))))) -> OK
A14: 126ETO0140 | B14: C | C14: 5 | D14: 5.5291153 | E14: =D14-C14 -> 0.52911526 | F14: X | L14: X | N14: X | Q14: X | S14: X | W14: =IF(COUNTA(F14:U14)=0,"— não preenchido",IF(COUNTIF(F14:J14,"X")<>1,"FALTA/DUPLA: CONDIÇÃO DO PAVIMENTO",IF(COUNTIF(K14:L14,"X")<>1,"FALTA/DUPLA: VEGETAÇÃO",IF(COUNTIF(M14:O14,"X")<>1,"FALTA/DUPLA: ELEM. DE DRENAGEM",IF(COUNTIF(P14:R14,"X")<>1,"FALTA/DUPLA: SIN. HORIZ.",IF(COUNTIF(S14:U14,"X")<>1,"FALTA/DUPLA: SIN. VERTICAL","OK")))))) -> OK
A15: S.R.E. 126ETO0150 | FOLHA GROSSA - TOCANTINÓPOLIS *TRECHO URBANO* | PPS · Estadual · 2.985 km · início: -6.297776, -47.440934
A16: 126ETO0150 | B16: C | C16: 0 | D16: 1 | E16: =D16-C16 -> 1 | F16: X | L16: X | N16: X | P16: X | S16: X | W16: =IF(COUNTA(F16:U16)=0,"— não preenchido",IF(COUNTIF(F16:J16,"X")<>1,"FALTA/DUPLA: CONDIÇÃO DO PAVIMENTO",IF(COUNTIF(K16:L16,"X")<>1,"FALTA/DUPLA: VEGETAÇÃO",IF(COUNTIF(M16:O16,"X")<>1,"FALTA/DUPLA: ELEM. DE DRENAGEM",IF(COUNTIF(P16:R16,"X")<>1,"FALTA/DUPLA: SIN. HORIZ.",IF(COUNTIF(S16:U16,"X")<>1,"FALTA/DUPLA: SIN. VERTICAL","OK")))))) -> OK
A17: 126ETO0150 | B17: C | C17: 1 | D17: 2 | E17: =D17-C17 -> 1 | F17: X | L17: X | N17: X | P17: X | S17: X | W17: =IF(COUNTA(F17:U17)=0,"— não preenchido",IF(COUNTIF(F17:J17,"X")<>1,"FALTA/DUPLA: CONDIÇÃO DO PAVIMENTO",IF(COUNTIF(K17:L17,"X")<>1,"FALTA/DUPLA: VEGETAÇÃO",IF(COUNTIF(M17:O17,"X")<>1,"FALTA/DUPLA: ELEM. DE DRENAGEM",IF(COUNTIF(P17:R17,"X")<>1,"FALTA/DUPLA: SIN. HORIZ.",IF(COUNTIF(S17:U17,"X")<>1,"FALTA/DUPLA: SIN. VERTICAL","OK")))))) -> OK
A18: 126ETO0150 | B18: C | C18: 2 | D18: 2.9848124 | E18: =D18-C18 -> 0.98481245 | F18: X | L18: X | N18: X | P18: X | S18: X | W18: =IF(COUNTA(F18:U18)=0,"— não preenchido",IF(COUNTIF(F18:J18,"X")<>1,"FALTA/DUPLA: CONDIÇÃO DO PAVIMENTO",IF(COUNTIF(K18:L18,"X")<>1,"FALTA/DUPLA: VEGETAÇÃO",IF(COUNTIF(M18:O18,"X")<>1,"FALTA/DUPLA: ELEM. DE DRENAGEM",IF(COUNTIF(P18:R18,"X")<>1,"FALTA/DUPLA: SIN. HORIZ.",IF(COUNTIF(S18:U18,"X")<>1,"FALTA/DUPLA: SIN. VERTICAL","OK")))))) -> OK
A20: ____________________________________________ | G20: ____________________________________________
A21: TÉCNICO RESPONSÁVEL PELA INSPEÇÃO | G21: VISTO DA SUPERVISÃO
A23: RESUMO DO TRECHO — KM LANÇADO POR ITEM
A24: KM LANÇADO | F24: =SUMIF(F$9:F$18,"X",$E$9:$E$18) -> 5.5139277 | G24: =SUMIF(G$9:G$18,"X",$E$9:$E$18) -> 1 | H24: =SUMIF(H$9:H$18,"X",$E$9:$E$18) -> 0 | I24: =SUMIF(I$9:I$18,"X",$E$9:$E$18) -> 2 | J24: =SUMIF(J$9:J$18,"X",$E$9:$E$18) -> 0 | K24: =SUMIF(K$9:K$18,"X",$E$9:$E$18) -> 0 | L24: =SUMIF(L$9:L$18,"X",$E$9:$E$18) -> 8.5139277 | M24: =SUMIF(M$9:M$18,"X",$E$9:$E$18) -> 0 | ... U24: =SUMIF(U$9:U$18,"X",$E$9:$E$18) -> 0
A25: % DA EXTENSÃO | F25: =IF($R27=0,0,F24/$R27) -> 0.64763619 | G25: =IF($R27=0,0,G24/$R27) -> 0.1174546 | H25: =IF($R27=0,0,H24/$R27) -> 0 | I25: =IF($R27=0,0,I24/$R27) -> 0.23490921 | J25: =IF($R27=0,0,J24/$R27) -> 0 | K25: =IF($R27=0,0,K24/$R27) -> 0 | L25: =IF($R27=0,0,L24/$R27) -> 1 | M25: =IF($R27=0,0,M24/$R27) -> 0 | ... U25: =IF($R27=0,0,U24/$R27) -> 0
A26: CONFERÊNCIA POR GRUPO | F26: =IF(SUM(F24:J24)=0,"— não preenchido",IF(ROUND(SUM(F24:J24)-$R27,3)=0,"OK — "&ROUND(SUM(F24:J24),3)&" km","ERRO — dif. de "&ROUND(SUM(F24:J24)-$R27,3)&" km")) -> OK — 8,514 km | K26: =IF(SUM(K24:L24)=0,"— não preenchido",IF(ROUND(SUM(K24:L24)-$R27,3)=0,"OK — "&ROUND(SUM(K24:L24),3)&" km","ERRO — dif. de "&ROUND(SUM(K24:L24)-$R27,3)&" km")) -> OK — 8,514 km | M26: =IF(SUM(M24:O24)=0,"— não preenchido",IF(ROUND(SUM(M24:O24)-$R27,3)=0,"OK — "&ROUND(SUM(M24:O24),3)&" km","ERRO — dif. de "&ROUND(SUM(M24:O24)-$R27,3)&" km")) -> OK — 8,514 km | P26: =IF(SUM(P24:R24)=0,"— não preenchido",IF(ROUND(SUM(P24:R24)-$R27,3)=0,"OK — "&ROUND(SUM(P24:R24),3)&" km","ERRO — dif. de "&ROUND(SUM(P24:R24)-$R27,3)&" km")) -> OK — 8,514 km | S26: =IF(SUM(S24:U24)=0,"— não preenchido",IF(ROUND(SUM(S24:U24)-$R27,3)=0,"OK — "&ROUND(SUM(S24:U24),3)&" km","ERRO — dif. de "&ROUND(SUM(S24:U24)-$R27,3)&" km")) -> OK — 8,514 km
A27: EXTENSÃO TOTAL DO TRECHO | R27: =SUM(E9:E18) -> 8.5139277 | V27: =COUNTIF(W9:W18,"OK")&" de "&COUNT($E$9:$E$18)&" linhas conferidas" -> 9 de 9 linhas conferidas
A29: LEGENDA
A30: REM. I. / REM. L. | E30: Remendos isolados (até 10 por km) · Remendos ao longo (mais de 10 por km)
A31: BUR. I. / BUR. L. | E31: Buracos isolados (até 5 por km) · Buracos ao longo (mais de 5 por km)
A32: SIT. | E32: PPS = pista simples · PSU = simples urbana · PDU = duplicada
A33: FAIXA AZUL | E33: Cabeçalho de cada S.R.E.: descrição, situação, jurisdição, extensão e coordenada de início.
A34: INÍCIO / FIM (KM) | E34: Contados de 0 até o fim de CADA S.R.E. Não é o marco quilométrico da rodovia.
A35: SENT. | E35: C = crescente · D = decrescente
A36: FAIXA CINZA | E36: Segmento fora do escopo do contrato: você passa por ele, mas não preenche.
A37: CÉLULA VERMELHA | E37: Mais de uma X no mesmo grupo. Apague uma delas.
A38: CONFERÊNCIA | E38: Só na tela, não sai impresso. Fica OK com uma X em cada grupo.

Sheet 7
A1: PROGRAMA DE MANUTENÇÃO RODOVIÁRIA — FICHA DE INSPEÇÃO — RODOVIAS PAVIMENTADAS | Y1: Valores dos gráficos — troca 0 por N/D para a fatia não aparecer. Não editar.
A2: REGIÃO: 1 — TOCANTINÓPOLIS | G2: MÊS / ANO: | I2: =IF('1'!I2="","",'1'!I2) -> 46266 | K2: DATA: | N2: =IF('1'!N2="","",'1'!N2) | P2: TÉCNICO: | R2: ENG. VINICIUS RODRIGUES FERREIRA DE OLIVEIRA | Y2: =IF(F37=0,NA(),F37) -> 13.660088 | Z2: =IF(G37=0,NA(),G37) -> 3 | AA2: =IF(H37=0,NA(),H37) -> #N/A | AB2: =IF(I37=0,NA(),I37) -> 5 | AC2: =IF(J37=0,NA(),J37) -> #N/A | AD2: =IF(K37=0,NA(),K37) -> #N/A | AE2: =IF(L37=0,NA(),L37) -> 21.660088 | AF2: =IF(M37=0,NA(),M37) -> 15.660088 | ... AN2: =IF(U37=0,NA(),U37) -> #N/A
A3: TRECHO 7 — RODOVIA TO-126 - TRECHO ITAGUATINS - MAURILÂNDIA DO TOCANTINS | T3: EXTENSÃO: 21,660 km · 2 S.R.E.
A4: COMO PREENCHER: uma X em UMA coluna de cada grupo, por linha. Se houver mais de um defeito no mesmo km, marque o PREDOMINANTE e escreva o resto em OBSERVAÇÕES. A quilometragem é contada de 0 até o fim de CADA S.R.E. (não é o marco da rodovia).
A6: S.R.E. | B6: SENT. | C6: INÍCIO (KM) | D6: FIM (KM) | E6: EXT. (KM) | F6: CONDIÇÃO DO PAVIMENTO | K6: VEGETAÇÃO | M6: ELEM. DE DRENAGEM | P6: SIN. HORIZ. | S6: SIN. VERTICAL | V6: OBSERVAÇÕES | W6: CONFERÊNCIA (só na tela)
F7: BOM | G7: REM. I. | H7: REM. L. | I7: BUR. I. | J7: BUR. L. | K7: ADEQ. | L7: INAD. | M7: LIMPOS | N7: SUJOS | O7: DAN. | P7: BOM | Q7: REG. | R7: INEXIST. | S7: BOM | T7: POUCAS | U7: INEXIST.
A8: S.R.E. 126ETO0101 | PERÍMETRO URBANO ITAGUATINS | PSU · Municipal · 0.741 km · início: -5.769306, -47.484204
A9: 126ETO0101 | B9: C | C9: 0 | D9: 0.74066591 | E9: =D9-C9 -> 0.74066591 | F9: X | L9: X | M9: X | Q9: X | T9: X | V9: KM-5,1 BORRACHUDO | W9: =IF(COUNTA(F9:U9)=0,"— não preenchido",IF(COUNTIF(F9:J9,"X")<>1,"FALTA/DUPLA: CONDIÇÃO DO PAVIMENTO",IF(COUNTIF(K9:L9,"X")<>1,"FALTA/DUPLA: VEGETAÇÃO",IF(COUNTIF(M9:O9,"X")<>1,"FALTA/DUPLA: ELEM. DE DRENAGEM",IF(COUNTIF(P9:R9,"X")<>1,"FALTA/DUPLA: SIN. HORIZ.",IF(COUNTIF(S9:U9,"X")<>1,"FALTA/DUPLA: SIN. VERTICAL","OK")))))) -> OK
A10: S.R.E. 126ETO0120 | ITAGUATINS *TRECHO URBANO* - MAURILÃNDIA DO TOCANTINS *TRECHO URBANO* | PPS · Estadual · 20.919 km · início: -5.779403, -47.483003
A11: 126ETO0120 | B11: C | C11: 0 | D11: 1 | E11: =D11-C11 -> 1 | F11: X | L11: X | M11: X | Q11: X | T11: X | V11: KM-5,1 BORRACHUDO | W11: =IF(COUNTA(F11:U11)=0,"— não preenchido",IF(COUNTIF(F11:J11,"X")<>1,"FALTA/DUPLA: CONDIÇÃO DO PAVIMENTO",IF(COUNTIF(K11:L11,"X")<>1,"FALTA/DUPLA: VEGETAÇÃO",IF(COUNTIF(M11:O11,"X")<>1,"FALTA/DUPLA: ELEM. DE DRENAGEM",IF(COUNTIF(P11:R11,"X")<>1,"FALTA/DUPLA: SIN. HORIZ.",IF(COUNTIF(S11:U11,"X")<>1,"FALTA/DUPLA: SIN. VERTICAL","OK")))))) -> OK
A12: 126ETO0120 | B12: C | C12: 1 | D12: 2 | E12: =D12-C12 -> 1 | G12: X | L12: X | M12: X | Q12: X | T12: X | V12: KM-5,6 a 5,8 BUR -L | W12: =IF(COUNTA(F12:U12)=0,"— não preenchido",IF(COUNTIF(F12:J12,"X")<>1,"FALTA/DUPLA: CONDIÇÃO DO PAVIMENTO",IF(COUNTIF(K12:L12,"X")<>1,"FALTA/DUPLA: VEGETAÇÃO",IF(COUNTIF(M12:O12,"X")<>1,"FALTA/DUPLA: ELEM. DE DRENAGEM",IF(COUNTIF(P12:R12,"X")<>1,"FALTA/DUPLA: SIN. HORIZ.",IF(COUNTIF(S12:U12,"X")<>1,"FALTA/DUPLA: SIN. VERTICAL","OK")))))) -> OK
A13: 126ETO0120 | B13: C | C13: 2 | D13: 3 | E13: =D13-C13 -> 1 | F13: X | L13: X | M13: X | Q13: X | T13: X | V13: KM-5,6 a 5,8 BUR -L | W13: =IF(COUNTA(F13:U13)=0,"— não preenchido",IF(COUNTIF(F13:J13,"X")<>1,"FALTA/DUPLA: CONDIÇÃO DO PAVIMENTO",IF(COUNTIF(K13:L13,"X")<>1,"FALTA/DUPLA: VEGETAÇÃO",IF(COUNTIF(M13:O13,"X")<>1,"FALTA/DUPLA: ELEM. DE DRENAGEM",IF(COUNTIF(P13:R13,"X")<>1,"FALTA/DUPLA: SIN. HORIZ.",IF(COUNTIF(S13:U13,"X")<>1,"FALTA/DUPLA: SIN. VERTICAL","OK")))))) -> OK
A14: 126ETO0120 | B14: C | C14: 3 | D14: 4 | E14: =D14-C14 -> 1 | I14: X | L14: X | N14: X | Q14: X | T14: X | V14: KM-6,1 a 6,3 BUR-L | W14: =IF(COUNTA(F14:U14)=0,"— não preenchido",IF(COUNTIF(F14:J14,"X")<>1,"FALTA/DUPLA: CONDIÇÃO DO PAVIMENTO",IF(COUNTIF(K14:L14,"X")<>1,"FALTA/DUPLA: VEGETAÇÃO",IF(COUNTIF(M14:O14,"X")<>1,"FALTA/DUPLA: ELEM. DE DRENAGEM",IF(COUNTIF(P14:R14,"X")<>1,"FALTA/DUPLA: SIN. HORIZ.",IF(COUNTIF(S14:U14,"X")<>1,"FALTA/DUPLA: SIN. VERTICAL","OK")))))) -> OK
A15: 126ETO0120 | B15: C | C15: 4 | D15: 5 | E15: =D15-C15 -> 1 | I15: X | L15: X | N15: X | Q15: X | T15: X | V15: KM-6,1 a 6,3 BUR-L | W15: =IF(COUNTA(F15:U15)=0,"— não preenchido",IF(COUNTIF(F15:J15,"X")<>1,"FALTA/DUPLA: CONDIÇÃO DO PAVIMENTO",IF(COUNTIF(K15:L15,"X")<>1,"FALTA/DUPLA: VEGETAÇÃO",IF(COUNTIF(M15:O15,"X")<>1,"FALTA/DUPLA: ELEM. DE DRENAGEM",IF(COUNTIF(P15:R15,"X")<>1,"FALTA/DUPLA: SIN. HORIZ.",IF(COUNTIF(S15:U15,"X")<>1,"FALTA/DUPLA: SIN. VERTICAL","OK")))))) -> OK
A16: 126ETO0120 | B16: C | C16: 5 | D16: 6 | E16: =D16-C16 -> 1 | F16: X | L16: X | M16: X | P16: X | T16: X | V16: KM-8,1 BORRACHUDO | W16: =IF(COUNTA(F16:U16)=0,"— não preenchido",IF(COUNTIF(F16:J16,"X")<>1,"FALTA/DUPLA: CONDIÇÃO DO PAVIMENTO",IF(COUNTIF(K16:L16,"X")<>1,"FALTA/DUPLA: VEGETAÇÃO",IF(COUNTIF(M16:O16,"X")<>1,"FALTA/DUPLA: ELEM. DE DRENAGEM",IF(COUNTIF(P16:R16,"X")<>1,"FALTA/DUPLA: SIN. HORIZ.",IF(COUNTIF(S16:U16,"X")<>1,"FALTA/DUPLA: SIN. VERTICAL","OK")))))) -> OK
A17: 126ETO0120 | B17: C | C17: 6 | D17: 7 | E17: =D17-C17 -> 1 | F17: X | L17: X | M17: X | P17: X | T17: X | V17: KM-8,1 BORRACHUDO | W17: =IF(COUNTA(F17:U17)=0,"— não preenchido",IF(COUNTIF(F17:J17,"X")<>1,"FALTA/DUPLA: CONDIÇÃO DO PAVIMENTO",IF(COUNTIF(K17:L17,"X")<>1,"FALTA/DUPLA: VEGETAÇÃO",IF(COUNTIF(M17:O17,"X")<>1,"FALTA/DUPLA: ELEM. DE DRENAGEM",IF(COUNTIF(P17:R17,"X")<>1,"FALTA/DUPLA: SIN. HORIZ.",IF(COUNTIF(S17:U17,"X")<>1,"FALTA/DUPLA: SIN. VERTICAL","OK")))))) -> OK
A18: 126ETO0120 | B18: C | C18: 7 | D18: 8 | E18: =D18-C18 -> 1 | G18: X | L18: X | M18: X | P18: X | T18: X | V18: KM-15,9 16,3 BUR-L | W18: =IF(COUNTA(F18:U18)=0,"— não preenchido",IF(COUNTIF(F18:J18,"X")<>1,"FALTA/DUPLA: CONDIÇÃO DO PAVIMENTO",IF(COUNTIF(K18:L18,"X")<>1,"FALTA/DUPLA: VEGETAÇÃO",IF(COUNTIF(M18:O18,"X")<>1,"FALTA/DUPLA: ELEM. DE DRENAGEM",IF(COUNTIF(P18:R18,"X")<>1,"FALTA/DUPLA: SIN. HORIZ.",IF(COUNTIF(S18:U18,"X")<>1,"FALTA/DUPLA: SIN. VERTICAL","OK")))))) -> OK
A19: 126ETO0120 | B19: C | C19: 8 | D19: 9 | E19: =D19-C19 -> 1 | F19: X | L19: X | M19: X | P19: X | T19: X | V19: KM-15,9 16,3 BUR-L | W19: =IF(COUNTA(F19:U19)=0,"— não preenchido",IF(COUNTIF(F19:J19,"X")<>1,"FALTA/DUPLA: CONDIÇÃO DO PAVIMENTO",IF(COUNTIF(K19:L19,"X")<>1,"FALTA/DUPLA: VEGETAÇÃO",IF(COUNTIF(M19:O19,"X")<>1,"FALTA/DUPLA: ELEM. DE DRENAGEM",IF(COUNTIF(P19:R19,"X")<>1,"FALTA/DUPLA: SIN. HORIZ.",IF(COUNTIF(S19:U19,"X")<>1,"FALTA/DUPLA: SIN. VERTICAL","OK")))))) -> OK
A20: 126ETO0120 | B20: C | C20: 9 | D20: 10 | E20: =D20-C20 -> 1 | F20: X | L20: X | M20: X | Q20: X | T20: X | W20: =IF(COUNTA(F20:U20)=0,"— não preenchido",IF(COUNTIF(F20:J20,"X")<>1,"FALTA/DUPLA: CONDIÇÃO DO PAVIMENTO",IF(COUNTIF(K20:L20,"X")<>1,"FALTA/DUPLA: VEGETAÇÃO",IF(COUNTIF(M20:O20,"X")<>1,"FALTA/DUPLA: ELEM. DE DRENAGEM",IF(COUNTIF(P20:R20,"X")<>1,"FALTA/DUPLA: SIN. HORIZ.",IF(COUNTIF(S20:U20,"X")<>1,"FALTA/DUPLA: SIN. VERTICAL","OK")))))) -> OK
A21: 126ETO0120 | B21: C | C21: 10 | D21: 11 | E21: =D21-C21 -> 1 | F21: X | L21: X | M21: X | Q21: X | T21: X | W21: =IF(COUNTA(F21:U21)=0,"— não preenchido",IF(COUNTIF(F21:J21,"X")<>1,"FALTA/DUPLA: CONDIÇÃO DO PAVIMENTO",IF(COUNTIF(K21:L21,"X")<>1,"FALTA/DUPLA: VEGETAÇÃO",IF(COUNTIF(M21:O21,"X")<>1,"FALTA/DUPLA: ELEM. DE DRENAGEM",IF(COUNTIF(P21:R21,"X")<>1,"FALTA/DUPLA: SIN. HORIZ.",IF(COUNTIF(S21:U21,"X")<>1,"FALTA/DUPLA: SIN. VERTICAL","OK")))))) -> OK
A22: 126ETO0120 | B22: C | C22: 11 | D22: 12 | E22: =D22-C22 -> 1 | I22: X | L22: X | M22: X | Q22: X | T22: X | V22: POUCAS PLACAS E | W22: =IF(COUNTA(F22:U22)=0,"— não preenchido",IF(COUNTIF(F22:J22,"X")<>1,"FALTA/DUPLA: CONDIÇÃO DO PAVIMENTO",IF(COUNTIF(K22:L22,"X")<>1,"FALTA/DUPLA: VEGETAÇÃO",IF(COUNTIF(M22:O22,"X")<>1,"FALTA/DUPLA: ELEM. DE DRENAGEM",IF(COUNTIF(P22:R22,"X")<>1,"FALTA/DUPLA: SIN. HORIZ.",IF(COUNTIF(S22:U22,"X")<>1,"FALTA/DUPLA: SIN. VERTICAL","OK")))))) -> OK
A23: 126ETO0120 | B23: C | C23: 12 | D23: 13 | E23: =D23-C23 -> 1 | F23: X | L23: X | M23: X | Q23: X | T23: X | V23: POUCAS PLACAS E | W23: =IF(COUNTA(F23:U23)=0,"— não preenchido",IF(COUNTIF(F23:J23,"X")<>1,"FALTA/DUPLA: CONDIÇÃO DO PAVIMENTO",IF(COUNTIF(K23:L23,"X")<>1,"FALTA/DUPLA: VEGETAÇÃO",IF(COUNTIF(M23:O23,"X")<>1,"FALTA/DUPLA: ELEM. DE DRENAGEM",IF(COUNTIF(P23:R23,"X")<>1,"FALTA/DUPLA: SIN. HORIZ.",IF(COUNTIF(S23:U23,"X")<>1,"FALTA/DUPLA: SIN. VERTICAL","OK")))))) -> OK
A24: 126ETO0120 | B24: C | C24: 13 | D24: 14 | E24: =D24-C24 -> 1 | G24: X | L24: X | N24: X | Q24: X | T24: X | V24: ESTÃO EM BOAS | W24: =IF(COUNTA(F24:U24)=0,"— não preenchido",IF(COUNTIF(F24:J24,"X")<>1,"FALTA/DUPLA: CONDIÇÃO DO PAVIMENTO",IF(COUNTIF(K24:L24,"X")<>1,"FALTA/DUPLA: VEGETAÇÃO",IF(COUNTIF(M24:O24,"X")<>1,"FALTA/DUPLA: ELEM. DE DRENAGEM",IF(COUNTIF(P24:R24,"X")<>1,"FALTA/DUPLA: SIN. HORIZ.",IF(COUNTIF(S24:U24,"X")<>1,"FALTA/DUPLA: SIN. VERTICAL","OK")))))) -> OK
A25: 126ETO0120 | B25: C | C25: 14 | D25: 15 | E25: =D25-C25 -> 1 | F25: X | L25: X | N25: X | Q25: X | T25: X | V25: ESTÃO EM BOAS | W25: =IF(COUNTA(F25:U25)=0,"— não preenchido",IF(COUNTIF(F25:J25,"X")<>1,"FALTA/DUPLA: CONDIÇÃO DO PAVIMENTO",IF(COUNTIF(K25:L25,"X")<>1,"FALTA/DUPLA: VEGETAÇÃO",IF(COUNTIF(M25:O25,"X")<>1,"FALTA/DUPLA: ELEM. DE DRENAGEM",IF(COUNTIF(P25:R25,"X")<>1,"FALTA/DUPLA: SIN. HORIZ.",IF(COUNTIF(S25:U25,"X")<>1,"FALTA/DUPLA: SIN. VERTICAL","OK")))))) -> OK
A26: 126ETO0120 | B26: C | C26: 15 | D26: 16 | E26: =D26-C26 -> 1 | I26: X | L26: X | N26: X | Q26: X | T26: X | V26: CONDIÇÔES | W26: =IF(COUNTA(F26:U26)=0,"— não preenchido",IF(COUNTIF(F26:J26,"X")<>1,"FALTA/DUPLA: CONDIÇÃO DO PAVIMENTO",IF(COUNTIF(K26:L26,"X")<>1,"FALTA/DUPLA: VEGETAÇÃO",IF(COUNTIF(M26:O26,"X")<>1,"FALTA/DUPLA: ELEM. DE DRENAGEM",IF(COUNTIF(P26:R26,"X")<>1,"FALTA/DUPLA: SIN. HORIZ.",IF(COUNTIF(S26:U26,"X")<>1,"FALTA/DUPLA: SIN. VERTICAL","OK")))))) -> OK
A27: 126ETO0120 | B27: C | C27: 16 | D27: 17 | E27: =D27-C27 -> 1 | I27: X | L27: X | N27: X | Q27: X | T27: X | V27: CONDIÇÔES | W27: =IF(COUNTA(F27:U27)=0,"— não preenchido",IF(COUNTIF(F27:J27,"X")<>1,"FALTA/DUPLA: CONDIÇÃO DO PAVIMENTO",IF(COUNTIF(K27:L27,"X")<>1,"FALTA/DUPLA: VEGETAÇÃO",IF(COUNTIF(M27:O27,"X")<>1,"FALTA/DUPLA: ELEM. DE DRENAGEM",IF(COUNTIF(P27:R27,"X")<>1,"FALTA/DUPLA: SIN. HORIZ.",IF(COUNTIF(S27:U27,"X")<>1,"FALTA/DUPLA: SIN. VERTICAL","OK")))))) -> OK
A28: 126ETO0120 | B28: C | C28: 17 | D28: 18 | E28: =D28-C28 -> 1 | F28: X | L28: X | M28: X | P28: X | T28: X | W28: =IF(COUNTA(F28:U28)=0,"— não preenchido",IF(COUNTIF(F28:J28,"X")<>1,"FALTA/DUPLA: CONDIÇÃO DO PAVIMENTO",IF(COUNTIF(K28:L28,"X")<>1,"FALTA/DUPLA: VEGETAÇÃO",IF(COUNTIF(M28:O28,"X")<>1,"FALTA/DUPLA: ELEM. DE DRENAGEM",IF(COUNTIF(P28:R28,"X")<>1,"FALTA/DUPLA: SIN. HORIZ.",IF(COUNTIF(S28:U28,"X")<>1,"FALTA/DUPLA: SIN. VERTICAL","OK")))))) -> OK
A29: 126ETO0120 | B29: C | C29: 18 | D29: 19 | E29: =D29-C29 -> 1 | F29: X | L29: X | M29: X | P29: X | T29: X | W29: =IF(COUNTA(F29:U29)=0,"— não preenchido",IF(COUNTIF(F29:J29,"X")<>1,"FALTA/DUPLA: CONDIÇÃO DO PAVIMENTO",IF(COUNTIF(K29:L29,"X")<>1,"FALTA/DUPLA: VEGETAÇÃO",IF(COUNTIF(M29:O29,"X")<>1,"FALTA/DUPLA: ELEM. DE DRENAGEM",IF(COUNTIF(P29:R29,"X")<>1,"FALTA/DUPLA: SIN. HORIZ.",IF(COUNTIF(S29:U29,"X")<>1,"FALTA/DUPLA: SIN. VERTICAL","OK")))))) -> OK
A30: 126ETO0120 | B30: C | C30: 19 | D30: 20 | E30: =D30-C30 -> 1 | F30: X | L30: X | M30: X | Q30: X | T30: X | W30: =IF(COUNTA(F30:U30)=0,"— não preenchido",IF(COUNTIF(F30:J30,"X")<>1,"FALTA/DUPLA: CONDIÇÃO DO PAVIMENTO",IF(COUNTIF(K30:L30,"X")<>1,"FALTA/DUPLA: VEGETAÇÃO",IF(COUNTIF(M30:O30,"X")<>1,"FALTA/DUPLA: ELEM. DE DRENAGEM",IF(COUNTIF(P30:R30,"X")<>1,"FALTA/DUPLA: SIN. HORIZ.",IF(COUNTIF(S30:U30,"X")<>1,"FALTA/DUPLA: SIN. VERTICAL","OK")))))) -> OK
A31: 126ETO0120 | B31: C | C31: 20 | D31: 20.919422 | E31: =D31-C31 -> 0.9194225 | F31: X | L31: X | M31: X | Q31: X | T31: X | W31: =IF(COUNTA(F31:U31)=0,"— não preenchido",IF(COUNTIF(F31:J31,"X")<>1,"FALTA/DUPLA: CONDIÇÃO DO PAVIMENTO",IF(COUNTIF(K31:L31,"X")<>1,"FALTA/DUPLA: VEGETAÇÃO",IF(COUNTIF(M31:O31,"X")<>1,"FALTA/DUPLA: ELEM. DE DRENAGEM",IF(COUNTIF(P31:R31,"X")<>1,"FALTA/DUPLA: SIN. HORIZ.",IF(COUNTIF(S31:U31,"X")<>1,"FALTA/DUPLA: SIN. VERTICAL","OK")))))) -> OK
A33: ____________________________________________ | G33: ____________________________________________
A34: TÉCNICO RESPONSÁVEL PELA INSPEÇÃO | G34: VISTO DA SUPERVISÃO
A36: RESUMO DO TRECHO — KM LANÇADO POR ITEM
A37: KM LANÇADO | F37: =SUMIF(F$9:F$31,"X",$E$9:$E$31) -> 13.660088 | G37: =SUMIF(G$9:G$31,"X",$E$9:$E$31) -> 3 | H37: =SUMIF(H$9:H$31,"X",$E$9:$E$31) -> 0 | I37: =SUMIF(I$9:I$31,"X",$E$9:$E$31) -> 5 | J37: =SUMIF(J$9:J$31,"X",$E$9:$E$31) -> 0 | K37: =SUMIF(K$9:K$31,"X",$E$9:$E$31) -> 0 | L37: =SUMIF(L$9:L$31,"X",$E$9:$E$31) -> 21.660088 | M37: =SUMIF(M$9:M$31,"X",$E$9:$E$31) -> 15.660088 | ... U37: =SUMIF(U$9:U$31,"X",$E$9:$E$31) -> 0
A38: % DA EXTENSÃO | F38: =IF($R40=0,0,F37/$R40) -> 0.63065709 | G38: =IF($R40=0,0,G37/$R40) -> 0.13850359 | H38: =IF($R40=0,0,H37/$R40) -> 0 | I38: =IF($R40=0,0,I37/$R40) -> 0.23083932 | J38: =IF($R40=0,0,J37/$R40) -> 0 | K38: =IF($R40=0,0,K37/$R40) -> 0 | L38: =IF($R40=0,0,L37/$R40) -> 1 | M38: =IF($R40=0,0,M37/$R40) -> 0.72299282 | ... U38: =IF($R40=0,0,U37/$R40) -> 0
A39: CONFERÊNCIA POR GRUPO | F39: =IF(SUM(F37:J37)=0,"— não preenchido",IF(ROUND(SUM(F37:J37)-$R40,3)=0,"OK — "&ROUND(SUM(F37:J37),3)&" km","ERRO — dif. de "&ROUND(SUM(F37:J37)-$R40,3)&" km")) -> OK — 21,66 km | K39: =IF(SUM(K37:L37)=0,"— não preenchido",IF(ROUND(SUM(K37:L37)-$R40,3)=0,"OK — "&ROUND(SUM(K37:L37),3)&" km","ERRO — dif. de "&ROUND(SUM(K37:L37)-$R40,3)&" km")) -> OK — 21,66 km | M39: =IF(SUM(M37:O37)=0,"— não preenchido",IF(ROUND(SUM(M37:O37)-$R40,3)=0,"OK — "&ROUND(SUM(M37:O37),3)&" km","ERRO — dif. de "&ROUND(SUM(M37:O37)-$R40,3)&" km")) -> OK — 21,66 km | P39: =IF(SUM(P37:R37)=0,"— não preenchido",IF(ROUND(SUM(P37:R37)-$R40,3)=0,"OK — "&ROUND(SUM(P37:R37),3)&" km","ERRO — dif. de "&ROUND(SUM(P37:R37)-$R40,3)&" km")) -> OK — 21,66 km | S39: =IF(SUM(S37:U37)=0,"— não preenchido",IF(ROUND(SUM(S37:U37)-$R40,3)=0,"OK — "&ROUND(SUM(S37:U37),3)&" km","ERRO — dif. de "&ROUND(SUM(S37:U37)-$R40,3)&" km")) -> OK — 21,66 km
A40: EXTENSÃO TOTAL DO TRECHO | R40: =SUM(E9:E31) -> 21.660088 | V40: =COUNTIF(W9:W31,"OK")&" de "&COUNT($E$9:$E$31)&" linhas conferidas" -> 22 de 22 linhas conferidas
A42: LEGENDA
A43: REM. I. / REM. L. | E43: Remendos isolados (até 10 por km) · Remendos ao longo (mais de 10 por km)
A44: BUR. I. / BUR. L. | E44: Buracos isolados (até 5 por km) · Buracos ao longo (mais de 5 por km)
A45: SIT. | E45: PPS = pista simples · PSU = simples urbana · PDU = duplicada
A46: FAIXA AZUL | E46: Cabeçalho de cada S.R.E.: descrição, situação, jurisdição, extensão e coordenada de início.
A47: INÍCIO / FIM (KM) | E47: Contados de 0 até o fim de CADA S.R.E. Não é o marco quilométrico da rodovia.
A48: SENT. | E48: C = crescente · D = decrescente
A49: FAIXA CINZA | E49: Segmento fora do escopo do contrato: você passa por ele, mas não preenche.
A50: CÉLULA VERMELHA | E50: Mais de uma X no mesmo grupo. Apague uma delas.
A51: CONFERÊNCIA | E51: Só na tela, não sai impresso. Fica OK com uma X em cada grupo.

Sheet 8
A1: PROGRAMA DE MANUTENÇÃO RODOVIÁRIA — FICHA DE INSPEÇÃO — RODOVIAS PAVIMENTADAS | Y1: Valores dos gráficos — troca 0 por N/D para a fatia não aparecer. Não editar.
A2: REGIÃO: 1 — TOCANTINÓPOLIS | G2: MÊS / ANO: | I2: =IF('1'!I2="","",'1'!I2) -> 46266 | K2: DATA: | N2: =IF('1'!N2="","",'1'!N2) | P2: TÉCNICO: | R2: ENG. VINICIUS RODRIGUES FERREIRA DE OLIVEIRA | Y2: =IF(F42=0,NA(),F42) -> 20.376613 | Z2: =IF(G42=0,NA(),G42) -> 5 | AA2: =IF(H42=0,NA(),H42) -> #N/A | AB2: =IF(I42=0,NA(),I42) -> #N/A | AC2: =IF(J42=0,NA(),J42) -> #N/A | AD2: =IF(K42=0,NA(),K42) -> #N/A | AE2: =IF(L42=0,NA(),L42) -> 25.376613 | AF2: =IF(M42=0,NA(),M42) -> 1.0211831 | ... AN2: =IF(U42=0,NA(),U42) -> 10.35543
A3: TRECHO 8 — RODOVIA TO-126 - TRECHO SÍTIO NOVO DO TOCANTINS - ITAGUATINS | T3: EXTENSÃO: 25,377 km · 2 S.R.E.
A4: COMO PREENCHER: uma X em UMA coluna de cada grupo, por linha. Se houver mais de um defeito no mesmo km, marque o PREDOMINANTE e escreva o resto em OBSERVAÇÕES. A quilometragem é contada de 0 até o fim de CADA S.R.E. (não é o marco da rodovia).
A6: S.R.E. | B6: SENT. | C6: INÍCIO (KM) | D6: FIM (KM) | E6: EXT. (KM) | F6: CONDIÇÃO DO PAVIMENTO | K6: VEGETAÇÃO | M6: ELEM. DE DRENAGEM | P6: SIN. HORIZ. | S6: SIN. VERTICAL | V6: OBSERVAÇÕES | W6: CONFERÊNCIA (só na tela)
F7: BOM | G7: REM. I. | H7: REM. L. | I7: BUR. I. | J7: BUR. L. | K7: ADEQ. | L7: INAD. | M7: LIMPOS | N7: SUJOS | O7: DAN. | P7: BOM | Q7: REG. | R7: INEXIST. | S7: BOM | T7: POUCAS | U7: INEXIST.
A8: S.R.E. 126ETO0090 | ENTR. TO-201(B)(SÍTIO NOVO DO TOCANTINS) - CASTANHEIRO | PPS · Estadual · 11.355 km · início: -5.609785, -47.637302
A9: 126ETO0090 | B9: C | C9: 0 | D9: 1 | E9: =D9-C9 -> 1 | F9: X | L9: X | N9: X | P9: X | T9: X | W9: =IF(COUNTA(F9:U9)=0,"— não preenchido",IF(COUNTIF(F9:J9,"X")<>1,"FALTA/DUPLA: CONDIÇÃO DO PAVIMENTO",IF(COUNTIF(K9:L9,"X")<>1,"FALTA/DUPLA: VEGETAÇÃO",IF(COUNTIF(M9:O9,"X")<>1,"FALTA/DUPLA: ELEM. DE DRENAGEM",IF(COUNTIF(P9:R9,"X")<>1,"FALTA/DUPLA: SIN. HORIZ.",IF(COUNTIF(S9:U9,"X")<>1,"FALTA/DUPLA: SIN. VERTICAL","OK")))))) -> OK
A10: 126ETO0090 | B10: C | C10: 1 | D10: 2 | E10: =D10-C10 -> 1 | F10: X | L10: X | N10: X | P10: X | T10: X | W10: =IF(COUNTA(F10:U10)=0,"— não preenchido",IF(COUNTIF(F10:J10,"X")<>1,"FALTA/DUPLA: CONDIÇÃO DO PAVIMENTO",IF(COUNTIF(K10:L10,"X")<>1,"FALTA/DUPLA: VEGETAÇÃO",IF(COUNTIF(M10:O10,"X")<>1,"FALTA/DUPLA: ELEM. DE DRENAGEM",IF(COUNTIF(P10:R10,"X")<>1,"FALTA/DUPLA: SIN. HORIZ.",IF(COUNTIF(S10:U10,"X")<>1,"FALTA/DUPLA: SIN. VERTICAL","OK")))))) -> OK
A11: 126ETO0090 | B11: C | C11: 2 | D11: 3 | E11: =D11-C11 -> 1 | F11: X | L11: X | N11: X | P11: X | T11: X | W11: =IF(COUNTA(F11:U11)=0,"— não preenchido",IF(COUNTIF(F11:J11,"X")<>1,"FALTA/DUPLA: CONDIÇÃO DO PAVIMENTO",IF(COUNTIF(K11:L11,"X")<>1,"FALTA/DUPLA: VEGETAÇÃO",IF(COUNTIF(M11:O11,"X")<>1,"FALTA/DUPLA: ELEM. DE DRENAGEM",IF(COUNTIF(P11:R11,"X")<>1,"FALTA/DUPLA: SIN. HORIZ.",IF(COUNTIF(S11:U11,"X")<>1,"FALTA/DUPLA: SIN. VERTICAL","OK")))))) -> OK
A12: 126ETO0090 | B12: C | C12: 3 | D12: 4 | E12: =D12-C12 -> 1 | F12: X | L12: X | N12: X | P12: X | T12: X | W12: =IF(COUNTA(F12:U12)=0,"— não preenchido",IF(COUNTIF(F12:J12,"X")<>1,"FALTA/DUPLA: CONDIÇÃO DO PAVIMENTO",IF(COUNTIF(K12:L12,"X")<>1,"FALTA/DUPLA: VEGETAÇÃO",IF(COUNTIF(M12:O12,"X")<>1,"FALTA/DUPLA: ELEM. DE DRENAGEM",IF(COUNTIF(P12:R12,"X")<>1,"FALTA/DUPLA: SIN. HORIZ.",IF(COUNTIF(S12:U12,"X")<>1,"FALTA/DUPLA: SIN. VERTICAL","OK")))))) -> OK
A13: 126ETO0090 | B13: C | C13: 4 | D13: 5 | E13: =D13-C13 -> 1 | G13: X | L13: X | N13: X | P13: X | T13: X | W13: =IF(COUNTA(F13:U13)=0,"— não preenchido",IF(COUNTIF(F13:J13,"X")<>1,"FALTA/DUPLA: CONDIÇÃO DO PAVIMENTO",IF(COUNTIF(K13:L13,"X")<>1,"FALTA/DUPLA: VEGETAÇÃO",IF(COUNTIF(M13:O13,"X")<>1,"FALTA/DUPLA: ELEM. DE DRENAGEM",IF(COUNTIF(P13:R13,"X")<>1,"FALTA/DUPLA: SIN. HORIZ.",IF(COUNTIF(S13:U13,"X")<>1,"FALTA/DUPLA: SIN. VERTICAL","OK")))))) -> OK
A14: 126ETO0090 | B14: C | C14: 5 | D14: 6 | E14: =D14-C14 -> 1 | F14: X | L14: X | N14: X | P14: X | T14: X | W14: =IF(COUNTA(F14:U14)=0,"— não preenchido",IF(COUNTIF(F14:J14,"X")<>1,"FALTA/DUPLA: CONDIÇÃO DO PAVIMENTO",IF(COUNTIF(K14:L14,"X")<>1,"FALTA/DUPLA: VEGETAÇÃO",IF(COUNTIF(M14:O14,"X")<>1,"FALTA/DUPLA: ELEM. DE DRENAGEM",IF(COUNTIF(P14:R14,"X")<>1,"FALTA/DUPLA: SIN. HORIZ.",IF(COUNTIF(S14:U14,"X")<>1,"FALTA/DUPLA: SIN. VERTICAL","OK")))))) -> OK
A15: 126ETO0090 | B15: C | C15: 6 | D15: 7 | E15: =D15-C15 -> 1 | F15: X | L15: X | N15: X | P15: X | U15: X | W15: =IF(COUNTA(F15:U15)=0,"— não preenchido",IF(COUNTIF(F15:J15,"X")<>1,"FALTA/DUPLA: CONDIÇÃO DO PAVIMENTO",IF(COUNTIF(K15:L15,"X")<>1,"FALTA/DUPLA: VEGETAÇÃO",IF(COUNTIF(M15:O15,"X")<>1,"FALTA/DUPLA: ELEM. DE DRENAGEM",IF(COUNTIF(P15:R15,"X")<>1,"FALTA/DUPLA: SIN. HORIZ.",IF(COUNTIF(S15:U15,"X")<>1,"FALTA/DUPLA: SIN. VERTICAL","OK")))))) -> OK
A16: 126ETO0090 | B16: C | C16: 7 | D16: 8 | E16: =D16-C16 -> 1 | F16: X | L16: X | N16: X | P16: X | U16: X | W16: =IF(COUNTA(F16:U16)=0,"— não preenchido",IF(COUNTIF(F16:J16,"X")<>1,"FALTA/DUPLA: CONDIÇÃO DO PAVIMENTO",IF(COUNTIF(K16:L16,"X")<>1,"FALTA/DUPLA: VEGETAÇÃO",IF(COUNTIF(M16:O16,"X")<>1,"FALTA/DUPLA: ELEM. DE DRENAGEM",IF(COUNTIF(P16:R16,"X")<>1,"FALTA/DUPLA: SIN. HORIZ.",IF(COUNTIF(S16:U16,"X")<>1,"FALTA/DUPLA: SIN. VERTICAL","OK")))))) -> OK
A17: 126ETO0090 | B17: C | C17: 8 | D17: 9 | E17: =D17-C17 -> 1 | G17: X | L17: X | N17: X | P17: X | T17: X | W17: =IF(COUNTA(F17:U17)=0,"— não preenchido",IF(COUNTIF(F17:J17,"X")<>1,"FALTA/DUPLA: CONDIÇÃO DO PAVIMENTO",IF(COUNTIF(K17:L17,"X")<>1,"FALTA/DUPLA: VEGETAÇÃO",IF(COUNTIF(M17:O17,"X")<>1,"FALTA/DUPLA: ELEM. DE DRENAGEM",IF(COUNTIF(P17:R17,"X")<>1,"FALTA/DUPLA: SIN. HORIZ.",IF(COUNTIF(S17:U17,"X")<>1,"FALTA/DUPLA: SIN. VERTICAL","OK")))))) -> OK
A18: 126ETO0090 | B18: C | C18: 9 | D18: 10 | E18: =D18-C18 -> 1 | F18: X | L18: X | N18: X | P18: X | T18: X | W18: =IF(COUNTA(F18:U18)=0,"— não preenchido",IF(COUNTIF(F18:J18,"X")<>1,"FALTA/DUPLA: CONDIÇÃO DO PAVIMENTO",IF(COUNTIF(K18:L18,"X")<>1,"FALTA/DUPLA: VEGETAÇÃO",IF(COUNTIF(M18:O18,"X")<>1,"FALTA/DUPLA: ELEM. DE DRENAGEM",IF(COUNTIF(P18:R18,"X")<>1,"FALTA/DUPLA: SIN. HORIZ.",IF(COUNTIF(S18:U18,"X")<>1,"FALTA/DUPLA: SIN. VERTICAL","OK")))))) -> OK
A19: 126ETO0090 | B19: C | C19: 10 | D19: 11 | E19: =D19-C19 -> 1 | F19: X | L19: X | N19: X | P19: X | U19: X | W19: =IF(COUNTA(F19:U19)=0,"— não preenchido",IF(COUNTIF(F19:J19,"X")<>1,"FALTA/DUPLA: CONDIÇÃO DO PAVIMENTO",IF(COUNTIF(K19:L19,"X")<>1,"FALTA/DUPLA: VEGETAÇÃO",IF(COUNTIF(M19:O19,"X")<>1,"FALTA/DUPLA: ELEM. DE DRENAGEM",IF(COUNTIF(P19:R19,"X")<>1,"FALTA/DUPLA: SIN. HORIZ.",IF(COUNTIF(S19:U19,"X")<>1,"FALTA/DUPLA: SIN. VERTICAL","OK")))))) -> OK
A20: 126ETO0090 | B20: C | C20: 11 | D20: 11.35543 | E20: =D20-C20 -> 0.35543007 | F20: X | L20: X | N20: X | P20: X | U20: X | W20: =IF(COUNTA(F20:U20)=0,"— não preenchido",IF(COUNTIF(F20:J20,"X")<>1,"FALTA/DUPLA: CONDIÇÃO DO PAVIMENTO",IF(COUNTIF(K20:L20,"X")<>1,"FALTA/DUPLA: VEGETAÇÃO",IF(COUNTIF(M20:O20,"X")<>1,"FALTA/DUPLA: ELEM. DE DRENAGEM",IF(COUNTIF(P20:R20,"X")<>1,"FALTA/DUPLA: SIN. HORIZ.",IF(COUNTIF(S20:U20,"X")<>1,"FALTA/DUPLA: SIN. VERTICAL","OK")))))) -> OK
A21: S.R.E. 126ETO0100 | CASTANHEIRO - ITAGUATINS *TRECHO URBANO* | PPS · Estadual · 14.021 km · início: -5.683588, -47.563474
A22: 126ETO0100 | B22: C | C22: 0 | D22: 1 | E22: =D22-C22 -> 1 | F22: X | L22: X | N22: X | P22: X | U22: X | W22: =IF(COUNTA(F22:U22)=0,"— não preenchido",IF(COUNTIF(F22:J22,"X")<>1,"FALTA/DUPLA: CONDIÇÃO DO PAVIMENTO",IF(COUNTIF(K22:L22,"X")<>1,"FALTA/DUPLA: VEGETAÇÃO",IF(COUNTIF(M22:O22,"X")<>1,"FALTA/DUPLA: ELEM. DE DRENAGEM",IF(COUNTIF(P22:R22,"X")<>1,"FALTA/DUPLA: SIN. HORIZ.",IF(COUNTIF(S22:U22,"X")<>1,"FALTA/DUPLA: SIN. VERTICAL","OK")))))) -> OK
A23: 126ETO0100 | B23: C | C23: 1 | D23: 2 | E23: =D23-C23 -> 1 | F23: X | L23: X | N23: X | P23: X | U23: X | W23: =IF(COUNTA(F23:U23)=0,"— não preenchido",IF(COUNTIF(F23:J23,"X")<>1,"FALTA/DUPLA: CONDIÇÃO DO PAVIMENTO",IF(COUNTIF(K23:L23,"X")<>1,"FALTA/DUPLA: VEGETAÇÃO",IF(COUNTIF(M23:O23,"X")<>1,"FALTA/DUPLA: ELEM. DE DRENAGEM",IF(COUNTIF(P23:R23,"X")<>1,"FALTA/DUPLA: SIN. HORIZ.",IF(COUNTIF(S23:U23,"X")<>1,"FALTA/DUPLA: SIN. VERTICAL","OK")))))) -> OK
A24: 126ETO0100 | B24: C | C24: 2 | D24: 3 | E24: =D24-C24 -> 1 | F24: X | L24: X | N24: X | P24: X | U24: X | W24: =IF(COUNTA(F24:U24)=0,"— não preenchido",IF(COUNTIF(F24:J24,"X")<>1,"FALTA/DUPLA: CONDIÇÃO DO PAVIMENTO",IF(COUNTIF(K24:L24,"X")<>1,"FALTA/DUPLA: VEGETAÇÃO",IF(COUNTIF(M24:O24,"X")<>1,"FALTA/DUPLA: ELEM. DE DRENAGEM",IF(COUNTIF(P24:R24,"X")<>1,"FALTA/DUPLA: SIN. HORIZ.",IF(COUNTIF(S24:U24,"X")<>1,"FALTA/DUPLA: SIN. VERTICAL","OK")))))) -> OK
A25: 126ETO0100 | B25: C | C25: 3 | D25: 4 | E25: =D25-C25 -> 1 | F25: X | L25: X | N25: X | P25: X | T25: X | W25: =IF(COUNTA(F25:U25)=0,"— não preenchido",IF(COUNTIF(F25:J25,"X")<>1,"FALTA/DUPLA: CONDIÇÃO DO PAVIMENTO",IF(COUNTIF(K25:L25,"X")<>1,"FALTA/DUPLA: VEGETAÇÃO",IF(COUNTIF(M25:O25,"X")<>1,"FALTA/DUPLA: ELEM. DE DRENAGEM",IF(COUNTIF(P25:R25,"X")<>1,"FALTA/DUPLA: SIN. HORIZ.",IF(COUNTIF(S25:U25,"X")<>1,"FALTA/DUPLA: SIN. VERTICAL","OK")))))) -> OK
A26: 126ETO0100 | B26: C | C26: 4 | D26: 5 | E26: =D26-C26 -> 1 | F26: X | L26: X | N26: X | P26: X | T26: X | W26: =IF(COUNTA(F26:U26)=0,"— não preenchido",IF(COUNTIF(F26:J26,"X")<>1,"FALTA/DUPLA: CONDIÇÃO DO PAVIMENTO",IF(COUNTIF(K26:L26,"X")<>1,"FALTA/DUPLA: VEGETAÇÃO",IF(COUNTIF(M26:O26,"X")<>1,"FALTA/DUPLA: ELEM. DE DRENAGEM",IF(COUNTIF(P26:R26,"X")<>1,"FALTA/DUPLA: SIN. HORIZ.",IF(COUNTIF(S26:U26,"X")<>1,"FALTA/DUPLA: SIN. VERTICAL","OK")))))) -> OK
A27: 126ETO0100 | B27: C | C27: 5 | D27: 6 | E27: =D27-C27 -> 1 | G27: X | L27: X | N27: X | P27: X | T27: X | W27: =IF(COUNTA(F27:U27)=0,"— não preenchido",IF(COUNTIF(F27:J27,"X")<>1,"FALTA/DUPLA: CONDIÇÃO DO PAVIMENTO",IF(COUNTIF(K27:L27,"X")<>1,"FALTA/DUPLA: VEGETAÇÃO",IF(COUNTIF(M27:O27,"X")<>1,"FALTA/DUPLA: ELEM. DE DRENAGEM",IF(COUNTIF(P27:R27,"X")<>1,"FALTA/DUPLA: SIN. HORIZ.",IF(COUNTIF(S27:U27,"X")<>1,"FALTA/DUPLA: SIN. VERTICAL","OK")))))) -> OK
A28: 126ETO0100 | B28: C | C28: 6 | D28: 7 | E28: =D28-C28 -> 1 | F28: X | L28: X | N28: X | P28: X | T28: X | W28: =IF(COUNTA(F28:U28)=0,"— não preenchido",IF(COUNTIF(F28:J28,"X")<>1,"FALTA/DUPLA: CONDIÇÃO DO PAVIMENTO",IF(COUNTIF(K28:L28,"X")<>1,"FALTA/DUPLA: VEGETAÇÃO",IF(COUNTIF(M28:O28,"X")<>1,"FALTA/DUPLA: ELEM. DE DRENAGEM",IF(COUNTIF(P28:R28,"X")<>1,"FALTA/DUPLA: SIN. HORIZ.",IF(COUNTIF(S28:U28,"X")<>1,"FALTA/DUPLA: SIN. VERTICAL","OK")))))) -> OK
A29: 126ETO0100 | B29: C | C29: 7 | D29: 8 | E29: =D29-C29 -> 1 | G29: X | L29: X | N29: X | P29: X | U29: X | W29: =IF(COUNTA(F29:U29)=0,"— não preenchido",IF(COUNTIF(F29:J29,"X")<>1,"FALTA/DUPLA: CONDIÇÃO DO PAVIMENTO",IF(COUNTIF(K29:L29,"X")<>1,"FALTA/DUPLA: VEGETAÇÃO",IF(COUNTIF(M29:O29,"X")<>1,"FALTA/DUPLA: ELEM. DE DRENAGEM",IF(COUNTIF(P29:R29,"X")<>1,"FALTA/DUPLA: SIN. HORIZ.",IF(COUNTIF(S29:U29,"X")<>1,"FALTA/DUPLA: SIN. VERTICAL","OK")))))) -> OK
A30: 126ETO0100 | B30: C | C30: 8 | D30: 9 | E30: =D30-C30 -> 1 | F30: X | L30: X | N30: X | P30: X | U30: X | W30: =IF(COUNTA(F30:U30)=0,"— não preenchido",IF(COUNTIF(F30:J30,"X")<>1,"FALTA/DUPLA: CONDIÇÃO DO PAVIMENTO",IF(COUNTIF(K30:L30,"X")<>1,"FALTA/DUPLA: VEGETAÇÃO",IF(COUNTIF(M30:O30,"X")<>1,"FALTA/DUPLA: ELEM. DE DRENAGEM",IF(COUNTIF(P30:R30,"X")<>1,"FALTA/DUPLA: SIN. HORIZ.",IF(COUNTIF(S30:U30,"X")<>1,"FALTA/DUPLA: SIN. VERTICAL","OK")))))) -> OK
A31: 126ETO0100 | B31: C | C31: 9 | D31: 10 | E31: =D31-C31 -> 1 | F31: X | L31: X | N31: X | P31: X | U31: X | W31: =IF(COUNTA(F31:U31)=0,"— não preenchido",IF(COUNTIF(F31:J31,"X")<>1,"FALTA/DUPLA: CONDIÇÃO DO PAVIMENTO",IF(COUNTIF(K31:L31,"X")<>1,"FALTA/DUPLA: VEGETAÇÃO",IF(COUNTIF(M31:O31,"X")<>1,"FALTA/DUPLA: ELEM. DE DRENAGEM",IF(COUNTIF(P31:R31,"X")<>1,"FALTA/DUPLA: SIN. HORIZ.",IF(COUNTIF(S31:U31,"X")<>1,"FALTA/DUPLA: SIN. VERTICAL","OK")))))) -> OK
A32: 126ETO0100 | B32: C | C32: 10 | D32: 11 | E32: =D32-C32 -> 1 | F32: X | L32: X | N32: X | P32: X | U32: X | W32: =IF(COUNTA(F32:U32)=0,"— não preenchido",IF(COUNTIF(F32:J32,"X")<>1,"FALTA/DUPLA: CONDIÇÃO DO PAVIMENTO",IF(COUNTIF(K32:L32,"X")<>1,"FALTA/DUPLA: VEGETAÇÃO",IF(COUNTIF(M32:O32,"X")<>1,"FALTA/DUPLA: ELEM. DE DRENAGEM",IF(COUNTIF(P32:R32,"X")<>1,"FALTA/DUPLA: SIN. HORIZ.",IF(COUNTIF(S32:U32,"X")<>1,"FALTA/DUPLA: SIN. VERTICAL","OK")))))) -> OK
A33: 126ETO0100 | B33: C | C33: 11 | D33: 12 | E33: =D33-C33 -> 1 | F33: X | L33: X | N33: X | P33: X | T33: X | W33: =IF(COUNTA(F33:U33)=0,"— não preenchido",IF(COUNTIF(F33:J33,"X")<>1,"FALTA/DUPLA: CONDIÇÃO DO PAVIMENTO",IF(COUNTIF(K33:L33,"X")<>1,"FALTA/DUPLA: VEGETAÇÃO",IF(COUNTIF(M33:O33,"X")<>1,"FALTA/DUPLA: ELEM. DE DRENAGEM",IF(COUNTIF(P33:R33,"X")<>1,"FALTA/DUPLA: SIN. HORIZ.",IF(COUNTIF(S33:U33,"X")<>1,"FALTA/DUPLA: SIN. VERTICAL","OK")))))) -> OK
A34: 126ETO0100 | B34: C | C34: 12 | D34: 13 | E34: =D34-C34 -> 1 | F34: X | L34: X | N34: X | P34: X | T34: X | W34: =IF(COUNTA(F34:U34)=0,"— não preenchido",IF(COUNTIF(F34:J34,"X")<>1,"FALTA/DUPLA: CONDIÇÃO DO PAVIMENTO",IF(COUNTIF(K34:L34,"X")<>1,"FALTA/DUPLA: VEGETAÇÃO",IF(COUNTIF(M34:O34,"X")<>1,"FALTA/DUPLA: ELEM. DE DRENAGEM",IF(COUNTIF(P34:R34,"X")<>1,"FALTA/DUPLA: SIN. HORIZ.",IF(COUNTIF(S34:U34,"X")<>1,"FALTA/DUPLA: SIN. VERTICAL","OK")))))) -> OK
A35: 126ETO0100 | B35: C | C35: 13 | D35: 14 | E35: =D35-C35 -> 1 | G35: X | L35: X | M35: X | P35: X | T35: X | W35: =IF(COUNTA(F35:U35)=0,"— não preenchido",IF(COUNTIF(F35:J35,"X")<>1,"FALTA/DUPLA: CONDIÇÃO DO PAVIMENTO",IF(COUNTIF(K35:L35,"X")<>1,"FALTA/DUPLA: VEGETAÇÃO",IF(COUNTIF(M35:O35,"X")<>1,"FALTA/DUPLA: ELEM. DE DRENAGEM",IF(COUNTIF(P35:R35,"X")<>1,"FALTA/DUPLA: SIN. HORIZ.",IF(COUNTIF(S35:U35,"X")<>1,"FALTA/DUPLA: SIN. VERTICAL","OK")))))) -> OK
A36: 126ETO0100 | B36: C | C36: 14 | D36: 14.021183 | E36: =D36-C36 -> 0.021183132 | F36: X | L36: X | M36: X | P36: X | T36: X | W36: =IF(COUNTA(F36:U36)=0,"— não preenchido",IF(COUNTIF(F36:J36,"X")<>1,"FALTA/DUPLA: CONDIÇÃO DO PAVIMENTO",IF(COUNTIF(K36:L36,"X")<>1,"FALTA/DUPLA: VEGETAÇÃO",IF(COUNTIF(M36:O36,"X")<>1,"FALTA/DUPLA: ELEM. DE DRENAGEM",IF(COUNTIF(P36:R36,"X")<>1,"FALTA/DUPLA: SIN. HORIZ.",IF(COUNTIF(S36:U36,"X")<>1,"FALTA/DUPLA: SIN. VERTICAL","OK")))))) -> OK
A38: ____________________________________________ | G38: ____________________________________________
A39: TÉCNICO RESPONSÁVEL PELA INSPEÇÃO | G39: VISTO DA SUPERVISÃO
A41: RESUMO DO TRECHO — KM LANÇADO POR ITEM
A42: KM LANÇADO | F42: =SUMIF(F$9:F$36,"X",$E$9:$E$36) -> 20.376613 | G42: =SUMIF(G$9:G$36,"X",$E$9:$E$36) -> 5 | H42: =SUMIF(H$9:H$36,"X",$E$9:$E$36) -> 0 | I42: =SUMIF(I$9:I$36,"X",$E$9:$E$36) -> 0 | J42: =SUMIF(J$9:J$36,"X",$E$9:$E$36) -> 0 | K42: =SUMIF(K$9:K$36,"X",$E$9:$E$36) -> 0 | L42: =SUMIF(L$9:L$36,"X",$E$9:$E$36) -> 25.376613 | M42: =SUMIF(M$9:M$36,"X",$E$9:$E$36) -> 1.0211831 | ... U42: =SUMIF(U$9:U$36,"X",$E$9:$E$36) -> 10.35543
A43: % DA EXTENSÃO | F43: =IF($R45=0,0,F42/$R45) -> 0.80296819 | G43: =IF($R45=0,0,G42/$R45) -> 0.19703181 | H43: =IF($R45=0,0,H42/$R45) -> 0 | I43: =IF($R45=0,0,I42/$R45) -> 0 | J43: =IF($R45=0,0,J42/$R45) -> 0 | K43: =IF($R45=0,0,K42/$R45) -> 0 | L43: =IF($R45=0,0,L42/$R45) -> 1 | M43: =IF($R45=0,0,M42/$R45) -> 0.040241112 | ... U43: =IF($R45=0,0,U42/$R45) -> 0.40806982
A44: CONFERÊNCIA POR GRUPO | F44: =IF(SUM(F42:J42)=0,"— não preenchido",IF(ROUND(SUM(F42:J42)-$R45,3)=0,"OK — "&ROUND(SUM(F42:J42),3)&" km","ERRO — dif. de "&ROUND(SUM(F42:J42)-$R45,3)&" km")) -> OK — 25,377 km | K44: =IF(SUM(K42:L42)=0,"— não preenchido",IF(ROUND(SUM(K42:L42)-$R45,3)=0,"OK — "&ROUND(SUM(K42:L42),3)&" km","ERRO — dif. de "&ROUND(SUM(K42:L42)-$R45,3)&" km")) -> OK — 25,377 km | M44: =IF(SUM(M42:O42)=0,"— não preenchido",IF(ROUND(SUM(M42:O42)-$R45,3)=0,"OK — "&ROUND(SUM(M42:O42),3)&" km","ERRO — dif. de "&ROUND(SUM(M42:O42)-$R45,3)&" km")) -> OK — 25,377 km | P44: =IF(SUM(P42:R42)=0,"— não preenchido",IF(ROUND(SUM(P42:R42)-$R45,3)=0,"OK — "&ROUND(SUM(P42:R42),3)&" km","ERRO — dif. de "&ROUND(SUM(P42:R42)-$R45,3)&" km")) -> OK — 25,377 km | S44: =IF(SUM(S42:U42)=0,"— não preenchido",IF(ROUND(SUM(S42:U42)-$R45,3)=0,"OK — "&ROUND(SUM(S42:U42),3)&" km","ERRO — dif. de "&ROUND(SUM(S42:U42)-$R45,3)&" km")) -> OK — 25,377 km
A45: EXTENSÃO TOTAL DO TRECHO | R45: =SUM(E9:E36) -> 25.376613 | V45: =COUNTIF(W9:W36,"OK")&" de "&COUNT($E$9:$E$36)&" linhas conferidas" -> 27 de 27 linhas conferidas
A47: LEGENDA
A48: REM. I. / REM. L. | E48: Remendos isolados (até 10 por km) · Remendos ao longo (mais de 10 por km)
A49: BUR. I. / BUR. L. | E49: Buracos isolados (até 5 por km) · Buracos ao longo (mais de 5 por km)
A50: SIT. | E50: PPS = pista simples · PSU = simples urbana · PDU = duplicada
A51: FAIXA AZUL | E51: Cabeçalho de cada S.R.E.: descrição, situação, jurisdição, extensão e coordenada de início.
A52: INÍCIO / FIM (KM) | E52: Contados de 0 até o fim de CADA S.R.E. Não é o marco quilométrico da rodovia.
A53: SENT. | E53: C = crescente · D = decrescente
A54: FAIXA CINZA | E54: Segmento fora do escopo do contrato: você passa por ele, mas não preenche.
A55: CÉLULA VERMELHA | E55: Mais de uma X no mesmo grupo. Apague uma delas.
A56: CONFERÊNCIA | E56: Só na tela, não sai impresso. Fica OK com uma X em cada grupo.

Sheet 9
A1: PROGRAMA DE MANUTENÇÃO RODOVIÁRIA — FICHA DE INSPEÇÃO — RODOVIAS PAVIMENTADAS | Y1: Valores dos gráficos — troca 0 por N/D para a fatia não aparecer. Não editar.
A2: REGIÃO: 1 — TOCANTINÓPOLIS | G2: MÊS / ANO: | I2: =IF('1'!I2="","",'1'!I2) -> 46266 | K2: DATA: | N2: =IF('1'!N2="","",'1'!N2) | P2: TÉCNICO: | R2: ENG. VINICIUS RODRIGUES FERREIRA DE OLIVEIRA | Y2: =IF(F34=0,NA(),F34) -> 16.674968 | Z2: =IF(G34=0,NA(),G34) -> #N/A | AA2: =IF(H34=0,NA(),H34) -> #N/A | AB2: =IF(I34=0,NA(),I34) -> #N/A | AC2: =IF(J34=0,NA(),J34) -> #N/A | AD2: =IF(K34=0,NA(),K34) -> #N/A | AE2: =IF(L34=0,NA(),L34) -> 16.674968 | AF2: =IF(M34=0,NA(),M34) -> #N/A | ... AN2: =IF(U34=0,NA(),U34) -> #N/A
A3: TRECHO 9 — RODOVIA TO-126 - TRECHO SUMAUMA - SÍTIO NOVO DO TOCANTINS | T3: EXTENSÃO: 16,675 km · 3 S.R.E.
A4: COMO PREENCHER: uma X em UMA coluna de cada grupo, por linha. Se houver mais de um defeito no mesmo km, marque o PREDOMINANTE e escreva o resto em OBSERVAÇÕES. A quilometragem é contada de 0 até o fim de CADA S.R.E. (não é o marco da rodovia).
A6: S.R.E. | B6: SENT. | C6: INÍCIO (KM) | D6: FIM (KM) | E6: EXT. (KM) | F6: CONDIÇÃO DO PAVIMENTO | K6: VEGETAÇÃO | M6: ELEM. DE DRENAGEM | P6: SIN. HORIZ. | S6: SIN. VERTICAL | V6: OBSERVAÇÕES | W6: CONFERÊNCIA (só na tela)
F7: BOM | G7: REM. I. | H7: REM. L. | I7: BUR. I. | J7: BUR. L. | K7: ADEQ. | L7: INAD. | M7: LIMPOS | N7: SUJOS | O7: DAN. | P7: BOM | Q7: REG. | R7: INEXIST. | S7: BOM | T7: POUCAS | U7: INEXIST.
A8: S.R.E. 126ETO0050 | SUMAUMA *TRECHO URBANO* - SÃO PEDRO | PPS · Estadual · 7.917 km · início: -5.528825, -47.686401
A9: 126ETO0050 | B9: C | C9: 0 | D9: 1 | E9: =D9-C9 -> 1 | F9: X | L9: X | N9: X | R9: X | T9: X | W9: =IF(COUNTA(F9:U9)=0,"— não preenchido",IF(COUNTIF(F9:J9,"X")<>1,"FALTA/DUPLA: CONDIÇÃO DO PAVIMENTO",IF(COUNTIF(K9:L9,"X")<>1,"FALTA/DUPLA: VEGETAÇÃO",IF(COUNTIF(M9:O9,"X")<>1,"FALTA/DUPLA: ELEM. DE DRENAGEM",IF(COUNTIF(P9:R9,"X")<>1,"FALTA/DUPLA: SIN. HORIZ.",IF(COUNTIF(S9:U9,"X")<>1,"FALTA/DUPLA: SIN. VERTICAL","OK")))))) -> OK
A10: 126ETO0050 | B10: C | C10: 1 | D10: 2 | E10: =D10-C10 -> 1 | F10: X | L10: X | N10: X | R10: X | T10: X | W10: =IF(COUNTA(F10:U10)=0,"— não preenchido",IF(COUNTIF(F10:J10,"X")<>1,"FALTA/DUPLA: CONDIÇÃO DO PAVIMENTO",IF(COUNTIF(K10:L10,"X")<>1,"FALTA/DUPLA: VEGETAÇÃO",IF(COUNTIF(M10:O10,"X")<>1,"FALTA/DUPLA: ELEM. DE DRENAGEM",IF(COUNTIF(P10:R10,"X")<>1,"FALTA/DUPLA: SIN. HORIZ.",IF(COUNTIF(S10:U10,"X")<>1,"FALTA/DUPLA: SIN. VERTICAL","OK")))))) -> OK
A11: 126ETO0050 | B11: C | C11: 2 | D11: 3 | E11: =D11-C11 -> 1 | F11: X | L11: X | N11: X | R11: X | T11: X | W11: =IF(COUNTA(F11:U11)=0,"— não preenchido",IF(COUNTIF(F11:J11,"X")<>1,"FALTA/DUPLA: CONDIÇÃO DO PAVIMENTO",IF(COUNTIF(K11:L11,"X")<>1,"FALTA/DUPLA: VEGETAÇÃO",IF(COUNTIF(M11:O11,"X")<>1,"FALTA/DUPLA: ELEM. DE DRENAGEM",IF(COUNTIF(P11:R11,"X")<>1,"FALTA/DUPLA: SIN. HORIZ.",IF(COUNTIF(S11:U11,"X")<>1,"FALTA/DUPLA: SIN. VERTICAL","OK")))))) -> OK
A12: 126ETO0050 | B12: C | C12: 3 | D12: 4 | E12: =D12-C12 -> 1 | F12: X | L12: X | N12: X | R12: X | T12: X | W12: =IF(COUNTA(F12:U12)=0,"— não preenchido",IF(COUNTIF(F12:J12,"X")<>1,"FALTA/DUPLA: CONDIÇÃO DO PAVIMENTO",IF(COUNTIF(K12:L12,"X")<>1,"FALTA/DUPLA: VEGETAÇÃO",IF(COUNTIF(M12:O12,"X")<>1,"FALTA/DUPLA: ELEM. DE DRENAGEM",IF(COUNTIF(P12:R12,"X")<>1,"FALTA/DUPLA: SIN. HORIZ.",IF(COUNTIF(S12:U12,"X")<>1,"FALTA/DUPLA: SIN. VERTICAL","OK")))))) -> OK
A13: 126ETO0050 | B13: C | C13: 4 | D13: 5 | E13: =D13-C13 -> 1 | F13: X | L13: X | N13: X | R13: X | T13: X | W13: =IF(COUNTA(F13:U13)=0,"— não preenchido",IF(COUNTIF(F13:J13,"X")<>1,"FALTA/DUPLA: CONDIÇÃO DO PAVIMENTO",IF(COUNTIF(K13:L13,"X")<>1,"FALTA/DUPLA: VEGETAÇÃO",IF(COUNTIF(M13:O13,"X")<>1,"FALTA/DUPLA: ELEM. DE DRENAGEM",IF(COUNTIF(P13:R13,"X")<>1,"FALTA/DUPLA: SIN. HORIZ.",IF(COUNTIF(S13:U13,"X")<>1,"FALTA/DUPLA: SIN. VERTICAL","OK")))))) -> OK
A14: 126ETO0050 | B14: C | C14: 5 | D14: 6 | E14: =D14-C14 -> 1 | F14: X | L14: X | N14: X | R14: X | T14: X | W14: =IF(COUNTA(F14:U14)=0,"— não preenchido",IF(COUNTIF(F14:J14,"X")<>1,"FALTA/DUPLA: CONDIÇÃO DO PAVIMENTO",IF(COUNTIF(K14:L14,"X")<>1,"FALTA/DUPLA: VEGETAÇÃO",IF(COUNTIF(M14:O14,"X")<>1,"FALTA/DUPLA: ELEM. DE DRENAGEM",IF(COUNTIF(P14:R14,"X")<>1,"FALTA/DUPLA: SIN. HORIZ.",IF(COUNTIF(S14:U14,"X")<>1,"FALTA/DUPLA: SIN. VERTICAL","OK")))))) -> OK
A15: 126ETO0050 | B15: C | C15: 6 | D15: 7 | E15: =D15-C15 -> 1 | F15: X | L15: X | N15: X | R15: X | T15: X | W15: =IF(COUNTA(F15:U15)=0,"— não preenchido",IF(COUNTIF(F15:J15,"X")<>1,"FALTA/DUPLA: CONDIÇÃO DO PAVIMENTO",IF(COUNTIF(K15:L15,"X")<>1,"FALTA/DUPLA: VEGETAÇÃO",IF(COUNTIF(M15:O15,"X")<>1,"FALTA/DUPLA: ELEM. DE DRENAGEM",IF(COUNTIF(P15:R15,"X")<>1,"FALTA/DUPLA: SIN. HORIZ.",IF(COUNTIF(S15:U15,"X")<>1,"FALTA/DUPLA: SIN. VERTICAL","OK")))))) -> OK
A16: 126ETO0050 | B16: C | C16: 7 | D16: 7.917381 | E16: =D16-C16 -> 0.91738098 | F16: X | L16: X | N16: X | R16: X | T16: X | W16: =IF(COUNTA(F16:U16)=0,"— não preenchido",IF(COUNTIF(F16:J16,"X")<>1,"FALTA/DUPLA: CONDIÇÃO DO PAVIMENTO",IF(COUNTIF(K16:L16,"X")<>1,"FALTA/DUPLA: VEGETAÇÃO",IF(COUNTIF(M16:O16,"X")<>1,"FALTA/DUPLA: ELEM. DE DRENAGEM",IF(COUNTIF(P16:R16,"X")<>1,"FALTA/DUPLA: SIN. HORIZ.",IF(COUNTIF(S16:U16,"X")<>1,"FALTA/DUPLA: SIN. VERTICAL","OK")))))) -> OK
A17: S.R.E. 126ETO0060 | SÃO PEDRO - ENTR. TO-201 | PPS · Estadual · 6.576 km · início: -5.547253, -47.636832
A18: 126ETO0060 | B18: C | C18: 0 | D18: 1 | E18: =D18-C18 -> 1 | F18: X | L18: X | N18: X | R18: X | T18: X | W18: =IF(COUNTA(F18:U18)=0,"— não preenchido",IF(COUNTIF(F18:J18,"X")<>1,"FALTA/DUPLA: CONDIÇÃO DO PAVIMENTO",IF(COUNTIF(K18:L18,"X")<>1,"FALTA/DUPLA: VEGETAÇÃO",IF(COUNTIF(M18:O18,"X")<>1,"FALTA/DUPLA: ELEM. DE DRENAGEM",IF(COUNTIF(P18:R18,"X")<>1,"FALTA/DUPLA: SIN. HORIZ.",IF(COUNTIF(S18:U18,"X")<>1,"FALTA/DUPLA: SIN. VERTICAL","OK")))))) -> OK
A19: 126ETO0060 | B19: C | C19: 1 | D19: 2 | E19: =D19-C19 -> 1 | F19: X | L19: X | N19: X | R19: X | T19: X | W19: =IF(COUNTA(F19:U19)=0,"— não preenchido",IF(COUNTIF(F19:J19,"X")<>1,"FALTA/DUPLA: CONDIÇÃO DO PAVIMENTO",IF(COUNTIF(K19:L19,"X")<>1,"FALTA/DUPLA: VEGETAÇÃO",IF(COUNTIF(M19:O19,"X")<>1,"FALTA/DUPLA: ELEM. DE DRENAGEM",IF(COUNTIF(P19:R19,"X")<>1,"FALTA/DUPLA: SIN. HORIZ.",IF(COUNTIF(S19:U19,"X")<>1,"FALTA/DUPLA: SIN. VERTICAL","OK")))))) -> OK
A20: 126ETO0060 | B20: C | C20: 2 | D20: 3 | E20: =D20-C20 -> 1 | F20: X | L20: X | N20: X | R20: X | T20: X | W20: =IF(COUNTA(F20:U20)=0,"— não preenchido",IF(COUNTIF(F20:J20,"X")<>1,"FALTA/DUPLA: CONDIÇÃO DO PAVIMENTO",IF(COUNTIF(K20:L20,"X")<>1,"FALTA/DUPLA: VEGETAÇÃO",IF(COUNTIF(M20:O20,"X")<>1,"FALTA/DUPLA: ELEM. DE DRENAGEM",IF(COUNTIF(P20:R20,"X")<>1,"FALTA/DUPLA: SIN. HORIZ.",IF(COUNTIF(S20:U20,"X")<>1,"FALTA/DUPLA: SIN. VERTICAL","OK")))))) -> OK
A21: 126ETO0060 | B21: C | C21: 3 | D21: 4 | E21: =D21-C21 -> 1 | F21: X | L21: X | N21: X | R21: X | T21: X | W21: =IF(COUNTA(F21:U21)=0,"— não preenchido",IF(COUNTIF(F21:J21,"X")<>1,"FALTA/DUPLA: CONDIÇÃO DO PAVIMENTO",IF(COUNTIF(K21:L21,"X")<>1,"FALTA/DUPLA: VEGETAÇÃO",IF(COUNTIF(M21:O21,"X")<>1,"FALTA/DUPLA: ELEM. DE DRENAGEM",IF(COUNTIF(P21:R21,"X")<>1,"FALTA/DUPLA: SIN. HORIZ.",IF(COUNTIF(S21:U21,"X")<>1,"FALTA/DUPLA: SIN. VERTICAL","OK")))))) -> OK
A22: 126ETO0060 | B22: C | C22: 4 | D22: 5 | E22: =D22-C22 -> 1 | F22: X | L22: X | N22: X | R22: X | T22: X | W22: =IF(COUNTA(F22:U22)=0,"— não preenchido",IF(COUNTIF(F22:J22,"X")<>1,"FALTA/DUPLA: CONDIÇÃO DO PAVIMENTO",IF(COUNTIF(K22:L22,"X")<>1,"FALTA/DUPLA: VEGETAÇÃO",IF(COUNTIF(M22:O22,"X")<>1,"FALTA/DUPLA: ELEM. DE DRENAGEM",IF(COUNTIF(P22:R22,"X")<>1,"FALTA/DUPLA: SIN. HORIZ.",IF(COUNTIF(S22:U22,"X")<>1,"FALTA/DUPLA: SIN. VERTICAL","OK")))))) -> OK
A23: 126ETO0060 | B23: C | C23: 5 | D23: 6 | E23: =D23-C23 -> 1 | F23: X | L23: X | N23: X | R23: X | T23: X | W23: =IF(COUNTA(F23:U23)=0,"— não preenchido",IF(COUNTIF(F23:J23,"X")<>1,"FALTA/DUPLA: CONDIÇÃO DO PAVIMENTO",IF(COUNTIF(K23:L23,"X")<>1,"FALTA/DUPLA: VEGETAÇÃO",IF(COUNTIF(M23:O23,"X")<>1,"FALTA/DUPLA: ELEM. DE DRENAGEM",IF(COUNTIF(P23:R23,"X")<>1,"FALTA/DUPLA: SIN. HORIZ.",IF(COUNTIF(S23:U23,"X")<>1,"FALTA/DUPLA: SIN. VERTICAL","OK")))))) -> OK
A24: 126ETO0060 | B24: C | C24: 6 | D24: 6.5761498 | E24: =D24-C24 -> 0.57614981 | F24: X | L24: X | N24: X | R24: X | T24: X | W24: =IF(COUNTA(F24:U24)=0,"— não preenchido",IF(COUNTIF(F24:J24,"X")<>1,"FALTA/DUPLA: CONDIÇÃO DO PAVIMENTO",IF(COUNTIF(K24:L24,"X")<>1,"FALTA/DUPLA: VEGETAÇÃO",IF(COUNTIF(M24:O24,"X")<>1,"FALTA/DUPLA: ELEM. DE DRENAGEM",IF(COUNTIF(P24:R24,"X")<>1,"FALTA/DUPLA: SIN. HORIZ.",IF(COUNTIF(S24:U24,"X")<>1,"FALTA/DUPLA: SIN. VERTICAL","OK")))))) -> OK
A25: S.R.E. 126ETO0080 | ENTR. TO-201(A) - ENTR. TO-201(B)(SÍTIO NOVO DO TOCANTINS) | PPS · Estadual · 2.181 km · início: -5.595906, -47.623016
A26: 126ETO0080 | B26: C | C26: 0 | D26: 1 | E26: =D26-C26 -> 1 | F26: X | L26: X | N26: X | R26: X | T26: X | W26: =IF(COUNTA(F26:U26)=0,"— não preenchido",IF(COUNTIF(F26:J26,"X")<>1,"FALTA/DUPLA: CONDIÇÃO DO PAVIMENTO",IF(COUNTIF(K26:L26,"X")<>1,"FALTA/DUPLA: VEGETAÇÃO",IF(COUNTIF(M26:O26,"X")<>1,"FALTA/DUPLA: ELEM. DE DRENAGEM",IF(COUNTIF(P26:R26,"X")<>1,"FALTA/DUPLA: SIN. HORIZ.",IF(COUNTIF(S26:U26,"X")<>1,"FALTA/DUPLA: SIN. VERTICAL","OK")))))) -> OK
A27: 126ETO0080 | B27: C | C27: 1 | D27: 2 | E27: =D27-C27 -> 1 | F27: X | L27: X | N27: X | R27: X | T27: X | W27: =IF(COUNTA(F27:U27)=0,"— não preenchido",IF(COUNTIF(F27:J27,"X")<>1,"FALTA/DUPLA: CONDIÇÃO DO PAVIMENTO",IF(COUNTIF(K27:L27,"X")<>1,"FALTA/DUPLA: VEGETAÇÃO",IF(COUNTIF(M27:O27,"X")<>1,"FALTA/DUPLA: ELEM. DE DRENAGEM",IF(COUNTIF(P27:R27,"X")<>1,"FALTA/DUPLA: SIN. HORIZ.",IF(COUNTIF(S27:U27,"X")<>1,"FALTA/DUPLA: SIN. VERTICAL","OK")))))) -> OK
A28: 126ETO0080 | B28: C | C28: 2 | D28: 2.1814371 | E28: =D28-C28 -> 0.18143707 | F28: X | L28: X | N28: X | R28: X | T28: X | W28: =IF(COUNTA(F28:U28)=0,"— não preenchido",IF(COUNTIF(F28:J28,"X")<>1,"FALTA/DUPLA: CONDIÇÃO DO PAVIMENTO",IF(COUNTIF(K28:L28,"X")<>1,"FALTA/DUPLA: VEGETAÇÃO",IF(COUNTIF(M28:O28,"X")<>1,"FALTA/DUPLA: ELEM. DE DRENAGEM",IF(COUNTIF(P28:R28,"X")<>1,"FALTA/DUPLA: SIN. HORIZ.",IF(COUNTIF(S28:U28,"X")<>1,"FALTA/DUPLA: SIN. VERTICAL","OK")))))) -> OK
A30: ____________________________________________ | G30: ____________________________________________
A31: TÉCNICO RESPONSÁVEL PELA INSPEÇÃO | G31: VISTO DA SUPERVISÃO
A33: RESUMO DO TRECHO — KM LANÇADO POR ITEM
A34: KM LANÇADO | F34: =SUMIF(F$9:F$28,"X",$E$9:$E$28) -> 16.674968 | G34: =SUMIF(G$9:G$28,"X",$E$9:$E$28) -> 0 | H34: =SUMIF(H$9:H$28,"X",$E$9:$E$28) -> 0 | I34: =SUMIF(I$9:I$28,"X",$E$9:$E$28) -> 0 | J34: =SUMIF(J$9:J$28,"X",$E$9:$E$28) -> 0 | K34: =SUMIF(K$9:K$28,"X",$E$9:$E$28) -> 0 | L34: =SUMIF(L$9:L$28,"X",$E$9:$E$28) -> 16.674968 | M34: =SUMIF(M$9:M$28,"X",$E$9:$E$28) -> 0 | ... U34: =SUMIF(U$9:U$28,"X",$E$9:$E$28) -> 0
A35: % DA EXTENSÃO | F35: =IF($R37=0,0,F34/$R37) -> 1 | G35: =IF($R37=0,0,G34/$R37) -> 0 | H35: =IF($R37=0,0,H34/$R37) -> 0 | I35: =IF($R37=0,0,I34/$R37) -> 0 | J35: =IF($R37=0,0,J34/$R37) -> 0 | K35: =IF($R37=0,0,K34/$R37) -> 0 | L35: =IF($R37=0,0,L34/$R37) -> 1 | M35: =IF($R37=0,0,M34/$R37) -> 0 | ... U35: =IF($R37=0,0,U34/$R37) -> 0
A36: CONFERÊNCIA POR GRUPO | F36: =IF(SUM(F34:J34)=0,"— não preenchido",IF(ROUND(SUM(F34:J34)-$R37,3)=0,"OK — "&ROUND(SUM(F34:J34),3)&" km","ERRO — dif. de "&ROUND(SUM(F34:J34)-$R37,3)&" km")) -> OK — 16,675 km | K36: =IF(SUM(K34:L34)=0,"— não preenchido",IF(ROUND(SUM(K34:L34)-$R37,3)=0,"OK — "&ROUND(SUM(K34:L34),3)&" km","ERRO — dif. de "&ROUND(SUM(K34:L34)-$R37,3)&" km")) -> OK — 16,675 km | M36: =IF(SUM(M34:O34)=0,"— não preenchido",IF(ROUND(SUM(M34:O34)-$R37,3)=0,"OK — "&ROUND(SUM(M34:O34),3)&" km","ERRO — dif. de "&ROUND(SUM(M34:O34)-$R37,3)&" km")) -> OK — 16,675 km | P36: =IF(SUM(P34:R34)=0,"— não preenchido",IF(ROUND(SUM(P34:R34)-$R37,3)=0,"OK — "&ROUND(SUM(P34:R34),3)&" km","ERRO — dif. de "&ROUND(SUM(P34:R34)-$R37,3)&" km")) -> OK — 16,675 km | S36: =IF(SUM(S34:U34)=0,"— não preenchido",IF(ROUND(SUM(S34:U34)-$R37,3)=0,"OK — "&ROUND(SUM(S34:U34),3)&" km","ERRO — dif. de "&ROUND(SUM(S34:U34)-$R37,3)&" km")) -> OK — 16,675 km
A37: EXTENSÃO TOTAL DO TRECHO | R37: =SUM(E9:E28) -> 16.674968 | V37: =COUNTIF(W9:W28,"OK")&" de "&COUNT($E$9:$E$28)&" linhas conferidas" -> 18 de 18 linhas conferidas
A39: LEGENDA
A40: REM. I. / REM. L. | E40: Remendos isolados (até 10 por km) · Remendos ao longo (mais de 10 por km)
A41: BUR. I. / BUR. L. | E41: Buracos isolados (até 5 por km) · Buracos ao longo (mais de 5 por km)
A42: SIT. | E42: PPS = pista simples · PSU = simples urbana · PDU = duplicada
A43: FAIXA AZUL | E43: Cabeçalho de cada S.R.E.: descrição, situação, jurisdição, extensão e coordenada de início.
A44: INÍCIO / FIM (KM) | E44: Contados de 0 até o fim de CADA S.R.E. Não é o marco quilométrico da rodovia.
A45: SENT. | E45: C = crescente · D = decrescente
A46: FAIXA CINZA | E46: Segmento fora do escopo do contrato: você passa por ele, mas não preenche.
A47: CÉLULA VERMELHA | E47: Mais de uma X no mesmo grupo. Apague uma delas.
A48: CONFERÊNCIA | E48: Só na tela, não sai impresso. Fica OK com uma X em cada grupo.

Sheet 10
A1: PROGRAMA DE MANUTENÇÃO RODOVIÁRIA — FICHA DE INSPEÇÃO — RODOVIAS PAVIMENTADAS | Y1: Valores dos gráficos — troca 0 por N/D para a fatia não aparecer. Não editar.
A2: REGIÃO: 1 — TOCANTINÓPOLIS | G2: MÊS / ANO: | I2: =IF('1'!I2="","",'1'!I2) -> 46266 | K2: DATA: | N2: =IF('1'!N2="","",'1'!N2) | P2: TÉCNICO: | R2: ENG. VINICIUS RODRIGUES FERREIRA DE OLIVEIRA | Y2: =IF(F61=0,NA(),F61) -> 37.347802 | Z2: =IF(G61=0,NA(),G61) -> 4 | AA2: =IF(H61=0,NA(),H61) -> 4 | AB2: =IF(I61=0,NA(),I61) -> #N/A | AC2: =IF(J61=0,NA(),J61) -> #N/A | AD2: =IF(K61=0,NA(),K61) -> #N/A | AE2: =IF(L61=0,NA(),L61) -> 45.347802 | AF2: =IF(M61=0,NA(),M61) -> #N/A | ... AN2: =IF(U61=0,NA(),U61) -> 4
A3: TRECHO 10 — RODOVIA TO-134 - TRECHO ANGICO - DARCINÓPOLIS | T3: EXTENSÃO: 45,348 km · 2 S.R.E.
A4: COMO PREENCHER: uma X em UMA coluna de cada grupo, por linha. Se houver mais de um defeito no mesmo km, marque o PREDOMINANTE e escreva o resto em OBSERVAÇÕES. A quilometragem é contada de 0 até o fim de CADA S.R.E. (não é o marco da rodovia).
A6: S.R.E. | B6: SENT. | C6: INÍCIO (KM) | D6: FIM (KM) | E6: EXT. (KM) | F6: CONDIÇÃO DO PAVIMENTO | K6: VEGETAÇÃO | M6: ELEM. DE DRENAGEM | P6: SIN. HORIZ. | S6: SIN. VERTICAL | V6: OBSERVAÇÕES | W6: CONFERÊNCIA (só na tela)
F7: BOM | G7: REM. I. | H7: REM. L. | I7: BUR. I. | J7: BUR. L. | K7: ADEQ. | L7: INAD. | M7: LIMPOS | N7: SUJOS | O7: DAN. | P7: BOM | Q7: REG. | R7: INEXIST. | S7: BOM | T7: POUCAS | U7: INEXIST.
A8: S.R.E. 134ETO0220 | ENTR. TO-210 (ANGICO) - AMIGOS DA TERRA | PPS · Estadual · 31.597 km · início: -6.399091, -47.862029
A9: 134ETO0220 | B9: C | C9: 0 | D9: 1 | E9: =D9-C9 -> 1 | H9: X | L9: X | N9: X | P9: X | T9: X | W9: =IF(COUNTA(F9:U9)=0,"— não preenchido",IF(COUNTIF(F9:J9,"X")<>1,"FALTA/DUPLA: CONDIÇÃO DO PAVIMENTO",IF(COUNTIF(K9:L9,"X")<>1,"FALTA/DUPLA: VEGETAÇÃO",IF(COUNTIF(M9:O9,"X")<>1,"FALTA/DUPLA: ELEM. DE DRENAGEM",IF(COUNTIF(P9:R9,"X")<>1,"FALTA/DUPLA: SIN. HORIZ.",IF(COUNTIF(S9:U9,"X")<>1,"FALTA/DUPLA: SIN. VERTICAL","OK")))))) -> OK
A10: 134ETO0220 | B10: C | C10: 1 | D10: 2 | E10: =D10-C10 -> 1 | H10: X | L10: X | N10: X | P10: X | T10: X | W10: =IF(COUNTA(F10:U10)=0,"— não preenchido",IF(COUNTIF(F10:J10,"X")<>1,"FALTA/DUPLA: CONDIÇÃO DO PAVIMENTO",IF(COUNTIF(K10:L10,"X")<>1,"FALTA/DUPLA: VEGETAÇÃO",IF(COUNTIF(M10:O10,"X")<>1,"FALTA/DUPLA: ELEM. DE DRENAGEM",IF(COUNTIF(P10:R10,"X")<>1,"FALTA/DUPLA: SIN. HORIZ.",IF(COUNTIF(S10:U10,"X")<>1,"FALTA/DUPLA: SIN. VERTICAL","OK")))))) -> OK
A11: 134ETO0220 | B11: C | C11: 2 | D11: 3 | E11: =D11-C11 -> 1 | F11: X | L11: X | N11: X | Q11: X | T11: X | W11: =IF(COUNTA(F11:U11)=0,"— não preenchido",IF(COUNTIF(F11:J11,"X")<>1,"FALTA/DUPLA: CONDIÇÃO DO PAVIMENTO",IF(COUNTIF(K11:L11,"X")<>1,"FALTA/DUPLA: VEGETAÇÃO",IF(COUNTIF(M11:O11,"X")<>1,"FALTA/DUPLA: ELEM. DE DRENAGEM",IF(COUNTIF(P11:R11,"X")<>1,"FALTA/DUPLA: SIN. HORIZ.",IF(COUNTIF(S11:U11,"X")<>1,"FALTA/DUPLA: SIN. VERTICAL","OK")))))) -> OK
A12: 134ETO0220 | B12: C | C12: 3 | D12: 4 | E12: =D12-C12 -> 1 | F12: X | L12: X | N12: X | Q12: X | T12: X | W12: =IF(COUNTA(F12:U12)=0,"— não preenchido",IF(COUNTIF(F12:J12,"X")<>1,"FALTA/DUPLA: CONDIÇÃO DO PAVIMENTO",IF(COUNTIF(K12:L12,"X")<>1,"FALTA/DUPLA: VEGETAÇÃO",IF(COUNTIF(M12:O12,"X")<>1,"FALTA/DUPLA: ELEM. DE DRENAGEM",IF(COUNTIF(P12:R12,"X")<>1,"FALTA/DUPLA: SIN. HORIZ.",IF(COUNTIF(S12:U12,"X")<>1,"FALTA/DUPLA: SIN. VERTICAL","OK")))))) -> OK
A13: 134ETO0220 | B13: C | C13: 4 | D13: 5 | E13: =D13-C13 -> 1 | F13: X | L13: X | N13: X | P13: X | T13: X | W13: =IF(COUNTA(F13:U13)=0,"— não preenchido",IF(COUNTIF(F13:J13,"X")<>1,"FALTA/DUPLA: CONDIÇÃO DO PAVIMENTO",IF(COUNTIF(K13:L13,"X")<>1,"FALTA/DUPLA: VEGETAÇÃO",IF(COUNTIF(M13:O13,"X")<>1,"FALTA/DUPLA: ELEM. DE DRENAGEM",IF(COUNTIF(P13:R13,"X")<>1,"FALTA/DUPLA: SIN. HORIZ.",IF(COUNTIF(S13:U13,"X")<>1,"FALTA/DUPLA: SIN. VERTICAL","OK")))))) -> OK
A14: 134ETO0220 | B14: C | C14: 5 | D14: 6 | E14: =D14-C14 -> 1 | F14: X | L14: X | N14: X | P14: X | T14: X | W14: =IF(COUNTA(F14:U14)=0,"— não preenchido",IF(COUNTIF(F14:J14,"X")<>1,"FALTA/DUPLA: CONDIÇÃO DO PAVIMENTO",IF(COUNTIF(K14:L14,"X")<>1,"FALTA/DUPLA: VEGETAÇÃO",IF(COUNTIF(M14:O14,"X")<>1,"FALTA/DUPLA: ELEM. DE DRENAGEM",IF(COUNTIF(P14:R14,"X")<>1,"FALTA/DUPLA: SIN. HORIZ.",IF(COUNTIF(S14:U14,"X")<>1,"FALTA/DUPLA: SIN. VERTICAL","OK")))))) -> OK
A15: 134ETO0220 | B15: C | C15: 6 | D15: 7 | E15: =D15-C15 -> 1 | G15: X | L15: X | N15: X | Q15: X | T15: X | W15: =IF(COUNTA(F15:U15)=0,"— não preenchido",IF(COUNTIF(F15:J15,"X")<>1,"FALTA/DUPLA: CONDIÇÃO DO PAVIMENTO",IF(COUNTIF(K15:L15,"X")<>1,"FALTA/DUPLA: VEGETAÇÃO",IF(COUNTIF(M15:O15,"X")<>1,"FALTA/DUPLA: ELEM. DE DRENAGEM",IF(COUNTIF(P15:R15,"X")<>1,"FALTA/DUPLA: SIN. HORIZ.",IF(COUNTIF(S15:U15,"X")<>1,"FALTA/DUPLA: SIN. VERTICAL","OK")))))) -> OK
A16: 134ETO0220 | B16: C | C16: 7 | D16: 8 | E16: =D16-C16 -> 1 | G16: X | L16: X | N16: X | Q16: X | T16: X | W16: =IF(COUNTA(F16:U16)=0,"— não preenchido",IF(COUNTIF(F16:J16,"X")<>1,"FALTA/DUPLA: CONDIÇÃO DO PAVIMENTO",IF(COUNTIF(K16:L16,"X")<>1,"FALTA/DUPLA: VEGETAÇÃO",IF(COUNTIF(M16:O16,"X")<>1,"FALTA/DUPLA: ELEM. DE DRENAGEM",IF(COUNTIF(P16:R16,"X")<>1,"FALTA/DUPLA: SIN. HORIZ.",IF(COUNTIF(S16:U16,"X")<>1,"FALTA/DUPLA: SIN. VERTICAL","OK")))))) -> OK
A17: 134ETO0220 | B17: C | C17: 8 | D17: 9 | E17: =D17-C17 -> 1 | F17: X | L17: X | N17: X | Q17: X | U17: X | W17: =IF(COUNTA(F17:U17)=0,"— não preenchido",IF(COUNTIF(F17:J17,"X")<>1,"FALTA/DUPLA: CONDIÇÃO DO PAVIMENTO",IF(COUNTIF(K17:L17,"X")<>1,"FALTA/DUPLA: VEGETAÇÃO",IF(COUNTIF(M17:O17,"X")<>1,"FALTA/DUPLA: ELEM. DE DRENAGEM",IF(COUNTIF(P17:R17,"X")<>1,"FALTA/DUPLA: SIN. HORIZ.",IF(COUNTIF(S17:U17,"X")<>1,"FALTA/DUPLA: SIN. VERTICAL","OK")))))) -> OK
A18: 134ETO0220 | B18: C | C18: 9 | D18: 10 | E18: =D18-C18 -> 1 | F18: X | L18: X | N18: X | Q18: X | U18: X | W18: =IF(COUNTA(F18:U18)=0,"— não preenchido",IF(COUNTIF(F18:J18,"X")<>1,"FALTA/DUPLA: CONDIÇÃO DO PAVIMENTO",IF(COUNTIF(K18:L18,"X")<>1,"FALTA/DUPLA: VEGETAÇÃO",IF(COUNTIF(M18:O18,"X")<>1,"FALTA/DUPLA: ELEM. DE DRENAGEM",IF(COUNTIF(P18:R18,"X")<>1,"FALTA/DUPLA: SIN. HORIZ.",IF(COUNTIF(S18:U18,"X")<>1,"FALTA/DUPLA: SIN. VERTICAL","OK")))))) -> OK
A19: 134ETO0220 | B19: C | C19: 10 | D19: 11 | E19: =D19-C19 -> 1 | F19: X | L19: X | N19: X | P19: X | T19: X | W19: =IF(COUNTA(F19:U19)=0,"— não preenchido",IF(COUNTIF(F19:J19,"X")<>1,"FALTA/DUPLA: CONDIÇÃO DO PAVIMENTO",IF(COUNTIF(K19:L19,"X")<>1,"FALTA/DUPLA: VEGETAÇÃO",IF(COUNTIF(M19:O19,"X")<>1,"FALTA/DUPLA: ELEM. DE DRENAGEM",IF(COUNTIF(P19:R19,"X")<>1,"FALTA/DUPLA: SIN. HORIZ.",IF(COUNTIF(S19:U19,"X")<>1,"FALTA/DUPLA: SIN. VERTICAL","OK")))))) -> OK
A20: 134ETO0220 | B20: C | C20: 11 | D20: 12 | E20: =D20-C20 -> 1 | F20: X | L20: X | N20: X | P20: X | T20: X | W20: =IF(COUNTA(F20:U20)=0,"— não preenchido",IF(COUNTIF(F20:J20,"X")<>1,"FALTA/DUPLA: CONDIÇÃO DO PAVIMENTO",IF(COUNTIF(K20:L20,"X")<>1,"FALTA/DUPLA: VEGETAÇÃO",IF(COUNTIF(M20:O20,"X")<>1,"FALTA/DUPLA: ELEM. DE DRENAGEM",IF(COUNTIF(P20:R20,"X")<>1,"FALTA/DUPLA: SIN. HORIZ.",IF(COUNTIF(S20:U20,"X")<>1,"FALTA/DUPLA: SIN. VERTICAL","OK")))))) -> OK
A21: 134ETO0220 | B21: C | C21: 12 | D21: 13 | E21: =D21-C21 -> 1 | F21: X | L21: X | N21: X | P21: X | T21: X | W21: =IF(COUNTA(F21:U21)=0,"— não preenchido",IF(COUNTIF(F21:J21,"X")<>1,"FALTA/DUPLA: CONDIÇÃO DO PAVIMENTO",IF(COUNTIF(K21:L21,"X")<>1,"FALTA/DUPLA: VEGETAÇÃO",IF(COUNTIF(M21:O21,"X")<>1,"FALTA/DUPLA: ELEM. DE DRENAGEM",IF(COUNTIF(P21:R21,"X")<>1,"FALTA/DUPLA: SIN. HORIZ.",IF(COUNTIF(S21:U21,"X")<>1,"FALTA/DUPLA: SIN. VERTICAL","OK")))))) -> OK
A22: 134ETO0220 | B22: C | C22: 13 | D22: 14 | E22: =D22-C22 -> 1 | F22: X | L22: X | N22: X | P22: X | T22: X | W22: =IF(COUNTA(F22:U22)=0,"— não preenchido",IF(COUNTIF(F22:J22,"X")<>1,"FALTA/DUPLA: CONDIÇÃO DO PAVIMENTO",IF(COUNTIF(K22:L22,"X")<>1,"FALTA/DUPLA: VEGETAÇÃO",IF(COUNTIF(M22:O22,"X")<>1,"FALTA/DUPLA: ELEM. DE DRENAGEM",IF(COUNTIF(P22:R22,"X")<>1,"FALTA/DUPLA: SIN. HORIZ.",IF(COUNTIF(S22:U22,"X")<>1,"FALTA/DUPLA: SIN. VERTICAL","OK")))))) -> OK
A23: 134ETO0220 | B23: C | C23: 14 | D23: 15 | E23: =D23-C23 -> 1 | F23: X | L23: X | N23: X | P23: X | T23: X | W23: =IF(COUNTA(F23:U23)=0,"— não preenchido",IF(COUNTIF(F23:J23,"X")<>1,"FALTA/DUPLA: CONDIÇÃO DO PAVIMENTO",IF(COUNTIF(K23:L23,"X")<>1,"FALTA/DUPLA: VEGETAÇÃO",IF(COUNTIF(M23:O23,"X")<>1,"FALTA/DUPLA: ELEM. DE DRENAGEM",IF(COUNTIF(P23:R23,"X")<>1,"FALTA/DUPLA: SIN. HORIZ.",IF(COUNTIF(S23:U23,"X")<>1,"FALTA/DUPLA: SIN. VERTICAL","OK")))))) -> OK
A24: 134ETO0220 | B24: C | C24: 15 | D24: 16 | E24: =D24-C24 -> 1 | F24: X | L24: X | N24: X | P24: X | T24: X | W24: =IF(COUNTA(F24:U24)=0,"— não preenchido",IF(COUNTIF(F24:J24,"X")<>1,"FALTA/DUPLA: CONDIÇÃO DO PAVIMENTO",IF(COUNTIF(K24:L24,"X")<>1,"FALTA/DUPLA: VEGETAÇÃO",IF(COUNTIF(M24:O24,"X")<>1,"FALTA/DUPLA: ELEM. DE DRENAGEM",IF(COUNTIF(P24:R24,"X")<>1,"FALTA/DUPLA: SIN. HORIZ.",IF(COUNTIF(S24:U24,"X")<>1,"FALTA/DUPLA: SIN. VERTICAL","OK")))))) -> OK
A25: 134ETO0220 | B25: C | C25: 16 | D25: 17 | E25: =D25-C25 -> 1 | F25: X | L25: X | N25: X | P25: X | T25: X | W25: =IF(COUNTA(F25:U25)=0,"— não preenchido",IF(COUNTIF(F25:J25,"X")<>1,"FALTA/DUPLA: CONDIÇÃO DO PAVIMENTO",IF(COUNTIF(K25:L25,"X")<>1,"FALTA/DUPLA: VEGETAÇÃO",IF(COUNTIF(M25:O25,"X")<>1,"FALTA/DUPLA: ELEM. DE DRENAGEM",IF(COUNTIF(P25:R25,"X")<>1,"FALTA/DUPLA: SIN. HORIZ.",IF(COUNTIF(S25:U25,"X")<>1,"FALTA/DUPLA: SIN. VERTICAL","OK")))))) -> OK
A26: 134ETO0220 | B26: C | C26: 17 | D26: 18 | E26: =D26-C26 -> 1 | F26: X | L26: X | N26: X | P26: X | T26: X | W26: =IF(COUNTA(F26:U26)=0,"— não preenchido",IF(COUNTIF(F26:J26,"X")<>1,"FALTA/DUPLA: CONDIÇÃO DO PAVIMENTO",IF(COUNTIF(K26:L26,"X")<>1,"FALTA/DUPLA: VEGETAÇÃO",IF(COUNTIF(M26:O26,"X")<>1,"FALTA/DUPLA: ELEM. DE DRENAGEM",IF(COUNTIF(P26:R26,"X")<>1,"FALTA/DUPLA: SIN. HORIZ.",IF(COUNTIF(S26:U26,"X")<>1,"FALTA/DUPLA: SIN. VERTICAL","OK")))))) -> OK
A27: 134ETO0220 | B27: C | C27: 18 | D27: 19 | E27: =D27-C27 -> 1 | F27: X | L27: X | N27: X | P27: X | T27: X | W27: =IF(COUNTA(F27:U27)=0,"— não preenchido",IF(COUNTIF(F27:J27,"X")<>1,"FALTA/DUPLA: CONDIÇÃO DO PAVIMENTO",IF(COUNTIF(K27:L27,"X")<>1,"FALTA/DUPLA: VEGETAÇÃO",IF(COUNTIF(M27:O27,"X")<>1,"FALTA/DUPLA: ELEM. DE DRENAGEM",IF(COUNTIF(P27:R27,"X")<>1,"FALTA/DUPLA: SIN. HORIZ.",IF(COUNTIF(S27:U27,"X")<>1,"FALTA/DUPLA: SIN. VERTICAL","OK")))))) -> OK
A28: 134ETO0220 | B28: C | C28: 19 | D28: 20 | E28: =D28-C28 -> 1 | F28: X | L28: X | N28: X | P28: X | T28: X | W28: =IF(COUNTA(F28:U28)=0,"— não preenchido",IF(COUNTIF(F28:J28,"X")<>1,"FALTA/DUPLA: CONDIÇÃO DO PAVIMENTO",IF(COUNTIF(K28:L28,"X")<>1,"FALTA/DUPLA: VEGETAÇÃO",IF(COUNTIF(M28:O28,"X")<>1,"FALTA/DUPLA: ELEM. DE DRENAGEM",IF(COUNTIF(P28:R28,"X")<>1,"FALTA/DUPLA: SIN. HORIZ.",IF(COUNTIF(S28:U28,"X")<>1,"FALTA/DUPLA: SIN. VERTICAL","OK")))))) -> OK
A29: 134ETO0220 | B29: C | C29: 20 | D29: 21 | E29: =D29-C29 -> 1 | F29: X | L29: X | N29: X | P29: X | T29: X | W29: =IF(COUNTA(F29:U29)=0,"— não preenchido",IF(COUNTIF(F29:J29,"X")<>1,"FALTA/DUPLA: CONDIÇÃO DO PAVIMENTO",IF(COUNTIF(K29:L29,"X")<>1,"FALTA/DUPLA: VEGETAÇÃO",IF(COUNTIF(M29:O29,"X")<>1,"FALTA/DUPLA: ELEM. DE DRENAGEM",IF(COUNTIF(P29:R29,"X")<>1,"FALTA/DUPLA: SIN. HORIZ.",IF(COUNTIF(S29:U29,"X")<>1,"FALTA/DUPLA: SIN. VERTICAL","OK")))))) -> OK
A30: 134ETO0220 | B30: C | C30: 21 | D30: 22 | E30: =D30-C30 -> 1 | F30: X | L30: X | N30: X | P30: X | T30: X | W30: =IF(COUNTA(F30:U30)=0,"— não preenchido",IF(COUNTIF(F30:J30,"X")<>1,"FALTA/DUPLA: CONDIÇÃO DO PAVIMENTO",IF(COUNTIF(K30:L30,"X")<>1,"FALTA/DUPLA: VEGETAÇÃO",IF(COUNTIF(M30:O30,"X")<>1,"FALTA/DUPLA: ELEM. DE DRENAGEM",IF(COUNTIF(P30:R30,"X")<>1,"FALTA/DUPLA: SIN. HORIZ.",IF(COUNTIF(S30:U30,"X")<>1,"FALTA/DUPLA: SIN. VERTICAL","OK")))))) -> OK
A31: 134ETO0220 | B31: C | C31: 22 | D31: 23 | E31: =D31-C31 -> 1 | G31: X | L31: X | N31: X | P31: X | T31: X | W31: =IF(COUNTA(F31:U31)=0,"— não preenchido",IF(COUNTIF(F31:J31,"X")<>1,"FALTA/DUPLA: CONDIÇÃO DO PAVIMENTO",IF(COUNTIF(K31:L31,"X")<>1,"FALTA/DUPLA: VEGETAÇÃO",IF(COUNTIF(M31:O31,"X")<>1,"FALTA/DUPLA: ELEM. DE DRENAGEM",IF(COUNTIF(P31:R31,"X")<>1,"FALTA/DUPLA: SIN. HORIZ.",IF(COUNTIF(S31:U31,"X")<>1,"FALTA/DUPLA: SIN. VERTICAL","OK")))))) -> OK
A32: 134ETO0220 | B32: C | C32: 23 | D32: 24 | E32: =D32-C32 -> 1 | G32: X | L32: X | N32: X | P32: X | T32: X | W32: =IF(COUNTA(F32:U32)=0,"— não preenchido",IF(COUNTIF(F32:J32,"X")<>1,"FALTA/DUPLA: CONDIÇÃO DO PAVIMENTO",IF(COUNTIF(K32:L32,"X")<>1,"FALTA/DUPLA: VEGETAÇÃO",IF(COUNTIF(M32:O32,"X")<>1,"FALTA/DUPLA: ELEM. DE DRENAGEM",IF(COUNTIF(P32:R32,"X")<>1,"FALTA/DUPLA: SIN. HORIZ.",IF(COUNTIF(S32:U32,"X")<>1,"FALTA/DUPLA: SIN. VERTICAL","OK")))))) -> OK
A33: 134ETO0220 | B33: C | C33: 24 | D33: 25 | E33: =D33-C33 -> 1 | F33: X | L33: X | N33: X | P33: X | T33: X | W33: =IF(COUNTA(F33:U33)=0,"— não preenchido",IF(COUNTIF(F33:J33,"X")<>1,"FALTA/DUPLA: CONDIÇÃO DO PAVIMENTO",IF(COUNTIF(K33:L33,"X")<>1,"FALTA/DUPLA: VEGETAÇÃO",IF(COUNTIF(M33:O33,"X")<>1,"FALTA/DUPLA: ELEM. DE DRENAGEM",IF(COUNTIF(P33:R33,"X")<>1,"FALTA/DUPLA: SIN. HORIZ.",IF(COUNTIF(S33:U33,"X")<>1,"FALTA/DUPLA: SIN. VERTICAL","OK")))))) -> OK
A34: 134ETO0220 | B34: C | C34: 25 | D34: 26 | E34: =D34-C34 -> 1 | F34: X | L34: X | N34: X | P34: X | T34: X | W34: =IF(COUNTA(F34:U34)=0,"— não preenchido",IF(COUNTIF(F34:J34,"X")<>1,"FALTA/DUPLA: CONDIÇÃO DO PAVIMENTO",IF(COUNTIF(K34:L34,"X")<>1,"FALTA/DUPLA: VEGETAÇÃO",IF(COUNTIF(M34:O34,"X")<>1,"FALTA/DUPLA: ELEM. DE DRENAGEM",IF(COUNTIF(P34:R34,"X")<>1,"FALTA/DUPLA: SIN. HORIZ.",IF(COUNTIF(S34:U34,"X")<>1,"FALTA/DUPLA: SIN. VERTICAL","OK")))))) -> OK
A35: 134ETO0220 | B35: C | C35: 26 | D35: 27 | E35: =D35-C35 -> 1 | F35: X | L35: X | N35: X | P35: X | T35: X | W35: =IF(COUNTA(F35:U35)=0,"— não preenchido",IF(COUNTIF(F35:J35,"X")<>1,"FALTA/DUPLA: CONDIÇÃO DO PAVIMENTO",IF(COUNTIF(K35:L35,"X")<>1,"FALTA/DUPLA: VEGETAÇÃO",IF(COUNTIF(M35:O35,"X")<>1,"FALTA/DUPLA: ELEM. DE DRENAGEM",IF(COUNTIF(P35:R35,"X")<>1,"FALTA/DUPLA: SIN. HORIZ.",IF(COUNTIF(S35:U35,"X")<>1,"FALTA/DUPLA: SIN. VERTICAL","OK")))))) -> OK
A36: 134ETO0220 | B36: C | C36: 27 | D36: 28 | E36: =D36-C36 -> 1 | F36: X | L36: X | N36: X | P36: X | T36: X | W36: =IF(COUNTA(F36:U36)=0,"— não preenchido",IF(COUNTIF(F36:J36,"X")<>1,"FALTA/DUPLA: CONDIÇÃO DO PAVIMENTO",IF(COUNTIF(K36:L36,"X")<>1,"FALTA/DUPLA: VEGETAÇÃO",IF(COUNTIF(M36:O36,"X")<>1,"FALTA/DUPLA: ELEM. DE DRENAGEM",IF(COUNTIF(P36:R36,"X")<>1,"FALTA/DUPLA: SIN. HORIZ.",IF(COUNTIF(S36:U36,"X")<>1,"FALTA/DUPLA: SIN. VERTICAL","OK")))))) -> OK
A37: 134ETO0220 | B37: C | C37: 28 | D37: 29 | E37: =D37-C37 -> 1 | F37: X | L37: X | N37: X | P37: X | T37: X | W37: =IF(COUNTA(F37:U37)=0,"— não preenchido",IF(COUNTIF(F37:J37,"X")<>1,"FALTA/DUPLA: CONDIÇÃO DO PAVIMENTO",IF(COUNTIF(K37:L37,"X")<>1,"FALTA/DUPLA: VEGETAÇÃO",IF(COUNTIF(M37:O37,"X")<>1,"FALTA/DUPLA: ELEM. DE DRENAGEM",IF(COUNTIF(P37:R37,"X")<>1,"FALTA/DUPLA: SIN. HORIZ.",IF(COUNTIF(S37:U37,"X")<>1,"FALTA/DUPLA: SIN. VERTICAL","OK")))))) -> OK
A38: 134ETO0220 | B38: C | C38: 29 | D38: 30 | E38: =D38-C38 -> 1 | F38: X | L38: X | N38: X | P38: X | T38: X | W38: =IF(COUNTA(F38:U38)=0,"— não preenchido",IF(COUNTIF(F38:J38,"X")<>1,"FALTA/DUPLA: CONDIÇÃO DO PAVIMENTO",IF(COUNTIF(K38:L38,"X")<>1,"FALTA/DUPLA: VEGETAÇÃO",IF(COUNTIF(M38:O38,"X")<>1,"FALTA/DUPLA: ELEM. DE DRENAGEM",IF(COUNTIF(P38:R38,"X")<>1,"FALTA/DUPLA: SIN. HORIZ.",IF(COUNTIF(S38:U38,"X")<>1,"FALTA/DUPLA: SIN. VERTICAL","OK")))))) -> OK
A39: 134ETO0220 | B39: C | C39: 30 | D39: 31 | E39: =D39-C39 -> 1 | F39: X | L39: X | N39: X | P39: X | T39: X | W39: =IF(COUNTA(F39:U39)=0,"— não preenchido",IF(COUNTIF(F39:J39,"X")<>1,"FALTA/DUPLA: CONDIÇÃO DO PAVIMENTO",IF(COUNTIF(K39:L39,"X")<>1,"FALTA/DUPLA: VEGETAÇÃO",IF(COUNTIF(M39:O39,"X")<>1,"FALTA/DUPLA: ELEM. DE DRENAGEM",IF(COUNTIF(P39:R39,"X")<>1,"FALTA/DUPLA: SIN. HORIZ.",IF(COUNTIF(S39:U39,"X")<>1,"FALTA/DUPLA: SIN. VERTICAL","OK")))))) -> OK
A40: 134ETO0220 | B40: C | C40: 31 | D40: 31.59718 | E40: =D40-C40 -> 0.59717978 | F40: X | L40: X | N40: X | P40: X | T40: X | W40: =IF(COUNTA(F40:U40)=0,"— não preenchido",IF(COUNTIF(F40:J40,"X")<>1,"FALTA/DUPLA: CONDIÇÃO DO PAVIMENTO",IF(COUNTIF(K40:L40,"X")<>1,"FALTA/DUPLA: VEGETAÇÃO",IF(COUNTIF(M40:O40,"X")<>1,"FALTA/DUPLA: ELEM. DE DRENAGEM",IF(COUNTIF(P40:R40,"X")<>1,"FALTA/DUPLA: SIN. HORIZ.",IF(COUNTIF(S40:U40,"X")<>1,"FALTA/DUPLA: SIN. VERTICAL","OK")))))) -> OK
A41: S.R.E. 134ETO0230 | AMIGOS DA TERRA - ENTR. BR-226(DARCINÓPOLIS) | PPS · Estadual · 13.751 km · início: -6.669787, -47.865234
A42: 134ETO0230 | B42: C | C42: 0 | D42: 1 | E42: =D42-C42 -> 1 | F42: X | L42: X | N42: X | P42: X | U42: X | W42: =IF(COUNTA(F42:U42)=0,"— não preenchido",IF(COUNTIF(F42:J42,"X")<>1,"FALTA/DUPLA: CONDIÇÃO DO PAVIMENTO",IF(COUNTIF(K42:L42,"X")<>1,"FALTA/DUPLA: VEGETAÇÃO",IF(COUNTIF(M42:O42,"X")<>1,"FALTA/DUPLA: ELEM. DE DRENAGEM",IF(COUNTIF(P42:R42,"X")<>1,"FALTA/DUPLA: SIN. HORIZ.",IF(COUNTIF(S42:U42,"X")<>1,"FALTA/DUPLA: SIN. VERTICAL","OK")))))) -> OK
A43: 134ETO0230 | B43: C | C43: 1 | D43: 2 | E43: =D43-C43 -> 1 | F43: X | L43: X | N43: X | P43: X | U43: X | W43: =IF(COUNTA(F43:U43)=0,"— não preenchido",IF(COUNTIF(F43:J43,"X")<>1,"FALTA/DUPLA: CONDIÇÃO DO PAVIMENTO",IF(COUNTIF(K43:L43,"X")<>1,"FALTA/DUPLA: VEGETAÇÃO",IF(COUNTIF(M43:O43,"X")<>1,"FALTA/DUPLA: ELEM. DE DRENAGEM",IF(COUNTIF(P43:R43,"X")<>1,"FALTA/DUPLA: SIN. HORIZ.",IF(COUNTIF(S43:U43,"X")<>1,"FALTA/DUPLA: SIN. VERTICAL","OK")))))) -> OK
A44: 134ETO0230 | B44: C | C44: 2 | D44: 3 | E44: =D44-C44 -> 1 | H44: X | L44: X | N44: X | P44: X | T44: X | W44: =IF(COUNTA(F44:U44)=0,"— não preenchido",IF(COUNTIF(F44:J44,"X")<>1,"FALTA/DUPLA: CONDIÇÃO DO PAVIMENTO",IF(COUNTIF(K44:L44,"X")<>1,"FALTA/DUPLA: VEGETAÇÃO",IF(COUNTIF(M44:O44,"X")<>1,"FALTA/DUPLA: ELEM. DE DRENAGEM",IF(COUNTIF(P44:R44,"X")<>1,"FALTA/DUPLA: SIN. HORIZ.",IF(COUNTIF(S44:U44,"X")<>1,"FALTA/DUPLA: SIN. VERTICAL","OK")))))) -> OK
A45: 134ETO0230 | B45: C | C45: 3 | D45: 4 | E45: =D45-C45 -> 1 | H45: X | L45: X | N45: X | P45: X | T45: X | W45: =IF(COUNTA(F45:U45)=0,"— não preenchido",IF(COUNTIF(F45:J45,"X")<>1,"FALTA/DUPLA: CONDIÇÃO DO PAVIMENTO",IF(COUNTIF(K45:L45,"X")<>1,"FALTA/DUPLA: VEGETAÇÃO",IF(COUNTIF(M45:O45,"X")<>1,"FALTA/DUPLA: ELEM. DE DRENAGEM",IF(COUNTIF(P45:R45,"X")<>1,"FALTA/DUPLA: SIN. HORIZ.",IF(COUNTIF(S45:U45,"X")<>1,"FALTA/DUPLA: SIN. VERTICAL","OK")))))) -> OK
A46: 134ETO0230 | B46: C | C46: 4 | D46: 5 | E46: =D46-C46 -> 1 | F46: X | L46: X | N46: X | P46: X | T46: X | W46: =IF(COUNTA(F46:U46)=0,"— não preenchido",IF(COUNTIF(F46:J46,"X")<>1,"FALTA/DUPLA: CONDIÇÃO DO PAVIMENTO",IF(COUNTIF(K46:L46,"X")<>1,"FALTA/DUPLA: VEGETAÇÃO",IF(COUNTIF(M46:O46,"X")<>1,"FALTA/DUPLA: ELEM. DE DRENAGEM",IF(COUNTIF(P46:R46,"X")<>1,"FALTA/DUPLA: SIN. HORIZ.",IF(COUNTIF(S46:U46,"X")<>1,"FALTA/DUPLA: SIN. VERTICAL","OK")))))) -> OK
A47: 134ETO0230 | B47: C | C47: 5 | D47: 6 | E47: =D47-C47 -> 1 | F47: X | L47: X | N47: X | P47: X | T47: X | W47: =IF(COUNTA(F47:U47)=0,"— não preenchido",IF(COUNTIF(F47:J47,"X")<>1,"FALTA/DUPLA: CONDIÇÃO DO PAVIMENTO",IF(COUNTIF(K47:L47,"X")<>1,"FALTA/DUPLA: VEGETAÇÃO",IF(COUNTIF(M47:O47,"X")<>1,"FALTA/DUPLA: ELEM. DE DRENAGEM",IF(COUNTIF(P47:R47,"X")<>1,"FALTA/DUPLA: SIN. HORIZ.",IF(COUNTIF(S47:U47,"X")<>1,"FALTA/DUPLA: SIN. VERTICAL","OK")))))) -> OK
A48: 134ETO0230 | B48: C | C48: 6 | D48: 7 | E48: =D48-C48 -> 1 | F48: X | L48: X | N48: X | P48: X | T48: X | W48: =IF(COUNTA(F48:U48)=0,"— não preenchido",IF(COUNTIF(F48:J48,"X")<>1,"FALTA/DUPLA: CONDIÇÃO DO PAVIMENTO",IF(COUNTIF(K48:L48,"X")<>1,"FALTA/DUPLA: VEGETAÇÃO",IF(COUNTIF(M48:O48,"X")<>1,"FALTA/DUPLA: ELEM. DE DRENAGEM",IF(COUNTIF(P48:R48,"X")<>1,"FALTA/DUPLA: SIN. HORIZ.",IF(COUNTIF(S48:U48,"X")<>1,"FALTA/DUPLA: SIN. VERTICAL","OK")))))) -> OK
A49: 134ETO0230 | B49: C | C49: 7 | D49: 8 | E49: =D49-C49 -> 1 | F49: X | L49: X | N49: X | P49: X | T49: X | W49: =IF(COUNTA(F49:U49)=0,"— não preenchido",IF(COUNTIF(F49:J49,"X")<>1,"FALTA/DUPLA: CONDIÇÃO DO PAVIMENTO",IF(COUNTIF(K49:L49,"X")<>1,"FALTA/DUPLA: VEGETAÇÃO",IF(COUNTIF(M49:O49,"X")<>1,"FALTA/DUPLA: ELEM. DE DRENAGEM",IF(COUNTIF(P49:R49,"X")<>1,"FALTA/DUPLA: SIN. HORIZ.",IF(COUNTIF(S49:U49,"X")<>1,"FALTA/DUPLA: SIN. VERTICAL","OK")))))) -> OK
A50: 134ETO0230 | B50: C | C50: 8 | D50: 9 | E50: =D50-C50 -> 1 | F50: X | L50: X | N50: X | P50: X | T50: X | W50: =IF(COUNTA(F50:U50)=0,"— não preenchido",IF(COUNTIF(F50:J50,"X")<>1,"FALTA/DUPLA: CONDIÇÃO DO PAVIMENTO",IF(COUNTIF(K50:L50,"X")<>1,"FALTA/DUPLA: VEGETAÇÃO",IF(COUNTIF(M50:O50,"X")<>1,"FALTA/DUPLA: ELEM. DE DRENAGEM",IF(COUNTIF(P50:R50,"X")<>1,"FALTA/DUPLA: SIN. HORIZ.",IF(COUNTIF(S50:U50,"X")<>1,"FALTA/DUPLA: SIN. VERTICAL","OK")))))) -> OK
A51: 134ETO0230 | B51: C | C51: 9 | D51: 10 | E51: =D51-C51 -> 1 | F51: X | L51: X | N51: X | P51: X | T51: X | W51: =IF(COUNTA(F51:U51)=0,"— não preenchido",IF(COUNTIF(F51:J51,"X")<>1,"FALTA/DUPLA: CONDIÇÃO DO PAVIMENTO",IF(COUNTIF(K51:L51,"X")<>1,"FALTA/DUPLA: VEGETAÇÃO",IF(COUNTIF(M51:O51,"X")<>1,"FALTA/DUPLA: ELEM. DE DRENAGEM",IF(COUNTIF(P51:R51,"X")<>1,"FALTA/DUPLA: SIN. HORIZ.",IF(COUNTIF(S51:U51,"X")<>1,"FALTA/DUPLA: SIN. VERTICAL","OK")))))) -> OK
A52: 134ETO0230 | B52: C | C52: 10 | D52: 11 | E52: =D52-C52 -> 1 | F52: X | L52: X | N52: X | P52: X | T52: X | W52: =IF(COUNTA(F52:U52)=0,"— não preenchido",IF(COUNTIF(F52:J52,"X")<>1,"FALTA/DUPLA: CONDIÇÃO DO PAVIMENTO",IF(COUNTIF(K52:L52,"X")<>1,"FALTA/DUPLA: VEGETAÇÃO",IF(COUNTIF(M52:O52,"X")<>1,"FALTA/DUPLA: ELEM. DE DRENAGEM",IF(COUNTIF(P52:R52,"X")<>1,"FALTA/DUPLA: SIN. HORIZ.",IF(COUNTIF(S52:U52,"X")<>1,"FALTA/DUPLA: SIN. VERTICAL","OK")))))) -> OK
A53: 134ETO0230 | B53: C | C53: 11 | D53: 12 | E53: =D53-C53 -> 1 | F53: X | L53: X | N53: X | P53: X | T53: X | W53: =IF(COUNTA(F53:U53)=0,"— não preenchido",IF(COUNTIF(F53:J53,"X")<>1,"FALTA/DUPLA: CONDIÇÃO DO PAVIMENTO",IF(COUNTIF(K53:L53,"X")<>1,"FALTA/DUPLA: VEGETAÇÃO",IF(COUNTIF(M53:O53,"X")<>1,"FALTA/DUPLA: ELEM. DE DRENAGEM",IF(COUNTIF(P53:R53,"X")<>1,"FALTA/DUPLA: SIN. HORIZ.",IF(COUNTIF(S53:U53,"X")<>1,"FALTA/DUPLA: SIN. VERTICAL","OK")))))) -> OK
A54: 134ETO0230 | B54: C | C54: 12 | D54: 13 | E54: =D54-C54 -> 1 | F54: X | L54: X | N54: X | P54: X | T54: X | W54: =IF(COUNTA(F54:U54)=0,"— não preenchido",IF(COUNTIF(F54:J54,"X")<>1,"FALTA/DUPLA: CONDIÇÃO DO PAVIMENTO",IF(COUNTIF(K54:L54,"X")<>1,"FALTA/DUPLA: VEGETAÇÃO",IF(COUNTIF(M54:O54,"X")<>1,"FALTA/DUPLA: ELEM. DE DRENAGEM",IF(COUNTIF(P54:R54,"X")<>1,"FALTA/DUPLA: SIN. HORIZ.",IF(COUNTIF(S54:U54,"X")<>1,"FALTA/DUPLA: SIN. VERTICAL","OK")))))) -> OK
A55: 134ETO0230 | B55: C | C55: 13 | D55: 13.750622 | E55: =D55-C55 -> 0.75062215 | F55: X | L55: X | N55: X | P55: X | T55: X | W55: =IF(COUNTA(F55:U55)=0,"— não preenchido",IF(COUNTIF(F55:J55,"X")<>1,"FALTA/DUPLA: CONDIÇÃO DO PAVIMENTO",IF(COUNTIF(K55:L55,"X")<>1,"FALTA/DUPLA: VEGETAÇÃO",IF(COUNTIF(M55:O55,"X")<>1,"FALTA/DUPLA: ELEM. DE DRENAGEM",IF(COUNTIF(P55:R55,"X")<>1,"FALTA/DUPLA: SIN. HORIZ.",IF(COUNTIF(S55:U55,"X")<>1,"FALTA/DUPLA: SIN. VERTICAL","OK")))))) -> OK
A57: ____________________________________________ | G57: ____________________________________________
A58: TÉCNICO RESPONSÁVEL PELA INSPEÇÃO | G58: VISTO DA SUPERVISÃO
A60: RESUMO DO TRECHO — KM LANÇADO POR ITEM
A61: KM LANÇADO | F61: =SUMIF(F$9:F$55,"X",$E$9:$E$55) -> 37.347802 | G61: =SUMIF(G$9:G$55,"X",$E$9:$E$55) -> 4 | H61: =SUMIF(H$9:H$55,"X",$E$9:$E$55) -> 4 | I61: =SUMIF(I$9:I$55,"X",$E$9:$E$55) -> 0 | J61: =SUMIF(J$9:J$55,"X",$E$9:$E$55) -> 0 | K61: =SUMIF(K$9:K$55,"X",$E$9:$E$55) -> 0 | L61: =SUMIF(L$9:L$55,"X",$E$9:$E$55) -> 45.347802 | M61: =SUMIF(M$9:M$55,"X",$E$9:$E$55) -> 0 | ... U61: =SUMIF(U$9:U$55,"X",$E$9:$E$55) -> 4
A62: % DA EXTENSÃO | F62: =IF($R64=0,0,F61/$R64) -> 0.82358572 | G62: =IF($R64=0,0,G61/$R64) -> 0.088207142 | H62: =IF($R64=0,0,H61/$R64) -> 0.088207142 | I62: =IF($R64=0,0,I61/$R64) -> 0 | J62: =IF($R64=0,0,J61/$R64) -> 0 | K62: =IF($R64=0,0,K61/$R64) -> 0 | L62: =IF($R64=0,0,L61/$R64) -> 1 | M62: =IF($R64=0,0,M61/$R64) -> 0 | ... U62: =IF($R64=0,0,U61/$R64) -> 0.088207142
A63: CONFERÊNCIA POR GRUPO | F63: =IF(SUM(F61:J61)=0,"— não preenchido",IF(ROUND(SUM(F61:J61)-$R64,3)=0,"OK — "&ROUND(SUM(F61:J61),3)&" km","ERRO — dif. de "&ROUND(SUM(F61:J61)-$R64,3)&" km")) -> OK — 45,348 km | K63: =IF(SUM(K61:L61)=0,"— não preenchido",IF(ROUND(SUM(K61:L61)-$R64,3)=0,"OK — "&ROUND(SUM(K61:L61),3)&" km","ERRO — dif. de "&ROUND(SUM(K61:L61)-$R64,3)&" km")) -> OK — 45,348 km | M63: =IF(SUM(M61:O61)=0,"— não preenchido",IF(ROUND(SUM(M61:O61)-$R64,3)=0,"OK — "&ROUND(SUM(M61:O61),3)&" km","ERRO — dif. de "&ROUND(SUM(M61:O61)-$R64,3)&" km")) -> OK — 45,348 km | P63: =IF(SUM(P61:R61)=0,"— não preenchido",IF(ROUND(SUM(P61:R61)-$R64,3)=0,"OK — "&ROUND(SUM(P61:R61),3)&" km","ERRO — dif. de "&ROUND(SUM(P61:R61)-$R64,3)&" km")) -> OK — 45,348 km | S63: =IF(SUM(S61:U61)=0,"— não preenchido",IF(ROUND(SUM(S61:U61)-$R64,3)=0,"OK — "&ROUND(SUM(S61:U61),3)&" km","ERRO — dif. de "&ROUND(SUM(S61:U61)-$R64,3)&" km")) -> OK — 45,348 km
A64: EXTENSÃO TOTAL DO TRECHO | R64: =SUM(E9:E55) -> 45.347802 | V64: =COUNTIF(W9:W55,"OK")&" de "&COUNT($E$9:$E$55)&" linhas conferidas" -> 46 de 46 linhas conferidas
A66: LEGENDA
A67: REM. I. / REM. L. | E67: Remendos isolados (até 10 por km) · Remendos ao longo (mais de 10 por km)
A68: BUR. I. / BUR. L. | E68: Buracos isolados (até 5 por km) · Buracos ao longo (mais de 5 por km)
A69: SIT. | E69: PPS = pista simples · PSU = simples urbana · PDU = duplicada
A70: FAIXA AZUL | E70: Cabeçalho de cada S.R.E.: descrição, situação, jurisdição, extensão e coordenada de início.
A71: INÍCIO / FIM (KM) | E71: Contados de 0 até o fim de CADA S.R.E. Não é o marco quilométrico da rodovia.
A72: SENT. | E72: C = crescente · D = decrescente
A73: FAIXA CINZA | E73: Segmento fora do escopo do contrato: você passa por ele, mas não preenche.
A74: CÉLULA VERMELHA | E74: Mais de uma X no mesmo grupo. Apague uma delas.
A75: CONFERÊNCIA | E75: Só na tela, não sai impresso. Fica OK com uma X em cada grupo.

Sheet 11
A1: PROGRAMA DE MANUTENÇÃO RODOVIÁRIA — FICHA DE INSPEÇÃO — RODOVIAS PAVIMENTADAS | Y1: Valores dos gráficos — troca 0 por N/D para a fatia não aparecer. Não editar.
A2: REGIÃO: 1 — TOCANTINÓPOLIS | G2: MÊS / ANO: | I2: =IF('1'!I2="","",'1'!I2) -> 46266 | K2: DATA: | N2: =IF('1'!N2="","",'1'!N2) | P2: TÉCNICO: | R2: ENG. VINICIUS RODRIGUES FERREIRA DE OLIVEIRA | Y2: =IF(F43=0,NA(),F43) -> 12.635449 | Z2: =IF(G43=0,NA(),G43) -> #N/A | AA2: =IF(H43=0,NA(),H43) -> 11.804745 | AB2: =IF(I43=0,NA(),I43) -> #N/A | AC2: =IF(J43=0,NA(),J43) -> #N/A | AD2: =IF(K43=0,NA(),K43) -> #N/A | AE2: =IF(L43=0,NA(),L43) -> 24.440194 | AF2: =IF(M43=0,NA(),M43) -> #N/A | ... AN2: =IF(U43=0,NA(),U43) -> 12.221001
A3: TRECHO 11 — RODOVIA TO-134 - TRECHO LUZINÓPOLIS - ANGICO | T3: EXTENSÃO: 24,440 km · 4 S.R.E.
A4: COMO PREENCHER: uma X em UMA coluna de cada grupo, por linha. Se houver mais de um defeito no mesmo km, marque o PREDOMINANTE e escreva o resto em OBSERVAÇÕES. A quilometragem é contada de 0 até o fim de CADA S.R.E. (não é o marco da rodovia).
A6: S.R.E. | B6: SENT. | C6: INÍCIO (KM) | D6: FIM (KM) | E6: EXT. (KM) | F6: CONDIÇÃO DO PAVIMENTO | K6: VEGETAÇÃO | M6: ELEM. DE DRENAGEM | P6: SIN. HORIZ. | S6: SIN. VERTICAL | V6: OBSERVAÇÕES | W6: CONFERÊNCIA (só na tela)
F7: BOM | G7: REM. I. | H7: REM. L. | I7: BUR. I. | J7: BUR. L. | K7: ADEQ. | L7: INAD. | M7: LIMPOS | N7: SUJOS | O7: DAN. | P7: BOM | Q7: REG. | R7: INEXIST. | S7: BOM | T7: POUCAS | U7: INEXIST.
A8: S.R.E. 134ETO0180 | ENTR. BR-230(LUZINÓPOLIS) - SANTA HELENA | PPS · Estadual · 9.805 km · início: -6.194494, -47.86214
A9: 134ETO0180 | B9: C | C9: 0 | D9: 1 | E9: =D9-C9 -> 1 | F9: X | L9: X | N9: X | P9: X | U9: X | W9: =IF(COUNTA(F9:U9)=0,"— não preenchido",IF(COUNTIF(F9:J9,"X")<>1,"FALTA/DUPLA: CONDIÇÃO DO PAVIMENTO",IF(COUNTIF(K9:L9,"X")<>1,"FALTA/DUPLA: VEGETAÇÃO",IF(COUNTIF(M9:O9,"X")<>1,"FALTA/DUPLA: ELEM. DE DRENAGEM",IF(COUNTIF(P9:R9,"X")<>1,"FALTA/DUPLA: SIN. HORIZ.",IF(COUNTIF(S9:U9,"X")<>1,"FALTA/DUPLA: SIN. VERTICAL","OK")))))) -> OK
A10: 134ETO0180 | B10: C | C10: 1 | D10: 2 | E10: =D10-C10 -> 1 | F10: X | L10: X | N10: X | P10: X | U10: X | W10: =IF(COUNTA(F10:U10)=0,"— não preenchido",IF(COUNTIF(F10:J10,"X")<>1,"FALTA/DUPLA: CONDIÇÃO DO PAVIMENTO",IF(COUNTIF(K10:L10,"X")<>1,"FALTA/DUPLA: VEGETAÇÃO",IF(COUNTIF(M10:O10,"X")<>1,"FALTA/DUPLA: ELEM. DE DRENAGEM",IF(COUNTIF(P10:R10,"X")<>1,"FALTA/DUPLA: SIN. HORIZ.",IF(COUNTIF(S10:U10,"X")<>1,"FALTA/DUPLA: SIN. VERTICAL","OK")))))) -> OK
A11: 134ETO0180 | B11: C | C11: 2 | D11: 3 | E11: =D11-C11 -> 1 | H11: X | L11: X | N11: X | Q11: X | U11: X | W11: =IF(COUNTA(F11:U11)=0,"— não preenchido",IF(COUNTIF(F11:J11,"X")<>1,"FALTA/DUPLA: CONDIÇÃO DO PAVIMENTO",IF(COUNTIF(K11:L11,"X")<>1,"FALTA/DUPLA: VEGETAÇÃO",IF(COUNTIF(M11:O11,"X")<>1,"FALTA/DUPLA: ELEM. DE DRENAGEM",IF(COUNTIF(P11:R11,"X")<>1,"FALTA/DUPLA: SIN. HORIZ.",IF(COUNTIF(S11:U11,"X")<>1,"FALTA/DUPLA: SIN. VERTICAL","OK")))))) -> OK
A12: 134ETO0180 | B12: C | C12: 3 | D12: 4 | E12: =D12-C12 -> 1 | H12: X | L12: X | N12: X | Q12: X | U12: X | W12: =IF(COUNTA(F12:U12)=0,"— não preenchido",IF(COUNTIF(F12:J12,"X")<>1,"FALTA/DUPLA: CONDIÇÃO DO PAVIMENTO",IF(COUNTIF(K12:L12,"X")<>1,"FALTA/DUPLA: VEGETAÇÃO",IF(COUNTIF(M12:O12,"X")<>1,"FALTA/DUPLA: ELEM. DE DRENAGEM",IF(COUNTIF(P12:R12,"X")<>1,"FALTA/DUPLA: SIN. HORIZ.",IF(COUNTIF(S12:U12,"X")<>1,"FALTA/DUPLA: SIN. VERTICAL","OK")))))) -> OK
A13: 134ETO0180 | B13: C | C13: 4 | D13: 5 | E13: =D13-C13 -> 1 | H13: X | L13: X | N13: X | Q13: X | U13: X | W13: =IF(COUNTA(F13:U13)=0,"— não preenchido",IF(COUNTIF(F13:J13,"X")<>1,"FALTA/DUPLA: CONDIÇÃO DO PAVIMENTO",IF(COUNTIF(K13:L13,"X")<>1,"FALTA/DUPLA: VEGETAÇÃO",IF(COUNTIF(M13:O13,"X")<>1,"FALTA/DUPLA: ELEM. DE DRENAGEM",IF(COUNTIF(P13:R13,"X")<>1,"FALTA/DUPLA: SIN. HORIZ.",IF(COUNTIF(S13:U13,"X")<>1,"FALTA/DUPLA: SIN. VERTICAL","OK")))))) -> OK
A14: 134ETO0180 | B14: C | C14: 5 | D14: 6 | E14: =D14-C14 -> 1 | H14: X | L14: X | N14: X | Q14: X | U14: X | W14: =IF(COUNTA(F14:U14)=0,"— não preenchido",IF(COUNTIF(F14:J14,"X")<>1,"FALTA/DUPLA: CONDIÇÃO DO PAVIMENTO",IF(COUNTIF(K14:L14,"X")<>1,"FALTA/DUPLA: VEGETAÇÃO",IF(COUNTIF(M14:O14,"X")<>1,"FALTA/DUPLA: ELEM. DE DRENAGEM",IF(COUNTIF(P14:R14,"X")<>1,"FALTA/DUPLA: SIN. HORIZ.",IF(COUNTIF(S14:U14,"X")<>1,"FALTA/DUPLA: SIN. VERTICAL","OK")))))) -> OK
A15: 134ETO0180 | B15: C | C15: 6 | D15: 7 | E15: =D15-C15 -> 1 | F15: X | L15: X | N15: X | P15: X | U15: X | W15: =IF(COUNTA(F15:U15)=0,"— não preenchido",IF(COUNTIF(F15:J15,"X")<>1,"FALTA/DUPLA: CONDIÇÃO DO PAVIMENTO",IF(COUNTIF(K15:L15,"X")<>1,"FALTA/DUPLA: VEGETAÇÃO",IF(COUNTIF(M15:O15,"X")<>1,"FALTA/DUPLA: ELEM. DE DRENAGEM",IF(COUNTIF(P15:R15,"X")<>1,"FALTA/DUPLA: SIN. HORIZ.",IF(COUNTIF(S15:U15,"X")<>1,"FALTA/DUPLA: SIN. VERTICAL","OK")))))) -> OK
A16: 134ETO0180 | B16: C | C16: 7 | D16: 8 | E16: =D16-C16 -> 1 | F16: X | L16: X | N16: X | P16: X | U16: X | W16: =IF(COUNTA(F16:U16)=0,"— não preenchido",IF(COUNTIF(F16:J16,"X")<>1,"FALTA/DUPLA: CONDIÇÃO DO PAVIMENTO",IF(COUNTIF(K16:L16,"X")<>1,"FALTA/DUPLA: VEGETAÇÃO",IF(COUNTIF(M16:O16,"X")<>1,"FALTA/DUPLA: ELEM. DE DRENAGEM",IF(COUNTIF(P16:R16,"X")<>1,"FALTA/DUPLA: SIN. HORIZ.",IF(COUNTIF(S16:U16,"X")<>1,"FALTA/DUPLA: SIN. VERTICAL","OK")))))) -> OK
A17: 134ETO0180 | B17: C | C17: 8 | D17: 9 | E17: =D17-C17 -> 1 | H17: X | L17: X | N17: X | Q17: X | U17: X | W17: =IF(COUNTA(F17:U17)=0,"— não preenchido",IF(COUNTIF(F17:J17,"X")<>1,"FALTA/DUPLA: CONDIÇÃO DO PAVIMENTO",IF(COUNTIF(K17:L17,"X")<>1,"FALTA/DUPLA: VEGETAÇÃO",IF(COUNTIF(M17:O17,"X")<>1,"FALTA/DUPLA: ELEM. DE DRENAGEM",IF(COUNTIF(P17:R17,"X")<>1,"FALTA/DUPLA: SIN. HORIZ.",IF(COUNTIF(S17:U17,"X")<>1,"FALTA/DUPLA: SIN. VERTICAL","OK")))))) -> OK
A18: 134ETO0180 | B18: C | C18: 9 | D18: 9.8047447 | E18: =D18-C18 -> 0.80474471 | H18: X | L18: X | N18: X | Q18: X | U18: X | W18: =IF(COUNTA(F18:U18)=0,"— não preenchido",IF(COUNTIF(F18:J18,"X")<>1,"FALTA/DUPLA: CONDIÇÃO DO PAVIMENTO",IF(COUNTIF(K18:L18,"X")<>1,"FALTA/DUPLA: VEGETAÇÃO",IF(COUNTIF(M18:O18,"X")<>1,"FALTA/DUPLA: ELEM. DE DRENAGEM",IF(COUNTIF(P18:R18,"X")<>1,"FALTA/DUPLA: SIN. HORIZ.",IF(COUNTIF(S18:U18,"X")<>1,"FALTA/DUPLA: SIN. VERTICAL","OK")))))) -> OK
A19: S.R.E. 134ETO0190 | SANTA HELENA - BURITI | PPS · Estadual · 3.627 km · início: -6.273183, -47.864798
A20: 134ETO0190 | B20: C | C20: 0 | D20: 1 | E20: =D20-C20 -> 1 | F20: X | L20: X | N20: X | P20: X | U20: X | W20: =IF(COUNTA(F20:U20)=0,"— não preenchido",IF(COUNTIF(F20:J20,"X")<>1,"FALTA/DUPLA: CONDIÇÃO DO PAVIMENTO",IF(COUNTIF(K20:L20,"X")<>1,"FALTA/DUPLA: VEGETAÇÃO",IF(COUNTIF(M20:O20,"X")<>1,"FALTA/DUPLA: ELEM. DE DRENAGEM",IF(COUNTIF(P20:R20,"X")<>1,"FALTA/DUPLA: SIN. HORIZ.",IF(COUNTIF(S20:U20,"X")<>1,"FALTA/DUPLA: SIN. VERTICAL","OK")))))) -> OK
A21: 134ETO0190 | B21: C | C21: 1 | D21: 2 | E21: =D21-C21 -> 1 | F21: X | L21: X | N21: X | P21: X | U21: X | W21: =IF(COUNTA(F21:U21)=0,"— não preenchido",IF(COUNTIF(F21:J21,"X")<>1,"FALTA/DUPLA: CONDIÇÃO DO PAVIMENTO",IF(COUNTIF(K21:L21,"X")<>1,"FALTA/DUPLA: VEGETAÇÃO",IF(COUNTIF(M21:O21,"X")<>1,"FALTA/DUPLA: ELEM. DE DRENAGEM",IF(COUNTIF(P21:R21,"X")<>1,"FALTA/DUPLA: SIN. HORIZ.",IF(COUNTIF(S21:U21,"X")<>1,"FALTA/DUPLA: SIN. VERTICAL","OK")))))) -> OK
A22: 134ETO0190 | B22: C | C22: 2 | D22: 3 | E22: =D22-C22 -> 1 | F22: X | L22: X | N22: X | P22: X | T22: X | W22: =IF(COUNTA(F22:U22)=0,"— não preenchido",IF(COUNTIF(F22:J22,"X")<>1,"FALTA/DUPLA: CONDIÇÃO DO PAVIMENTO",IF(COUNTIF(K22:L22,"X")<>1,"FALTA/DUPLA: VEGETAÇÃO",IF(COUNTIF(M22:O22,"X")<>1,"FALTA/DUPLA: ELEM. DE DRENAGEM",IF(COUNTIF(P22:R22,"X")<>1,"FALTA/DUPLA: SIN. HORIZ.",IF(COUNTIF(S22:U22,"X")<>1,"FALTA/DUPLA: SIN. VERTICAL","OK")))))) -> OK
A23: 134ETO0190 | B23: C | C23: 3 | D23: 3.6265271 | E23: =D23-C23 -> 0.62652705 | F23: X | L23: X | N23: X | P23: X | T23: X | W23: =IF(COUNTA(F23:U23)=0,"— não preenchido",IF(COUNTIF(F23:J23,"X")<>1,"FALTA/DUPLA: CONDIÇÃO DO PAVIMENTO",IF(COUNTIF(K23:L23,"X")<>1,"FALTA/DUPLA: VEGETAÇÃO",IF(COUNTIF(M23:O23,"X")<>1,"FALTA/DUPLA: ELEM. DE DRENAGEM",IF(COUNTIF(P23:R23,"X")<>1,"FALTA/DUPLA: SIN. HORIZ.",IF(COUNTIF(S23:U23,"X")<>1,"FALTA/DUPLA: SIN. VERTICAL","OK")))))) -> OK
A24: S.R.E. 134ETO0200 | BURITI - ENTR. TO-210 (GROTÃO DE NAZARÉ) | PPS · Estadual · 3.593 km · início: -6.304117, -47.863395
A25: 134ETO0200 | B25: C | C25: 0 | D25: 1 | E25: =D25-C25 -> 1 | F25: X | L25: X | N25: X | P25: X | T25: X | W25: =IF(COUNTA(F25:U25)=0,"— não preenchido",IF(COUNTIF(F25:J25,"X")<>1,"FALTA/DUPLA: CONDIÇÃO DO PAVIMENTO",IF(COUNTIF(K25:L25,"X")<>1,"FALTA/DUPLA: VEGETAÇÃO",IF(COUNTIF(M25:O25,"X")<>1,"FALTA/DUPLA: ELEM. DE DRENAGEM",IF(COUNTIF(P25:R25,"X")<>1,"FALTA/DUPLA: SIN. HORIZ.",IF(COUNTIF(S25:U25,"X")<>1,"FALTA/DUPLA: SIN. VERTICAL","OK")))))) -> OK
A26: 134ETO0200 | B26: C | C26: 1 | D26: 2 | E26: =D26-C26 -> 1 | H26: X | L26: X | N26: X | Q26: X | T26: X | W26: =IF(COUNTA(F26:U26)=0,"— não preenchido",IF(COUNTIF(F26:J26,"X")<>1,"FALTA/DUPLA: CONDIÇÃO DO PAVIMENTO",IF(COUNTIF(K26:L26,"X")<>1,"FALTA/DUPLA: VEGETAÇÃO",IF(COUNTIF(M26:O26,"X")<>1,"FALTA/DUPLA: ELEM. DE DRENAGEM",IF(COUNTIF(P26:R26,"X")<>1,"FALTA/DUPLA: SIN. HORIZ.",IF(COUNTIF(S26:U26,"X")<>1,"FALTA/DUPLA: SIN. VERTICAL","OK")))))) -> OK
A27: 134ETO0200 | B27: C | C27: 2 | D27: 3 | E27: =D27-C27 -> 1 | H27: X | L27: X | N27: X | Q27: X | T27: X | W27: =IF(COUNTA(F27:U27)=0,"— não preenchido",IF(COUNTIF(F27:J27,"X")<>1,"FALTA/DUPLA: CONDIÇÃO DO PAVIMENTO",IF(COUNTIF(K27:L27,"X")<>1,"FALTA/DUPLA: VEGETAÇÃO",IF(COUNTIF(M27:O27,"X")<>1,"FALTA/DUPLA: ELEM. DE DRENAGEM",IF(COUNTIF(P27:R27,"X")<>1,"FALTA/DUPLA: SIN. HORIZ.",IF(COUNTIF(S27:U27,"X")<>1,"FALTA/DUPLA: SIN. VERTICAL","OK")))))) -> OK
A28: 134ETO0200 | B28: C | C28: 3 | D28: 3.5926666 | E28: =D28-C28 -> 0.59266658 | F28: X | L28: X | N28: X | Q28: X | T28: X | W28: =IF(COUNTA(F28:U28)=0,"— não preenchido",IF(COUNTIF(F28:J28,"X")<>1,"FALTA/DUPLA: CONDIÇÃO DO PAVIMENTO",IF(COUNTIF(K28:L28,"X")<>1,"FALTA/DUPLA: VEGETAÇÃO",IF(COUNTIF(M28:O28,"X")<>1,"FALTA/DUPLA: ELEM. DE DRENAGEM",IF(COUNTIF(P28:R28,"X")<>1,"FALTA/DUPLA: SIN. HORIZ.",IF(COUNTIF(S28:U28,"X")<>1,"FALTA/DUPLA: SIN. VERTICAL","OK")))))) -> OK
A29: S.R.E. 134ETO0210 | ENTR. TO-210 (GROTÃO DE NAZARE) - ENTR. TO-210 (ANGICO) | PPS · Estadual · 7.416 km · início: -6.336118, -47.860068
A30: 134ETO0210 | B30: C | C30: 0 | D30: 1 | E30: =D30-C30 -> 1 | F30: X | L30: X | N30: X | Q30: X | T30: X | W30: =IF(COUNTA(F30:U30)=0,"— não preenchido",IF(COUNTIF(F30:J30,"X")<>1,"FALTA/DUPLA: CONDIÇÃO DO PAVIMENTO",IF(COUNTIF(K30:L30,"X")<>1,"FALTA/DUPLA: VEGETAÇÃO",IF(COUNTIF(M30:O30,"X")<>1,"FALTA/DUPLA: ELEM. DE DRENAGEM",IF(COUNTIF(P30:R30,"X")<>1,"FALTA/DUPLA: SIN. HORIZ.",IF(COUNTIF(S30:U30,"X")<>1,"FALTA/DUPLA: SIN. VERTICAL","OK")))))) -> OK
A31: 134ETO0210 | B31: C | C31: 1 | D31: 2 | E31: =D31-C31 -> 1 | H31: X | L31: X | N31: X | P31: X | T31: X | W31: =IF(COUNTA(F31:U31)=0,"— não preenchido",IF(COUNTIF(F31:J31,"X")<>1,"FALTA/DUPLA: CONDIÇÃO DO PAVIMENTO",IF(COUNTIF(K31:L31,"X")<>1,"FALTA/DUPLA: VEGETAÇÃO",IF(COUNTIF(M31:O31,"X")<>1,"FALTA/DUPLA: ELEM. DE DRENAGEM",IF(COUNTIF(P31:R31,"X")<>1,"FALTA/DUPLA: SIN. HORIZ.",IF(COUNTIF(S31:U31,"X")<>1,"FALTA/DUPLA: SIN. VERTICAL","OK")))))) -> OK
A32: 134ETO0210 | B32: C | C32: 2 | D32: 3 | E32: =D32-C32 -> 1 | H32: X | L32: X | N32: X | P32: X | T32: X | W32: =IF(COUNTA(F32:U32)=0,"— não preenchido",IF(COUNTIF(F32:J32,"X")<>1,"FALTA/DUPLA: CONDIÇÃO DO PAVIMENTO",IF(COUNTIF(K32:L32,"X")<>1,"FALTA/DUPLA: VEGETAÇÃO",IF(COUNTIF(M32:O32,"X")<>1,"FALTA/DUPLA: ELEM. DE DRENAGEM",IF(COUNTIF(P32:R32,"X")<>1,"FALTA/DUPLA: SIN. HORIZ.",IF(COUNTIF(S32:U32,"X")<>1,"FALTA/DUPLA: SIN. VERTICAL","OK")))))) -> OK
A33: 134ETO0210 | B33: C | C33: 3 | D33: 4 | E33: =D33-C33 -> 1 | H33: X | L33: X | N33: X | P33: X | T33: X | W33: =IF(COUNTA(F33:U33)=0,"— não preenchido",IF(COUNTIF(F33:J33,"X")<>1,"FALTA/DUPLA: CONDIÇÃO DO PAVIMENTO",IF(COUNTIF(K33:L33,"X")<>1,"FALTA/DUPLA: VEGETAÇÃO",IF(COUNTIF(M33:O33,"X")<>1,"FALTA/DUPLA: ELEM. DE DRENAGEM",IF(COUNTIF(P33:R33,"X")<>1,"FALTA/DUPLA: SIN. HORIZ.",IF(COUNTIF(S33:U33,"X")<>1,"FALTA/DUPLA: SIN. VERTICAL","OK")))))) -> OK
A34: 134ETO0210 | B34: C | C34: 4 | D34: 5 | E34: =D34-C34 -> 1 | H34: X | L34: X | N34: X | P34: X | T34: X | W34: =IF(COUNTA(F34:U34)=0,"— não preenchido",IF(COUNTIF(F34:J34,"X")<>1,"FALTA/DUPLA: CONDIÇÃO DO PAVIMENTO",IF(COUNTIF(K34:L34,"X")<>1,"FALTA/DUPLA: VEGETAÇÃO",IF(COUNTIF(M34:O34,"X")<>1,"FALTA/DUPLA: ELEM. DE DRENAGEM",IF(COUNTIF(P34:R34,"X")<>1,"FALTA/DUPLA: SIN. HORIZ.",IF(COUNTIF(S34:U34,"X")<>1,"FALTA/DUPLA: SIN. VERTICAL","OK")))))) -> OK
A35: 134ETO0210 | B35: C | C35: 5 | D35: 6 | E35: =D35-C35 -> 1 | F35: X | L35: X | N35: X | Q35: X | T35: X | W35: =IF(COUNTA(F35:U35)=0,"— não preenchido",IF(COUNTIF(F35:J35,"X")<>1,"FALTA/DUPLA: CONDIÇÃO DO PAVIMENTO",IF(COUNTIF(K35:L35,"X")<>1,"FALTA/DUPLA: VEGETAÇÃO",IF(COUNTIF(M35:O35,"X")<>1,"FALTA/DUPLA: ELEM. DE DRENAGEM",IF(COUNTIF(P35:R35,"X")<>1,"FALTA/DUPLA: SIN. HORIZ.",IF(COUNTIF(S35:U35,"X")<>1,"FALTA/DUPLA: SIN. VERTICAL","OK")))))) -> OK
A36: 134ETO0210 | B36: C | C36: 6 | D36: 7 | E36: =D36-C36 -> 1 | F36: X | L36: X | N36: X | Q36: X | T36: X | W36: =IF(COUNTA(F36:U36)=0,"— não preenchido",IF(COUNTIF(F36:J36,"X")<>1,"FALTA/DUPLA: CONDIÇÃO DO PAVIMENTO",IF(COUNTIF(K36:L36,"X")<>1,"FALTA/DUPLA: VEGETAÇÃO",IF(COUNTIF(M36:O36,"X")<>1,"FALTA/DUPLA: ELEM. DE DRENAGEM",IF(COUNTIF(P36:R36,"X")<>1,"FALTA/DUPLA: SIN. HORIZ.",IF(COUNTIF(S36:U36,"X")<>1,"FALTA/DUPLA: SIN. VERTICAL","OK")))))) -> OK
A37: 134ETO0210 | B37: C | C37: 7 | D37: 7.4162558 | E37: =D37-C37 -> 0.41625583 | F37: X | L37: X | N37: X | P37: X | U37: X | W37: =IF(COUNTA(F37:U37)=0,"— não preenchido",IF(COUNTIF(F37:J37,"X")<>1,"FALTA/DUPLA: CONDIÇÃO DO PAVIMENTO",IF(COUNTIF(K37:L37,"X")<>1,"FALTA/DUPLA: VEGETAÇÃO",IF(COUNTIF(M37:O37,"X")<>1,"FALTA/DUPLA: ELEM. DE DRENAGEM",IF(COUNTIF(P37:R37,"X")<>1,"FALTA/DUPLA: SIN. HORIZ.",IF(COUNTIF(S37:U37,"X")<>1,"FALTA/DUPLA: SIN. VERTICAL","OK")))))) -> OK
A39: ____________________________________________ | G39: ____________________________________________
A40: TÉCNICO RESPONSÁVEL PELA INSPEÇÃO | G40: VISTO DA SUPERVISÃO
A42: RESUMO DO TRECHO — KM LANÇADO POR ITEM
A43: KM LANÇADO | F43: =SUMIF(F$9:F$37,"X",$E$9:$E$37) -> 12.635449 | G43: =SUMIF(G$9:G$37,"X",$E$9:$E$37) -> 0 | H43: =SUMIF(H$9:H$37,"X",$E$9:$E$37) -> 11.804745 | I43: =SUMIF(I$9:I$37,"X",$E$9:$E$37) -> 0 | J43: =SUMIF(J$9:J$37,"X",$E$9:$E$37) -> 0 | K43: =SUMIF(K$9:K$37,"X",$E$9:$E$37) -> 0 | L43: =SUMIF(L$9:L$37,"X",$E$9:$E$37) -> 24.440194 | M43: =SUMIF(M$9:M$37,"X",$E$9:$E$37) -> 0 | ... U43: =SUMIF(U$9:U$37,"X",$E$9:$E$37) -> 12.221001
A44: % DA EXTENSÃO | F44: =IF($R46=0,0,F43/$R46) -> 0.51699464 | G44: =IF($R46=0,0,G43/$R46) -> 0 | H44: =IF($R46=0,0,H43/$R46) -> 0.48300536 | I44: =IF($R46=0,0,I43/$R46) -> 0 | J44: =IF($R46=0,0,J43/$R46) -> 0 | K44: =IF($R46=0,0,K43/$R46) -> 0 | L44: =IF($R46=0,0,L43/$R46) -> 1 | M44: =IF($R46=0,0,M43/$R46) -> 0 | ... U44: =IF($R46=0,0,U43/$R46) -> 0.50003697
A45: CONFERÊNCIA POR GRUPO | F45: =IF(SUM(F43:J43)=0,"— não preenchido",IF(ROUND(SUM(F43:J43)-$R46,3)=0,"OK — "&ROUND(SUM(F43:J43),3)&" km","ERRO — dif. de "&ROUND(SUM(F43:J43)-$R46,3)&" km")) -> OK — 24,44 km | K45: =IF(SUM(K43:L43)=0,"— não preenchido",IF(ROUND(SUM(K43:L43)-$R46,3)=0,"OK — "&ROUND(SUM(K43:L43),3)&" km","ERRO — dif. de "&ROUND(SUM(K43:L43)-$R46,3)&" km")) -> OK — 24,44 km | M45: =IF(SUM(M43:O43)=0,"— não preenchido",IF(ROUND(SUM(M43:O43)-$R46,3)=0,"OK — "&ROUND(SUM(M43:O43),3)&" km","ERRO — dif. de "&ROUND(SUM(M43:O43)-$R46,3)&" km")) -> OK — 24,44 km | P45: =IF(SUM(P43:R43)=0,"— não preenchido",IF(ROUND(SUM(P43:R43)-$R46,3)=0,"OK — "&ROUND(SUM(P43:R43),3)&" km","ERRO — dif. de "&ROUND(SUM(P43:R43)-$R46,3)&" km")) -> OK — 24,44 km | S45: =IF(SUM(S43:U43)=0,"— não preenchido",IF(ROUND(SUM(S43:U43)-$R46,3)=0,"OK — "&ROUND(SUM(S43:U43),3)&" km","ERRO — dif. de "&ROUND(SUM(S43:U43)-$R46,3)&" km")) -> OK — 24,44 km
A46: EXTENSÃO TOTAL DO TRECHO | R46: =SUM(E9:E37) -> 24.440194 | V46: =COUNTIF(W9:W37,"OK")&" de "&COUNT($E$9:$E$37)&" linhas conferidas" -> 26 de 26 linhas conferidas
A48: LEGENDA
A49: REM. I. / REM. L. | E49: Remendos isolados (até 10 por km) · Remendos ao longo (mais de 10 por km)
A50: BUR. I. / BUR. L. | E50: Buracos isolados (até 5 por km) · Buracos ao longo (mais de 5 por km)
A51: SIT. | E51: PPS = pista simples · PSU = simples urbana · PDU = duplicada
A52: FAIXA AZUL | E52: Cabeçalho de cada S.R.E.: descrição, situação, jurisdição, extensão e coordenada de início.
A53: INÍCIO / FIM (KM) | E53: Contados de 0 até o fim de CADA S.R.E. Não é o marco quilométrico da rodovia.
A54: SENT. | E54: C = crescente · D = decrescente
A55: FAIXA CINZA | E55: Segmento fora do escopo do contrato: você passa por ele, mas não preenche.
A56: CÉLULA VERMELHA | E56: Mais de uma X no mesmo grupo. Apague uma delas.
A57: CONFERÊNCIA | E57: Só na tela, não sai impresso. Fica OK com uma X em cada grupo.

Sheet 13
A1: PROGRAMA DE MANUTENÇÃO RODOVIÁRIA — FICHA DE INSPEÇÃO — RODOVIAS PAVIMENTADAS | Y1: Valores dos gráficos — troca 0 por N/D para a fatia não aparecer. Não editar.
A2: REGIÃO: 1 — TOCANTINÓPOLIS | G2: MÊS / ANO: | I2: =IF('1'!I2="","",'1'!I2) -> 46266 | K2: DATA: | N2: =IF('1'!N2="","",'1'!N2) | P2: TÉCNICO: | R2: ENG. VINICIUS RODRIGUES FERREIRA DE OLIVEIRA | Y2: =IF(F65=0,NA(),F65) -> 20.217171 | Z2: =IF(G65=0,NA(),G65) -> 12 | AA2: =IF(H65=0,NA(),H65) -> 14 | AB2: =IF(I65=0,NA(),I65) -> #N/A | AC2: =IF(J65=0,NA(),J65) -> #N/A | AD2: =IF(K65=0,NA(),K65) -> #N/A | AE2: =IF(L65=0,NA(),L65) -> 46.217171 | AF2: =IF(M65=0,NA(),M65) -> #N/A | ... AN2: =IF(U65=0,NA(),U65) -> #N/A
A3: TRECHO 13 — RODOVIA TO-134 - TRECHO AXIXÁ DO TOCANTINS - ENTR. BR-230 | T3: EXTENSÃO: 46,217 km · 3 S.R.E.
A4: COMO PREENCHER: uma X em UMA coluna de cada grupo, por linha. Se houver mais de um defeito no mesmo km, marque o PREDOMINANTE e escreva o resto em OBSERVAÇÕES. A quilometragem é contada de 0 até o fim de CADA S.R.E. (não é o marco da rodovia).
A6: S.R.E. | B6: SENT. | C6: INÍCIO (KM) | D6: FIM (KM) | E6: EXT. (KM) | F6: CONDIÇÃO DO PAVIMENTO | K6: VEGETAÇÃO | M6: ELEM. DE DRENAGEM | P6: SIN. HORIZ. | S6: SIN. VERTICAL | V6: OBSERVAÇÕES | W6: CONFERÊNCIA (só na tela)
F7: BOM | G7: REM. I. | H7: REM. L. | I7: BUR. I. | J7: BUR. L. | K7: ADEQ. | L7: INAD. | M7: LIMPOS | N7: SUJOS | O7: DAN. | P7: BOM | Q7: REG. | R7: INEXIST. | S7: BOM | T7: POUCAS | U7: INEXIST.
A8: S.R.E. 134ETO0071 | AXIXÁ DO TOCANTINS *TRECHO URBANO* | PSU · Municipal · 0.417 km · início: -5.610545, -47.768521
A9: 134ETO0071 | B9: C | C9: 0 | D9: 0.41740117 | E9: =D9-C9 -> 0.41740117 | F9: X | L9: X | N9: X | P9: X | T9: X | W9: =IF(COUNTA(F9:U9)=0,"— não preenchido",IF(COUNTIF(F9:J9,"X")<>1,"FALTA/DUPLA: CONDIÇÃO DO PAVIMENTO",IF(COUNTIF(K9:L9,"X")<>1,"FALTA/DUPLA: VEGETAÇÃO",IF(COUNTIF(M9:O9,"X")<>1,"FALTA/DUPLA: ELEM. DE DRENAGEM",IF(COUNTIF(P9:R9,"X")<>1,"FALTA/DUPLA: SIN. HORIZ.",IF(COUNTIF(S9:U9,"X")<>1,"FALTA/DUPLA: SIN. VERTICAL","OK")))))) -> OK
A10: ▲ AQUI HÁ 0.776 km FORA DO ESCOPO DO CONTRATO (perímetro urbano de jurisdição municipal). Você passa por ele, mas NÃO preenche.
A11: S.R.E. 134ETO0110 | AXIXÁ DO TOCANTINS *TRECHO URBANO* - ENTR. TO-409 | PPS · Estadual · 41.676 km · início: -5.620162, -47.762946
A12: 134ETO0110 | B12: C | C12: 0 | D12: 1 | E12: =D12-C12 -> 1 | F12: X | L12: X | N12: X | P12: X | T12: X | W12: =IF(COUNTA(F12:U12)=0,"— não preenchido",IF(COUNTIF(F12:J12,"X")<>1,"FALTA/DUPLA: CONDIÇÃO DO PAVIMENTO",IF(COUNTIF(K12:L12,"X")<>1,"FALTA/DUPLA: VEGETAÇÃO",IF(COUNTIF(M12:O12,"X")<>1,"FALTA/DUPLA: ELEM. DE DRENAGEM",IF(COUNTIF(P12:R12,"X")<>1,"FALTA/DUPLA: SIN. HORIZ.",IF(COUNTIF(S12:U12,"X")<>1,"FALTA/DUPLA: SIN. VERTICAL","OK")))))) -> OK
A13: 134ETO0110 | B13: C | C13: 1 | D13: 2 | E13: =D13-C13 -> 1 | F13: X | L13: X | N13: X | P13: X | T13: X | W13: =IF(COUNTA(F13:U13)=0,"— não preenchido",IF(COUNTIF(F13:J13,"X")<>1,"FALTA/DUPLA: CONDIÇÃO DO PAVIMENTO",IF(COUNTIF(K13:L13,"X")<>1,"FALTA/DUPLA: VEGETAÇÃO",IF(COUNTIF(M13:O13,"X")<>1,"FALTA/DUPLA: ELEM. DE DRENAGEM",IF(COUNTIF(P13:R13,"X")<>1,"FALTA/DUPLA: SIN. HORIZ.",IF(COUNTIF(S13:U13,"X")<>1,"FALTA/DUPLA: SIN. VERTICAL","OK")))))) -> OK
A14: 134ETO0110 | B14: C | C14: 2 | D14: 3 | E14: =D14-C14 -> 1 | G14: X | L14: X | N14: X | P14: X | T14: X | W14: =IF(COUNTA(F14:U14)=0,"— não preenchido",IF(COUNTIF(F14:J14,"X")<>1,"FALTA/DUPLA: CONDIÇÃO DO PAVIMENTO",IF(COUNTIF(K14:L14,"X")<>1,"FALTA/DUPLA: VEGETAÇÃO",IF(COUNTIF(M14:O14,"X")<>1,"FALTA/DUPLA: ELEM. DE DRENAGEM",IF(COUNTIF(P14:R14,"X")<>1,"FALTA/DUPLA: SIN. HORIZ.",IF(COUNTIF(S14:U14,"X")<>1,"FALTA/DUPLA: SIN. VERTICAL","OK")))))) -> OK
A15: 134ETO0110 | B15: C | C15: 3 | D15: 4 | E15: =D15-C15 -> 1 | G15: X | L15: X | N15: X | P15: X | T15: X | W15: =IF(COUNTA(F15:U15)=0,"— não preenchido",IF(COUNTIF(F15:J15,"X")<>1,"FALTA/DUPLA: CONDIÇÃO DO PAVIMENTO",IF(COUNTIF(K15:L15,"X")<>1,"FALTA/DUPLA: VEGETAÇÃO",IF(COUNTIF(M15:O15,"X")<>1,"FALTA/DUPLA: ELEM. DE DRENAGEM",IF(COUNTIF(P15:R15,"X")<>1,"FALTA/DUPLA: SIN. HORIZ.",IF(COUNTIF(S15:U15,"X")<>1,"FALTA/DUPLA: SIN. VERTICAL","OK")))))) -> OK
A16: 134ETO0110 | B16: C | C16: 4 | D16: 5 | E16: =D16-C16 -> 1 | G16: X | L16: X | N16: X | P16: X | T16: X | W16: =IF(COUNTA(F16:U16)=0,"— não preenchido",IF(COUNTIF(F16:J16,"X")<>1,"FALTA/DUPLA: CONDIÇÃO DO PAVIMENTO",IF(COUNTIF(K16:L16,"X")<>1,"FALTA/DUPLA: VEGETAÇÃO",IF(COUNTIF(M16:O16,"X")<>1,"FALTA/DUPLA: ELEM. DE DRENAGEM",IF(COUNTIF(P16:R16,"X")<>1,"FALTA/DUPLA: SIN. HORIZ.",IF(COUNTIF(S16:U16,"X")<>1,"FALTA/DUPLA: SIN. VERTICAL","OK")))))) -> OK
A17: 134ETO0110 | B17: C | C17: 5 | D17: 6 | E17: =D17-C17 -> 1 | G17: X | L17: X | N17: X | P17: X | T17: X | W17: =IF(COUNTA(F17:U17)=0,"— não preenchido",IF(COUNTIF(F17:J17,"X")<>1,"FALTA/DUPLA: CONDIÇÃO DO PAVIMENTO",IF(COUNTIF(K17:L17,"X")<>1,"FALTA/DUPLA: VEGETAÇÃO",IF(COUNTIF(M17:O17,"X")<>1,"FALTA/DUPLA: ELEM. DE DRENAGEM",IF(COUNTIF(P17:R17,"X")<>1,"FALTA/DUPLA: SIN. HORIZ.",IF(COUNTIF(S17:U17,"X")<>1,"FALTA/DUPLA: SIN. VERTICAL","OK")))))) -> OK
A18: 134ETO0110 | B18: C | C18: 6 | D18: 7 | E18: =D18-C18 -> 1 | H18: X | L18: X | N18: X | P18: X | T18: X | W18: =IF(COUNTA(F18:U18)=0,"— não preenchido",IF(COUNTIF(F18:J18,"X")<>1,"FALTA/DUPLA: CONDIÇÃO DO PAVIMENTO",IF(COUNTIF(K18:L18,"X")<>1,"FALTA/DUPLA: VEGETAÇÃO",IF(COUNTIF(M18:O18,"X")<>1,"FALTA/DUPLA: ELEM. DE DRENAGEM",IF(COUNTIF(P18:R18,"X")<>1,"FALTA/DUPLA: SIN. HORIZ.",IF(COUNTIF(S18:U18,"X")<>1,"FALTA/DUPLA: SIN. VERTICAL","OK")))))) -> OK
A19: 134ETO0110 | B19: C | C19: 7 | D19: 8 | E19: =D19-C19 -> 1 | H19: X | L19: X | N19: X | P19: X | T19: X | W19: =IF(COUNTA(F19:U19)=0,"— não preenchido",IF(COUNTIF(F19:J19,"X")<>1,"FALTA/DUPLA: CONDIÇÃO DO PAVIMENTO",IF(COUNTIF(K19:L19,"X")<>1,"FALTA/DUPLA: VEGETAÇÃO",IF(COUNTIF(M19:O19,"X")<>1,"FALTA/DUPLA: ELEM. DE DRENAGEM",IF(COUNTIF(P19:R19,"X")<>1,"FALTA/DUPLA: SIN. HORIZ.",IF(COUNTIF(S19:U19,"X")<>1,"FALTA/DUPLA: SIN. VERTICAL","OK")))))) -> OK
A20: 134ETO0110 | B20: C | C20: 8 | D20: 9 | E20: =D20-C20 -> 1 | F20: X | L20: X | N20: X | P20: X | T20: X | W20: =IF(COUNTA(F20:U20)=0,"— não preenchido",IF(COUNTIF(F20:J20,"X")<>1,"FALTA/DUPLA: CONDIÇÃO DO PAVIMENTO",IF(COUNTIF(K20:L20,"X")<>1,"FALTA/DUPLA: VEGETAÇÃO",IF(COUNTIF(M20:O20,"X")<>1,"FALTA/DUPLA: ELEM. DE DRENAGEM",IF(COUNTIF(P20:R20,"X")<>1,"FALTA/DUPLA: SIN. HORIZ.",IF(COUNTIF(S20:U20,"X")<>1,"FALTA/DUPLA: SIN. VERTICAL","OK")))))) -> OK
A21: 134ETO0110 | B21: C | C21: 9 | D21: 10 | E21: =D21-C21 -> 1 | F21: X | L21: X | N21: X | P21: X | T21: X | W21: =IF(COUNTA(F21:U21)=0,"— não preenchido",IF(COUNTIF(F21:J21,"X")<>1,"FALTA/DUPLA: CONDIÇÃO DO PAVIMENTO",IF(COUNTIF(K21:L21,"X")<>1,"FALTA/DUPLA: VEGETAÇÃO",IF(COUNTIF(M21:O21,"X")<>1,"FALTA/DUPLA: ELEM. DE DRENAGEM",IF(COUNTIF(P21:R21,"X")<>1,"FALTA/DUPLA: SIN. HORIZ.",IF(COUNTIF(S21:U21,"X")<>1,"FALTA/DUPLA: SIN. VERTICAL","OK")))))) -> OK
A22: 134ETO0110 | B22: C | C22: 10 | D22: 11 | E22: =D22-C22 -> 1 | F22: X | L22: X | N22: X | P22: X | T22: X | W22: =IF(COUNTA(F22:U22)=0,"— não preenchido",IF(COUNTIF(F22:J22,"X")<>1,"FALTA/DUPLA: CONDIÇÃO DO PAVIMENTO",IF(COUNTIF(K22:L22,"X")<>1,"FALTA/DUPLA: VEGETAÇÃO",IF(COUNTIF(M22:O22,"X")<>1,"FALTA/DUPLA: ELEM. DE DRENAGEM",IF(COUNTIF(P22:R22,"X")<>1,"FALTA/DUPLA: SIN. HORIZ.",IF(COUNTIF(S22:U22,"X")<>1,"FALTA/DUPLA: SIN. VERTICAL","OK")))))) -> OK
A23: 134ETO0110 | B23: C | C23: 11 | D23: 12 | E23: =D23-C23 -> 1 | F23: X | L23: X | N23: X | P23: X | T23: X | W23: =IF(COUNTA(F23:U23)=0,"— não preenchido",IF(COUNTIF(F23:J23,"X")<>1,"FALTA/DUPLA: CONDIÇÃO DO PAVIMENTO",IF(COUNTIF(K23:L23,"X")<>1,"FALTA/DUPLA: VEGETAÇÃO",IF(COUNTIF(M23:O23,"X")<>1,"FALTA/DUPLA: ELEM. DE DRENAGEM",IF(COUNTIF(P23:R23,"X")<>1,"FALTA/DUPLA: SIN. HORIZ.",IF(COUNTIF(S23:U23,"X")<>1,"FALTA/DUPLA: SIN. VERTICAL","OK")))))) -> OK
A24: 134ETO0110 | B24: C | C24: 12 | D24: 13 | E24: =D24-C24 -> 1 | G24: X | L24: X | N24: X | P24: X | T24: X | W24: =IF(COUNTA(F24:U24)=0,"— não preenchido",IF(COUNTIF(F24:J24,"X")<>1,"FALTA/DUPLA: CONDIÇÃO DO PAVIMENTO",IF(COUNTIF(K24:L24,"X")<>1,"FALTA/DUPLA: VEGETAÇÃO",IF(COUNTIF(M24:O24,"X")<>1,"FALTA/DUPLA: ELEM. DE DRENAGEM",IF(COUNTIF(P24:R24,"X")<>1,"FALTA/DUPLA: SIN. HORIZ.",IF(COUNTIF(S24:U24,"X")<>1,"FALTA/DUPLA: SIN. VERTICAL","OK")))))) -> OK
A25: 134ETO0110 | B25: C | C25: 13 | D25: 14 | E25: =D25-C25 -> 1 | G25: X | L25: X | N25: X | P25: X | T25: X | W25: =IF(COUNTA(F25:U25)=0,"— não preenchido",IF(COUNTIF(F25:J25,"X")<>1,"FALTA/DUPLA: CONDIÇÃO DO PAVIMENTO",IF(COUNTIF(K25:L25,"X")<>1,"FALTA/DUPLA: VEGETAÇÃO",IF(COUNTIF(M25:O25,"X")<>1,"FALTA/DUPLA: ELEM. DE DRENAGEM",IF(COUNTIF(P25:R25,"X")<>1,"FALTA/DUPLA: SIN. HORIZ.",IF(COUNTIF(S25:U25,"X")<>1,"FALTA/DUPLA: SIN. VERTICAL","OK")))))) -> OK
A26: 134ETO0110 | B26: C | C26: 14 | D26: 15 | E26: =D26-C26 -> 1 | H26: X | L26: X | N26: X | P26: X | T26: X | W26: =IF(COUNTA(F26:U26)=0,"— não preenchido",IF(COUNTIF(F26:J26,"X")<>1,"FALTA/DUPLA: CONDIÇÃO DO PAVIMENTO",IF(COUNTIF(K26:L26,"X")<>1,"FALTA/DUPLA: VEGETAÇÃO",IF(COUNTIF(M26:O26,"X")<>1,"FALTA/DUPLA: ELEM. DE DRENAGEM",IF(COUNTIF(P26:R26,"X")<>1,"FALTA/DUPLA: SIN. HORIZ.",IF(COUNTIF(S26:U26,"X")<>1,"FALTA/DUPLA: SIN. VERTICAL","OK")))))) -> OK
A27: 134ETO0110 | B27: C | C27: 15 | D27: 16 | E27: =D27-C27 -> 1 | H27: X | L27: X | N27: X | P27: X | T27: X | W27: =IF(COUNTA(F27:U27)=0,"— não preenchido",IF(COUNTIF(F27:J27,"X")<>1,"FALTA/DUPLA: CONDIÇÃO DO PAVIMENTO",IF(COUNTIF(K27:L27,"X")<>1,"FALTA/DUPLA: VEGETAÇÃO",IF(COUNTIF(M27:O27,"X")<>1,"FALTA/DUPLA: ELEM. DE DRENAGEM",IF(COUNTIF(P27:R27,"X")<>1,"FALTA/DUPLA: SIN. HORIZ.",IF(COUNTIF(S27:U27,"X")<>1,"FALTA/DUPLA: SIN. VERTICAL","OK")))))) -> OK
A28: 134ETO0110 | B28: C | C28: 16 | D28: 17 | E28: =D28-C28 -> 1 | H28: X | L28: X | N28: X | P28: X | T28: X | W28: =IF(COUNTA(F28:U28)=0,"— não preenchido",IF(COUNTIF(F28:J28,"X")<>1,"FALTA/DUPLA: CONDIÇÃO DO PAVIMENTO",IF(COUNTIF(K28:L28,"X")<>1,"FALTA/DUPLA: VEGETAÇÃO",IF(COUNTIF(M28:O28,"X")<>1,"FALTA/DUPLA: ELEM. DE DRENAGEM",IF(COUNTIF(P28:R28,"X")<>1,"FALTA/DUPLA: SIN. HORIZ.",IF(COUNTIF(S28:U28,"X")<>1,"FALTA/DUPLA: SIN. VERTICAL","OK")))))) -> OK
A29: 134ETO0110 | B29: C | C29: 17 | D29: 18 | E29: =D29-C29 -> 1 | F29: X | L29: X | N29: X | P29: X | T29: X | W29: =IF(COUNTA(F29:U29)=0,"— não preenchido",IF(COUNTIF(F29:J29,"X")<>1,"FALTA/DUPLA: CONDIÇÃO DO PAVIMENTO",IF(COUNTIF(K29:L29,"X")<>1,"FALTA/DUPLA: VEGETAÇÃO",IF(COUNTIF(M29:O29,"X")<>1,"FALTA/DUPLA: ELEM. DE DRENAGEM",IF(COUNTIF(P29:R29,"X")<>1,"FALTA/DUPLA: SIN. HORIZ.",IF(COUNTIF(S29:U29,"X")<>1,"FALTA/DUPLA: SIN. VERTICAL","OK")))))) -> OK
A30: 134ETO0110 | B30: C | C30: 18 | D30: 19 | E30: =D30-C30 -> 1 | F30: X | L30: X | N30: X | P30: X | T30: X | W30: =IF(COUNTA(F30:U30)=0,"— não preenchido",IF(COUNTIF(F30:J30,"X")<>1,"FALTA/DUPLA: CONDIÇÃO DO PAVIMENTO",IF(COUNTIF(K30:L30,"X")<>1,"FALTA/DUPLA: VEGETAÇÃO",IF(COUNTIF(M30:O30,"X")<>1,"FALTA/DUPLA: ELEM. DE DRENAGEM",IF(COUNTIF(P30:R30,"X")<>1,"FALTA/DUPLA: SIN. HORIZ.",IF(COUNTIF(S30:U30,"X")<>1,"FALTA/DUPLA: SIN. VERTICAL","OK")))))) -> OK
A31: 134ETO0110 | B31: C | C31: 19 | D31: 20 | E31: =D31-C31 -> 1 | F31: X | L31: X | N31: X | P31: X | T31: X | W31: =IF(COUNTA(F31:U31)=0,"— não preenchido",IF(COUNTIF(F31:J31,"X")<>1,"FALTA/DUPLA: CONDIÇÃO DO PAVIMENTO",IF(COUNTIF(K31:L31,"X")<>1,"FALTA/DUPLA: VEGETAÇÃO",IF(COUNTIF(M31:O31,"X")<>1,"FALTA/DUPLA: ELEM. DE DRENAGEM",IF(COUNTIF(P31:R31,"X")<>1,"FALTA/DUPLA: SIN. HORIZ.",IF(COUNTIF(S31:U31,"X")<>1,"FALTA/DUPLA: SIN. VERTICAL","OK")))))) -> OK
A32: 134ETO0110 | B32: C | C32: 20 | D32: 21 | E32: =D32-C32 -> 1 | F32: X | L32: X | N32: X | P32: X | T32: X | W32: =IF(COUNTA(F32:U32)=0,"— não preenchido",IF(COUNTIF(F32:J32,"X")<>1,"FALTA/DUPLA: CONDIÇÃO DO PAVIMENTO",IF(COUNTIF(K32:L32,"X")<>1,"FALTA/DUPLA: VEGETAÇÃO",IF(COUNTIF(M32:O32,"X")<>1,"FALTA/DUPLA: ELEM. DE DRENAGEM",IF(COUNTIF(P32:R32,"X")<>1,"FALTA/DUPLA: SIN. HORIZ.",IF(COUNTIF(S32:U32,"X")<>1,"FALTA/DUPLA: SIN. VERTICAL","OK")))))) -> OK
A33: 134ETO0110 | B33: C | C33: 21 | D33: 22 | E33: =D33-C33 -> 1 | F33: X | L33: X | N33: X | P33: X | T33: X | W33: =IF(COUNTA(F33:U33)=0,"— não preenchido",IF(COUNTIF(F33:J33,"X")<>1,"FALTA/DUPLA: CONDIÇÃO DO PAVIMENTO",IF(COUNTIF(K33:L33,"X")<>1,"FALTA/DUPLA: VEGETAÇÃO",IF(COUNTIF(M33:O33,"X")<>1,"FALTA/DUPLA: ELEM. DE DRENAGEM",IF(COUNTIF(P33:R33,"X")<>1,"FALTA/DUPLA: SIN. HORIZ.",IF(COUNTIF(S33:U33,"X")<>1,"FALTA/DUPLA: SIN. VERTICAL","OK")))))) -> OK
A34: 134ETO0110 | B34: C | C34: 22 | D34: 23 | E34: =D34-C34 -> 1 | F34: x | L34: X | N34: X | P34: X | T34: X | W34: =IF(COUNTA(F34:U34)=0,"— não preenchido",IF(COUNTIF(F34:J34,"X")<>1,"FALTA/DUPLA: CONDIÇÃO DO PAVIMENTO",IF(COUNTIF(K34:L34,"X")<>1,"FALTA/DUPLA: VEGETAÇÃO",IF(COUNTIF(M34:O34,"X")<>1,"FALTA/DUPLA: ELEM. DE DRENAGEM",IF(COUNTIF(P34:R34,"X")<>1,"FALTA/DUPLA: SIN. HORIZ.",IF(COUNTIF(S34:U34,"X")<>1,"FALTA/DUPLA: SIN. VERTICAL","OK")))))) -> OK
A35: 134ETO0110 | B35: C | C35: 23 | D35: 24 | E35: =D35-C35 -> 1 | H35: X | L35: X | N35: X | P35: X | T35: X | W35: =IF(COUNTA(F35:U35)=0,"— não preenchido",IF(COUNTIF(F35:J35,"X")<>1,"FALTA/DUPLA: CONDIÇÃO DO PAVIMENTO",IF(COUNTIF(K35:L35,"X")<>1,"FALTA/DUPLA: VEGETAÇÃO",IF(COUNTIF(M35:O35,"X")<>1,"FALTA/DUPLA: ELEM. DE DRENAGEM",IF(COUNTIF(P35:R35,"X")<>1,"FALTA/DUPLA: SIN. HORIZ.",IF(COUNTIF(S35:U35,"X")<>1,"FALTA/DUPLA: SIN. VERTICAL","OK")))))) -> OK
A36: 134ETO0110 | B36: C | C36: 24 | D36: 25 | E36: =D36-C36 -> 1 | F36: X | L36: X | N36: X | P36: X | T36: X | W36: =IF(COUNTA(F36:U36)=0,"— não preenchido",IF(COUNTIF(F36:J36,"X")<>1,"FALTA/DUPLA: CONDIÇÃO DO PAVIMENTO",IF(COUNTIF(K36:L36,"X")<>1,"FALTA/DUPLA: VEGETAÇÃO",IF(COUNTIF(M36:O36,"X")<>1,"FALTA/DUPLA: ELEM. DE DRENAGEM",IF(COUNTIF(P36:R36,"X")<>1,"FALTA/DUPLA: SIN. HORIZ.",IF(COUNTIF(S36:U36,"X")<>1,"FALTA/DUPLA: SIN. VERTICAL","OK")))))) -> OK
A37: 134ETO0110 | B37: C | C37: 25 | D37: 26 | E37: =D37-C37 -> 1 | F37: X | L37: X | N37: X | P37: X | T37: X | W37: =IF(COUNTA(F37:U37)=0,"— não preenchido",IF(COUNTIF(F37:J37,"X")<>1,"FALTA/DUPLA: CONDIÇÃO DO PAVIMENTO",IF(COUNTIF(K37:L37,"X")<>1,"FALTA/DUPLA: VEGETAÇÃO",IF(COUNTIF(M37:O37,"X")<>1,"FALTA/DUPLA: ELEM. DE DRENAGEM",IF(COUNTIF(P37:R37,"X")<>1,"FALTA/DUPLA: SIN. HORIZ.",IF(COUNTIF(S37:U37,"X")<>1,"FALTA/DUPLA: SIN. VERTICAL","OK")))))) -> OK
A38: 134ETO0110 | B38: C | C38: 26 | D38: 27 | E38: =D38-C38 -> 1 | H38: X | L38: X | N38: X | P38: X | T38: X | W38: =IF(COUNTA(F38:U38)=0,"— não preenchido",IF(COUNTIF(F38:J38,"X")<>1,"FALTA/DUPLA: CONDIÇÃO DO PAVIMENTO",IF(COUNTIF(K38:L38,"X")<>1,"FALTA/DUPLA: VEGETAÇÃO",IF(COUNTIF(M38:O38,"X")<>1,"FALTA/DUPLA: ELEM. DE DRENAGEM",IF(COUNTIF(P38:R38,"X")<>1,"FALTA/DUPLA: SIN. HORIZ.",IF(COUNTIF(S38:U38,"X")<>1,"FALTA/DUPLA: SIN. VERTICAL","OK")))))) -> OK
A39: 134ETO0110 | B39: C | C39: 27 | D39: 28 | E39: =D39-C39 -> 1 | H39: X | L39: X | N39: X | P39: X | T39: X | W39: =IF(COUNTA(F39:U39)=0,"— não preenchido",IF(COUNTIF(F39:J39,"X")<>1,"FALTA/DUPLA: CONDIÇÃO DO PAVIMENTO",IF(COUNTIF(K39:L39,"X")<>1,"FALTA/DUPLA: VEGETAÇÃO",IF(COUNTIF(M39:O39,"X")<>1,"FALTA/DUPLA: ELEM. DE DRENAGEM",IF(COUNTIF(P39:R39,"X")<>1,"FALTA/DUPLA: SIN. HORIZ.",IF(COUNTIF(S39:U39,"X")<>1,"FALTA/DUPLA: SIN. VERTICAL","OK")))))) -> OK
