Workbook

Sheet Trechos
A1: RELAÇÃO DE TRECHOS PAVIMENTDOS R.13
A2: LOTE | B2: N. | C2: TRECHO | D2: S.R.E | E2: SUBTRECHOS | F2: EXT. (KM) | G2: TIPO | H2: 45839 | I2: 45870
A3: 13 | B3: 246 | C3: RODOVIA TO-040 - TRECHO ALMAS - PORTO ALEGRE DO TOCANTINS | D3: 040ETO0150 | E3: ENTR. TO-280 (ALMAS) - ENTR. TO-477 | F3: 1.5702205 | G3: PPS | H3: X
A4: 13 | B4: 246 | C4: RODOVIA TO-040 - TRECHO ALMAS - PORTO ALEGRE DO TOCANTINS | D4: 040ETO0160 | E4: ENTR. TO-477 - PORTO ALEGRE DO TOCANTINS | F4: 13.323392 | G4: PPS | H4: X
A5: 13 | B5: 247 | C5: RODOVIA TO-040 - TRECHO DIANÓPOLIS - NOVO JARDIM | D5: 040ETO0190 | E5: ENTR. TO-476 (DIANÓPOLIS) - ENTR. TO-387-TO-110 | F5: 6.2949204 | G5: PPS | H5: X
A6: 13 | B6: 247 | C6: RODOVIA TO-040 - TRECHO DIANÓPOLIS - NOVO JARDIM | D6: 040ETO0200 | E6: ENTR. TO-387-TO-110 - AMARALINA | F6: 11.481209 | G6: PPS | H6: X
A7: 13 | B7: 247 | C7: RODOVIA TO-040 - TRECHO DIANÓPOLIS - NOVO JARDIM | D7: 040ETO0210 | E7: AMARALINA - NOVO JARDIM | F7: 18.27038 | G7: PPS | H7: X
A8: 13 | B8: 248 | C8: RODOVIA TO-040 - TRECHO NOVO JARDIM - DIVISA TO-BA | D8: 040ETO0220 | E8: NOVO JARDIM - ENTR. TO-110 | F8: 5.8182596 | G8: PPS | H8: X
A9: 13 | B9: 248 | C9: RODOVIA TO-040 - TRECHO NOVO JARDIM - DIVISA TO-BA | D9: 040ETO0230 | E9: ENTR. TO-110 - DIV TO-BA | F9: 37.187731 | G9: PPS | H9: X
A10: 13 | B10: 249 | C10: RODOVIA TO-040 - TRECHO PORTO ALEGRE DO TOCANTINS - DIANÓPOLIS | D10: ACESSO | E10: ENTR. TO-040 - PROJETO MANOEL ALVES | F10: 8.6840399 | G10: PPS | H10: X
A11: 13 | B11: 249 | C11: RODOVIA TO-040 - TRECHO PORTO ALEGRE DO TOCANTINS - DIANÓPOLIS | D11: 040ETO0170 | E11: PORTO ALEGRE DO TOCANTINS - ENTR.TO-387 | F11: 15.045976 | G11: PPS | H11: X
A12: 13 | B12: 249 | C12: RODOVIA TO-040 - TRECHO PORTO ALEGRE DO TOCANTINS - DIANÓPOLIS | D12: 040ETO0180 | E12: ENTR.TO-387 - ENTR.TO-476 (DIANÓPOLIS) | F12: 11.205251 | G12: PPS | H12: X
A13: 13 | B13: 250 | C13: RODOVIA TO-050 - TRECHO ARRAIAS - DIVISA TO-GO | D13: 050ETO0270 | E13: ARRAIAS (ACESSO SUL) - ENTR. TO-499 | F13: 4.9837539 | G13: PPS | H13: X
A14: 13 | B14: 250 | C14: RODOVIA TO-050 - TRECHO ARRAIAS - DIVISA TO-GO | D14: 050ETO0280 | E14: ENTR. TO-499 - ENTR. TO-296 | F14: 1.8568038 | G14: PPS | H14: X
A15: 13 | B15: 250 | C15: RODOVIA TO-050 - TRECHO ARRAIAS - DIVISA TO-GO | D15: 050ETO0290 | E15: ENTR. TO-296 - DIV TO-GO | F15: 8.5478498 | G15: PPS
A16: 13 | B16: 251 | C16: RODOVIA TO-050 - TRECHO CONCEIÇÃO DO TOCANTINS - ARRAIAS | D16: 050ETO0230 | E16: CONCEIÇÃO DO TOCANTINS - ENTR. BR-242 | F16: 33.953785 | G16: PPS | H16: X
A17: 13 | B17: 251 | C17: RODOVIA TO-050 - TRECHO CONCEIÇÃO DO TOCANTINS - ARRAIAS | D17: 050ETO0240 | E17: ENTR. BR-242 - ENTR. TO-296 | F17: 47.950062 | G17: PPS | H17: X
A18: 13 | B18: 251 | C18: RODOVIA TO-050 - TRECHO CONCEIÇÃO DO TOCANTINS - ARRAIAS | D18: 050ETO0250 | E18: ENTR. TO-296 - ARRAIAS (ACESSO NORTE) | F18: 18.959078 | G18: PPS | H18: X
A19: 13 | B19: 251 | C19: RODOVIA TO-050 - TRECHO CONCEIÇÃO DO TOCANTINS - ARRAIAS | D19: 050ETO0260 | E19: ARRAIAS (ACESSO NORTE) - ARRAIAS (ACESSO SUL) | F19: 3.648839 | G19: PPS | H19: X
A20: 13 | B20: 252 | C20: RODOVIA TO-050 - TRECHO ENTR. BR-010 (POVOADO PRÍNCIPE) - CONCEIÇÃO DO TOCANTINS | D20: 387ETO0071 | E20: CONCEIÇÃO DO TOCANTINS *TRECHO URBANO* | F20: 1.4023074 | G20: PSU | H20: X
A21: 13 | B21: 252 | C21: RODOVIA TO-050 - TRECHO ENTR. BR-010 (POVOADO PRÍNCIPE) - CONCEIÇÃO DO TOCANTINS | D21: 050ETO0210 | E21: ENTR. BR-010 (PRÍNCIPE) - ENTR. TO-387 | F21: 45.752332 | G21: PPS | H21: X
A22: 13 | B22: 252 | C22: RODOVIA TO-050 - TRECHO ENTR. BR-010 (POVOADO PRÍNCIPE) - CONCEIÇÃO DO TOCANTINS | D22: 050ETO0220 | E22: ENTR. TO-387 - CONCEIÇÃO DO TOCANTINS | F22: 5.5180318 | G22: PPS | H22: X
A23: 13 | B23: 253 | C23: RODOVIA TO-110 - TRECHO AURORA DO TOCANTINS - LAVANDEIRA | D23: 110ETO0330 | E23: AURORA DO TOCANTINS *TRECHO URBANO* - LAVANDEIRA | F23: 15.560727 | G23: PPS | H23: X
A24: 13 | B24: 254 | C24: RODOVIA TO-110 - TRECHO COMBINADO - NOVO ALEGRE - DIVISA TO-GO | D24: 110ETO0341 | E24: COMBINADO *TRECHO URBANO* | F24: 1.165205 | G24: PSU | H24: X
A25: 13 | B25: 254 | C25: RODOVIA TO-110 - TRECHO COMBINADO - NOVO ALEGRE - DIVISA TO-GO | D25: 110ETO0370 | E25: COMBINADO *TRECHO URBANO* - NOVO ALEGRE *TRECHO URBANO* | F25: 10.290561 | G25: PPS | H25: X
A26: 13 | B26: 254 | C26: RODOVIA TO-110 - TRECHO COMBINADO - NOVO ALEGRE - DIVISA TO-GO | D26: 110ETO0390 | E26: NOVO ALEGRE *TRECHO URBANO* - DIV TO-GO | F26: 6.5224719 | G26: PPS | H26: X
A27: 13 | B27: 255 | C27: RODOVIA TO-110 - TRECHO ENTR. TO-040 (DIANÓPOLIS) - DIVISA TO-BA (GARGANTA) | D27: 110ETO0110 | E27: GARGANTA - ENTR. TO-040-TO-280 | F27: 57.452309 | G27: PPS | H27: X
... A41: 13 | B41: 259 | C41: RODOVIA TO-110 - TRECHO TAGUATINGA - AURORA DO TOCANTINS | D41: ACESSO | E41: ENTR- TO-110 - RIO AZUIS | F41: 1.0864508 | G41: PPS | H41: X
A42: 13 | B42: 265 | C42: RODOVIA TO-387 - TRECHO ENTR. TO-040 - TAIPAS DO TOCANTINS | D42: 387ETO0041 | E42: INÍCIO PU TAIPAS - FIM PU TAIPAS | F42: 1.0866111 | G42: PSU
A43: 13 | B43: 266 | C43: RODOVIA TO-476 - TRECHO RIO DA CONCEIÇÃO - DIANÓPOLIS | D43: 476ETO0060 | E43: RIO DA CONCEIÇÃO *TRECHO URBANO* - CATINGUEIRO | F43: 6.9762043 | G43: PPS | H43: X
A44: 13 | B44: 266 | C44: RODOVIA TO-476 - TRECHO RIO DA CONCEIÇÃO - DIANÓPOLIS | D44: 476ETO0070 | E44: CATINGUEIRO - ENTR. TO-040-TO-280-TO-387 | F44: 19.761116 | G44: PPS | H44: X
F45: =SUM(F3:F44) -> 548.52427

Sheet 246
A1: PROGRAMA DE MANUTENÇÃORODOVIÁRIA
D2: RODOVIAS PAVIMENTADAS | I2: DATA: | J2: 46204 | N2: TÉCNICO RESP. | O2: ENG. THIAGO TORQUATO
A3: FICHA DE INSPEÇÃO: | B3: ='T.T.'!C4 -> RODOVIA TO-040 - TRECHO ALMAS - PORTO ALEGRE DO TOCANTINS | O3: REGIÃO: | P3: 13
A5: S.R.E. | B5: SENTIDO | C5: INÍCIO (KM) | D5: FIM (KM) | E5: CONDIÇÃO DO PAVIMENTO | J5: VEGETAÇÃO | L5: ELEM. DE DRENAGEM | O5: SIN. HOR. | R5: SIN. VERTICAL | U5: OBSERV.
E6: BOM | F6: REM. I. | G6: REM. L | H6: BUR. I | I6: BUR. L | J6: ADEQ. | K6: INADED. | L6: LIMPOS | M6: SUJOS | N6: DAN. | O6: BOM | P6: REG. | Q6: INEXIST. | R6: BOM | S6: POUCAS | T6: INEXIST.
A7: 040ETO0160 | B7: D | C7: 0 | D7: 8 | G7: X | J7: X | M7: X | P7: X | S7: X
C8: 8 | D8: 13.3 | G8: X | J8: X | M8: X | P8: X | S8: X
A9: 040ETO0150 | B9: D | C9: 0 | D9: 1.57 | G9: X | J9: X | M9: X | P9: X | S9: X
A32: LEGENDA | B32: CONDIÇÃO DO PAVIMENTO
A33: REM. I | B33: REMENDOS ISOLADOS | E33: ATÉ 10 REMENDOS/KM | I33: BUR. I | J33: BURACOS ISOLADOS | M33: ATÉ 5 BURACOS/KM
A34: REM. L | B34: REMENDOS AO LONGO | E34: MAIS DE 10 REMENDOS/KM | I34: BUR. L | J34: BURACOS AO LONGO | M34: MAIS DE 5 BURACOS/KM
E39: =IF(E7="X",(D7-C7),"0") -> 0 | F39: =IF(F7="X",(D7-C7),"0") -> 0 | G39: =IF(G7="X",(D7-C7),"0") -> 8 | H39: =IF(H7="X",(D7-C7),"0") -> 0 | I39: =IF(I7="X",(D7-C7),"0") -> 0 | J39: =IF(J7="X",(D7-C7),"0") -> 8 | K39: =IF(K7="X",(D7-C7),"0") -> 0 | L39: =IF(L7="X",(D7-C7),"0") -> 0 | M39: =IF(M7="X",(D7-C7),"0") -> 8 | N39: =IF(N7="X",(D7-C7),"0") -> 0 | O39: =IF(O7="X",(D7-C7),"0") -> 0 | P39: =IF(P7="X",(D7-C7),"0") -> 8 | Q39: =IF(Q7="X",(D7-C7),"0") -> 0 | R39: =IF(R7="X",(D7-C7),"0") -> 0 | S39: =IF(S7="X",(D7-C7),"0") -> 8 | T39: =IF(T7="X",(D7-C7),"0") -> 0
E40: =IF(E8="X",(D8-C8),"0") -> 0 | F40: =IF(F8="X",(D8-C8),"0") -> 0 | G40: =IF(G8="X",(D8-C8),"0") -> 5.3 | H40: =IF(H8="X",(D8-C8),"0") -> 0 | I40: =IF(I8="X",(D8-C8),"0") -> 0 | J40: =IF(J8="X",(D8-C8),"0") -> 5.3 | K40: =IF(K8="X",(D8-C8),"0") -> 0 | L40: =IF(L8="X",(D8-C8),"0") -> 0 | M40: =IF(M8="X",(D8-C8),"0") -> 5.3 | N40: =IF(N8="X",(D8-C8),"0") -> 0 | O40: =IF(O8="X",(D8-C8),"0") -> 0 | P40: =IF(P8="X",(D8-C8),"0") -> 5.3 | Q40: =IF(Q8="X",(D8-C8),"0") -> 0 | R40: =IF(R8="X",(D8-C8),"0") -> 0 | S40: =IF(S8="X",(D8-C8),"0") -> 5.3 | T40: =IF(T8="X",(D8-C8),"0") -> 0
E41: =IF(E9="X",(D9-C9),"0") -> 0 | F41: =IF(F9="X",(D9-C9),"0") -> 0 | G41: =IF(G9="X",(D9-C9),"0") -> 1.57 | H41: =IF(H9="X",(D9-C9),"0") -> 0 | I41: =IF(I9="X",(D9-C9),"0") -> 0 | J41: =IF(J9="X",(D9-C9),"0") -> 1.57 | K41: =IF(K9="X",(D9-C9),"0") -> 0 | L41: =IF(L9="X",(D9-C9),"0") -> 0 | M41: =IF(M9="X",(D9-C9),"0") -> 1.57 | N41: =IF(N9="X",(D9-C9),"0") -> 0 | O41: =IF(O9="X",(D9-C9),"0") -> 0 | P41: =IF(P9="X",(D9-C9),"0") -> 1.57 | Q41: =IF(Q9="X",(D9-C9),"0") -> 0 | R41: =IF(R9="X",(D9-C9),"0") -> 0 | S41: =IF(S9="X",(D9-C9),"0") -> 1.57 | T41: =IF(T9="X",(D9-C9),"0") -> 0
E42: =IF(E10="X",(D10-C10),"0") -> 0 | F42: =IF(F10="X",(D10-C10),"0") -> 0 | G42: =IF(G10="X",(D10-C10),"0") -> 0 | H42: =IF(H10="X",(D10-C10),"0") -> 0 | I42: =IF(I10="X",(D10-C10),"0") -> 0 | J42: =IF(J10="X",(D10-C10),"0") -> 0 | K42: =IF(K10="X",(D10-C10),"0") -> 0 | L42: =IF(L10="X",(D10-C10),"0") -> 0 | M42: =IF(M10="X",(D10-C10),"0") -> 0 | N42: =IF(N10="X",(D10-C10),"0") -> 0 | O42: =IF(O10="X",(D10-C10),"0") -> 0 | P42: =IF(P10="X",(D10-C10),"0") -> 0 | Q42: =IF(Q10="X",(D10-C10),"0") -> 0 | R42: =IF(R10="X",(D10-C10),"0") -> 0 | S42: =IF(S10="X",(D10-C10),"0") -> 0 | T42: =IF(T10="X",(D10-C10),"0") -> 0
E43: =IF(E11="X",(D11-C11),"0") -> 0 | F43: =IF(F11="X",(D11-C11),"0") -> 0 | G43: =IF(G11="X",(D11-C11),"0") -> 0 | H43: =IF(H11="X",(D11-C11),"0") -> 0 | I43: =IF(I11="X",(D11-C11),"0") -> 0 | J43: =IF(J11="X",(D11-C11),"0") -> 0 | K43: =IF(K11="X",(D11-C11),"0") -> 0 | L43: =IF(L11="X",(D11-C11),"0") -> 0 | M43: =IF(M11="X",(D11-C11),"0") -> 0 | N43: =IF(N11="X",(D11-C11),"0") -> 0 | O43: =IF(O11="X",(D11-C11),"0") -> 0 | P43: =IF(P11="X",(D11-C11),"0") -> 0 | Q43: =IF(Q11="X",(D11-C11),"0") -> 0 | R43: =IF(R11="X",(D11-C11),"0") -> 0 | S43: =IF(S11="X",(D11-C11),"0") -> 0 | T43: =IF(T11="X",(D11-C11),"0") -> 0
E44: =IF(E12="X",(D12-C12),"0") -> 0 | F44: =IF(F12="X",(D12-C12),"0") -> 0 | G44: =IF(G12="X",(D12-C12),"0") -> 0 | H44: =IF(H12="X",(D12-C12),"0") -> 0 | I44: =IF(I12="X",(D12-C12),"0") -> 0 | J44: =IF(J12="X",(D12-C12),"0") -> 0 | K44: =IF(K12="X",(D12-C12),"0") -> 0 | L44: =IF(L12="X",(D12-C12),"0") -> 0 | M44: =IF(M12="X",(D12-C12),"0") -> 0 | N44: =IF(N12="X",(D12-C12),"0") -> 0 | O44: =IF(O12="X",(D12-C12),"0") -> 0 | P44: =IF(P12="X",(D12-C12),"0") -> 0 | Q44: =IF(Q12="X",(D12-C12),"0") -> 0 | R44: =IF(R12="X",(D12-C12),"0") -> 0 | S44: =IF(S12="X",(D12-C12),"0") -> 0 | T44: =IF(T12="X",(D12-C12),"0") -> 0
E45: =IF(E13="X",(D13-C13),"0") -> 0 | F45: =IF(F13="X",(D13-C13),"0") -> 0 | G45: =IF(G13="X",(D13-C13),"0") -> 0 | H45: =IF(H13="X",(D13-C13),"0") -> 0 | I45: =IF(I13="X",(D13-C13),"0") -> 0 | J45: =IF(J13="X",(D13-C13),"0") -> 0 | K45: =IF(K13="X",(D13-C13),"0") -> 0 | L45: =IF(L13="X",(D13-C13),"0") -> 0 | M45: =IF(M13="X",(D13-C13),"0") -> 0 | N45: =IF(N13="X",(D13-C13),"0") -> 0 | O45: =IF(O13="X",(D13-C13),"0") -> 0 | P45: =IF(P13="X",(D13-C13),"0") -> 0 | Q45: =IF(Q13="X",(D13-C13),"0") -> 0 | R45: =IF(R13="X",(D13-C13),"0") -> 0 | S45: =IF(S13="X",(D13-C13),"0") -> 0 | T45: =IF(T13="X",(D13-C13),"0") -> 0
E46: =IF(E14="X",(D14-C14),"0") -> 0 | F46: =IF(F14="X",(D14-C14),"0") -> 0 | G46: =IF(G14="X",(D14-C14),"0") -> 0 | H46: =IF(H14="X",(D14-C14),"0") -> 0 | I46: =IF(I14="X",(D14-C14),"0") -> 0 | J46: =IF(J14="X",(D14-C14),"0") -> 0 | K46: =IF(K14="X",(D14-C14),"0") -> 0 | L46: =IF(L14="X",(D14-C14),"0") -> 0 | M46: =IF(M14="X",(D14-C14),"0") -> 0 | N46: =IF(N14="X",(D14-C14),"0") -> 0 | O46: =IF(O14="X",(D14-C14),"0") -> 0 | P46: =IF(P14="X",(D14-C14),"0") -> 0 | Q46: =IF(Q14="X",(D14-C14),"0") -> 0 | R46: =IF(R14="X",(D14-C14),"0") -> 0 | S46: =IF(S14="X",(D14-C14),"0") -> 0 | T46: =IF(T14="X",(D14-C14),"0") -> 0
E47: =IF(E15="X",(D15-C15),"0") -> 0 | F47: =IF(F15="X",(D15-C15),"0") -> 0 | G47: =IF(G15="X",(D15-C15),"0") -> 0 | H47: =IF(H15="X",(D15-C15),"0") -> 0 | I47: =IF(I15="X",(D15-C15),"0") -> 0 | J47: =IF(J15="X",(D15-C15),"0") -> 0 | K47: =IF(K15="X",(D15-C15),"0") -> 0 | L47: =IF(L15="X",(D15-C15),"0") -> 0 | M47: =IF(M15="X",(D15-C15),"0") -> 0 | N47: =IF(N15="X",(D15-C15),"0") -> 0 | O47: =IF(O15="X",(D15-C15),"0") -> 0 | P47: =IF(P15="X",(D15-C15),"0") -> 0 | Q47: =IF(Q15="X",(D15-C15),"0") -> 0 | R47: =IF(R15="X",(D15-C15),"0") -> 0 | S47: =IF(S15="X",(D15-C15),"0") -> 0 | T47: =IF(T15="X",(D15-C15),"0") -> 0
E48: =IF(E16="X",(D16-C16),"0") -> 0 | F48: =IF(F16="X",(D16-C16),"0") -> 0 | G48: =IF(G16="X",(D16-C16),"0") -> 0 | H48: =IF(H16="X",(D16-C16),"0") -> 0 | I48: =IF(I16="X",(D16-C16),"0") -> 0 | J48: =IF(J16="X",(D16-C16),"0") -> 0 | K48: =IF(K16="X",(D16-C16),"0") -> 0 | L48: =IF(L16="X",(D16-C16),"0") -> 0 | M48: =IF(M16="X",(D16-C16),"0") -> 0 | N48: =IF(N16="X",(D16-C16),"0") -> 0 | O48: =IF(O16="X",(D16-C16),"0") -> 0 | P48: =IF(P16="X",(D16-C16),"0") -> 0 | Q48: =IF(Q16="X",(D16-C16),"0") -> 0 | R48: =IF(R16="X",(D16-C16),"0") -> 0 | S48: =IF(S16="X",(D16-C16),"0") -> 0 | T48: =IF(T16="X",(D16-C16),"0") -> 0
E49: =IF(E17="X",(D17-C17),"0") -> 0 | F49: =IF(F17="X",(D17-C17),"0") -> 0 | G49: =IF(G17="X",(D17-C17),"0") -> 0 | H49: =IF(H17="X",(D17-C17),"0") -> 0 | I49: =IF(I17="X",(D17-C17),"0") -> 0 | J49: =IF(J17="X",(D17-C17),"0") -> 0 | K49: =IF(K17="X",(D17-C17),"0") -> 0 | L49: =IF(L17="X",(D17-C17),"0") -> 0 | M49: =IF(M17="X",(D17-C17),"0") -> 0 | N49: =IF(N17="X",(D17-C17),"0") -> 0 | O49: =IF(O17="X",(D17-C17),"0") -> 0 | P49: =IF(P17="X",(D17-C17),"0") -> 0 | Q49: =IF(Q17="X",(D17-C17),"0") -> 0 | R49: =IF(R17="X",(D17-C17),"0") -> 0 | S49: =IF(S17="X",(D17-C17),"0") -> 0 | T49: =IF(T17="X",(D17-C17),"0") -> 0
E50: =IF(E18="X",(D18-C18),"0") -> 0 | F50: =IF(F18="X",(D18-C18),"0") -> 0 | G50: =IF(G18="X",(D18-C18),"0") -> 0 | H50: =IF(H18="X",(D18-C18),"0") -> 0 | I50: =IF(I18="X",(D18-C18),"0") -> 0 | J50: =IF(J18="X",(D18-C18),"0") -> 0 | K50: =IF(K18="X",(D18-C18),"0") -> 0 | L50: =IF(L18="X",(D18-C18),"0") -> 0 | M50: =IF(M18="X",(D18-C18),"0") -> 0 | N50: =IF(N18="X",(D18-C18),"0") -> 0 | O50: =IF(O18="X",(D18-C18),"0") -> 0 | P50: =IF(P18="X",(D18-C18),"0") -> 0 | Q50: =IF(Q18="X",(D18-C18),"0") -> 0 | R50: =IF(R18="X",(D18-C18),"0") -> 0 | S50: =IF(S18="X",(D18-C18),"0") -> 0 | T50: =IF(T18="X",(D18-C18),"0") -> 0
... E126: =IF(E94="X",(D94-C94),"0") -> 0 | F126: =IF(F94="X",(D94-C94),"0") -> 0 | G126: =IF(G94="X",(D94-C94),"0") -> 0 | H126: =IF(H94="X",(D94-C94),"0") -> 0 | I126: =IF(I94="X",(D94-C94),"0") -> 0 | J126: =IF(J94="X",(D94-C94),"0") -> 0 | K126: =IF(K94="X",(D94-C94),"0") -> 0 | L126: =IF(L94="X",(D94-C94),"0") -> 0 | M126: =IF(M94="X",(D94-C94),"0") -> 0 | N126: =IF(N94="X",(D94-C94),"0") -> 0 | O126: =IF(O94="X",(D94-C94),"0") -> 0 | P126: =IF(P94="X",(D94-C94),"0") -> 0 | Q126: =IF(Q94="X",(D94-C94),"0") -> 0 | R126: =IF(R94="X",(D94-C94),"0") -> 0 | S126: =IF(S94="X",(D94-C94),"0") -> 0 | T126: =IF(T94="X",(D94-C94),"0") -> 0
E127: =SUM(E39:E126) -> 0 | F127: =SUM(F39:F126) -> 0 | G127: =SUM(G39:G126) -> 14.87 | H127: =SUM(H39:H126) -> 0 | I127: =SUM(I39:I126) -> 0 | J127: =SUM(J39:J126) -> 14.87 | K127: =SUM(K39:K126) -> 0 | L127: =SUM(L39:L126) -> 0 | ... T127: =SUM(T39:T126) -> 0

Sheet 247
A1: PROGRAMA DE MANUTENÇÃORODOVIÁRIA
D2: RODOVIAS PAVIMENTADAS | I2: DATA: | J2: ='246'!J2 -> 46204 | N2: TÉCNICO RESP. | O2: ='246'!O2 -> ENG. THIAGO TORQUATO
A3: FICHA DE INSPEÇÃO: | B3: ='T.T.'!C5 -> RODOVIA TO-040 - TRECHO DIANÓPOLIS - NOVO JARDIM | O3: REGIÃO: | P3: 13
A5: S.R.E. | B5: SENTIDO | C5: INÍCIO (KM) | D5: FIM (KM) | E5: CONDIÇÃO DO PAVIMENTO | J5: VEGETAÇÃO | L5: ELEM. DE DRENAGEM | O5: SIN. HOR. | R5: SIN. VERTICAL | U5: OBSERV.
E6: BOM | F6: REM. I. | G6: REM. L | H6: BUR. I | I6: BUR. L | J6: ADEQ. | K6: INADED. | L6: LIMPOS | M6: SUJOS | N6: DAN. | O6: BOM | P6: REG. | Q6: INEXIST. | R6: BOM | S6: POUCAS | T6: INEXIST.
A7: 040ETO0210 | B7: D | C7: 0 | D7: 0.1 | G7: X | J7: X | M7: X | P7: X | S7: X
C8: =D7 -> 0.1 | D8: 0.2 | F8: X | J8: X | M8: X | P8: X | S8: X
C9: =D8 -> 0.2 | D9: 0.3 | F9: X | J9: X | M9: X | P9: X | S9: X
C10: =D9 -> 0.3 | D10: 18.27 | G10: X | J10: X | M10: X | P10: X | S10: X
A11: 040ETO0200 | B11: D | C11: 0 | D11: 0.1 | F11: X | J11: X | N11: X | P11: X | S11: X
C12: 0.1 | D12: 11.48 | F12: X | J12: X | M12: X | P12: X | S12: X
A13: 040ETO0190 | B13: D | C13: 0 | D13: 5 | F13: X | J13: X | M13: X | P13: X | S13: X
C14: 5 | D14: 6.29 | G14: X | J14: X | M14: X | P14: X | S14: X
A35: LEGENDA | B35: CONDIÇÃO DO PAVIMENTO
A36: REM. I | B36: REMENDOS ISOLADOS | E36: ATÉ 10 REMENDOS/KM | I36: BUR. I | J36: BURACOS ISOLADOS | M36: ATÉ 5 BURACOS/KM
A37: REM. L | B37: REMENDOS AO LONGO | E37: MAIS DE 10 REMENDOS/KM | I37: BUR. L | J37: BURACOS AO LONGO | M37: MAIS DE 5 BURACOS/KM
E42: =IF(E7="X",(D7-C7),"0") -> 0 | F42: =IF(F7="X",(D7-C7),"0") -> 0 | G42: =IF(G7="X",(D7-C7),"0") -> 0.1 | H42: =IF(H7="X",(D7-C7),"0") -> 0 | I42: =IF(I7="X",(D7-C7),"0") -> 0 | J42: =IF(J7="X",(D7-C7),"0") -> 0.1 | K42: =IF(K7="X",(D7-C7),"0") -> 0 | L42: =IF(L7="X",(D7-C7),"0") -> 0 | M42: =IF(M7="X",(D7-C7),"0") -> 0.1 | N42: =IF(N7="X",(D7-C7),"0") -> 0 | O42: =IF(O7="X",(D7-C7),"0") -> 0 | P42: =IF(P7="X",(D7-C7),"0") -> 0.1 | Q42: =IF(Q7="X",(D7-C7),"0") -> 0 | R42: =IF(R7="X",(D7-C7),"0") -> 0 | S42: =IF(S7="X",(D7-C7),"0") -> 0.1 | T42: =IF(T7="X",(D7-C7),"0") -> 0
E43: =IF(E8="X",(D8-C8),"0") -> 0 | F43: =IF(F8="X",(D8-C8),"0") -> 0.1 | G43: =IF(G8="X",(D8-C8),"0") -> 0 | H43: =IF(H8="X",(D8-C8),"0") -> 0 | I43: =IF(I8="X",(D8-C8),"0") -> 0 | J43: =IF(J8="X",(D8-C8),"0") -> 0.1 | K43: =IF(K8="X",(D8-C8),"0") -> 0 | L43: =IF(L8="X",(D8-C8),"0") -> 0 | M43: =IF(M8="X",(D8-C8),"0") -> 0.1 | N43: =IF(N8="X",(D8-C8),"0") -> 0 | O43: =IF(O8="X",(D8-C8),"0") -> 0 | P43: =IF(P8="X",(D8-C8),"0") -> 0.1 | Q43: =IF(Q8="X",(D8-C8),"0") -> 0 | R43: =IF(R8="X",(D8-C8),"0") -> 0 | S43: =IF(S8="X",(D8-C8),"0") -> 0.1 | T43: =IF(T8="X",(D8-C8),"0") -> 0
E44: =IF(E9="X",(D9-C9),"0") -> 0 | F44: =IF(F9="X",(D9-C9),"0") -> 0.1 | G44: =IF(G9="X",(D9-C9),"0") -> 0 | H44: =IF(H9="X",(D9-C9),"0") -> 0 | I44: =IF(I9="X",(D9-C9),"0") -> 0 | J44: =IF(J9="X",(D9-C9),"0") -> 0.1 | K44: =IF(K9="X",(D9-C9),"0") -> 0 | L44: =IF(L9="X",(D9-C9),"0") -> 0 | M44: =IF(M9="X",(D9-C9),"0") -> 0.1 | N44: =IF(N9="X",(D9-C9),"0") -> 0 | O44: =IF(O9="X",(D9-C9),"0") -> 0 | P44: =IF(P9="X",(D9-C9),"0") -> 0.1 | Q44: =IF(Q9="X",(D9-C9),"0") -> 0 | R44: =IF(R9="X",(D9-C9),"0") -> 0 | S44: =IF(S9="X",(D9-C9),"0") -> 0.1 | T44: =IF(T9="X",(D9-C9),"0") -> 0
E45: =IF(E10="X",(D10-C10),"0") -> 0 | F45: =IF(F10="X",(D10-C10),"0") -> 0 | G45: =IF(G10="X",(D10-C10),"0") -> 17.97 | H45: =IF(H10="X",(D10-C10),"0") -> 0 | I45: =IF(I10="X",(D10-C10),"0") -> 0 | J45: =IF(J10="X",(D10-C10),"0") -> 17.97 | K45: =IF(K10="X",(D10-C10),"0") -> 0 | L45: =IF(L10="X",(D10-C10),"0") -> 0 | M45: =IF(M10="X",(D10-C10),"0") -> 17.97 | N45: =IF(N10="X",(D10-C10),"0") -> 0 | O45: =IF(O10="X",(D10-C10),"0") -> 0 | P45: =IF(P10="X",(D10-C10),"0") -> 17.97 | Q45: =IF(Q10="X",(D10-C10),"0") -> 0 | R45: =IF(R10="X",(D10-C10),"0") -> 0 | S45: =IF(S10="X",(D10-C10),"0") -> 17.97 | T45: =IF(T10="X",(D10-C10),"0") -> 0
E46: =IF(E11="X",(D11-C11),"0") -> 0 | F46: =IF(F11="X",(D11-C11),"0") -> 0.1 | G46: =IF(G11="X",(D11-C11),"0") -> 0 | H46: =IF(H11="X",(D11-C11),"0") -> 0 | I46: =IF(I11="X",(D11-C11),"0") -> 0 | J46: =IF(J11="X",(D11-C11),"0") -> 0.1 | K46: =IF(K11="X",(D11-C11),"0") -> 0 | L46: =IF(L11="X",(D11-C11),"0") -> 0 | M46: =IF(M11="X",(D11-C11),"0") -> 0 | N46: =IF(N11="X",(D11-C11),"0") -> 0.1 | O46: =IF(O11="X",(D11-C11),"0") -> 0 | P46: =IF(P11="X",(D11-C11),"0") -> 0.1 | Q46: =IF(Q11="X",(D11-C11),"0") -> 0 | R46: =IF(R11="X",(D11-C11),"0") -> 0 | S46: =IF(S11="X",(D11-C11),"0") -> 0.1 | T46: =IF(T11="X",(D11-C11),"0") -> 0
E47: =IF(E12="X",(D12-C12),"0") -> 0 | F47: =IF(F12="X",(D12-C12),"0") -> 11.38 | G47: =IF(G12="X",(D12-C12),"0") -> 0 | H47: =IF(H12="X",(D12-C12),"0") -> 0 | I47: =IF(I12="X",(D12-C12),"0") -> 0 | J47: =IF(J12="X",(D12-C12),"0") -> 11.38 | K47: =IF(K12="X",(D12-C12),"0") -> 0 | L47: =IF(L12="X",(D12-C12),"0") -> 0 | M47: =IF(M12="X",(D12-C12),"0") -> 11.38 | N47: =IF(N12="X",(D12-C12),"0") -> 0 | O47: =IF(O12="X",(D12-C12),"0") -> 0 | P47: =IF(P12="X",(D12-C12),"0") -> 11.38 | Q47: =IF(Q12="X",(D12-C12),"0") -> 0 | R47: =IF(R12="X",(D12-C12),"0") -> 0 | S47: =IF(S12="X",(D12-C12),"0") -> 11.38 | T47: =IF(T12="X",(D12-C12),"0") -> 0
E48: =IF(E13="X",(D13-C13),"0") -> 0 | F48: =IF(F13="X",(D13-C13),"0") -> 5 | G48: =IF(G13="X",(D13-C13),"0") -> 0 | H48: =IF(H13="X",(D13-C13),"0") -> 0 | I48: =IF(I13="X",(D13-C13),"0") -> 0 | J48: =IF(J13="X",(D13-C13),"0") -> 5 | K48: =IF(K13="X",(D13-C13),"0") -> 0 | L48: =IF(L13="X",(D13-C13),"0") -> 0 | M48: =IF(M13="X",(D13-C13),"0") -> 5 | N48: =IF(N13="X",(D13-C13),"0") -> 0 | O48: =IF(O13="X",(D13-C13),"0") -> 0 | P48: =IF(P13="X",(D13-C13),"0") -> 5 | Q48: =IF(Q13="X",(D13-C13),"0") -> 0 | R48: =IF(R13="X",(D13-C13),"0") -> 0 | S48: =IF(S13="X",(D13-C13),"0") -> 5 | T48: =IF(T13="X",(D13-C13),"0") -> 0
E49: =IF(E14="X",(D14-C14),"0") -> 0 | F49: =IF(F14="X",(D14-C14),"0") -> 0 | G49: =IF(G14="X",(D14-C14),"0") -> 1.29 | H49: =IF(H14="X",(D14-C14),"0") -> 0 | I49: =IF(I14="X",(D14-C14),"0") -> 0 | J49: =IF(J14="X",(D14-C14),"0") -> 1.29 | K49: =IF(K14="X",(D14-C14),"0") -> 0 | L49: =IF(L14="X",(D14-C14),"0") -> 0 | M49: =IF(M14="X",(D14-C14),"0") -> 1.29 | N49: =IF(N14="X",(D14-C14),"0") -> 0 | O49: =IF(O14="X",(D14-C14),"0") -> 0 | P49: =IF(P14="X",(D14-C14),"0") -> 1.29 | Q49: =IF(Q14="X",(D14-C14),"0") -> 0 | R49: =IF(R14="X",(D14-C14),"0") -> 0 | S49: =IF(S14="X",(D14-C14),"0") -> 1.29 | T49: =IF(T14="X",(D14-C14),"0") -> 0
E50: =IF(E15="X",(D15-C15),"0") -> 0 | F50: =IF(F15="X",(D15-C15),"0") -> 0 | G50: =IF(G15="X",(D15-C15),"0") -> 0 | H50: =IF(H15="X",(D15-C15),"0") -> 0 | I50: =IF(I15="X",(D15-C15),"0") -> 0 | J50: =IF(J15="X",(D15-C15),"0") -> 0 | K50: =IF(K15="X",(D15-C15),"0") -> 0 | L50: =IF(L15="X",(D15-C15),"0") -> 0 | M50: =IF(M15="X",(D15-C15),"0") -> 0 | N50: =IF(N15="X",(D15-C15),"0") -> 0 | O50: =IF(O15="X",(D15-C15),"0") -> 0 | P50: =IF(P15="X",(D15-C15),"0") -> 0 | Q50: =IF(Q15="X",(D15-C15),"0") -> 0 | R50: =IF(R15="X",(D15-C15),"0") -> 0 | S50: =IF(S15="X",(D15-C15),"0") -> 0 | T50: =IF(T15="X",(D15-C15),"0") -> 0
E51: =IF(E16="X",(D16-C16),"0") -> 0 | F51: =IF(F16="X",(D16-C16),"0") -> 0 | G51: =IF(G16="X",(D16-C16),"0") -> 0 | H51: =IF(H16="X",(D16-C16),"0") -> 0 | I51: =IF(I16="X",(D16-C16),"0") -> 0 | J51: =IF(J16="X",(D16-C16),"0") -> 0 | K51: =IF(K16="X",(D16-C16),"0") -> 0 | L51: =IF(L16="X",(D16-C16),"0") -> 0 | M51: =IF(M16="X",(D16-C16),"0") -> 0 | N51: =IF(N16="X",(D16-C16),"0") -> 0 | O51: =IF(O16="X",(D16-C16),"0") -> 0 | P51: =IF(P16="X",(D16-C16),"0") -> 0 | Q51: =IF(Q16="X",(D16-C16),"0") -> 0 | R51: =IF(R16="X",(D16-C16),"0") -> 0 | S51: =IF(S16="X",(D16-C16),"0") -> 0 | T51: =IF(T16="X",(D16-C16),"0") -> 0
E52: =IF(E17="X",(D17-C17),"0") -> 0 | F52: =IF(F17="X",(D17-C17),"0") -> 0 | G52: =IF(G17="X",(D17-C17),"0") -> 0 | H52: =IF(H17="X",(D17-C17),"0") -> 0 | I52: =IF(I17="X",(D17-C17),"0") -> 0 | J52: =IF(J17="X",(D17-C17),"0") -> 0 | K52: =IF(K17="X",(D17-C17),"0") -> 0 | L52: =IF(L17="X",(D17-C17),"0") -> 0 | M52: =IF(M17="X",(D17-C17),"0") -> 0 | N52: =IF(N17="X",(D17-C17),"0") -> 0 | O52: =IF(O17="X",(D17-C17),"0") -> 0 | P52: =IF(P17="X",(D17-C17),"0") -> 0 | Q52: =IF(Q17="X",(D17-C17),"0") -> 0 | R52: =IF(R17="X",(D17-C17),"0") -> 0 | S52: =IF(S17="X",(D17-C17),"0") -> 0 | T52: =IF(T17="X",(D17-C17),"0") -> 0
E53: =IF(E18="X",(D18-C18),"0") -> 0 | F53: =IF(F18="X",(D18-C18),"0") -> 0 | G53: =IF(G18="X",(D18-C18),"0") -> 0 | H53: =IF(H18="X",(D18-C18),"0") -> 0 | I53: =IF(I18="X",(D18-C18),"0") -> 0 | J53: =IF(J18="X",(D18-C18),"0") -> 0 | K53: =IF(K18="X",(D18-C18),"0") -> 0 | L53: =IF(L18="X",(D18-C18),"0") -> 0 | M53: =IF(M18="X",(D18-C18),"0") -> 0 | N53: =IF(N18="X",(D18-C18),"0") -> 0 | O53: =IF(O18="X",(D18-C18),"0") -> 0 | P53: =IF(P18="X",(D18-C18),"0") -> 0 | Q53: =IF(Q18="X",(D18-C18),"0") -> 0 | R53: =IF(R18="X",(D18-C18),"0") -> 0 | S53: =IF(S18="X",(D18-C18),"0") -> 0 | T53: =IF(T18="X",(D18-C18),"0") -> 0
... E129: =IF(E94="X",(D94-C94),"0") -> 0 | F129: =IF(F94="X",(D94-C94),"0") -> 0 | G129: =IF(G94="X",(D94-C94),"0") -> 0 | H129: =IF(H94="X",(D94-C94),"0") -> 0 | I129: =IF(I94="X",(D94-C94),"0") -> 0 | J129: =IF(J94="X",(D94-C94),"0") -> 0 | K129: =IF(K94="X",(D94-C94),"0") -> 0 | L129: =IF(L94="X",(D94-C94),"0") -> 0 | M129: =IF(M94="X",(D94-C94),"0") -> 0 | N129: =IF(N94="X",(D94-C94),"0") -> 0 | O129: =IF(O94="X",(D94-C94),"0") -> 0 | P129: =IF(P94="X",(D94-C94),"0") -> 0 | Q129: =IF(Q94="X",(D94-C94),"0") -> 0 | R129: =IF(R94="X",(D94-C94),"0") -> 0 | S129: =IF(S94="X",(D94-C94),"0") -> 0 | T129: =IF(T94="X",(D94-C94),"0") -> 0
E130: =SUM(E42:E129) -> 0 | F130: =SUM(F42:F129) -> 16.68 | G130: =SUM(G42:G129) -> 19.36 | H130: =SUM(H42:H129) -> 0 | I130: =SUM(I42:I129) -> 0 | J130: =SUM(J42:J129) -> 36.04 | K130: =SUM(K42:K129) -> 0 | L130: =SUM(L42:L129) -> 0 | ... T130: =SUM(T42:T129) -> 0

Sheet 248
A1: PROGRAMA DE MANUTENÇÃORODOVIÁRIA
D2: RODOVIAS PAVIMENTADAS | I2: DATA: | J2: ='247'!J2 -> 46204 | N2: TÉCNICO RESP. | O2: ='247'!O2 -> ENG. THIAGO TORQUATO
A3: FICHA DE INSPEÇÃO: | B3: ='T.T.'!C6 -> RODOVIA TO-040 - TRECHO NOVO JARDIM - DIVISA TO-BA | O3: REGIÃO: | P3: 13
A5: S.R.E. | B5: SENTIDO | C5: INÍCIO (KM) | D5: FIM (KM) | E5: CONDIÇÃO DO PAVIMENTO | J5: VEGETAÇÃO | L5: ELEM. DE DRENAGEM | O5: SIN. HOR. | R5: SIN. VERTICAL | U5: OBSERV.
E6: BOM | F6: REM. I. | G6: REM. L | H6: BUR. I | I6: BUR. L | J6: ADEQ. | K6: INADED. | L6: LIMPOS | M6: SUJOS | N6: DAN. | O6: BOM | P6: REG. | Q6: INEXIST. | R6: BOM | S6: POUCAS | T6: INEXIST.
A7: 040ETO0230 | B7: C | C7: 0 | D7: 3 | E7: X | J7: X | M7: X | P7: X | S7: X | U7: 37,19 km
C8: 3 | D8: 4 | E8: X | J8: X | M8: X | P8: X | S8: X
C9: 4 | D9: 6 | E9: X | J9: X | M9: X | P9: X | S9: X
C10: 6 | D10: 7 | E10: X | J10: X | M10: X | P10: X | S10: X
C11: 7 | D11: 8 | G11: X | J11: X | M11: X | P11: X | S11: X
C12: 8 | D12: 11 | E12: X | J12: X | M12: X | P12: X | S12: X
C13: 11 | D13: 12 | G13: X | J13: X | M13: X | P13: X | S13: X
C14: 12 | D14: 18.5 | E14: X | J14: X | M14: X | P14: X | S14: X
C15: 18.5 | D15: 25.8 | G15: X | J15: X | M15: X | P15: X | S15: X
C16: 25.8 | D16: 37.19 | E16: X | J16: X | M16: X | P16: X | S16: X
A17: 040ETO0220 | B17: D | C17: 0 | D17: 5.81 | F17: X | J17: X | M17: X | P17: X | S17: X
A32: LEGENDA | B32: CONDIÇÃO DO PAVIMENTO
A33: REM. I | B33: REMENDOS ISOLADOS | E33: ATÉ 10 REMENDOS/KM | I33: BUR. I | J33: BURACOS ISOLADOS | M33: ATÉ 5 BURACOS/KM
A34: REM. L | B34: REMENDOS AO LONGO | E34: MAIS DE 10 REMENDOS/KM | I34: BUR. L | J34: BURACOS AO LONGO | M34: MAIS DE 5 BURACOS/KM
E39: =IF(E7="X",(D7-C7),"0") -> 3 | F39: =IF(F7="X",(D7-C7),"0") -> 0 | G39: =IF(G7="X",(D7-C7),"0") -> 0 | H39: =IF(H7="X",(D7-C7),"0") -> 0 | I39: =IF(I7="X",(D7-C7),"0") -> 0 | J39: =IF(J7="X",(D7-C7),"0") -> 3 | K39: =IF(K7="X",(D7-C7),"0") -> 0 | L39: =IF(L7="X",(D7-C7),"0") -> 0 | M39: =IF(M7="X",(D7-C7),"0") -> 3 | N39: =IF(N7="X",(D7-C7),"0") -> 0 | O39: =IF(O7="X",(D7-C7),"0") -> 0 | P39: =IF(P7="X",(D7-C7),"0") -> 3 | Q39: =IF(Q7="X",(D7-C7),"0") -> 0 | R39: =IF(R7="X",(D7-C7),"0") -> 0 | S39: =IF(S7="X",(D7-C7),"0") -> 3 | T39: =IF(T7="X",(D7-C7),"0") -> 0
E40: =IF(E8="X",(D8-C8),"0") -> 1 | F40: =IF(F8="X",(D8-C8),"0") -> 0 | G40: =IF(G8="X",(D8-C8),"0") -> 0 | H40: =IF(H8="X",(D8-C8),"0") -> 0 | I40: =IF(I8="X",(D8-C8),"0") -> 0 | J40: =IF(J8="X",(D8-C8),"0") -> 1 | K40: =IF(K8="X",(D8-C8),"0") -> 0 | L40: =IF(L8="X",(D8-C8),"0") -> 0 | M40: =IF(M8="X",(D8-C8),"0") -> 1 | N40: =IF(N8="X",(D8-C8),"0") -> 0 | O40: =IF(O8="X",(D8-C8),"0") -> 0 | P40: =IF(P8="X",(D8-C8),"0") -> 1 | Q40: =IF(Q8="X",(D8-C8),"0") -> 0 | R40: =IF(R8="X",(D8-C8),"0") -> 0 | S40: =IF(S8="X",(D8-C8),"0") -> 1 | T40: =IF(T8="X",(D8-C8),"0") -> 0
E41: =IF(E9="X",(D9-C9),"0") -> 2 | F41: =IF(F9="X",(D9-C9),"0") -> 0 | G41: =IF(G9="X",(D9-C9),"0") -> 0 | H41: =IF(H9="X",(D9-C9),"0") -> 0 | I41: =IF(I9="X",(D9-C9),"0") -> 0 | J41: =IF(J9="X",(D9-C9),"0") -> 2 | K41: =IF(K9="X",(D9-C9),"0") -> 0 | L41: =IF(L9="X",(D9-C9),"0") -> 0 | M41: =IF(M9="X",(D9-C9),"0") -> 2 | N41: =IF(N9="X",(D9-C9),"0") -> 0 | O41: =IF(O9="X",(D9-C9),"0") -> 0 | P41: =IF(P9="X",(D9-C9),"0") -> 2 | Q41: =IF(Q9="X",(D9-C9),"0") -> 0 | R41: =IF(R9="X",(D9-C9),"0") -> 0 | S41: =IF(S9="X",(D9-C9),"0") -> 2 | T41: =IF(T9="X",(D9-C9),"0") -> 0
E42: =IF(E10="X",(D10-C10),"0") -> 1 | F42: =IF(F10="X",(D10-C10),"0") -> 0 | G42: =IF(G10="X",(D10-C10),"0") -> 0 | H42: =IF(H10="X",(D10-C10),"0") -> 0 | I42: =IF(I10="X",(D10-C10),"0") -> 0 | J42: =IF(J10="X",(D10-C10),"0") -> 1 | K42: =IF(K10="X",(D10-C10),"0") -> 0 | L42: =IF(L10="X",(D10-C10),"0") -> 0 | M42: =IF(M10="X",(D10-C10),"0") -> 1 | N42: =IF(N10="X",(D10-C10),"0") -> 0 | O42: =IF(O10="X",(D10-C10),"0") -> 0 | P42: =IF(P10="X",(D10-C10),"0") -> 1 | Q42: =IF(Q10="X",(D10-C10),"0") -> 0 | R42: =IF(R10="X",(D10-C10),"0") -> 0 | S42: =IF(S10="X",(D10-C10),"0") -> 1 | T42: =IF(T10="X",(D10-C10),"0") -> 0
E43: =IF(E11="X",(D11-C11),"0") -> 0 | F43: =IF(F11="X",(D11-C11),"0") -> 0 | G43: =IF(G11="X",(D11-C11),"0") -> 1 | H43: =IF(H11="X",(D11-C11),"0") -> 0 | I43: =IF(I11="X",(D11-C11),"0") -> 0 | J43: =IF(J11="X",(D11-C11),"0") -> 1 | K43: =IF(K11="X",(D11-C11),"0") -> 0 | L43: =IF(L11="X",(D11-C11),"0") -> 0 | M43: =IF(M11="X",(D11-C11),"0") -> 1 | N43: =IF(N11="X",(D11-C11),"0") -> 0 | O43: =IF(O11="X",(D11-C11),"0") -> 0 | P43: =IF(P11="X",(D11-C11),"0") -> 1 | Q43: =IF(Q11="X",(D11-C11),"0") -> 0 | R43: =IF(R11="X",(D11-C11),"0") -> 0 | S43: =IF(S11="X",(D11-C11),"0") -> 1 | T43: =IF(T11="X",(D11-C11),"0") -> 0
E44: =IF(E12="X",(D12-C12),"0") -> 3 | F44: =IF(F12="X",(D12-C12),"0") -> 0 | G44: =IF(G12="X",(D12-C12),"0") -> 0 | H44: =IF(H12="X",(D12-C12),"0") -> 0 | I44: =IF(I12="X",(D12-C12),"0") -> 0 | J44: =IF(J12="X",(D12-C12),"0") -> 3 | K44: =IF(K12="X",(D12-C12),"0") -> 0 | L44: =IF(L12="X",(D12-C12),"0") -> 0 | M44: =IF(M12="X",(D12-C12),"0") -> 3 | N44: =IF(N12="X",(D12-C12),"0") -> 0 | O44: =IF(O12="X",(D12-C12),"0") -> 0 | P44: =IF(P12="X",(D12-C12),"0") -> 3 | Q44: =IF(Q12="X",(D12-C12),"0") -> 0 | R44: =IF(R12="X",(D12-C12),"0") -> 0 | S44: =IF(S12="X",(D12-C12),"0") -> 3 | T44: =IF(T12="X",(D12-C12),"0") -> 0
E45: =IF(E13="X",(D13-C13),"0") -> 0 | F45: =IF(F13="X",(D13-C13),"0") -> 0 | G45: =IF(G13="X",(D13-C13),"0") -> 1 | H45: =IF(H13="X",(D13-C13),"0") -> 0 | I45: =IF(I13="X",(D13-C13),"0") -> 0 | J45: =IF(J13="X",(D13-C13),"0") -> 1 | K45: =IF(K13="X",(D13-C13),"0") -> 0 | L45: =IF(L13="X",(D13-C13),"0") -> 0 | M45: =IF(M13="X",(D13-C13),"0") -> 1 | N45: =IF(N13="X",(D13-C13),"0") -> 0 | O45: =IF(O13="X",(D13-C13),"0") -> 0 | P45: =IF(P13="X",(D13-C13),"0") -> 1 | Q45: =IF(Q13="X",(D13-C13),"0") -> 0 | R45: =IF(R13="X",(D13-C13),"0") -> 0 | S45: =IF(S13="X",(D13-C13),"0") -> 1 | T45: =IF(T13="X",(D13-C13),"0") -> 0
E46: =IF(E14="X",(D14-C14),"0") -> 6.5 | F46: =IF(F14="X",(D14-C14),"0") -> 0 | G46: =IF(G14="X",(D14-C14),"0") -> 0 | H46: =IF(H14="X",(D14-C14),"0") -> 0 | I46: =IF(I14="X",(D14-C14),"0") -> 0 | J46: =IF(J14="X",(D14-C14),"0") -> 6.5 | K46: =IF(K14="X",(D14-C14),"0") -> 0 | L46: =IF(L14="X",(D14-C14),"0") -> 0 | M46: =IF(M14="X",(D14-C14),"0") -> 6.5 | N46: =IF(N14="X",(D14-C14),"0") -> 0 | O46: =IF(O14="X",(D14-C14),"0") -> 0 | P46: =IF(P14="X",(D14-C14),"0") -> 6.5 | Q46: =IF(Q14="X",(D14-C14),"0") -> 0 | R46: =IF(R14="X",(D14-C14),"0") -> 0 | S46: =IF(S14="X",(D14-C14),"0") -> 6.5 | T46: =IF(T14="X",(D14-C14),"0") -> 0
E47: =IF(E15="X",(D15-C15),"0") -> 0 | F47: =IF(F15="X",(D15-C15),"0") -> 0 | G47: =IF(G15="X",(D15-C15),"0") -> 7.3 | H47: =IF(H15="X",(D15-C15),"0") -> 0 | I47: =IF(I15="X",(D15-C15),"0") -> 0 | J47: =IF(J15="X",(D15-C15),"0") -> 7.3 | K47: =IF(K15="X",(D15-C15),"0") -> 0 | L47: =IF(L15="X",(D15-C15),"0") -> 0 | M47: =IF(M15="X",(D15-C15),"0") -> 7.3 | N47: =IF(N15="X",(D15-C15),"0") -> 0 | O47: =IF(O15="X",(D15-C15),"0") -> 0 | P47: =IF(P15="X",(D15-C15),"0") -> 7.3 | Q47: =IF(Q15="X",(D15-C15),"0") -> 0 | R47: =IF(R15="X",(D15-C15),"0") -> 0 | S47: =IF(S15="X",(D15-C15),"0") -> 7.3 | T47: =IF(T15="X",(D15-C15),"0") -> 0
E48: =IF(E16="X",(D16-C16),"0") -> 11.39 | F48: =IF(F16="X",(D16-C16),"0") -> 0 | G48: =IF(G16="X",(D16-C16),"0") -> 0 | H48: =IF(H16="X",(D16-C16),"0") -> 0 | I48: =IF(I16="X",(D16-C16),"0") -> 0 | J48: =IF(J16="X",(D16-C16),"0") -> 11.39 | K48: =IF(K16="X",(D16-C16),"0") -> 0 | L48: =IF(L16="X",(D16-C16),"0") -> 0 | M48: =IF(M16="X",(D16-C16),"0") -> 11.39 | N48: =IF(N16="X",(D16-C16),"0") -> 0 | O48: =IF(O16="X",(D16-C16),"0") -> 0 | P48: =IF(P16="X",(D16-C16),"0") -> 11.39 | Q48: =IF(Q16="X",(D16-C16),"0") -> 0 | R48: =IF(R16="X",(D16-C16),"0") -> 0 | S48: =IF(S16="X",(D16-C16),"0") -> 11.39 | T48: =IF(T16="X",(D16-C16),"0") -> 0
E49: =IF(E17="X",(D17-C17),"0") -> 0 | F49: =IF(F17="X",(D17-C17),"0") -> 5.81 | G49: =IF(G17="X",(D17-C17),"0") -> 0 | H49: =IF(H17="X",(D17-C17),"0") -> 0 | I49: =IF(I17="X",(D17-C17),"0") -> 0 | J49: =IF(J17="X",(D17-C17),"0") -> 5.81 | K49: =IF(K17="X",(D17-C17),"0") -> 0 | L49: =IF(L17="X",(D17-C17),"0") -> 0 | M49: =IF(M17="X",(D17-C17),"0") -> 5.81 | N49: =IF(N17="X",(D17-C17),"0") -> 0 | O49: =IF(O17="X",(D17-C17),"0") -> 0 | P49: =IF(P17="X",(D17-C17),"0") -> 5.81 | Q49: =IF(Q17="X",(D17-C17),"0") -> 0 | R49: =IF(R17="X",(D17-C17),"0") -> 0 | S49: =IF(S17="X",(D17-C17),"0") -> 5.81 | T49: =IF(T17="X",(D17-C17),"0") -> 0
E50: =IF(E18="X",(D18-C18),"0") -> 0 | F50: =IF(F18="X",(D18-C18),"0") -> 0 | G50: =IF(G18="X",(D18-C18),"0") -> 0 | H50: =IF(H18="X",(D18-C18),"0") -> 0 | I50: =IF(I18="X",(D18-C18),"0") -> 0 | J50: =IF(J18="X",(D18-C18),"0") -> 0 | K50: =IF(K18="X",(D18-C18),"0") -> 0 | L50: =IF(L18="X",(D18-C18),"0") -> 0 | M50: =IF(M18="X",(D18-C18),"0") -> 0 | N50: =IF(N18="X",(D18-C18),"0") -> 0 | O50: =IF(O18="X",(D18-C18),"0") -> 0 | P50: =IF(P18="X",(D18-C18),"0") -> 0 | Q50: =IF(Q18="X",(D18-C18),"0") -> 0 | R50: =IF(R18="X",(D18-C18),"0") -> 0 | S50: =IF(S18="X",(D18-C18),"0") -> 0 | T50: =IF(T18="X",(D18-C18),"0") -> 0
... E126: =IF(E94="X",(D94-C94),"0") -> 0 | F126: =IF(F94="X",(D94-C94),"0") -> 0 | G126: =IF(G94="X",(D94-C94),"0") -> 0 | H126: =IF(H94="X",(D94-C94),"0") -> 0 | I126: =IF(I94="X",(D94-C94),"0") -> 0 | J126: =IF(J94="X",(D94-C94),"0") -> 0 | K126: =IF(K94="X",(D94-C94),"0") -> 0 | L126: =IF(L94="X",(D94-C94),"0") -> 0 | M126: =IF(M94="X",(D94-C94),"0") -> 0 | N126: =IF(N94="X",(D94-C94),"0") -> 0 | O126: =IF(O94="X",(D94-C94),"0") -> 0 | P126: =IF(P94="X",(D94-C94),"0") -> 0 | Q126: =IF(Q94="X",(D94-C94),"0") -> 0 | R126: =IF(R94="X",(D94-C94),"0") -> 0 | S126: =IF(S94="X",(D94-C94),"0") -> 0 | T126: =IF(T94="X",(D94-C94),"0") -> 0
E127: =SUM(E39:E126) -> 27.89 | F127: =SUM(F39:F126) -> 5.81 | G127: =SUM(G39:G126) -> 9.3 | H127: =SUM(H39:H126) -> 0 | I127: =SUM(I39:I126) -> 0 | J127: =SUM(J39:J126) -> 43 | K127: =SUM(K39:K126) -> 0 | L127: =SUM(L39:L126) -> 0 | ... T127: =SUM(T39:T126) -> 0

Sheet 249
A1: PROGRAMA DE MANUTENÇÃORODOVIÁRIA
D2: RODOVIAS PAVIMENTADAS | I2: DATA: | J2: 46204 | N2: TÉCNICO RESP. | O2: ='247'!O2 -> ENG. THIAGO TORQUATO
A3: FICHA DE INSPEÇÃO: | B3: ='T.T.'!C7 -> RODOVIA TO-040 - TRECHO PORTO ALEGRE DO TOCANTINS - DIANÓPOLIS | O3: REGIÃO: | P3: 13
A5: S.R.E. | B5: SENTIDO | C5: INÍCIO (KM) | D5: FIM (KM) | E5: CONDIÇÃO DO PAVIMENTO | J5: VEGETAÇÃO | L5: ELEM. DE DRENAGEM | O5: SIN. HOR. | R5: SIN. VERTICAL | U5: OBSERV.
E6: BOM | F6: REM. I. | G6: REM. L | H6: BUR. I | I6: BUR. L | J6: ADEQ. | K6: INADED. | L6: LIMPOS | M6: SUJOS | N6: DAN. | O6: BOM | P6: REG. | Q6: INEXIST. | R6: BOM | S6: POUCAS | T6: INEXIST.
A7: 040ETO0170 | B7: D | C7: 0 | D7: 6 | G7: X | J7: X | L7: X | P7: X | S7: X
C8: =D7 -> 6 | D8: 12 | G8: X | J8: X | L8: X | P8: X | S8: X
C9: =D8 -> 12 | D9: 15.05 | G9: X | J9: X | L9: X | P9: X | S9: X
A10: 040ETO0180 | B10: D | C10: 0 | D10: 9 | G10: X | J10: X | L10: X | P10: X | S10: X
C11: 7 | D11: 11.21 | G11: X | J11: X | L11: X | P11: X | S11: X
A12: ACESSO | B12: C | C12: 0 | D12: 4.1 | E12: X | J12: X | L12: X | P12: X | S12: X
C13: =D12 -> 4.1 | D13: 7 | E13: X | J13: X | L13: X | P13: X | S13: X
C14: =D13 -> 7 | D14: 8.68 | E14: X | J14: X | L14: X | P14: X | S14: X
A37: LEGENDA | B37: CONDIÇÃO DO PAVIMENTO
A38: REM. I | B38: REMENDOS ISOLADOS | E38: ATÉ 10 REMENDOS/KM | I38: BUR. I | J38: BURACOS ISOLADOS | M38: ATÉ 5 BURACOS/KM
A39: REM. L | B39: REMENDOS AO LONGO | E39: MAIS DE 10 REMENDOS/KM | I39: BUR. L | J39: BURACOS AO LONGO | M39: MAIS DE 5 BURACOS/KM
E44: =IF(E7="X",(D7-C7),"0") -> 0 | F44: =IF(F7="X",(D7-C7),"0") -> 0 | G44: =IF(G7="X",(D7-C7),"0") -> 6 | H44: =IF(H7="X",(D7-C7),"0") -> 0 | I44: =IF(I7="X",(D7-C7),"0") -> 0 | J44: =IF(J7="X",(D7-C7),"0") -> 6 | K44: =IF(K7="X",(D7-C7),"0") -> 0 | L44: =IF(L7="X",(D7-C7),"0") -> 6 | M44: =IF(M7="X",(D7-C7),"0") -> 0 | N44: =IF(N7="X",(D7-C7),"0") -> 0 | O44: =IF(O7="X",(D7-C7),"0") -> 0 | P44: =IF(P7="X",(D7-C7),"0") -> 6 | Q44: =IF(Q7="X",(D7-C7),"0") -> 0 | R44: =IF(R7="X",(D7-C7),"0") -> 0 | S44: =IF(S7="X",(D7-C7),"0") -> 6 | T44: =IF(T7="X",(D7-C7),"0") -> 0
E45: =IF(E8="X",(D8-C8),"0") -> 0 | F45: =IF(F8="X",(D8-C8),"0") -> 0 | G45: =IF(G8="X",(D8-C8),"0") -> 6 | H45: =IF(H8="X",(D8-C8),"0") -> 0 | I45: =IF(I8="X",(D8-C8),"0") -> 0 | J45: =IF(J8="X",(D8-C8),"0") -> 6 | K45: =IF(K8="X",(D8-C8),"0") -> 0 | L45: =IF(L8="X",(D8-C8),"0") -> 6 | M45: =IF(M8="X",(D8-C8),"0") -> 0 | N45: =IF(N8="X",(D8-C8),"0") -> 0 | O45: =IF(O8="X",(D8-C8),"0") -> 0 | P45: =IF(P8="X",(D8-C8),"0") -> 6 | Q45: =IF(Q8="X",(D8-C8),"0") -> 0 | R45: =IF(R8="X",(D8-C8),"0") -> 0 | S45: =IF(S8="X",(D8-C8),"0") -> 6 | T45: =IF(T8="X",(D8-C8),"0") -> 0
E46: =IF(E9="X",(D9-C9),"0") -> 0 | F46: =IF(F9="X",(D9-C9),"0") -> 0 | G46: =IF(G9="X",(D9-C9),"0") -> 3.05 | H46: =IF(H9="X",(D9-C9),"0") -> 0 | I46: =IF(I9="X",(D9-C9),"0") -> 0 | J46: =IF(J9="X",(D9-C9),"0") -> 3.05 | K46: =IF(K9="X",(D9-C9),"0") -> 0 | L46: =IF(L9="X",(D9-C9),"0") -> 3.05 | M46: =IF(M9="X",(D9-C9),"0") -> 0 | N46: =IF(N9="X",(D9-C9),"0") -> 0 | O46: =IF(O9="X",(D9-C9),"0") -> 0 | P46: =IF(P9="X",(D9-C9),"0") -> 3.05 | Q46: =IF(Q9="X",(D9-C9),"0") -> 0 | R46: =IF(R9="X",(D9-C9),"0") -> 0 | S46: =IF(S9="X",(D9-C9),"0") -> 3.05 | T46: =IF(T9="X",(D9-C9),"0") -> 0
E47: =IF(E10="X",(D10-C10),"0") -> 0 | F47: =IF(F10="X",(D10-C10),"0") -> 0 | G47: =IF(G10="X",(D10-C10),"0") -> 9 | H47: =IF(H10="X",(D10-C10),"0") -> 0 | I47: =IF(I10="X",(D10-C10),"0") -> 0 | J47: =IF(J10="X",(D10-C10),"0") -> 9 | K47: =IF(K10="X",(D10-C10),"0") -> 0 | L47: =IF(L10="X",(D10-C10),"0") -> 9 | M47: =IF(M10="X",(D10-C10),"0") -> 0 | N47: =IF(N10="X",(D10-C10),"0") -> 0 | O47: =IF(O10="X",(D10-C10),"0") -> 0 | P47: =IF(P10="X",(D10-C10),"0") -> 9 | Q47: =IF(Q10="X",(D10-C10),"0") -> 0 | R47: =IF(R10="X",(D10-C10),"0") -> 0 | S47: =IF(S10="X",(D10-C10),"0") -> 9 | T47: =IF(T10="X",(D10-C10),"0") -> 0
E48: =IF(E11="X",(D11-C11),"0") -> 0 | F48: =IF(F11="X",(D11-C11),"0") -> 0 | G48: =IF(G11="X",(D11-C11),"0") -> 4.21 | H48: =IF(H11="X",(D11-C11),"0") -> 0 | I48: =IF(I11="X",(D11-C11),"0") -> 0 | J48: =IF(J11="X",(D11-C11),"0") -> 4.21 | K48: =IF(K11="X",(D11-C11),"0") -> 0 | L48: =IF(L11="X",(D11-C11),"0") -> 4.21 | M48: =IF(M11="X",(D11-C11),"0") -> 0 | N48: =IF(N11="X",(D11-C11),"0") -> 0 | O48: =IF(O11="X",(D11-C11),"0") -> 0 | P48: =IF(P11="X",(D11-C11),"0") -> 4.21 | Q48: =IF(Q11="X",(D11-C11),"0") -> 0 | R48: =IF(R11="X",(D11-C11),"0") -> 0 | S48: =IF(S11="X",(D11-C11),"0") -> 4.21 | T48: =IF(T11="X",(D11-C11),"0") -> 0
E49: =IF(E12="X",(D12-C12),"0") -> 4.1 | F49: =IF(F12="X",(D12-C12),"0") -> 0 | G49: =IF(G12="X",(D12-C12),"0") -> 0 | H49: =IF(H12="X",(D12-C12),"0") -> 0 | I49: =IF(I12="X",(D12-C12),"0") -> 0 | J49: =IF(J12="X",(D12-C12),"0") -> 4.1 | K49: =IF(K12="X",(D12-C12),"0") -> 0 | L49: =IF(L12="X",(D12-C12),"0") -> 4.1 | M49: =IF(M12="X",(D12-C12),"0") -> 0 | N49: =IF(N12="X",(D12-C12),"0") -> 0 | O49: =IF(O12="X",(D12-C12),"0") -> 0 | P49: =IF(P12="X",(D12-C12),"0") -> 4.1 | Q49: =IF(Q12="X",(D12-C12),"0") -> 0 | R49: =IF(R12="X",(D12-C12),"0") -> 0 | S49: =IF(S12="X",(D12-C12),"0") -> 4.1 | T49: =IF(T12="X",(D12-C12),"0") -> 0
E50: =IF(E13="X",(D13-C13),"0") -> 2.9 | F50: =IF(F13="X",(D13-C13),"0") -> 0 | G50: =IF(G13="X",(D13-C13),"0") -> 0 | H50: =IF(H13="X",(D13-C13),"0") -> 0 | I50: =IF(I13="X",(D13-C13),"0") -> 0 | J50: =IF(J13="X",(D13-C13),"0") -> 2.9 | K50: =IF(K13="X",(D13-C13),"0") -> 0 | L50: =IF(L13="X",(D13-C13),"0") -> 2.9 | M50: =IF(M13="X",(D13-C13),"0") -> 0 | N50: =IF(N13="X",(D13-C13),"0") -> 0 | O50: =IF(O13="X",(D13-C13),"0") -> 0 | P50: =IF(P13="X",(D13-C13),"0") -> 2.9 | Q50: =IF(Q13="X",(D13-C13),"0") -> 0 | R50: =IF(R13="X",(D13-C13),"0") -> 0 | S50: =IF(S13="X",(D13-C13),"0") -> 2.9 | T50: =IF(T13="X",(D13-C13),"0") -> 0
E51: =IF(E14="X",(D14-C14),"0") -> 1.68 | F51: =IF(F14="X",(D14-C14),"0") -> 0 | G51: =IF(G14="X",(D14-C14),"0") -> 0 | H51: =IF(H14="X",(D14-C14),"0") -> 0 | I51: =IF(I14="X",(D14-C14),"0") -> 0 | J51: =IF(J14="X",(D14-C14),"0") -> 1.68 | K51: =IF(K14="X",(D14-C14),"0") -> 0 | L51: =IF(L14="X",(D14-C14),"0") -> 1.68 | M51: =IF(M14="X",(D14-C14),"0") -> 0 | N51: =IF(N14="X",(D14-C14),"0") -> 0 | O51: =IF(O14="X",(D14-C14),"0") -> 0 | P51: =IF(P14="X",(D14-C14),"0") -> 1.68 | Q51: =IF(Q14="X",(D14-C14),"0") -> 0 | R51: =IF(R14="X",(D14-C14),"0") -> 0 | S51: =IF(S14="X",(D14-C14),"0") -> 1.68 | T51: =IF(T14="X",(D14-C14),"0") -> 0
E52: =IF(E15="X",(D15-C15),"0") -> 0 | F52: =IF(F15="X",(D15-C15),"0") -> 0 | G52: =IF(G15="X",(D15-C15),"0") -> 0 | H52: =IF(H15="X",(D15-C15),"0") -> 0 | I52: =IF(I15="X",(D15-C15),"0") -> 0 | J52: =IF(J15="X",(D15-C15),"0") -> 0 | K52: =IF(K15="X",(D15-C15),"0") -> 0 | L52: =IF(L15="X",(D15-C15),"0") -> 0 | M52: =IF(M15="X",(D15-C15),"0") -> 0 | N52: =IF(N15="X",(D15-C15),"0") -> 0 | O52: =IF(O15="X",(D15-C15),"0") -> 0 | P52: =IF(P15="X",(D15-C15),"0") -> 0 | Q52: =IF(Q15="X",(D15-C15),"0") -> 0 | R52: =IF(R15="X",(D15-C15),"0") -> 0 | S52: =IF(S15="X",(D15-C15),"0") -> 0 | T52: =IF(T15="X",(D15-C15),"0") -> 0
E53: =IF(E16="X",(D16-C16),"0") -> 0 | F53: =IF(F16="X",(D16-C16),"0") -> 0 | G53: =IF(G16="X",(D16-C16),"0") -> 0 | H53: =IF(H16="X",(D16-C16),"0") -> 0 | I53: =IF(I16="X",(D16-C16),"0") -> 0 | J53: =IF(J16="X",(D16-C16),"0") -> 0 | K53: =IF(K16="X",(D16-C16),"0") -> 0 | L53: =IF(L16="X",(D16-C16),"0") -> 0 | M53: =IF(M16="X",(D16-C16),"0") -> 0 | N53: =IF(N16="X",(D16-C16),"0") -> 0 | O53: =IF(O16="X",(D16-C16),"0") -> 0 | P53: =IF(P16="X",(D16-C16),"0") -> 0 | Q53: =IF(Q16="X",(D16-C16),"0") -> 0 | R53: =IF(R16="X",(D16-C16),"0") -> 0 | S53: =IF(S16="X",(D16-C16),"0") -> 0 | T53: =IF(T16="X",(D16-C16),"0") -> 0
E54: =IF(E17="X",(D17-C17),"0") -> 0 | F54: =IF(F17="X",(D17-C17),"0") -> 0 | G54: =IF(G17="X",(D17-C17),"0") -> 0 | H54: =IF(H17="X",(D17-C17),"0") -> 0 | I54: =IF(I17="X",(D17-C17),"0") -> 0 | J54: =IF(J17="X",(D17-C17),"0") -> 0 | K54: =IF(K17="X",(D17-C17),"0") -> 0 | L54: =IF(L17="X",(D17-C17),"0") -> 0 | M54: =IF(M17="X",(D17-C17),"0") -> 0 | N54: =IF(N17="X",(D17-C17),"0") -> 0 | O54: =IF(O17="X",(D17-C17),"0") -> 0 | P54: =IF(P17="X",(D17-C17),"0") -> 0 | Q54: =IF(Q17="X",(D17-C17),"0") -> 0 | R54: =IF(R17="X",(D17-C17),"0") -> 0 | S54: =IF(S17="X",(D17-C17),"0") -> 0 | T54: =IF(T17="X",(D17-C17),"0") -> 0
E55: =IF(E18="X",(D18-C18),"0") -> 0 | F55: =IF(F18="X",(D18-C18),"0") -> 0 | G55: =IF(G18="X",(D18-C18),"0") -> 0 | H55: =IF(H18="X",(D18-C18),"0") -> 0 | I55: =IF(I18="X",(D18-C18),"0") -> 0 | J55: =IF(J18="X",(D18-C18),"0") -> 0 | K55: =IF(K18="X",(D18-C18),"0") -> 0 | L55: =IF(L18="X",(D18-C18),"0") -> 0 | M55: =IF(M18="X",(D18-C18),"0") -> 0 | N55: =IF(N18="X",(D18-C18),"0") -> 0 | O55: =IF(O18="X",(D18-C18),"0") -> 0 | P55: =IF(P18="X",(D18-C18),"0") -> 0 | Q55: =IF(Q18="X",(D18-C18),"0") -> 0 | R55: =IF(R18="X",(D18-C18),"0") -> 0 | S55: =IF(S18="X",(D18-C18),"0") -> 0 | T55: =IF(T18="X",(D18-C18),"0") -> 0
... E131: =IF(E94="X",(D94-C94),"0") -> 0 | F131: =IF(F94="X",(D94-C94),"0") -> 0 | G131: =IF(G94="X",(D94-C94),"0") -> 0 | H131: =IF(H94="X",(D94-C94),"0") -> 0 | I131: =IF(I94="X",(D94-C94),"0") -> 0 | J131: =IF(J94="X",(D94-C94),"0") -> 0 | K131: =IF(K94="X",(D94-C94),"0") -> 0 | L131: =IF(L94="X",(D94-C94),"0") -> 0 | M131: =IF(M94="X",(D94-C94),"0") -> 0 | N131: =IF(N94="X",(D94-C94),"0") -> 0 | O131: =IF(O94="X",(D94-C94),"0") -> 0 | P131: =IF(P94="X",(D94-C94),"0") -> 0 | Q131: =IF(Q94="X",(D94-C94),"0") -> 0 | R131: =IF(R94="X",(D94-C94),"0") -> 0 | S131: =IF(S94="X",(D94-C94),"0") -> 0 | T131: =IF(T94="X",(D94-C94),"0") -> 0
E132: =SUM(E44:E131) -> 8.68 | F132: =SUM(F44:F131) -> 0 | G132: =SUM(G44:G131) -> 28.26 | H132: =SUM(H44:H131) -> 0 | I132: =SUM(I44:I131) -> 0 | J132: =SUM(J44:J131) -> 36.94 | K132: =SUM(K44:K131) -> 0 | L132: =SUM(L44:L131) -> 36.94 | ... T132: =SUM(T44:T131) -> 0

Sheet 250
A1: PROGRAMA DE MANUTENÇÃORODOVIÁRIA
D2: RODOVIAS PAVIMENTADAS | I2: DATA: | J2: 46204 | N2: TÉCNICO RESP. | O2: ='247'!O2 -> ENG. THIAGO TORQUATO
A3: FICHA DE INSPEÇÃO: | B3: ='T.T.'!C8 -> RODOVIA TO-050 - TRECHO ARRAIAS - DIVISA TO-GO | O3: REGIÃO: | P3: 13
A5: S.R.E. | B5: SENTIDO | C5: INÍCIO (KM) | D5: FIM (KM) | E5: CONDIÇÃO DO PAVIMENTO | J5: VEGETAÇÃO | L5: ELEM. DE DRENAGEM | O5: SIN. HOR. | R5: SIN. VERTICAL | U5: OBSERV.
E6: BOM | F6: REM. I. | G6: REM. L | H6: BUR. I | I6: BUR. L | J6: ADEQ. | K6: INADED. | L6: LIMPOS | M6: SUJOS | N6: DAN. | O6: BOM | P6: REG. | Q6: INEXIST. | R6: BOM | S6: POUCAS | T6: INEXIST.
A7: 050ETO0270 | B7: C | C7: 0 | D7: 4.98 | F7: X | J7: X | M7: X | P7: X | R7: X
A8: 050ETO0280 | B8: C | C8: 0 | D8: 1.86 | E8: X | J8: X | M8: X | P8: X | R8: X
A9: 050ETO0290 | B9: c | C9: 0 | D9: 8.5 | F9: X | J9: X | M9: X | P9: X | R9: X
A32: LEGENDA | B32: CONDIÇÃO DO PAVIMENTO
A33: REM. I | B33: REMENDOS ISOLADOS | E33: ATÉ 10 REMENDOS/KM | I33: BUR. I | J33: BURACOS ISOLADOS | M33: ATÉ 5 BURACOS/KM
A34: REM. L | B34: REMENDOS AO LONGO | E34: MAIS DE 10 REMENDOS/KM | I34: BUR. L | J34: BURACOS AO LONGO | M34: MAIS DE 5 BURACOS/KM
E39: =IF(E7="X",(D7-C7),"0") -> 0 | F39: =IF(F7="X",(D7-C7),"0") -> 4.98 | G39: =IF(G7="X",(D7-C7),"0") -> 0 | H39: =IF(H7="X",(D7-C7),"0") -> 0 | I39: =IF(I7="X",(D7-C7),"0") -> 0 | J39: =IF(J7="X",(D7-C7),"0") -> 4.98 | K39: =IF(K7="X",(D7-C7),"0") -> 0 | L39: =IF(L7="X",(D7-C7),"0") -> 0 | M39: =IF(M7="X",(D7-C7),"0") -> 4.98 | N39: =IF(N7="X",(D7-C7),"0") -> 0 | O39: =IF(O7="X",(D7-C7),"0") -> 0 | P39: =IF(P7="X",(D7-C7),"0") -> 4.98 | Q39: =IF(Q7="X",(D7-C7),"0") -> 0 | R39: =IF(R7="X",(D7-C7),"0") -> 4.98 | S39: =IF(S7="X",(D7-C7),"0") -> 0 | T39: =IF(T7="X",(D7-C7),"0") -> 0
E40: =IF(E8="X",(D8-C8),"0") -> 1.86 | F40: =IF(F8="X",(D8-C8),"0") -> 0 | G40: =IF(G8="X",(D8-C8),"0") -> 0 | H40: =IF(H8="X",(D8-C8),"0") -> 0 | I40: =IF(I8="X",(D8-C8),"0") -> 0 | J40: =IF(J8="X",(D8-C8),"0") -> 1.86 | K40: =IF(K8="X",(D8-C8),"0") -> 0 | L40: =IF(L8="X",(D8-C8),"0") -> 0 | M40: =IF(M8="X",(D8-C8),"0") -> 1.86 | N40: =IF(N8="X",(D8-C8),"0") -> 0 | O40: =IF(O8="X",(D8-C8),"0") -> 0 | P40: =IF(P8="X",(D8-C8),"0") -> 1.86 | Q40: =IF(Q8="X",(D8-C8),"0") -> 0 | R40: =IF(R8="X",(D8-C8),"0") -> 1.86 | S40: =IF(S8="X",(D8-C8),"0") -> 0 | T40: =IF(T8="X",(D8-C8),"0") -> 0
E41: =IF(E9="X",(D9-C9),"0") -> 0 | F41: =IF(F9="X",(D9-C9),"0") -> 8.5 | G41: =IF(G9="X",(D9-C9),"0") -> 0 | H41: =IF(H9="X",(D9-C9),"0") -> 0 | I41: =IF(I9="X",(D9-C9),"0") -> 0 | J41: =IF(J9="X",(D9-C9),"0") -> 8.5 | K41: =IF(K9="X",(D9-C9),"0") -> 0 | L41: =IF(L9="X",(D9-C9),"0") -> 0 | M41: =IF(M9="X",(D9-C9),"0") -> 8.5 | N41: =IF(N9="X",(D9-C9),"0") -> 0 | O41: =IF(O9="X",(D9-C9),"0") -> 0 | P41: =IF(P9="X",(D9-C9),"0") -> 8.5 | Q41: =IF(Q9="X",(D9-C9),"0") -> 0 | R41: =IF(R9="X",(D9-C9),"0") -> 8.5 | S41: =IF(S9="X",(D9-C9),"0") -> 0 | T41: =IF(T9="X",(D9-C9),"0") -> 0
E42: =IF(E10="X",(D10-C10),"0") -> 0 | F42: =IF(F10="X",(D10-C10),"0") -> 0 | G42: =IF(G10="X",(D10-C10),"0") -> 0 | H42: =IF(H10="X",(D10-C10),"0") -> 0 | I42: =IF(I10="X",(D10-C10),"0") -> 0 | J42: =IF(J10="X",(D10-C10),"0") -> 0 | K42: =IF(K10="X",(D10-C10),"0") -> 0 | L42: =IF(L10="X",(D10-C10),"0") -> 0 | M42: =IF(M10="X",(D10-C10),"0") -> 0 | N42: =IF(N10="X",(D10-C10),"0") -> 0 | O42: =IF(O10="X",(D10-C10),"0") -> 0 | P42: =IF(P10="X",(D10-C10),"0") -> 0 | Q42: =IF(Q10="X",(D10-C10),"0") -> 0 | R42: =IF(R10="X",(D10-C10),"0") -> 0 | S42: =IF(S10="X",(D10-C10),"0") -> 0 | T42: =IF(T10="X",(D10-C10),"0") -> 0
E43: =IF(E11="X",(D11-C11),"0") -> 0 | F43: =IF(F11="X",(D11-C11),"0") -> 0 | G43: =IF(G11="X",(D11-C11),"0") -> 0 | H43: =IF(H11="X",(D11-C11),"0") -> 0 | I43: =IF(I11="X",(D11-C11),"0") -> 0 | J43: =IF(J11="X",(D11-C11),"0") -> 0 | K43: =IF(K11="X",(D11-C11),"0") -> 0 | L43: =IF(L11="X",(D11-C11),"0") -> 0 | M43: =IF(M11="X",(D11-C11),"0") -> 0 | N43: =IF(N11="X",(D11-C11),"0") -> 0 | O43: =IF(O11="X",(D11-C11),"0") -> 0 | P43: =IF(P11="X",(D11-C11),"0") -> 0 | Q43: =IF(Q11="X",(D11-C11),"0") -> 0 | R43: =IF(R11="X",(D11-C11),"0") -> 0 | S43: =IF(S11="X",(D11-C11),"0") -> 0 | T43: =IF(T11="X",(D11-C11),"0") -> 0
E44: =IF(E12="X",(D12-C12),"0") -> 0 | F44: =IF(F12="X",(D12-C12),"0") -> 0 | G44: =IF(G12="X",(D12-C12),"0") -> 0 | H44: =IF(H12="X",(D12-C12),"0") -> 0 | I44: =IF(I12="X",(D12-C12),"0") -> 0 | J44: =IF(J12="X",(D12-C12),"0") -> 0 | K44: =IF(K12="X",(D12-C12),"0") -> 0 | L44: =IF(L12="X",(D12-C12),"0") -> 0 | M44: =IF(M12="X",(D12-C12),"0") -> 0 | N44: =IF(N12="X",(D12-C12),"0") -> 0 | O44: =IF(O12="X",(D12-C12),"0") -> 0 | P44: =IF(P12="X",(D12-C12),"0") -> 0 | Q44: =IF(Q12="X",(D12-C12),"0") -> 0 | R44: =IF(R12="X",(D12-C12),"0") -> 0 | S44: =IF(S12="X",(D12-C12),"0") -> 0 | T44: =IF(T12="X",(D12-C12),"0") -> 0
E45: =IF(E13="X",(D13-C13),"0") -> 0 | F45: =IF(F13="X",(D13-C13),"0") -> 0 | G45: =IF(G13="X",(D13-C13),"0") -> 0 | H45: =IF(H13="X",(D13-C13),"0") -> 0 | I45: =IF(I13="X",(D13-C13),"0") -> 0 | J45: =IF(J13="X",(D13-C13),"0") -> 0 | K45: =IF(K13="X",(D13-C13),"0") -> 0 | L45: =IF(L13="X",(D13-C13),"0") -> 0 | M45: =IF(M13="X",(D13-C13),"0") -> 0 | N45: =IF(N13="X",(D13-C13),"0") -> 0 | O45: =IF(O13="X",(D13-C13),"0") -> 0 | P45: =IF(P13="X",(D13-C13),"0") -> 0 | Q45: =IF(Q13="X",(D13-C13),"0") -> 0 | R45: =IF(R13="X",(D13-C13),"0") -> 0 | S45: =IF(S13="X",(D13-C13),"0") -> 0 | T45: =IF(T13="X",(D13-C13),"0") -> 0
E46: =IF(E14="X",(D14-C14),"0") -> 0 | F46: =IF(F14="X",(D14-C14),"0") -> 0 | G46: =IF(G14="X",(D14-C14),"0") -> 0 | H46: =IF(H14="X",(D14-C14),"0") -> 0 | I46: =IF(I14="X",(D14-C14),"0") -> 0 | J46: =IF(J14="X",(D14-C14),"0") -> 0 | K46: =IF(K14="X",(D14-C14),"0") -> 0 | L46: =IF(L14="X",(D14-C14),"0") -> 0 | M46: =IF(M14="X",(D14-C14),"0") -> 0 | N46: =IF(N14="X",(D14-C14),"0") -> 0 | O46: =IF(O14="X",(D14-C14),"0") -> 0 | P46: =IF(P14="X",(D14-C14),"0") -> 0 | Q46: =IF(Q14="X",(D14-C14),"0") -> 0 | R46: =IF(R14="X",(D14-C14),"0") -> 0 | S46: =IF(S14="X",(D14-C14),"0") -> 0 | T46: =IF(T14="X",(D14-C14),"0") -> 0
E47: =IF(E15="X",(D15-C15),"0") -> 0 | F47: =IF(F15="X",(D15-C15),"0") -> 0 | G47: =IF(G15="X",(D15-C15),"0") -> 0 | H47: =IF(H15="X",(D15-C15),"0") -> 0 | I47: =IF(I15="X",(D15-C15),"0") -> 0 | J47: =IF(J15="X",(D15-C15),"0") -> 0 | K47: =IF(K15="X",(D15-C15),"0") -> 0 | L47: =IF(L15="X",(D15-C15),"0") -> 0 | M47: =IF(M15="X",(D15-C15),"0") -> 0 | N47: =IF(N15="X",(D15-C15),"0") -> 0 | O47: =IF(O15="X",(D15-C15),"0") -> 0 | P47: =IF(P15="X",(D15-C15),"0") -> 0 | Q47: =IF(Q15="X",(D15-C15),"0") -> 0 | R47: =IF(R15="X",(D15-C15),"0") -> 0 | S47: =IF(S15="X",(D15-C15),"0") -> 0 | T47: =IF(T15="X",(D15-C15),"0") -> 0
E48: =IF(E16="X",(D16-C16),"0") -> 0 | F48: =IF(F16="X",(D16-C16),"0") -> 0 | G48: =IF(G16="X",(D16-C16),"0") -> 0 | H48: =IF(H16="X",(D16-C16),"0") -> 0 | I48: =IF(I16="X",(D16-C16),"0") -> 0 | J48: =IF(J16="X",(D16-C16),"0") -> 0 | K48: =IF(K16="X",(D16-C16),"0") -> 0 | L48: =IF(L16="X",(D16-C16),"0") -> 0 | M48: =IF(M16="X",(D16-C16),"0") -> 0 | N48: =IF(N16="X",(D16-C16),"0") -> 0 | O48: =IF(O16="X",(D16-C16),"0") -> 0 | P48: =IF(P16="X",(D16-C16),"0") -> 0 | Q48: =IF(Q16="X",(D16-C16),"0") -> 0 | R48: =IF(R16="X",(D16-C16),"0") -> 0 | S48: =IF(S16="X",(D16-C16),"0") -> 0 | T48: =IF(T16="X",(D16-C16),"0") -> 0
E49: =IF(E17="X",(D17-C17),"0") -> 0 | F49: =IF(F17="X",(D17-C17),"0") -> 0 | G49: =IF(G17="X",(D17-C17),"0") -> 0 | H49: =IF(H17="X",(D17-C17),"0") -> 0 | I49: =IF(I17="X",(D17-C17),"0") -> 0 | J49: =IF(J17="X",(D17-C17),"0") -> 0 | K49: =IF(K17="X",(D17-C17),"0") -> 0 | L49: =IF(L17="X",(D17-C17),"0") -> 0 | M49: =IF(M17="X",(D17-C17),"0") -> 0 | N49: =IF(N17="X",(D17-C17),"0") -> 0 | O49: =IF(O17="X",(D17-C17),"0") -> 0 | P49: =IF(P17="X",(D17-C17),"0") -> 0 | Q49: =IF(Q17="X",(D17-C17),"0") -> 0 | R49: =IF(R17="X",(D17-C17),"0") -> 0 | S49: =IF(S17="X",(D17-C17),"0") -> 0 | T49: =IF(T17="X",(D17-C17),"0") -> 0
E50: =IF(E18="X",(D18-C18),"0") -> 0 | F50: =IF(F18="X",(D18-C18),"0") -> 0 | G50: =IF(G18="X",(D18-C18),"0") -> 0 | H50: =IF(H18="X",(D18-C18),"0") -> 0 | I50: =IF(I18="X",(D18-C18),"0") -> 0 | J50: =IF(J18="X",(D18-C18),"0") -> 0 | K50: =IF(K18="X",(D18-C18),"0") -> 0 | L50: =IF(L18="X",(D18-C18),"0") -> 0 | M50: =IF(M18="X",(D18-C18),"0") -> 0 | N50: =IF(N18="X",(D18-C18),"0") -> 0 | O50: =IF(O18="X",(D18-C18),"0") -> 0 | P50: =IF(P18="X",(D18-C18),"0") -> 0 | Q50: =IF(Q18="X",(D18-C18),"0") -> 0 | R50: =IF(R18="X",(D18-C18),"0") -> 0 | S50: =IF(S18="X",(D18-C18),"0") -> 0 | T50: =IF(T18="X",(D18-C18),"0") -> 0
... E126: =IF(E94="X",(D94-C94),"0") -> 0 | F126: =IF(F94="X",(D94-C94),"0") -> 0 | G126: =IF(G94="X",(D94-C94),"0") -> 0 | H126: =IF(H94="X",(D94-C94),"0") -> 0 | I126: =IF(I94="X",(D94-C94),"0") -> 0 | J126: =IF(J94="X",(D94-C94),"0") -> 0 | K126: =IF(K94="X",(D94-C94),"0") -> 0 | L126: =IF(L94="X",(D94-C94),"0") -> 0 | M126: =IF(M94="X",(D94-C94),"0") -> 0 | N126: =IF(N94="X",(D94-C94),"0") -> 0 | O126: =IF(O94="X",(D94-C94),"0") -> 0 | P126: =IF(P94="X",(D94-C94),"0") -> 0 | Q126: =IF(Q94="X",(D94-C94),"0") -> 0 | R126: =IF(R94="X",(D94-C94),"0") -> 0 | S126: =IF(S94="X",(D94-C94),"0") -> 0 | T126: =IF(T94="X",(D94-C94),"0") -> 0
E127: =SUM(E39:E126) -> 1.86 | F127: =SUM(F39:F126) -> 13.48 | G127: =SUM(G39:G126) -> 0 | H127: =SUM(H39:H126) -> 0 | I127: =SUM(I39:I126) -> 0 | J127: =SUM(J39:J126) -> 15.34 | K127: =SUM(K39:K126) -> 0 | L127: =SUM(L39:L126) -> 0 | ... T127: =SUM(T39:T126) -> 0

Sheet 251
A1: PROGRAMA DE MANUTENÇÃORODOVIÁRIA
D2: RODOVIAS PAVIMENTADAS | I2: DATA: | J2: 46204 | N2: TÉCNICO RESP. | O2: ='247'!O2 -> ENG. THIAGO TORQUATO
A3: FICHA DE INSPEÇÃO: | B3: ='T.T.'!C9 -> RODOVIA TO-050 - TRECHO CONCEIÇÃO DO TOCANTINS - ARRAIAS | O3: REGIÃO: | P3: 13
A5: S.R.E. | B5: SENTIDO | C5: INÍCIO (KM) | D5: FIM (KM) | E5: CONDIÇÃO DO PAVIMENTO | J5: VEGETAÇÃO | L5: ELEM. DE DRENAGEM | O5: SIN. HOR. | R5: SIN. VERTICAL | U5: OBSERV.
E6: BOM | F6: REM. I. | G6: REM. L | H6: BUR. I | I6: BUR. L | J6: ADEQ. | K6: INADED. | L6: LIMPOS | M6: SUJOS | N6: DAN. | O6: BOM | P6: REG. | Q6: INEXIST. | R6: BOM | S6: POUCAS | T6: INEXIST.
A7: 050ETO0230 | B7: C | C7: 0 | D7: 10 | E7: X | J7: X | M7: X | P7: X | S7: X | U7: 33,95 km
C8: 10 | D8: 11 | F8: X | J8: X | M8: X | P8: X | S8: X
C9: 11 | D9: 19 | E9: X | J9: X | M9: X | P9: X | S9: X
C10: 19 | D10: 20 | G10: X | J10: X | M10: X | P10: X | S10: X
C11: 20 | D11: 30 | E11: X | J11: X | M11: X | P11: X | S11: X
C12: 30 | D12: 33.95 | F12: X | J12: X | M12: X | P12: X | S12: X
A13: 050ETO0240 | B13: C | C13: 0 | D13: 15 | E13: X | J13: X | M13: X | P13: X | S13: X | U13: 47,95 km
C14: 15 | D14: 23 | F14: X | J14: X | N14: X | P14: X | S14: X
C15: 23 | D15: 26 | E15: X | J15: X | M15: X | P15: X | S15: X
C16: 26 | D16: 42 | G16: X | J16: X | M16: X | P16: X | S16: X
C17: 42 | D17: 47.95 | F17: X | J17: X | M17: X | P17: X | S17: X
A18: 050ETO0250 | B18: C | C18: 0 | D18: 3 | E18: X | J18: X | M18: X | P18: X | S18: X
C19: 3 | D19: 5 | F19: X | J19: X | M19: X | P19: X | S19: X
C20: 5 | D20: 7 | E20: X | J20: X | M20: X | P20: X | S20: X
C21: 7 | D21: 10 | G21: X | J21: X | M21: X | P21: X | S21: X
C22: 10 | D22: 15 | E22: X | J22: X | M22: X | P22: X | S22: X
C23: 15 | D23: 18.96 | F23: X | J23: X | M23: X | P23: X | S23: X
A24: 050ETO0260 | B24: C | C24: 0 | D24: 3.65 | E24: X | J24: X | L24: X | P24: X | R24: X | U24: 3,65 km
A32: LEGENDA | B32: CONDIÇÃO DO PAVIMENTO
A33: REM. I | B33: REMENDOS ISOLADOS | E33: ATÉ 10 REMENDOS/KM | I33: BUR. I | J33: BURACOS ISOLADOS | M33: ATÉ 5 BURACOS/KM
A34: REM. L | B34: REMENDOS AO LONGO | E34: MAIS DE 10 REMENDOS/KM | I34: BUR. L | J34: BURACOS AO LONGO | M34: MAIS DE 5 BURACOS/KM
E39: =IF(E7="X",(D7-C7),"0") -> 10 | F39: =IF(F7="X",(D7-C7),"0") -> 0 | G39: =IF(G7="X",(D7-C7),"0") -> 0 | H39: =IF(H7="X",(D7-C7),"0") -> 0 | I39: =IF(I7="X",(D7-C7),"0") -> 0 | J39: =IF(J7="X",(D7-C7),"0") -> 10 | K39: =IF(K7="X",(D7-C7),"0") -> 0 | L39: =IF(L7="X",(D7-C7),"0") -> 0 | M39: =IF(M7="X",(D7-C7),"0") -> 10 | N39: =IF(N7="X",(D7-C7),"0") -> 0 | O39: =IF(O7="X",(D7-C7),"0") -> 0 | P39: =IF(P7="X",(D7-C7),"0") -> 10 | Q39: =IF(Q7="X",(D7-C7),"0") -> 0 | R39: =IF(R7="X",(D7-C7),"0") -> 0 | S39: =IF(S7="X",(D7-C7),"0") -> 10 | T39: =IF(T7="X",(D7-C7),"0") -> 0
E40: =IF(E8="X",(D8-C8),"0") -> 0 | F40: =IF(F8="X",(D8-C8),"0") -> 1 | G40: =IF(G8="X",(D8-C8),"0") -> 0 | H40: =IF(H8="X",(D8-C8),"0") -> 0 | I40: =IF(I8="X",(D8-C8),"0") -> 0 | J40: =IF(J8="X",(D8-C8),"0") -> 1 | K40: =IF(K8="X",(D8-C8),"0") -> 0 | L40: =IF(L8="X",(D8-C8),"0") -> 0 | M40: =IF(M8="X",(D8-C8),"0") -> 1 | N40: =IF(N8="X",(D8-C8),"0") -> 0 | O40: =IF(O8="X",(D8-C8),"0") -> 0 | P40: =IF(P8="X",(D8-C8),"0") -> 1 | Q40: =IF(Q8="X",(D8-C8),"0") -> 0 | R40: =IF(R8="X",(D8-C8),"0") -> 0 | S40: =IF(S8="X",(D8-C8),"0") -> 1 | T40: =IF(T8="X",(D8-C8),"0") -> 0
E41: =IF(E9="X",(D9-C9),"0") -> 8 | F41: =IF(F9="X",(D9-C9),"0") -> 0 | G41: =IF(G9="X",(D9-C9),"0") -> 0 | H41: =IF(H9="X",(D9-C9),"0") -> 0 | I41: =IF(I9="X",(D9-C9),"0") -> 0 | J41: =IF(J9="X",(D9-C9),"0") -> 8 | K41: =IF(K9="X",(D9-C9),"0") -> 0 | L41: =IF(L9="X",(D9-C9),"0") -> 0 | M41: =IF(M9="X",(D9-C9),"0") -> 8 | N41: =IF(N9="X",(D9-C9),"0") -> 0 | O41: =IF(O9="X",(D9-C9),"0") -> 0 | P41: =IF(P9="X",(D9-C9),"0") -> 8 | Q41: =IF(Q9="X",(D9-C9),"0") -> 0 | R41: =IF(R9="X",(D9-C9),"0") -> 0 | S41: =IF(S9="X",(D9-C9),"0") -> 8 | T41: =IF(T9="X",(D9-C9),"0") -> 0
E42: =IF(E10="X",(D10-C10),"0") -> 0 | F42: =IF(F10="X",(D10-C10),"0") -> 0 | G42: =IF(G10="X",(D10-C10),"0") -> 1 | H42: =IF(H10="X",(D10-C10),"0") -> 0 | I42: =IF(I10="X",(D10-C10),"0") -> 0 | J42: =IF(J10="X",(D10-C10),"0") -> 1 | K42: =IF(K10="X",(D10-C10),"0") -> 0 | L42: =IF(L10="X",(D10-C10),"0") -> 0 | M42: =IF(M10="X",(D10-C10),"0") -> 1 | N42: =IF(N10="X",(D10-C10),"0") -> 0 | O42: =IF(O10="X",(D10-C10),"0") -> 0 | P42: =IF(P10="X",(D10-C10),"0") -> 1 | Q42: =IF(Q10="X",(D10-C10),"0") -> 0 | R42: =IF(R10="X",(D10-C10),"0") -> 0 | S42: =IF(S10="X",(D10-C10),"0") -> 1 | T42: =IF(T10="X",(D10-C10),"0") -> 0
E43: =IF(E11="X",(D11-C11),"0") -> 10 | F43: =IF(F11="X",(D11-C11),"0") -> 0 | G43: =IF(G11="X",(D11-C11),"0") -> 0 | H43: =IF(H11="X",(D11-C11),"0") -> 0 | I43: =IF(I11="X",(D11-C11),"0") -> 0 | J43: =IF(J11="X",(D11-C11),"0") -> 10 | K43: =IF(K11="X",(D11-C11),"0") -> 0 | L43: =IF(L11="X",(D11-C11),"0") -> 0 | M43: =IF(M11="X",(D11-C11),"0") -> 10 | N43: =IF(N11="X",(D11-C11),"0") -> 0 | O43: =IF(O11="X",(D11-C11),"0") -> 0 | P43: =IF(P11="X",(D11-C11),"0") -> 10 | Q43: =IF(Q11="X",(D11-C11),"0") -> 0 | R43: =IF(R11="X",(D11-C11),"0") -> 0 | S43: =IF(S11="X",(D11-C11),"0") -> 10 | T43: =IF(T11="X",(D11-C11),"0") -> 0
E44: =IF(E12="X",(D12-C12),"0") -> 0 | F44: =IF(F12="X",(D12-C12),"0") -> 3.95 | G44: =IF(G12="X",(D12-C12),"0") -> 0 | H44: =IF(H12="X",(D12-C12),"0") -> 0 | I44: =IF(I12="X",(D12-C12),"0") -> 0 | J44: =IF(J12="X",(D12-C12),"0") -> 3.95 | K44: =IF(K12="X",(D12-C12),"0") -> 0 | L44: =IF(L12="X",(D12-C12),"0") -> 0 | M44: =IF(M12="X",(D12-C12),"0") -> 3.95 | N44: =IF(N12="X",(D12-C12),"0") -> 0 | O44: =IF(O12="X",(D12-C12),"0") -> 0 | P44: =IF(P12="X",(D12-C12),"0") -> 3.95 | Q44: =IF(Q12="X",(D12-C12),"0") -> 0 | R44: =IF(R12="X",(D12-C12),"0") -> 0 | S44: =IF(S12="X",(D12-C12),"0") -> 3.95 | T44: =IF(T12="X",(D12-C12),"0") -> 0
E45: =IF(E13="X",(D13-C13),"0") -> 15 | F45: =IF(F13="X",(D13-C13),"0") -> 0 | G45: =IF(G13="X",(D13-C13),"0") -> 0 | H45: =IF(H13="X",(D13-C13),"0") -> 0 | I45: =IF(I13="X",(D13-C13),"0") -> 0 | J45: =IF(J13="X",(D13-C13),"0") -> 15 | K45: =IF(K13="X",(D13-C13),"0") -> 0 | L45: =IF(L13="X",(D13-C13),"0") -> 0 | M45: =IF(M13="X",(D13-C13),"0") -> 15 | N45: =IF(N13="X",(D13-C13),"0") -> 0 | O45: =IF(O13="X",(D13-C13),"0") -> 0 | P45: =IF(P13="X",(D13-C13),"0") -> 15 | Q45: =IF(Q13="X",(D13-C13),"0") -> 0 | R45: =IF(R13="X",(D13-C13),"0") -> 0 | S45: =IF(S13="X",(D13-C13),"0") -> 15 | T45: =IF(T13="X",(D13-C13),"0") -> 0
E46: =IF(E14="X",(D14-C14),"0") -> 0 | F46: =IF(F14="X",(D14-C14),"0") -> 8 | G46: =IF(G14="X",(D14-C14),"0") -> 0 | H46: =IF(H14="X",(D14-C14),"0") -> 0 | I46: =IF(I14="X",(D14-C14),"0") -> 0 | J46: =IF(J14="X",(D14-C14),"0") -> 8 | K46: =IF(K14="X",(D14-C14),"0") -> 0 | L46: =IF(L14="X",(D14-C14),"0") -> 0 | M46: =IF(M14="X",(D14-C14),"0") -> 0 | N46: =IF(N14="X",(D14-C14),"0") -> 8 | O46: =IF(O14="X",(D14-C14),"0") -> 0 | P46: =IF(P14="X",(D14-C14),"0") -> 8 | Q46: =IF(Q14="X",(D14-C14),"0") -> 0 | R46: =IF(R14="X",(D14-C14),"0") -> 0 | S46: =IF(S14="X",(D14-C14),"0") -> 8 | T46: =IF(T14="X",(D14-C14),"0") -> 0
E47: =IF(E15="X",(D15-C15),"0") -> 3 | F47: =IF(F15="X",(D15-C15),"0") -> 0 | G47: =IF(G15="X",(D15-C15),"0") -> 0 | H47: =IF(H15="X",(D15-C15),"0") -> 0 | I47: =IF(I15="X",(D15-C15),"0") -> 0 | J47: =IF(J15="X",(D15-C15),"0") -> 3 | K47: =IF(K15="X",(D15-C15),"0") -> 0 | L47: =IF(L15="X",(D15-C15),"0") -> 0 | M47: =IF(M15="X",(D15-C15),"0") -> 3 | N47: =IF(N15="X",(D15-C15),"0") -> 0 | O47: =IF(O15="X",(D15-C15),"0") -> 0 | P47: =IF(P15="X",(D15-C15),"0") -> 3 | Q47: =IF(Q15="X",(D15-C15),"0") -> 0 | R47: =IF(R15="X",(D15-C15),"0") -> 0 | S47: =IF(S15="X",(D15-C15),"0") -> 3 | T47: =IF(T15="X",(D15-C15),"0") -> 0
E48: =IF(E16="X",(D16-C16),"0") -> 0 | F48: =IF(F16="X",(D16-C16),"0") -> 0 | G48: =IF(G16="X",(D16-C16),"0") -> 16 | H48: =IF(H16="X",(D16-C16),"0") -> 0 | I48: =IF(I16="X",(D16-C16),"0") -> 0 | J48: =IF(J16="X",(D16-C16),"0") -> 16 | K48: =IF(K16="X",(D16-C16),"0") -> 0 | L48: =IF(L16="X",(D16-C16),"0") -> 0 | M48: =IF(M16="X",(D16-C16),"0") -> 16 | N48: =IF(N16="X",(D16-C16),"0") -> 0 | O48: =IF(O16="X",(D16-C16),"0") -> 0 | P48: =IF(P16="X",(D16-C16),"0") -> 16 | Q48: =IF(Q16="X",(D16-C16),"0") -> 0 | R48: =IF(R16="X",(D16-C16),"0") -> 0 | S48: =IF(S16="X",(D16-C16),"0") -> 16 | T48: =IF(T16="X",(D16-C16),"0") -> 0
E49: =IF(E17="X",(D17-C17),"0") -> 0 | F49: =IF(F17="X",(D17-C17),"0") -> 5.95 | G49: =IF(G17="X",(D17-C17),"0") -> 0 | H49: =IF(H17="X",(D17-C17),"0") -> 0 | I49: =IF(I17="X",(D17-C17),"0") -> 0 | J49: =IF(J17="X",(D17-C17),"0") -> 5.95 | K49: =IF(K17="X",(D17-C17),"0") -> 0 | L49: =IF(L17="X",(D17-C17),"0") -> 0 | M49: =IF(M17="X",(D17-C17),"0") -> 5.95 | N49: =IF(N17="X",(D17-C17),"0") -> 0 | O49: =IF(O17="X",(D17-C17),"0") -> 0 | P49: =IF(P17="X",(D17-C17),"0") -> 5.95 | Q49: =IF(Q17="X",(D17-C17),"0") -> 0 | R49: =IF(R17="X",(D17-C17),"0") -> 0 | S49: =IF(S17="X",(D17-C17),"0") -> 5.95 | T49: =IF(T17="X",(D17-C17),"0") -> 0
E50: =IF(E18="X",(D18-C18),"0") -> 3 | F50: =IF(F18="X",(D18-C18),"0") -> 0 | G50: =IF(G18="X",(D18-C18),"0") -> 0 | H50: =IF(H18="X",(D18-C18),"0") -> 0 | I50: =IF(I18="X",(D18-C18),"0") -> 0 | J50: =IF(J18="X",(D18-C18),"0") -> 3 | K50: =IF(K18="X",(D18-C18),"0") -> 0 | L50: =IF(L18="X",(D18-C18),"0") -> 0 | M50: =IF(M18="X",(D18-C18),"0") -> 3 | N50: =IF(N18="X",(D18-C18),"0") -> 0 | O50: =IF(O18="X",(D18-C18),"0") -> 0 | P50: =IF(P18="X",(D18-C18),"0") -> 3 | Q50: =IF(Q18="X",(D18-C18),"0") -> 0 | R50: =IF(R18="X",(D18-C18),"0") -> 0 | S50: =IF(S18="X",(D18-C18),"0") -> 3 | T50: =IF(T18="X",(D18-C18),"0") -> 0
... E126: =IF(E94="X",(D94-C94),"0") -> 0 | F126: =IF(F94="X",(D94-C94),"0") -> 0 | G126: =IF(G94="X",(D94-C94),"0") -> 0 | H126: =IF(H94="X",(D94-C94),"0") -> 0 | I126: =IF(I94="X",(D94-C94),"0") -> 0 | J126: =IF(J94="X",(D94-C94),"0") -> 0 | K126: =IF(K94="X",(D94-C94),"0") -> 0 | L126: =IF(L94="X",(D94-C94),"0") -> 0 | M126: =IF(M94="X",(D94-C94),"0") -> 0 | N126: =IF(N94="X",(D94-C94),"0") -> 0 | O126: =IF(O94="X",(D94-C94),"0") -> 0 | P126: =IF(P94="X",(D94-C94),"0") -> 0 | Q126: =IF(Q94="X",(D94-C94),"0") -> 0 | R126: =IF(R94="X",(D94-C94),"0") -> 0 | S126: =IF(S94="X",(D94-C94),"0") -> 0 | T126: =IF(T94="X",(D94-C94),"0") -> 0
E127: =SUM(E39:E126) -> 59.65 | F127: =SUM(F39:F126) -> 24.86 | G127: =SUM(G39:G126) -> 20 | H127: =SUM(H39:H126) -> 0 | I127: =SUM(I39:I126) -> 0 | J127: =SUM(J39:J126) -> 104.51 | K127: =SUM(K39:K126) -> 0 | L127: =SUM(L39:L126) -> 3.65 | ... T127: =SUM(T39:T126) -> 0

Sheet 252
A1: PROGRAMA DE MANUTENÇÃORODOVIÁRIA
D2: RODOVIAS PAVIMENTADAS | I2: DATA: | J2: 46204 | N2: TÉCNICO RESP. | O2: ='247'!O2 -> ENG. THIAGO TORQUATO
A3: FICHA DE INSPEÇÃO: | B3: ='T.T.'!C10 -> RODOVIA TO-050 - TRECHO ENTR. BR-010 (POVOADO PRÍNCIPE) - CONCEIÇÃO DO TOCANTINS | O3: REGIÃO: | P3: 13
A5: S.R.E. | B5: SENTIDO | C5: INÍCIO (KM) | D5: FIM (KM) | E5: CONDIÇÃO DO PAVIMENTO | J5: VEGETAÇÃO | L5: ELEM. DE DRENAGEM | O5: SIN. HOR. | R5: SIN. VERTICAL | U5: OBSERV.
E6: BOM | F6: REM. I. | G6: REM. L | H6: BUR. I | I6: BUR. L | J6: ADEQ. | K6: INADED. | L6: LIMPOS | M6: SUJOS | N6: DAN. | O6: BOM | P6: REG. | Q6: INEXIST. | R6: BOM | S6: POUCAS | T6: INEXIST.
A7: 050ETO0210 | B7: D | C7: 0 | D7: 8 | G7: X | J7: X | L7: X | N7: X | P7: X | S7: X
C8: =D7 -> 8 | D8: 16 | F8: X | J8: X | L8: X | P8: X | S8: X
C9: =D8 -> 16 | D9: 19 | G9: X | J9: X | M9: X | P9: X | S9: X
C10: =D9 -> 19 | D10: 25 | G10: X | J10: X | M10: X | P10: X | S10: X
C11: =D10 -> 25 | D11: 26.4 | G11: X | J11: X | M11: X | P11: X | S11: X
C12: =D11 -> 26.4 | D12: 33.4 | F12: X | J12: X | M12: X | P12: X | S12: X
C13: =D12 -> 33.4 | D13: 34 | G13: X | J13: X | M13: X | P13: X | S13: X
C14: =D13 -> 34 | D14: 38 | G14: X | J14: X | M14: X | N14: X | P14: X | S14: X
C15: =D14 -> 38 | D15: 45.75 | F15: X | J15: X | M15: X | N15: X | P15: X | S15: X
A16: 050ETO0220 | B16: C | C16: 0 | D16: 5.52 | E16: X | J16: X | M16: X | P16: X | S16: X | U16: 5,52 km
A17: 387ETO0071 | B17: C | C17: 0 | D17: 1.4 | E17: X | J17: X | L17: X | P17: X | R17: X | U17: 1,40 km
A32: LEGENDA | B32: CONDIÇÃO DO PAVIMENTO
A33: REM. I | B33: REMENDOS ISOLADOS | E33: ATÉ 10 REMENDOS/KM | I33: BUR. I | J33: BURACOS ISOLADOS | M33: ATÉ 5 BURACOS/KM
A34: REM. L | B34: REMENDOS AO LONGO | E34: MAIS DE 10 REMENDOS/KM | I34: BUR. L | J34: BURACOS AO LONGO | M34: MAIS DE 5 BURACOS/KM
E39: =IF(E7="X",(D7-C7),"0") -> 0 | F39: =IF(F7="X",(D7-C7),"0") -> 0 | G39: =IF(G7="X",(D7-C7),"0") -> 8 | H39: =IF(H7="X",(D7-C7),"0") -> 0 | I39: =IF(I7="X",(D7-C7),"0") -> 0 | J39: =IF(J7="X",(D7-C7),"0") -> 8 | K39: =IF(K7="X",(D7-C7),"0") -> 0 | L39: =IF(L7="X",(D7-C7),"0") -> 8 | M39: =IF(M7="X",(D7-C7),"0") -> 0 | N39: =IF(N7="X",(D7-C7),"0") -> 8 | O39: =IF(O7="X",(D7-C7),"0") -> 0 | P39: =IF(P7="X",(D7-C7),"0") -> 8 | Q39: =IF(Q7="X",(D7-C7),"0") -> 0 | R39: =IF(R7="X",(D7-C7),"0") -> 0 | S39: =IF(S7="X",(D7-C7),"0") -> 8 | T39: =IF(T7="X",(D7-C7),"0") -> 0
E40: =IF(E8="X",(D8-C8),"0") -> 0 | F40: =IF(F8="X",(D8-C8),"0") -> 8 | G40: =IF(G8="X",(D8-C8),"0") -> 0 | H40: =IF(H8="X",(D8-C8),"0") -> 0 | I40: =IF(I8="X",(D8-C8),"0") -> 0 | J40: =IF(J8="X",(D8-C8),"0") -> 8 | K40: =IF(K8="X",(D8-C8),"0") -> 0 | L40: =IF(L8="X",(D8-C8),"0") -> 8 | M40: =IF(M8="X",(D8-C8),"0") -> 0 | N40: =IF(N8="X",(D8-C8),"0") -> 0 | O40: =IF(O8="X",(D8-C8),"0") -> 0 | P40: =IF(P8="X",(D8-C8),"0") -> 8 | Q40: =IF(Q8="X",(D8-C8),"0") -> 0 | R40: =IF(R8="X",(D8-C8),"0") -> 0 | S40: =IF(S8="X",(D8-C8),"0") -> 8 | T40: =IF(T8="X",(D8-C8),"0") -> 0
E41: =IF(E9="X",(D9-C9),"0") -> 0 | F41: =IF(F9="X",(D9-C9),"0") -> 0 | G41: =IF(G9="X",(D9-C9),"0") -> 3 | H41: =IF(H9="X",(D9-C9),"0") -> 0 | I41: =IF(I9="X",(D9-C9),"0") -> 0 | J41: =IF(J9="X",(D9-C9),"0") -> 3 | K41: =IF(K9="X",(D9-C9),"0") -> 0 | L41: =IF(L9="X",(D9-C9),"0") -> 0 | M41: =IF(M9="X",(D9-C9),"0") -> 3 | N41: =IF(N9="X",(D9-C9),"0") -> 0 | O41: =IF(O9="X",(D9-C9),"0") -> 0 | P41: =IF(P9="X",(D9-C9),"0") -> 3 | Q41: =IF(Q9="X",(D9-C9),"0") -> 0 | R41: =IF(R9="X",(D9-C9),"0") -> 0 | S41: =IF(S9="X",(D9-C9),"0") -> 3 | T41: =IF(T9="X",(D9-C9),"0") -> 0
E42: =IF(E10="X",(D10-C10),"0") -> 0 | F42: =IF(F10="X",(D10-C10),"0") -> 0 | G42: =IF(G10="X",(D10-C10),"0") -> 6 | H42: =IF(H10="X",(D10-C10),"0") -> 0 | I42: =IF(I10="X",(D10-C10),"0") -> 0 | J42: =IF(J10="X",(D10-C10),"0") -> 6 | K42: =IF(K10="X",(D10-C10),"0") -> 0 | L42: =IF(L10="X",(D10-C10),"0") -> 0 | M42: =IF(M10="X",(D10-C10),"0") -> 6 | N42: =IF(N10="X",(D10-C10),"0") -> 0 | O42: =IF(O10="X",(D10-C10),"0") -> 0 | P42: =IF(P10="X",(D10-C10),"0") -> 6 | Q42: =IF(Q10="X",(D10-C10),"0") -> 0 | R42: =IF(R10="X",(D10-C10),"0") -> 0 | S42: =IF(S10="X",(D10-C10),"0") -> 6 | T42: =IF(T10="X",(D10-C10),"0") -> 0
E43: =IF(E11="X",(D11-C11),"0") -> 0 | F43: =IF(F11="X",(D11-C11),"0") -> 0 | G43: =IF(G11="X",(D11-C11),"0") -> 1.4 | H43: =IF(H11="X",(D11-C11),"0") -> 0 | I43: =IF(I11="X",(D11-C11),"0") -> 0 | J43: =IF(J11="X",(D11-C11),"0") -> 1.4 | K43: =IF(K11="X",(D11-C11),"0") -> 0 | L43: =IF(L11="X",(D11-C11),"0") -> 0 | M43: =IF(M11="X",(D11-C11),"0") -> 1.4 | N43: =IF(N11="X",(D11-C11),"0") -> 0 | O43: =IF(O11="X",(D11-C11),"0") -> 0 | P43: =IF(P11="X",(D11-C11),"0") -> 1.4 | Q43: =IF(Q11="X",(D11-C11),"0") -> 0 | R43: =IF(R11="X",(D11-C11),"0") -> 0 | S43: =IF(S11="X",(D11-C11),"0") -> 1.4 | T43: =IF(T11="X",(D11-C11),"0") -> 0
E44: =IF(E12="X",(D12-C12),"0") -> 0 | F44: =IF(F12="X",(D12-C12),"0") -> 7 | G44: =IF(G12="X",(D12-C12),"0") -> 0 | H44: =IF(H12="X",(D12-C12),"0") -> 0 | I44: =IF(I12="X",(D12-C12),"0") -> 0 | J44: =IF(J12="X",(D12-C12),"0") -> 7 | K44: =IF(K12="X",(D12-C12),"0") -> 0 | L44: =IF(L12="X",(D12-C12),"0") -> 0 | M44: =IF(M12="X",(D12-C12),"0") -> 7 | N44: =IF(N12="X",(D12-C12),"0") -> 0 | O44: =IF(O12="X",(D12-C12),"0") -> 0 | P44: =IF(P12="X",(D12-C12),"0") -> 7 | Q44: =IF(Q12="X",(D12-C12),"0") -> 0 | R44: =IF(R12="X",(D12-C12),"0") -> 0 | S44: =IF(S12="X",(D12-C12),"0") -> 7 | T44: =IF(T12="X",(D12-C12),"0") -> 0
E45: =IF(E13="X",(D13-C13),"0") -> 0 | F45: =IF(F13="X",(D13-C13),"0") -> 0 | G45: =IF(G13="X",(D13-C13),"0") -> 0.6 | H45: =IF(H13="X",(D13-C13),"0") -> 0 | I45: =IF(I13="X",(D13-C13),"0") -> 0 | J45: =IF(J13="X",(D13-C13),"0") -> 0.6 | K45: =IF(K13="X",(D13-C13),"0") -> 0 | L45: =IF(L13="X",(D13-C13),"0") -> 0 | M45: =IF(M13="X",(D13-C13),"0") -> 0.6 | N45: =IF(N13="X",(D13-C13),"0") -> 0 | O45: =IF(O13="X",(D13-C13),"0") -> 0 | P45: =IF(P13="X",(D13-C13),"0") -> 0.6 | Q45: =IF(Q13="X",(D13-C13),"0") -> 0 | R45: =IF(R13="X",(D13-C13),"0") -> 0 | S45: =IF(S13="X",(D13-C13),"0") -> 0.6 | T45: =IF(T13="X",(D13-C13),"0") -> 0
E46: =IF(E14="X",(D14-C14),"0") -> 0 | F46: =IF(F14="X",(D14-C14),"0") -> 0 | G46: =IF(G14="X",(D14-C14),"0") -> 4 | H46: =IF(H14="X",(D14-C14),"0") -> 0 | I46: =IF(I14="X",(D14-C14),"0") -> 0 | J46: =IF(J14="X",(D14-C14),"0") -> 4 | K46: =IF(K14="X",(D14-C14),"0") -> 0 | L46: =IF(L14="X",(D14-C14),"0") -> 0 | M46: =IF(M14="X",(D14-C14),"0") -> 4 | N46: =IF(N14="X",(D14-C14),"0") -> 4 | O46: =IF(O14="X",(D14-C14),"0") -> 0 | P46: =IF(P14="X",(D14-C14),"0") -> 4 | Q46: =IF(Q14="X",(D14-C14),"0") -> 0 | R46: =IF(R14="X",(D14-C14),"0") -> 0 | S46: =IF(S14="X",(D14-C14),"0") -> 4 | T46: =IF(T14="X",(D14-C14),"0") -> 0
E47: =IF(E15="X",(D15-C15),"0") -> 0 | F47: =IF(F15="X",(D15-C15),"0") -> 7.75 | G47: =IF(G15="X",(D15-C15),"0") -> 0 | H47: =IF(H15="X",(D15-C15),"0") -> 0 | I47: =IF(I15="X",(D15-C15),"0") -> 0 | J47: =IF(J15="X",(D15-C15),"0") -> 7.75 | K47: =IF(K15="X",(D15-C15),"0") -> 0 | L47: =IF(L15="X",(D15-C15),"0") -> 0 | M47: =IF(M15="X",(D15-C15),"0") -> 7.75 | N47: =IF(N15="X",(D15-C15),"0") -> 7.75 | O47: =IF(O15="X",(D15-C15),"0") -> 0 | P47: =IF(P15="X",(D15-C15),"0") -> 7.75 | Q47: =IF(Q15="X",(D15-C15),"0") -> 0 | R47: =IF(R15="X",(D15-C15),"0") -> 0 | S47: =IF(S15="X",(D15-C15),"0") -> 7.75 | T47: =IF(T15="X",(D15-C15),"0") -> 0
E48: =IF(E16="X",(D16-C16),"0") -> 5.52 | F48: =IF(F16="X",(D16-C16),"0") -> 0 | G48: =IF(G16="X",(D16-C16),"0") -> 0 | H48: =IF(H16="X",(D16-C16),"0") -> 0 | I48: =IF(I16="X",(D16-C16),"0") -> 0 | J48: =IF(J16="X",(D16-C16),"0") -> 5.52 | K48: =IF(K16="X",(D16-C16),"0") -> 0 | L48: =IF(L16="X",(D16-C16),"0") -> 0 | M48: =IF(M16="X",(D16-C16),"0") -> 5.52 | N48: =IF(N16="X",(D16-C16),"0") -> 0 | O48: =IF(O16="X",(D16-C16),"0") -> 0 | P48: =IF(P16="X",(D16-C16),"0") -> 5.52 | Q48: =IF(Q16="X",(D16-C16),"0") -> 0 | R48: =IF(R16="X",(D16-C16),"0") -> 0 | S48: =IF(S16="X",(D16-C16),"0") -> 5.52 | T48: =IF(T16="X",(D16-C16),"0") -> 0
E49: =IF(E17="X",(D17-C17),"0") -> 1.4 | F49: =IF(F17="X",(D17-C17),"0") -> 0 | G49: =IF(G17="X",(D17-C17),"0") -> 0 | H49: =IF(H17="X",(D17-C17),"0") -> 0 | I49: =IF(I17="X",(D17-C17),"0") -> 0 | J49: =IF(J17="X",(D17-C17),"0") -> 1.4 | K49: =IF(K17="X",(D17-C17),"0") -> 0 | L49: =IF(L17="X",(D17-C17),"0") -> 1.4 | M49: =IF(M17="X",(D17-C17),"0") -> 0 | N49: =IF(N17="X",(D17-C17),"0") -> 0 | O49: =IF(O17="X",(D17-C17),"0") -> 0 | P49: =IF(P17="X",(D17-C17),"0") -> 1.4 | Q49: =IF(Q17="X",(D17-C17),"0") -> 0 | R49: =IF(R17="X",(D17-C17),"0") -> 1.4 | S49: =IF(S17="X",(D17-C17),"0") -> 0 | T49: =IF(T17="X",(D17-C17),"0") -> 0
E50: =IF(E18="X",(D18-C18),"0") -> 0 | F50: =IF(F18="X",(D18-C18),"0") -> 0 | G50: =IF(G18="X",(D18-C18),"0") -> 0 | H50: =IF(H18="X",(D18-C18),"0") -> 0 | I50: =IF(I18="X",(D18-C18),"0") -> 0 | J50: =IF(J18="X",(D18-C18),"0") -> 0 | K50: =IF(K18="X",(D18-C18),"0") -> 0 | L50: =IF(L18="X",(D18-C18),"0") -> 0 | M50: =IF(M18="X",(D18-C18),"0") -> 0 | N50: =IF(N18="X",(D18-C18),"0") -> 0 | O50: =IF(O18="X",(D18-C18),"0") -> 0 | P50: =IF(P18="X",(D18-C18),"0") -> 0 | Q50: =IF(Q18="X",(D18-C18),"0") -> 0 | R50: =IF(R18="X",(D18-C18),"0") -> 0 | S50: =IF(S18="X",(D18-C18),"0") -> 0 | T50: =IF(T18="X",(D18-C18),"0") -> 0
... E126: =IF(E94="X",(D94-C94),"0") -> 0 | F126: =IF(F94="X",(D94-C94),"0") -> 0 | G126: =IF(G94="X",(D94-C94),"0") -> 0 | H126: =IF(H94="X",(D94-C94),"0") -> 0 | I126: =IF(I94="X",(D94-C94),"0") -> 0 | J126: =IF(J94="X",(D94-C94),"0") -> 0 | K126: =IF(K94="X",(D94-C94),"0") -> 0 | L126: =IF(L94="X",(D94-C94),"0") -> 0 | M126: =IF(M94="X",(D94-C94),"0") -> 0 | N126: =IF(N94="X",(D94-C94),"0") -> 0 | O126: =IF(O94="X",(D94-C94),"0") -> 0 | P126: =IF(P94="X",(D94-C94),"0") -> 0 | Q126: =IF(Q94="X",(D94-C94),"0") -> 0 | R126: =IF(R94="X",(D94-C94),"0") -> 0 | S126: =IF(S94="X",(D94-C94),"0") -> 0 | T126: =IF(T94="X",(D94-C94),"0") -> 0
E127: =SUM(E39:E126) -> 6.92 | F127: =SUM(F39:F126) -> 22.75 | G127: =SUM(G39:G126) -> 23 | H127: =SUM(H39:H126) -> 0 | I127: =SUM(I39:I126) -> 0 | J127: =SUM(J39:J126) -> 52.67 | K127: =SUM(K39:K126) -> 0 | L127: =SUM(L39:L126) -> 17.4 | ... T127: =SUM(T39:T126) -> 0

Sheet 253
A1: PROGRAMA DE MANUTENÇÃORODOVIÁRIA
D2: RODOVIAS PAVIMENTADAS | I2: DATA: | J2: 46204 | N2: TÉCNICO RESP. | O2: ='247'!O2 -> ENG. THIAGO TORQUATO
A3: FICHA DE INSPEÇÃO: | B3: ='T.T.'!C11 -> RODOVIA TO-110 - TRECHO AURORA DO TOCANTINS - LAVANDEIRA | O3: REGIÃO: | P3: 13
A5: S.R.E. | B5: SENTIDO | C5: INÍCIO (KM) | D5: FIM (KM) | E5: CONDIÇÃO DO PAVIMENTO | J5: VEGETAÇÃO | L5: ELEM. DE DRENAGEM | O5: SIN. HOR. | R5: SIN. VERTICAL | U5: OBSERV.
E6: BOM | F6: REM. I. | G6: REM. L | H6: BUR. I | I6: BUR. L | J6: ADEQ. | K6: INADED. | L6: LIMPOS | M6: SUJOS | N6: DAN. | O6: BOM | P6: REG. | Q6: INEXIST. | R6: BOM | S6: POUCAS | T6: INEXIST.
A7: 110ETO0330 | B7: C | C7: 0 | D7: 2 | G7: X | J7: X | N7: X | Q7: X | S7: X | U7: 15,56 km
C8: 2 | D8: 2.4 | G8: X | J8: X | N8: X | Q8: X | S8: X
C9: 2.4 | D9: 6 | E9: X | J9: X | M9: X | O9: X | S9: X
C10: 6 | D10: 10 | E10: X | J10: X | M10: X | O10: X | S10: X
C11: 10 | D11: 13 | E11: X | J11: X | M11: X | O11: X | S11: X
C12: 13 | D12: 15.56 | E12: X | J12: X | N12: X | P12: X | S12: X
A32: LEGENDA | B32: CONDIÇÃO DO PAVIMENTO
A33: REM. I | B33: REMENDOS ISOLADOS | E33: ATÉ 10 REMENDOS/KM | I33: BUR. I | J33: BURACOS ISOLADOS | M33: ATÉ 5 BURACOS/KM
A34: REM. L | B34: REMENDOS AO LONGO | E34: MAIS DE 10 REMENDOS/KM | I34: BUR. L | J34: BURACOS AO LONGO | M34: MAIS DE 5 BURACOS/KM
E39: =IF(E7="X",(D7-C7),"0") -> 0 | F39: =IF(F7="X",(D7-C7),"0") -> 0 | G39: =IF(G7="X",(D7-C7),"0") -> 2 | H39: =IF(H7="X",(D7-C7),"0") -> 0 | I39: =IF(I7="X",(D7-C7),"0") -> 0 | J39: =IF(J7="X",(D7-C7),"0") -> 2 | K39: =IF(K7="X",(D7-C7),"0") -> 0 | L39: =IF(L7="X",(D7-C7),"0") -> 0 | M39: =IF(M7="X",(D7-C7),"0") -> 0 | N39: =IF(N7="X",(D7-C7),"0") -> 2 | O39: =IF(O7="X",(D7-C7),"0") -> 0 | P39: =IF(P7="X",(D7-C7),"0") -> 0 | Q39: =IF(Q7="X",(D7-C7),"0") -> 2 | R39: =IF(R7="X",(D7-C7),"0") -> 0 | S39: =IF(S7="X",(D7-C7),"0") -> 2 | T39: =IF(T7="X",(D7-C7),"0") -> 0
E40: =IF(E8="X",(D8-C8),"0") -> 0 | F40: =IF(F8="X",(D8-C8),"0") -> 0 | G40: =IF(G8="X",(D8-C8),"0") -> 0.4 | H40: =IF(H8="X",(D8-C8),"0") -> 0 | I40: =IF(I8="X",(D8-C8),"0") -> 0 | J40: =IF(J8="X",(D8-C8),"0") -> 0.4 | K40: =IF(K8="X",(D8-C8),"0") -> 0 | L40: =IF(L8="X",(D8-C8),"0") -> 0 | M40: =IF(M8="X",(D8-C8),"0") -> 0 | N40: =IF(N8="X",(D8-C8),"0") -> 0.4 | O40: =IF(O8="X",(D8-C8),"0") -> 0 | P40: =IF(P8="X",(D8-C8),"0") -> 0 | Q40: =IF(Q8="X",(D8-C8),"0") -> 0.4 | R40: =IF(R8="X",(D8-C8),"0") -> 0 | S40: =IF(S8="X",(D8-C8),"0") -> 0.4 | T40: =IF(T8="X",(D8-C8),"0") -> 0
E41: =IF(E9="X",(D9-C9),"0") -> 3.6 | F41: =IF(F9="X",(D9-C9),"0") -> 0 | G41: =IF(G9="X",(D9-C9),"0") -> 0 | H41: =IF(H9="X",(D9-C9),"0") -> 0 | I41: =IF(I9="X",(D9-C9),"0") -> 0 | J41: =IF(J9="X",(D9-C9),"0") -> 3.6 | K41: =IF(K9="X",(D9-C9),"0") -> 0 | L41: =IF(L9="X",(D9-C9),"0") -> 0 | M41: =IF(M9="X",(D9-C9),"0") -> 3.6 | N41: =IF(N9="X",(D9-C9),"0") -> 0 | O41: =IF(O9="X",(D9-C9),"0") -> 3.6 | P41: =IF(P9="X",(D9-C9),"0") -> 0 | Q41: =IF(Q9="X",(D9-C9),"0") -> 0 | R41: =IF(R9="X",(D9-C9),"0") -> 0 | S41: =IF(S9="X",(D9-C9),"0") -> 3.6 | T41: =IF(T9="X",(D9-C9),"0") -> 0
E42: =IF(E10="X",(D10-C10),"0") -> 4 | F42: =IF(F10="X",(D10-C10),"0") -> 0 | G42: =IF(G10="X",(D10-C10),"0") -> 0 | H42: =IF(H10="X",(D10-C10),"0") -> 0 | I42: =IF(I10="X",(D10-C10),"0") -> 0 | J42: =IF(J10="X",(D10-C10),"0") -> 4 | K42: =IF(K10="X",(D10-C10),"0") -> 0 | L42: =IF(L10="X",(D10-C10),"0") -> 0 | M42: =IF(M10="X",(D10-C10),"0") -> 4 | N42: =IF(N10="X",(D10-C10),"0") -> 0 | O42: =IF(O10="X",(D10-C10),"0") -> 4 | P42: =IF(P10="X",(D10-C10),"0") -> 0 | Q42: =IF(Q10="X",(D10-C10),"0") -> 0 | R42: =IF(R10="X",(D10-C10),"0") -> 0 | S42: =IF(S10="X",(D10-C10),"0") -> 4 | T42: =IF(T10="X",(D10-C10),"0") -> 0
E43: =IF(E11="X",(D11-C11),"0") -> 3 | F43: =IF(F11="X",(D11-C11),"0") -> 0 | G43: =IF(G11="X",(D11-C11),"0") -> 0 | H43: =IF(H11="X",(D11-C11),"0") -> 0 | I43: =IF(I11="X",(D11-C11),"0") -> 0 | J43: =IF(J11="X",(D11-C11),"0") -> 3 | K43: =IF(K11="X",(D11-C11),"0") -> 0 | L43: =IF(L11="X",(D11-C11),"0") -> 0 | M43: =IF(M11="X",(D11-C11),"0") -> 3 | N43: =IF(N11="X",(D11-C11),"0") -> 0 | O43: =IF(O11="X",(D11-C11),"0") -> 3 | P43: =IF(P11="X",(D11-C11),"0") -> 0 | Q43: =IF(Q11="X",(D11-C11),"0") -> 0 | R43: =IF(R11="X",(D11-C11),"0") -> 0 | S43: =IF(S11="X",(D11-C11),"0") -> 3 | T43: =IF(T11="X",(D11-C11),"0") -> 0
E44: =IF(E12="X",(D12-C12),"0") -> 2.56 | F44: =IF(F12="X",(D12-C12),"0") -> 0 | G44: =IF(G12="X",(D12-C12),"0") -> 0 | H44: =IF(H12="X",(D12-C12),"0") -> 0 | I44: =IF(I12="X",(D12-C12),"0") -> 0 | J44: =IF(J12="X",(D12-C12),"0") -> 2.56 | K44: =IF(K12="X",(D12-C12),"0") -> 0 | L44: =IF(L12="X",(D12-C12),"0") -> 0 | M44: =IF(M12="X",(D12-C12),"0") -> 0 | N44: =IF(N12="X",(D12-C12),"0") -> 2.56 | O44: =IF(O12="X",(D12-C12),"0") -> 0 | P44: =IF(P12="X",(D12-C12),"0") -> 2.56 | Q44: =IF(Q12="X",(D12-C12),"0") -> 0 | R44: =IF(R12="X",(D12-C12),"0") -> 0 | S44: =IF(S12="X",(D12-C12),"0") -> 2.56 | T44: =IF(T12="X",(D12-C12),"0") -> 0
E45: =IF(E13="X",(D13-C13),"0") -> 0 | F45: =IF(F13="X",(D13-C13),"0") -> 0 | G45: =IF(G13="X",(D13-C13),"0") -> 0 | H45: =IF(H13="X",(D13-C13),"0") -> 0 | I45: =IF(I13="X",(D13-C13),"0") -> 0 | J45: =IF(J13="X",(D13-C13),"0") -> 0 | K45: =IF(K13="X",(D13-C13),"0") -> 0 | L45: =IF(L13="X",(D13-C13),"0") -> 0 | M45: =IF(M13="X",(D13-C13),"0") -> 0 | N45: =IF(N13="X",(D13-C13),"0") -> 0 | O45: =IF(O13="X",(D13-C13),"0") -> 0 | P45: =IF(P13="X",(D13-C13),"0") -> 0 | Q45: =IF(Q13="X",(D13-C13),"0") -> 0 | R45: =IF(R13="X",(D13-C13),"0") -> 0 | S45: =IF(S13="X",(D13-C13),"0") -> 0 | T45: =IF(T13="X",(D13-C13),"0") -> 0
E46: =IF(E14="X",(D14-C14),"0") -> 0 | F46: =IF(F14="X",(D14-C14),"0") -> 0 | G46: =IF(G14="X",(D14-C14),"0") -> 0 | H46: =IF(H14="X",(D14-C14),"0") -> 0 | I46: =IF(I14="X",(D14-C14),"0") -> 0 | J46: =IF(J14="X",(D14-C14),"0") -> 0 | K46: =IF(K14="X",(D14-C14),"0") -> 0 | L46: =IF(L14="X",(D14-C14),"0") -> 0 | M46: =IF(M14="X",(D14-C14),"0") -> 0 | N46: =IF(N14="X",(D14-C14),"0") -> 0 | O46: =IF(O14="X",(D14-C14),"0") -> 0 | P46: =IF(P14="X",(D14-C14),"0") -> 0 | Q46: =IF(Q14="X",(D14-C14),"0") -> 0 | R46: =IF(R14="X",(D14-C14),"0") -> 0 | S46: =IF(S14="X",(D14-C14),"0") -> 0 | T46: =IF(T14="X",(D14-C14),"0") -> 0
E47: =IF(E15="X",(D15-C15),"0") -> 0 | F47: =IF(F15="X",(D15-C15),"0") -> 0 | G47: =IF(G15="X",(D15-C15),"0") -> 0 | H47: =IF(H15="X",(D15-C15),"0") -> 0 | I47: =IF(I15="X",(D15-C15),"0") -> 0 | J47: =IF(J15="X",(D15-C15),"0") -> 0 | K47: =IF(K15="X",(D15-C15),"0") -> 0 | L47: =IF(L15="X",(D15-C15),"0") -> 0 | M47: =IF(M15="X",(D15-C15),"0") -> 0 | N47: =IF(N15="X",(D15-C15),"0") -> 0 | O47: =IF(O15="X",(D15-C15),"0") -> 0 | P47: =IF(P15="X",(D15-C15),"0") -> 0 | Q47: =IF(Q15="X",(D15-C15),"0") -> 0 | R47: =IF(R15="X",(D15-C15),"0") -> 0 | S47: =IF(S15="X",(D15-C15),"0") -> 0 | T47: =IF(T15="X",(D15-C15),"0") -> 0
E48: =IF(E16="X",(D16-C16),"0") -> 0 | F48: =IF(F16="X",(D16-C16),"0") -> 0 | G48: =IF(G16="X",(D16-C16),"0") -> 0 | H48: =IF(H16="X",(D16-C16),"0") -> 0 | I48: =IF(I16="X",(D16-C16),"0") -> 0 | J48: =IF(J16="X",(D16-C16),"0") -> 0 | K48: =IF(K16="X",(D16-C16),"0") -> 0 | L48: =IF(L16="X",(D16-C16),"0") -> 0 | M48: =IF(M16="X",(D16-C16),"0") -> 0 | N48: =IF(N16="X",(D16-C16),"0") -> 0 | O48: =IF(O16="X",(D16-C16),"0") -> 0 | P48: =IF(P16="X",(D16-C16),"0") -> 0 | Q48: =IF(Q16="X",(D16-C16),"0") -> 0 | R48: =IF(R16="X",(D16-C16),"0") -> 0 | S48: =IF(S16="X",(D16-C16),"0") -> 0 | T48: =IF(T16="X",(D16-C16),"0") -> 0
E49: =IF(E17="X",(D17-C17),"0") -> 0 | F49: =IF(F17="X",(D17-C17),"0") -> 0 | G49: =IF(G17="X",(D17-C17),"0") -> 0 | H49: =IF(H17="X",(D17-C17),"0") -> 0 | I49: =IF(I17="X",(D17-C17),"0") -> 0 | J49: =IF(J17="X",(D17-C17),"0") -> 0 | K49: =IF(K17="X",(D17-C17),"0") -> 0 | L49: =IF(L17="X",(D17-C17),"0") -> 0 | M49: =IF(M17="X",(D17-C17),"0") -> 0 | N49: =IF(N17="X",(D17-C17),"0") -> 0 | O49: =IF(O17="X",(D17-C17),"0") -> 0 | P49: =IF(P17="X",(D17-C17),"0") -> 0 | Q49: =IF(Q17="X",(D17-C17),"0") -> 0 | R49: =IF(R17="X",(D17-C17),"0") -> 0 | S49: =IF(S17="X",(D17-C17),"0") -> 0 | T49: =IF(T17="X",(D17-C17),"0") -> 0
E50: =IF(E18="X",(D18-C18),"0") -> 0 | F50: =IF(F18="X",(D18-C18),"0") -> 0 | G50: =IF(G18="X",(D18-C18),"0") -> 0 | H50: =IF(H18="X",(D18-C18),"0") -> 0 | I50: =IF(I18="X",(D18-C18),"0") -> 0 | J50: =IF(J18="X",(D18-C18),"0") -> 0 | K50: =IF(K18="X",(D18-C18),"0") -> 0 | L50: =IF(L18="X",(D18-C18),"0") -> 0 | M50: =IF(M18="X",(D18-C18),"0") -> 0 | N50: =IF(N18="X",(D18-C18),"0") -> 0 | O50: =IF(O18="X",(D18-C18),"0") -> 0 | P50: =IF(P18="X",(D18-C18),"0") -> 0 | Q50: =IF(Q18="X",(D18-C18),"0") -> 0 | R50: =IF(R18="X",(D18-C18),"0") -> 0 | S50: =IF(S18="X",(D18-C18),"0") -> 0 | T50: =IF(T18="X",(D18-C18),"0") -> 0
... E126: =IF(E94="X",(D94-C94),"0") -> 0 | F126: =IF(F94="X",(D94-C94),"0") -> 0 | G126: =IF(G94="X",(D94-C94),"0") -> 0 | H126: =IF(H94="X",(D94-C94),"0") -> 0 | I126: =IF(I94="X",(D94-C94),"0") -> 0 | J126: =IF(J94="X",(D94-C94),"0") -> 0 | K126: =IF(K94="X",(D94-C94),"0") -> 0 | L126: =IF(L94="X",(D94-C94),"0") -> 0 | M126: =IF(M94="X",(D94-C94),"0") -> 0 | N126: =IF(N94="X",(D94-C94),"0") -> 0 | O126: =IF(O94="X",(D94-C94),"0") -> 0 | P126: =IF(P94="X",(D94-C94),"0") -> 0 | Q126: =IF(Q94="X",(D94-C94),"0") -> 0 | R126: =IF(R94="X",(D94-C94),"0") -> 0 | S126: =IF(S94="X",(D94-C94),"0") -> 0 | T126: =IF(T94="X",(D94-C94),"0") -> 0
E127: =SUM(E39:E126) -> 13.16 | F127: =SUM(F39:F126) -> 0 | G127: =SUM(G39:G126) -> 2.4 | H127: =SUM(H39:H126) -> 0 | I127: =SUM(I39:I126) -> 0 | J127: =SUM(J39:J126) -> 15.56 | K127: =SUM(K39:K126) -> 0 | L127: =SUM(L39:L126) -> 0 | ... T127: =SUM(T39:T126) -> 0

Sheet 254
A1: PROGRAMA DE MANUTENÇÃORODOVIÁRIA
D2: RODOVIAS PAVIMENTADAS | I2: DATA: | J2: 46204 | N2: TÉCNICO RESP. | O2: ='247'!O2 -> ENG. THIAGO TORQUATO
A3: FICHA DE INSPEÇÃO: | B3: ='T.T.'!C12 -> RODOVIA TO-110 - TRECHO COMBINADO - NOVO ALEGRE - DIVISA TO-GO | O3: REGIÃO: | P3: 13
A5: S.R.E. | B5: SENTIDO | C5: INÍCIO (KM) | D5: FIM (KM) | E5: CONDIÇÃO DO PAVIMENTO | J5: VEGETAÇÃO | L5: ELEM. DE DRENAGEM | O5: SIN. HOR. | R5: SIN. VERTICAL | U5: OBSERV.
E6: BOM | F6: REM. I. | G6: REM. L | H6: BUR. I | I6: BUR. L | J6: ADEQ. | K6: INADED. | L6: LIMPOS | M6: SUJOS | N6: DAN. | O6: BOM | P6: REG. | Q6: INEXIST. | R6: BOM | S6: POUCAS | T6: INEXIST.
A7: 110ETO0390 | B7: C | C7: 0 | D7: 3 | E7: X | K7: X | M7: X | P7: X | S7: X | U7: 6,52 km
C8: 3 | D8: 6.52 | E8: X | K8: X | M8: X | P8: X | S8: X
A9: 110ETO0370 | B9: C | C9: 0 | D9: 1 | E9: X | K9: X | M9: X | P9: X | S9: X | U9: 10,29 km
C10: 1 | D10: 3 | E10: X | J10: X | M10: X | P10: X | S10: X
C11: 3 | D11: 5 | E11: X | J11: X | M11: X | P11: X | S11: X
C12: 5 | D12: 7 | E12: X | J12: X | M12: X | P12: X | S12: X
C13: 7 | D13: 9 | E13: X | J13: X | M13: X | P13: X | S13: X
C14: 9 | D14: 10.29 | G14: X | J14: X | L14: X | O14: X | S14: X
A15: 110ETO0341 | B15: C | C15: 0 | D15: 1.17 | F15: X | J15: X | L15: X | Q15: X | S15: X | U15: 1,17 km
A32: LEGENDA | B32: CONDIÇÃO DO PAVIMENTO
A33: REM. I | B33: REMENDOS ISOLADOS | E33: ATÉ 10 REMENDOS/KM | I33: BUR. I | J33: BURACOS ISOLADOS | M33: ATÉ 5 BURACOS/KM
A34: REM. L | B34: REMENDOS AO LONGO | E34: MAIS DE 10 REMENDOS/KM | I34: BUR. L | J34: BURACOS AO LONGO | M34: MAIS DE 5 BURACOS/KM
E39: =IF(E7="X",(D7-C7),"0") -> 3 | F39: =IF(F7="X",(D7-C7),"0") -> 0 | G39: =IF(G7="X",(D7-C7),"0") -> 0 | H39: =IF(H7="X",(D7-C7),"0") -> 0 | I39: =IF(I7="X",(D7-C7),"0") -> 0 | J39: =IF(J7="X",(D7-C7),"0") -> 0 | K39: =IF(K7="X",(D7-C7),"0") -> 3 | L39: =IF(L7="X",(D7-C7),"0") -> 0 | M39: =IF(M7="X",(D7-C7),"0") -> 3 | N39: =IF(N7="X",(D7-C7),"0") -> 0 | O39: =IF(O7="X",(D7-C7),"0") -> 0 | P39: =IF(P7="X",(D7-C7),"0") -> 3 | Q39: =IF(Q7="X",(D7-C7),"0") -> 0 | R39: =IF(R7="X",(D7-C7),"0") -> 0 | S39: =IF(S7="X",(D7-C7),"0") -> 3 | T39: =IF(T7="X",(D7-C7),"0") -> 0
E40: =IF(E8="X",(D8-C8),"0") -> 3.52 | F40: =IF(F8="X",(D8-C8),"0") -> 0 | G40: =IF(G8="X",(D8-C8),"0") -> 0 | H40: =IF(H8="X",(D8-C8),"0") -> 0 | I40: =IF(I8="X",(D8-C8),"0") -> 0 | J40: =IF(J8="X",(D8-C8),"0") -> 0 | K40: =IF(K8="X",(D8-C8),"0") -> 3.52 | L40: =IF(L8="X",(D8-C8),"0") -> 0 | M40: =IF(M8="X",(D8-C8),"0") -> 3.52 | N40: =IF(N8="X",(D8-C8),"0") -> 0 | O40: =IF(O8="X",(D8-C8),"0") -> 0 | P40: =IF(P8="X",(D8-C8),"0") -> 3.52 | Q40: =IF(Q8="X",(D8-C8),"0") -> 0 | R40: =IF(R8="X",(D8-C8),"0") -> 0 | S40: =IF(S8="X",(D8-C8),"0") -> 3.52 | T40: =IF(T8="X",(D8-C8),"0") -> 0
E41: =IF(E9="X",(D9-C9),"0") -> 1 | F41: =IF(F9="X",(D9-C9),"0") -> 0 | G41: =IF(G9="X",(D9-C9),"0") -> 0 | H41: =IF(H9="X",(D9-C9),"0") -> 0 | I41: =IF(I9="X",(D9-C9),"0") -> 0 | J41: =IF(J9="X",(D9-C9),"0") -> 0 | K41: =IF(K9="X",(D9-C9),"0") -> 1 | L41: =IF(L9="X",(D9-C9),"0") -> 0 | M41: =IF(M9="X",(D9-C9),"0") -> 1 | N41: =IF(N9="X",(D9-C9),"0") -> 0 | O41: =IF(O9="X",(D9-C9),"0") -> 0 | P41: =IF(P9="X",(D9-C9),"0") -> 1 | Q41: =IF(Q9="X",(D9-C9),"0") -> 0 | R41: =IF(R9="X",(D9-C9),"0") -> 0 | S41: =IF(S9="X",(D9-C9),"0") -> 1 | T41: =IF(T9="X",(D9-C9),"0") -> 0
E42: =IF(E10="X",(D10-C10),"0") -> 2 | F42: =IF(F10="X",(D10-C10),"0") -> 0 | G42: =IF(G10="X",(D10-C10),"0") -> 0 | H42: =IF(H10="X",(D10-C10),"0") -> 0 | I42: =IF(I10="X",(D10-C10),"0") -> 0 | J42: =IF(J10="X",(D10-C10),"0") -> 2 | K42: =IF(K10="X",(D10-C10),"0") -> 0 | L42: =IF(L10="X",(D10-C10),"0") -> 0 | M42: =IF(M10="X",(D10-C10),"0") -> 2 | N42: =IF(N10="X",(D10-C10),"0") -> 0 | O42: =IF(O10="X",(D10-C10),"0") -> 0 | P42: =IF(P10="X",(D10-C10),"0") -> 2 | Q42: =IF(Q10="X",(D10-C10),"0") -> 0 | R42: =IF(R10="X",(D10-C10),"0") -> 0 | S42: =IF(S10="X",(D10-C10),"0") -> 2 | T42: =IF(T10="X",(D10-C10),"0") -> 0
E43: =IF(E11="X",(D11-C11),"0") -> 2 | F43: =IF(F11="X",(D11-C11),"0") -> 0 | G43: =IF(G11="X",(D11-C11),"0") -> 0 | H43: =IF(H11="X",(D11-C11),"0") -> 0 | I43: =IF(I11="X",(D11-C11),"0") -> 0 | J43: =IF(J11="X",(D11-C11),"0") -> 2 | K43: =IF(K11="X",(D11-C11),"0") -> 0 | L43: =IF(L11="X",(D11-C11),"0") -> 0 | M43: =IF(M11="X",(D11-C11),"0") -> 2 | N43: =IF(N11="X",(D11-C11),"0") -> 0 | O43: =IF(O11="X",(D11-C11),"0") -> 0 | P43: =IF(P11="X",(D11-C11),"0") -> 2 | Q43: =IF(Q11="X",(D11-C11),"0") -> 0 | R43: =IF(R11="X",(D11-C11),"0") -> 0 | S43: =IF(S11="X",(D11-C11),"0") -> 2 | T43: =IF(T11="X",(D11-C11),"0") -> 0
E44: =IF(E12="X",(D12-C12),"0") -> 2 | F44: =IF(F12="X",(D12-C12),"0") -> 0 | G44: =IF(G12="X",(D12-C12),"0") -> 0 | H44: =IF(H12="X",(D12-C12),"0") -> 0 | I44: =IF(I12="X",(D12-C12),"0") -> 0 | J44: =IF(J12="X",(D12-C12),"0") -> 2 | K44: =IF(K12="X",(D12-C12),"0") -> 0 | L44: =IF(L12="X",(D12-C12),"0") -> 0 | M44: =IF(M12="X",(D12-C12),"0") -> 2 | N44: =IF(N12="X",(D12-C12),"0") -> 0 | O44: =IF(O12="X",(D12-C12),"0") -> 0 | P44: =IF(P12="X",(D12-C12),"0") -> 2 | Q44: =IF(Q12="X",(D12-C12),"0") -> 0 | R44: =IF(R12="X",(D12-C12),"0") -> 0 | S44: =IF(S12="X",(D12-C12),"0") -> 2 | T44: =IF(T12="X",(D12-C12),"0") -> 0
E45: =IF(E13="X",(D13-C13),"0") -> 2 | F45: =IF(F13="X",(D13-C13),"0") -> 0 | G45: =IF(G13="X",(D13-C13),"0") -> 0 | H45: =IF(H13="X",(D13-C13),"0") -> 0 | I45: =IF(I13="X",(D13-C13),"0") -> 0 | J45: =IF(J13="X",(D13-C13),"0") -> 2 | K45: =IF(K13="X",(D13-C13),"0") -> 0 | L45: =IF(L13="X",(D13-C13),"0") -> 0 | M45: =IF(M13="X",(D13-C13),"0") -> 2 | N45: =IF(N13="X",(D13-C13),"0") -> 0 | O45: =IF(O13="X",(D13-C13),"0") -> 0 | P45: =IF(P13="X",(D13-C13),"0") -> 2 | Q45: =IF(Q13="X",(D13-C13),"0") -> 0 | R45: =IF(R13="X",(D13-C13),"0") -> 0 | S45: =IF(S13="X",(D13-C13),"0") -> 2 | T45: =IF(T13="X",(D13-C13),"0") -> 0
E46: =IF(E14="X",(D14-C14),"0") -> 0 | F46: =IF(F14="X",(D14-C14),"0") -> 0 | G46: =IF(G14="X",(D14-C14),"0") -> 1.29 | H46: =IF(H14="X",(D14-C14),"0") -> 0 | I46: =IF(I14="X",(D14-C14),"0") -> 0 | J46: =IF(J14="X",(D14-C14),"0") -> 1.29 | K46: =IF(K14="X",(D14-C14),"0") -> 0 | L46: =IF(L14="X",(D14-C14),"0") -> 1.29 | M46: =IF(M14="X",(D14-C14),"0") -> 0 | N46: =IF(N14="X",(D14-C14),"0") -> 0 | O46: =IF(O14="X",(D14-C14),"0") -> 1.29 | P46: =IF(P14="X",(D14-C14),"0") -> 0 | Q46: =IF(Q14="X",(D14-C14),"0") -> 0 | R46: =IF(R14="X",(D14-C14),"0") -> 0 | S46: =IF(S14="X",(D14-C14),"0") -> 1.29 | T46: =IF(T14="X",(D14-C14),"0") -> 0
E47: =IF(E15="X",(D15-C15),"0") -> 0 | F47: =IF(F15="X",(D15-C15),"0") -> 1.17 | G47: =IF(G15="X",(D15-C15),"0") -> 0 | H47: =IF(H15="X",(D15-C15),"0") -> 0 | I47: =IF(I15="X",(D15-C15),"0") -> 0 | J47: =IF(J15="X",(D15-C15),"0") -> 1.17 | K47: =IF(K15="X",(D15-C15),"0") -> 0 | L47: =IF(L15="X",(D15-C15),"0") -> 1.17 | M47: =IF(M15="X",(D15-C15),"0") -> 0 | N47: =IF(N15="X",(D15-C15),"0") -> 0 | O47: =IF(O15="X",(D15-C15),"0") -> 0 | P47: =IF(P15="X",(D15-C15),"0") -> 0 | Q47: =IF(Q15="X",(D15-C15),"0") -> 1.17 | R47: =IF(R15="X",(D15-C15),"0") -> 0 | S47: =IF(S15="X",(D15-C15),"0") -> 1.17 | T47: =IF(T15="X",(D15-C15),"0") -> 0
E48: =IF(E16="X",(D16-C16),"0") -> 0 | F48: =IF(F16="X",(D16-C16),"0") -> 0 | G48: =IF(G16="X",(D16-C16),"0") -> 0 | H48: =IF(H16="X",(D16-C16),"0") -> 0 | I48: =IF(I16="X",(D16-C16),"0") -> 0 | J48: =IF(J16="X",(D16-C16),"0") -> 0 | K48: =IF(K16="X",(D16-C16),"0") -> 0 | L48: =IF(L16="X",(D16-C16),"0") -> 0 | M48: =IF(M16="X",(D16-C16),"0") -> 0 | N48: =IF(N16="X",(D16-C16),"0") -> 0 | O48: =IF(O16="X",(D16-C16),"0") -> 0 | P48: =IF(P16="X",(D16-C16),"0") -> 0 | Q48: =IF(Q16="X",(D16-C16),"0") -> 0 | R48: =IF(R16="X",(D16-C16),"0") -> 0 | S48: =IF(S16="X",(D16-C16),"0") -> 0 | T48: =IF(T16="X",(D16-C16),"0") -> 0
E49: =IF(E17="X",(D17-C17),"0") -> 0 | F49: =IF(F17="X",(D17-C17),"0") -> 0 | G49: =IF(G17="X",(D17-C17),"0") -> 0 | H49: =IF(H17="X",(D17-C17),"0") -> 0 | I49: =IF(I17="X",(D17-C17),"0") -> 0 | J49: =IF(J17="X",(D17-C17),"0") -> 0 | K49: =IF(K17="X",(D17-C17),"0") -> 0 | L49: =IF(L17="X",(D17-C17),"0") -> 0 | M49: =IF(M17="X",(D17-C17),"0") -> 0 | N49: =IF(N17="X",(D17-C17),"0") -> 0 | O49: =IF(O17="X",(D17-C17),"0") -> 0 | P49: =IF(P17="X",(D17-C17),"0") -> 0 | Q49: =IF(Q17="X",(D17-C17),"0") -> 0 | R49: =IF(R17="X",(D17-C17),"0") -> 0 | S49: =IF(S17="X",(D17-C17),"0") -> 0 | T49: =IF(T17="X",(D17-C17),"0") -> 0
E50: =IF(E18="X",(D18-C18),"0") -> 0 | F50: =IF(F18="X",(D18-C18),"0") -> 0 | G50: =IF(G18="X",(D18-C18),"0") -> 0 | H50: =IF(H18="X",(D18-C18),"0") -> 0 | I50: =IF(I18="X",(D18-C18),"0") -> 0 | J50: =IF(J18="X",(D18-C18),"0") -> 0 | K50: =IF(K18="X",(D18-C18),"0") -> 0 | L50: =IF(L18="X",(D18-C18),"0") -> 0 | M50: =IF(M18="X",(D18-C18),"0") -> 0 | N50: =IF(N18="X",(D18-C18),"0") -> 0 | O50: =IF(O18="X",(D18-C18),"0") -> 0 | P50: =IF(P18="X",(D18-C18),"0") -> 0 | Q50: =IF(Q18="X",(D18-C18),"0") -> 0 | R50: =IF(R18="X",(D18-C18),"0") -> 0 | S50: =IF(S18="X",(D18-C18),"0") -> 0 | T50: =IF(T18="X",(D18-C18),"0") -> 0
... E126: =IF(E94="X",(D94-C94),"0") -> 0 | F126: =IF(F94="X",(D94-C94),"0") -> 0 | G126: =IF(G94="X",(D94-C94),"0") -> 0 | H126: =IF(H94="X",(D94-C94),"0") -> 0 | I126: =IF(I94="X",(D94-C94),"0") -> 0 | J126: =IF(J94="X",(D94-C94),"0") -> 0 | K126: =IF(K94="X",(D94-C94),"0") -> 0 | L126: =IF(L94="X",(D94-C94),"0") -> 0 | M126: =IF(M94="X",(D94-C94),"0") -> 0 | N126: =IF(N94="X",(D94-C94),"0") -> 0 | O126: =IF(O94="X",(D94-C94),"0") -> 0 | P126: =IF(P94="X",(D94-C94),"0") -> 0 | Q126: =IF(Q94="X",(D94-C94),"0") -> 0 | R126: =IF(R94="X",(D94-C94),"0") -> 0 | S126: =IF(S94="X",(D94-C94),"0") -> 0 | T126: =IF(T94="X",(D94-C94),"0") -> 0
E127: =SUM(E39:E126) -> 15.52 | F127: =SUM(F39:F126) -> 1.17 | G127: =SUM(G39:G126) -> 1.29 | H127: =SUM(H39:H126) -> 0 | I127: =SUM(I39:I126) -> 0 | J127: =SUM(J39:J126) -> 10.46 | K127: =SUM(K39:K126) -> 7.52 | L127: =SUM(L39:L126) -> 2.46 | ... T127: =SUM(T39:T126) -> 0

Sheet 255
A1: PROGRAMA DE MANUTENÇÃORODOVIÁRIA
D2: RODOVIAS PAVIMENTADAS | I2: DATA: | J2: 46204 | N2: TÉCNICO RESP. | O2: ='247'!O2 -> ENG. THIAGO TORQUATO
A3: FICHA DE INSPEÇÃO: | B3: ='T.T.'!C13 -> RODOVIA TO-110 - TRECHO ENTR. TO-040 (DIANÓPOLIS) - DIVISA TO-BA (GARGANTA) | O3: REGIÃO: | P3: 13
A5: S.R.E. | B5: SENTIDO | C5: INÍCIO (KM) | D5: FIM (KM) | E5: CONDIÇÃO DO PAVIMENTO | J5: VEGETAÇÃO | L5: ELEM. DE DRENAGEM | O5: SIN. HOR. | R5: SIN. VERTICAL | U5: OBSERV.
E6: BOM | F6: REM. I. | G6: REM. L | H6: BUR. I | I6: BUR. L | J6: ADEQ. | K6: INADED. | L6: LIMPOS | M6: SUJOS | N6: DAN. | O6: BOM | P6: REG. | Q6: INEXIST. | R6: BOM | S6: POUCAS | T6: INEXIST.
A7: 110ETO0110 | B7: D | C7: 0 | D7: 4 | F7: X | J7: X | L7: X | O7: X | S7: X
C8: =D7 -> 4 | D8: 7 | G8: X | J8: X | L8: X | O8: X | S8: X
C9: =D8 -> 7 | D9: 8 | F9: X | J9: X | L9: X | O9: X | S9: X
C10: =D9 -> 8 | D10: 12 | F10: X | J10: X | M10: X | O10: X | S10: X
C11: =D10 -> 12 | D11: 14 | F11: X | J11: X | M11: X | O11: X | S11: X
C12: =D11 -> 14 | D12: 16 | G12: X | J12: X | M12: X | O12: X | S12: X
C13: =D12 -> 16 | D13: 25 | F13: X | J13: X | M13: X | O13: X | S13: X
C14: =D13 -> 25 | D14: 32 | F14: X | J14: X | M14: X | O14: X | S14: X
C15: =D14 -> 32 | D15: 42 | F15: X | J15: X | M15: X | O15: X | S15: X
C16: =D15 -> 42 | D16: 52 | E16: X | J16: X | M16: X | O16: X | S16: X
C17: =D16 -> 52 | D17: 55 | F17: X | J17: X | M17: X | N17: X | O17: X | S17: X
C18: =D17 -> 55 | D18: 57.45 | F18: X | J18: X | M18: X | O18: X | S18: X
A32: LEGENDA | B32: CONDIÇÃO DO PAVIMENTO
A33: REM. I | B33: REMENDOS ISOLADOS | E33: ATÉ 10 REMENDOS/KM | I33: BUR. I | J33: BURACOS ISOLADOS | M33: ATÉ 5 BURACOS/KM
A34: REM. L | B34: REMENDOS AO LONGO | E34: MAIS DE 10 REMENDOS/KM | I34: BUR. L | J34: BURACOS AO LONGO | M34: MAIS DE 5 BURACOS/KM
E39: =IF(E7="X",(D7-C7),"0") -> 0 | F39: =IF(F7="X",(D7-C7),"0") -> 4 | G39: =IF(G7="X",(D7-C7),"0") -> 0 | H39: =IF(H7="X",(D7-C7),"0") -> 0 | I39: =IF(I7="X",(D7-C7),"0") -> 0 | J39: =IF(J7="X",(D7-C7),"0") -> 4 | K39: =IF(K7="X",(D7-C7),"0") -> 0 | L39: =IF(L7="X",(D7-C7),"0") -> 4 | M39: =IF(M7="X",(D7-C7),"0") -> 0 | N39: =IF(N7="X",(D7-C7),"0") -> 0 | O39: =IF(O7="X",(D7-C7),"0") -> 4 | P39: =IF(P7="X",(D7-C7),"0") -> 0 | Q39: =IF(Q7="X",(D7-C7),"0") -> 0 | R39: =IF(R7="X",(D7-C7),"0") -> 0 | S39: =IF(S7="X",(D7-C7),"0") -> 4 | T39: =IF(T7="X",(D7-C7),"0") -> 0
E40: =IF(E8="X",(D8-C8),"0") -> 0 | F40: =IF(F8="X",(D8-C8),"0") -> 0 | G40: =IF(G8="X",(D8-C8),"0") -> 3 | H40: =IF(H8="X",(D8-C8),"0") -> 0 | I40: =IF(I8="X",(D8-C8),"0") -> 0 | J40: =IF(J8="X",(D8-C8),"0") -> 3 | K40: =IF(K8="X",(D8-C8),"0") -> 0 | L40: =IF(L8="X",(D8-C8),"0") -> 3 | M40: =IF(M8="X",(D8-C8),"0") -> 0 | N40: =IF(N8="X",(D8-C8),"0") -> 0 | O40: =IF(O8="X",(D8-C8),"0") -> 3 | P40: =IF(P8="X",(D8-C8),"0") -> 0 | Q40: =IF(Q8="X",(D8-C8),"0") -> 0 | R40: =IF(R8="X",(D8-C8),"0") -> 0 | S40: =IF(S8="X",(D8-C8),"0") -> 3 | T40: =IF(T8="X",(D8-C8),"0") -> 0
E41: =IF(E9="X",(D9-C9),"0") -> 0 | F41: =IF(F9="X",(D9-C9),"0") -> 1 | G41: =IF(G9="X",(D9-C9),"0") -> 0 | H41: =IF(H9="X",(D9-C9),"0") -> 0 | I41: =IF(I9="X",(D9-C9),"0") -> 0 | J41: =IF(J9="X",(D9-C9),"0") -> 1 | K41: =IF(K9="X",(D9-C9),"0") -> 0 | L41: =IF(L9="X",(D9-C9),"0") -> 1 | M41: =IF(M9="X",(D9-C9),"0") -> 0 | N41: =IF(N9="X",(D9-C9),"0") -> 0 | O41: =IF(O9="X",(D9-C9),"0") -> 1 | P41: =IF(P9="X",(D9-C9),"0") -> 0 | Q41: =IF(Q9="X",(D9-C9),"0") -> 0 | R41: =IF(R9="X",(D9-C9),"0") -> 0 | S41: =IF(S9="X",(D9-C9),"0") -> 1 | T41: =IF(T9="X",(D9-C9),"0") -> 0
E42: =IF(E10="X",(D10-C10),"0") -> 0 | F42: =IF(F10="X",(D10-C10),"0") -> 4 | G42: =IF(G10="X",(D10-C10),"0") -> 0 | H42: =IF(H10="X",(D10-C10),"0") -> 0 | I42: =IF(I10="X",(D10-C10),"0") -> 0 | J42: =IF(J10="X",(D10-C10),"0") -> 4 | K42: =IF(K10="X",(D10-C10),"0") -> 0 | L42: =IF(L10="X",(D10-C10),"0") -> 0 | M42: =IF(M10="X",(D10-C10),"0") -> 4 | N42: =IF(N10="X",(D10-C10),"0") -> 0 | O42: =IF(O10="X",(D10-C10),"0") -> 4 | P42: =IF(P10="X",(D10-C10),"0") -> 0 | Q42: =IF(Q10="X",(D10-C10),"0") -> 0 | R42: =IF(R10="X",(D10-C10),"0") -> 0 | S42: =IF(S10="X",(D10-C10),"0") -> 4 | T42: =IF(T10="X",(D10-C10),"0") -> 0
E43: =IF(E11="X",(D11-C11),"0") -> 0 | F43: =IF(F11="X",(D11-C11),"0") -> 2 | G43: =IF(G11="X",(D11-C11),"0") -> 0 | H43: =IF(H11="X",(D11-C11),"0") -> 0 | I43: =IF(I11="X",(D11-C11),"0") -> 0 | J43: =IF(J11="X",(D11-C11),"0") -> 2 | K43: =IF(K11="X",(D11-C11),"0") -> 0 | L43: =IF(L11="X",(D11-C11),"0") -> 0 | M43: =IF(M11="X",(D11-C11),"0") -> 2 | N43: =IF(N11="X",(D11-C11),"0") -> 0 | O43: =IF(O11="X",(D11-C11),"0") -> 2 | P43: =IF(P11="X",(D11-C11),"0") -> 0 | Q43: =IF(Q11="X",(D11-C11),"0") -> 0 | R43: =IF(R11="X",(D11-C11),"0") -> 0 | S43: =IF(S11="X",(D11-C11),"0") -> 2 | T43: =IF(T11="X",(D11-C11),"0") -> 0
E44: =IF(E12="X",(D12-C12),"0") -> 0 | F44: =IF(F12="X",(D12-C12),"0") -> 0 | G44: =IF(G12="X",(D12-C12),"0") -> 2 | H44: =IF(H12="X",(D12-C12),"0") -> 0 | I44: =IF(I12="X",(D12-C12),"0") -> 0 | J44: =IF(J12="X",(D12-C12),"0") -> 2 | K44: =IF(K12="X",(D12-C12),"0") -> 0 | L44: =IF(L12="X",(D12-C12),"0") -> 0 | M44: =IF(M12="X",(D12-C12),"0") -> 2 | N44: =IF(N12="X",(D12-C12),"0") -> 0 | O44: =IF(O12="X",(D12-C12),"0") -> 2 | P44: =IF(P12="X",(D12-C12),"0") -> 0 | Q44: =IF(Q12="X",(D12-C12),"0") -> 0 | R44: =IF(R12="X",(D12-C12),"0") -> 0 | S44: =IF(S12="X",(D12-C12),"0") -> 2 | T44: =IF(T12="X",(D12-C12),"0") -> 0
E45: =IF(E13="X",(D13-C13),"0") -> 0 | F45: =IF(F13="X",(D13-C13),"0") -> 9 | G45: =IF(G13="X",(D13-C13),"0") -> 0 | H45: =IF(H13="X",(D13-C13),"0") -> 0 | I45: =IF(I13="X",(D13-C13),"0") -> 0 | J45: =IF(J13="X",(D13-C13),"0") -> 9 | K45: =IF(K13="X",(D13-C13),"0") -> 0 | L45: =IF(L13="X",(D13-C13),"0") -> 0 | M45: =IF(M13="X",(D13-C13),"0") -> 9 | N45: =IF(N13="X",(D13-C13),"0") -> 0 | O45: =IF(O13="X",(D13-C13),"0") -> 9 | P45: =IF(P13="X",(D13-C13),"0") -> 0 | Q45: =IF(Q13="X",(D13-C13),"0") -> 0 | R45: =IF(R13="X",(D13-C13),"0") -> 0 | S45: =IF(S13="X",(D13-C13),"0") -> 9 | T45: =IF(T13="X",(D13-C13),"0") -> 0
E46: =IF(E14="X",(D14-C14),"0") -> 0 | F46: =IF(F14="X",(D14-C14),"0") -> 7 | G46: =IF(G14="X",(D14-C14),"0") -> 0 | H46: =IF(H14="X",(D14-C14),"0") -> 0 | I46: =IF(I14="X",(D14-C14),"0") -> 0 | J46: =IF(J14="X",(D14-C14),"0") -> 7 | K46: =IF(K14="X",(D14-C14),"0") -> 0 | L46: =IF(L14="X",(D14-C14),"0") -> 0 | M46: =IF(M14="X",(D14-C14),"0") -> 7 | N46: =IF(N14="X",(D14-C14),"0") -> 0 | O46: =IF(O14="X",(D14-C14),"0") -> 7 | P46: =IF(P14="X",(D14-C14),"0") -> 0 | Q46: =IF(Q14="X",(D14-C14),"0") -> 0 | R46: =IF(R14="X",(D14-C14),"0") -> 0 | S46: =IF(S14="X",(D14-C14),"0") -> 7 | T46: =IF(T14="X",(D14-C14),"0") -> 0
E47: =IF(E15="X",(D15-C15),"0") -> 0 | F47: =IF(F15="X",(D15-C15),"0") -> 10 | G47: =IF(G15="X",(D15-C15),"0") -> 0 | H47: =IF(H15="X",(D15-C15),"0") -> 0 | I47: =IF(I15="X",(D15-C15),"0") -> 0 | J47: =IF(J15="X",(D15-C15),"0") -> 10 | K47: =IF(K15="X",(D15-C15),"0") -> 0 | L47: =IF(L15="X",(D15-C15),"0") -> 0 | M47: =IF(M15="X",(D15-C15),"0") -> 10 | N47: =IF(N15="X",(D15-C15),"0") -> 0 | O47: =IF(O15="X",(D15-C15),"0") -> 10 | P47: =IF(P15="X",(D15-C15),"0") -> 0 | Q47: =IF(Q15="X",(D15-C15),"0") -> 0 | R47: =IF(R15="X",(D15-C15),"0") -> 0 | S47: =IF(S15="X",(D15-C15),"0") -> 10 | T47: =IF(T15="X",(D15-C15),"0") -> 0
E48: =IF(E16="X",(D16-C16),"0") -> 10 | F48: =IF(F16="X",(D16-C16),"0") -> 0 | G48: =IF(G16="X",(D16-C16),"0") -> 0 | H48: =IF(H16="X",(D16-C16),"0") -> 0 | I48: =IF(I16="X",(D16-C16),"0") -> 0 | J48: =IF(J16="X",(D16-C16),"0") -> 10 | K48: =IF(K16="X",(D16-C16),"0") -> 0 | L48: =IF(L16="X",(D16-C16),"0") -> 0 | M48: =IF(M16="X",(D16-C16),"0") -> 10 | N48: =IF(N16="X",(D16-C16),"0") -> 0 | O48: =IF(O16="X",(D16-C16),"0") -> 10 | P48: =IF(P16="X",(D16-C16),"0") -> 0 | Q48: =IF(Q16="X",(D16-C16),"0") -> 0 | R48: =IF(R16="X",(D16-C16),"0") -> 0 | S48: =IF(S16="X",(D16-C16),"0") -> 10 | T48: =IF(T16="X",(D16-C16),"0") -> 0
E49: =IF(E17="X",(D17-C17),"0") -> 0 | F49: =IF(F17="X",(D17-C17),"0") -> 3 | G49: =IF(G17="X",(D17-C17),"0") -> 0 | H49: =IF(H17="X",(D17-C17),"0") -> 0 | I49: =IF(I17="X",(D17-C17),"0") -> 0 | J49: =IF(J17="X",(D17-C17),"0") -> 3 | K49: =IF(K17="X",(D17-C17),"0") -> 0 | L49: =IF(L17="X",(D17-C17),"0") -> 0 | M49: =IF(M17="X",(D17-C17),"0") -> 3 | N49: =IF(N17="X",(D17-C17),"0") -> 3 | O49: =IF(O17="X",(D17-C17),"0") -> 3 | P49: =IF(P17="X",(D17-C17),"0") -> 0 | Q49: =IF(Q17="X",(D17-C17),"0") -> 0 | R49: =IF(R17="X",(D17-C17),"0") -> 0 | S49: =IF(S17="X",(D17-C17),"0") -> 3 | T49: =IF(T17="X",(D17-C17),"0") -> 0
E50: =IF(E18="X",(D18-C18),"0") -> 0 | F50: =IF(F18="X",(D18-C18),"0") -> 2.45 | G50: =IF(G18="X",(D18-C18),"0") -> 0 | H50: =IF(H18="X",(D18-C18),"0") -> 0 | I50: =IF(I18="X",(D18-C18),"0") -> 0 | J50: =IF(J18="X",(D18-C18),"0") -> 2.45 | K50: =IF(K18="X",(D18-C18),"0") -> 0 | L50: =IF(L18="X",(D18-C18),"0") -> 0 | M50: =IF(M18="X",(D18-C18),"0") -> 2.45 | N50: =IF(N18="X",(D18-C18),"0") -> 0 | O50: =IF(O18="X",(D18-C18),"0") -> 2.45 | P50: =IF(P18="X",(D18-C18),"0") -> 0 | Q50: =IF(Q18="X",(D18-C18),"0") -> 0 | R50: =IF(R18="X",(D18-C18),"0") -> 0 | S50: =IF(S18="X",(D18-C18),"0") -> 2.45 | T50: =IF(T18="X",(D18-C18),"0") -> 0
... E126: =IF(E94="X",(D94-C94),"0") -> 0 | F126: =IF(F94="X",(D94-C94),"0") -> 0 | G126: =IF(G94="X",(D94-C94),"0") -> 0 | H126: =IF(H94="X",(D94-C94),"0") -> 0 | I126: =IF(I94="X",(D94-C94),"0") -> 0 | J126: =IF(J94="X",(D94-C94),"0") -> 0 | K126: =IF(K94="X",(D94-C94),"0") -> 0 | L126: =IF(L94="X",(D94-C94),"0") -> 0 | M126: =IF(M94="X",(D94-C94),"0") -> 0 | N126: =IF(N94="X",(D94-C94),"0") -> 0 | O126: =IF(O94="X",(D94-C94),"0") -> 0 | P126: =IF(P94="X",(D94-C94),"0") -> 0 | Q126: =IF(Q94="X",(D94-C94),"0") -> 0 | R126: =IF(R94="X",(D94-C94),"0") -> 0 | S126: =IF(S94="X",(D94-C94),"0") -> 0 | T126: =IF(T94="X",(D94-C94),"0") -> 0
E127: =SUM(E39:E126) -> 10 | F127: =SUM(F39:F126) -> 42.45 | G127: =SUM(G39:G126) -> 5 | H127: =SUM(H39:H126) -> 0 | I127: =SUM(I39:I126) -> 0 | J127: =SUM(J39:J126) -> 57.45 | K127: =SUM(K39:K126) -> 0 | L127: =SUM(L39:L126) -> 8 | ... T127: =SUM(T39:T126) -> 0

Sheet 256
A1: PROGRAMA DE MANUTENÇÃORODOVIÁRIA
D2: RODOVIAS PAVIMENTADAS | I2: DATA: | J2: 46204 | N2: TÉCNICO RESP. | O2: ='247'!O2 -> ENG. THIAGO TORQUATO
A3: FICHA DE INSPEÇÃO: | B3: ='T.T.'!C14 -> RODOVIA TO-110 - TRECHO ENTR. TO-040 - PONTE ALTA DO BOM JESUS | O3: REGIÃO: | P3: 13
A5: S.R.E. | B5: SENTIDO | C5: INÍCIO (KM) | D5: FIM (KM) | E5: CONDIÇÃO DO PAVIMENTO | J5: VEGETAÇÃO | L5: ELEM. DE DRENAGEM | O5: SIN. HOR. | R5: SIN. VERTICAL | U5: OBSERV.
E6: BOM | F6: REM. I. | G6: REM. L | H6: BUR. I | I6: BUR. L | J6: ADEQ. | K6: INADED. | L6: LIMPOS | M6: SUJOS | N6: DAN. | O6: BOM | P6: REG. | Q6: INEXIST. | R6: BOM | S6: POUCAS | T6: INEXIST.
A7: 110ETO0190 | B7: C | C7: 0 | D7: 3.92 | G7: X | J7: X | N7: X | O7: X | S7: X | U7: 3,92 km
A8: 110ETO0180 | B8: C | C8: 0 | D8: 2 | H8: X | K8: X | M8: X | O8: X | S8: X | U8: 19,87 km
C9: 2 | D9: 3 | H9: X | K9: X | M9: X | O9: X | S9: X
C10: 3 | D10: 7 | H10: X | K10: X | M10: X | O10: X | S10: X
C11: 7 | D11: 9.2 | H11: X | K11: X | M11: X | O11: X | S11: X
C12: 9.2 | D12: 10 | H12: X | K12: X | M12: X | O12: X | S12: X
C13: 10 | D13: 11 | E13: X | F13: X | J13: X | M13: X | O13: X | S13: X
C14: 11 | D14: 17 | E14: X | J14: X | M14: X | O14: X | S14: X
C15: 17 | D15: 19.87 | F15: X | J15: X | M15: X | O15: X | S15: X
A16: 110ETO0170 | B16: C | C16: 0 | D16: 1 | F16: X | J16: X | M16: X | O16: X | S16: X | U16: 5,36 km
C17: 1 | D17: 2 | F17: X | J17: X | M17: X | O17: X | S17: X
C18: 2 | D18: 4 | F18: X | J18: X | M18: X | O18: X | S18: X
C19: 4 | D19: 5.36 | F19: X | J19: X | M19: X | O19: X | S19: X
A20: 110ETO0160 | B20: C | C20: 0 | D20: 1.1 | G20: X | J20: X | M20: X | O20: X | S20: X | U20: 3,77 km
D21: 3.77 | E21: X | J21: X | M21: X | O21: X | S21: X
A22: 110ETO0150 | B22: C | C22: 0 | D22: 4 | E22: X | J22: X | M22: X | O22: X | S22: X | U22: 5,08 Km
C23: 4 | D23: 5.08 | G23: X | J23: X | M23: X | O23: X | S23: X
A32: LEGENDA | B32: CONDIÇÃO DO PAVIMENTO
A33: REM. I | B33: REMENDOS ISOLADOS | E33: ATÉ 10 REMENDOS/KM | I33: BUR. I | J33: BURACOS ISOLADOS | M33: ATÉ 5 BURACOS/KM
A34: REM. L | B34: REMENDOS AO LONGO | E34: MAIS DE 10 REMENDOS/KM | I34: BUR. L | J34: BURACOS AO LONGO | M34: MAIS DE 5 BURACOS/KM
E39: =IF(E7="X",(D7-C7),"0") -> 0 | F39: =IF(F7="X",(D7-C7),"0") -> 0 | G39: =IF(G7="X",(D7-C7),"0") -> 3.92 | H39: =IF(H7="X",(D7-C7),"0") -> 0 | I39: =IF(I7="X",(D7-C7),"0") -> 0 | J39: =IF(J7="X",(D7-C7),"0") -> 3.92 | K39: =IF(K7="X",(D7-C7),"0") -> 0 | L39: =IF(L7="X",(D7-C7),"0") -> 0 | M39: =IF(M7="X",(D7-C7),"0") -> 0 | N39: =IF(N7="X",(D7-C7),"0") -> 3.92 | O39: =IF(O7="X",(D7-C7),"0") -> 3.92 | P39: =IF(P7="X",(D7-C7),"0") -> 0 | Q39: =IF(Q7="X",(D7-C7),"0") -> 0 | R39: =IF(R7="X",(D7-C7),"0") -> 0 | S39: =IF(S7="X",(D7-C7),"0") -> 3.92 | T39: =IF(T7="X",(D7-C7),"0") -> 0
E40: =IF(E8="X",(D8-C8),"0") -> 0 | F40: =IF(F8="X",(D8-C8),"0") -> 0 | G40: =IF(G8="X",(D8-C8),"0") -> 0 | H40: =IF(H8="X",(D8-C8),"0") -> 2 | I40: =IF(I8="X",(D8-C8),"0") -> 0 | J40: =IF(J8="X",(D8-C8),"0") -> 0 | K40: =IF(K8="X",(D8-C8),"0") -> 2 | L40: =IF(L8="X",(D8-C8),"0") -> 0 | M40: =IF(M8="X",(D8-C8),"0") -> 2 | N40: =IF(N8="X",(D8-C8),"0") -> 0 | O40: =IF(O8="X",(D8-C8),"0") -> 2 | P40: =IF(P8="X",(D8-C8),"0") -> 0 | Q40: =IF(Q8="X",(D8-C8),"0") -> 0 | R40: =IF(R8="X",(D8-C8),"0") -> 0 | S40: =IF(S8="X",(D8-C8),"0") -> 2 | T40: =IF(T8="X",(D8-C8),"0") -> 0
E41: =IF(E9="X",(D9-C9),"0") -> 0 | F41: =IF(F9="X",(D9-C9),"0") -> 0 | G41: =IF(G9="X",(D9-C9),"0") -> 0 | H41: =IF(H9="X",(D9-C9),"0") -> 1 | I41: =IF(I9="X",(D9-C9),"0") -> 0 | J41: =IF(J9="X",(D9-C9),"0") -> 0 | K41: =IF(K9="X",(D9-C9),"0") -> 1 | L41: =IF(L9="X",(D9-C9),"0") -> 0 | M41: =IF(M9="X",(D9-C9),"0") -> 1 | N41: =IF(N9="X",(D9-C9),"0") -> 0 | O41: =IF(O9="X",(D9-C9),"0") -> 1 | P41: =IF(P9="X",(D9-C9),"0") -> 0 | Q41: =IF(Q9="X",(D9-C9),"0") -> 0 | R41: =IF(R9="X",(D9-C9),"0") -> 0 | S41: =IF(S9="X",(D9-C9),"0") -> 1 | T41: =IF(T9="X",(D9-C9),"0") -> 0
E42: =IF(E10="X",(D10-C10),"0") -> 0 | F42: =IF(F10="X",(D10-C10),"0") -> 0 | G42: =IF(G10="X",(D10-C10),"0") -> 0 | H42: =IF(H10="X",(D10-C10),"0") -> 4 | I42: =IF(I10="X",(D10-C10),"0") -> 0 | J42: =IF(J10="X",(D10-C10),"0") -> 0 | K42: =IF(K10="X",(D10-C10),"0") -> 4 | L42: =IF(L10="X",(D10-C10),"0") -> 0 | M42: =IF(M10="X",(D10-C10),"0") -> 4 | N42: =IF(N10="X",(D10-C10),"0") -> 0 | O42: =IF(O10="X",(D10-C10),"0") -> 4 | P42: =IF(P10="X",(D10-C10),"0") -> 0 | Q42: =IF(Q10="X",(D10-C10),"0") -> 0 | R42: =IF(R10="X",(D10-C10),"0") -> 0 | S42: =IF(S10="X",(D10-C10),"0") -> 4 | T42: =IF(T10="X",(D10-C10),"0") -> 0
E43: =IF(E11="X",(D11-C11),"0") -> 0 | F43: =IF(F11="X",(D11-C11),"0") -> 0 | G43: =IF(G11="X",(D11-C11),"0") -> 0 | H43: =IF(H11="X",(D11-C11),"0") -> 2.2 | I43: =IF(I11="X",(D11-C11),"0") -> 0 | J43: =IF(J11="X",(D11-C11),"0") -> 0 | K43: =IF(K11="X",(D11-C11),"0") -> 2.2 | L43: =IF(L11="X",(D11-C11),"0") -> 0 | M43: =IF(M11="X",(D11-C11),"0") -> 2.2 | N43: =IF(N11="X",(D11-C11),"0") -> 0 | O43: =IF(O11="X",(D11-C11),"0") -> 2.2 | P43: =IF(P11="X",(D11-C11),"0") -> 0 | Q43: =IF(Q11="X",(D11-C11),"0") -> 0 | R43: =IF(R11="X",(D11-C11),"0") -> 0 | S43: =IF(S11="X",(D11-C11),"0") -> 2.2 | T43: =IF(T11="X",(D11-C11),"0") -> 0
E44: =IF(E12="X",(D12-C12),"0") -> 0 | F44: =IF(F12="X",(D12-C12),"0") -> 0 | G44: =IF(G12="X",(D12-C12),"0") -> 0 | H44: =IF(H12="X",(D12-C12),"0") -> 0.8 | I44: =IF(I12="X",(D12-C12),"0") -> 0 | J44: =IF(J12="X",(D12-C12),"0") -> 0 | K44: =IF(K12="X",(D12-C12),"0") -> 0.8 | L44: =IF(L12="X",(D12-C12),"0") -> 0 | M44: =IF(M12="X",(D12-C12),"0") -> 0.8 | N44: =IF(N12="X",(D12-C12),"0") -> 0 | O44: =IF(O12="X",(D12-C12),"0") -> 0.8 | P44: =IF(P12="X",(D12-C12),"0") -> 0 | Q44: =IF(Q12="X",(D12-C12),"0") -> 0 | R44: =IF(R12="X",(D12-C12),"0") -> 0 | S44: =IF(S12="X",(D12-C12),"0") -> 0.8 | T44: =IF(T12="X",(D12-C12),"0") -> 0
E45: =IF(E13="X",(D13-C13),"0") -> 1 | F45: =IF(F13="X",(D13-C13),"0") -> 1 | G45: =IF(G13="X",(D13-C13),"0") -> 0 | H45: =IF(H13="X",(D13-C13),"0") -> 0 | I45: =IF(I13="X",(D13-C13),"0") -> 0 | J45: =IF(J13="X",(D13-C13),"0") -> 1 | K45: =IF(K13="X",(D13-C13),"0") -> 0 | L45: =IF(L13="X",(D13-C13),"0") -> 0 | M45: =IF(M13="X",(D13-C13),"0") -> 1 | N45: =IF(N13="X",(D13-C13),"0") -> 0 | O45: =IF(O13="X",(D13-C13),"0") -> 1 | P45: =IF(P13="X",(D13-C13),"0") -> 0 | Q45: =IF(Q13="X",(D13-C13),"0") -> 0 | R45: =IF(R13="X",(D13-C13),"0") -> 0 | S45: =IF(S13="X",(D13-C13),"0") -> 1 | T45: =IF(T13="X",(D13-C13),"0") -> 0
E46: =IF(E14="X",(D14-C14),"0") -> 6 | F46: =IF(F14="X",(D14-C14),"0") -> 0 | G46: =IF(G14="X",(D14-C14),"0") -> 0 | H46: =IF(H14="X",(D14-C14),"0") -> 0 | I46: =IF(I14="X",(D14-C14),"0") -> 0 | J46: =IF(J14="X",(D14-C14),"0") -> 6 | K46: =IF(K14="X",(D14-C14),"0") -> 0 | L46: =IF(L14="X",(D14-C14),"0") -> 0 | M46: =IF(M14="X",(D14-C14),"0") -> 6 | N46: =IF(N14="X",(D14-C14),"0") -> 0 | O46: =IF(O14="X",(D14-C14),"0") -> 6 | P46: =IF(P14="X",(D14-C14),"0") -> 0 | Q46: =IF(Q14="X",(D14-C14),"0") -> 0 | R46: =IF(R14="X",(D14-C14),"0") -> 0 | S46: =IF(S14="X",(D14-C14),"0") -> 6 | T46: =IF(T14="X",(D14-C14),"0") -> 0
E47: =IF(E15="X",(D15-C15),"0") -> 0 | F47: =IF(F15="X",(D15-C15),"0") -> 2.87 | G47: =IF(G15="X",(D15-C15),"0") -> 0 | H47: =IF(H15="X",(D15-C15),"0") -> 0 | I47: =IF(I15="X",(D15-C15),"0") -> 0 | J47: =IF(J15="X",(D15-C15),"0") -> 2.87 | K47: =IF(K15="X",(D15-C15),"0") -> 0 | L47: =IF(L15="X",(D15-C15),"0") -> 0 | M47: =IF(M15="X",(D15-C15),"0") -> 2.87 | N47: =IF(N15="X",(D15-C15),"0") -> 0 | O47: =IF(O15="X",(D15-C15),"0") -> 2.87 | P47: =IF(P15="X",(D15-C15),"0") -> 0 | Q47: =IF(Q15="X",(D15-C15),"0") -> 0 | R47: =IF(R15="X",(D15-C15),"0") -> 0 | S47: =IF(S15="X",(D15-C15),"0") -> 2.87 | T47: =IF(T15="X",(D15-C15),"0") -> 0
E48: =IF(E16="X",(D16-C16),"0") -> 0 | F48: =IF(F16="X",(D16-C16),"0") -> 1 | G48: =IF(G16="X",(D16-C16),"0") -> 0 | H48: =IF(H16="X",(D16-C16),"0") -> 0 | I48: =IF(I16="X",(D16-C16),"0") -> 0 | J48: =IF(J16="X",(D16-C16),"0") -> 1 | K48: =IF(K16="X",(D16-C16),"0") -> 0 | L48: =IF(L16="X",(D16-C16),"0") -> 0 | M48: =IF(M16="X",(D16-C16),"0") -> 1 | N48: =IF(N16="X",(D16-C16),"0") -> 0 | O48: =IF(O16="X",(D16-C16),"0") -> 1 | P48: =IF(P16="X",(D16-C16),"0") -> 0 | Q48: =IF(Q16="X",(D16-C16),"0") -> 0 | R48: =IF(R16="X",(D16-C16),"0") -> 0 | S48: =IF(S16="X",(D16-C16),"0") -> 1 | T48: =IF(T16="X",(D16-C16),"0") -> 0
E49: =IF(E17="X",(D17-C17),"0") -> 0 | F49: =IF(F17="X",(D17-C17),"0") -> 1 | G49: =IF(G17="X",(D17-C17),"0") -> 0 | H49: =IF(H17="X",(D17-C17),"0") -> 0 | I49: =IF(I17="X",(D17-C17),"0") -> 0 | J49: =IF(J17="X",(D17-C17),"0") -> 1 | K49: =IF(K17="X",(D17-C17),"0") -> 0 | L49: =IF(L17="X",(D17-C17),"0") -> 0 | M49: =IF(M17="X",(D17-C17),"0") -> 1 | N49: =IF(N17="X",(D17-C17),"0") -> 0 | O49: =IF(O17="X",(D17-C17),"0") -> 1 | P49: =IF(P17="X",(D17-C17),"0") -> 0 | Q49: =IF(Q17="X",(D17-C17),"0") -> 0 | R49: =IF(R17="X",(D17-C17),"0") -> 0 | S49: =IF(S17="X",(D17-C17),"0") -> 1 | T49: =IF(T17="X",(D17-C17),"0") -> 0
E50: =IF(E18="X",(D18-C18),"0") -> 0 | F50: =IF(F18="X",(D18-C18),"0") -> 2 | G50: =IF(G18="X",(D18-C18),"0") -> 0 | H50: =IF(H18="X",(D18-C18),"0") -> 0 | I50: =IF(I18="X",(D18-C18),"0") -> 0 | J50: =IF(J18="X",(D18-C18),"0") -> 2 | K50: =IF(K18="X",(D18-C18),"0") -> 0 | L50: =IF(L18="X",(D18-C18),"0") -> 0 | M50: =IF(M18="X",(D18-C18),"0") -> 2 | N50: =IF(N18="X",(D18-C18),"0") -> 0 | O50: =IF(O18="X",(D18-C18),"0") -> 2 | P50: =IF(P18="X",(D18-C18),"0") -> 0 | Q50: =IF(Q18="X",(D18-C18),"0") -> 0 | R50: =IF(R18="X",(D18-C18),"0") -> 0 | S50: =IF(S18="X",(D18-C18),"0") -> 2 | T50: =IF(T18="X",(D18-C18),"0") -> 0
... E126: =IF(E94="X",(D94-C94),"0") -> 0 | F126: =IF(F94="X",(D94-C94),"0") -> 0 | G126: =IF(G94="X",(D94-C94),"0") -> 0 | H126: =IF(H94="X",(D94-C94),"0") -> 0 | I126: =IF(I94="X",(D94-C94),"0") -> 0 | J126: =IF(J94="X",(D94-C94),"0") -> 0 | K126: =IF(K94="X",(D94-C94),"0") -> 0 | L126: =IF(L94="X",(D94-C94),"0") -> 0 | M126: =IF(M94="X",(D94-C94),"0") -> 0 | N126: =IF(N94="X",(D94-C94),"0") -> 0 | O126: =IF(O94="X",(D94-C94),"0") -> 0 | P126: =IF(P94="X",(D94-C94),"0") -> 0 | Q126: =IF(Q94="X",(D94-C94),"0") -> 0 | R126: =IF(R94="X",(D94-C94),"0") -> 0 | S126: =IF(S94="X",(D94-C94),"0") -> 0 | T126: =IF(T94="X",(D94-C94),"0") -> 0
E127: =SUM(E39:E126) -> 14.77 | F127: =SUM(F39:F126) -> 9.23 | G127: =SUM(G39:G126) -> 6.1 | H127: =SUM(H39:H126) -> 10 | I127: =SUM(I39:I126) -> 0 | J127: =SUM(J39:J126) -> 29.1 | K127: =SUM(K39:K126) -> 10 | L127: =SUM(L39:L126) -> 0 | ... T127: =SUM(T39:T126) -> 0

Sheet 257
A1: PROGRAMA DE MANUTENÇÃORODOVIÁRIA
D2: RODOVIAS PAVIMENTADAS | I2: DATA: | J2: 46204 | N2: TÉCNICO RESP. | O2: ='247'!O2 -> ENG. THIAGO TORQUATO
A3: FICHA DE INSPEÇÃO: | B3: ='T.T.'!C15 -> RODOVIA TO-110 - TRECHO LAVANDEIRA - COMBINADO | O3: REGIÃO: | P3: 13
A5: S.R.E. | B5: SENTIDO | C5: INÍCIO (KM) | D5: FIM (KM) | E5: CONDIÇÃO DO PAVIMENTO | J5: VEGETAÇÃO | L5: ELEM. DE DRENAGEM | O5: SIN. HOR. | R5: SIN. VERTICAL | U5: OBSERV.
E6: BOM | F6: REM. I. | G6: REM. L | H6: BUR. I | I6: BUR. L | J6: ADEQ. | K6: INADED. | L6: LIMPOS | M6: SUJOS | N6: DAN. | O6: BOM | P6: REG. | Q6: INEXIST. | R6: BOM | S6: POUCAS | T6: INEXIST.
A7: 110ETO0340 | B7: C | C7: 0 | D7: 0.7 | E7: X | J7: X | M7: X | Q7: X | S7: X | U7: 6,38 km
C8: 0.7 | D8: 1.3 | E8: X | J8: X | M8: X | Q8: X | S8: X
C9: 1.3 | D9: 2 | F9: X | J9: X | M9: X | P9: X | S9: X
C10: 2 | D10: 5 | E10: X | J10: X | M10: X | P10: X | S10: X
C11: 5 | D11: 6.38 | F11: X | J11: X | L11: X | Q11: X | S11: X
A32: LEGENDA | B32: CONDIÇÃO DO PAVIMENTO
A33: REM. I | B33: REMENDOS ISOLADOS | E33: ATÉ 10 REMENDOS/KM | I33: BUR. I | J33: BURACOS ISOLADOS | M33: ATÉ 5 BURACOS/KM
A34: REM. L | B34: REMENDOS AO LONGO | E34: MAIS DE 10 REMENDOS/KM | I34: BUR. L | J34: BURACOS AO LONGO | M34: MAIS DE 5 BURACOS/KM
E39: =IF(E7="X",(D7-C7),"0") -> 0.7 | F39: =IF(F7="X",(D7-C7),"0") -> 0 | G39: =IF(G7="X",(D7-C7),"0") -> 0 | H39: =IF(H7="X",(D7-C7),"0") -> 0 | I39: =IF(I7="X",(D7-C7),"0") -> 0 | J39: =IF(J7="X",(D7-C7),"0") -> 0.7 | K39: =IF(K7="X",(D7-C7),"0") -> 0 | L39: =IF(L7="X",(D7-C7),"0") -> 0 | M39: =IF(M7="X",(D7-C7),"0") -> 0.7 | N39: =IF(N7="X",(D7-C7),"0") -> 0 | O39: =IF(O7="X",(D7-C7),"0") -> 0 | P39: =IF(P7="X",(D7-C7),"0") -> 0 | Q39: =IF(Q7="X",(D7-C7),"0") -> 0.7 | R39: =IF(R7="X",(D7-C7),"0") -> 0 | S39: =IF(S7="X",(D7-C7),"0") -> 0.7 | T39: =IF(T7="X",(D7-C7),"0") -> 0
E40: =IF(E8="X",(D8-C8),"0") -> 0.6 | F40: =IF(F8="X",(D8-C8),"0") -> 0 | G40: =IF(G8="X",(D8-C8),"0") -> 0 | H40: =IF(H8="X",(D8-C8),"0") -> 0 | I40: =IF(I8="X",(D8-C8),"0") -> 0 | J40: =IF(J8="X",(D8-C8),"0") -> 0.6 | K40: =IF(K8="X",(D8-C8),"0") -> 0 | L40: =IF(L8="X",(D8-C8),"0") -> 0 | M40: =IF(M8="X",(D8-C8),"0") -> 0.6 | N40: =IF(N8="X",(D8-C8),"0") -> 0 | O40: =IF(O8="X",(D8-C8),"0") -> 0 | P40: =IF(P8="X",(D8-C8),"0") -> 0 | Q40: =IF(Q8="X",(D8-C8),"0") -> 0.6 | R40: =IF(R8="X",(D8-C8),"0") -> 0 | S40: =IF(S8="X",(D8-C8),"0") -> 0.6 | T40: =IF(T8="X",(D8-C8),"0") -> 0
E41: =IF(E9="X",(D9-C9),"0") -> 0 | F41: =IF(F9="X",(D9-C9),"0") -> 0.7 | G41: =IF(G9="X",(D9-C9),"0") -> 0 | H41: =IF(H9="X",(D9-C9),"0") -> 0 | I41: =IF(I9="X",(D9-C9),"0") -> 0 | J41: =IF(J9="X",(D9-C9),"0") -> 0.7 | K41: =IF(K9="X",(D9-C9),"0") -> 0 | L41: =IF(L9="X",(D9-C9),"0") -> 0 | M41: =IF(M9="X",(D9-C9),"0") -> 0.7 | N41: =IF(N9="X",(D9-C9),"0") -> 0 | O41: =IF(O9="X",(D9-C9),"0") -> 0 | P41: =IF(P9="X",(D9-C9),"0") -> 0.7 | Q41: =IF(Q9="X",(D9-C9),"0") -> 0 | R41: =IF(R9="X",(D9-C9),"0") -> 0 | S41: =IF(S9="X",(D9-C9),"0") -> 0.7 | T41: =IF(T9="X",(D9-C9),"0") -> 0
E42: =IF(E10="X",(D10-C10),"0") -> 3 | F42: =IF(F10="X",(D10-C10),"0") -> 0 | G42: =IF(G10="X",(D10-C10),"0") -> 0 | H42: =IF(H10="X",(D10-C10),"0") -> 0 | I42: =IF(I10="X",(D10-C10),"0") -> 0 | J42: =IF(J10="X",(D10-C10),"0") -> 3 | K42: =IF(K10="X",(D10-C10),"0") -> 0 | L42: =IF(L10="X",(D10-C10),"0") -> 0 | M42: =IF(M10="X",(D10-C10),"0") -> 3 | N42: =IF(N10="X",(D10-C10),"0") -> 0 | O42: =IF(O10="X",(D10-C10),"0") -> 0 | P42: =IF(P10="X",(D10-C10),"0") -> 3 | Q42: =IF(Q10="X",(D10-C10),"0") -> 0 | R42: =IF(R10="X",(D10-C10),"0") -> 0 | S42: =IF(S10="X",(D10-C10),"0") -> 3 | T42: =IF(T10="X",(D10-C10),"0") -> 0
E43: =IF(E11="X",(D11-C11),"0") -> 0 | F43: =IF(F11="X",(D11-C11),"0") -> 1.38 | G43: =IF(G11="X",(D11-C11),"0") -> 0 | H43: =IF(H11="X",(D11-C11),"0") -> 0 | I43: =IF(I11="X",(D11-C11),"0") -> 0 | J43: =IF(J11="X",(D11-C11),"0") -> 1.38 | K43: =IF(K11="X",(D11-C11),"0") -> 0 | L43: =IF(L11="X",(D11-C11),"0") -> 1.38 | M43: =IF(M11="X",(D11-C11),"0") -> 0 | N43: =IF(N11="X",(D11-C11),"0") -> 0 | O43: =IF(O11="X",(D11-C11),"0") -> 0 | P43: =IF(P11="X",(D11-C11),"0") -> 0 | Q43: =IF(Q11="X",(D11-C11),"0") -> 1.38 | R43: =IF(R11="X",(D11-C11),"0") -> 0 | S43: =IF(S11="X",(D11-C11),"0") -> 1.38 | T43: =IF(T11="X",(D11-C11),"0") -> 0
E44: =IF(E12="X",(D12-C12),"0") -> 0 | F44: =IF(F12="X",(D12-C12),"0") -> 0 | G44: =IF(G12="X",(D12-C12),"0") -> 0 | H44: =IF(H12="X",(D12-C12),"0") -> 0 | I44: =IF(I12="X",(D12-C12),"0") -> 0 | J44: =IF(J12="X",(D12-C12),"0") -> 0 | K44: =IF(K12="X",(D12-C12),"0") -> 0 | L44: =IF(L12="X",(D12-C12),"0") -> 0 | M44: =IF(M12="X",(D12-C12),"0") -> 0 | N44: =IF(N12="X",(D12-C12),"0") -> 0 | O44: =IF(O12="X",(D12-C12),"0") -> 0 | P44: =IF(P12="X",(D12-C12),"0") -> 0 | Q44: =IF(Q12="X",(D12-C12),"0") -> 0 | R44: =IF(R12="X",(D12-C12),"0") -> 0 | S44: =IF(S12="X",(D12-C12),"0") -> 0 | T44: =IF(T12="X",(D12-C12),"0") -> 0
E45: =IF(E13="X",(D13-C13),"0") -> 0 | F45: =IF(F13="X",(D13-C13),"0") -> 0 | G45: =IF(G13="X",(D13-C13),"0") -> 0 | H45: =IF(H13="X",(D13-C13),"0") -> 0 | I45: =IF(I13="X",(D13-C13),"0") -> 0 | J45: =IF(J13="X",(D13-C13),"0") -> 0 | K45: =IF(K13="X",(D13-C13),"0") -> 0 | L45: =IF(L13="X",(D13-C13),"0") -> 0 | M45: =IF(M13="X",(D13-C13),"0") -> 0 | N45: =IF(N13="X",(D13-C13),"0") -> 0 | O45: =IF(O13="X",(D13-C13),"0") -> 0 | P45: =IF(P13="X",(D13-C13),"0") -> 0 | Q45: =IF(Q13="X",(D13-C13),"0") -> 0 | R45: =IF(R13="X",(D13-C13),"0") -> 0 | S45: =IF(S13="X",(D13-C13),"0") -> 0 | T45: =IF(T13="X",(D13-C13),"0") -> 0
E46: =IF(E14="X",(D14-C14),"0") -> 0 | F46: =IF(F14="X",(D14-C14),"0") -> 0 | G46: =IF(G14="X",(D14-C14),"0") -> 0 | H46: =IF(H14="X",(D14-C14),"0") -> 0 | I46: =IF(I14="X",(D14-C14),"0") -> 0 | J46: =IF(J14="X",(D14-C14),"0") -> 0 | K46: =IF(K14="X",(D14-C14),"0") -> 0 | L46: =IF(L14="X",(D14-C14),"0") -> 0 | M46: =IF(M14="X",(D14-C14),"0") -> 0 | N46: =IF(N14="X",(D14-C14),"0") -> 0 | O46: =IF(O14="X",(D14-C14),"0") -> 0 | P46: =IF(P14="X",(D14-C14),"0") -> 0 | Q46: =IF(Q14="X",(D14-C14),"0") -> 0 | R46: =IF(R14="X",(D14-C14),"0") -> 0 | S46: =IF(S14="X",(D14-C14),"0") -> 0 | T46: =IF(T14="X",(D14-C14),"0") -> 0
E47: =IF(E15="X",(D15-C15),"0") -> 0 | F47: =IF(F15="X",(D15-C15),"0") -> 0 | G47: =IF(G15="X",(D15-C15),"0") -> 0 | H47: =IF(H15="X",(D15-C15),"0") -> 0 | I47: =IF(I15="X",(D15-C15),"0") -> 0 | J47: =IF(J15="X",(D15-C15),"0") -> 0 | K47: =IF(K15="X",(D15-C15),"0") -> 0 | L47: =IF(L15="X",(D15-C15),"0") -> 0 | M47: =IF(M15="X",(D15-C15),"0") -> 0 | N47: =IF(N15="X",(D15-C15),"0") -> 0 | O47: =IF(O15="X",(D15-C15),"0") -> 0 | P47: =IF(P15="X",(D15-C15),"0") -> 0 | Q47: =IF(Q15="X",(D15-C15),"0") -> 0 | R47: =IF(R15="X",(D15-C15),"0") -> 0 | S47: =IF(S15="X",(D15-C15),"0") -> 0 | T47: =IF(T15="X",(D15-C15),"0") -> 0
E48: =IF(E16="X",(D16-C16),"0") -> 0 | F48: =IF(F16="X",(D16-C16),"0") -> 0 | G48: =IF(G16="X",(D16-C16),"0") -> 0 | H48: =IF(H16="X",(D16-C16),"0") -> 0 | I48: =IF(I16="X",(D16-C16),"0") -> 0 | J48: =IF(J16="X",(D16-C16),"0") -> 0 | K48: =IF(K16="X",(D16-C16),"0") -> 0 | L48: =IF(L16="X",(D16-C16),"0") -> 0 | M48: =IF(M16="X",(D16-C16),"0") -> 0 | N48: =IF(N16="X",(D16-C16),"0") -> 0 | O48: =IF(O16="X",(D16-C16),"0") -> 0 | P48: =IF(P16="X",(D16-C16),"0") -> 0 | Q48: =IF(Q16="X",(D16-C16),"0") -> 0 | R48: =IF(R16="X",(D16-C16),"0") -> 0 | S48: =IF(S16="X",(D16-C16),"0") -> 0 | T48: =IF(T16="X",(D16-C16),"0") -> 0
E49: =IF(E17="X",(D17-C17),"0") -> 0 | F49: =IF(F17="X",(D17-C17),"0") -> 0 | G49: =IF(G17="X",(D17-C17),"0") -> 0 | H49: =IF(H17="X",(D17-C17),"0") -> 0 | I49: =IF(I17="X",(D17-C17),"0") -> 0 | J49: =IF(J17="X",(D17-C17),"0") -> 0 | K49: =IF(K17="X",(D17-C17),"0") -> 0 | L49: =IF(L17="X",(D17-C17),"0") -> 0 | M49: =IF(M17="X",(D17-C17),"0") -> 0 | N49: =IF(N17="X",(D17-C17),"0") -> 0 | O49: =IF(O17="X",(D17-C17),"0") -> 0 | P49: =IF(P17="X",(D17-C17),"0") -> 0 | Q49: =IF(Q17="X",(D17-C17),"0") -> 0 | R49: =IF(R17="X",(D17-C17),"0") -> 0 | S49: =IF(S17="X",(D17-C17),"0") -> 0 | T49: =IF(T17="X",(D17-C17),"0") -> 0
E50: =IF(E18="X",(D18-C18),"0") -> 0 | F50: =IF(F18="X",(D18-C18),"0") -> 0 | G50: =IF(G18="X",(D18-C18),"0") -> 0 | H50: =IF(H18="X",(D18-C18),"0") -> 0 | I50: =IF(I18="X",(D18-C18),"0") -> 0 | J50: =IF(J18="X",(D18-C18),"0") -> 0 | K50: =IF(K18="X",(D18-C18),"0") -> 0 | L50: =IF(L18="X",(D18-C18),"0") -> 0 | M50: =IF(M18="X",(D18-C18),"0") -> 0 | N50: =IF(N18="X",(D18-C18),"0") -> 0 | O50: =IF(O18="X",(D18-C18),"0") -> 0 | P50: =IF(P18="X",(D18-C18),"0") -> 0 | Q50: =IF(Q18="X",(D18-C18),"0") -> 0 | R50: =IF(R18="X",(D18-C18),"0") -> 0 | S50: =IF(S18="X",(D18-C18),"0") -> 0 | T50: =IF(T18="X",(D18-C18),"0") -> 0
... E126: =IF(E94="X",(D94-C94),"0") -> 0 | F126: =IF(F94="X",(D94-C94),"0") -> 0 | G126: =IF(G94="X",(D94-C94),"0") -> 0 | H126: =IF(H94="X",(D94-C94),"0") -> 0 | I126: =IF(I94="X",(D94-C94),"0") -> 0 | J126: =IF(J94="X",(D94-C94),"0") -> 0 | K126: =IF(K94="X",(D94-C94),"0") -> 0 | L126: =IF(L94="X",(D94-C94),"0") -> 0 | M126: =IF(M94="X",(D94-C94),"0") -> 0 | N126: =IF(N94="X",(D94-C94),"0") -> 0 | O126: =IF(O94="X",(D94-C94),"0") -> 0 | P126: =IF(P94="X",(D94-C94),"0") -> 0 | Q126: =IF(Q94="X",(D94-C94),"0") -> 0 | R126: =IF(R94="X",(D94-C94),"0") -> 0 | S126: =IF(S94="X",(D94-C94),"0") -> 0 | T126: =IF(T94="X",(D94-C94),"0") -> 0
E127: =SUM(E39:E126) -> 4.3 | F127: =SUM(F39:F126) -> 2.08 | G127: =SUM(G39:G126) -> 0 | H127: =SUM(H39:H126) -> 0 | I127: =SUM(I39:I126) -> 0 | J127: =SUM(J39:J126) -> 6.38 | K127: =SUM(K39:K126) -> 0 | L127: =SUM(L39:L126) -> 1.38 | ... T127: =SUM(T39:T126) -> 0

Sheet 258
A1: PROGRAMA DE MANUTENÇÃORODOVIÁRIA
D2: RODOVIAS PAVIMENTADAS | I2: DATA: | J2: 46204 | N2: TÉCNICO RESP. | O2: ='247'!O2 -> ENG. THIAGO TORQUATO
A3: FICHA DE INSPEÇÃO: | B3: ='T.T.'!C16 -> RODOVIA TO-110 - TRECHO PONTE ALTA DO BOM JESUS - ENTR. BR-242(TAGUATINGA) | O3: REGIÃO: | P3: 13
A5: S.R.E. | B5: SENTIDO | C5: INÍCIO (KM) | D5: FIM (KM) | E5: CONDIÇÃO DO PAVIMENTO | J5: VEGETAÇÃO | L5: ELEM. DE DRENAGEM | O5: SIN. HOR. | R5: SIN. VERTICAL | U5: OBSERV.
E6: BOM | F6: REM. I. | G6: REM. L | H6: BUR. I | I6: BUR. L | J6: ADEQ. | K6: INADED. | L6: LIMPOS | M6: SUJOS | N6: DAN. | O6: BOM | P6: REG. | Q6: INEXIST. | R6: BOM | S6: POUCAS | T6: INEXIST.
A7: 110ETO0230 | B7: C | C7: 0 | D7: 1.1 | E7: X | F7: X | J7: X | M7: X | O7: X | S7: X | U7: 19,02 km
C8: 1.1 | D8: 4 | E8: X | J8: X | M8: X | O8: X | S8: X
C9: 4 | D9: 5 | G9: X | J9: X | M9: X | O9: X | S9: X
C10: 5 | D10: 12 | E10: X | M10: X | O10: X | S10: X
C11: 12 | D11: 13 | I11: X | M11: X | O11: X | S11: X
C12: 13 | D12: 13.1 | I12: X | M12: X | O12: X | S12: X
C13: 13.1 | D13: 14 | I13: X | M13: X | O13: X | S13: X
C14: 14 | D14: 15 | E14: X | M14: X | O14: X | S14: X
C15: 15 | D15: 16 | G15: X | J15: X | M15: X | O15: X | S15: X
C16: 16 | D16: 17.4 | E16: X | J16: X | M16: X | O16: X | S16: X
C17: 17.4 | D17: 19.02 | F17: X | J17: X | M17: X | O17: X | S17: X
A18: 110ETO0220 | B18: C | C18: 0 | D18: 0.2 | G18: X | J18: X | N18: X | O18: X | S18: X | U18: 9,17 km
C19: 0.2 | D19: 1 | E19: X | J19: X | M19: X | O19: X | S19: X
C20: 1 | D20: 2.2 | E20: X | J20: X | M20: X | O20: X | S20: X
C21: 2.2 | D21: 4 | J21: X | M21: X | O21: X | S21: X
C22: 4 | D22: 6 | E22: X | J22: X | M22: X | O22: X | S22: X
C23: 6 | D23: 7 | E23: X | J23: X | M23: X | O23: X | S23: X
C24: 7 | D24: 8 | G24: X | J24: X | M24: X | O24: X | S24: X
C25: 8 | D25: 9.17 | G25: X | J25: X | M25: X | O25: X | S25: X
A26: 110ETO0210 | B26: C | C26: 0 | D26: 1 | E26: X | J26: X | M26: X | O26: X | S26: X | U26: 7,31 km
C27: 1 | D27: 2 | E27: X | J27: X | M27: X | O27: X | S27: X
C28: 2 | D28: 3.2 | H28: X | J28: X | M28: X | O28: X | S28: X
C29: 3.2 | D29: 6 | E29: X | J29: X | M29: X | O29: X | S29: X
C30: 6 | D30: 7.31 | G30: X | J30: X | N30: X | O30: X | S30: X
A35: LEGENDA | B35: CONDIÇÃO DO PAVIMENTO
A36: REM. I | B36: REMENDOS ISOLADOS | E36: ATÉ 10 REMENDOS/KM | I36: BUR. I | J36: BURACOS ISOLADOS | M36: ATÉ 5 BURACOS/KM
A37: REM. L | B37: REMENDOS AO LONGO | E37: MAIS DE 10 REMENDOS/KM | I37: BUR. L | J37: BURACOS AO LONGO | M37: MAIS DE 5 BURACOS/KM
E42: =IF(E7="X",(D7-C7),"0") -> 1.1 | F42: =IF(F7="X",(D7-C7),"0") -> 1.1 | G42: =IF(G7="X",(D7-C7),"0") -> 0 | H42: =IF(H7="X",(D7-C7),"0") -> 0 | I42: =IF(I7="X",(D7-C7),"0") -> 0 | J42: =IF(J7="X",(D7-C7),"0") -> 1.1 | K42: =IF(K7="X",(D7-C7),"0") -> 0 | L42: =IF(L7="X",(D7-C7),"0") -> 0 | M42: =IF(M7="X",(D7-C7),"0") -> 1.1 | N42: =IF(N7="X",(D7-C7),"0") -> 0 | O42: =IF(O7="X",(D7-C7),"0") -> 1.1 | P42: =IF(P7="X",(D7-C7),"0") -> 0 | Q42: =IF(Q7="X",(D7-C7),"0") -> 0 | R42: =IF(R7="X",(D7-C7),"0") -> 0 | S42: =IF(S7="X",(D7-C7),"0") -> 1.1 | T42: =IF(T7="X",(D7-C7),"0") -> 0
E43: =IF(E8="X",(D8-C8),"0") -> 2.9 | F43: =IF(F8="X",(D8-C8),"0") -> 0 | G43: =IF(G8="X",(D8-C8),"0") -> 0 | H43: =IF(H8="X",(D8-C8),"0") -> 0 | I43: =IF(I8="X",(D8-C8),"0") -> 0 | J43: =IF(J8="X",(D8-C8),"0") -> 2.9 | K43: =IF(K8="X",(D8-C8),"0") -> 0 | L43: =IF(L8="X",(D8-C8),"0") -> 0 | M43: =IF(M8="X",(D8-C8),"0") -> 2.9 | N43: =IF(N8="X",(D8-C8),"0") -> 0 | O43: =IF(O8="X",(D8-C8),"0") -> 2.9 | P43: =IF(P8="X",(D8-C8),"0") -> 0 | Q43: =IF(Q8="X",(D8-C8),"0") -> 0 | R43: =IF(R8="X",(D8-C8),"0") -> 0 | S43: =IF(S8="X",(D8-C8),"0") -> 2.9 | T43: =IF(T8="X",(D8-C8),"0") -> 0
E44: =IF(E9="X",(D9-C9),"0") -> 0 | F44: =IF(F9="X",(D9-C9),"0") -> 0 | G44: =IF(G9="X",(D9-C9),"0") -> 1 | H44: =IF(H9="X",(D9-C9),"0") -> 0 | I44: =IF(I9="X",(D9-C9),"0") -> 0 | J44: =IF(J9="X",(D9-C9),"0") -> 1 | K44: =IF(K9="X",(D9-C9),"0") -> 0 | L44: =IF(L9="X",(D9-C9),"0") -> 0 | M44: =IF(M9="X",(D9-C9),"0") -> 1 | N44: =IF(N9="X",(D9-C9),"0") -> 0 | O44: =IF(O9="X",(D9-C9),"0") -> 1 | P44: =IF(P9="X",(D9-C9),"0") -> 0 | Q44: =IF(Q9="X",(D9-C9),"0") -> 0 | R44: =IF(R9="X",(D9-C9),"0") -> 0 | S44: =IF(S9="X",(D9-C9),"0") -> 1 | T44: =IF(T9="X",(D9-C9),"0") -> 0
E45: =IF(E10="X",(D10-C10),"0") -> 7 | F45: =IF(F10="X",(D10-C10),"0") -> 0 | G45: =IF(G10="X",(D10-C10),"0") -> 0 | H45: =IF(H10="X",(D10-C10),"0") -> 0 | I45: =IF(I10="X",(D10-C10),"0") -> 0 | J45: =IF(J10="X",(D10-C10),"0") -> 0 | K45: =IF(K10="X",(D10-C10),"0") -> 0 | L45: =IF(L10="X",(D10-C10),"0") -> 0 | M45: =IF(M10="X",(D10-C10),"0") -> 7 | N45: =IF(N10="X",(D10-C10),"0") -> 0 | O45: =IF(O10="X",(D10-C10),"0") -> 7 | P45: =IF(P10="X",(D10-C10),"0") -> 0 | Q45: =IF(Q10="X",(D10-C10),"0") -> 0 | R45: =IF(R10="X",(D10-C10),"0") -> 0 | S45: =IF(S10="X",(D10-C10),"0") -> 7 | T45: =IF(T10="X",(D10-C10),"0") -> 0
E46: =IF(E11="X",(D11-C11),"0") -> 0 | F46: =IF(F11="X",(D11-C11),"0") -> 0 | G46: =IF(G11="X",(D11-C11),"0") -> 0 | H46: =IF(H11="X",(D11-C11),"0") -> 0 | I46: =IF(I11="X",(D11-C11),"0") -> 1 | J46: =IF(J11="X",(D11-C11),"0") -> 0 | K46: =IF(K11="X",(D11-C11),"0") -> 0 | L46: =IF(L11="X",(D11-C11),"0") -> 0 | M46: =IF(M11="X",(D11-C11),"0") -> 1 | N46: =IF(N11="X",(D11-C11),"0") -> 0 | O46: =IF(O11="X",(D11-C11),"0") -> 1 | P46: =IF(P11="X",(D11-C11),"0") -> 0 | Q46: =IF(Q11="X",(D11-C11),"0") -> 0 | R46: =IF(R11="X",(D11-C11),"0") -> 0 | S46: =IF(S11="X",(D11-C11),"0") -> 1 | T46: =IF(T11="X",(D11-C11),"0") -> 0
E47: =IF(E12="X",(D12-C12),"0") -> 0 | F47: =IF(F12="X",(D12-C12),"0") -> 0 | G47: =IF(G12="X",(D12-C12),"0") -> 0 | H47: =IF(H12="X",(D12-C12),"0") -> 0 | I47: =IF(I12="X",(D12-C12),"0") -> 0.1 | J47: =IF(J12="X",(D12-C12),"0") -> 0 | K47: =IF(K12="X",(D12-C12),"0") -> 0 | L47: =IF(L12="X",(D12-C12),"0") -> 0 | M47: =IF(M12="X",(D12-C12),"0") -> 0.1 | N47: =IF(N12="X",(D12-C12),"0") -> 0 | O47: =IF(O12="X",(D12-C12),"0") -> 0.1 | P47: =IF(P12="X",(D12-C12),"0") -> 0 | Q47: =IF(Q12="X",(D12-C12),"0") -> 0 | R47: =IF(R12="X",(D12-C12),"0") -> 0 | S47: =IF(S12="X",(D12-C12),"0") -> 0.1 | T47: =IF(T12="X",(D12-C12),"0") -> 0
E48: =IF(E13="X",(D13-C13),"0") -> 0 | F48: =IF(F13="X",(D13-C13),"0") -> 0 | G48: =IF(G13="X",(D13-C13),"0") -> 0 | H48: =IF(H13="X",(D13-C13),"0") -> 0 | I48: =IF(I13="X",(D13-C13),"0") -> 0.9 | J48: =IF(J13="X",(D13-C13),"0") -> 0 | K48: =IF(K13="X",(D13-C13),"0") -> 0 | L48: =IF(L13="X",(D13-C13),"0") -> 0 | M48: =IF(M13="X",(D13-C13),"0") -> 0.9 | N48: =IF(N13="X",(D13-C13),"0") -> 0 | O48: =IF(O13="X",(D13-C13),"0") -> 0.9 | P48: =IF(P13="X",(D13-C13),"0") -> 0 | Q48: =IF(Q13="X",(D13-C13),"0") -> 0 | R48: =IF(R13="X",(D13-C13),"0") -> 0 | S48: =IF(S13="X",(D13-C13),"0") -> 0.9 | T48: =IF(T13="X",(D13-C13),"0") -> 0
E49: =IF(E14="X",(D14-C14),"0") -> 1 | F49: =IF(F14="X",(D14-C14),"0") -> 0 | G49: =IF(G14="X",(D14-C14),"0") -> 0 | H49: =IF(H14="X",(D14-C14),"0") -> 0 | I49: =IF(I14="X",(D14-C14),"0") -> 0 | J49: =IF(J14="X",(D14-C14),"0") -> 0 | K49: =IF(K14="X",(D14-C14),"0") -> 0 | L49: =IF(L14="X",(D14-C14),"0") -> 0 | M49: =IF(M14="X",(D14-C14),"0") -> 1 | N49: =IF(N14="X",(D14-C14),"0") -> 0 | O49: =IF(O14="X",(D14-C14),"0") -> 1 | P49: =IF(P14="X",(D14-C14),"0") -> 0 | Q49: =IF(Q14="X",(D14-C14),"0") -> 0 | R49: =IF(R14="X",(D14-C14),"0") -> 0 | S49: =IF(S14="X",(D14-C14),"0") -> 1 | T49: =IF(T14="X",(D14-C14),"0") -> 0
E50: =IF(E15="X",(D15-C15),"0") -> 0 | F50: =IF(F15="X",(D15-C15),"0") -> 0 | G50: =IF(G15="X",(D15-C15),"0") -> 1 | H50: =IF(H15="X",(D15-C15),"0") -> 0 | I50: =IF(I15="X",(D15-C15),"0") -> 0 | J50: =IF(J15="X",(D15-C15),"0") -> 1 | K50: =IF(K15="X",(D15-C15),"0") -> 0 | L50: =IF(L15="X",(D15-C15),"0") -> 0 | M50: =IF(M15="X",(D15-C15),"0") -> 1 | N50: =IF(N15="X",(D15-C15),"0") -> 0 | O50: =IF(O15="X",(D15-C15),"0") -> 1 | P50: =IF(P15="X",(D15-C15),"0") -> 0 | Q50: =IF(Q15="X",(D15-C15),"0") -> 0 | R50: =IF(R15="X",(D15-C15),"0") -> 0 | S50: =IF(S15="X",(D15-C15),"0") -> 1 | T50: =IF(T15="X",(D15-C15),"0") -> 0
E51: =IF(E16="X",(D16-C16),"0") -> 1.4 | F51: =IF(F16="X",(D16-C16),"0") -> 0 | G51: =IF(G16="X",(D16-C16),"0") -> 0 | H51: =IF(H16="X",(D16-C16),"0") -> 0 | I51: =IF(I16="X",(D16-C16),"0") -> 0 | J51: =IF(J16="X",(D16-C16),"0") -> 1.4 | K51: =IF(K16="X",(D16-C16),"0") -> 0 | L51: =IF(L16="X",(D16-C16),"0") -> 0 | M51: =IF(M16="X",(D16-C16),"0") -> 1.4 | N51: =IF(N16="X",(D16-C16),"0") -> 0 | O51: =IF(O16="X",(D16-C16),"0") -> 1.4 | P51: =IF(P16="X",(D16-C16),"0") -> 0 | Q51: =IF(Q16="X",(D16-C16),"0") -> 0 | R51: =IF(R16="X",(D16-C16),"0") -> 0 | S51: =IF(S16="X",(D16-C16),"0") -> 1.4 | T51: =IF(T16="X",(D16-C16),"0") -> 0
E52: =IF(E17="X",(D17-C17),"0") -> 0 | F52: =IF(F17="X",(D17-C17),"0") -> 1.62 | G52: =IF(G17="X",(D17-C17),"0") -> 0 | H52: =IF(H17="X",(D17-C17),"0") -> 0 | I52: =IF(I17="X",(D17-C17),"0") -> 0 | J52: =IF(J17="X",(D17-C17),"0") -> 1.62 | K52: =IF(K17="X",(D17-C17),"0") -> 0 | L52: =IF(L17="X",(D17-C17),"0") -> 0 | M52: =IF(M17="X",(D17-C17),"0") -> 1.62 | N52: =IF(N17="X",(D17-C17),"0") -> 0 | O52: =IF(O17="X",(D17-C17),"0") -> 1.62 | P52: =IF(P17="X",(D17-C17),"0") -> 0 | Q52: =IF(Q17="X",(D17-C17),"0") -> 0 | R52: =IF(R17="X",(D17-C17),"0") -> 0 | S52: =IF(S17="X",(D17-C17),"0") -> 1.62 | T52: =IF(T17="X",(D17-C17),"0") -> 0
E53: =IF(E18="X",(D18-C18),"0") -> 0 | F53: =IF(F18="X",(D18-C18),"0") -> 0 | G53: =IF(G18="X",(D18-C18),"0") -> 0.2 | H53: =IF(H18="X",(D18-C18),"0") -> 0 | I53: =IF(I18="X",(D18-C18),"0") -> 0 | J53: =IF(J18="X",(D18-C18),"0") -> 0.2 | K53: =IF(K18="X",(D18-C18),"0") -> 0 | L53: =IF(L18="X",(D18-C18),"0") -> 0 | M53: =IF(M18="X",(D18-C18),"0") -> 0 | N53: =IF(N18="X",(D18-C18),"0") -> 0.2 | O53: =IF(O18="X",(D18-C18),"0") -> 0.2 | P53: =IF(P18="X",(D18-C18),"0") -> 0 | Q53: =IF(Q18="X",(D18-C18),"0") -> 0 | R53: =IF(R18="X",(D18-C18),"0") -> 0 | S53: =IF(S18="X",(D18-C18),"0") -> 0.2 | T53: =IF(T18="X",(D18-C18),"0") -> 0
... E129: =IF(E94="X",(D94-C94),"0") -> 0 | F129: =IF(F94="X",(D94-C94),"0") -> 0 | G129: =IF(G94="X",(D94-C94),"0") -> 0 | H129: =IF(H94="X",(D94-C94),"0") -> 0 | I129: =IF(I94="X",(D94-C94),"0") -> 0 | J129: =IF(J94="X",(D94-C94),"0") -> 0 | K129: =IF(K94="X",(D94-C94),"0") -> 0 | L129: =IF(L94="X",(D94-C94),"0") -> 0 | M129: =IF(M94="X",(D94-C94),"0") -> 0 | N129: =IF(N94="X",(D94-C94),"0") -> 0 | O129: =IF(O94="X",(D94-C94),"0") -> 0 | P129: =IF(P94="X",(D94-C94),"0") -> 0 | Q129: =IF(Q94="X",(D94-C94),"0") -> 0 | R129: =IF(R94="X",(D94-C94),"0") -> 0 | S129: =IF(S94="X",(D94-C94),"0") -> 0 | T129: =IF(T94="X",(D94-C94),"0") -> 0
E130: =SUM(E42:E129) -> 23.2 | F130: =SUM(F42:F129) -> 2.72 | G130: =SUM(G42:G129) -> 5.68 | H130: =SUM(H42:H129) -> 1.2 | I130: =SUM(I42:I129) -> 2 | J130: =SUM(J42:J129) -> 25.5 | K130: =SUM(K42:K129) -> 0 | L130: =SUM(L42:L129) -> 0 | ... T130: =SUM(T42:T129) -> 0

Sheet 259
A1: PROGRAMA DE MANUTENÇÃORODOVIÁRIA
D2: RODOVIAS PAVIMENTADAS | I2: DATA: | J2: 46204 | N2: TÉCNICO RESP. | O2: ='247'!O2 -> ENG. THIAGO TORQUATO
A3: FICHA DE INSPEÇÃO: | B3: ='T.T.'!C17 -> RODOVIA TO-110 - TRECHO TAGUATINGA - AURORA DO TOCANTINS | O3: REGIÃO: | P3: 13
A5: S.R.E. | B5: SENTIDO | C5: INÍCIO (KM) | D5: FIM (KM) | E5: CONDIÇÃO DO PAVIMENTO | J5: VEGETAÇÃO | L5: ELEM. DE DRENAGEM | O5: SIN. HOR. | R5: SIN. VERTICAL | U5: OBSERV.
E6: BOM | F6: REM. I. | G6: REM. L | H6: BUR. I | I6: BUR. L | J6: ADEQ. | K6: INADED. | L6: LIMPOS | M6: SUJOS | N6: DAN. | O6: BOM | P6: REG. | Q6: INEXIST. | R6: BOM | S6: POUCAS | T6: INEXIST.
A7: 110ETO0290 | B7: C | C7: 0 | D7: 1 | E7: X | J7: X | M7: X | O7: X | S7: X | U7: 19,23 km
C8: 1 | D8: 2 | F8: X | J8: X | M8: X | O8: X | S8: X
C9: 2 | D9: 2.6 | F9: X | J9: X | M9: X | O9: X | S9: X
C10: 2.6 | D10: 5 | F10: X | J10: X | M10: X | O10: X | S10: X
C11: 5 | D11: 10 | F11: X | J11: X | M11: X | O11: X | S11: X
C12: 10 | D12: 12 | E12: X | J12: X | M12: X | O12: X | S12: X
C13: 12 | D13: 17.9 | E13: X | J13: X | M13: X | O13: X | S13: X
C14: 17.9 | D14: 18.9 | H14: X | J14: X | M14: X | O14: X | S14: X
C15: 18.9 | D15: 19.23 | E15: X | J15: X | M15: X | O15: X | S15: X
A16: 110ETO0280 | B16: C | C16: 0 | D16: 4 | E16: X | J16: X | M16: X | O16: X | S16: X | U16: 5,41 km
C17: 4 | D17: 5.41 | E17: X | J17: X | M17: X | O17: X | S17: X
A18: 110ETO0270 | B18: C | C18: 0 | D18: 1 | H18: X | J18: X | M18: X | O18: X | S18: X | U18: 19,01 km
C19: 1 | D19: 3 | I19: X | J19: X | M19: X | O19: X | S19: X
C20: 3 | D20: 4.7 | E20: X | J20: X | M20: X | O20: X | S20: X
C21: 4.7 | D21: 4.8 | I21: X | J21: X | M21: X | O21: X | S21: X
C22: 4.8 | D22: 6 | H22: X | J22: X | M22: X | O22: X | S22: X
C23: 6 | D23: 7 | H23: X | J23: X | M23: X | O23: X | S23: X
C24: 7 | D24: 8 | H24: X | J24: X | M24: X | O24: X | S24: X
C25: 8 | D25: 10 | F25: X | J25: X | M25: X | O25: X | S25: X
C26: 10 | D26: 14.7 | E26: X | J26: X | M26: X | O26: X | S26: X
C27: 14.7 | D27: 19.01 | E27: X | J27: X | M27: X | O27: X | S27: X
A28: 110ETO0241 | B28: C | C28: 0 | D28: 0.1 | F28: X | J28: X | N28: X | Q28: X | S28: X | U28: 3,63 km
C29: 0.1 | D29: 1 | G29: X | J29: X | N29: X | Q29: X | S29: X
C30: 1 | D30: 2 | G30: X | J30: X | N30: X | Q30: X | S30: X
C31: 2 | D31: 3 | G31: X | J31: X | N31: X | Q31: X | S31: X
C32: 3 | D32: 3.63 | F32: X | J32: X | N32: X | Q32: X | S32: X
A33: ACESSO | B33: C | C33: 0 | D33: 1.09 | E33: X | J33: X | M33: X | Q33: X | S33: X | U33: 1,09 km
A39: LEGENDA | B39: CONDIÇÃO DO PAVIMENTO
A40: REM. I | B40: REMENDOS ISOLADOS | E40: ATÉ 10 REMENDOS/KM | I40: BUR. I | J40: BURACOS ISOLADOS | M40: ATÉ 5 BURACOS/KM
A41: REM. L | B41: REMENDOS AO LONGO | E41: MAIS DE 10 REMENDOS/KM | I41: BUR. L | J41: BURACOS AO LONGO | M41: MAIS DE 5 BURACOS/KM
E46: =IF(E7="X",(D7-C7),"0") -> 1 | F46: =IF(F7="X",(D7-C7),"0") -> 0 | G46: =IF(G7="X",(D7-C7),"0") -> 0 | H46: =IF(H7="X",(D7-C7),"0") -> 0 | I46: =IF(I7="X",(D7-C7),"0") -> 0 | J46: =IF(J7="X",(D7-C7),"0") -> 1 | K46: =IF(K7="X",(D7-C7),"0") -> 0 | L46: =IF(L7="X",(D7-C7),"0") -> 0 | M46: =IF(M7="X",(D7-C7),"0") -> 1 | N46: =IF(N7="X",(D7-C7),"0") -> 0 | O46: =IF(O7="X",(D7-C7),"0") -> 1 | P46: =IF(P7="X",(D7-C7),"0") -> 0 | Q46: =IF(Q7="X",(D7-C7),"0") -> 0 | R46: =IF(R7="X",(D7-C7),"0") -> 0 | S46: =IF(S7="X",(D7-C7),"0") -> 1 | T46: =IF(T7="X",(D7-C7),"0") -> 0
E47: =IF(E8="X",(D8-C8),"0") -> 0 | F47: =IF(F8="X",(D8-C8),"0") -> 1 | G47: =IF(G8="X",(D8-C8),"0") -> 0 | H47: =IF(H8="X",(D8-C8),"0") -> 0 | I47: =IF(I8="X",(D8-C8),"0") -> 0 | J47: =IF(J8="X",(D8-C8),"0") -> 1 | K47: =IF(K8="X",(D8-C8),"0") -> 0 | L47: =IF(L8="X",(D8-C8),"0") -> 0 | M47: =IF(M8="X",(D8-C8),"0") -> 1 | N47: =IF(N8="X",(D8-C8),"0") -> 0 | O47: =IF(O8="X",(D8-C8),"0") -> 1 | P47: =IF(P8="X",(D8-C8),"0") -> 0 | Q47: =IF(Q8="X",(D8-C8),"0") -> 0 | R47: =IF(R8="X",(D8-C8),"0") -> 0 | S47: =IF(S8="X",(D8-C8),"0") -> 1 | T47: =IF(T8="X",(D8-C8),"0") -> 0
E48: =IF(E9="X",(D9-C9),"0") -> 0 | F48: =IF(F9="X",(D9-C9),"0") -> 0.6 | G48: =IF(G9="X",(D9-C9),"0") -> 0 | H48: =IF(H9="X",(D9-C9),"0") -> 0 | I48: =IF(I9="X",(D9-C9),"0") -> 0 | J48: =IF(J9="X",(D9-C9),"0") -> 0.6 | K48: =IF(K9="X",(D9-C9),"0") -> 0 | L48: =IF(L9="X",(D9-C9),"0") -> 0 | M48: =IF(M9="X",(D9-C9),"0") -> 0.6 | N48: =IF(N9="X",(D9-C9),"0") -> 0 | O48: =IF(O9="X",(D9-C9),"0") -> 0.6 | P48: =IF(P9="X",(D9-C9),"0") -> 0 | Q48: =IF(Q9="X",(D9-C9),"0") -> 0 | R48: =IF(R9="X",(D9-C9),"0") -> 0 | S48: =IF(S9="X",(D9-C9),"0") -> 0.6 | T48: =IF(T9="X",(D9-C9),"0") -> 0
E49: =IF(E10="X",(D10-C10),"0") -> 0 | F49: =IF(F10="X",(D10-C10),"0") -> 2.4 | G49: =IF(G10="X",(D10-C10),"0") -> 0 | H49: =IF(H10="X",(D10-C10),"0") -> 0 | I49: =IF(I10="X",(D10-C10),"0") -> 0 | J49: =IF(J10="X",(D10-C10),"0") -> 2.4 | K49: =IF(K10="X",(D10-C10),"0") -> 0 | L49: =IF(L10="X",(D10-C10),"0") -> 0 | M49: =IF(M10="X",(D10-C10),"0") -> 2.4 | N49: =IF(N10="X",(D10-C10),"0") -> 0 | O49: =IF(O10="X",(D10-C10),"0") -> 2.4 | P49: =IF(P10="X",(D10-C10),"0") -> 0 | Q49: =IF(Q10="X",(D10-C10),"0") -> 0 | R49: =IF(R10="X",(D10-C10),"0") -> 0 | S49: =IF(S10="X",(D10-C10),"0") -> 2.4 | T49: =IF(T10="X",(D10-C10),"0") -> 0
E50: =IF(E11="X",(D11-C11),"0") -> 0 | F50: =IF(F11="X",(D11-C11),"0") -> 5 | G50: =IF(G11="X",(D11-C11),"0") -> 0 | H50: =IF(H11="X",(D11-C11),"0") -> 0 | I50: =IF(I11="X",(D11-C11),"0") -> 0 | J50: =IF(J11="X",(D11-C11),"0") -> 5 | K50: =IF(K11="X",(D11-C11),"0") -> 0 | L50: =IF(L11="X",(D11-C11),"0") -> 0 | M50: =IF(M11="X",(D11-C11),"0") -> 5 | N50: =IF(N11="X",(D11-C11),"0") -> 0 | O50: =IF(O11="X",(D11-C11),"0") -> 5 | P50: =IF(P11="X",(D11-C11),"0") -> 0 | Q50: =IF(Q11="X",(D11-C11),"0") -> 0 | R50: =IF(R11="X",(D11-C11),"0") -> 0 | S50: =IF(S11="X",(D11-C11),"0") -> 5 | T50: =IF(T11="X",(D11-C11),"0") -> 0
E51: =IF(E12="X",(D12-C12),"0") -> 2 | F51: =IF(F12="X",(D12-C12),"0") -> 0 | G51: =IF(G12="X",(D12-C12),"0") -> 0 | H51: =IF(H12="X",(D12-C12),"0") -> 0 | I51: =IF(I12="X",(D12-C12),"0") -> 0 | J51: =IF(J12="X",(D12-C12),"0") -> 2 | K51: =IF(K12="X",(D12-C12),"0") -> 0 | L51: =IF(L12="X",(D12-C12),"0") -> 0 | M51: =IF(M12="X",(D12-C12),"0") -> 2 | N51: =IF(N12="X",(D12-C12),"0") -> 0 | O51: =IF(O12="X",(D12-C12),"0") -> 2 | P51: =IF(P12="X",(D12-C12),"0") -> 0 | Q51: =IF(Q12="X",(D12-C12),"0") -> 0 | R51: =IF(R12="X",(D12-C12),"0") -> 0 | S51: =IF(S12="X",(D12-C12),"0") -> 2 | T51: =IF(T12="X",(D12-C12),"0") -> 0
E52: =IF(E13="X",(D13-C13),"0") -> 5.9 | F52: =IF(F13="X",(D13-C13),"0") -> 0 | G52: =IF(G13="X",(D13-C13),"0") -> 0 | H52: =IF(H13="X",(D13-C13),"0") -> 0 | I52: =IF(I13="X",(D13-C13),"0") -> 0 | J52: =IF(J13="X",(D13-C13),"0") -> 5.9 | K52: =IF(K13="X",(D13-C13),"0") -> 0 | L52: =IF(L13="X",(D13-C13),"0") -> 0 | M52: =IF(M13="X",(D13-C13),"0") -> 5.9 | N52: =IF(N13="X",(D13-C13),"0") -> 0 | O52: =IF(O13="X",(D13-C13),"0") -> 5.9 | P52: =IF(P13="X",(D13-C13),"0") -> 0 | Q52: =IF(Q13="X",(D13-C13),"0") -> 0 | R52: =IF(R13="X",(D13-C13),"0") -> 0 | S52: =IF(S13="X",(D13-C13),"0") -> 5.9 | T52: =IF(T13="X",(D13-C13),"0") -> 0
E53: =IF(E14="X",(D14-C14),"0") -> 0 | F53: =IF(F14="X",(D14-C14),"0") -> 0 | G53: =IF(G14="X",(D14-C14),"0") -> 0 | H53: =IF(H14="X",(D14-C14),"0") -> 1 | I53: =IF(I14="X",(D14-C14),"0") -> 0 | J53: =IF(J14="X",(D14-C14),"0") -> 1 | K53: =IF(K14="X",(D14-C14),"0") -> 0 | L53: =IF(L14="X",(D14-C14),"0") -> 0 | M53: =IF(M14="X",(D14-C14),"0") -> 1 | N53: =IF(N14="X",(D14-C14),"0") -> 0 | O53: =IF(O14="X",(D14-C14),"0") -> 1 | P53: =IF(P14="X",(D14-C14),"0") -> 0 | Q53: =IF(Q14="X",(D14-C14),"0") -> 0 | R53: =IF(R14="X",(D14-C14),"0") -> 0 | S53: =IF(S14="X",(D14-C14),"0") -> 1 | T53: =IF(T14="X",(D14-C14),"0") -> 0
E54: =IF(E15="X",(D15-C15),"0") -> 0.33 | F54: =IF(F15="X",(D15-C15),"0") -> 0 | G54: =IF(G15="X",(D15-C15),"0") -> 0 | H54: =IF(H15="X",(D15-C15),"0") -> 0 | I54: =IF(I15="X",(D15-C15),"0") -> 0 | J54: =IF(J15="X",(D15-C15),"0") -> 0.33 | K54: =IF(K15="X",(D15-C15),"0") -> 0 | L54: =IF(L15="X",(D15-C15),"0") -> 0 | M54: =IF(M15="X",(D15-C15),"0") -> 0.33 | N54: =IF(N15="X",(D15-C15),"0") -> 0 | O54: =IF(O15="X",(D15-C15),"0") -> 0.33 | P54: =IF(P15="X",(D15-C15),"0") -> 0 | Q54: =IF(Q15="X",(D15-C15),"0") -> 0 | R54: =IF(R15="X",(D15-C15),"0") -> 0 | S54: =IF(S15="X",(D15-C15),"0") -> 0.33 | T54: =IF(T15="X",(D15-C15),"0") -> 0
E55: =IF(E16="X",(D16-C16),"0") -> 4 | F55: =IF(F16="X",(D16-C16),"0") -> 0 | G55: =IF(G16="X",(D16-C16),"0") -> 0 | H55: =IF(H16="X",(D16-C16),"0") -> 0 | I55: =IF(I16="X",(D16-C16),"0") -> 0 | J55: =IF(J16="X",(D16-C16),"0") -> 4 | K55: =IF(K16="X",(D16-C16),"0") -> 0 | L55: =IF(L16="X",(D16-C16),"0") -> 0 | M55: =IF(M16="X",(D16-C16),"0") -> 4 | N55: =IF(N16="X",(D16-C16),"0") -> 0 | O55: =IF(O16="X",(D16-C16),"0") -> 4 | P55: =IF(P16="X",(D16-C16),"0") -> 0 | Q55: =IF(Q16="X",(D16-C16),"0") -> 0 | R55: =IF(R16="X",(D16-C16),"0") -> 0 | S55: =IF(S16="X",(D16-C16),"0") -> 4 | T55: =IF(T16="X",(D16-C16),"0") -> 0
E56: =IF(E17="X",(D17-C17),"0") -> 1.41 | F56: =IF(F17="X",(D17-C17),"0") -> 0 | G56: =IF(G17="X",(D17-C17),"0") -> 0 | H56: =IF(H17="X",(D17-C17),"0") -> 0 | I56: =IF(I17="X",(D17-C17),"0") -> 0 | J56: =IF(J17="X",(D17-C17),"0") -> 1.41 | K56: =IF(K17="X",(D17-C17),"0") -> 0 | L56: =IF(L17="X",(D17-C17),"0") -> 0 | M56: =IF(M17="X",(D17-C17),"0") -> 1.41 | N56: =IF(N17="X",(D17-C17),"0") -> 0 | O56: =IF(O17="X",(D17-C17),"0") -> 1.41 | P56: =IF(P17="X",(D17-C17),"0") -> 0 | Q56: =IF(Q17="X",(D17-C17),"0") -> 0 | R56: =IF(R17="X",(D17-C17),"0") -> 0 | S56: =IF(S17="X",(D17-C17),"0") -> 1.41 | T56: =IF(T17="X",(D17-C17),"0") -> 0
E57: =IF(E18="X",(D18-C18),"0") -> 0 | F57: =IF(F18="X",(D18-C18),"0") -> 0 | G57: =IF(G18="X",(D18-C18),"0") -> 0 | H57: =IF(H18="X",(D18-C18),"0") -> 1 | I57: =IF(I18="X",(D18-C18),"0") -> 0 | J57: =IF(J18="X",(D18-C18),"0") -> 1 | K57: =IF(K18="X",(D18-C18),"0") -> 0 | L57: =IF(L18="X",(D18-C18),"0") -> 0 | M57: =IF(M18="X",(D18-C18),"0") -> 1 | N57: =IF(N18="X",(D18-C18),"0") -> 0 | O57: =IF(O18="X",(D18-C18),"0") -> 1 | P57: =IF(P18="X",(D18-C18),"0") -> 0 | Q57: =IF(Q18="X",(D18-C18),"0") -> 0 | R57: =IF(R18="X",(D18-C18),"0") -> 0 | S57: =IF(S18="X",(D18-C18),"0") -> 1 | T57: =IF(T18="X",(D18-C18),"0") -> 0
... E133: =IF(E94="X",(D94-C94),"0") -> 0 | F133: =IF(F94="X",(D94-C94),"0") -> 0 | G133: =IF(G94="X",(D94-C94),"0") -> 0 | H133: =IF(H94="X",(D94-C94),"0") -> 0 | I133: =IF(I94="X",(D94-C94),"0") -> 0 | J133: =IF(J94="X",(D94-C94),"0") -> 0 | K133: =IF(K94="X",(D94-C94),"0") -> 0 | L133: =IF(L94="X",(D94-C94),"0") -> 0 | M133: =IF(M94="X",(D94-C94),"0") -> 0 | N133: =IF(N94="X",(D94-C94),"0") -> 0 | O133: =IF(O94="X",(D94-C94),"0") -> 0 | P133: =IF(P94="X",(D94-C94),"0") -> 0 | Q133: =IF(Q94="X",(D94-C94),"0") -> 0 | R133: =IF(R94="X",(D94-C94),"0") -> 0 | S133: =IF(S94="X",(D94-C94),"0") -> 0 | T133: =IF(T94="X",(D94-C94),"0") -> 0
E134: =SUM(E46:E133) -> 26.44 | F134: =SUM(F46:F133) -> 11.73 | G134: =SUM(G46:G133) -> 2.9 | H134: =SUM(H46:H133) -> 5.2 | I134: =SUM(I46:I133) -> 2.1 | J134: =SUM(J46:J133) -> 48.37 | K134: =SUM(K46:K133) -> 0 | L134: =SUM(L46:L133) -> 0 | ... T134: =SUM(T46:T133) -> 0

Sheet 265
A1: PROGRAMA DE MANUTENÇÃORODOVIÁRIA
D2: RODOVIAS PAVIMENTADAS | I2: DATA: | J2: 46204 | N2: TÉCNICO RESP. | O2: ='247'!O2 -> ENG. THIAGO TORQUATO
A3: FICHA DE INSPEÇÃO: | B3: ='T.T.'!C18 -> RODOVIA TO-387 - TRECHO ENTR. TO-040 - TAIPAS DO TOCANTINS | O3: REGIÃO: | P3: 13
A5: S.R.E. | B5: SENTIDO | C5: INÍCIO (KM) | D5: FIM (KM) | E5: CONDIÇÃO DO PAVIMENTO | J5: VEGETAÇÃO | L5: ELEM. DE DRENAGEM | O5: SIN. HOR. | R5: SIN. VERTICAL | U5: OBSERV.
E6: BOM | F6: REM. I. | G6: REM. L | H6: BUR. I | I6: BUR. L | J6: ADEQ. | K6: INADED. | L6: LIMPOS | M6: SUJOS | N6: DAN. | O6: BOM | P6: REG. | Q6: INEXIST. | R6: BOM | S6: POUCAS | T6: INEXIST.
A7: 387ETO0041 | B7: C | C7: 0 | D7: 1.09 | F7: X | J7: x | L7: X | P7: X | S7: X
A32: LEGENDA | B32: CONDIÇÃO DO PAVIMENTO
A33: REM. I | B33: REMENDOS ISOLADOS | E33: ATÉ 10 REMENDOS/KM | I33: BUR. I | J33: BURACOS ISOLADOS | M33: ATÉ 5 BURACOS/KM
A34: REM. L | B34: REMENDOS AO LONGO | E34: MAIS DE 10 REMENDOS/KM | I34: BUR. L | J34: BURACOS AO LONGO | M34: MAIS DE 5 BURACOS/KM
E39: =IF(E7="X",(D7-C7),"0") -> 0 | F39: =IF(F7="X",(D7-C7),"0") -> 1.09 | G39: =IF(G7="X",(D7-C7),"0") -> 0 | H39: =IF(H7="X",(D7-C7),"0") -> 0 | I39: =IF(I7="X",(D7-C7),"0") -> 0 | J39: =IF(J7="X",(D7-C7),"0") -> 1.09 | K39: =IF(K7="X",(D7-C7),"0") -> 0 | L39: =IF(L7="X",(D7-C7),"0") -> 1.09 | M39: =IF(M7="X",(D7-C7),"0") -> 0 | N39: =IF(N7="X",(D7-C7),"0") -> 0 | O39: =IF(O7="X",(D7-C7),"0") -> 0 | P39: =IF(P7="X",(D7-C7),"0") -> 1.09 | Q39: =IF(Q7="X",(D7-C7),"0") -> 0 | R39: =IF(R7="X",(D7-C7),"0") -> 0 | S39: =IF(S7="X",(D7-C7),"0") -> 1.09 | T39: =IF(T7="X",(D7-C7),"0") -> 0
E40: =IF(E8="X",(D8-C8),"0") -> 0 | F40: =IF(F8="X",(D8-C8),"0") -> 0 | G40: =IF(G8="X",(D8-C8),"0") -> 0 | H40: =IF(H8="X",(D8-C8),"0") -> 0 | I40: =IF(I8="X",(D8-C8),"0") -> 0 | J40: =IF(J8="X",(D8-C8),"0") -> 0 | K40: =IF(K8="X",(D8-C8),"0") -> 0 | L40: =IF(L8="X",(D8-C8),"0") -> 0 | M40: =IF(M8="X",(D8-C8),"0") -> 0 | N40: =IF(N8="X",(D8-C8),"0") -> 0 | O40: =IF(O8="X",(D8-C8),"0") -> 0 | P40: =IF(P8="X",(D8-C8),"0") -> 0 | Q40: =IF(Q8="X",(D8-C8),"0") -> 0 | R40: =IF(R8="X",(D8-C8),"0") -> 0 | S40: =IF(S8="X",(D8-C8),"0") -> 0 | T40: =IF(T8="X",(D8-C8),"0") -> 0
E41: =IF(E9="X",(D9-C9),"0") -> 0 | F41: =IF(F9="X",(D9-C9),"0") -> 0 | G41: =IF(G9="X",(D9-C9),"0") -> 0 | H41: =IF(H9="X",(D9-C9),"0") -> 0 | I41: =IF(I9="X",(D9-C9),"0") -> 0 | J41: =IF(J9="X",(D9-C9),"0") -> 0 | K41: =IF(K9="X",(D9-C9),"0") -> 0 | L41: =IF(L9="X",(D9-C9),"0") -> 0 | M41: =IF(M9="X",(D9-C9),"0") -> 0 | N41: =IF(N9="X",(D9-C9),"0") -> 0 | O41: =IF(O9="X",(D9-C9),"0") -> 0 | P41: =IF(P9="X",(D9-C9),"0") -> 0 | Q41: =IF(Q9="X",(D9-C9),"0") -> 0 | R41: =IF(R9="X",(D9-C9),"0") -> 0 | S41: =IF(S9="X",(D9-C9),"0") -> 0 | T41: =IF(T9="X",(D9-C9),"0") -> 0
E42: =IF(E10="X",(D10-C10),"0") -> 0 | F42: =IF(F10="X",(D10-C10),"0") -> 0 | G42: =IF(G10="X",(D10-C10),"0") -> 0 | H42: =IF(H10="X",(D10-C10),"0") -> 0 | I42: =IF(I10="X",(D10-C10),"0") -> 0 | J42: =IF(J10="X",(D10-C10),"0") -> 0 | K42: =IF(K10="X",(D10-C10),"0") -> 0 | L42: =IF(L10="X",(D10-C10),"0") -> 0 | M42: =IF(M10="X",(D10-C10),"0") -> 0 | N42: =IF(N10="X",(D10-C10),"0") -> 0 | O42: =IF(O10="X",(D10-C10),"0") -> 0 | P42: =IF(P10="X",(D10-C10),"0") -> 0 | Q42: =IF(Q10="X",(D10-C10),"0") -> 0 | R42: =IF(R10="X",(D10-C10),"0") -> 0 | S42: =IF(S10="X",(D10-C10),"0") -> 0 | T42: =IF(T10="X",(D10-C10),"0") -> 0
E43: =IF(E11="X",(D11-C11),"0") -> 0 | F43: =IF(F11="X",(D11-C11),"0") -> 0 | G43: =IF(G11="X",(D11-C11),"0") -> 0 | H43: =IF(H11="X",(D11-C11),"0") -> 0 | I43: =IF(I11="X",(D11-C11),"0") -> 0 | J43: =IF(J11="X",(D11-C11),"0") -> 0 | K43: =IF(K11="X",(D11-C11),"0") -> 0 | L43: =IF(L11="X",(D11-C11),"0") -> 0 | M43: =IF(M11="X",(D11-C11),"0") -> 0 | N43: =IF(N11="X",(D11-C11),"0") -> 0 | O43: =IF(O11="X",(D11-C11),"0") -> 0 | P43: =IF(P11="X",(D11-C11),"0") -> 0 | Q43: =IF(Q11="X",(D11-C11),"0") -> 0 | R43: =IF(R11="X",(D11-C11),"0") -> 0 | S43: =IF(S11="X",(D11-C11),"0") -> 0 | T43: =IF(T11="X",(D11-C11),"0") -> 0
E44: =IF(E12="X",(D12-C12),"0") -> 0 | F44: =IF(F12="X",(D12-C12),"0") -> 0 | G44: =IF(G12="X",(D12-C12),"0") -> 0 | H44: =IF(H12="X",(D12-C12),"0") -> 0 | I44: =IF(I12="X",(D12-C12),"0") -> 0 | J44: =IF(J12="X",(D12-C12),"0") -> 0 | K44: =IF(K12="X",(D12-C12),"0") -> 0 | L44: =IF(L12="X",(D12-C12),"0") -> 0 | M44: =IF(M12="X",(D12-C12),"0") -> 0 | N44: =IF(N12="X",(D12-C12),"0") -> 0 | O44: =IF(O12="X",(D12-C12),"0") -> 0 | P44: =IF(P12="X",(D12-C12),"0") -> 0 | Q44: =IF(Q12="X",(D12-C12),"0") -> 0 | R44: =IF(R12="X",(D12-C12),"0") -> 0 | S44: =IF(S12="X",(D12-C12),"0") -> 0 | T44: =IF(T12="X",(D12-C12),"0") -> 0
E45: =IF(E13="X",(D13-C13),"0") -> 0 | F45: =IF(F13="X",(D13-C13),"0") -> 0 | G45: =IF(G13="X",(D13-C13),"0") -> 0 | H45: =IF(H13="X",(D13-C13),"0") -> 0 | I45: =IF(I13="X",(D13-C13),"0") -> 0 | J45: =IF(J13="X",(D13-C13),"0") -> 0 | K45: =IF(K13="X",(D13-C13),"0") -> 0 | L45: =IF(L13="X",(D13-C13),"0") -> 0 | M45: =IF(M13="X",(D13-C13),"0") -> 0 | N45: =IF(N13="X",(D13-C13),"0") -> 0 | O45: =IF(O13="X",(D13-C13),"0") -> 0 | P45: =IF(P13="X",(D13-C13),"0") -> 0 | Q45: =IF(Q13="X",(D13-C13),"0") -> 0 | R45: =IF(R13="X",(D13-C13),"0") -> 0 | S45: =IF(S13="X",(D13-C13),"0") -> 0 | T45: =IF(T13="X",(D13-C13),"0") -> 0
E46: =IF(E14="X",(D14-C14),"0") -> 0 | F46: =IF(F14="X",(D14-C14),"0") -> 0 | G46: =IF(G14="X",(D14-C14),"0") -> 0 | H46: =IF(H14="X",(D14-C14),"0") -> 0 | I46: =IF(I14="X",(D14-C14),"0") -> 0 | J46: =IF(J14="X",(D14-C14),"0") -> 0 | K46: =IF(K14="X",(D14-C14),"0") -> 0 | L46: =IF(L14="X",(D14-C14),"0") -> 0 | M46: =IF(M14="X",(D14-C14),"0") -> 0 | N46: =IF(N14="X",(D14-C14),"0") -> 0 | O46: =IF(O14="X",(D14-C14),"0") -> 0 | P46: =IF(P14="X",(D14-C14),"0") -> 0 | Q46: =IF(Q14="X",(D14-C14),"0") -> 0 | R46: =IF(R14="X",(D14-C14),"0") -> 0 | S46: =IF(S14="X",(D14-C14),"0") -> 0 | T46: =IF(T14="X",(D14-C14),"0") -> 0
E47: =IF(E15="X",(D15-C15),"0") -> 0 | F47: =IF(F15="X",(D15-C15),"0") -> 0 | G47: =IF(G15="X",(D15-C15),"0") -> 0 | H47: =IF(H15="X",(D15-C15),"0") -> 0 | I47: =IF(I15="X",(D15-C15),"0") -> 0 | J47: =IF(J15="X",(D15-C15),"0") -> 0 | K47: =IF(K15="X",(D15-C15),"0") -> 0 | L47: =IF(L15="X",(D15-C15),"0") -> 0 | M47: =IF(M15="X",(D15-C15),"0") -> 0 | N47: =IF(N15="X",(D15-C15),"0") -> 0 | O47: =IF(O15="X",(D15-C15),"0") -> 0 | P47: =IF(P15="X",(D15-C15),"0") -> 0 | Q47: =IF(Q15="X",(D15-C15),"0") -> 0 | R47: =IF(R15="X",(D15-C15),"0") -> 0 | S47: =IF(S15="X",(D15-C15),"0") -> 0 | T47: =IF(T15="X",(D15-C15),"0") -> 0
E48: =IF(E16="X",(D16-C16),"0") -> 0 | F48: =IF(F16="X",(D16-C16),"0") -> 0 | G48: =IF(G16="X",(D16-C16),"0") -> 0 | H48: =IF(H16="X",(D16-C16),"0") -> 0 | I48: =IF(I16="X",(D16-C16),"0") -> 0 | J48: =IF(J16="X",(D16-C16),"0") -> 0 | K48: =IF(K16="X",(D16-C16),"0") -> 0 | L48: =IF(L16="X",(D16-C16),"0") -> 0 | M48: =IF(M16="X",(D16-C16),"0") -> 0 | N48: =IF(N16="X",(D16-C16),"0") -> 0 | O48: =IF(O16="X",(D16-C16),"0") -> 0 | P48: =IF(P16="X",(D16-C16),"0") -> 0 | Q48: =IF(Q16="X",(D16-C16),"0") -> 0 | R48: =IF(R16="X",(D16-C16),"0") -> 0 | S48: =IF(S16="X",(D16-C16),"0") -> 0 | T48: =IF(T16="X",(D16-C16),"0") -> 0
E49: =IF(E17="X",(D17-C17),"0") -> 0 | F49: =IF(F17="X",(D17-C17),"0") -> 0 | G49: =IF(G17="X",(D17-C17),"0") -> 0 | H49: =IF(H17="X",(D17-C17),"0") -> 0 | I49: =IF(I17="X",(D17-C17),"0") -> 0 | J49: =IF(J17="X",(D17-C17),"0") -> 0 | K49: =IF(K17="X",(D17-C17),"0") -> 0 | L49: =IF(L17="X",(D17-C17),"0") -> 0 | M49: =IF(M17="X",(D17-C17),"0") -> 0 | N49: =IF(N17="X",(D17-C17),"0") -> 0 | O49: =IF(O17="X",(D17-C17),"0") -> 0 | P49: =IF(P17="X",(D17-C17),"0") -> 0 | Q49: =IF(Q17="X",(D17-C17),"0") -> 0 | R49: =IF(R17="X",(D17-C17),"0") -> 0 | S49: =IF(S17="X",(D17-C17),"0") -> 0 | T49: =IF(T17="X",(D17-C17),"0") -> 0
E50: =IF(E18="X",(D18-C18),"0") -> 0 | F50: =IF(F18="X",(D18-C18),"0") -> 0 | G50: =IF(G18="X",(D18-C18),"0") -> 0 | H50: =IF(H18="X",(D18-C18),"0") -> 0 | I50: =IF(I18="X",(D18-C18),"0") -> 0 | J50: =IF(J18="X",(D18-C18),"0") -> 0 | K50: =IF(K18="X",(D18-C18),"0") -> 0 | L50: =IF(L18="X",(D18-C18),"0") -> 0 | M50: =IF(M18="X",(D18-C18),"0") -> 0 | N50: =IF(N18="X",(D18-C18),"0") -> 0 | O50: =IF(O18="X",(D18-C18),"0") -> 0 | P50: =IF(P18="X",(D18-C18),"0") -> 0 | Q50: =IF(Q18="X",(D18-C18),"0") -> 0 | R50: =IF(R18="X",(D18-C18),"0") -> 0 | S50: =IF(S18="X",(D18-C18),"0") -> 0 | T50: =IF(T18="X",(D18-C18),"0") -> 0
... E126: =IF(E94="X",(D94-C94),"0") -> 0 | F126: =IF(F94="X",(D94-C94),"0") -> 0 | G126: =IF(G94="X",(D94-C94),"0") -> 0 | H126: =IF(H94="X",(D94-C94),"0") -> 0 | I126: =IF(I94="X",(D94-C94),"0") -> 0 | J126: =IF(J94="X",(D94-C94),"0") -> 0 | K126: =IF(K94="X",(D94-C94),"0") -> 0 | L126: =IF(L94="X",(D94-C94),"0") -> 0 | M126: =IF(M94="X",(D94-C94),"0") -> 0 | N126: =IF(N94="X",(D94-C94),"0") -> 0 | O126: =IF(O94="X",(D94-C94),"0") -> 0 | P126: =IF(P94="X",(D94-C94),"0") -> 0 | Q126: =IF(Q94="X",(D94-C94),"0") -> 0 | R126: =IF(R94="X",(D94-C94),"0") -> 0 | S126: =IF(S94="X",(D94-C94),"0") -> 0 | T126: =IF(T94="X",(D94-C94),"0") -> 0
E127: =SUM(E39:E126) -> 0 | F127: =SUM(F39:F126) -> 1.09 | G127: =SUM(G39:G126) -> 0 | H127: =SUM(H39:H126) -> 0 | I127: =SUM(I39:I126) -> 0 | J127: =SUM(J39:J126) -> 1.09 | K127: =SUM(K39:K126) -> 0 | L127: =SUM(L39:L126) -> 1.09 | ... T127: =SUM(T39:T126) -> 0

Sheet 266
A1: PROGRAMA DE MANUTENÇÃORODOVIÁRIA
D2: RODOVIAS PAVIMENTADAS | I2: DATA: | J2: 46204 | N2: TÉCNICO RESP. | O2: ='247'!O2 -> ENG. THIAGO TORQUATO
A3: FICHA DE INSPEÇÃO: | B3: ='T.T.'!C19 -> RODOVIA TO-476 - TRECHO RIO DA CONCEIÇÃO - DIANÓPOLIS | O3: REGIÃO: | P3: 13
A5: S.R.E. | B5: SENTIDO | C5: INÍCIO (KM) | D5: FIM (KM) | E5: CONDIÇÃO DO PAVIMENTO | J5: VEGETAÇÃO | L5: ELEM. DE DRENAGEM | O5: SIN. HOR. | R5: SIN. VERTICAL | U5: OBSERV.
E6: BOM | F6: REM. I. | G6: REM. L | H6: BUR. I | I6: BUR. L | J6: ADEQ. | K6: INADED. | L6: LIMPOS | M6: SUJOS | N6: DAN. | O6: BOM | P6: REG. | Q6: INEXIST. | R6: BOM | S6: POUCAS | T6: INEXIST.
A7: 476ETO0070 | B7: D | C7: 0 | D7: 1 | F7: X | K7: X | L7: X | P7: X | S7: X
C8: =D7 -> 1 | D8: 3 | G8: X | K8: X | L8: X | P8: X | S8: X
C9: =D8 -> 3 | D9: 19.76 | F9: X | K9: X | L9: X | N9: X | P9: X | S9: X
A10: 476ETO0060 | B10: D | C10: 0 | D10: 0.1 | G10: X | K10: X | L10: X | N10: X | P10: X | S10: X
C11: =D10 -> 0.1 | D11: 6 | F11: X | K11: X | L11: X | N11: X | P11: X | S11: X
C12: =D11 -> 6 | D12: 6.98 | G12: X | K12: X | L12: X | P12: X | S12: X
A32: LEGENDA | B32: CONDIÇÃO DO PAVIMENTO
A33: REM. I | B33: REMENDOS ISOLADOS | E33: ATÉ 10 REMENDOS/KM | I33: BUR. I | J33: BURACOS ISOLADOS | M33: ATÉ 5 BURACOS/KM
A34: REM. L | B34: REMENDOS AO LONGO | E34: MAIS DE 10 REMENDOS/KM | I34: BUR. L | J34: BURACOS AO LONGO | M34: MAIS DE 5 BURACOS/KM
E39: =IF(E7="X",(D7-C7),"0") -> 0 | F39: =IF(F7="X",(D7-C7),"0") -> 1 | G39: =IF(G7="X",(D7-C7),"0") -> 0 | H39: =IF(H7="X",(D7-C7),"0") -> 0 | I39: =IF(I7="X",(D7-C7),"0") -> 0 | J39: =IF(J7="X",(D7-C7),"0") -> 0 | K39: =IF(K7="X",(D7-C7),"0") -> 1 | L39: =IF(L7="X",(D7-C7),"0") -> 1 | M39: =IF(M7="X",(D7-C7),"0") -> 0 | N39: =IF(N7="X",(D7-C7),"0") -> 0 | O39: =IF(O7="X",(D7-C7),"0") -> 0 | P39: =IF(P7="X",(D7-C7),"0") -> 1 | Q39: =IF(Q7="X",(D7-C7),"0") -> 0 | R39: =IF(R7="X",(D7-C7),"0") -> 0 | S39: =IF(S7="X",(D7-C7),"0") -> 1 | T39: =IF(T7="X",(D7-C7),"0") -> 0
E40: =IF(E8="X",(D8-C8),"0") -> 0 | F40: =IF(F8="X",(D8-C8),"0") -> 0 | G40: =IF(G8="X",(D8-C8),"0") -> 2 | H40: =IF(H8="X",(D8-C8),"0") -> 0 | I40: =IF(I8="X",(D8-C8),"0") -> 0 | J40: =IF(J8="X",(D8-C8),"0") -> 0 | K40: =IF(K8="X",(D8-C8),"0") -> 2 | L40: =IF(L8="X",(D8-C8),"0") -> 2 | M40: =IF(M8="X",(D8-C8),"0") -> 0 | N40: =IF(N8="X",(D8-C8),"0") -> 0 | O40: =IF(O8="X",(D8-C8),"0") -> 0 | P40: =IF(P8="X",(D8-C8),"0") -> 2 | Q40: =IF(Q8="X",(D8-C8),"0") -> 0 | R40: =IF(R8="X",(D8-C8),"0") -> 0 | S40: =IF(S8="X",(D8-C8),"0") -> 2 | T40: =IF(T8="X",(D8-C8),"0") -> 0
E41: =IF(E9="X",(D9-C9),"0") -> 0 | F41: =IF(F9="X",(D9-C9),"0") -> 16.76 | G41: =IF(G9="X",(D9-C9),"0") -> 0 | H41: =IF(H9="X",(D9-C9),"0") -> 0 | I41: =IF(I9="X",(D9-C9),"0") -> 0 | J41: =IF(J9="X",(D9-C9),"0") -> 0 | K41: =IF(K9="X",(D9-C9),"0") -> 16.76 | L41: =IF(L9="X",(D9-C9),"0") -> 16.76 | M41: =IF(M9="X",(D9-C9),"0") -> 0 | N41: =IF(N9="X",(D9-C9),"0") -> 16.76 | O41: =IF(O9="X",(D9-C9),"0") -> 0 | P41: =IF(P9="X",(D9-C9),"0") -> 16.76 | Q41: =IF(Q9="X",(D9-C9),"0") -> 0 | R41: =IF(R9="X",(D9-C9),"0") -> 0 | S41: =IF(S9="X",(D9-C9),"0") -> 16.76 | T41: =IF(T9="X",(D9-C9),"0") -> 0
E42: =IF(E10="X",(D10-C10),"0") -> 0 | F42: =IF(F10="X",(D10-C10),"0") -> 0 | G42: =IF(G10="X",(D10-C10),"0") -> 0.1 | H42: =IF(H10="X",(D10-C10),"0") -> 0 | I42: =IF(I10="X",(D10-C10),"0") -> 0 | J42: =IF(J10="X",(D10-C10),"0") -> 0 | K42: =IF(K10="X",(D10-C10),"0") -> 0.1 | L42: =IF(L10="X",(D10-C10),"0") -> 0.1 | M42: =IF(M10="X",(D10-C10),"0") -> 0 | N42: =IF(N10="X",(D10-C10),"0") -> 0.1 | O42: =IF(O10="X",(D10-C10),"0") -> 0 | P42: =IF(P10="X",(D10-C10),"0") -> 0.1 | Q42: =IF(Q10="X",(D10-C10),"0") -> 0 | R42: =IF(R10="X",(D10-C10),"0") -> 0 | S42: =IF(S10="X",(D10-C10),"0") -> 0.1 | T42: =IF(T10="X",(D10-C10),"0") -> 0
E43: =IF(E11="X",(D11-C11),"0") -> 0 | F43: =IF(F11="X",(D11-C11),"0") -> 5.9 | G43: =IF(G11="X",(D11-C11),"0") -> 0 | H43: =IF(H11="X",(D11-C11),"0") -> 0 | I43: =IF(I11="X",(D11-C11),"0") -> 0 | J43: =IF(J11="X",(D11-C11),"0") -> 0 | K43: =IF(K11="X",(D11-C11),"0") -> 5.9 | L43: =IF(L11="X",(D11-C11),"0") -> 5.9 | M43: =IF(M11="X",(D11-C11),"0") -> 0 | N43: =IF(N11="X",(D11-C11),"0") -> 5.9 | O43: =IF(O11="X",(D11-C11),"0") -> 0 | P43: =IF(P11="X",(D11-C11),"0") -> 5.9 | Q43: =IF(Q11="X",(D11-C11),"0") -> 0 | R43: =IF(R11="X",(D11-C11),"0") -> 0 | S43: =IF(S11="X",(D11-C11),"0") -> 5.9 | T43: =IF(T11="X",(D11-C11),"0") -> 0
E44: =IF(E12="X",(D12-C12),"0") -> 0 | F44: =IF(F12="X",(D12-C12),"0") -> 0 | G44: =IF(G12="X",(D12-C12),"0") -> 0.98 | H44: =IF(H12="X",(D12-C12),"0") -> 0 | I44: =IF(I12="X",(D12-C12),"0") -> 0 | J44: =IF(J12="X",(D12-C12),"0") -> 0 | K44: =IF(K12="X",(D12-C12),"0") -> 0.98 | L44: =IF(L12="X",(D12-C12),"0") -> 0.98 | M44: =IF(M12="X",(D12-C12),"0") -> 0 | N44: =IF(N12="X",(D12-C12),"0") -> 0 | O44: =IF(O12="X",(D12-C12),"0") -> 0 | P44: =IF(P12="X",(D12-C12),"0") -> 0.98 | Q44: =IF(Q12="X",(D12-C12),"0") -> 0 | R44: =IF(R12="X",(D12-C12),"0") -> 0 | S44: =IF(S12="X",(D12-C12),"0") -> 0.98 | T44: =IF(T12="X",(D12-C12),"0") -> 0
E45: =IF(E13="X",(D13-C13),"0") -> 0 | F45: =IF(F13="X",(D13-C13),"0") -> 0 | G45: =IF(G13="X",(D13-C13),"0") -> 0 | H45: =IF(H13="X",(D13-C13),"0") -> 0 | I45: =IF(I13="X",(D13-C13),"0") -> 0 | J45: =IF(J13="X",(D13-C13),"0") -> 0 | K45: =IF(K13="X",(D13-C13),"0") -> 0 | L45: =IF(L13="X",(D13-C13),"0") -> 0 | M45: =IF(M13="X",(D13-C13),"0") -> 0 | N45: =IF(N13="X",(D13-C13),"0") -> 0 | O45: =IF(O13="X",(D13-C13),"0") -> 0 | P45: =IF(P13="X",(D13-C13),"0") -> 0 | Q45: =IF(Q13="X",(D13-C13),"0") -> 0 | R45: =IF(R13="X",(D13-C13),"0") -> 0 | S45: =IF(S13="X",(D13-C13),"0") -> 0 | T45: =IF(T13="X",(D13-C13),"0") -> 0
E46: =IF(E14="X",(D14-C14),"0") -> 0 | F46: =IF(F14="X",(D14-C14),"0") -> 0 | G46: =IF(G14="X",(D14-C14),"0") -> 0 | H46: =IF(H14="X",(D14-C14),"0") -> 0 | I46: =IF(I14="X",(D14-C14),"0") -> 0 | J46: =IF(J14="X",(D14-C14),"0") -> 0 | K46: =IF(K14="X",(D14-C14),"0") -> 0 | L46: =IF(L14="X",(D14-C14),"0") -> 0 | M46: =IF(M14="X",(D14-C14),"0") -> 0 | N46: =IF(N14="X",(D14-C14),"0") -> 0 | O46: =IF(O14="X",(D14-C14),"0") -> 0 | P46: =IF(P14="X",(D14-C14),"0") -> 0 | Q46: =IF(Q14="X",(D14-C14),"0") -> 0 | R46: =IF(R14="X",(D14-C14),"0") -> 0 | S46: =IF(S14="X",(D14-C14),"0") -> 0 | T46: =IF(T14="X",(D14-C14),"0") -> 0
E47: =IF(E15="X",(D15-C15),"0") -> 0 | F47: =IF(F15="X",(D15-C15),"0") -> 0 | G47: =IF(G15="X",(D15-C15),"0") -> 0 | H47: =IF(H15="X",(D15-C15),"0") -> 0 | I47: =IF(I15="X",(D15-C15),"0") -> 0 | J47: =IF(J15="X",(D15-C15),"0") -> 0 | K47: =IF(K15="X",(D15-C15),"0") -> 0 | L47: =IF(L15="X",(D15-C15),"0") -> 0 | M47: =IF(M15="X",(D15-C15),"0") -> 0 | N47: =IF(N15="X",(D15-C15),"0") -> 0 | O47: =IF(O15="X",(D15-C15),"0") -> 0 | P47: =IF(P15="X",(D15-C15),"0") -> 0 | Q47: =IF(Q15="X",(D15-C15),"0") -> 0 | R47: =IF(R15="X",(D15-C15),"0") -> 0 | S47: =IF(S15="X",(D15-C15),"0") -> 0 | T47: =IF(T15="X",(D15-C15),"0") -> 0
E48: =IF(E16="X",(D16-C16),"0") -> 0 | F48: =IF(F16="X",(D16-C16),"0") -> 0 | G48: =IF(G16="X",(D16-C16),"0") -> 0 | H48: =IF(H16="X",(D16-C16),"0") -> 0 | I48: =IF(I16="X",(D16-C16),"0") -> 0 | J48: =IF(J16="X",(D16-C16),"0") -> 0 | K48: =IF(K16="X",(D16-C16),"0") -> 0 | L48: =IF(L16="X",(D16-C16),"0") -> 0 | M48: =IF(M16="X",(D16-C16),"0") -> 0 | N48: =IF(N16="X",(D16-C16),"0") -> 0 | O48: =IF(O16="X",(D16-C16),"0") -> 0 | P48: =IF(P16="X",(D16-C16),"0") -> 0 | Q48: =IF(Q16="X",(D16-C16),"0") -> 0 | R48: =IF(R16="X",(D16-C16),"0") -> 0 | S48: =IF(S16="X",(D16-C16),"0") -> 0 | T48: =IF(T16="X",(D16-C16),"0") -> 0
E49: =IF(E17="X",(D17-C17),"0") -> 0 | F49: =IF(F17="X",(D17-C17),"0") -> 0 | G49: =IF(G17="X",(D17-C17),"0") -> 0 | H49: =IF(H17="X",(D17-C17),"0") -> 0 | I49: =IF(I17="X",(D17-C17),"0") -> 0 | J49: =IF(J17="X",(D17-C17),"0") -> 0 | K49: =IF(K17="X",(D17-C17),"0") -> 0 | L49: =IF(L17="X",(D17-C17),"0") -> 0 | M49: =IF(M17="X",(D17-C17),"0") -> 0 | N49: =IF(N17="X",(D17-C17),"0") -> 0 | O49: =IF(O17="X",(D17-C17),"0") -> 0 | P49: =IF(P17="X",(D17-C17),"0") -> 0 | Q49: =IF(Q17="X",(D17-C17),"0") -> 0 | R49: =IF(R17="X",(D17-C17),"0") -> 0 | S49: =IF(S17="X",(D17-C17),"0") -> 0 | T49: =IF(T17="X",(D17-C17),"0") -> 0
E50: =IF(E18="X",(D18-C18),"0") -> 0 | F50: =IF(F18="X",(D18-C18),"0") -> 0 | G50: =IF(G18="X",(D18-C18),"0") -> 0 | H50: =IF(H18="X",(D18-C18),"0") -> 0 | I50: =IF(I18="X",(D18-C18),"0") -> 0 | J50: =IF(J18="X",(D18-C18),"0") -> 0 | K50: =IF(K18="X",(D18-C18),"0") -> 0 | L50: =IF(L18="X",(D18-C18),"0") -> 0 | M50: =IF(M18="X",(D18-C18),"0") -> 0 | N50: =IF(N18="X",(D18-C18),"0") -> 0 | O50: =IF(O18="X",(D18-C18),"0") -> 0 | P50: =IF(P18="X",(D18-C18),"0") -> 0 | Q50: =IF(Q18="X",(D18-C18),"0") -> 0 | R50: =IF(R18="X",(D18-C18),"0") -> 0 | S50: =IF(S18="X",(D18-C18),"0") -> 0 | T50: =IF(T18="X",(D18-C18),"0") -> 0
... E126: =IF(E94="X",(D94-C94),"0") -> 0 | F126: =IF(F94="X",(D94-C94),"0") -> 0 | G126: =IF(G94="X",(D94-C94),"0") -> 0 | H126: =IF(H94="X",(D94-C94),"0") -> 0 | I126: =IF(I94="X",(D94-C94),"0") -> 0 | J126: =IF(J94="X",(D94-C94),"0") -> 0 | K126: =IF(K94="X",(D94-C94),"0") -> 0 | L126: =IF(L94="X",(D94-C94),"0") -> 0 | M126: =IF(M94="X",(D94-C94),"0") -> 0 | N126: =IF(N94="X",(D94-C94),"0") -> 0 | O126: =IF(O94="X",(D94-C94),"0") -> 0 | P126: =IF(P94="X",(D94-C94),"0") -> 0 | Q126: =IF(Q94="X",(D94-C94),"0") -> 0 | R126: =IF(R94="X",(D94-C94),"0") -> 0 | S126: =IF(S94="X",(D94-C94),"0") -> 0 | T126: =IF(T94="X",(D94-C94),"0") -> 0
E127: =SUM(E39:E126) -> 0 | F127: =SUM(F39:F126) -> 23.66 | G127: =SUM(G39:G126) -> 3.08 | H127: =SUM(H39:H126) -> 0 | I127: =SUM(I39:I126) -> 0 | J127: =SUM(J39:J126) -> 0 | K127: =SUM(K39:K126) -> 26.74 | L127: =SUM(L39:L126) -> 26.74 | ... T127: =SUM(T39:T126) -> 0

Sheet T.T.
B2: Nº DO TRECHO | C2: TRECHO | D2: CONDIÇÃO DO PAVIMENTO | I2: VEGETAÇÃO | K2: ELEM. DE DRENAGEM | N2: SIN. HOR. | Q2: SIN. VERTICAL
D3: BOM | E3: REM. I. | F3: REM. L | G3: BUR. I | H3: BUR. L | I3: ADEQ. | J3: INADED. | K3: LIMPOS | L3: SUJOS | M3: DAN. | N3: BOM | O3: REG. | P3: INEXIST. | Q3: BOM | R3: POUCAS | S3: INEXIST.
B4: 246 | C4: RODOVIA TO-040 - TRECHO ALMAS - PORTO ALEGRE DO TOCANTINS | D4: ='246'!E127 -> 0 | E4: ='246'!F127 -> 0 | F4: ='246'!G127 -> 14.87 | G4: ='246'!H127 -> 0 | H4: ='246'!I127 -> 0 | I4: ='246'!J127 -> 14.87 | J4: ='246'!K127 -> 0 | K4: ='246'!L127 -> 0 | ... S4: ='246'!T127 -> 0
B5: 247 | C5: RODOVIA TO-040 - TRECHO DIANÓPOLIS - NOVO JARDIM | D5: ='247'!E130 -> 0 | E5: ='247'!F130 -> 16.68 | F5: ='247'!G130 -> 19.36 | G5: ='247'!H130 -> 0 | H5: ='247'!I130 -> 0 | I5: ='247'!J130 -> 36.04 | J5: ='247'!K130 -> 0 | K5: ='247'!L130 -> 0 | ... S5: ='247'!T130 -> 0
B6: 248 | C6: RODOVIA TO-040 - TRECHO NOVO JARDIM - DIVISA TO-BA | D6: ='248'!E127 -> 27.89 | E6: ='248'!F127 -> 5.81 | F6: ='248'!G127 -> 9.3 | G6: ='248'!H127 -> 0 | H6: ='248'!I127 -> 0 | I6: ='248'!J127 -> 43 | J6: ='248'!K127 -> 0 | K6: ='248'!L127 -> 0 | ... S6: ='248'!T127 -> 0
B7: 249 | C7: RODOVIA TO-040 - TRECHO PORTO ALEGRE DO TOCANTINS - DIANÓPOLIS | D7: ='249'!E132 -> 8.68 | E7: ='249'!F132 -> 0 | F7: ='249'!G132 -> 28.26 | G7: ='249'!H132 -> 0 | H7: ='249'!I132 -> 0 | I7: ='249'!J132 -> 36.94 | J7: ='249'!K132 -> 0 | K7: ='249'!L132 -> 36.94 | ... S7: ='249'!T132 -> 0
B8: 250 | C8: RODOVIA TO-050 - TRECHO ARRAIAS - DIVISA TO-GO | D8: ='250'!E127 -> 1.86 | E8: ='250'!F127 -> 13.48 | F8: ='250'!G127 -> 0 | G8: ='250'!H127 -> 0 | H8: ='250'!I127 -> 0 | I8: ='250'!J127 -> 15.34 | J8: ='250'!K127 -> 0 | K8: ='250'!L127 -> 0 | ... S8: ='250'!T127 -> 0
B9: 251 | C9: RODOVIA TO-050 - TRECHO CONCEIÇÃO DO TOCANTINS - ARRAIAS | D9: ='251'!E127 -> 59.65 | E9: ='251'!F127 -> 24.86 | F9: ='251'!G127 -> 20 | G9: ='251'!H127 -> 0 | H9: ='251'!I127 -> 0 | I9: ='251'!J127 -> 104.51 | J9: ='251'!K127 -> 0 | K9: ='251'!L127 -> 3.65 | ... S9: ='251'!T127 -> 0
B10: 252 | C10: RODOVIA TO-050 - TRECHO ENTR. BR-010 (POVOADO PRÍNCIPE) - CONCEIÇÃO DO TOCANTINS | D10: ='252'!E127 -> 6.92 | E10: ='252'!F127 -> 22.75 | F10: ='252'!G127 -> 23 | G10: ='252'!H127 -> 0 | H10: ='252'!I127 -> 0 | I10: ='252'!J127 -> 52.67 | J10: ='252'!K127 -> 0 | K10: ='252'!L127 -> 17.4 | ... S10: ='252'!T127 -> 0
B11: 253 | C11: RODOVIA TO-110 - TRECHO AURORA DO TOCANTINS - LAVANDEIRA | D11: ='253'!E127 -> 13.16 | E11: ='253'!F127 -> 0 | F11: ='253'!G127 -> 2.4 | G11: ='253'!H127 -> 0 | H11: ='253'!I127 -> 0 | I11: ='253'!J127 -> 15.56 | J11: ='253'!K127 -> 0 | K11: ='253'!L127 -> 0 | ... S11: ='253'!T127 -> 0
B12: 254 | C12: RODOVIA TO-110 - TRECHO COMBINADO - NOVO ALEGRE - DIVISA TO-GO | D12: ='254'!E127 -> 15.52 | E12: ='254'!F127 -> 1.17 | F12: ='254'!G127 -> 1.29 | G12: ='254'!H127 -> 0 | H12: ='254'!I127 -> 0 | I12: ='254'!J127 -> 10.46 | J12: ='254'!K127 -> 7.52 | K12: ='254'!L127 -> 2.46 | ... S12: ='254'!T127 -> 0
B13: 255 | C13: RODOVIA TO-110 - TRECHO ENTR. TO-040 (DIANÓPOLIS) - DIVISA TO-BA (GARGANTA) | D13: ='255'!E127 -> 10 | E13: ='255'!F127 -> 42.45 | F13: ='255'!G127 -> 5 | G13: ='255'!H127 -> 0 | H13: ='255'!I127 -> 0 | I13: ='255'!J127 -> 57.45 | J13: ='255'!K127 -> 0 | K13: ='255'!L127 -> 8 | ... S13: ='255'!T127 -> 0
B14: 256 | C14: RODOVIA TO-110 - TRECHO ENTR. TO-040 - PONTE ALTA DO BOM JESUS | D14: ='256'!E127 -> 14.77 | E14: ='256'!F127 -> 9.23 | F14: ='256'!G127 -> 6.1 | G14: ='256'!H127 -> 10 | H14: ='256'!I127 -> 0 | I14: ='256'!J127 -> 29.1 | J14: ='256'!K127 -> 10 | K14: ='256'!L127 -> 0 | ... S14: ='256'!T127 -> 0
B15: 257 | C15: RODOVIA TO-110 - TRECHO LAVANDEIRA - COMBINADO | D15: ='257'!E127 -> 4.3 | E15: ='257'!F127 -> 2.08 | F15: ='257'!G127 -> 0 | G15: ='257'!H127 -> 0 | H15: ='257'!I127 -> 0 | I15: ='257'!J127 -> 6.38 | J15: ='257'!K127 -> 0 | K15: ='257'!L127 -> 1.38 | ... S15: ='257'!T127 -> 0
B16: 258 | C16: RODOVIA TO-110 - TRECHO PONTE ALTA DO BOM JESUS - ENTR. BR-242(TAGUATINGA) | D16: ='258'!E130 -> 23.2 | E16: ='258'!F130 -> 2.72 | F16: ='258'!G130 -> 5.68 | G16: ='258'!H130 -> 1.2 | H16: ='258'!I130 -> 2 | I16: ='258'!J130 -> 25.5 | J16: ='258'!K130 -> 0 | K16: ='258'!L130 -> 0 | ... S16: ='258'!T130 -> 0
B17: 259 | C17: RODOVIA TO-110 - TRECHO TAGUATINGA - AURORA DO TOCANTINS | D17: ='259'!E134 -> 26.44 | E17: ='259'!F134 -> 11.73 | F17: ='259'!G134 -> 2.9 | G17: ='259'!H134 -> 5.2 | H17: ='259'!I134 -> 2.1 | I17: ='259'!J134 -> 48.37 | J17: ='259'!K134 -> 0 | K17: ='259'!L134 -> 0 | ... S17: ='259'!T134 -> 0
B18: 265 | C18: RODOVIA TO-387 - TRECHO ENTR. TO-040 - TAIPAS DO TOCANTINS | D18: ='265'!E127 -> 0 | E18: ='265'!F127 -> 1.09 | F18: ='265'!G127 -> 0 | G18: ='265'!H127 -> 0 | H18: ='265'!I127 -> 0 | I18: ='265'!J127 -> 1.09 | J18: ='265'!K127 -> 0 | K18: ='265'!L127 -> 1.09 | ... S18: ='265'!T127 -> 0
B19: 266 | C19: RODOVIA TO-476 - TRECHO RIO DA CONCEIÇÃO - DIANÓPOLIS | D19: ='266'!E127 -> 0 | E19: ='266'!F127 -> 23.66 | F19: ='266'!G127 -> 3.08 | G19: ='266'!H127 -> 0 | H19: ='266'!I127 -> 0 | I19: ='266'!J127 -> 0 | J19: ='266'!K127 -> 26.74 | K19: ='266'!L127 -> 26.74 | ... S19: ='266'!T127 -> 0
C21: PERCORRIDO NO MÊS | D21: =SUM(D4:D19) -> 212.39 | E21: =SUM(E4:E19) -> 177.71 | F21: =SUM(F4:F19) -> 141.24 | G21: =SUM(G4:G19) -> 16.4 | H21: =SUM(H4:H19) -> 4.1 | I21: =SUM(I4:I19) -> 497.28 | J21: =SUM(J4:J19) -> 44.26 | K21: =SUM(K4:K19) -> 97.66 | ... S21: =SUM(S4:S19) -> 0
C22: TOTAL | H22: =SUM(D21:H21) -> 551.84
C23: % DA EXTENSÃO DA MALHA: | H23: =H22/Trechos!F45 -> 1.0060448
