Workbook

Sheet Trechos
A1: RELAÇÃO DE SEGMENTOS PAVIMENTADOS R.12
A2: LOTE | B2: N. | C2: TRECHO | D2: S.R.E | E2: SUBTRECHOS | F2: EXT. (KM) | G2: TIPO | H2: 45839 | I2: 45870
A3: 12 | B3: 224 | C3: RODOVIA TO-141 - TRECHO PALMEIRÓPOLIS - DIVISA TO-GO | D3: 141ETO0110 | E3: PALMEIRÓPOLIS *TRECHO URBANO* - DIV TO-GO | F3: 26.24 | G3: PPS
A4: 12 | B4: 225 | C4: RODOVIA TO-280 - TRECHO NATIVIDADE - ALMAS | D4: 280ETO0150 | E4: ENTR. TO-040 (ALMAS) - ENTR. BR-010-TO-050 | F4: 76.27813 | G4: PPS | I4: X
A5: 12 | B5: 226 | C5: RODOVIA TO-280 - TRECHO SÃO VALÉRIO DE NATIVIDADE - NATIVIDADE | D5: 280ETO0175 | E5: ENTR.TO-050 - BR-010 (NATIVIDADE ACESSO SUL) - ENTR. TO-486 | F5: 3.5915409 | G5: PPS | I5: X
A6: 12 | B6: 226 | C6: RODOVIA TO-280 - TRECHO SÃO VALÉRIO DE NATIVIDADE - NATIVIDADE | D6: 280ETO0180 | E6: ENTR. TO-486 - ENTR. TO-482 | F6: 52.926658 | G6: PPS | I6: X
A7: 12 | B7: 226 | C7: RODOVIA TO-280 - TRECHO SÃO VALÉRIO DE NATIVIDADE - NATIVIDADE | D7: 280ETO0190 | E7: ENTR.TO-482 - SÃO VALÉRIO DA NATIVIDADE *TRECHO URBANO* | F7: 8.5124137 | G7: PPS | I7: X
A8: 12 | B8: 227 | C8: RODOVIA TO-280 - TRECHO ENTR. BR-242 - SÃO VALÉRIO DE NATIVIDADE | D8: 280ETO0191 | E8: SÃO VALÉRIO DA NATIVIDADE *TRECHO URBANO* | F8: 1.8557688 | G8: PSU | I8: X
A9: 12 | B9: 227 | C9: RODOVIA TO-280 - TRECHO ENTR. BR-242 - SÃO VALÉRIO DE NATIVIDADE | D9: 280ETO0200 | E9: SÃO VALÉRIO DA NATIVIDADE *TRECHO URBANO* - ENTR. TO-490 | F9: 1.2413451 | G9: PPS | I9: X
A10: 12 | B10: 227 | C10: RODOVIA TO-280 - TRECHO ENTR. BR-242 - SÃO VALÉRIO DE NATIVIDADE | D10: 280ETO0210 | E10: ENTR. TO-490 - ENTR.TO-373 | F10: 9.5427731 | G10: PPS | I10: X
A11: 12 | B11: 227 | C11: RODOVIA TO-280 - TRECHO ENTR. BR-242 - SÃO VALÉRIO DE NATIVIDADE | D11: 280ETO0220 | E11: ENTR. TO-373 - ENTR. BR-242 | F11: 21.524811 | G11: PPS | I11: X
A12: 12 | B12: 227 | C12: RODOVIA TO-280 - TRECHO ENTR. BR-242 - SÃO VALÉRIO DE NATIVIDADE | D12: ACESSO | E12: ENTR. TO-280 - UHE (PEIXE ANGICAL) | F12: 8.9931637 | G12: PPS
A13: 12 | B13: 228 | C13: RODOVIA TO-296 - TRECHO SÃO SALVADOR DO TOCANTINS - PARANÃ | D13: 296ETO0220 | E13: ENTR. BR-242 (PARANÃ) - SÃO SALVADOR DO TOCANTINS *TRECHO URBANO* | F13: 54.941976 | G13: PPS
A14: 12 | B14: 229 | C14: RODOVIA TO-296 - TRECHO JAÚ DO TOCANTINS - SÃO SALVADOR DO TOCANTINS | D14: 296ETO0230 | E14: SÃO SALVADOR DO TOCANTINS *TRECHO URBANO* - ENTR. TO-387 | F14: 1.9699466 | G14: PPS
A15: 12 | B15: 229 | C15: RODOVIA TO-296 - TRECHO JAÚ DO TOCANTINS - SÃO SALVADOR DO TOCANTINS | D15: 296ETO0261 | E15: JAÚ DO TOCANTINS *TRECHO URBANO* | F15: 0.19788955 | G15: PSU
A16: 12 | B16: 229 | C16: RODOVIA TO-296 - TRECHO JAÚ DO TOCANTINS - SÃO SALVADOR DO TOCANTINS | D16: 296ETO0262 | E16: JAÚ DO TOCANTINS *TRECHO URBANO* | F16: 0.24076975 | G16: PSU
A17: 12 | B17: 230 | C17: RODOVIA TO-296 - TALISMÃ - ENTR. TO-498 (JAÚ DO TOCANTINS) | D17: 296ETO0300 | E17: ENTR. TO-498 - ENTR. TO-495 | F17: 16.519213 | G17: PPS
A18: 12 | B18: 230 | C18: RODOVIA TO-296 - TALISMÃ - ENTR. TO-498 (JAÚ DO TOCANTINS) | D18: 296ETO0310 | E18: ENTR. TO-495 - ENTR. BR-153 | F18: 46.384522 | G18: PPS
A19: 12 | B19: 231 | C19: RODOVIA TO-365 - TRECHO IPUEIRAS - SILVANÓPOLIS | D19: 365ETO0191 | E19: IPUEIRAS *TRECHO URBANO* | F19: 1.125491 | G19: PSU
A20: 12 | B20: 233 | C20: RODOVIA TO-373 - TRECHO ALVORADA - ENTR. BR-242 | D20: 373ETO0190 | E20: ENTR. BR-242 - ENTR. TO-498 (SANTA CRUZ) | F20: 22.788312 | G20: PPS | I20: X
A21: 12 | B21: 233 | C21: RODOVIA TO-373 - TRECHO ALVORADA - ENTR. BR-242 | D21: 373ETO0200 | E21: ENTR. TO-498 (SANTA CRUZ) - VILA UNIÃO | F21: 21.785344 | G21: PPS | I21: X
A22: 12 | B22: 233 | C22: RODOVIA TO-373 - TRECHO ALVORADA - ENTR. BR-242 | D22: 373ETO0210 | E22: VILA UNIÃO - CANA BRAVA | F22: 13.872974 | G22: PPS | I22: X
A23: 12 | B23: 233 | C23: RODOVIA TO-373 - TRECHO ALVORADA - ENTR. BR-242 | D23: 373ETO0220 | E23: CANA BRAVA - ENTR. BR-153 ALVORADA *TRECHO URBANO* | F23: 23.402863 | G23: PPS | I23: X
A24: 12 | B24: 234 | C24: RODOVIA TO-387 - TRECHO PALMEIRÓPOLIS - SÃO SALVADOR DO TOCANTINS | D24: 387ETO0170 | E24: ENTR. TO-296 - PALMEIRÓPOLIS *TRECHO URBANO* | F24: 37.422326 | G24: PPS
A25: 12 | B25: 235 | C25: RODOVIA TO-387 - TRECHO PALMEIRÓPOLIS - DIVISA TO-GO | D25: 387ETO0171 | E25: PERÍMETRO URBANO DE PALMEIRÓPOLIS | F25: 0.64415038 | G25: PSU
A26: 12 | B26: 235 | C26: RODOVIA TO-387 - TRECHO PALMEIRÓPOLIS - DIVISA TO-GO | D26: 387ETO0172 | E26: PERÍMETRO URBANO DE PALMEIRÓPOLIS | F26: 1.3221506 | G26: PSU
A27: 12 | B27: 235 | C27: RODOVIA TO-387 - TRECHO PALMEIRÓPOLIS - DIVISA TO-GO | D27: 387ETO0200 | E27: PALMEIRÓPOLIS *TRECHO URBANO* - ENTR. TO-498 | F27: 16.889369 | G27: PPS
A28: 12 | B28: 235 | C28: RODOVIA TO-387 - TRECHO PALMEIRÓPOLIS - DIVISA TO-GO | D28: 387ETO0210 | E28: ENTR. TO-498 - BARROLÂNDIA | F28: 5.0201754 | G28: PPS
A29: 12 | B29: 235 | C29: RODOVIA TO-387 - TRECHO PALMEIRÓPOLIS - DIVISA TO-GO | D29: 387ETO0220 | E29: BARROLÂNDIA - DIV TO-GO | F29: 6.2417577 | G29: PPS
A30: 12 | B30: 243 | C30: RODOVIA TO-498 - TRECHO JAÚ DO TOCANTINS - ENTR. TO-373 (SANTA CRUZ) | D30: 498ETO0010 | E30: ENTR. TO-373 (SANTA CRUZ) - ENTR. TO-296 | F30: 32.034789 | G30: PPS
A31: 12 | B31: 243 | C31: RODOVIA TO-498 - TRECHO JAÚ DO TOCANTINS - ENTR. TO-373 (SANTA CRUZ) | D31: 296ETO0290 | E31: JAÚ DO TOCANTINS *TRECHO URBANO* - ENTR. TO-498 | F31: 4.0257705 | G31: PPS
A32: 12 | B32: 244 | C32: RODOVIA TO-498 - TRECHO JAÚ DO TOCANTINS - ENTR. TO-387 | D32: 498ETO0050 | E32: JAÚ DO TOCANTINS *TRECHO URBANO* - NOVO HORIZONTE | F32: 20.941915 | G32: PPS
A33: 12 | B33: 244 | C33: RODOVIA TO-498 - TRECHO JAÚ DO TOCANTINS - ENTR. TO-387 | D33: 498ETO0080 | E33: NOVO HORIZONTE - MONTEIRÓPOLIS | F33: 12.101114 | G33: PPS
A34: 12 | B34: 244 | C34: RODOVIA TO-498 - TRECHO JAÚ DO TOCANTINS - ENTR. TO-387 | D34: 498ETO0090 | E34: MONTEIRÓPOLIS - ENTR. TO-387 | F34: 9.0435975 | G34: PPS
F35: =SUM(F3:F34) -> 559.62302

Sheet 224
A1: PROGRAMA DE MANUTENÇÃORODOVIÁRIA
A2: RODOVIAS PAVIMENTADAS | I2: DATA: | J2: 46204 | N2: TÉCNICO RESP. | O2: ENG. THIAGO TORQUATO | T2: REGIÃO: | U2: 12
A3: FICHA DE INSPEÇÃO: | B3: =TT!C4 -> RODOVIA TO-141 - TRECHO PALMEIRÓPOLIS - DIVISA TO-GO
A5: S.R.E. | B5: SENTIDO | C5: INÍCIO (KM) | D5: FIM (KM) | E5: CONDIÇÃO DO PAVIMENTO | J5: VEGETAÇÃO | L5: ELEM. DE DRENAGEM | O5: SIN. HOR. | R5: SIN. VERTICAL | U5: OBSERV.
E6: BOM | F6: REM. I. | G6: REM. L | H6: BUR. I | I6: BUR. L | J6: ADEQ. | K6: INADED. | L6: LIMPOS | M6: SUJOS | N6: DAN. | O6: BOM | P6: REG. | Q6: INEXIST. | R6: BOM | S6: POUCAS | T6: INEXIST.
A7: 387ETO0110 | B7: C | C7: 0 | D7: 0.7 | G7: X | H7: X | J7: X | M7: X | P7: X | S7: X
C8: =D7 -> 0.7 | D8: 2 | E8: X | J8: X | M8: X | P8: X | S8: X
C9: =D8 -> 2 | D9: 4.5 | F9: X | J9: X | M9: X | P9: X | S9: X
C10: =D9 -> 4.5 | D10: 5.2 | F10: X | J10: X | M10: X | P10: X | S10: X
C11: =D10 -> 5.2 | D11: 9.3 | E11: X | J11: X | M11: X | P11: X | S11: X
C12: =D11 -> 9.3 | D12: 10 | F12: X | J12: X | M12: X | P12: X | S12: X
C13: =D12 -> 10 | D13: 10.7 | F13: X | J13: X | M13: X | P13: X | S13: X
C14: =D13 -> 10.7 | D14: 12.5 | F14: X | J14: X | M14: X | P14: X | S14: X
C15: =D14 -> 12.5 | D15: 14.2 | E15: X | J15: X | M15: X | P15: X | S15: X
C16: =D15 -> 14.2 | D16: 16.4 | G16: X | H16: X | J16: X | M16: X | P16: X | S16: X
C17: =D16 -> 16.4 | D17: 18.4 | G17: X | J17: X | M17: X | P17: X | S17: X
C18: =D17 -> 18.4 | D18: 25.4 | E18: X | H18: X | J18: X | M18: X | P18: X | S18: X
C19: =D18 -> 25.4 | D19: 26.2 | F19: X | J19: X | M19: X | P19: X | S19: X
A32: LEGENDA | B32: CONDIÇÃO DO PAVIMENTO
A33: REM. I | B33: REMENDOS ISOLADOS | E33: ATÉ 10 REMENDOS/KM | I33: BUR. I | J33: BURACOS ISOLADOS | M33: ATÉ 5 BURACOS/KM
A34: REM. L | B34: REMENDOS AO LONGO | E34: MAIS DE 10 REMENDOS/KM | I34: BUR. L | J34: BURACOS AO LONGO | M34: MAIS DE 5 BURACOS/KM
E39: =IF(E7="X",(D7-C7),"0") -> 0 | F39: =IF(F7="X",(D7-C7),"0") -> 0 | G39: =IF(G7="X",(D7-C7),"0") -> 0.7 | H39: =IF(H7="X",(D7-C7),"0") -> 0.7 | I39: =IF(I7="X",(D7-C7),"0") -> 0 | J39: =IF(J7="X",(D7-C7),"0") -> 0.7 | K39: =IF(K7="X",(D7-C7),"0") -> 0 | L39: =IF(L7="X",(D7-C7),"0") -> 0 | M39: =IF(M7="X",(D7-C7),"0") -> 0.7 | N39: =IF(N7="X",(D7-C7),"0") -> 0 | O39: =IF(O7="X",(D7-C7),"0") -> 0 | P39: =IF(P7="X",(D7-C7),"0") -> 0.7 | Q39: =IF(Q7="X",(D7-C7),"0") -> 0 | R39: =IF(R7="X",(D7-C7),"0") -> 0 | S39: =IF(S7="X",(D7-C7),"0") -> 0.7 | T39: =IF(T7="X",(D7-C7),"0") -> 0
E40: =IF(E8="X",(D8-C8),"0") -> 1.3 | F40: =IF(F8="X",(D8-C8),"0") -> 0 | G40: =IF(G8="X",(D8-C8),"0") -> 0 | H40: =IF(H8="X",(D8-C8),"0") -> 0 | I40: =IF(I8="X",(D8-C8),"0") -> 0 | J40: =IF(J8="X",(D8-C8),"0") -> 1.3 | K40: =IF(K8="X",(D8-C8),"0") -> 0 | L40: =IF(L8="X",(D8-C8),"0") -> 0 | M40: =IF(M8="X",(D8-C8),"0") -> 1.3 | N40: =IF(N8="X",(D8-C8),"0") -> 0 | O40: =IF(O8="X",(D8-C8),"0") -> 0 | P40: =IF(P8="X",(D8-C8),"0") -> 1.3 | Q40: =IF(Q8="X",(D8-C8),"0") -> 0 | R40: =IF(R8="X",(D8-C8),"0") -> 0 | S40: =IF(S8="X",(D8-C8),"0") -> 1.3 | T40: =IF(T8="X",(D8-C8),"0") -> 0
E41: =IF(E9="X",(D9-C9),"0") -> 0 | F41: =IF(F9="X",(D9-C9),"0") -> 2.5 | G41: =IF(G9="X",(D9-C9),"0") -> 0 | H41: =IF(H9="X",(D9-C9),"0") -> 0 | I41: =IF(I9="X",(D9-C9),"0") -> 0 | J41: =IF(J9="X",(D9-C9),"0") -> 2.5 | K41: =IF(K9="X",(D9-C9),"0") -> 0 | L41: =IF(L9="X",(D9-C9),"0") -> 0 | M41: =IF(M9="X",(D9-C9),"0") -> 2.5 | N41: =IF(N9="X",(D9-C9),"0") -> 0 | O41: =IF(O9="X",(D9-C9),"0") -> 0 | P41: =IF(P9="X",(D9-C9),"0") -> 2.5 | Q41: =IF(Q9="X",(D9-C9),"0") -> 0 | R41: =IF(R9="X",(D9-C9),"0") -> 0 | S41: =IF(S9="X",(D9-C9),"0") -> 2.5 | T41: =IF(T9="X",(D9-C9),"0") -> 0
E42: =IF(E10="X",(D10-C10),"0") -> 0 | F42: =IF(F10="X",(D10-C10),"0") -> 0.7 | G42: =IF(G10="X",(D10-C10),"0") -> 0 | H42: =IF(H10="X",(D10-C10),"0") -> 0 | I42: =IF(I10="X",(D10-C10),"0") -> 0 | J42: =IF(J10="X",(D10-C10),"0") -> 0.7 | K42: =IF(K10="X",(D10-C10),"0") -> 0 | L42: =IF(L10="X",(D10-C10),"0") -> 0 | M42: =IF(M10="X",(D10-C10),"0") -> 0.7 | N42: =IF(N10="X",(D10-C10),"0") -> 0 | O42: =IF(O10="X",(D10-C10),"0") -> 0 | P42: =IF(P10="X",(D10-C10),"0") -> 0.7 | Q42: =IF(Q10="X",(D10-C10),"0") -> 0 | R42: =IF(R10="X",(D10-C10),"0") -> 0 | S42: =IF(S10="X",(D10-C10),"0") -> 0.7 | T42: =IF(T10="X",(D10-C10),"0") -> 0
E43: =IF(E11="X",(D11-C11),"0") -> 4.1 | F43: =IF(F11="X",(D11-C11),"0") -> 0 | G43: =IF(G11="X",(D11-C11),"0") -> 0 | H43: =IF(H11="X",(D11-C11),"0") -> 0 | I43: =IF(I11="X",(D11-C11),"0") -> 0 | J43: =IF(J11="X",(D11-C11),"0") -> 4.1 | K43: =IF(K11="X",(D11-C11),"0") -> 0 | L43: =IF(L11="X",(D11-C11),"0") -> 0 | M43: =IF(M11="X",(D11-C11),"0") -> 4.1 | N43: =IF(N11="X",(D11-C11),"0") -> 0 | O43: =IF(O11="X",(D11-C11),"0") -> 0 | P43: =IF(P11="X",(D11-C11),"0") -> 4.1 | Q43: =IF(Q11="X",(D11-C11),"0") -> 0 | R43: =IF(R11="X",(D11-C11),"0") -> 0 | S43: =IF(S11="X",(D11-C11),"0") -> 4.1 | T43: =IF(T11="X",(D11-C11),"0") -> 0
E44: =IF(E12="X",(D12-C12),"0") -> 0 | F44: =IF(F12="X",(D12-C12),"0") -> 0.7 | G44: =IF(G12="X",(D12-C12),"0") -> 0 | H44: =IF(H12="X",(D12-C12),"0") -> 0 | I44: =IF(I12="X",(D12-C12),"0") -> 0 | J44: =IF(J12="X",(D12-C12),"0") -> 0.7 | K44: =IF(K12="X",(D12-C12),"0") -> 0 | L44: =IF(L12="X",(D12-C12),"0") -> 0 | M44: =IF(M12="X",(D12-C12),"0") -> 0.7 | N44: =IF(N12="X",(D12-C12),"0") -> 0 | O44: =IF(O12="X",(D12-C12),"0") -> 0 | P44: =IF(P12="X",(D12-C12),"0") -> 0.7 | Q44: =IF(Q12="X",(D12-C12),"0") -> 0 | R44: =IF(R12="X",(D12-C12),"0") -> 0 | S44: =IF(S12="X",(D12-C12),"0") -> 0.7 | T44: =IF(T12="X",(D12-C12),"0") -> 0
E45: =IF(E13="X",(D13-C13),"0") -> 0 | F45: =IF(F13="X",(D13-C13),"0") -> 0.7 | G45: =IF(G13="X",(D13-C13),"0") -> 0 | H45: =IF(H13="X",(D13-C13),"0") -> 0 | I45: =IF(I13="X",(D13-C13),"0") -> 0 | J45: =IF(J13="X",(D13-C13),"0") -> 0.7 | K45: =IF(K13="X",(D13-C13),"0") -> 0 | L45: =IF(L13="X",(D13-C13),"0") -> 0 | M45: =IF(M13="X",(D13-C13),"0") -> 0.7 | N45: =IF(N13="X",(D13-C13),"0") -> 0 | O45: =IF(O13="X",(D13-C13),"0") -> 0 | P45: =IF(P13="X",(D13-C13),"0") -> 0.7 | Q45: =IF(Q13="X",(D13-C13),"0") -> 0 | R45: =IF(R13="X",(D13-C13),"0") -> 0 | S45: =IF(S13="X",(D13-C13),"0") -> 0.7 | T45: =IF(T13="X",(D13-C13),"0") -> 0
E46: =IF(E14="X",(D14-C14),"0") -> 0 | F46: =IF(F14="X",(D14-C14),"0") -> 1.8 | G46: =IF(G14="X",(D14-C14),"0") -> 0 | H46: =IF(H14="X",(D14-C14),"0") -> 0 | I46: =IF(I14="X",(D14-C14),"0") -> 0 | J46: =IF(J14="X",(D14-C14),"0") -> 1.8 | K46: =IF(K14="X",(D14-C14),"0") -> 0 | L46: =IF(L14="X",(D14-C14),"0") -> 0 | M46: =IF(M14="X",(D14-C14),"0") -> 1.8 | N46: =IF(N14="X",(D14-C14),"0") -> 0 | O46: =IF(O14="X",(D14-C14),"0") -> 0 | P46: =IF(P14="X",(D14-C14),"0") -> 1.8 | Q46: =IF(Q14="X",(D14-C14),"0") -> 0 | R46: =IF(R14="X",(D14-C14),"0") -> 0 | S46: =IF(S14="X",(D14-C14),"0") -> 1.8 | T46: =IF(T14="X",(D14-C14),"0") -> 0
E47: =IF(E15="X",(D15-C15),"0") -> 1.7 | F47: =IF(F15="X",(D15-C15),"0") -> 0 | G47: =IF(G15="X",(D15-C15),"0") -> 0 | H47: =IF(H15="X",(D15-C15),"0") -> 0 | I47: =IF(I15="X",(D15-C15),"0") -> 0 | J47: =IF(J15="X",(D15-C15),"0") -> 1.7 | K47: =IF(K15="X",(D15-C15),"0") -> 0 | L47: =IF(L15="X",(D15-C15),"0") -> 0 | M47: =IF(M15="X",(D15-C15),"0") -> 1.7 | N47: =IF(N15="X",(D15-C15),"0") -> 0 | O47: =IF(O15="X",(D15-C15),"0") -> 0 | P47: =IF(P15="X",(D15-C15),"0") -> 1.7 | Q47: =IF(Q15="X",(D15-C15),"0") -> 0 | R47: =IF(R15="X",(D15-C15),"0") -> 0 | S47: =IF(S15="X",(D15-C15),"0") -> 1.7 | T47: =IF(T15="X",(D15-C15),"0") -> 0
E48: =IF(E16="X",(D16-C16),"0") -> 0 | F48: =IF(F16="X",(D16-C16),"0") -> 0 | G48: =IF(G16="X",(D16-C16),"0") -> 2.2 | H48: =IF(H16="X",(D16-C16),"0") -> 2.2 | I48: =IF(I16="X",(D16-C16),"0") -> 0 | J48: =IF(J16="X",(D16-C16),"0") -> 2.2 | K48: =IF(K16="X",(D16-C16),"0") -> 0 | L48: =IF(L16="X",(D16-C16),"0") -> 0 | M48: =IF(M16="X",(D16-C16),"0") -> 2.2 | N48: =IF(N16="X",(D16-C16),"0") -> 0 | O48: =IF(O16="X",(D16-C16),"0") -> 0 | P48: =IF(P16="X",(D16-C16),"0") -> 2.2 | Q48: =IF(Q16="X",(D16-C16),"0") -> 0 | R48: =IF(R16="X",(D16-C16),"0") -> 0 | S48: =IF(S16="X",(D16-C16),"0") -> 2.2 | T48: =IF(T16="X",(D16-C16),"0") -> 0
E49: =IF(E17="X",(D17-C17),"0") -> 0 | F49: =IF(F17="X",(D17-C17),"0") -> 0 | G49: =IF(G17="X",(D17-C17),"0") -> 2 | H49: =IF(H17="X",(D17-C17),"0") -> 0 | I49: =IF(I17="X",(D17-C17),"0") -> 0 | J49: =IF(J17="X",(D17-C17),"0") -> 2 | K49: =IF(K17="X",(D17-C17),"0") -> 0 | L49: =IF(L17="X",(D17-C17),"0") -> 0 | M49: =IF(M17="X",(D17-C17),"0") -> 2 | N49: =IF(N17="X",(D17-C17),"0") -> 0 | O49: =IF(O17="X",(D17-C17),"0") -> 0 | P49: =IF(P17="X",(D17-C17),"0") -> 2 | Q49: =IF(Q17="X",(D17-C17),"0") -> 0 | R49: =IF(R17="X",(D17-C17),"0") -> 0 | S49: =IF(S17="X",(D17-C17),"0") -> 2 | T49: =IF(T17="X",(D17-C17),"0") -> 0
E50: =IF(E18="X",(D18-C18),"0") -> 7 | F50: =IF(F18="X",(D18-C18),"0") -> 0 | G50: =IF(G18="X",(D18-C18),"0") -> 0 | H50: =IF(H18="X",(D18-C18),"0") -> 7 | I50: =IF(I18="X",(D18-C18),"0") -> 0 | J50: =IF(J18="X",(D18-C18),"0") -> 7 | K50: =IF(K18="X",(D18-C18),"0") -> 0 | L50: =IF(L18="X",(D18-C18),"0") -> 0 | M50: =IF(M18="X",(D18-C18),"0") -> 7 | N50: =IF(N18="X",(D18-C18),"0") -> 0 | O50: =IF(O18="X",(D18-C18),"0") -> 0 | P50: =IF(P18="X",(D18-C18),"0") -> 7 | Q50: =IF(Q18="X",(D18-C18),"0") -> 0 | R50: =IF(R18="X",(D18-C18),"0") -> 0 | S50: =IF(S18="X",(D18-C18),"0") -> 7 | T50: =IF(T18="X",(D18-C18),"0") -> 0
... E126: =IF(E94="X",(D94-C94),"0") -> 0 | F126: =IF(F94="X",(D94-C94),"0") -> 0 | G126: =IF(G94="X",(D94-C94),"0") -> 0 | H126: =IF(H94="X",(D94-C94),"0") -> 0 | I126: =IF(I94="X",(D94-C94),"0") -> 0 | J126: =IF(J94="X",(D94-C94),"0") -> 0 | K126: =IF(K94="X",(D94-C94),"0") -> 0 | L126: =IF(L94="X",(D94-C94),"0") -> 0 | M126: =IF(M94="X",(D94-C94),"0") -> 0 | N126: =IF(N94="X",(D94-C94),"0") -> 0 | O126: =IF(O94="X",(D94-C94),"0") -> 0 | P126: =IF(P94="X",(D94-C94),"0") -> 0 | Q126: =IF(Q94="X",(D94-C94),"0") -> 0 | R126: =IF(R94="X",(D94-C94),"0") -> 0 | S126: =IF(S94="X",(D94-C94),"0") -> 0 | T126: =IF(T94="X",(D94-C94),"0") -> 0
E127: =SUM(E39:E126) -> 14.1 | F127: =SUM(F39:F126) -> 7.2 | G127: =SUM(G39:G126) -> 4.9 | H127: =SUM(H39:H126) -> 9.9 | I127: =SUM(I39:I126) -> 0 | J127: =SUM(J39:J126) -> 26.2 | K127: =SUM(K39:K126) -> 0 | L127: =SUM(L39:L126) -> 0 | ... T127: =SUM(T39:T126) -> 0

Sheet 225
A1: PROGRAMA DE MANUTENÇÃORODOVIÁRIA
A2: RODOVIAS PAVIMENTADAS | I2: DATA: | J2: ='224'!J2 -> 46204 | N2: TÉCNICO RESP. | O2: ='224'!O2 -> ENG. THIAGO TORQUATO | T2: REGIÃO: | U2: 12
A3: FICHA DE INSPEÇÃO: | B3: =TT!C5 -> RODOVIA TO-280 - TRECHO NATIVIDADE - ALMAS
A5: S.R.E. | B5: SENTIDO | C5: INÍCIO (KM) | D5: FIM (KM) | E5: CONDIÇÃO DO PAVIMENTO | J5: VEGETAÇÃO | L5: ELEM. DE DRENAGEM | O5: SIN. HOR. | R5: SIN. VERTICAL | U5: OBSERV.
E6: BOM | F6: REM. I. | G6: REM. L | H6: BUR. I | I6: BUR. L | J6: ADEQ. | K6: INADED. | L6: LIMPOS | M6: SUJOS | N6: DAN. | O6: BOM | P6: REG. | Q6: INEXIST. | R6: BOM | S6: POUCAS | T6: INEXIST.
A7: 280ETO0150 | B7: D | C7: 0 | D7: 2.4 | F7: X | J7: X | L7: X | P7: X | S7: X
C8: =D7 -> 2.4 | D8: 4 | G8: X | J8: X | P8: X | S8: X
C9: =D8 -> 4 | D9: 8.1 | G9: X | I9: X | J9: X | L9: X | P9: X | S9: X
C10: =D9 -> 8.1 | D10: 14.6 | G10: X | J10: X | M10: X | P10: X | S10: X
C11: =D10 -> 14.6 | D11: 22 | G11: X | I11: X | J11: X | M11: X | P11: X | S11: X
C12: =D11 -> 22 | D12: 22.5 | G12: X | I12: X | J12: X | M12: X | P12: X | S12: X
C13: =D12 -> 22.5 | D13: 25.5 | F13: X | G13: X | J13: X | P13: X | S13: X
C14: =D13 -> 25.5 | D14: 27 | F14: X | G14: X | J14: X | P14: X | S14: X
C15: =D14 -> 27 | D15: 30.5 | F15: X | G15: X | J15: X | P15: X | S15: X
C16: =D15 -> 30.5 | D16: 31.5 | G16: X | J16: X | P16: X | S16: X
C17: =D16 -> 31.5 | D17: 34 | F17: X | G17: X | J17: X | P17: X | S17: X
C18: =D17 -> 34 | D18: 52 | G18: X | J18: X | M18: X | P18: X | S18: X
C19: =D18 -> 52 | D19: 53 | F19: X | G19: X | J19: X | M19: X | P19: X | S19: X
C20: =D19 -> 53 | D20: 65.1 | G20: X | J20: X | M20: X | P20: X | S20: X
C21: =D20 -> 65.1 | D21: 66.7 | F21: X | J21: X | P21: X | S21: X
C22: =D21 -> 66.7 | D22: 67.5 | G22: X | J22: X | P22: X | S22: X
C23: =D22 -> 67.5 | D23: 72.1 | F23: X | J23: X | P23: X | S23: X
C24: =D23 -> 72.1 | D24: 73.1 | G24: X | J24: X | P24: X | S24: X
C25: =D24 -> 73.1 | D25: 76.2 | G25: X | J25: X | P25: X | S25: X
A32: LEGENDA | B32: CONDIÇÃO DO PAVIMENTO
A33: REM. I | B33: REMENDOS ISOLADOS | E33: ATÉ 10 REMENDOS/KM | I33: BUR. I | J33: BURACOS ISOLADOS | M33: ATÉ 5 BURACOS/KM
A34: REM. L | B34: REMENDOS AO LONGO | E34: MAIS DE 10 REMENDOS/KM | I34: BUR. L | J34: BURACOS AO LONGO | M34: MAIS DE 5 BURACOS/KM
E39: =IF(E7="X",(D7-C7),"0") -> 0 | F39: =IF(F7="X",(D7-C7),"0") -> 2.4 | G39: =IF(G7="X",(D7-C7),"0") -> 0 | H39: =IF(H7="X",(D7-C7),"0") -> 0 | I39: =IF(I7="X",(D7-C7),"0") -> 0 | J39: =IF(J7="X",(D7-C7),"0") -> 2.4 | K39: =IF(K7="X",(D7-C7),"0") -> 0 | L39: =IF(L7="X",(D7-C7),"0") -> 2.4 | M39: =IF(M7="X",(D7-C7),"0") -> 0 | N39: =IF(N7="X",(D7-C7),"0") -> 0 | O39: =IF(O7="X",(D7-C7),"0") -> 0 | P39: =IF(P7="X",(D7-C7),"0") -> 2.4 | Q39: =IF(Q7="X",(D7-C7),"0") -> 0 | R39: =IF(R7="X",(D7-C7),"0") -> 0 | S39: =IF(S7="X",(D7-C7),"0") -> 2.4 | T39: =IF(T7="X",(D7-C7),"0") -> 0
E40: =IF(E8="X",(D8-C8),"0") -> 0 | F40: =IF(F8="X",(D8-C8),"0") -> 0 | G40: =IF(G8="X",(D8-C8),"0") -> 1.6 | H40: =IF(H8="X",(D8-C8),"0") -> 0 | I40: =IF(I8="X",(D8-C8),"0") -> 0 | J40: =IF(J8="X",(D8-C8),"0") -> 1.6 | K40: =IF(K8="X",(D8-C8),"0") -> 0 | L40: =IF(L8="X",(D8-C8),"0") -> 0 | M40: =IF(M8="X",(D8-C8),"0") -> 0 | N40: =IF(N8="X",(D8-C8),"0") -> 0 | O40: =IF(O8="X",(D8-C8),"0") -> 0 | P40: =IF(P8="X",(D8-C8),"0") -> 1.6 | Q40: =IF(Q8="X",(D8-C8),"0") -> 0 | R40: =IF(R8="X",(D8-C8),"0") -> 0 | S40: =IF(S8="X",(D8-C8),"0") -> 1.6 | T40: =IF(T8="X",(D8-C8),"0") -> 0
E41: =IF(E9="X",(D9-C9),"0") -> 0 | F41: =IF(F9="X",(D9-C9),"0") -> 0 | G41: =IF(G9="X",(D9-C9),"0") -> 4.1 | H41: =IF(H9="X",(D9-C9),"0") -> 0 | I41: =IF(I9="X",(D9-C9),"0") -> 4.1 | J41: =IF(J9="X",(D9-C9),"0") -> 4.1 | K41: =IF(K9="X",(D9-C9),"0") -> 0 | L41: =IF(L9="X",(D9-C9),"0") -> 4.1 | M41: =IF(M9="X",(D9-C9),"0") -> 0 | N41: =IF(N9="X",(D9-C9),"0") -> 0 | O41: =IF(O9="X",(D9-C9),"0") -> 0 | P41: =IF(P9="X",(D9-C9),"0") -> 4.1 | Q41: =IF(Q9="X",(D9-C9),"0") -> 0 | R41: =IF(R9="X",(D9-C9),"0") -> 0 | S41: =IF(S9="X",(D9-C9),"0") -> 4.1 | T41: =IF(T9="X",(D9-C9),"0") -> 0
E42: =IF(E10="X",(D10-C10),"0") -> 0 | F42: =IF(F10="X",(D10-C10),"0") -> 0 | G42: =IF(G10="X",(D10-C10),"0") -> 6.5 | H42: =IF(H10="X",(D10-C10),"0") -> 0 | I42: =IF(I10="X",(D10-C10),"0") -> 0 | J42: =IF(J10="X",(D10-C10),"0") -> 6.5 | K42: =IF(K10="X",(D10-C10),"0") -> 0 | L42: =IF(L10="X",(D10-C10),"0") -> 0 | M42: =IF(M10="X",(D10-C10),"0") -> 6.5 | N42: =IF(N10="X",(D10-C10),"0") -> 0 | O42: =IF(O10="X",(D10-C10),"0") -> 0 | P42: =IF(P10="X",(D10-C10),"0") -> 6.5 | Q42: =IF(Q10="X",(D10-C10),"0") -> 0 | R42: =IF(R10="X",(D10-C10),"0") -> 0 | S42: =IF(S10="X",(D10-C10),"0") -> 6.5 | T42: =IF(T10="X",(D10-C10),"0") -> 0
E43: =IF(E11="X",(D11-C11),"0") -> 0 | F43: =IF(F11="X",(D11-C11),"0") -> 0 | G43: =IF(G11="X",(D11-C11),"0") -> 7.4 | H43: =IF(H11="X",(D11-C11),"0") -> 0 | I43: =IF(I11="X",(D11-C11),"0") -> 7.4 | J43: =IF(J11="X",(D11-C11),"0") -> 7.4 | K43: =IF(K11="X",(D11-C11),"0") -> 0 | L43: =IF(L11="X",(D11-C11),"0") -> 0 | M43: =IF(M11="X",(D11-C11),"0") -> 7.4 | N43: =IF(N11="X",(D11-C11),"0") -> 0 | O43: =IF(O11="X",(D11-C11),"0") -> 0 | P43: =IF(P11="X",(D11-C11),"0") -> 7.4 | Q43: =IF(Q11="X",(D11-C11),"0") -> 0 | R43: =IF(R11="X",(D11-C11),"0") -> 0 | S43: =IF(S11="X",(D11-C11),"0") -> 7.4 | T43: =IF(T11="X",(D11-C11),"0") -> 0
E44: =IF(E12="X",(D12-C12),"0") -> 0 | F44: =IF(F12="X",(D12-C12),"0") -> 0 | G44: =IF(G12="X",(D12-C12),"0") -> 0.5 | H44: =IF(H12="X",(D12-C12),"0") -> 0 | I44: =IF(I12="X",(D12-C12),"0") -> 0.5 | J44: =IF(J12="X",(D12-C12),"0") -> 0.5 | K44: =IF(K12="X",(D12-C12),"0") -> 0 | L44: =IF(L12="X",(D12-C12),"0") -> 0 | M44: =IF(M12="X",(D12-C12),"0") -> 0.5 | N44: =IF(N12="X",(D12-C12),"0") -> 0 | O44: =IF(O12="X",(D12-C12),"0") -> 0 | P44: =IF(P12="X",(D12-C12),"0") -> 0.5 | Q44: =IF(Q12="X",(D12-C12),"0") -> 0 | R44: =IF(R12="X",(D12-C12),"0") -> 0 | S44: =IF(S12="X",(D12-C12),"0") -> 0.5 | T44: =IF(T12="X",(D12-C12),"0") -> 0
E45: =IF(E13="X",(D13-C13),"0") -> 0 | F45: =IF(F13="X",(D13-C13),"0") -> 3 | G45: =IF(G13="X",(D13-C13),"0") -> 3 | H45: =IF(H13="X",(D13-C13),"0") -> 0 | I45: =IF(I13="X",(D13-C13),"0") -> 0 | J45: =IF(J13="X",(D13-C13),"0") -> 3 | K45: =IF(K13="X",(D13-C13),"0") -> 0 | L45: =IF(L13="X",(D13-C13),"0") -> 0 | M45: =IF(M13="X",(D13-C13),"0") -> 0 | N45: =IF(N13="X",(D13-C13),"0") -> 0 | O45: =IF(O13="X",(D13-C13),"0") -> 0 | P45: =IF(P13="X",(D13-C13),"0") -> 3 | Q45: =IF(Q13="X",(D13-C13),"0") -> 0 | R45: =IF(R13="X",(D13-C13),"0") -> 0 | S45: =IF(S13="X",(D13-C13),"0") -> 3 | T45: =IF(T13="X",(D13-C13),"0") -> 0
E46: =IF(E14="X",(D14-C14),"0") -> 0 | F46: =IF(F14="X",(D14-C14),"0") -> 1.5 | G46: =IF(G14="X",(D14-C14),"0") -> 1.5 | H46: =IF(H14="X",(D14-C14),"0") -> 0 | I46: =IF(I14="X",(D14-C14),"0") -> 0 | J46: =IF(J14="X",(D14-C14),"0") -> 1.5 | K46: =IF(K14="X",(D14-C14),"0") -> 0 | L46: =IF(L14="X",(D14-C14),"0") -> 0 | M46: =IF(M14="X",(D14-C14),"0") -> 0 | N46: =IF(N14="X",(D14-C14),"0") -> 0 | O46: =IF(O14="X",(D14-C14),"0") -> 0 | P46: =IF(P14="X",(D14-C14),"0") -> 1.5 | Q46: =IF(Q14="X",(D14-C14),"0") -> 0 | R46: =IF(R14="X",(D14-C14),"0") -> 0 | S46: =IF(S14="X",(D14-C14),"0") -> 1.5 | T46: =IF(T14="X",(D14-C14),"0") -> 0
E47: =IF(E15="X",(D15-C15),"0") -> 0 | F47: =IF(F15="X",(D15-C15),"0") -> 3.5 | G47: =IF(G15="X",(D15-C15),"0") -> 3.5 | H47: =IF(H15="X",(D15-C15),"0") -> 0 | I47: =IF(I15="X",(D15-C15),"0") -> 0 | J47: =IF(J15="X",(D15-C15),"0") -> 3.5 | K47: =IF(K15="X",(D15-C15),"0") -> 0 | L47: =IF(L15="X",(D15-C15),"0") -> 0 | M47: =IF(M15="X",(D15-C15),"0") -> 0 | N47: =IF(N15="X",(D15-C15),"0") -> 0 | O47: =IF(O15="X",(D15-C15),"0") -> 0 | P47: =IF(P15="X",(D15-C15),"0") -> 3.5 | Q47: =IF(Q15="X",(D15-C15),"0") -> 0 | R47: =IF(R15="X",(D15-C15),"0") -> 0 | S47: =IF(S15="X",(D15-C15),"0") -> 3.5 | T47: =IF(T15="X",(D15-C15),"0") -> 0
E48: =IF(E16="X",(D16-C16),"0") -> 0 | F48: =IF(F16="X",(D16-C16),"0") -> 0 | G48: =IF(G16="X",(D16-C16),"0") -> 1 | H48: =IF(H16="X",(D16-C16),"0") -> 0 | I48: =IF(I16="X",(D16-C16),"0") -> 0 | J48: =IF(J16="X",(D16-C16),"0") -> 1 | K48: =IF(K16="X",(D16-C16),"0") -> 0 | L48: =IF(L16="X",(D16-C16),"0") -> 0 | M48: =IF(M16="X",(D16-C16),"0") -> 0 | N48: =IF(N16="X",(D16-C16),"0") -> 0 | O48: =IF(O16="X",(D16-C16),"0") -> 0 | P48: =IF(P16="X",(D16-C16),"0") -> 1 | Q48: =IF(Q16="X",(D16-C16),"0") -> 0 | R48: =IF(R16="X",(D16-C16),"0") -> 0 | S48: =IF(S16="X",(D16-C16),"0") -> 1 | T48: =IF(T16="X",(D16-C16),"0") -> 0
E49: =IF(E17="X",(D17-C17),"0") -> 0 | F49: =IF(F17="X",(D17-C17),"0") -> 2.5 | G49: =IF(G17="X",(D17-C17),"0") -> 2.5 | H49: =IF(H17="X",(D17-C17),"0") -> 0 | I49: =IF(I17="X",(D17-C17),"0") -> 0 | J49: =IF(J17="X",(D17-C17),"0") -> 2.5 | K49: =IF(K17="X",(D17-C17),"0") -> 0 | L49: =IF(L17="X",(D17-C17),"0") -> 0 | M49: =IF(M17="X",(D17-C17),"0") -> 0 | N49: =IF(N17="X",(D17-C17),"0") -> 0 | O49: =IF(O17="X",(D17-C17),"0") -> 0 | P49: =IF(P17="X",(D17-C17),"0") -> 2.5 | Q49: =IF(Q17="X",(D17-C17),"0") -> 0 | R49: =IF(R17="X",(D17-C17),"0") -> 0 | S49: =IF(S17="X",(D17-C17),"0") -> 2.5 | T49: =IF(T17="X",(D17-C17),"0") -> 0
E50: =IF(E18="X",(D18-C18),"0") -> 0 | F50: =IF(F18="X",(D18-C18),"0") -> 0 | G50: =IF(G18="X",(D18-C18),"0") -> 18 | H50: =IF(H18="X",(D18-C18),"0") -> 0 | I50: =IF(I18="X",(D18-C18),"0") -> 0 | J50: =IF(J18="X",(D18-C18),"0") -> 18 | K50: =IF(K18="X",(D18-C18),"0") -> 0 | L50: =IF(L18="X",(D18-C18),"0") -> 0 | M50: =IF(M18="X",(D18-C18),"0") -> 18 | N50: =IF(N18="X",(D18-C18),"0") -> 0 | O50: =IF(O18="X",(D18-C18),"0") -> 0 | P50: =IF(P18="X",(D18-C18),"0") -> 18 | Q50: =IF(Q18="X",(D18-C18),"0") -> 0 | R50: =IF(R18="X",(D18-C18),"0") -> 0 | S50: =IF(S18="X",(D18-C18),"0") -> 18 | T50: =IF(T18="X",(D18-C18),"0") -> 0
... E126: =IF(E94="X",(D94-C94),"0") -> 0 | F126: =IF(F94="X",(D94-C94),"0") -> 0 | G126: =IF(G94="X",(D94-C94),"0") -> 0 | H126: =IF(H94="X",(D94-C94),"0") -> 0 | I126: =IF(I94="X",(D94-C94),"0") -> 0 | J126: =IF(J94="X",(D94-C94),"0") -> 0 | K126: =IF(K94="X",(D94-C94),"0") -> 0 | L126: =IF(L94="X",(D94-C94),"0") -> 0 | M126: =IF(M94="X",(D94-C94),"0") -> 0 | N126: =IF(N94="X",(D94-C94),"0") -> 0 | O126: =IF(O94="X",(D94-C94),"0") -> 0 | P126: =IF(P94="X",(D94-C94),"0") -> 0 | Q126: =IF(Q94="X",(D94-C94),"0") -> 0 | R126: =IF(R94="X",(D94-C94),"0") -> 0 | S126: =IF(S94="X",(D94-C94),"0") -> 0 | T126: =IF(T94="X",(D94-C94),"0") -> 0
E127: =SUM(E39:E126) -> 0 | F127: =SUM(F39:F126) -> 20.1 | G127: =SUM(G39:G126) -> 67.6 | H127: =SUM(H39:H126) -> 0 | I127: =SUM(I39:I126) -> 12 | J127: =SUM(J39:J126) -> 76.2 | K127: =SUM(K39:K126) -> 0 | L127: =SUM(L39:L126) -> 6.5 | ... T127: =SUM(T39:T126) -> 0

Sheet 226
A1: PROGRAMA DE MANUTENÇÃORODOVIÁRIA
A2: RODOVIAS PAVIMENTADAS | I2: DATA: | J2: ='224'!J2 -> 46204 | N2: TÉCNICO RESP. | O2: ='224'!O2 -> ENG. THIAGO TORQUATO | T2: REGIÃO: | U2: 12
A3: FICHA DE INSPEÇÃO: | B3: =TT!C6 -> RODOVIA TO-280 - TRECHO SÃO VALÉRIO DE NATIVIDADE - NATIVIDADE
A5: S.R.E. | B5: SENTIDO | C5: INÍCIO (KM) | D5: FIM (KM) | E5: CONDIÇÃO DO PAVIMENTO | J5: VEGETAÇÃO | L5: ELEM. DE DRENAGEM | O5: SIN. HOR. | R5: SIN. VERTICAL | U5: OBSERV.
E6: BOM | F6: REM. I. | G6: REM. L | H6: BUR. I | I6: BUR. L | J6: ADEQ. | K6: INADED. | L6: LIMPOS | M6: SUJOS | N6: DAN. | O6: BOM | P6: REG. | Q6: INEXIST. | R6: BOM | S6: POUCAS | T6: INEXIST.
A7: 280ETO0190 | B7: D | C7: 0 | D7: 3 | G7: X | I7: X | J7: X | L7: X | P7: X | S7: X
C8: =D7 -> 3 | D8: 6.1 | G8: X | J8: X | M8: X | P8: X | S8: X
C9: =D8 -> 6.1 | D9: 8.51 | F9: X | J9: X | P9: X | S9: X
A10: 280ETO0180 | B10: D | C10: 0 | D10: 1 | F10: X | J10: X | P10: X | S10: X
C11: =D10 -> 1 | D11: 4.5 | G11: X | J11: X | M11: X | P11: X | S11: X
C12: =D11 -> 4.5 | D12: 9.2 | F12: X | J12: X | P12: X | S12: X
C13: =D12 -> 9.2 | D13: 14.1 | G13: X | I13: X | J13: X | L13: X | P13: X | S13: X
C14: =D13 -> 14.1 | D14: 17.7 | F14: X | I14: X | J14: X | L14: X | P14: X | S14: X
C15: =D14 -> 17.7 | D15: 21.6 | F15: X | J15: X | P15: X | S15: X
C16: =D15 -> 21.6 | D16: 22.5 | G16: X | I16: X | J16: X | P16: X | S16: X
C17: =D16 -> 22.5 | D17: 22.8 | G17: X | I17: X | J17: X | M17: X | P17: X | S17: X
C18: =D17 -> 22.8 | D18: 30.1 | F18: X | J18: X | P18: X | S18: X
C19: =D18 -> 30.1 | D19: 45.2 | G19: X | H19: X | I19: X | J19: X | M19: X | P19: X | S19: X
C20: =D19 -> 45.2 | D20: 45.3 | F20: X | I20: X | J20: X | M20: X | P20: X | S20: X
C21: =D20 -> 45.3 | D21: 47.8 | F21: X | H21: X | J21: X | M21: X | P21: X | S21: X
C22: =D21 -> 47.8 | D22: 52.93 | G22: X | I22: X | J22: X | M22: X | P22: X | S22: X
A23: 280ETO0175 | B23: D | C23: 0 | D23: 2 | G23: X | I23: X | J23: X | P23: X | S23: X
C24: =D23 -> 2 | D24: 3.59 | F24: X | H24: X | J24: X | L24: X | P24: X | S24: X
A32: LEGENDA | B32: CONDIÇÃO DO PAVIMENTO
A33: REM. I | B33: REMENDOS ISOLADOS | E33: ATÉ 10 REMENDOS/KM | I33: BUR. I | J33: BURACOS ISOLADOS | M33: ATÉ 5 BURACOS/KM
A34: REM. L | B34: REMENDOS AO LONGO | E34: MAIS DE 10 REMENDOS/KM | I34: BUR. L | J34: BURACOS AO LONGO | M34: MAIS DE 5 BURACOS/KM
E39: =IF(E7="X",(D7-C7),"0") -> 0 | F39: =IF(F7="X",(D7-C7),"0") -> 0 | G39: =IF(G7="X",(D7-C7),"0") -> 3 | H39: =IF(H7="X",(D7-C7),"0") -> 0 | I39: =IF(I7="X",(D7-C7),"0") -> 3 | J39: =IF(J7="X",(D7-C7),"0") -> 3 | K39: =IF(K7="X",(D7-C7),"0") -> 0 | L39: =IF(L7="X",(D7-C7),"0") -> 3 | M39: =IF(M7="X",(D7-C7),"0") -> 0 | N39: =IF(N7="X",(D7-C7),"0") -> 0 | O39: =IF(O7="X",(D7-C7),"0") -> 0 | P39: =IF(P7="X",(D7-C7),"0") -> 3 | Q39: =IF(Q7="X",(D7-C7),"0") -> 0 | R39: =IF(R7="X",(D7-C7),"0") -> 0 | S39: =IF(S7="X",(D7-C7),"0") -> 3 | T39: =IF(T7="X",(D7-C7),"0") -> 0
E40: =IF(E8="X",(D8-C8),"0") -> 0 | F40: =IF(F8="X",(D8-C8),"0") -> 0 | G40: =IF(G8="X",(D8-C8),"0") -> 3.1 | H40: =IF(H8="X",(D8-C8),"0") -> 0 | I40: =IF(I8="X",(D8-C8),"0") -> 0 | J40: =IF(J8="X",(D8-C8),"0") -> 3.1 | K40: =IF(K8="X",(D8-C8),"0") -> 0 | L40: =IF(L8="X",(D8-C8),"0") -> 0 | M40: =IF(M8="X",(D8-C8),"0") -> 3.1 | N40: =IF(N8="X",(D8-C8),"0") -> 0 | O40: =IF(O8="X",(D8-C8),"0") -> 0 | P40: =IF(P8="X",(D8-C8),"0") -> 3.1 | Q40: =IF(Q8="X",(D8-C8),"0") -> 0 | R40: =IF(R8="X",(D8-C8),"0") -> 0 | S40: =IF(S8="X",(D8-C8),"0") -> 3.1 | T40: =IF(T8="X",(D8-C8),"0") -> 0
E41: =IF(E9="X",(D9-C9),"0") -> 0 | F41: =IF(F9="X",(D9-C9),"0") -> 2.41 | G41: =IF(G9="X",(D9-C9),"0") -> 0 | H41: =IF(H9="X",(D9-C9),"0") -> 0 | I41: =IF(I9="X",(D9-C9),"0") -> 0 | J41: =IF(J9="X",(D9-C9),"0") -> 2.41 | K41: =IF(K9="X",(D9-C9),"0") -> 0 | L41: =IF(L9="X",(D9-C9),"0") -> 0 | M41: =IF(M9="X",(D9-C9),"0") -> 0 | N41: =IF(N9="X",(D9-C9),"0") -> 0 | O41: =IF(O9="X",(D9-C9),"0") -> 0 | P41: =IF(P9="X",(D9-C9),"0") -> 2.41 | Q41: =IF(Q9="X",(D9-C9),"0") -> 0 | R41: =IF(R9="X",(D9-C9),"0") -> 0 | S41: =IF(S9="X",(D9-C9),"0") -> 2.41 | T41: =IF(T9="X",(D9-C9),"0") -> 0
E42: =IF(E10="X",(D10-C10),"0") -> 0 | F42: =IF(F10="X",(D10-C10),"0") -> 1 | G42: =IF(G10="X",(D10-C10),"0") -> 0 | H42: =IF(H10="X",(D10-C10),"0") -> 0 | I42: =IF(I10="X",(D10-C10),"0") -> 0 | J42: =IF(J10="X",(D10-C10),"0") -> 1 | K42: =IF(K10="X",(D10-C10),"0") -> 0 | L42: =IF(L10="X",(D10-C10),"0") -> 0 | M42: =IF(M10="X",(D10-C10),"0") -> 0 | N42: =IF(N10="X",(D10-C10),"0") -> 0 | O42: =IF(O10="X",(D10-C10),"0") -> 0 | P42: =IF(P10="X",(D10-C10),"0") -> 1 | Q42: =IF(Q10="X",(D10-C10),"0") -> 0 | R42: =IF(R10="X",(D10-C10),"0") -> 0 | S42: =IF(S10="X",(D10-C10),"0") -> 1 | T42: =IF(T10="X",(D10-C10),"0") -> 0
E43: =IF(E11="X",(D11-C11),"0") -> 0 | F43: =IF(F11="X",(D11-C11),"0") -> 0 | G43: =IF(G11="X",(D11-C11),"0") -> 3.5 | H43: =IF(H11="X",(D11-C11),"0") -> 0 | I43: =IF(I11="X",(D11-C11),"0") -> 0 | J43: =IF(J11="X",(D11-C11),"0") -> 3.5 | K43: =IF(K11="X",(D11-C11),"0") -> 0 | L43: =IF(L11="X",(D11-C11),"0") -> 0 | M43: =IF(M11="X",(D11-C11),"0") -> 3.5 | N43: =IF(N11="X",(D11-C11),"0") -> 0 | O43: =IF(O11="X",(D11-C11),"0") -> 0 | P43: =IF(P11="X",(D11-C11),"0") -> 3.5 | Q43: =IF(Q11="X",(D11-C11),"0") -> 0 | R43: =IF(R11="X",(D11-C11),"0") -> 0 | S43: =IF(S11="X",(D11-C11),"0") -> 3.5 | T43: =IF(T11="X",(D11-C11),"0") -> 0
E44: =IF(E12="X",(D12-C12),"0") -> 0 | F44: =IF(F12="X",(D12-C12),"0") -> 4.7 | G44: =IF(G12="X",(D12-C12),"0") -> 0 | H44: =IF(H12="X",(D12-C12),"0") -> 0 | I44: =IF(I12="X",(D12-C12),"0") -> 0 | J44: =IF(J12="X",(D12-C12),"0") -> 4.7 | K44: =IF(K12="X",(D12-C12),"0") -> 0 | L44: =IF(L12="X",(D12-C12),"0") -> 0 | M44: =IF(M12="X",(D12-C12),"0") -> 0 | N44: =IF(N12="X",(D12-C12),"0") -> 0 | O44: =IF(O12="X",(D12-C12),"0") -> 0 | P44: =IF(P12="X",(D12-C12),"0") -> 4.7 | Q44: =IF(Q12="X",(D12-C12),"0") -> 0 | R44: =IF(R12="X",(D12-C12),"0") -> 0 | S44: =IF(S12="X",(D12-C12),"0") -> 4.7 | T44: =IF(T12="X",(D12-C12),"0") -> 0
E45: =IF(E13="X",(D13-C13),"0") -> 0 | F45: =IF(F13="X",(D13-C13),"0") -> 0 | G45: =IF(G13="X",(D13-C13),"0") -> 4.9 | H45: =IF(H13="X",(D13-C13),"0") -> 0 | I45: =IF(I13="X",(D13-C13),"0") -> 4.9 | J45: =IF(J13="X",(D13-C13),"0") -> 4.9 | K45: =IF(K13="X",(D13-C13),"0") -> 0 | L45: =IF(L13="X",(D13-C13),"0") -> 4.9 | M45: =IF(M13="X",(D13-C13),"0") -> 0 | N45: =IF(N13="X",(D13-C13),"0") -> 0 | O45: =IF(O13="X",(D13-C13),"0") -> 0 | P45: =IF(P13="X",(D13-C13),"0") -> 4.9 | Q45: =IF(Q13="X",(D13-C13),"0") -> 0 | R45: =IF(R13="X",(D13-C13),"0") -> 0 | S45: =IF(S13="X",(D13-C13),"0") -> 4.9 | T45: =IF(T13="X",(D13-C13),"0") -> 0
E46: =IF(E14="X",(D14-C14),"0") -> 0 | F46: =IF(F14="X",(D14-C14),"0") -> 3.6 | G46: =IF(G14="X",(D14-C14),"0") -> 0 | H46: =IF(H14="X",(D14-C14),"0") -> 0 | I46: =IF(I14="X",(D14-C14),"0") -> 3.6 | J46: =IF(J14="X",(D14-C14),"0") -> 3.6 | K46: =IF(K14="X",(D14-C14),"0") -> 0 | L46: =IF(L14="X",(D14-C14),"0") -> 3.6 | M46: =IF(M14="X",(D14-C14),"0") -> 0 | N46: =IF(N14="X",(D14-C14),"0") -> 0 | O46: =IF(O14="X",(D14-C14),"0") -> 0 | P46: =IF(P14="X",(D14-C14),"0") -> 3.6 | Q46: =IF(Q14="X",(D14-C14),"0") -> 0 | R46: =IF(R14="X",(D14-C14),"0") -> 0 | S46: =IF(S14="X",(D14-C14),"0") -> 3.6 | T46: =IF(T14="X",(D14-C14),"0") -> 0
E47: =IF(E15="X",(D15-C15),"0") -> 0 | F47: =IF(F15="X",(D15-C15),"0") -> 3.9 | G47: =IF(G15="X",(D15-C15),"0") -> 0 | H47: =IF(H15="X",(D15-C15),"0") -> 0 | I47: =IF(I15="X",(D15-C15),"0") -> 0 | J47: =IF(J15="X",(D15-C15),"0") -> 3.9 | K47: =IF(K15="X",(D15-C15),"0") -> 0 | L47: =IF(L15="X",(D15-C15),"0") -> 0 | M47: =IF(M15="X",(D15-C15),"0") -> 0 | N47: =IF(N15="X",(D15-C15),"0") -> 0 | O47: =IF(O15="X",(D15-C15),"0") -> 0 | P47: =IF(P15="X",(D15-C15),"0") -> 3.9 | Q47: =IF(Q15="X",(D15-C15),"0") -> 0 | R47: =IF(R15="X",(D15-C15),"0") -> 0 | S47: =IF(S15="X",(D15-C15),"0") -> 3.9 | T47: =IF(T15="X",(D15-C15),"0") -> 0
E48: =IF(E16="X",(D16-C16),"0") -> 0 | F48: =IF(F16="X",(D16-C16),"0") -> 0 | G48: =IF(G16="X",(D16-C16),"0") -> 0.9 | H48: =IF(H16="X",(D16-C16),"0") -> 0 | I48: =IF(I16="X",(D16-C16),"0") -> 0.9 | J48: =IF(J16="X",(D16-C16),"0") -> 0.9 | K48: =IF(K16="X",(D16-C16),"0") -> 0 | L48: =IF(L16="X",(D16-C16),"0") -> 0 | M48: =IF(M16="X",(D16-C16),"0") -> 0 | N48: =IF(N16="X",(D16-C16),"0") -> 0 | O48: =IF(O16="X",(D16-C16),"0") -> 0 | P48: =IF(P16="X",(D16-C16),"0") -> 0.9 | Q48: =IF(Q16="X",(D16-C16),"0") -> 0 | R48: =IF(R16="X",(D16-C16),"0") -> 0 | S48: =IF(S16="X",(D16-C16),"0") -> 0.9 | T48: =IF(T16="X",(D16-C16),"0") -> 0
E49: =IF(E17="X",(D17-C17),"0") -> 0 | F49: =IF(F17="X",(D17-C17),"0") -> 0 | G49: =IF(G17="X",(D17-C17),"0") -> 0.3 | H49: =IF(H17="X",(D17-C17),"0") -> 0 | I49: =IF(I17="X",(D17-C17),"0") -> 0.3 | J49: =IF(J17="X",(D17-C17),"0") -> 0.3 | K49: =IF(K17="X",(D17-C17),"0") -> 0 | L49: =IF(L17="X",(D17-C17),"0") -> 0 | M49: =IF(M17="X",(D17-C17),"0") -> 0.3 | N49: =IF(N17="X",(D17-C17),"0") -> 0 | O49: =IF(O17="X",(D17-C17),"0") -> 0 | P49: =IF(P17="X",(D17-C17),"0") -> 0.3 | Q49: =IF(Q17="X",(D17-C17),"0") -> 0 | R49: =IF(R17="X",(D17-C17),"0") -> 0 | S49: =IF(S17="X",(D17-C17),"0") -> 0.3 | T49: =IF(T17="X",(D17-C17),"0") -> 0
E50: =IF(E18="X",(D18-C18),"0") -> 0 | F50: =IF(F18="X",(D18-C18),"0") -> 7.3 | G50: =IF(G18="X",(D18-C18),"0") -> 0 | H50: =IF(H18="X",(D18-C18),"0") -> 0 | I50: =IF(I18="X",(D18-C18),"0") -> 0 | J50: =IF(J18="X",(D18-C18),"0") -> 7.3 | K50: =IF(K18="X",(D18-C18),"0") -> 0 | L50: =IF(L18="X",(D18-C18),"0") -> 0 | M50: =IF(M18="X",(D18-C18),"0") -> 0 | N50: =IF(N18="X",(D18-C18),"0") -> 0 | O50: =IF(O18="X",(D18-C18),"0") -> 0 | P50: =IF(P18="X",(D18-C18),"0") -> 7.3 | Q50: =IF(Q18="X",(D18-C18),"0") -> 0 | R50: =IF(R18="X",(D18-C18),"0") -> 0 | S50: =IF(S18="X",(D18-C18),"0") -> 7.3 | T50: =IF(T18="X",(D18-C18),"0") -> 0
... E126: =IF(E94="X",(D94-C94),"0") -> 0 | F126: =IF(F94="X",(D94-C94),"0") -> 0 | G126: =IF(G94="X",(D94-C94),"0") -> 0 | H126: =IF(H94="X",(D94-C94),"0") -> 0 | I126: =IF(I94="X",(D94-C94),"0") -> 0 | J126: =IF(J94="X",(D94-C94),"0") -> 0 | K126: =IF(K94="X",(D94-C94),"0") -> 0 | L126: =IF(L94="X",(D94-C94),"0") -> 0 | M126: =IF(M94="X",(D94-C94),"0") -> 0 | N126: =IF(N94="X",(D94-C94),"0") -> 0 | O126: =IF(O94="X",(D94-C94),"0") -> 0 | P126: =IF(P94="X",(D94-C94),"0") -> 0 | Q126: =IF(Q94="X",(D94-C94),"0") -> 0 | R126: =IF(R94="X",(D94-C94),"0") -> 0 | S126: =IF(S94="X",(D94-C94),"0") -> 0 | T126: =IF(T94="X",(D94-C94),"0") -> 0
E127: =SUM(E39:E126) -> 0 | F127: =SUM(F39:F126) -> 27.1 | G127: =SUM(G39:G126) -> 37.93 | H127: =SUM(H39:H126) -> 19.19 | I127: =SUM(I39:I126) -> 35.03 | J127: =SUM(J39:J126) -> 65.03 | K127: =SUM(K39:K126) -> 0 | L127: =SUM(L39:L126) -> 13.09 | ... T127: =SUM(T39:T126) -> 0

Sheet 227
A1: PROGRAMA DE MANUTENÇÃORODOVIÁRIA
A2: RODOVIAS PAVIMENTADAS | I2: DATA: | J2: ='224'!J2 -> 46204 | N2: TÉCNICO RESP. | O2: ='224'!O2 -> ENG. THIAGO TORQUATO | T2: REGIÃO: | U2: 12
A3: FICHA DE INSPEÇÃO: | B3: =TT!C7 -> RODOVIA TO-280 - TRECHO ENTR. BR-242 - SÃO VALÉRIO DE NATIVIDADE
A5: S.R.E. | B5: SENTIDO | C5: INÍCIO (KM) | D5: FIM (KM) | E5: CONDIÇÃO DO PAVIMENTO | J5: VEGETAÇÃO | L5: ELEM. DE DRENAGEM | O5: SIN. HOR. | R5: SIN. VERTICAL | U5: OBSERV.
E6: BOM | F6: REM. I. | G6: REM. L | H6: BUR. I | I6: BUR. L | J6: ADEQ. | K6: INADED. | L6: LIMPOS | M6: SUJOS | N6: DAN. | O6: BOM | P6: REG. | Q6: INEXIST. | R6: BOM | S6: POUCAS | T6: INEXIST.
A7: 280ETO0220 | B7: D | C7: 0 | D7: 1.2 | F7: X | J7: X | L7: X | P7: X | S7: X
C8: =D7 -> 1.2 | D8: 1.4 | F8: X | J8: X | M8: X | P8: X | S8: X
C9: =D8 -> 1.4 | D9: 2.7 | F9: X | J9: X | M9: X | P9: X | S9: X
C10: =D9 -> 2.7 | D10: 4.4 | G10: X | J10: X | M10: X | P10: X | S10: X
C11: =D10 -> 4.4 | D11: 7.4 | F11: X | J11: X | M11: X | P11: X | S11: X
C12: =D11 -> 7.4 | D12: 7.7 | F12: X | J12: X | M12: X | P12: X | S12: X
C13: =D12 -> 7.7 | D13: 8.6 | F13: X | J13: X | M13: X | P13: X | S13: X
C14: =D13 -> 8.6 | D14: 8.8 | F14: X | J14: X | M14: X | P14: X | S14: X
C15: =D14 -> 8.8 | D15: 15.2 | F15: X | H15: X | I15: X | J15: X | P15: X | S15: X
C16: =D15 -> 15.2 | D16: 17.1 | G16: X | H16: X | I16: X | J16: X | M16: X | P16: X | S16: X
C17: =D16 -> 17.1 | D17: 20.3 | F17: X | H17: X | I17: X | J17: X | M17: X | P17: X | S17: X
C18: =D17 -> 20.3 | D18: 21.52 | F18: X | H18: X | I18: X | J18: X | M18: X | P18: X | S18: X
A19: 280ETO0210 | B19: D | C19: 0 | D19: 4.7 | F19: X | H19: X | J19: X | P19: X | S19: X
C20: =D19 -> 4.7 | D20: 4.9 | G20: X | J20: X | P20: X | S20: X
C21: =D20 -> 4.9 | D21: 9.54 | F21: X | H21: X | J21: X | M21: X | P21: X | S21: X
A22: 280ETO0200 | B22: D | C22: 0 | D22: 1.24 | G22: X | I22: X | J22: X | M22: X | P22: X | S22: X
A23: 280ETO0191 | B23: D | C23: 0 | D23: 1.86 | G23: X | I23: X | J23: X | L23: X | Q23: X | S23: X
A24: ACESSO | B24: D | C24: 0 | D24: 8.99 | F24: X | J24: X | M24: X | N24: X | P24: X | R24: X | S24: X
A32: LEGENDA | B32: CONDIÇÃO DO PAVIMENTO
A33: REM. I | B33: REMENDOS ISOLADOS | E33: ATÉ 10 REMENDOS/KM | I33: BUR. I | J33: BURACOS ISOLADOS | M33: ATÉ 5 BURACOS/KM
A34: REM. L | B34: REMENDOS AO LONGO | E34: MAIS DE 10 REMENDOS/KM | I34: BUR. L | J34: BURACOS AO LONGO | M34: MAIS DE 5 BURACOS/KM
E39: =IF(E7="X",(D7-C7),"0") -> 0 | F39: =IF(F7="X",(D7-C7),"0") -> 1.2 | G39: =IF(G7="X",(D7-C7),"0") -> 0 | H39: =IF(H7="X",(D7-C7),"0") -> 0 | I39: =IF(I7="X",(D7-C7),"0") -> 0 | J39: =IF(J7="X",(D7-C7),"0") -> 1.2 | K39: =IF(K7="X",(D7-C7),"0") -> 0 | L39: =IF(L7="X",(D7-C7),"0") -> 1.2 | M39: =IF(M7="X",(D7-C7),"0") -> 0 | N39: =IF(N7="X",(D7-C7),"0") -> 0 | O39: =IF(O7="X",(D7-C7),"0") -> 0 | P39: =IF(P7="X",(D7-C7),"0") -> 1.2 | Q39: =IF(Q7="X",(D7-C7),"0") -> 0 | R39: =IF(R7="X",(D7-C7),"0") -> 0 | S39: =IF(S7="X",(D7-C7),"0") -> 1.2 | T39: =IF(T7="X",(D7-C7),"0") -> 0
E40: =IF(E8="X",(D8-C8),"0") -> 0 | F40: =IF(F8="X",(D8-C8),"0") -> 0.2 | G40: =IF(G8="X",(D8-C8),"0") -> 0 | H40: =IF(H8="X",(D8-C8),"0") -> 0 | I40: =IF(I8="X",(D8-C8),"0") -> 0 | J40: =IF(J8="X",(D8-C8),"0") -> 0.2 | K40: =IF(K8="X",(D8-C8),"0") -> 0 | L40: =IF(L8="X",(D8-C8),"0") -> 0 | M40: =IF(M8="X",(D8-C8),"0") -> 0.2 | N40: =IF(N8="X",(D8-C8),"0") -> 0 | O40: =IF(O8="X",(D8-C8),"0") -> 0 | P40: =IF(P8="X",(D8-C8),"0") -> 0.2 | Q40: =IF(Q8="X",(D8-C8),"0") -> 0 | R40: =IF(R8="X",(D8-C8),"0") -> 0 | S40: =IF(S8="X",(D8-C8),"0") -> 0.2 | T40: =IF(T8="X",(D8-C8),"0") -> 0
E41: =IF(E9="X",(D9-C9),"0") -> 0 | F41: =IF(F9="X",(D9-C9),"0") -> 1.3 | G41: =IF(G9="X",(D9-C9),"0") -> 0 | H41: =IF(H9="X",(D9-C9),"0") -> 0 | I41: =IF(I9="X",(D9-C9),"0") -> 0 | J41: =IF(J9="X",(D9-C9),"0") -> 1.3 | K41: =IF(K9="X",(D9-C9),"0") -> 0 | L41: =IF(L9="X",(D9-C9),"0") -> 0 | M41: =IF(M9="X",(D9-C9),"0") -> 1.3 | N41: =IF(N9="X",(D9-C9),"0") -> 0 | O41: =IF(O9="X",(D9-C9),"0") -> 0 | P41: =IF(P9="X",(D9-C9),"0") -> 1.3 | Q41: =IF(Q9="X",(D9-C9),"0") -> 0 | R41: =IF(R9="X",(D9-C9),"0") -> 0 | S41: =IF(S9="X",(D9-C9),"0") -> 1.3 | T41: =IF(T9="X",(D9-C9),"0") -> 0
E42: =IF(E10="X",(D10-C10),"0") -> 0 | F42: =IF(F10="X",(D10-C10),"0") -> 0 | G42: =IF(G10="X",(D10-C10),"0") -> 1.7 | H42: =IF(H10="X",(D10-C10),"0") -> 0 | I42: =IF(I10="X",(D10-C10),"0") -> 0 | J42: =IF(J10="X",(D10-C10),"0") -> 1.7 | K42: =IF(K10="X",(D10-C10),"0") -> 0 | L42: =IF(L10="X",(D10-C10),"0") -> 0 | M42: =IF(M10="X",(D10-C10),"0") -> 1.7 | N42: =IF(N10="X",(D10-C10),"0") -> 0 | O42: =IF(O10="X",(D10-C10),"0") -> 0 | P42: =IF(P10="X",(D10-C10),"0") -> 1.7 | Q42: =IF(Q10="X",(D10-C10),"0") -> 0 | R42: =IF(R10="X",(D10-C10),"0") -> 0 | S42: =IF(S10="X",(D10-C10),"0") -> 1.7 | T42: =IF(T10="X",(D10-C10),"0") -> 0
E43: =IF(E11="X",(D11-C11),"0") -> 0 | F43: =IF(F11="X",(D11-C11),"0") -> 3 | G43: =IF(G11="X",(D11-C11),"0") -> 0 | H43: =IF(H11="X",(D11-C11),"0") -> 0 | I43: =IF(I11="X",(D11-C11),"0") -> 0 | J43: =IF(J11="X",(D11-C11),"0") -> 3 | K43: =IF(K11="X",(D11-C11),"0") -> 0 | L43: =IF(L11="X",(D11-C11),"0") -> 0 | M43: =IF(M11="X",(D11-C11),"0") -> 3 | N43: =IF(N11="X",(D11-C11),"0") -> 0 | O43: =IF(O11="X",(D11-C11),"0") -> 0 | P43: =IF(P11="X",(D11-C11),"0") -> 3 | Q43: =IF(Q11="X",(D11-C11),"0") -> 0 | R43: =IF(R11="X",(D11-C11),"0") -> 0 | S43: =IF(S11="X",(D11-C11),"0") -> 3 | T43: =IF(T11="X",(D11-C11),"0") -> 0
E44: =IF(E12="X",(D12-C12),"0") -> 0 | F44: =IF(F12="X",(D12-C12),"0") -> 0.3 | G44: =IF(G12="X",(D12-C12),"0") -> 0 | H44: =IF(H12="X",(D12-C12),"0") -> 0 | I44: =IF(I12="X",(D12-C12),"0") -> 0 | J44: =IF(J12="X",(D12-C12),"0") -> 0.3 | K44: =IF(K12="X",(D12-C12),"0") -> 0 | L44: =IF(L12="X",(D12-C12),"0") -> 0 | M44: =IF(M12="X",(D12-C12),"0") -> 0.3 | N44: =IF(N12="X",(D12-C12),"0") -> 0 | O44: =IF(O12="X",(D12-C12),"0") -> 0 | P44: =IF(P12="X",(D12-C12),"0") -> 0.3 | Q44: =IF(Q12="X",(D12-C12),"0") -> 0 | R44: =IF(R12="X",(D12-C12),"0") -> 0 | S44: =IF(S12="X",(D12-C12),"0") -> 0.3 | T44: =IF(T12="X",(D12-C12),"0") -> 0
E45: =IF(E13="X",(D13-C13),"0") -> 0 | F45: =IF(F13="X",(D13-C13),"0") -> 0.9 | G45: =IF(G13="X",(D13-C13),"0") -> 0 | H45: =IF(H13="X",(D13-C13),"0") -> 0 | I45: =IF(I13="X",(D13-C13),"0") -> 0 | J45: =IF(J13="X",(D13-C13),"0") -> 0.9 | K45: =IF(K13="X",(D13-C13),"0") -> 0 | L45: =IF(L13="X",(D13-C13),"0") -> 0 | M45: =IF(M13="X",(D13-C13),"0") -> 0.9 | N45: =IF(N13="X",(D13-C13),"0") -> 0 | O45: =IF(O13="X",(D13-C13),"0") -> 0 | P45: =IF(P13="X",(D13-C13),"0") -> 0.9 | Q45: =IF(Q13="X",(D13-C13),"0") -> 0 | R45: =IF(R13="X",(D13-C13),"0") -> 0 | S45: =IF(S13="X",(D13-C13),"0") -> 0.9 | T45: =IF(T13="X",(D13-C13),"0") -> 0
E46: =IF(E14="X",(D14-C14),"0") -> 0 | F46: =IF(F14="X",(D14-C14),"0") -> 0.2 | G46: =IF(G14="X",(D14-C14),"0") -> 0 | H46: =IF(H14="X",(D14-C14),"0") -> 0 | I46: =IF(I14="X",(D14-C14),"0") -> 0 | J46: =IF(J14="X",(D14-C14),"0") -> 0.2 | K46: =IF(K14="X",(D14-C14),"0") -> 0 | L46: =IF(L14="X",(D14-C14),"0") -> 0 | M46: =IF(M14="X",(D14-C14),"0") -> 0.2 | N46: =IF(N14="X",(D14-C14),"0") -> 0 | O46: =IF(O14="X",(D14-C14),"0") -> 0 | P46: =IF(P14="X",(D14-C14),"0") -> 0.2 | Q46: =IF(Q14="X",(D14-C14),"0") -> 0 | R46: =IF(R14="X",(D14-C14),"0") -> 0 | S46: =IF(S14="X",(D14-C14),"0") -> 0.2 | T46: =IF(T14="X",(D14-C14),"0") -> 0
E47: =IF(E15="X",(D15-C15),"0") -> 0 | F47: =IF(F15="X",(D15-C15),"0") -> 6.4 | G47: =IF(G15="X",(D15-C15),"0") -> 0 | H47: =IF(H15="X",(D15-C15),"0") -> 6.4 | I47: =IF(I15="X",(D15-C15),"0") -> 6.4 | J47: =IF(J15="X",(D15-C15),"0") -> 6.4 | K47: =IF(K15="X",(D15-C15),"0") -> 0 | L47: =IF(L15="X",(D15-C15),"0") -> 0 | M47: =IF(M15="X",(D15-C15),"0") -> 0 | N47: =IF(N15="X",(D15-C15),"0") -> 0 | O47: =IF(O15="X",(D15-C15),"0") -> 0 | P47: =IF(P15="X",(D15-C15),"0") -> 6.4 | Q47: =IF(Q15="X",(D15-C15),"0") -> 0 | R47: =IF(R15="X",(D15-C15),"0") -> 0 | S47: =IF(S15="X",(D15-C15),"0") -> 6.4 | T47: =IF(T15="X",(D15-C15),"0") -> 0
E48: =IF(E16="X",(D16-C16),"0") -> 0 | F48: =IF(F16="X",(D16-C16),"0") -> 0 | G48: =IF(G16="X",(D16-C16),"0") -> 1.9 | H48: =IF(H16="X",(D16-C16),"0") -> 1.9 | I48: =IF(I16="X",(D16-C16),"0") -> 1.9 | J48: =IF(J16="X",(D16-C16),"0") -> 1.9 | K48: =IF(K16="X",(D16-C16),"0") -> 0 | L48: =IF(L16="X",(D16-C16),"0") -> 0 | M48: =IF(M16="X",(D16-C16),"0") -> 1.9 | N48: =IF(N16="X",(D16-C16),"0") -> 0 | O48: =IF(O16="X",(D16-C16),"0") -> 0 | P48: =IF(P16="X",(D16-C16),"0") -> 1.9 | Q48: =IF(Q16="X",(D16-C16),"0") -> 0 | R48: =IF(R16="X",(D16-C16),"0") -> 0 | S48: =IF(S16="X",(D16-C16),"0") -> 1.9 | T48: =IF(T16="X",(D16-C16),"0") -> 0
E49: =IF(E17="X",(D17-C17),"0") -> 0 | F49: =IF(F17="X",(D17-C17),"0") -> 3.2 | G49: =IF(G17="X",(D17-C17),"0") -> 0 | H49: =IF(H17="X",(D17-C17),"0") -> 3.2 | I49: =IF(I17="X",(D17-C17),"0") -> 3.2 | J49: =IF(J17="X",(D17-C17),"0") -> 3.2 | K49: =IF(K17="X",(D17-C17),"0") -> 0 | L49: =IF(L17="X",(D17-C17),"0") -> 0 | M49: =IF(M17="X",(D17-C17),"0") -> 3.2 | N49: =IF(N17="X",(D17-C17),"0") -> 0 | O49: =IF(O17="X",(D17-C17),"0") -> 0 | P49: =IF(P17="X",(D17-C17),"0") -> 3.2 | Q49: =IF(Q17="X",(D17-C17),"0") -> 0 | R49: =IF(R17="X",(D17-C17),"0") -> 0 | S49: =IF(S17="X",(D17-C17),"0") -> 3.2 | T49: =IF(T17="X",(D17-C17),"0") -> 0
E50: =IF(E18="X",(D18-C18),"0") -> 0 | F50: =IF(F18="X",(D18-C18),"0") -> 1.22 | G50: =IF(G18="X",(D18-C18),"0") -> 0 | H50: =IF(H18="X",(D18-C18),"0") -> 1.22 | I50: =IF(I18="X",(D18-C18),"0") -> 1.22 | J50: =IF(J18="X",(D18-C18),"0") -> 1.22 | K50: =IF(K18="X",(D18-C18),"0") -> 0 | L50: =IF(L18="X",(D18-C18),"0") -> 0 | M50: =IF(M18="X",(D18-C18),"0") -> 1.22 | N50: =IF(N18="X",(D18-C18),"0") -> 0 | O50: =IF(O18="X",(D18-C18),"0") -> 0 | P50: =IF(P18="X",(D18-C18),"0") -> 1.22 | Q50: =IF(Q18="X",(D18-C18),"0") -> 0 | R50: =IF(R18="X",(D18-C18),"0") -> 0 | S50: =IF(S18="X",(D18-C18),"0") -> 1.22 | T50: =IF(T18="X",(D18-C18),"0") -> 0
... E126: =IF(E94="X",(D94-C94),"0") -> 0 | F126: =IF(F94="X",(D94-C94),"0") -> 0 | G126: =IF(G94="X",(D94-C94),"0") -> 0 | H126: =IF(H94="X",(D94-C94),"0") -> 0 | I126: =IF(I94="X",(D94-C94),"0") -> 0 | J126: =IF(J94="X",(D94-C94),"0") -> 0 | K126: =IF(K94="X",(D94-C94),"0") -> 0 | L126: =IF(L94="X",(D94-C94),"0") -> 0 | M126: =IF(M94="X",(D94-C94),"0") -> 0 | N126: =IF(N94="X",(D94-C94),"0") -> 0 | O126: =IF(O94="X",(D94-C94),"0") -> 0 | P126: =IF(P94="X",(D94-C94),"0") -> 0 | Q126: =IF(Q94="X",(D94-C94),"0") -> 0 | R126: =IF(R94="X",(D94-C94),"0") -> 0 | S126: =IF(S94="X",(D94-C94),"0") -> 0 | T126: =IF(T94="X",(D94-C94),"0") -> 0
E127: =SUM(E39:E126) -> 0 | F127: =SUM(F39:F126) -> 36.25 | G127: =SUM(G39:G126) -> 6.9 | H127: =SUM(H39:H126) -> 22.06 | I127: =SUM(I39:I126) -> 15.82 | J127: =SUM(J39:J126) -> 43.15 | K127: =SUM(K39:K126) -> 0 | L127: =SUM(L39:L126) -> 3.06 | ... T127: =SUM(T39:T126) -> 0

Sheet 228
A1: PROGRAMA DE MANUTENÇÃORODOVIÁRIA
A2: RODOVIAS PAVIMENTADAS | I2: DATA: | J2: ='224'!J2 -> 46204 | N2: TÉCNICO RESP. | O2: ='224'!O2 -> ENG. THIAGO TORQUATO | T2: REGIÃO: | U2: 12
A3: FICHA DE INSPEÇÃO: | B3: =TT!C8 -> RODOVIA TO-296 - TRECHO SÃO SALVADOR DO TOCANTINS - PARANÃ
A5: S.R.E. | B5: SENTIDO | C5: INÍCIO (KM) | D5: FIM (KM) | E5: CONDIÇÃO DO PAVIMENTO | J5: VEGETAÇÃO | L5: ELEM. DE DRENAGEM | O5: SIN. HOR. | R5: SIN. VERTICAL | U5: OBSERV.
E6: BOM | F6: REM. I. | G6: REM. L | H6: BUR. I | I6: BUR. L | J6: ADEQ. | K6: INADED. | L6: LIMPOS | M6: SUJOS | N6: DAN. | O6: BOM | P6: REG. | Q6: INEXIST. | R6: BOM | S6: POUCAS | T6: INEXIST.
A7: 296ETO0220 | B7: C | C7: 0 | D7: 50.6 | F7: X | H7: X | K7: X | M7: X | N7: X | O7: X | S7: X
C8: 50.6 | D8: 54.94 | E8: X | K8: X | M8: X | N8: X | O8: X | S8: X
A32: LEGENDA | B32: CONDIÇÃO DO PAVIMENTO
A33: REM. I | B33: REMENDOS ISOLADOS | E33: ATÉ 10 REMENDOS/KM | I33: BUR. I | J33: BURACOS ISOLADOS | M33: ATÉ 5 BURACOS/KM
A34: REM. L | B34: REMENDOS AO LONGO | E34: MAIS DE 10 REMENDOS/KM | I34: BUR. L | J34: BURACOS AO LONGO | M34: MAIS DE 5 BURACOS/KM
E39: =IF(E7="X",(D7-C7),"0") -> 0 | F39: =IF(F7="X",(D7-C7),"0") -> 50.6 | G39: =IF(G7="X",(D7-C7),"0") -> 0 | H39: =IF(H7="X",(D7-C7),"0") -> 50.6 | I39: =IF(I7="X",(D7-C7),"0") -> 0 | J39: =IF(J7="X",(D7-C7),"0") -> 0 | K39: =IF(K7="X",(D7-C7),"0") -> 50.6 | L39: =IF(L7="X",(D7-C7),"0") -> 0 | M39: =IF(M7="X",(D7-C7),"0") -> 50.6 | N39: =IF(N7="X",(D7-C7),"0") -> 50.6 | O39: =IF(O7="X",(D7-C7),"0") -> 50.6 | P39: =IF(P7="X",(D7-C7),"0") -> 0 | Q39: =IF(Q7="X",(D7-C7),"0") -> 0 | R39: =IF(R7="X",(D7-C7),"0") -> 0 | S39: =IF(S7="X",(D7-C7),"0") -> 50.6 | T39: =IF(T7="X",(D7-C7),"0") -> 0
E40: =IF(E8="X",(D8-C8),"0") -> 4.34 | F40: =IF(F8="X",(D8-C8),"0") -> 0 | G40: =IF(G8="X",(D8-C8),"0") -> 0 | H40: =IF(H8="X",(D8-C8),"0") -> 0 | I40: =IF(I8="X",(D8-C8),"0") -> 0 | J40: =IF(J8="X",(D8-C8),"0") -> 0 | K40: =IF(K8="X",(D8-C8),"0") -> 4.34 | L40: =IF(L8="X",(D8-C8),"0") -> 0 | M40: =IF(M8="X",(D8-C8),"0") -> 4.34 | N40: =IF(N8="X",(D8-C8),"0") -> 4.34 | O40: =IF(O8="X",(D8-C8),"0") -> 4.34 | P40: =IF(P8="X",(D8-C8),"0") -> 0 | Q40: =IF(Q8="X",(D8-C8),"0") -> 0 | R40: =IF(R8="X",(D8-C8),"0") -> 0 | S40: =IF(S8="X",(D8-C8),"0") -> 4.34 | T40: =IF(T8="X",(D8-C8),"0") -> 0
E41: =IF(E9="X",(D9-C9),"0") -> 0 | F41: =IF(F9="X",(D9-C9),"0") -> 0 | G41: =IF(G9="X",(D9-C9),"0") -> 0 | H41: =IF(H9="X",(D9-C9),"0") -> 0 | I41: =IF(I9="X",(D9-C9),"0") -> 0 | J41: =IF(J9="X",(D9-C9),"0") -> 0 | K41: =IF(K9="X",(D9-C9),"0") -> 0 | L41: =IF(L9="X",(D9-C9),"0") -> 0 | M41: =IF(M9="X",(D9-C9),"0") -> 0 | N41: =IF(N9="X",(D9-C9),"0") -> 0 | O41: =IF(O9="X",(D9-C9),"0") -> 0 | P41: =IF(P9="X",(D9-C9),"0") -> 0 | Q41: =IF(Q9="X",(D9-C9),"0") -> 0 | R41: =IF(R9="X",(D9-C9),"0") -> 0 | S41: =IF(S9="X",(D9-C9),"0") -> 0 | T41: =IF(T9="X",(D9-C9),"0") -> 0
E42: =IF(E10="X",(D10-C10),"0") -> 0 | F42: =IF(F10="X",(D10-C10),"0") -> 0 | G42: =IF(G10="X",(D10-C10),"0") -> 0 | H42: =IF(H10="X",(D10-C10),"0") -> 0 | I42: =IF(I10="X",(D10-C10),"0") -> 0 | J42: =IF(J10="X",(D10-C10),"0") -> 0 | K42: =IF(K10="X",(D10-C10),"0") -> 0 | L42: =IF(L10="X",(D10-C10),"0") -> 0 | M42: =IF(M10="X",(D10-C10),"0") -> 0 | N42: =IF(N10="X",(D10-C10),"0") -> 0 | O42: =IF(O10="X",(D10-C10),"0") -> 0 | P42: =IF(P10="X",(D10-C10),"0") -> 0 | Q42: =IF(Q10="X",(D10-C10),"0") -> 0 | R42: =IF(R10="X",(D10-C10),"0") -> 0 | S42: =IF(S10="X",(D10-C10),"0") -> 0 | T42: =IF(T10="X",(D10-C10),"0") -> 0
E43: =IF(E11="X",(D11-C11),"0") -> 0 | F43: =IF(F11="X",(D11-C11),"0") -> 0 | G43: =IF(G11="X",(D11-C11),"0") -> 0 | H43: =IF(H11="X",(D11-C11),"0") -> 0 | I43: =IF(I11="X",(D11-C11),"0") -> 0 | J43: =IF(J11="X",(D11-C11),"0") -> 0 | K43: =IF(K11="X",(D11-C11),"0") -> 0 | L43: =IF(L11="X",(D11-C11),"0") -> 0 | M43: =IF(M11="X",(D11-C11),"0") -> 0 | N43: =IF(N11="X",(D11-C11),"0") -> 0 | O43: =IF(O11="X",(D11-C11),"0") -> 0 | P43: =IF(P11="X",(D11-C11),"0") -> 0 | Q43: =IF(Q11="X",(D11-C11),"0") -> 0 | R43: =IF(R11="X",(D11-C11),"0") -> 0 | S43: =IF(S11="X",(D11-C11),"0") -> 0 | T43: =IF(T11="X",(D11-C11),"0") -> 0
E44: =IF(E12="X",(D12-C12),"0") -> 0 | F44: =IF(F12="X",(D12-C12),"0") -> 0 | G44: =IF(G12="X",(D12-C12),"0") -> 0 | H44: =IF(H12="X",(D12-C12),"0") -> 0 | I44: =IF(I12="X",(D12-C12),"0") -> 0 | J44: =IF(J12="X",(D12-C12),"0") -> 0 | K44: =IF(K12="X",(D12-C12),"0") -> 0 | L44: =IF(L12="X",(D12-C12),"0") -> 0 | M44: =IF(M12="X",(D12-C12),"0") -> 0 | N44: =IF(N12="X",(D12-C12),"0") -> 0 | O44: =IF(O12="X",(D12-C12),"0") -> 0 | P44: =IF(P12="X",(D12-C12),"0") -> 0 | Q44: =IF(Q12="X",(D12-C12),"0") -> 0 | R44: =IF(R12="X",(D12-C12),"0") -> 0 | S44: =IF(S12="X",(D12-C12),"0") -> 0 | T44: =IF(T12="X",(D12-C12),"0") -> 0
E45: =IF(E13="X",(D13-C13),"0") -> 0 | F45: =IF(F13="X",(D13-C13),"0") -> 0 | G45: =IF(G13="X",(D13-C13),"0") -> 0 | H45: =IF(H13="X",(D13-C13),"0") -> 0 | I45: =IF(I13="X",(D13-C13),"0") -> 0 | J45: =IF(J13="X",(D13-C13),"0") -> 0 | K45: =IF(K13="X",(D13-C13),"0") -> 0 | L45: =IF(L13="X",(D13-C13),"0") -> 0 | M45: =IF(M13="X",(D13-C13),"0") -> 0 | N45: =IF(N13="X",(D13-C13),"0") -> 0 | O45: =IF(O13="X",(D13-C13),"0") -> 0 | P45: =IF(P13="X",(D13-C13),"0") -> 0 | Q45: =IF(Q13="X",(D13-C13),"0") -> 0 | R45: =IF(R13="X",(D13-C13),"0") -> 0 | S45: =IF(S13="X",(D13-C13),"0") -> 0 | T45: =IF(T13="X",(D13-C13),"0") -> 0
E46: =IF(E14="X",(D14-C14),"0") -> 0 | F46: =IF(F14="X",(D14-C14),"0") -> 0 | G46: =IF(G14="X",(D14-C14),"0") -> 0 | H46: =IF(H14="X",(D14-C14),"0") -> 0 | I46: =IF(I14="X",(D14-C14),"0") -> 0 | J46: =IF(J14="X",(D14-C14),"0") -> 0 | K46: =IF(K14="X",(D14-C14),"0") -> 0 | L46: =IF(L14="X",(D14-C14),"0") -> 0 | M46: =IF(M14="X",(D14-C14),"0") -> 0 | N46: =IF(N14="X",(D14-C14),"0") -> 0 | O46: =IF(O14="X",(D14-C14),"0") -> 0 | P46: =IF(P14="X",(D14-C14),"0") -> 0 | Q46: =IF(Q14="X",(D14-C14),"0") -> 0 | R46: =IF(R14="X",(D14-C14),"0") -> 0 | S46: =IF(S14="X",(D14-C14),"0") -> 0 | T46: =IF(T14="X",(D14-C14),"0") -> 0
E47: =IF(E15="X",(D15-C15),"0") -> 0 | F47: =IF(F15="X",(D15-C15),"0") -> 0 | G47: =IF(G15="X",(D15-C15),"0") -> 0 | H47: =IF(H15="X",(D15-C15),"0") -> 0 | I47: =IF(I15="X",(D15-C15),"0") -> 0 | J47: =IF(J15="X",(D15-C15),"0") -> 0 | K47: =IF(K15="X",(D15-C15),"0") -> 0 | L47: =IF(L15="X",(D15-C15),"0") -> 0 | M47: =IF(M15="X",(D15-C15),"0") -> 0 | N47: =IF(N15="X",(D15-C15),"0") -> 0 | O47: =IF(O15="X",(D15-C15),"0") -> 0 | P47: =IF(P15="X",(D15-C15),"0") -> 0 | Q47: =IF(Q15="X",(D15-C15),"0") -> 0 | R47: =IF(R15="X",(D15-C15),"0") -> 0 | S47: =IF(S15="X",(D15-C15),"0") -> 0 | T47: =IF(T15="X",(D15-C15),"0") -> 0
E48: =IF(E16="X",(D16-C16),"0") -> 0 | F48: =IF(F16="X",(D16-C16),"0") -> 0 | G48: =IF(G16="X",(D16-C16),"0") -> 0 | H48: =IF(H16="X",(D16-C16),"0") -> 0 | I48: =IF(I16="X",(D16-C16),"0") -> 0 | J48: =IF(J16="X",(D16-C16),"0") -> 0 | K48: =IF(K16="X",(D16-C16),"0") -> 0 | L48: =IF(L16="X",(D16-C16),"0") -> 0 | M48: =IF(M16="X",(D16-C16),"0") -> 0 | N48: =IF(N16="X",(D16-C16),"0") -> 0 | O48: =IF(O16="X",(D16-C16),"0") -> 0 | P48: =IF(P16="X",(D16-C16),"0") -> 0 | Q48: =IF(Q16="X",(D16-C16),"0") -> 0 | R48: =IF(R16="X",(D16-C16),"0") -> 0 | S48: =IF(S16="X",(D16-C16),"0") -> 0 | T48: =IF(T16="X",(D16-C16),"0") -> 0
E49: =IF(E17="X",(D17-C17),"0") -> 0 | F49: =IF(F17="X",(D17-C17),"0") -> 0 | G49: =IF(G17="X",(D17-C17),"0") -> 0 | H49: =IF(H17="X",(D17-C17),"0") -> 0 | I49: =IF(I17="X",(D17-C17),"0") -> 0 | J49: =IF(J17="X",(D17-C17),"0") -> 0 | K49: =IF(K17="X",(D17-C17),"0") -> 0 | L49: =IF(L17="X",(D17-C17),"0") -> 0 | M49: =IF(M17="X",(D17-C17),"0") -> 0 | N49: =IF(N17="X",(D17-C17),"0") -> 0 | O49: =IF(O17="X",(D17-C17),"0") -> 0 | P49: =IF(P17="X",(D17-C17),"0") -> 0 | Q49: =IF(Q17="X",(D17-C17),"0") -> 0 | R49: =IF(R17="X",(D17-C17),"0") -> 0 | S49: =IF(S17="X",(D17-C17),"0") -> 0 | T49: =IF(T17="X",(D17-C17),"0") -> 0
E50: =IF(E18="X",(D18-C18),"0") -> 0 | F50: =IF(F18="X",(D18-C18),"0") -> 0 | G50: =IF(G18="X",(D18-C18),"0") -> 0 | H50: =IF(H18="X",(D18-C18),"0") -> 0 | I50: =IF(I18="X",(D18-C18),"0") -> 0 | J50: =IF(J18="X",(D18-C18),"0") -> 0 | K50: =IF(K18="X",(D18-C18),"0") -> 0 | L50: =IF(L18="X",(D18-C18),"0") -> 0 | M50: =IF(M18="X",(D18-C18),"0") -> 0 | N50: =IF(N18="X",(D18-C18),"0") -> 0 | O50: =IF(O18="X",(D18-C18),"0") -> 0 | P50: =IF(P18="X",(D18-C18),"0") -> 0 | Q50: =IF(Q18="X",(D18-C18),"0") -> 0 | R50: =IF(R18="X",(D18-C18),"0") -> 0 | S50: =IF(S18="X",(D18-C18),"0") -> 0 | T50: =IF(T18="X",(D18-C18),"0") -> 0
... E126: =IF(E94="X",(D94-C94),"0") -> 0 | F126: =IF(F94="X",(D94-C94),"0") -> 0 | G126: =IF(G94="X",(D94-C94),"0") -> 0 | H126: =IF(H94="X",(D94-C94),"0") -> 0 | I126: =IF(I94="X",(D94-C94),"0") -> 0 | J126: =IF(J94="X",(D94-C94),"0") -> 0 | K126: =IF(K94="X",(D94-C94),"0") -> 0 | L126: =IF(L94="X",(D94-C94),"0") -> 0 | M126: =IF(M94="X",(D94-C94),"0") -> 0 | N126: =IF(N94="X",(D94-C94),"0") -> 0 | O126: =IF(O94="X",(D94-C94),"0") -> 0 | P126: =IF(P94="X",(D94-C94),"0") -> 0 | Q126: =IF(Q94="X",(D94-C94),"0") -> 0 | R126: =IF(R94="X",(D94-C94),"0") -> 0 | S126: =IF(S94="X",(D94-C94),"0") -> 0 | T126: =IF(T94="X",(D94-C94),"0") -> 0
E127: =SUM(E39:E126) -> 4.34 | F127: =SUM(F39:F126) -> 50.6 | G127: =SUM(G39:G126) -> 0 | H127: =SUM(H39:H126) -> 50.6 | I127: =SUM(I39:I126) -> 0 | J127: =SUM(J39:J126) -> 0 | K127: =SUM(K39:K126) -> 54.94 | L127: =SUM(L39:L126) -> 0 | ... T127: =SUM(T39:T126) -> 0

Sheet 229
A1: PROGRAMA DE MANUTENÇÃORODOVIÁRIA
A2: RODOVIAS PAVIMENTADAS | I2: DATA: | J2: ='224'!J2 -> 46204 | N2: TÉCNICO RESP. | O2: ='224'!O2 -> ENG. THIAGO TORQUATO | T2: REGIÃO: | U2: 12
A3: FICHA DE INSPEÇÃO: | B3: =TT!C9 -> RODOVIA TO-296 - TRECHO JAÚ DO TOCANTINS - SÃO SALVADOR DO TOCANTINS
A5: S.R.E. | B5: SENTIDO | C5: INÍCIO (KM) | D5: FIM (KM) | E5: CONDIÇÃO DO PAVIMENTO | J5: VEGETAÇÃO | L5: ELEM. DE DRENAGEM | O5: SIN. HOR. | R5: SIN. VERTICAL | U5: OBSERV.
E6: BOM | F6: REM. I. | G6: REM. L | H6: BUR. I | I6: BUR. L | J6: ADEQ. | K6: INADED. | L6: LIMPOS | M6: SUJOS | N6: DAN. | O6: BOM | P6: REG. | Q6: INEXIST. | R6: BOM | S6: POUCAS | T6: INEXIST.
A7: 296ETO0230 | B7: C | C7: 0 | D7: 1.97 | G7: X | J7: X | M7: X | P7: X | S7: X
J8: X
J9: X
A10: 296ETO0261 | B10: C | C10: 0 | D10: 0.2 | E10: X | J10: X | L10: X | P10: X | S10: X
A11: 296ETO0262 | B11: C | C11: 0 | D11: 0.24 | E11: X | J11: X | L11: X | P11: X | S11: X
A32: LEGENDA | B32: CONDIÇÃO DO PAVIMENTO
A33: REM. I | B33: REMENDOS ISOLADOS | E33: ATÉ 10 REMENDOS/KM | I33: BUR. I | J33: BURACOS ISOLADOS | M33: ATÉ 5 BURACOS/KM
A34: REM. L | B34: REMENDOS AO LONGO | E34: MAIS DE 10 REMENDOS/KM | I34: BUR. L | J34: BURACOS AO LONGO | M34: MAIS DE 5 BURACOS/KM
E39: =IF(E7="X",(D7-C7),"0") -> 0 | F39: =IF(F7="X",(D7-C7),"0") -> 0 | G39: =IF(G7="X",(D7-C7),"0") -> 1.97 | H39: =IF(H7="X",(D7-C7),"0") -> 0 | I39: =IF(I7="X",(D7-C7),"0") -> 0 | J39: =IF(J7="X",(D7-C7),"0") -> 1.97 | K39: =IF(K7="X",(D7-C7),"0") -> 0 | L39: =IF(L7="X",(D7-C7),"0") -> 0 | M39: =IF(M7="X",(D7-C7),"0") -> 1.97 | N39: =IF(N7="X",(D7-C7),"0") -> 0 | O39: =IF(O7="X",(D7-C7),"0") -> 0 | P39: =IF(P7="X",(D7-C7),"0") -> 1.97 | Q39: =IF(Q7="X",(D7-C7),"0") -> 0 | R39: =IF(R7="X",(D7-C7),"0") -> 0 | S39: =IF(S7="X",(D7-C7),"0") -> 1.97 | T39: =IF(T7="X",(D7-C7),"0") -> 0
E40: =IF(E8="X",(D8-C8),"0") -> 0 | F40: =IF(F8="X",(D8-C8),"0") -> 0 | G40: =IF(G8="X",(D8-C8),"0") -> 0 | H40: =IF(H8="X",(D8-C8),"0") -> 0 | I40: =IF(I8="X",(D8-C8),"0") -> 0 | J40: =IF(J8="X",(D8-C8),"0") -> 0 | K40: =IF(K8="X",(D8-C8),"0") -> 0 | L40: =IF(L8="X",(D8-C8),"0") -> 0 | M40: =IF(M8="X",(D8-C8),"0") -> 0 | N40: =IF(N8="X",(D8-C8),"0") -> 0 | O40: =IF(O8="X",(D8-C8),"0") -> 0 | P40: =IF(P8="X",(D8-C8),"0") -> 0 | Q40: =IF(Q8="X",(D8-C8),"0") -> 0 | R40: =IF(R8="X",(D8-C8),"0") -> 0 | S40: =IF(S8="X",(D8-C8),"0") -> 0 | T40: =IF(T8="X",(D8-C8),"0") -> 0
E41: =IF(E9="X",(D9-C9),"0") -> 0 | F41: =IF(F9="X",(D9-C9),"0") -> 0 | G41: =IF(G9="X",(D9-C9),"0") -> 0 | H41: =IF(H9="X",(D9-C9),"0") -> 0 | I41: =IF(I9="X",(D9-C9),"0") -> 0 | J41: =IF(J9="X",(D9-C9),"0") -> 0 | K41: =IF(K9="X",(D9-C9),"0") -> 0 | L41: =IF(L9="X",(D9-C9),"0") -> 0 | M41: =IF(M9="X",(D9-C9),"0") -> 0 | N41: =IF(N9="X",(D9-C9),"0") -> 0 | O41: =IF(O9="X",(D9-C9),"0") -> 0 | P41: =IF(P9="X",(D9-C9),"0") -> 0 | Q41: =IF(Q9="X",(D9-C9),"0") -> 0 | R41: =IF(R9="X",(D9-C9),"0") -> 0 | S41: =IF(S9="X",(D9-C9),"0") -> 0 | T41: =IF(T9="X",(D9-C9),"0") -> 0
E42: =IF(E10="X",(D10-C10),"0") -> 0.2 | F42: =IF(F10="X",(D10-C10),"0") -> 0 | G42: =IF(G10="X",(D10-C10),"0") -> 0 | H42: =IF(H10="X",(D10-C10),"0") -> 0 | I42: =IF(I10="X",(D10-C10),"0") -> 0 | J42: =IF(J10="X",(D10-C10),"0") -> 0.2 | K42: =IF(K10="X",(D10-C10),"0") -> 0 | L42: =IF(L10="X",(D10-C10),"0") -> 0.2 | M42: =IF(M10="X",(D10-C10),"0") -> 0 | N42: =IF(N10="X",(D10-C10),"0") -> 0 | O42: =IF(O10="X",(D10-C10),"0") -> 0 | P42: =IF(P10="X",(D10-C10),"0") -> 0.2 | Q42: =IF(Q10="X",(D10-C10),"0") -> 0 | R42: =IF(R10="X",(D10-C10),"0") -> 0 | S42: =IF(S10="X",(D10-C10),"0") -> 0.2 | T42: =IF(T10="X",(D10-C10),"0") -> 0
E43: =IF(E11="X",(D11-C11),"0") -> 0.24 | F43: =IF(F11="X",(D11-C11),"0") -> 0 | G43: =IF(G11="X",(D11-C11),"0") -> 0 | H43: =IF(H11="X",(D11-C11),"0") -> 0 | I43: =IF(I11="X",(D11-C11),"0") -> 0 | J43: =IF(J11="X",(D11-C11),"0") -> 0.24 | K43: =IF(K11="X",(D11-C11),"0") -> 0 | L43: =IF(L11="X",(D11-C11),"0") -> 0.24 | M43: =IF(M11="X",(D11-C11),"0") -> 0 | N43: =IF(N11="X",(D11-C11),"0") -> 0 | O43: =IF(O11="X",(D11-C11),"0") -> 0 | P43: =IF(P11="X",(D11-C11),"0") -> 0.24 | Q43: =IF(Q11="X",(D11-C11),"0") -> 0 | R43: =IF(R11="X",(D11-C11),"0") -> 0 | S43: =IF(S11="X",(D11-C11),"0") -> 0.24 | T43: =IF(T11="X",(D11-C11),"0") -> 0
E44: =IF(E12="X",(D12-C12),"0") -> 0 | F44: =IF(F12="X",(D12-C12),"0") -> 0 | G44: =IF(G12="X",(D12-C12),"0") -> 0 | H44: =IF(H12="X",(D12-C12),"0") -> 0 | I44: =IF(I12="X",(D12-C12),"0") -> 0 | J44: =IF(J12="X",(D12-C12),"0") -> 0 | K44: =IF(K12="X",(D12-C12),"0") -> 0 | L44: =IF(L12="X",(D12-C12),"0") -> 0 | M44: =IF(M12="X",(D12-C12),"0") -> 0 | N44: =IF(N12="X",(D12-C12),"0") -> 0 | O44: =IF(O12="X",(D12-C12),"0") -> 0 | P44: =IF(P12="X",(D12-C12),"0") -> 0 | Q44: =IF(Q12="X",(D12-C12),"0") -> 0 | R44: =IF(R12="X",(D12-C12),"0") -> 0 | S44: =IF(S12="X",(D12-C12),"0") -> 0 | T44: =IF(T12="X",(D12-C12),"0") -> 0
E45: =IF(E13="X",(D13-C13),"0") -> 0 | F45: =IF(F13="X",(D13-C13),"0") -> 0 | G45: =IF(G13="X",(D13-C13),"0") -> 0 | H45: =IF(H13="X",(D13-C13),"0") -> 0 | I45: =IF(I13="X",(D13-C13),"0") -> 0 | J45: =IF(J13="X",(D13-C13),"0") -> 0 | K45: =IF(K13="X",(D13-C13),"0") -> 0 | L45: =IF(L13="X",(D13-C13),"0") -> 0 | M45: =IF(M13="X",(D13-C13),"0") -> 0 | N45: =IF(N13="X",(D13-C13),"0") -> 0 | O45: =IF(O13="X",(D13-C13),"0") -> 0 | P45: =IF(P13="X",(D13-C13),"0") -> 0 | Q45: =IF(Q13="X",(D13-C13),"0") -> 0 | R45: =IF(R13="X",(D13-C13),"0") -> 0 | S45: =IF(S13="X",(D13-C13),"0") -> 0 | T45: =IF(T13="X",(D13-C13),"0") -> 0
E46: =IF(E14="X",(D14-C14),"0") -> 0 | F46: =IF(F14="X",(D14-C14),"0") -> 0 | G46: =IF(G14="X",(D14-C14),"0") -> 0 | H46: =IF(H14="X",(D14-C14),"0") -> 0 | I46: =IF(I14="X",(D14-C14),"0") -> 0 | J46: =IF(J14="X",(D14-C14),"0") -> 0 | K46: =IF(K14="X",(D14-C14),"0") -> 0 | L46: =IF(L14="X",(D14-C14),"0") -> 0 | M46: =IF(M14="X",(D14-C14),"0") -> 0 | N46: =IF(N14="X",(D14-C14),"0") -> 0 | O46: =IF(O14="X",(D14-C14),"0") -> 0 | P46: =IF(P14="X",(D14-C14),"0") -> 0 | Q46: =IF(Q14="X",(D14-C14),"0") -> 0 | R46: =IF(R14="X",(D14-C14),"0") -> 0 | S46: =IF(S14="X",(D14-C14),"0") -> 0 | T46: =IF(T14="X",(D14-C14),"0") -> 0
E47: =IF(E15="X",(D15-C15),"0") -> 0 | F47: =IF(F15="X",(D15-C15),"0") -> 0 | G47: =IF(G15="X",(D15-C15),"0") -> 0 | H47: =IF(H15="X",(D15-C15),"0") -> 0 | I47: =IF(I15="X",(D15-C15),"0") -> 0 | J47: =IF(J15="X",(D15-C15),"0") -> 0 | K47: =IF(K15="X",(D15-C15),"0") -> 0 | L47: =IF(L15="X",(D15-C15),"0") -> 0 | M47: =IF(M15="X",(D15-C15),"0") -> 0 | N47: =IF(N15="X",(D15-C15),"0") -> 0 | O47: =IF(O15="X",(D15-C15),"0") -> 0 | P47: =IF(P15="X",(D15-C15),"0") -> 0 | Q47: =IF(Q15="X",(D15-C15),"0") -> 0 | R47: =IF(R15="X",(D15-C15),"0") -> 0 | S47: =IF(S15="X",(D15-C15),"0") -> 0 | T47: =IF(T15="X",(D15-C15),"0") -> 0
E48: =IF(E16="X",(D16-C16),"0") -> 0 | F48: =IF(F16="X",(D16-C16),"0") -> 0 | G48: =IF(G16="X",(D16-C16),"0") -> 0 | H48: =IF(H16="X",(D16-C16),"0") -> 0 | I48: =IF(I16="X",(D16-C16),"0") -> 0 | J48: =IF(J16="X",(D16-C16),"0") -> 0 | K48: =IF(K16="X",(D16-C16),"0") -> 0 | L48: =IF(L16="X",(D16-C16),"0") -> 0 | M48: =IF(M16="X",(D16-C16),"0") -> 0 | N48: =IF(N16="X",(D16-C16),"0") -> 0 | O48: =IF(O16="X",(D16-C16),"0") -> 0 | P48: =IF(P16="X",(D16-C16),"0") -> 0 | Q48: =IF(Q16="X",(D16-C16),"0") -> 0 | R48: =IF(R16="X",(D16-C16),"0") -> 0 | S48: =IF(S16="X",(D16-C16),"0") -> 0 | T48: =IF(T16="X",(D16-C16),"0") -> 0
E49: =IF(E17="X",(D17-C17),"0") -> 0 | F49: =IF(F17="X",(D17-C17),"0") -> 0 | G49: =IF(G17="X",(D17-C17),"0") -> 0 | H49: =IF(H17="X",(D17-C17),"0") -> 0 | I49: =IF(I17="X",(D17-C17),"0") -> 0 | J49: =IF(J17="X",(D17-C17),"0") -> 0 | K49: =IF(K17="X",(D17-C17),"0") -> 0 | L49: =IF(L17="X",(D17-C17),"0") -> 0 | M49: =IF(M17="X",(D17-C17),"0") -> 0 | N49: =IF(N17="X",(D17-C17),"0") -> 0 | O49: =IF(O17="X",(D17-C17),"0") -> 0 | P49: =IF(P17="X",(D17-C17),"0") -> 0 | Q49: =IF(Q17="X",(D17-C17),"0") -> 0 | R49: =IF(R17="X",(D17-C17),"0") -> 0 | S49: =IF(S17="X",(D17-C17),"0") -> 0 | T49: =IF(T17="X",(D17-C17),"0") -> 0
E50: =IF(E18="X",(D18-C18),"0") -> 0 | F50: =IF(F18="X",(D18-C18),"0") -> 0 | G50: =IF(G18="X",(D18-C18),"0") -> 0 | H50: =IF(H18="X",(D18-C18),"0") -> 0 | I50: =IF(I18="X",(D18-C18),"0") -> 0 | J50: =IF(J18="X",(D18-C18),"0") -> 0 | K50: =IF(K18="X",(D18-C18),"0") -> 0 | L50: =IF(L18="X",(D18-C18),"0") -> 0 | M50: =IF(M18="X",(D18-C18),"0") -> 0 | N50: =IF(N18="X",(D18-C18),"0") -> 0 | O50: =IF(O18="X",(D18-C18),"0") -> 0 | P50: =IF(P18="X",(D18-C18),"0") -> 0 | Q50: =IF(Q18="X",(D18-C18),"0") -> 0 | R50: =IF(R18="X",(D18-C18),"0") -> 0 | S50: =IF(S18="X",(D18-C18),"0") -> 0 | T50: =IF(T18="X",(D18-C18),"0") -> 0
... E126: =IF(E94="X",(D94-C94),"0") -> 0 | F126: =IF(F94="X",(D94-C94),"0") -> 0 | G126: =IF(G94="X",(D94-C94),"0") -> 0 | H126: =IF(H94="X",(D94-C94),"0") -> 0 | I126: =IF(I94="X",(D94-C94),"0") -> 0 | J126: =IF(J94="X",(D94-C94),"0") -> 0 | K126: =IF(K94="X",(D94-C94),"0") -> 0 | L126: =IF(L94="X",(D94-C94),"0") -> 0 | M126: =IF(M94="X",(D94-C94),"0") -> 0 | N126: =IF(N94="X",(D94-C94),"0") -> 0 | O126: =IF(O94="X",(D94-C94),"0") -> 0 | P126: =IF(P94="X",(D94-C94),"0") -> 0 | Q126: =IF(Q94="X",(D94-C94),"0") -> 0 | R126: =IF(R94="X",(D94-C94),"0") -> 0 | S126: =IF(S94="X",(D94-C94),"0") -> 0 | T126: =IF(T94="X",(D94-C94),"0") -> 0
E127: =SUM(E39:E126) -> 0.44 | F127: =SUM(F39:F126) -> 0 | G127: =SUM(G39:G126) -> 1.97 | H127: =SUM(H39:H126) -> 0 | I127: =SUM(I39:I126) -> 0 | J127: =SUM(J39:J126) -> 2.41 | K127: =SUM(K39:K126) -> 0 | L127: =SUM(L39:L126) -> 0.44 | ... T127: =SUM(T39:T126) -> 0

Sheet 230
A1: PROGRAMA DE MANUTENÇÃORODOVIÁRIA
A2: RODOVIAS PAVIMENTADAS | I2: DATA: | J2: ='224'!J2 -> 46204 | N2: TÉCNICO RESP. | O2: ='224'!O2 -> ENG. THIAGO TORQUATO | T2: REGIÃO: | U2: 12
A3: FICHA DE INSPEÇÃO: | B3: =TT!C10 -> RODOVIA TO-296 - TALISMÃ - ENTR. TO-498 (JAÚ DO TOCANTINS)
A5: S.R.E. | B5: SENTIDO | C5: INÍCIO (KM) | D5: FIM (KM) | E5: CONDIÇÃO DO PAVIMENTO | J5: VEGETAÇÃO | L5: ELEM. DE DRENAGEM | O5: SIN. HOR. | R5: SIN. VERTICAL | U5: OBSERV.
E6: BOM | F6: REM. I. | G6: REM. L | H6: BUR. I | I6: BUR. L | J6: ADEQ. | K6: INADED. | L6: LIMPOS | M6: SUJOS | N6: DAN. | O6: BOM | P6: REG. | Q6: INEXIST. | R6: BOM | S6: POUCAS | T6: INEXIST.
A7: 296ETO0300 | B7: C | C7: 0 | D7: 1 | E7: X | J7: X | M7: X | P7: X | S7: X
C8: =D7 -> 1 | D8: 2.1 | F8: X | K8: X | M8: X | N8: X | P8: X | S8: X
C9: =D8 -> 2.1 | D9: 3.4 | E9: X | K9: X | M9: X | P9: X | S9: X
C10: =D9 -> 3.4 | D10: 4.2 | E10: X | K10: X | M10: X | P10: X | S10: X
C11: =D10 -> 4.2 | D11: 9.4 | I11: X | K11: X | M11: X | P11: X | S11: X
C12: =D11 -> 9.4 | D12: 10.6 | I12: X | K12: X | M12: X | P12: X | S12: X
C13: =D12 -> 10.6 | D13: 12.7 | I13: X | K13: X | M13: X | P13: X | S13: X
C14: =D13 -> 12.7 | D14: 16.52 | E14: X | K14: X | M14: X | P14: X | S14: X
A15: 296ETO0310 | B15: C | C15: 0 | D15: 0.6 | F15: X | I15: X | K15: X | M15: X | P15: X | S15: X
C16: =D15 -> 0.6 | D16: 3.9 | E16: X | K16: X | M16: X | P16: X | S16: X
C17: =D16 -> 3.9 | D17: 4.7 | F17: X | I17: X | K17: X | M17: X | P17: X | S17: X
C18: =D17 -> 4.7 | D18: 5.9 | F18: X | I18: X | K18: X | M18: X | P18: X | S18: X
C19: =D18 -> 5.9 | D19: 7.9 | F19: X | I19: X | K19: X | M19: X | P19: X | S19: X
C20: =D19 -> 7.9 | D20: 13.3 | G20: X | I20: X | K20: X | M20: X | P20: X | S20: X
C21: =D20 -> 13.3 | D21: 14.6 | E21: X | K21: X | M21: X | P21: X | S21: X
C22: =D21 -> 14.6 | D22: 16.3 | G22: X | I22: X | K22: X | M22: X | P22: X | S22: X
C23: =D22 -> 16.3 | D23: 18 | F23: X | I23: X | K23: X | M23: X | P23: X | S23: X
C24: =D23 -> 18 | D24: 19.1 | F24: X | I24: X | K24: X | M24: X | P24: X | S24: X
C25: =D24 -> 19.1 | D25: 20 | G25: X | I25: X | K25: X | M25: X | P25: X | S25: X
C26: =D25 -> 20 | D26: 22.3 | G26: X | I26: X | K26: X | M26: X | P26: X | S26: X
C27: =D26 -> 22.3 | D27: 25.4 | F27: X | H27: X | K27: X
C28: =D27 -> 25.4 | D28: 25.9 | F28: X | H28: X | K28: X
C29: =D28 -> 25.9 | D29: 27.8 | F29: X | G29: X | K29: X
C30: =D29 -> 27.8 | D30: 30.4 | E30: X | K30: X
C31: =D30 -> 30.4 | D31: 33.5 | F31: X | I31: X | K31: X
C32: =D31 -> 33.5 | D32: 35 | F32: X | I32: X | K32: X
C33: =D32 -> 35 | D33: 38.8 | F33: X | H33: X | I33: X | K33: X
C34: =D33 -> 38.8 | D34: 40.5 | F34: X | H34: X | I34: X | K34: X
C35: =D34 -> 40.5 | D35: 41.8 | G35: X | I35: X | K35: X
C36: =D35 -> 41.8 | D36: 43.5 | I36: X | K36: X
C37: =D36 -> 43.5 | D37: 43.7 | E37: X | K37: X
C38: =D37 -> 43.7 | D38: 43.8 | F38: X | H38: X | K38: X
C39: =D38 -> 43.8 | D39: 46.38 | F39: X | H39: X | K39: X
A72: LEGENDA | B72: CONDIÇÃO DO PAVIMENTO
A73: REM. I | B73: REMENDOS ISOLADOS | E73: ATÉ 10 REMENDOS/KM | I73: BUR. I | J73: BURACOS ISOLADOS | M73: ATÉ 5 BURACOS/KM
A74: REM. L | B74: REMENDOS AO LONGO | E74: MAIS DE 10 REMENDOS/KM | I74: BUR. L | J74: BURACOS AO LONGO | M74: MAIS DE 5 BURACOS/KM
E79: =IF(E7="X",(D7-C7),"0") -> 1 | F79: =IF(F7="X",(D7-C7),"0") -> 0 | G79: =IF(G7="X",(D7-C7),"0") -> 0 | H79: =IF(H7="X",(D7-C7),"0") -> 0 | I79: =IF(I7="X",(D7-C7),"0") -> 0 | J79: =IF(J7="X",(D7-C7),"0") -> 1 | K79: =IF(K7="X",(D7-C7),"0") -> 0 | L79: =IF(L7="X",(D7-C7),"0") -> 0 | M79: =IF(M7="X",(D7-C7),"0") -> 1 | N79: =IF(N7="X",(D7-C7),"0") -> 0 | O79: =IF(O7="X",(D7-C7),"0") -> 0 | P79: =IF(P7="X",(D7-C7),"0") -> 1 | Q79: =IF(Q7="X",(D7-C7),"0") -> 0 | R79: =IF(R7="X",(D7-C7),"0") -> 0 | S79: =IF(S7="X",(D7-C7),"0") -> 1 | T79: =IF(T7="X",(D7-C7),"0") -> 0
E80: =IF(E8="X",(D8-C8),"0") -> 0 | F80: =IF(F8="X",(D8-C8),"0") -> 1.1 | G80: =IF(G8="X",(D8-C8),"0") -> 0 | H80: =IF(H8="X",(D8-C8),"0") -> 0 | I80: =IF(I8="X",(D8-C8),"0") -> 0 | J80: =IF(J8="X",(D8-C8),"0") -> 0 | K80: =IF(K8="X",(D8-C8),"0") -> 1.1 | L80: =IF(L8="X",(D8-C8),"0") -> 0 | M80: =IF(M8="X",(D8-C8),"0") -> 1.1 | N80: =IF(N8="X",(D8-C8),"0") -> 1.1 | O80: =IF(O8="X",(D8-C8),"0") -> 0 | P80: =IF(P8="X",(D8-C8),"0") -> 1.1 | Q80: =IF(Q8="X",(D8-C8),"0") -> 0 | R80: =IF(R8="X",(D8-C8),"0") -> 0 | S80: =IF(S8="X",(D8-C8),"0") -> 1.1 | T80: =IF(T8="X",(D8-C8),"0") -> 0
E81: =IF(E9="X",(D9-C9),"0") -> 1.3 | F81: =IF(F9="X",(D9-C9),"0") -> 0 | G81: =IF(G9="X",(D9-C9),"0") -> 0 | H81: =IF(H9="X",(D9-C9),"0") -> 0 | I81: =IF(I9="X",(D9-C9),"0") -> 0 | J81: =IF(J9="X",(D9-C9),"0") -> 0 | K81: =IF(K9="X",(D9-C9),"0") -> 1.3 | L81: =IF(L9="X",(D9-C9),"0") -> 0 | M81: =IF(M9="X",(D9-C9),"0") -> 1.3 | N81: =IF(N9="X",(D9-C9),"0") -> 0 | O81: =IF(O9="X",(D9-C9),"0") -> 0 | P81: =IF(P9="X",(D9-C9),"0") -> 1.3 | Q81: =IF(Q9="X",(D9-C9),"0") -> 0 | R81: =IF(R9="X",(D9-C9),"0") -> 0 | S81: =IF(S9="X",(D9-C9),"0") -> 1.3 | T81: =IF(T9="X",(D9-C9),"0") -> 0
E82: =IF(E10="X",(D10-C10),"0") -> 0.8 | F82: =IF(F10="X",(D10-C10),"0") -> 0 | G82: =IF(G10="X",(D10-C10),"0") -> 0 | H82: =IF(H10="X",(D10-C10),"0") -> 0 | I82: =IF(I10="X",(D10-C10),"0") -> 0 | J82: =IF(J10="X",(D10-C10),"0") -> 0 | K82: =IF(K10="X",(D10-C10),"0") -> 0.8 | L82: =IF(L10="X",(D10-C10),"0") -> 0 | M82: =IF(M10="X",(D10-C10),"0") -> 0.8 | N82: =IF(N10="X",(D10-C10),"0") -> 0 | O82: =IF(O10="X",(D10-C10),"0") -> 0 | P82: =IF(P10="X",(D10-C10),"0") -> 0.8 | Q82: =IF(Q10="X",(D10-C10),"0") -> 0 | R82: =IF(R10="X",(D10-C10),"0") -> 0 | S82: =IF(S10="X",(D10-C10),"0") -> 0.8 | T82: =IF(T10="X",(D10-C10),"0") -> 0
E83: =IF(E11="X",(D11-C11),"0") -> 0 | F83: =IF(F11="X",(D11-C11),"0") -> 0 | G83: =IF(G11="X",(D11-C11),"0") -> 0 | H83: =IF(H11="X",(D11-C11),"0") -> 0 | I83: =IF(I11="X",(D11-C11),"0") -> 5.2 | J83: =IF(J11="X",(D11-C11),"0") -> 0 | K83: =IF(K11="X",(D11-C11),"0") -> 5.2 | L83: =IF(L11="X",(D11-C11),"0") -> 0 | M83: =IF(M11="X",(D11-C11),"0") -> 5.2 | N83: =IF(N11="X",(D11-C11),"0") -> 0 | O83: =IF(O11="X",(D11-C11),"0") -> 0 | P83: =IF(P11="X",(D11-C11),"0") -> 5.2 | Q83: =IF(Q11="X",(D11-C11),"0") -> 0 | R83: =IF(R11="X",(D11-C11),"0") -> 0 | S83: =IF(S11="X",(D11-C11),"0") -> 5.2 | T83: =IF(T11="X",(D11-C11),"0") -> 0
E84: =IF(E12="X",(D12-C12),"0") -> 0 | F84: =IF(F12="X",(D12-C12),"0") -> 0 | G84: =IF(G12="X",(D12-C12),"0") -> 0 | H84: =IF(H12="X",(D12-C12),"0") -> 0 | I84: =IF(I12="X",(D12-C12),"0") -> 1.2 | J84: =IF(J12="X",(D12-C12),"0") -> 0 | K84: =IF(K12="X",(D12-C12),"0") -> 1.2 | L84: =IF(L12="X",(D12-C12),"0") -> 0 | M84: =IF(M12="X",(D12-C12),"0") -> 1.2 | N84: =IF(N12="X",(D12-C12),"0") -> 0 | O84: =IF(O12="X",(D12-C12),"0") -> 0 | P84: =IF(P12="X",(D12-C12),"0") -> 1.2 | Q84: =IF(Q12="X",(D12-C12),"0") -> 0 | R84: =IF(R12="X",(D12-C12),"0") -> 0 | S84: =IF(S12="X",(D12-C12),"0") -> 1.2 | T84: =IF(T12="X",(D12-C12),"0") -> 0
E85: =IF(E13="X",(D13-C13),"0") -> 0 | F85: =IF(F13="X",(D13-C13),"0") -> 0 | G85: =IF(G13="X",(D13-C13),"0") -> 0 | H85: =IF(H13="X",(D13-C13),"0") -> 0 | I85: =IF(I13="X",(D13-C13),"0") -> 2.1 | J85: =IF(J13="X",(D13-C13),"0") -> 0 | K85: =IF(K13="X",(D13-C13),"0") -> 2.1 | L85: =IF(L13="X",(D13-C13),"0") -> 0 | M85: =IF(M13="X",(D13-C13),"0") -> 2.1 | N85: =IF(N13="X",(D13-C13),"0") -> 0 | O85: =IF(O13="X",(D13-C13),"0") -> 0 | P85: =IF(P13="X",(D13-C13),"0") -> 2.1 | Q85: =IF(Q13="X",(D13-C13),"0") -> 0 | R85: =IF(R13="X",(D13-C13),"0") -> 0 | S85: =IF(S13="X",(D13-C13),"0") -> 2.1 | T85: =IF(T13="X",(D13-C13),"0") -> 0
E86: =IF(E14="X",(D14-C14),"0") -> 3.82 | F86: =IF(F14="X",(D14-C14),"0") -> 0 | G86: =IF(G14="X",(D14-C14),"0") -> 0 | H86: =IF(H14="X",(D14-C14),"0") -> 0 | I86: =IF(I14="X",(D14-C14),"0") -> 0 | J86: =IF(J14="X",(D14-C14),"0") -> 0 | K86: =IF(K14="X",(D14-C14),"0") -> 3.82 | L86: =IF(L14="X",(D14-C14),"0") -> 0 | M86: =IF(M14="X",(D14-C14),"0") -> 3.82 | N86: =IF(N14="X",(D14-C14),"0") -> 0 | O86: =IF(O14="X",(D14-C14),"0") -> 0 | P86: =IF(P14="X",(D14-C14),"0") -> 3.82 | Q86: =IF(Q14="X",(D14-C14),"0") -> 0 | R86: =IF(R14="X",(D14-C14),"0") -> 0 | S86: =IF(S14="X",(D14-C14),"0") -> 3.82 | T86: =IF(T14="X",(D14-C14),"0") -> 0
E87: =IF(E15="X",(D15-C15),"0") -> 0 | F87: =IF(F15="X",(D15-C15),"0") -> 0.6 | G87: =IF(G15="X",(D15-C15),"0") -> 0 | H87: =IF(H15="X",(D15-C15),"0") -> 0 | I87: =IF(I15="X",(D15-C15),"0") -> 0.6 | J87: =IF(J15="X",(D15-C15),"0") -> 0 | K87: =IF(K15="X",(D15-C15),"0") -> 0.6 | L87: =IF(L15="X",(D15-C15),"0") -> 0 | M87: =IF(M15="X",(D15-C15),"0") -> 0.6 | N87: =IF(N15="X",(D15-C15),"0") -> 0 | O87: =IF(O15="X",(D15-C15),"0") -> 0 | P87: =IF(P15="X",(D15-C15),"0") -> 0.6 | Q87: =IF(Q15="X",(D15-C15),"0") -> 0 | R87: =IF(R15="X",(D15-C15),"0") -> 0 | S87: =IF(S15="X",(D15-C15),"0") -> 0.6 | T87: =IF(T15="X",(D15-C15),"0") -> 0
E88: =IF(E16="X",(D16-C16),"0") -> 3.3 | F88: =IF(F16="X",(D16-C16),"0") -> 0 | G88: =IF(G16="X",(D16-C16),"0") -> 0 | H88: =IF(H16="X",(D16-C16),"0") -> 0 | I88: =IF(I16="X",(D16-C16),"0") -> 0 | J88: =IF(J16="X",(D16-C16),"0") -> 0 | K88: =IF(K16="X",(D16-C16),"0") -> 3.3 | L88: =IF(L16="X",(D16-C16),"0") -> 0 | M88: =IF(M16="X",(D16-C16),"0") -> 3.3 | N88: =IF(N16="X",(D16-C16),"0") -> 0 | O88: =IF(O16="X",(D16-C16),"0") -> 0 | P88: =IF(P16="X",(D16-C16),"0") -> 3.3 | Q88: =IF(Q16="X",(D16-C16),"0") -> 0 | R88: =IF(R16="X",(D16-C16),"0") -> 0 | S88: =IF(S16="X",(D16-C16),"0") -> 3.3 | T88: =IF(T16="X",(D16-C16),"0") -> 0
E89: =IF(E17="X",(D17-C17),"0") -> 0 | F89: =IF(F17="X",(D17-C17),"0") -> 0.8 | G89: =IF(G17="X",(D17-C17),"0") -> 0 | H89: =IF(H17="X",(D17-C17),"0") -> 0 | I89: =IF(I17="X",(D17-C17),"0") -> 0.8 | J89: =IF(J17="X",(D17-C17),"0") -> 0 | K89: =IF(K17="X",(D17-C17),"0") -> 0.8 | L89: =IF(L17="X",(D17-C17),"0") -> 0 | M89: =IF(M17="X",(D17-C17),"0") -> 0.8 | N89: =IF(N17="X",(D17-C17),"0") -> 0 | O89: =IF(O17="X",(D17-C17),"0") -> 0 | P89: =IF(P17="X",(D17-C17),"0") -> 0.8 | Q89: =IF(Q17="X",(D17-C17),"0") -> 0 | R89: =IF(R17="X",(D17-C17),"0") -> 0 | S89: =IF(S17="X",(D17-C17),"0") -> 0.8 | T89: =IF(T17="X",(D17-C17),"0") -> 0
E90: =IF(E18="X",(D18-C18),"0") -> 0 | F90: =IF(F18="X",(D18-C18),"0") -> 1.2 | G90: =IF(G18="X",(D18-C18),"0") -> 0 | H90: =IF(H18="X",(D18-C18),"0") -> 0 | I90: =IF(I18="X",(D18-C18),"0") -> 1.2 | J90: =IF(J18="X",(D18-C18),"0") -> 0 | K90: =IF(K18="X",(D18-C18),"0") -> 1.2 | L90: =IF(L18="X",(D18-C18),"0") -> 0 | M90: =IF(M18="X",(D18-C18),"0") -> 1.2 | N90: =IF(N18="X",(D18-C18),"0") -> 0 | O90: =IF(O18="X",(D18-C18),"0") -> 0 | P90: =IF(P18="X",(D18-C18),"0") -> 1.2 | Q90: =IF(Q18="X",(D18-C18),"0") -> 0 | R90: =IF(R18="X",(D18-C18),"0") -> 0 | S90: =IF(S18="X",(D18-C18),"0") -> 1.2 | T90: =IF(T18="X",(D18-C18),"0") -> 0
... E166: =IF(E94="X",(D94-C94),"0") -> 0 | F166: =IF(F94="X",(D94-C94),"0") -> 0 | G166: =IF(G94="X",(D94-C94),"0") -> 0 | H166: =IF(H94="X",(D94-C94),"0") -> 0 | I166: =IF(I94="X",(D94-C94),"0") -> 0 | J166: =IF(J94="X",(D94-C94),"0") -> 0 | K166: =IF(K94="X",(D94-C94),"0") -> 0 | L166: =IF(L94="X",(D94-C94),"0") -> 0 | M166: =IF(M94="X",(D94-C94),"0") -> 0 | N166: =IF(N94="X",(D94-C94),"0") -> 0 | O166: =IF(O94="X",(D94-C94),"0") -> 0 | P166: =IF(P94="X",(D94-C94),"0") -> 0 | Q166: =IF(Q94="X",(D94-C94),"0") -> 0 | R166: =IF(R94="X",(D94-C94),"0") -> 0 | S166: =IF(S94="X",(D94-C94),"0") -> 0 | T166: =IF(T94="X",(D94-C94),"0") -> 0
E167: =SUM(E79:E166) -> 14.32 | F167: =SUM(F79:F166) -> 26.78 | G167: =SUM(G79:G166) -> 13.5 | H167: =SUM(H79:H166) -> 11.78 | I167: =SUM(I79:I166) -> 39.3 | J167: =SUM(J79:J166) -> 1 | K167: =SUM(K79:K166) -> 61.9 | L167: =SUM(L79:L166) -> 0 | ... T167: =SUM(T79:T166) -> 0

Sheet 231
A1: PROGRAMA DE MANUTENÇÃORODOVIÁRIA
A2: RODOVIAS PAVIMENTADAS | I2: DATA: | J2: ='224'!J2 -> 46204 | N2: TÉCNICO RESP. | O2: ='224'!O2 -> ENG. THIAGO TORQUATO | T2: REGIÃO: | U2: 12
A3: FICHA DE INSPEÇÃO: | B3: =TT!C11 -> RODOVIA TO-365 - TRECHO IPUEIRAS - SILVANÓPOLIS
A5: S.R.E. | B5: SENTIDO | C5: INÍCIO (KM) | D5: FIM (KM) | E5: CONDIÇÃO DO PAVIMENTO | J5: VEGETAÇÃO | L5: ELEM. DE DRENAGEM | O5: SIN. HOR. | R5: SIN. VERTICAL | U5: OBSERV.
E6: BOM | F6: REM. I. | G6: REM. L | H6: BUR. I | I6: BUR. L | J6: ADEQ. | K6: INADED. | L6: LIMPOS | M6: SUJOS | N6: DAN. | O6: BOM | P6: REG. | Q6: INEXIST. | R6: BOM | S6: POUCAS | T6: INEXIST.
A7: 365ETO0191 | B7: C | C7: 0 | D7: 1.13 | F7: X | J7: X | L7: X | P7: X | S7: X | U7: URBANO
A32: LEGENDA | B32: CONDIÇÃO DO PAVIMENTO
A33: REM. I | B33: REMENDOS ISOLADOS | E33: ATÉ 10 REMENDOS/KM | I33: BUR. I | J33: BURACOS ISOLADOS | M33: ATÉ 5 BURACOS/KM
A34: REM. L | B34: REMENDOS AO LONGO | E34: MAIS DE 10 REMENDOS/KM | I34: BUR. L | J34: BURACOS AO LONGO | M34: MAIS DE 5 BURACOS/KM
E39: =IF(E7="X",(D7-C7),"0") -> 0 | F39: =IF(F7="X",(D7-C7),"0") -> 1.13 | G39: =IF(G7="X",(D7-C7),"0") -> 0 | H39: =IF(H7="X",(D7-C7),"0") -> 0 | I39: =IF(I7="X",(D7-C7),"0") -> 0 | J39: =IF(J7="X",(D7-C7),"0") -> 1.13 | K39: =IF(K7="X",(D7-C7),"0") -> 0 | L39: =IF(L7="X",(D7-C7),"0") -> 1.13 | M39: =IF(M7="X",(D7-C7),"0") -> 0 | N39: =IF(N7="X",(D7-C7),"0") -> 0 | O39: =IF(O7="X",(D7-C7),"0") -> 0 | P39: =IF(P7="X",(D7-C7),"0") -> 1.13 | Q39: =IF(Q7="X",(D7-C7),"0") -> 0 | R39: =IF(R7="X",(D7-C7),"0") -> 0 | S39: =IF(S7="X",(D7-C7),"0") -> 1.13 | T39: =IF(T7="X",(D7-C7),"0") -> 0
E40: =IF(E8="X",(D8-C8),"0") -> 0 | F40: =IF(F8="X",(D8-C8),"0") -> 0 | G40: =IF(G8="X",(D8-C8),"0") -> 0 | H40: =IF(H8="X",(D8-C8),"0") -> 0 | I40: =IF(I8="X",(D8-C8),"0") -> 0 | J40: =IF(J8="X",(D8-C8),"0") -> 0 | K40: =IF(K8="X",(D8-C8),"0") -> 0 | L40: =IF(L8="X",(D8-C8),"0") -> 0 | M40: =IF(M8="X",(D8-C8),"0") -> 0 | N40: =IF(N8="X",(D8-C8),"0") -> 0 | O40: =IF(O8="X",(D8-C8),"0") -> 0 | P40: =IF(P8="X",(D8-C8),"0") -> 0 | Q40: =IF(Q8="X",(D8-C8),"0") -> 0 | R40: =IF(R8="X",(D8-C8),"0") -> 0 | S40: =IF(S8="X",(D8-C8),"0") -> 0 | T40: =IF(T8="X",(D8-C8),"0") -> 0
E41: =IF(E9="X",(D9-C9),"0") -> 0 | F41: =IF(F9="X",(D9-C9),"0") -> 0 | G41: =IF(G9="X",(D9-C9),"0") -> 0 | H41: =IF(H9="X",(D9-C9),"0") -> 0 | I41: =IF(I9="X",(D9-C9),"0") -> 0 | J41: =IF(J9="X",(D9-C9),"0") -> 0 | K41: =IF(K9="X",(D9-C9),"0") -> 0 | L41: =IF(L9="X",(D9-C9),"0") -> 0 | M41: =IF(M9="X",(D9-C9),"0") -> 0 | N41: =IF(N9="X",(D9-C9),"0") -> 0 | O41: =IF(O9="X",(D9-C9),"0") -> 0 | P41: =IF(P9="X",(D9-C9),"0") -> 0 | Q41: =IF(Q9="X",(D9-C9),"0") -> 0 | R41: =IF(R9="X",(D9-C9),"0") -> 0 | S41: =IF(S9="X",(D9-C9),"0") -> 0 | T41: =IF(T9="X",(D9-C9),"0") -> 0
E42: =IF(E10="X",(D10-C10),"0") -> 0 | F42: =IF(F10="X",(D10-C10),"0") -> 0 | G42: =IF(G10="X",(D10-C10),"0") -> 0 | H42: =IF(H10="X",(D10-C10),"0") -> 0 | I42: =IF(I10="X",(D10-C10),"0") -> 0 | J42: =IF(J10="X",(D10-C10),"0") -> 0 | K42: =IF(K10="X",(D10-C10),"0") -> 0 | L42: =IF(L10="X",(D10-C10),"0") -> 0 | M42: =IF(M10="X",(D10-C10),"0") -> 0 | N42: =IF(N10="X",(D10-C10),"0") -> 0 | O42: =IF(O10="X",(D10-C10),"0") -> 0 | P42: =IF(P10="X",(D10-C10),"0") -> 0 | Q42: =IF(Q10="X",(D10-C10),"0") -> 0 | R42: =IF(R10="X",(D10-C10),"0") -> 0 | S42: =IF(S10="X",(D10-C10),"0") -> 0 | T42: =IF(T10="X",(D10-C10),"0") -> 0
E43: =IF(E11="X",(D11-C11),"0") -> 0 | F43: =IF(F11="X",(D11-C11),"0") -> 0 | G43: =IF(G11="X",(D11-C11),"0") -> 0 | H43: =IF(H11="X",(D11-C11),"0") -> 0 | I43: =IF(I11="X",(D11-C11),"0") -> 0 | J43: =IF(J11="X",(D11-C11),"0") -> 0 | K43: =IF(K11="X",(D11-C11),"0") -> 0 | L43: =IF(L11="X",(D11-C11),"0") -> 0 | M43: =IF(M11="X",(D11-C11),"0") -> 0 | N43: =IF(N11="X",(D11-C11),"0") -> 0 | O43: =IF(O11="X",(D11-C11),"0") -> 0 | P43: =IF(P11="X",(D11-C11),"0") -> 0 | Q43: =IF(Q11="X",(D11-C11),"0") -> 0 | R43: =IF(R11="X",(D11-C11),"0") -> 0 | S43: =IF(S11="X",(D11-C11),"0") -> 0 | T43: =IF(T11="X",(D11-C11),"0") -> 0
E44: =IF(E12="X",(D12-C12),"0") -> 0 | F44: =IF(F12="X",(D12-C12),"0") -> 0 | G44: =IF(G12="X",(D12-C12),"0") -> 0 | H44: =IF(H12="X",(D12-C12),"0") -> 0 | I44: =IF(I12="X",(D12-C12),"0") -> 0 | J44: =IF(J12="X",(D12-C12),"0") -> 0 | K44: =IF(K12="X",(D12-C12),"0") -> 0 | L44: =IF(L12="X",(D12-C12),"0") -> 0 | M44: =IF(M12="X",(D12-C12),"0") -> 0 | N44: =IF(N12="X",(D12-C12),"0") -> 0 | O44: =IF(O12="X",(D12-C12),"0") -> 0 | P44: =IF(P12="X",(D12-C12),"0") -> 0 | Q44: =IF(Q12="X",(D12-C12),"0") -> 0 | R44: =IF(R12="X",(D12-C12),"0") -> 0 | S44: =IF(S12="X",(D12-C12),"0") -> 0 | T44: =IF(T12="X",(D12-C12),"0") -> 0
E45: =IF(E13="X",(D13-C13),"0") -> 0 | F45: =IF(F13="X",(D13-C13),"0") -> 0 | G45: =IF(G13="X",(D13-C13),"0") -> 0 | H45: =IF(H13="X",(D13-C13),"0") -> 0 | I45: =IF(I13="X",(D13-C13),"0") -> 0 | J45: =IF(J13="X",(D13-C13),"0") -> 0 | K45: =IF(K13="X",(D13-C13),"0") -> 0 | L45: =IF(L13="X",(D13-C13),"0") -> 0 | M45: =IF(M13="X",(D13-C13),"0") -> 0 | N45: =IF(N13="X",(D13-C13),"0") -> 0 | O45: =IF(O13="X",(D13-C13),"0") -> 0 | P45: =IF(P13="X",(D13-C13),"0") -> 0 | Q45: =IF(Q13="X",(D13-C13),"0") -> 0 | R45: =IF(R13="X",(D13-C13),"0") -> 0 | S45: =IF(S13="X",(D13-C13),"0") -> 0 | T45: =IF(T13="X",(D13-C13),"0") -> 0
E46: =IF(E14="X",(D14-C14),"0") -> 0 | F46: =IF(F14="X",(D14-C14),"0") -> 0 | G46: =IF(G14="X",(D14-C14),"0") -> 0 | H46: =IF(H14="X",(D14-C14),"0") -> 0 | I46: =IF(I14="X",(D14-C14),"0") -> 0 | J46: =IF(J14="X",(D14-C14),"0") -> 0 | K46: =IF(K14="X",(D14-C14),"0") -> 0 | L46: =IF(L14="X",(D14-C14),"0") -> 0 | M46: =IF(M14="X",(D14-C14),"0") -> 0 | N46: =IF(N14="X",(D14-C14),"0") -> 0 | O46: =IF(O14="X",(D14-C14),"0") -> 0 | P46: =IF(P14="X",(D14-C14),"0") -> 0 | Q46: =IF(Q14="X",(D14-C14),"0") -> 0 | R46: =IF(R14="X",(D14-C14),"0") -> 0 | S46: =IF(S14="X",(D14-C14),"0") -> 0 | T46: =IF(T14="X",(D14-C14),"0") -> 0
E47: =IF(E15="X",(D15-C15),"0") -> 0 | F47: =IF(F15="X",(D15-C15),"0") -> 0 | G47: =IF(G15="X",(D15-C15),"0") -> 0 | H47: =IF(H15="X",(D15-C15),"0") -> 0 | I47: =IF(I15="X",(D15-C15),"0") -> 0 | J47: =IF(J15="X",(D15-C15),"0") -> 0 | K47: =IF(K15="X",(D15-C15),"0") -> 0 | L47: =IF(L15="X",(D15-C15),"0") -> 0 | M47: =IF(M15="X",(D15-C15),"0") -> 0 | N47: =IF(N15="X",(D15-C15),"0") -> 0 | O47: =IF(O15="X",(D15-C15),"0") -> 0 | P47: =IF(P15="X",(D15-C15),"0") -> 0 | Q47: =IF(Q15="X",(D15-C15),"0") -> 0 | R47: =IF(R15="X",(D15-C15),"0") -> 0 | S47: =IF(S15="X",(D15-C15),"0") -> 0 | T47: =IF(T15="X",(D15-C15),"0") -> 0
E48: =IF(E16="X",(D16-C16),"0") -> 0 | F48: =IF(F16="X",(D16-C16),"0") -> 0 | G48: =IF(G16="X",(D16-C16),"0") -> 0 | H48: =IF(H16="X",(D16-C16),"0") -> 0 | I48: =IF(I16="X",(D16-C16),"0") -> 0 | J48: =IF(J16="X",(D16-C16),"0") -> 0 | K48: =IF(K16="X",(D16-C16),"0") -> 0 | L48: =IF(L16="X",(D16-C16),"0") -> 0 | M48: =IF(M16="X",(D16-C16),"0") -> 0 | N48: =IF(N16="X",(D16-C16),"0") -> 0 | O48: =IF(O16="X",(D16-C16),"0") -> 0 | P48: =IF(P16="X",(D16-C16),"0") -> 0 | Q48: =IF(Q16="X",(D16-C16),"0") -> 0 | R48: =IF(R16="X",(D16-C16),"0") -> 0 | S48: =IF(S16="X",(D16-C16),"0") -> 0 | T48: =IF(T16="X",(D16-C16),"0") -> 0
E49: =IF(E17="X",(D17-C17),"0") -> 0 | F49: =IF(F17="X",(D17-C17),"0") -> 0 | G49: =IF(G17="X",(D17-C17),"0") -> 0 | H49: =IF(H17="X",(D17-C17),"0") -> 0 | I49: =IF(I17="X",(D17-C17),"0") -> 0 | J49: =IF(J17="X",(D17-C17),"0") -> 0 | K49: =IF(K17="X",(D17-C17),"0") -> 0 | L49: =IF(L17="X",(D17-C17),"0") -> 0 | M49: =IF(M17="X",(D17-C17),"0") -> 0 | N49: =IF(N17="X",(D17-C17),"0") -> 0 | O49: =IF(O17="X",(D17-C17),"0") -> 0 | P49: =IF(P17="X",(D17-C17),"0") -> 0 | Q49: =IF(Q17="X",(D17-C17),"0") -> 0 | R49: =IF(R17="X",(D17-C17),"0") -> 0 | S49: =IF(S17="X",(D17-C17),"0") -> 0 | T49: =IF(T17="X",(D17-C17),"0") -> 0
E50: =IF(E18="X",(D18-C18),"0") -> 0 | F50: =IF(F18="X",(D18-C18),"0") -> 0 | G50: =IF(G18="X",(D18-C18),"0") -> 0 | H50: =IF(H18="X",(D18-C18),"0") -> 0 | I50: =IF(I18="X",(D18-C18),"0") -> 0 | J50: =IF(J18="X",(D18-C18),"0") -> 0 | K50: =IF(K18="X",(D18-C18),"0") -> 0 | L50: =IF(L18="X",(D18-C18),"0") -> 0 | M50: =IF(M18="X",(D18-C18),"0") -> 0 | N50: =IF(N18="X",(D18-C18),"0") -> 0 | O50: =IF(O18="X",(D18-C18),"0") -> 0 | P50: =IF(P18="X",(D18-C18),"0") -> 0 | Q50: =IF(Q18="X",(D18-C18),"0") -> 0 | R50: =IF(R18="X",(D18-C18),"0") -> 0 | S50: =IF(S18="X",(D18-C18),"0") -> 0 | T50: =IF(T18="X",(D18-C18),"0") -> 0
... E126: =IF(E94="X",(D94-C94),"0") -> 0 | F126: =IF(F94="X",(D94-C94),"0") -> 0 | G126: =IF(G94="X",(D94-C94),"0") -> 0 | H126: =IF(H94="X",(D94-C94),"0") -> 0 | I126: =IF(I94="X",(D94-C94),"0") -> 0 | J126: =IF(J94="X",(D94-C94),"0") -> 0 | K126: =IF(K94="X",(D94-C94),"0") -> 0 | L126: =IF(L94="X",(D94-C94),"0") -> 0 | M126: =IF(M94="X",(D94-C94),"0") -> 0 | N126: =IF(N94="X",(D94-C94),"0") -> 0 | O126: =IF(O94="X",(D94-C94),"0") -> 0 | P126: =IF(P94="X",(D94-C94),"0") -> 0 | Q126: =IF(Q94="X",(D94-C94),"0") -> 0 | R126: =IF(R94="X",(D94-C94),"0") -> 0 | S126: =IF(S94="X",(D94-C94),"0") -> 0 | T126: =IF(T94="X",(D94-C94),"0") -> 0
E127: =SUM(E39:E126) -> 0 | F127: =SUM(F39:F126) -> 1.13 | G127: =SUM(G39:G126) -> 0 | H127: =SUM(H39:H126) -> 0 | I127: =SUM(I39:I126) -> 0 | J127: =SUM(J39:J126) -> 1.13 | K127: =SUM(K39:K126) -> 0 | L127: =SUM(L39:L126) -> 1.13 | ... T127: =SUM(T39:T126) -> 0

Sheet 233
A1: PROGRAMA DE MANUTENÇÃORODOVIÁRIA
A2: RODOVIAS PAVIMENTADAS | I2: DATA: | J2: ='224'!J2 -> 46204 | N2: TÉCNICO RESP. | O2: ='224'!O2 -> ENG. THIAGO TORQUATO | T2: REGIÃO: | U2: 12
A3: FICHA DE INSPEÇÃO: | B3: =TT!C12 -> RODOVIA TO-373 - TRECHO ALVORADA - ENTR. BR-242
A5: S.R.E. | B5: SENTIDO | C5: INÍCIO (KM) | D5: FIM (KM) | E5: CONDIÇÃO DO PAVIMENTO | J5: VEGETAÇÃO | L5: ELEM. DE DRENAGEM | O5: SIN. HOR. | R5: SIN. VERTICAL | U5: OBSERV.
E6: BOM | F6: REM. I. | G6: REM. L | H6: BUR. I | I6: BUR. L | J6: ADEQ. | K6: INADED. | L6: LIMPOS | M6: SUJOS | N6: DAN. | O6: BOM | P6: REG. | Q6: INEXIST. | R6: BOM | S6: POUCAS | T6: INEXIST.
A7: 373ETO0190 | B7: C | C7: 0 | D7: 3 | F7: X | J7: X | M7: X | P7: X | S7: X
C8: =D7 -> 3 | D8: 9 | F8: X | J8: X | L8: X | P8: X | S8: X
C9: =D8 -> 9 | D9: 13 | E9: X | J9: X | M9: X | P9: X | S9: X
C10: =D9 -> 13 | D10: 14 | F10: X | J10: X | M10: X | P10: X | S10: X
C11: =D10 -> 14 | D11: 15 | E11: X | J11: X | M11: X | P11: X | S11: X
C12: =D11 -> 15 | D12: 21 | F12: X | J12: X | M12: X | P12: X | S12: X
C13: =D12 -> 21 | D13: 22.79 | F13: X | J13: X | M13: X | P13: X | S13: X
A14: 373ETO0200 | B14: C | C14: 0 | D14: 1 | E14: X | J14: X | M14: X | P14: X | S14: X
C15: =D14 -> 1 | D15: 5 | F15: X | J15: X | M15: X | P15: X | S15: X
C16: 0 | D16: 7 | G16: X | I16: X | J16: X | M16: X | N16: X | P16: X | S16: X
C17: =D16 -> 7 | D17: 9 | G17: X | J17: X | M17: X | P17: X | S17: X
C18: =D17 -> 9 | D18: 10 | G18: X | J18: X | M18: X | P18: X | S18: X
C19: =D18 -> 10 | D19: 11 | F19: X | J19: X | M19: X | P19: X | S19: X
C20: =D19 -> 11 | D20: 15 | G20: X | I20: X | J20: X | M20: X | P20: X | S20: X
C21: =D20 -> 15 | D21: 21.79 | F21: X | J21: X | M21: X | P21: X | S21: X
A22: 373ETO0210 | B22: C | C22: 0 | D22: 1 | E22: X | M22: X | P22: X | S22: X
C23: =D22 -> 1 | D23: 3 | F23: X | J23: X | M23: X | P23: X | S23: X
C24: 0 | D24: 5 | F24: X | J24: X | M24: X | P24: X | S24: X
C25: =D24 -> 5 | D25: 9 | G25: X | J25: X | L25: X | P25: X | S25: X
C26: =D25 -> 9 | D26: 13.87 | G26: X | J26: X | M26: X | P26: X | S26: X
A27: 373ETO0220 | B27: C | C27: 0 | D27: 1 | F27: X | G27: X | J27: X | M27: X | P27: X | S27: X
C28: =D27 -> 1 | D28: 3 | F28: X | J28: X | M28: X | P28: X | S28: X
C29: =D28 -> 3 | D29: 7 | F29: X | G29: X | J29: X | M29: X | P29: X | S29: X
C30: =D29 -> 7 | D30: 9 | E30: X | J30: X | P30: X | S30: X
C31: =D30 -> 9 | D31: 14 | F31: X | G31: X | J31: X | M31: X | P31: X | S31: X
C32: =D31 -> 14 | D32: 23 | F32: X | J32: X | M32: X | P32: X | S32: X
C33: =D32 -> 23 | D33: 23.4 | G33: X | J33: X | M33: X | P33: X | S33: X
A63: LEGENDA | B63: CONDIÇÃO DO PAVIMENTO
A64: REM. I | B64: REMENDOS ISOLADOS | E64: ATÉ 10 REMENDOS/KM | I64: BUR. I | J64: BURACOS ISOLADOS | M64: ATÉ 5 BURACOS/KM
A65: REM. L | B65: REMENDOS AO LONGO | E65: MAIS DE 10 REMENDOS/KM | I65: BUR. L | J65: BURACOS AO LONGO | M65: MAIS DE 5 BURACOS/KM
E70: =IF(E7="X",(D7-C7),"0") -> 0 | F70: =IF(F7="X",(D7-C7),"0") -> 3 | G70: =IF(G7="X",(D7-C7),"0") -> 0 | H70: =IF(H7="X",(D7-C7),"0") -> 0 | I70: =IF(I7="X",(D7-C7),"0") -> 0 | J70: =IF(J7="X",(D7-C7),"0") -> 3 | K70: =IF(K7="X",(D7-C7),"0") -> 0 | L70: =IF(L7="X",(D7-C7),"0") -> 0 | M70: =IF(M7="X",(D7-C7),"0") -> 3 | N70: =IF(N7="X",(D7-C7),"0") -> 0 | O70: =IF(O7="X",(D7-C7),"0") -> 0 | P70: =IF(P7="X",(D7-C7),"0") -> 3 | Q70: =IF(Q7="X",(D7-C7),"0") -> 0 | R70: =IF(R7="X",(D7-C7),"0") -> 0 | S70: =IF(S7="X",(D7-C7),"0") -> 3 | T70: =IF(T7="X",(D7-C7),"0") -> 0
E71: =IF(E8="X",(D8-C8),"0") -> 0 | F71: =IF(F8="X",(D8-C8),"0") -> 6 | G71: =IF(G8="X",(D8-C8),"0") -> 0 | H71: =IF(H8="X",(D8-C8),"0") -> 0 | I71: =IF(I8="X",(D8-C8),"0") -> 0 | J71: =IF(J8="X",(D8-C8),"0") -> 6 | K71: =IF(K8="X",(D8-C8),"0") -> 0 | L71: =IF(L8="X",(D8-C8),"0") -> 6 | M71: =IF(M8="X",(D8-C8),"0") -> 0 | N71: =IF(N8="X",(D8-C8),"0") -> 0 | O71: =IF(O8="X",(D8-C8),"0") -> 0 | P71: =IF(P8="X",(D8-C8),"0") -> 6 | Q71: =IF(Q8="X",(D8-C8),"0") -> 0 | R71: =IF(R8="X",(D8-C8),"0") -> 0 | S71: =IF(S8="X",(D8-C8),"0") -> 6 | T71: =IF(T8="X",(D8-C8),"0") -> 0
E72: =IF(E9="X",(D9-C9),"0") -> 4 | F72: =IF(F9="X",(D9-C9),"0") -> 0 | G72: =IF(G9="X",(D9-C9),"0") -> 0 | H72: =IF(H9="X",(D9-C9),"0") -> 0 | I72: =IF(I9="X",(D9-C9),"0") -> 0 | J72: =IF(J9="X",(D9-C9),"0") -> 4 | K72: =IF(K9="X",(D9-C9),"0") -> 0 | L72: =IF(L9="X",(D9-C9),"0") -> 0 | M72: =IF(M9="X",(D9-C9),"0") -> 4 | N72: =IF(N9="X",(D9-C9),"0") -> 0 | O72: =IF(O9="X",(D9-C9),"0") -> 0 | P72: =IF(P9="X",(D9-C9),"0") -> 4 | Q72: =IF(Q9="X",(D9-C9),"0") -> 0 | R72: =IF(R9="X",(D9-C9),"0") -> 0 | S72: =IF(S9="X",(D9-C9),"0") -> 4 | T72: =IF(T9="X",(D9-C9),"0") -> 0
E73: =IF(E10="X",(D10-C10),"0") -> 0 | F73: =IF(F10="X",(D10-C10),"0") -> 1 | G73: =IF(G10="X",(D10-C10),"0") -> 0 | H73: =IF(H10="X",(D10-C10),"0") -> 0 | I73: =IF(I10="X",(D10-C10),"0") -> 0 | J73: =IF(J10="X",(D10-C10),"0") -> 1 | K73: =IF(K10="X",(D10-C10),"0") -> 0 | L73: =IF(L10="X",(D10-C10),"0") -> 0 | M73: =IF(M10="X",(D10-C10),"0") -> 1 | N73: =IF(N10="X",(D10-C10),"0") -> 0 | O73: =IF(O10="X",(D10-C10),"0") -> 0 | P73: =IF(P10="X",(D10-C10),"0") -> 1 | Q73: =IF(Q10="X",(D10-C10),"0") -> 0 | R73: =IF(R10="X",(D10-C10),"0") -> 0 | S73: =IF(S10="X",(D10-C10),"0") -> 1 | T73: =IF(T10="X",(D10-C10),"0") -> 0
E74: =IF(E11="X",(D11-C11),"0") -> 1 | F74: =IF(F11="X",(D11-C11),"0") -> 0 | G74: =IF(G11="X",(D11-C11),"0") -> 0 | H74: =IF(H11="X",(D11-C11),"0") -> 0 | I74: =IF(I11="X",(D11-C11),"0") -> 0 | J74: =IF(J11="X",(D11-C11),"0") -> 1 | K74: =IF(K11="X",(D11-C11),"0") -> 0 | L74: =IF(L11="X",(D11-C11),"0") -> 0 | M74: =IF(M11="X",(D11-C11),"0") -> 1 | N74: =IF(N11="X",(D11-C11),"0") -> 0 | O74: =IF(O11="X",(D11-C11),"0") -> 0 | P74: =IF(P11="X",(D11-C11),"0") -> 1 | Q74: =IF(Q11="X",(D11-C11),"0") -> 0 | R74: =IF(R11="X",(D11-C11),"0") -> 0 | S74: =IF(S11="X",(D11-C11),"0") -> 1 | T74: =IF(T11="X",(D11-C11),"0") -> 0
E75: =IF(E12="X",(D12-C12),"0") -> 0 | F75: =IF(F12="X",(D12-C12),"0") -> 6 | G75: =IF(G12="X",(D12-C12),"0") -> 0 | H75: =IF(H12="X",(D12-C12),"0") -> 0 | I75: =IF(I12="X",(D12-C12),"0") -> 0 | J75: =IF(J12="X",(D12-C12),"0") -> 6 | K75: =IF(K12="X",(D12-C12),"0") -> 0 | L75: =IF(L12="X",(D12-C12),"0") -> 0 | M75: =IF(M12="X",(D12-C12),"0") -> 6 | N75: =IF(N12="X",(D12-C12),"0") -> 0 | O75: =IF(O12="X",(D12-C12),"0") -> 0 | P75: =IF(P12="X",(D12-C12),"0") -> 6 | Q75: =IF(Q12="X",(D12-C12),"0") -> 0 | R75: =IF(R12="X",(D12-C12),"0") -> 0 | S75: =IF(S12="X",(D12-C12),"0") -> 6 | T75: =IF(T12="X",(D12-C12),"0") -> 0
E76: =IF(E13="X",(D13-C13),"0") -> 0 | F76: =IF(F13="X",(D13-C13),"0") -> 1.79 | G76: =IF(G13="X",(D13-C13),"0") -> 0 | H76: =IF(H13="X",(D13-C13),"0") -> 0 | I76: =IF(I13="X",(D13-C13),"0") -> 0 | J76: =IF(J13="X",(D13-C13),"0") -> 1.79 | K76: =IF(K13="X",(D13-C13),"0") -> 0 | L76: =IF(L13="X",(D13-C13),"0") -> 0 | M76: =IF(M13="X",(D13-C13),"0") -> 1.79 | N76: =IF(N13="X",(D13-C13),"0") -> 0 | O76: =IF(O13="X",(D13-C13),"0") -> 0 | P76: =IF(P13="X",(D13-C13),"0") -> 1.79 | Q76: =IF(Q13="X",(D13-C13),"0") -> 0 | R76: =IF(R13="X",(D13-C13),"0") -> 0 | S76: =IF(S13="X",(D13-C13),"0") -> 1.79 | T76: =IF(T13="X",(D13-C13),"0") -> 0
E77: =IF(E14="X",(D14-C14),"0") -> 1 | F77: =IF(F14="X",(D14-C14),"0") -> 0 | G77: =IF(G14="X",(D14-C14),"0") -> 0 | H77: =IF(H14="X",(D14-C14),"0") -> 0 | I77: =IF(I14="X",(D14-C14),"0") -> 0 | J77: =IF(J14="X",(D14-C14),"0") -> 1 | K77: =IF(K14="X",(D14-C14),"0") -> 0 | L77: =IF(L14="X",(D14-C14),"0") -> 0 | M77: =IF(M14="X",(D14-C14),"0") -> 1 | N77: =IF(N14="X",(D14-C14),"0") -> 0 | O77: =IF(O14="X",(D14-C14),"0") -> 0 | P77: =IF(P14="X",(D14-C14),"0") -> 1 | Q77: =IF(Q14="X",(D14-C14),"0") -> 0 | R77: =IF(R14="X",(D14-C14),"0") -> 0 | S77: =IF(S14="X",(D14-C14),"0") -> 1 | T77: =IF(T14="X",(D14-C14),"0") -> 0
E78: =IF(E15="X",(D15-C15),"0") -> 0 | F78: =IF(F15="X",(D15-C15),"0") -> 4 | G78: =IF(G15="X",(D15-C15),"0") -> 0 | H78: =IF(H15="X",(D15-C15),"0") -> 0 | I78: =IF(I15="X",(D15-C15),"0") -> 0 | J78: =IF(J15="X",(D15-C15),"0") -> 4 | K78: =IF(K15="X",(D15-C15),"0") -> 0 | L78: =IF(L15="X",(D15-C15),"0") -> 0 | M78: =IF(M15="X",(D15-C15),"0") -> 4 | N78: =IF(N15="X",(D15-C15),"0") -> 0 | O78: =IF(O15="X",(D15-C15),"0") -> 0 | P78: =IF(P15="X",(D15-C15),"0") -> 4 | Q78: =IF(Q15="X",(D15-C15),"0") -> 0 | R78: =IF(R15="X",(D15-C15),"0") -> 0 | S78: =IF(S15="X",(D15-C15),"0") -> 4 | T78: =IF(T15="X",(D15-C15),"0") -> 0
E79: =IF(E16="X",(D16-C16),"0") -> 0 | F79: =IF(F16="X",(D16-C16),"0") -> 0 | G79: =IF(G16="X",(D16-C16),"0") -> 7 | H79: =IF(H16="X",(D16-C16),"0") -> 0 | I79: =IF(I16="X",(D16-C16),"0") -> 7 | J79: =IF(J16="X",(D16-C16),"0") -> 7 | K79: =IF(K16="X",(D16-C16),"0") -> 0 | L79: =IF(L16="X",(D16-C16),"0") -> 0 | M79: =IF(M16="X",(D16-C16),"0") -> 7 | N79: =IF(N16="X",(D16-C16),"0") -> 7 | O79: =IF(O16="X",(D16-C16),"0") -> 0 | P79: =IF(P16="X",(D16-C16),"0") -> 7 | Q79: =IF(Q16="X",(D16-C16),"0") -> 0 | R79: =IF(R16="X",(D16-C16),"0") -> 0 | S79: =IF(S16="X",(D16-C16),"0") -> 7 | T79: =IF(T16="X",(D16-C16),"0") -> 0
E80: =IF(E17="X",(D17-C17),"0") -> 0 | F80: =IF(F17="X",(D17-C17),"0") -> 0 | G80: =IF(G17="X",(D17-C17),"0") -> 2 | H80: =IF(H17="X",(D17-C17),"0") -> 0 | I80: =IF(I17="X",(D17-C17),"0") -> 0 | J80: =IF(J17="X",(D17-C17),"0") -> 2 | K80: =IF(K17="X",(D17-C17),"0") -> 0 | L80: =IF(L17="X",(D17-C17),"0") -> 0 | M80: =IF(M17="X",(D17-C17),"0") -> 2 | N80: =IF(N17="X",(D17-C17),"0") -> 0 | O80: =IF(O17="X",(D17-C17),"0") -> 0 | P80: =IF(P17="X",(D17-C17),"0") -> 2 | Q80: =IF(Q17="X",(D17-C17),"0") -> 0 | R80: =IF(R17="X",(D17-C17),"0") -> 0 | S80: =IF(S17="X",(D17-C17),"0") -> 2 | T80: =IF(T17="X",(D17-C17),"0") -> 0
E81: =IF(E18="X",(D18-C18),"0") -> 0 | F81: =IF(F18="X",(D18-C18),"0") -> 0 | G81: =IF(G18="X",(D18-C18),"0") -> 1 | H81: =IF(H18="X",(D18-C18),"0") -> 0 | I81: =IF(I18="X",(D18-C18),"0") -> 0 | J81: =IF(J18="X",(D18-C18),"0") -> 1 | K81: =IF(K18="X",(D18-C18),"0") -> 0 | L81: =IF(L18="X",(D18-C18),"0") -> 0 | M81: =IF(M18="X",(D18-C18),"0") -> 1 | N81: =IF(N18="X",(D18-C18),"0") -> 0 | O81: =IF(O18="X",(D18-C18),"0") -> 0 | P81: =IF(P18="X",(D18-C18),"0") -> 1 | Q81: =IF(Q18="X",(D18-C18),"0") -> 0 | R81: =IF(R18="X",(D18-C18),"0") -> 0 | S81: =IF(S18="X",(D18-C18),"0") -> 1 | T81: =IF(T18="X",(D18-C18),"0") -> 0
... E157: =IF(E94="X",(D94-C94),"0") -> 0 | F157: =IF(F94="X",(D94-C94),"0") -> 0 | G157: =IF(G94="X",(D94-C94),"0") -> 0 | H157: =IF(H94="X",(D94-C94),"0") -> 0 | I157: =IF(I94="X",(D94-C94),"0") -> 0 | J157: =IF(J94="X",(D94-C94),"0") -> 0 | K157: =IF(K94="X",(D94-C94),"0") -> 0 | L157: =IF(L94="X",(D94-C94),"0") -> 0 | M157: =IF(M94="X",(D94-C94),"0") -> 0 | N157: =IF(N94="X",(D94-C94),"0") -> 0 | O157: =IF(O94="X",(D94-C94),"0") -> 0 | P157: =IF(P94="X",(D94-C94),"0") -> 0 | Q157: =IF(Q94="X",(D94-C94),"0") -> 0 | R157: =IF(R94="X",(D94-C94),"0") -> 0 | S157: =IF(S94="X",(D94-C94),"0") -> 0 | T157: =IF(T94="X",(D94-C94),"0") -> 0
E158: =SUM(E70:E157) -> 9 | F158: =SUM(F70:F157) -> 57.58 | G158: =SUM(G70:G157) -> 33.27 | H158: =SUM(H70:H157) -> 0 | I158: =SUM(I70:I157) -> 11 | J158: =SUM(J70:J157) -> 88.85 | K158: =SUM(K70:K157) -> 0 | L158: =SUM(L70:L157) -> 10 | ... T158: =SUM(T70:T157) -> 0

Sheet 234
A1: PROGRAMA DE MANUTENÇÃORODOVIÁRIA
A2: RODOVIAS PAVIMENTADAS | I2: DATA: | J2: ='224'!J2 -> 46204 | N2: TÉCNICO RESP. | O2: ='224'!O2 -> ENG. THIAGO TORQUATO | T2: REGIÃO: | U2: 12
A3: FICHA DE INSPEÇÃO: | B3: =TT!C13 -> RODOVIA TO-387 - TRECHO PALMEIRÓPOLIS - SÃO SALVADOR DO TOCANTINS
A5: S.R.E. | B5: SENTIDO | C5: INÍCIO (KM) | D5: FIM (KM) | E5: CONDIÇÃO DO PAVIMENTO | J5: VEGETAÇÃO | L5: ELEM. DE DRENAGEM | O5: SIN. HOR. | R5: SIN. VERTICAL | U5: OBSERV.
E6: BOM | F6: REM. I. | G6: REM. L | H6: BUR. I | I6: BUR. L | J6: ADEQ. | K6: INADED. | L6: LIMPOS | M6: SUJOS | N6: DAN. | O6: BOM | P6: REG. | Q6: INEXIST. | R6: BOM | S6: POUCAS | T6: INEXIST.
A7: 387ETO0170 | B7: D | C7: 0 | D7: 0.8 | F7: X | I7: X | K7: X | M7: X | N7: X | P7: X | S7: X
C8: =D7 -> 0.8 | D8: 4.7 | F8: X | I8: X | K8: X | M8: X | N8: X | P8: X | S8: X
C9: =D8 -> 4.7 | D9: 6.3 | G9: X | I9: X | K9: X | M9: X | N9: X | P9: X | S9: X
C10: =D9 -> 6.3 | D10: 8.1 | F10: X | H10: X | K10: X | M10: X | N10: X | P10: X | S10: X
C11: =D10 -> 8.1 | D11: 9.3 | F11: X | I11: X | K11: X | M11: X | N11: X | P11: X | S11: X
C12: =D11 -> 9.3 | D12: 10.8 | E12: X | K12: X | M12: X | P12: X | S12: X
C13: =D12 -> 10.8 | D13: 10.9 | G13: X | I13: X | K13: X | M13: X | N13: X | P13: X | S13: X
C14: =D13 -> 10.9 | D14: 11.8 | F14: X | I14: X | K14: X | M14: X | P14: X | S14: X
C15: =D14 -> 11.8 | D15: 13.5 | F15: X | K15: X | M15: X | P15: X | S15: X
C16: =D15 -> 13.5 | D16: 14.1 | G16: X | I16: X | K16: X | M16: X | N16: X | P16: X | S16: X
C17: =D16 -> 14.1 | D17: 16.5 | F17: X | I17: X | K17: X | M17: X | P17: X | S17: X
C18: =D17 -> 16.5 | D18: 19.4 | F18: X | I18: X | K18: X | M18: X | P18: X | S18: X
C19: =D18 -> 19.4 | D19: 25.4 | F19: X | I19: X | K19: X | M19: X | P19: X | S19: X
C20: =D19 -> 25.4 | D20: 26.5 | F20: X | K20: X | M20: X | P20: X | S20: X
C21: =D20 -> 26.5 | D21: 28 | E21: X | K21: X | M21: X | P21: X | S21: X
C22: =D21 -> 28 | D22: 30.7 | F22: X | I22: X | K22: X | M22: X | P22: X | S22: X
C23: =D22 -> 30.7 | D23: 32.5 | F23: X | K23: X | M23: X | P23: X | S23: X
C24: =D23 -> 32.5 | D24: 36.5 | F24: X | K24: X | M24: X | P24: X | S24: X
C25: =D24 -> 36.5 | D25: 37.42 | F25: X | I25: X | K25: X | M25: X | P25: X | S25: X
A32: LEGENDA | B32: CONDIÇÃO DO PAVIMENTO
A33: REM. I | B33: REMENDOS ISOLADOS | E33: ATÉ 10 REMENDOS/KM | I33: BUR. I | J33: BURACOS ISOLADOS | M33: ATÉ 5 BURACOS/KM
A34: REM. L | B34: REMENDOS AO LONGO | E34: MAIS DE 10 REMENDOS/KM | I34: BUR. L | J34: BURACOS AO LONGO | M34: MAIS DE 5 BURACOS/KM
E39: =IF(E7="X",(D7-C7),"0") -> 0 | F39: =IF(F7="X",(D7-C7),"0") -> 0.8 | G39: =IF(G7="X",(D7-C7),"0") -> 0 | H39: =IF(H7="X",(D7-C7),"0") -> 0 | I39: =IF(I7="X",(D7-C7),"0") -> 0.8 | J39: =IF(J7="X",(D7-C7),"0") -> 0 | K39: =IF(K7="X",(D7-C7),"0") -> 0.8 | L39: =IF(L7="X",(D7-C7),"0") -> 0 | M39: =IF(M7="X",(D7-C7),"0") -> 0.8 | N39: =IF(N7="X",(D7-C7),"0") -> 0.8 | O39: =IF(O7="X",(D7-C7),"0") -> 0 | P39: =IF(P7="X",(D7-C7),"0") -> 0.8 | Q39: =IF(Q7="X",(D7-C7),"0") -> 0 | R39: =IF(R7="X",(D7-C7),"0") -> 0 | S39: =IF(S7="X",(D7-C7),"0") -> 0.8 | T39: =IF(T7="X",(D7-C7),"0") -> 0
E40: =IF(E8="X",(D8-C8),"0") -> 0 | F40: =IF(F8="X",(D8-C8),"0") -> 3.9 | G40: =IF(G8="X",(D8-C8),"0") -> 0 | H40: =IF(H8="X",(D8-C8),"0") -> 0 | I40: =IF(I8="X",(D8-C8),"0") -> 3.9 | J40: =IF(J8="X",(D8-C8),"0") -> 0 | K40: =IF(K8="X",(D8-C8),"0") -> 3.9 | L40: =IF(L8="X",(D8-C8),"0") -> 0 | M40: =IF(M8="X",(D8-C8),"0") -> 3.9 | N40: =IF(N8="X",(D8-C8),"0") -> 3.9 | O40: =IF(O8="X",(D8-C8),"0") -> 0 | P40: =IF(P8="X",(D8-C8),"0") -> 3.9 | Q40: =IF(Q8="X",(D8-C8),"0") -> 0 | R40: =IF(R8="X",(D8-C8),"0") -> 0 | S40: =IF(S8="X",(D8-C8),"0") -> 3.9 | T40: =IF(T8="X",(D8-C8),"0") -> 0
E41: =IF(E9="X",(D9-C9),"0") -> 0 | F41: =IF(F9="X",(D9-C9),"0") -> 0 | G41: =IF(G9="X",(D9-C9),"0") -> 1.6 | H41: =IF(H9="X",(D9-C9),"0") -> 0 | I41: =IF(I9="X",(D9-C9),"0") -> 1.6 | J41: =IF(J9="X",(D9-C9),"0") -> 0 | K41: =IF(K9="X",(D9-C9),"0") -> 1.6 | L41: =IF(L9="X",(D9-C9),"0") -> 0 | M41: =IF(M9="X",(D9-C9),"0") -> 1.6 | N41: =IF(N9="X",(D9-C9),"0") -> 1.6 | O41: =IF(O9="X",(D9-C9),"0") -> 0 | P41: =IF(P9="X",(D9-C9),"0") -> 1.6 | Q41: =IF(Q9="X",(D9-C9),"0") -> 0 | R41: =IF(R9="X",(D9-C9),"0") -> 0 | S41: =IF(S9="X",(D9-C9),"0") -> 1.6 | T41: =IF(T9="X",(D9-C9),"0") -> 0
E42: =IF(E10="X",(D10-C10),"0") -> 0 | F42: =IF(F10="X",(D10-C10),"0") -> 1.8 | G42: =IF(G10="X",(D10-C10),"0") -> 0 | H42: =IF(H10="X",(D10-C10),"0") -> 1.8 | I42: =IF(I10="X",(D10-C10),"0") -> 0 | J42: =IF(J10="X",(D10-C10),"0") -> 0 | K42: =IF(K10="X",(D10-C10),"0") -> 1.8 | L42: =IF(L10="X",(D10-C10),"0") -> 0 | M42: =IF(M10="X",(D10-C10),"0") -> 1.8 | N42: =IF(N10="X",(D10-C10),"0") -> 1.8 | O42: =IF(O10="X",(D10-C10),"0") -> 0 | P42: =IF(P10="X",(D10-C10),"0") -> 1.8 | Q42: =IF(Q10="X",(D10-C10),"0") -> 0 | R42: =IF(R10="X",(D10-C10),"0") -> 0 | S42: =IF(S10="X",(D10-C10),"0") -> 1.8 | T42: =IF(T10="X",(D10-C10),"0") -> 0
E43: =IF(E11="X",(D11-C11),"0") -> 0 | F43: =IF(F11="X",(D11-C11),"0") -> 1.2 | G43: =IF(G11="X",(D11-C11),"0") -> 0 | H43: =IF(H11="X",(D11-C11),"0") -> 0 | I43: =IF(I11="X",(D11-C11),"0") -> 1.2 | J43: =IF(J11="X",(D11-C11),"0") -> 0 | K43: =IF(K11="X",(D11-C11),"0") -> 1.2 | L43: =IF(L11="X",(D11-C11),"0") -> 0 | M43: =IF(M11="X",(D11-C11),"0") -> 1.2 | N43: =IF(N11="X",(D11-C11),"0") -> 1.2 | O43: =IF(O11="X",(D11-C11),"0") -> 0 | P43: =IF(P11="X",(D11-C11),"0") -> 1.2 | Q43: =IF(Q11="X",(D11-C11),"0") -> 0 | R43: =IF(R11="X",(D11-C11),"0") -> 0 | S43: =IF(S11="X",(D11-C11),"0") -> 1.2 | T43: =IF(T11="X",(D11-C11),"0") -> 0
E44: =IF(E12="X",(D12-C12),"0") -> 1.5 | F44: =IF(F12="X",(D12-C12),"0") -> 0 | G44: =IF(G12="X",(D12-C12),"0") -> 0 | H44: =IF(H12="X",(D12-C12),"0") -> 0 | I44: =IF(I12="X",(D12-C12),"0") -> 0 | J44: =IF(J12="X",(D12-C12),"0") -> 0 | K44: =IF(K12="X",(D12-C12),"0") -> 1.5 | L44: =IF(L12="X",(D12-C12),"0") -> 0 | M44: =IF(M12="X",(D12-C12),"0") -> 1.5 | N44: =IF(N12="X",(D12-C12),"0") -> 0 | O44: =IF(O12="X",(D12-C12),"0") -> 0 | P44: =IF(P12="X",(D12-C12),"0") -> 1.5 | Q44: =IF(Q12="X",(D12-C12),"0") -> 0 | R44: =IF(R12="X",(D12-C12),"0") -> 0 | S44: =IF(S12="X",(D12-C12),"0") -> 1.5 | T44: =IF(T12="X",(D12-C12),"0") -> 0
E45: =IF(E13="X",(D13-C13),"0") -> 0 | F45: =IF(F13="X",(D13-C13),"0") -> 0 | G45: =IF(G13="X",(D13-C13),"0") -> 0.1 | H45: =IF(H13="X",(D13-C13),"0") -> 0 | I45: =IF(I13="X",(D13-C13),"0") -> 0.1 | J45: =IF(J13="X",(D13-C13),"0") -> 0 | K45: =IF(K13="X",(D13-C13),"0") -> 0.1 | L45: =IF(L13="X",(D13-C13),"0") -> 0 | M45: =IF(M13="X",(D13-C13),"0") -> 0.1 | N45: =IF(N13="X",(D13-C13),"0") -> 0.1 | O45: =IF(O13="X",(D13-C13),"0") -> 0 | P45: =IF(P13="X",(D13-C13),"0") -> 0.1 | Q45: =IF(Q13="X",(D13-C13),"0") -> 0 | R45: =IF(R13="X",(D13-C13),"0") -> 0 | S45: =IF(S13="X",(D13-C13),"0") -> 0.1 | T45: =IF(T13="X",(D13-C13),"0") -> 0
E46: =IF(E14="X",(D14-C14),"0") -> 0 | F46: =IF(F14="X",(D14-C14),"0") -> 0.9 | G46: =IF(G14="X",(D14-C14),"0") -> 0 | H46: =IF(H14="X",(D14-C14),"0") -> 0 | I46: =IF(I14="X",(D14-C14),"0") -> 0.9 | J46: =IF(J14="X",(D14-C14),"0") -> 0 | K46: =IF(K14="X",(D14-C14),"0") -> 0.9 | L46: =IF(L14="X",(D14-C14),"0") -> 0 | M46: =IF(M14="X",(D14-C14),"0") -> 0.9 | N46: =IF(N14="X",(D14-C14),"0") -> 0 | O46: =IF(O14="X",(D14-C14),"0") -> 0 | P46: =IF(P14="X",(D14-C14),"0") -> 0.9 | Q46: =IF(Q14="X",(D14-C14),"0") -> 0 | R46: =IF(R14="X",(D14-C14),"0") -> 0 | S46: =IF(S14="X",(D14-C14),"0") -> 0.9 | T46: =IF(T14="X",(D14-C14),"0") -> 0
E47: =IF(E15="X",(D15-C15),"0") -> 0 | F47: =IF(F15="X",(D15-C15),"0") -> 1.7 | G47: =IF(G15="X",(D15-C15),"0") -> 0 | H47: =IF(H15="X",(D15-C15),"0") -> 0 | I47: =IF(I15="X",(D15-C15),"0") -> 0 | J47: =IF(J15="X",(D15-C15),"0") -> 0 | K47: =IF(K15="X",(D15-C15),"0") -> 1.7 | L47: =IF(L15="X",(D15-C15),"0") -> 0 | M47: =IF(M15="X",(D15-C15),"0") -> 1.7 | N47: =IF(N15="X",(D15-C15),"0") -> 0 | O47: =IF(O15="X",(D15-C15),"0") -> 0 | P47: =IF(P15="X",(D15-C15),"0") -> 1.7 | Q47: =IF(Q15="X",(D15-C15),"0") -> 0 | R47: =IF(R15="X",(D15-C15),"0") -> 0 | S47: =IF(S15="X",(D15-C15),"0") -> 1.7 | T47: =IF(T15="X",(D15-C15),"0") -> 0
E48: =IF(E16="X",(D16-C16),"0") -> 0 | F48: =IF(F16="X",(D16-C16),"0") -> 0 | G48: =IF(G16="X",(D16-C16),"0") -> 0.6 | H48: =IF(H16="X",(D16-C16),"0") -> 0 | I48: =IF(I16="X",(D16-C16),"0") -> 0.6 | J48: =IF(J16="X",(D16-C16),"0") -> 0 | K48: =IF(K16="X",(D16-C16),"0") -> 0.6 | L48: =IF(L16="X",(D16-C16),"0") -> 0 | M48: =IF(M16="X",(D16-C16),"0") -> 0.6 | N48: =IF(N16="X",(D16-C16),"0") -> 0.6 | O48: =IF(O16="X",(D16-C16),"0") -> 0 | P48: =IF(P16="X",(D16-C16),"0") -> 0.6 | Q48: =IF(Q16="X",(D16-C16),"0") -> 0 | R48: =IF(R16="X",(D16-C16),"0") -> 0 | S48: =IF(S16="X",(D16-C16),"0") -> 0.6 | T48: =IF(T16="X",(D16-C16),"0") -> 0
E49: =IF(E17="X",(D17-C17),"0") -> 0 | F49: =IF(F17="X",(D17-C17),"0") -> 2.4 | G49: =IF(G17="X",(D17-C17),"0") -> 0 | H49: =IF(H17="X",(D17-C17),"0") -> 0 | I49: =IF(I17="X",(D17-C17),"0") -> 2.4 | J49: =IF(J17="X",(D17-C17),"0") -> 0 | K49: =IF(K17="X",(D17-C17),"0") -> 2.4 | L49: =IF(L17="X",(D17-C17),"0") -> 0 | M49: =IF(M17="X",(D17-C17),"0") -> 2.4 | N49: =IF(N17="X",(D17-C17),"0") -> 0 | O49: =IF(O17="X",(D17-C17),"0") -> 0 | P49: =IF(P17="X",(D17-C17),"0") -> 2.4 | Q49: =IF(Q17="X",(D17-C17),"0") -> 0 | R49: =IF(R17="X",(D17-C17),"0") -> 0 | S49: =IF(S17="X",(D17-C17),"0") -> 2.4 | T49: =IF(T17="X",(D17-C17),"0") -> 0
E50: =IF(E18="X",(D18-C18),"0") -> 0 | F50: =IF(F18="X",(D18-C18),"0") -> 2.9 | G50: =IF(G18="X",(D18-C18),"0") -> 0 | H50: =IF(H18="X",(D18-C18),"0") -> 0 | I50: =IF(I18="X",(D18-C18),"0") -> 2.9 | J50: =IF(J18="X",(D18-C18),"0") -> 0 | K50: =IF(K18="X",(D18-C18),"0") -> 2.9 | L50: =IF(L18="X",(D18-C18),"0") -> 0 | M50: =IF(M18="X",(D18-C18),"0") -> 2.9 | N50: =IF(N18="X",(D18-C18),"0") -> 0 | O50: =IF(O18="X",(D18-C18),"0") -> 0 | P50: =IF(P18="X",(D18-C18),"0") -> 2.9 | Q50: =IF(Q18="X",(D18-C18),"0") -> 0 | R50: =IF(R18="X",(D18-C18),"0") -> 0 | S50: =IF(S18="X",(D18-C18),"0") -> 2.9 | T50: =IF(T18="X",(D18-C18),"0") -> 0
... E126: =IF(E94="X",(D94-C94),"0") -> 0 | F126: =IF(F94="X",(D94-C94),"0") -> 0 | G126: =IF(G94="X",(D94-C94),"0") -> 0 | H126: =IF(H94="X",(D94-C94),"0") -> 0 | I126: =IF(I94="X",(D94-C94),"0") -> 0 | J126: =IF(J94="X",(D94-C94),"0") -> 0 | K126: =IF(K94="X",(D94-C94),"0") -> 0 | L126: =IF(L94="X",(D94-C94),"0") -> 0 | M126: =IF(M94="X",(D94-C94),"0") -> 0 | N126: =IF(N94="X",(D94-C94),"0") -> 0 | O126: =IF(O94="X",(D94-C94),"0") -> 0 | P126: =IF(P94="X",(D94-C94),"0") -> 0 | Q126: =IF(Q94="X",(D94-C94),"0") -> 0 | R126: =IF(R94="X",(D94-C94),"0") -> 0 | S126: =IF(S94="X",(D94-C94),"0") -> 0 | T126: =IF(T94="X",(D94-C94),"0") -> 0
E127: =SUM(E39:E126) -> 3 | F127: =SUM(F39:F126) -> 32.12 | G127: =SUM(G39:G126) -> 2.3 | H127: =SUM(H39:H126) -> 1.8 | I127: =SUM(I39:I126) -> 24.02 | J127: =SUM(J39:J126) -> 0 | K127: =SUM(K39:K126) -> 37.42 | L127: =SUM(L39:L126) -> 0 | ... T127: =SUM(T39:T126) -> 0

Sheet 235
A1: PROGRAMA DE MANUTENÇÃORODOVIÁRIA
A2: RODOVIAS PAVIMENTADAS | I2: DATA: | J2: ='224'!J2 -> 46204 | N2: TÉCNICO RESP. | O2: ='224'!O2 -> ENG. THIAGO TORQUATO | T2: REGIÃO: | U2: 12
A3: FICHA DE INSPEÇÃO: | B3: =TT!C14 -> RODOVIA TO-387 - TRECHO PALMEIRÓPOLIS - DIVISA TO-GO
A5: S.R.E. | B5: SENTIDO | C5: INÍCIO (KM) | D5: FIM (KM) | E5: CONDIÇÃO DO PAVIMENTO | J5: VEGETAÇÃO | L5: ELEM. DE DRENAGEM | O5: SIN. HOR. | R5: SIN. VERTICAL | U5: OBSERV.
E6: BOM | F6: REM. I. | G6: REM. L | H6: BUR. I | I6: BUR. L | J6: ADEQ. | K6: INADED. | L6: LIMPOS | M6: SUJOS | N6: DAN. | O6: BOM | P6: REG. | Q6: INEXIST. | R6: BOM | S6: POUCAS | T6: INEXIST.
A7: 387ETO0210 | B7: C | C7: 0 | D7: 1 | G7: X | J7: X | M7: X | O7: X | R7: X
C8: =D7 -> 1 | D8: 3 | F8: X | H8: X | J8: X | M8: X | O8: X | R8: X
C9: =D8 -> 3 | D9: 5.2 | H9: X | J9: X | M9: X | O9: X | R9: X
A10: 387ETO0220 | B10: C | C10: 0 | D10: 1 | E10: X | J10: X | M10: X | O10: X | R10: X
C11: =D10 -> 1 | D11: 4 | F11: X | J11: X | M11: X | O11: X | R11: X
C12: =D11 -> 4 | D12: 6.24 | E12: X | H12: X | J12: X | M12: X | O12: X | R12: X
A32: LEGENDA | B32: CONDIÇÃO DO PAVIMENTO
A33: REM. I | B33: REMENDOS ISOLADOS | E33: ATÉ 10 REMENDOS/KM | I33: BUR. I | J33: BURACOS ISOLADOS | M33: ATÉ 5 BURACOS/KM
A34: REM. L | B34: REMENDOS AO LONGO | E34: MAIS DE 10 REMENDOS/KM | I34: BUR. L | J34: BURACOS AO LONGO | M34: MAIS DE 5 BURACOS/KM
E39: =IF(E7="X",(D7-C7),"0") -> 0 | F39: =IF(F7="X",(D7-C7),"0") -> 0 | G39: =IF(G7="X",(D7-C7),"0") -> 1 | H39: =IF(H7="X",(D7-C7),"0") -> 0 | I39: =IF(I7="X",(D7-C7),"0") -> 0 | J39: =IF(J7="X",(D7-C7),"0") -> 1 | K39: =IF(K7="X",(D7-C7),"0") -> 0 | L39: =IF(L7="X",(D7-C7),"0") -> 0 | M39: =IF(M7="X",(D7-C7),"0") -> 1 | N39: =IF(N7="X",(D7-C7),"0") -> 0 | O39: =IF(O7="X",(D7-C7),"0") -> 1 | P39: =IF(P7="X",(D7-C7),"0") -> 0 | Q39: =IF(Q7="X",(D7-C7),"0") -> 0 | R39: =IF(R7="X",(D7-C7),"0") -> 1 | S39: =IF(S7="X",(D7-C7),"0") -> 0 | T39: =IF(T7="X",(D7-C7),"0") -> 0
E40: =IF(E8="X",(D8-C8),"0") -> 0 | F40: =IF(F8="X",(D8-C8),"0") -> 2 | G40: =IF(G8="X",(D8-C8),"0") -> 0 | H40: =IF(H8="X",(D8-C8),"0") -> 2 | I40: =IF(I8="X",(D8-C8),"0") -> 0 | J40: =IF(J8="X",(D8-C8),"0") -> 2 | K40: =IF(K8="X",(D8-C8),"0") -> 0 | L40: =IF(L8="X",(D8-C8),"0") -> 0 | M40: =IF(M8="X",(D8-C8),"0") -> 2 | N40: =IF(N8="X",(D8-C8),"0") -> 0 | O40: =IF(O8="X",(D8-C8),"0") -> 2 | P40: =IF(P8="X",(D8-C8),"0") -> 0 | Q40: =IF(Q8="X",(D8-C8),"0") -> 0 | R40: =IF(R8="X",(D8-C8),"0") -> 2 | S40: =IF(S8="X",(D8-C8),"0") -> 0 | T40: =IF(T8="X",(D8-C8),"0") -> 0
E41: =IF(E9="X",(D9-C9),"0") -> 0 | F41: =IF(F9="X",(D9-C9),"0") -> 0 | G41: =IF(G9="X",(D9-C9),"0") -> 0 | H41: =IF(H9="X",(D9-C9),"0") -> 2.2 | I41: =IF(I9="X",(D9-C9),"0") -> 0 | J41: =IF(J9="X",(D9-C9),"0") -> 2.2 | K41: =IF(K9="X",(D9-C9),"0") -> 0 | L41: =IF(L9="X",(D9-C9),"0") -> 0 | M41: =IF(M9="X",(D9-C9),"0") -> 2.2 | N41: =IF(N9="X",(D9-C9),"0") -> 0 | O41: =IF(O9="X",(D9-C9),"0") -> 2.2 | P41: =IF(P9="X",(D9-C9),"0") -> 0 | Q41: =IF(Q9="X",(D9-C9),"0") -> 0 | R41: =IF(R9="X",(D9-C9),"0") -> 2.2 | S41: =IF(S9="X",(D9-C9),"0") -> 0 | T41: =IF(T9="X",(D9-C9),"0") -> 0
E42: =IF(E10="X",(D10-C10),"0") -> 1 | F42: =IF(F10="X",(D10-C10),"0") -> 0 | G42: =IF(G10="X",(D10-C10),"0") -> 0 | H42: =IF(H10="X",(D10-C10),"0") -> 0 | I42: =IF(I10="X",(D10-C10),"0") -> 0 | J42: =IF(J10="X",(D10-C10),"0") -> 1 | K42: =IF(K10="X",(D10-C10),"0") -> 0 | L42: =IF(L10="X",(D10-C10),"0") -> 0 | M42: =IF(M10="X",(D10-C10),"0") -> 1 | N42: =IF(N10="X",(D10-C10),"0") -> 0 | O42: =IF(O10="X",(D10-C10),"0") -> 1 | P42: =IF(P10="X",(D10-C10),"0") -> 0 | Q42: =IF(Q10="X",(D10-C10),"0") -> 0 | R42: =IF(R10="X",(D10-C10),"0") -> 1 | S42: =IF(S10="X",(D10-C10),"0") -> 0 | T42: =IF(T10="X",(D10-C10),"0") -> 0
E43: =IF(E11="X",(D11-C11),"0") -> 0 | F43: =IF(F11="X",(D11-C11),"0") -> 3 | G43: =IF(G11="X",(D11-C11),"0") -> 0 | H43: =IF(H11="X",(D11-C11),"0") -> 0 | I43: =IF(I11="X",(D11-C11),"0") -> 0 | J43: =IF(J11="X",(D11-C11),"0") -> 3 | K43: =IF(K11="X",(D11-C11),"0") -> 0 | L43: =IF(L11="X",(D11-C11),"0") -> 0 | M43: =IF(M11="X",(D11-C11),"0") -> 3 | N43: =IF(N11="X",(D11-C11),"0") -> 0 | O43: =IF(O11="X",(D11-C11),"0") -> 3 | P43: =IF(P11="X",(D11-C11),"0") -> 0 | Q43: =IF(Q11="X",(D11-C11),"0") -> 0 | R43: =IF(R11="X",(D11-C11),"0") -> 3 | S43: =IF(S11="X",(D11-C11),"0") -> 0 | T43: =IF(T11="X",(D11-C11),"0") -> 0
E44: =IF(E12="X",(D12-C12),"0") -> 2.24 | F44: =IF(F12="X",(D12-C12),"0") -> 0 | G44: =IF(G12="X",(D12-C12),"0") -> 0 | H44: =IF(H12="X",(D12-C12),"0") -> 2.24 | I44: =IF(I12="X",(D12-C12),"0") -> 0 | J44: =IF(J12="X",(D12-C12),"0") -> 2.24 | K44: =IF(K12="X",(D12-C12),"0") -> 0 | L44: =IF(L12="X",(D12-C12),"0") -> 0 | M44: =IF(M12="X",(D12-C12),"0") -> 2.24 | N44: =IF(N12="X",(D12-C12),"0") -> 0 | O44: =IF(O12="X",(D12-C12),"0") -> 2.24 | P44: =IF(P12="X",(D12-C12),"0") -> 0 | Q44: =IF(Q12="X",(D12-C12),"0") -> 0 | R44: =IF(R12="X",(D12-C12),"0") -> 2.24 | S44: =IF(S12="X",(D12-C12),"0") -> 0 | T44: =IF(T12="X",(D12-C12),"0") -> 0
E45: =IF(E13="X",(D13-C13),"0") -> 0 | F45: =IF(F13="X",(D13-C13),"0") -> 0 | G45: =IF(G13="X",(D13-C13),"0") -> 0 | H45: =IF(H13="X",(D13-C13),"0") -> 0 | I45: =IF(I13="X",(D13-C13),"0") -> 0 | J45: =IF(J13="X",(D13-C13),"0") -> 0 | K45: =IF(K13="X",(D13-C13),"0") -> 0 | L45: =IF(L13="X",(D13-C13),"0") -> 0 | M45: =IF(M13="X",(D13-C13),"0") -> 0 | N45: =IF(N13="X",(D13-C13),"0") -> 0 | O45: =IF(O13="X",(D13-C13),"0") -> 0 | P45: =IF(P13="X",(D13-C13),"0") -> 0 | Q45: =IF(Q13="X",(D13-C13),"0") -> 0 | R45: =IF(R13="X",(D13-C13),"0") -> 0 | S45: =IF(S13="X",(D13-C13),"0") -> 0 | T45: =IF(T13="X",(D13-C13),"0") -> 0
E46: =IF(E14="X",(D14-C14),"0") -> 0 | F46: =IF(F14="X",(D14-C14),"0") -> 0 | G46: =IF(G14="X",(D14-C14),"0") -> 0 | H46: =IF(H14="X",(D14-C14),"0") -> 0 | I46: =IF(I14="X",(D14-C14),"0") -> 0 | J46: =IF(J14="X",(D14-C14),"0") -> 0 | K46: =IF(K14="X",(D14-C14),"0") -> 0 | L46: =IF(L14="X",(D14-C14),"0") -> 0 | M46: =IF(M14="X",(D14-C14),"0") -> 0 | N46: =IF(N14="X",(D14-C14),"0") -> 0 | O46: =IF(O14="X",(D14-C14),"0") -> 0 | P46: =IF(P14="X",(D14-C14),"0") -> 0 | Q46: =IF(Q14="X",(D14-C14),"0") -> 0 | R46: =IF(R14="X",(D14-C14),"0") -> 0 | S46: =IF(S14="X",(D14-C14),"0") -> 0 | T46: =IF(T14="X",(D14-C14),"0") -> 0
E47: =IF(E15="X",(D15-C15),"0") -> 0 | F47: =IF(F15="X",(D15-C15),"0") -> 0 | G47: =IF(G15="X",(D15-C15),"0") -> 0 | H47: =IF(H15="X",(D15-C15),"0") -> 0 | I47: =IF(I15="X",(D15-C15),"0") -> 0 | J47: =IF(J15="X",(D15-C15),"0") -> 0 | K47: =IF(K15="X",(D15-C15),"0") -> 0 | L47: =IF(L15="X",(D15-C15),"0") -> 0 | M47: =IF(M15="X",(D15-C15),"0") -> 0 | N47: =IF(N15="X",(D15-C15),"0") -> 0 | O47: =IF(O15="X",(D15-C15),"0") -> 0 | P47: =IF(P15="X",(D15-C15),"0") -> 0 | Q47: =IF(Q15="X",(D15-C15),"0") -> 0 | R47: =IF(R15="X",(D15-C15),"0") -> 0 | S47: =IF(S15="X",(D15-C15),"0") -> 0 | T47: =IF(T15="X",(D15-C15),"0") -> 0
E48: =IF(E16="X",(D16-C16),"0") -> 0 | F48: =IF(F16="X",(D16-C16),"0") -> 0 | G48: =IF(G16="X",(D16-C16),"0") -> 0 | H48: =IF(H16="X",(D16-C16),"0") -> 0 | I48: =IF(I16="X",(D16-C16),"0") -> 0 | J48: =IF(J16="X",(D16-C16),"0") -> 0 | K48: =IF(K16="X",(D16-C16),"0") -> 0 | L48: =IF(L16="X",(D16-C16),"0") -> 0 | M48: =IF(M16="X",(D16-C16),"0") -> 0 | N48: =IF(N16="X",(D16-C16),"0") -> 0 | O48: =IF(O16="X",(D16-C16),"0") -> 0 | P48: =IF(P16="X",(D16-C16),"0") -> 0 | Q48: =IF(Q16="X",(D16-C16),"0") -> 0 | R48: =IF(R16="X",(D16-C16),"0") -> 0 | S48: =IF(S16="X",(D16-C16),"0") -> 0 | T48: =IF(T16="X",(D16-C16),"0") -> 0
E49: =IF(E17="X",(D17-C17),"0") -> 0 | F49: =IF(F17="X",(D17-C17),"0") -> 0 | G49: =IF(G17="X",(D17-C17),"0") -> 0 | H49: =IF(H17="X",(D17-C17),"0") -> 0 | I49: =IF(I17="X",(D17-C17),"0") -> 0 | J49: =IF(J17="X",(D17-C17),"0") -> 0 | K49: =IF(K17="X",(D17-C17),"0") -> 0 | L49: =IF(L17="X",(D17-C17),"0") -> 0 | M49: =IF(M17="X",(D17-C17),"0") -> 0 | N49: =IF(N17="X",(D17-C17),"0") -> 0 | O49: =IF(O17="X",(D17-C17),"0") -> 0 | P49: =IF(P17="X",(D17-C17),"0") -> 0 | Q49: =IF(Q17="X",(D17-C17),"0") -> 0 | R49: =IF(R17="X",(D17-C17),"0") -> 0 | S49: =IF(S17="X",(D17-C17),"0") -> 0 | T49: =IF(T17="X",(D17-C17),"0") -> 0
E50: =IF(E18="X",(D18-C18),"0") -> 0 | F50: =IF(F18="X",(D18-C18),"0") -> 0 | G50: =IF(G18="X",(D18-C18),"0") -> 0 | H50: =IF(H18="X",(D18-C18),"0") -> 0 | I50: =IF(I18="X",(D18-C18),"0") -> 0 | J50: =IF(J18="X",(D18-C18),"0") -> 0 | K50: =IF(K18="X",(D18-C18),"0") -> 0 | L50: =IF(L18="X",(D18-C18),"0") -> 0 | M50: =IF(M18="X",(D18-C18),"0") -> 0 | N50: =IF(N18="X",(D18-C18),"0") -> 0 | O50: =IF(O18="X",(D18-C18),"0") -> 0 | P50: =IF(P18="X",(D18-C18),"0") -> 0 | Q50: =IF(Q18="X",(D18-C18),"0") -> 0 | R50: =IF(R18="X",(D18-C18),"0") -> 0 | S50: =IF(S18="X",(D18-C18),"0") -> 0 | T50: =IF(T18="X",(D18-C18),"0") -> 0
... E126: =IF(E94="X",(D94-C94),"0") -> 0 | F126: =IF(F94="X",(D94-C94),"0") -> 0 | G126: =IF(G94="X",(D94-C94),"0") -> 0 | H126: =IF(H94="X",(D94-C94),"0") -> 0 | I126: =IF(I94="X",(D94-C94),"0") -> 0 | J126: =IF(J94="X",(D94-C94),"0") -> 0 | K126: =IF(K94="X",(D94-C94),"0") -> 0 | L126: =IF(L94="X",(D94-C94),"0") -> 0 | M126: =IF(M94="X",(D94-C94),"0") -> 0 | N126: =IF(N94="X",(D94-C94),"0") -> 0 | O126: =IF(O94="X",(D94-C94),"0") -> 0 | P126: =IF(P94="X",(D94-C94),"0") -> 0 | Q126: =IF(Q94="X",(D94-C94),"0") -> 0 | R126: =IF(R94="X",(D94-C94),"0") -> 0 | S126: =IF(S94="X",(D94-C94),"0") -> 0 | T126: =IF(T94="X",(D94-C94),"0") -> 0
E127: =SUM(E39:E126) -> 3.24 | F127: =SUM(F39:F126) -> 5 | G127: =SUM(G39:G126) -> 1 | H127: =SUM(H39:H126) -> 6.44 | I127: =SUM(I39:I126) -> 0 | J127: =SUM(J39:J126) -> 11.44 | K127: =SUM(K39:K126) -> 0 | L127: =SUM(L39:L126) -> 0 | ... T127: =SUM(T39:T126) -> 0

Sheet 243
A1: PROGRAMA DE MANUTENÇÃORODOVIÁRIA
A2: RODOVIAS PAVIMENTADAS | I2: DATA: | J2: ='224'!J2 -> 46204 | N2: TÉCNICO RESP. | O2: ='224'!O2 -> ENG. THIAGO TORQUATO | T2: REGIÃO: | U2: 12
A3: FICHA DE INSPEÇÃO: | B3: =TT!C15 -> RODOVIA TO-498 - TRECHO JAÚ DO TOCANTINS - ENTR. TO-373 (SANTA CRUZ)
A5: S.R.E. | B5: SENTIDO | C5: INÍCIO (KM) | D5: FIM (KM) | E5: CONDIÇÃO DO PAVIMENTO | J5: VEGETAÇÃO | L5: ELEM. DE DRENAGEM | O5: SIN. HOR. | R5: SIN. VERTICAL | U5: OBSERV.
E6: BOM | F6: REM. I. | G6: REM. L | H6: BUR. I | I6: BUR. L | J6: ADEQ. | K6: INADED. | L6: LIMPOS | M6: SUJOS | N6: DAN. | O6: BOM | P6: REG. | Q6: INEXIST. | R6: BOM | S6: POUCAS | T6: INEXIST.
A7: 498ETO0010 | B7: C | C7: 0 | D7: 9 | E7: X | J7: X | M7: X | N7: X | P7: X | S7: X
C8: =D7 -> 9 | D8: 15 | F8: X | H8: X | J8: X | M8: X | P8: X | S8: X
C9: =D8 -> 15 | D9: 28 | E9: X | H9: X | J9: X | L9: X | P9: X | S9: X
C10: =D9 -> 28 | D10: 30 | F10: X | H10: X | J10: X | M10: X | P10: X | S10: X
C11: =D10 -> 30 | D11: 31 | H11: X | J11: X | M11: X | P11: X | S11: X
C12: =D11 -> 31 | D12: 32.03 | F12: X | H12: X | J12: X | M12: X | P12: X | S12: X
A13: 296ETO0290 | B13: C | C13: 0 | D13: 0.5 | F13: X | J13: X | M13: X | N13: X | P13: X | R13: X
C14: 0.5 | D14: 4.03 | E14: X | J14: X | M14: X | N14: X | P14: X | S14: X
A32: LEGENDA | B32: CONDIÇÃO DO PAVIMENTO
A33: REM. I | B33: REMENDOS ISOLADOS | E33: ATÉ 10 REMENDOS/KM | I33: BUR. I | J33: BURACOS ISOLADOS | M33: ATÉ 5 BURACOS/KM
A34: REM. L | B34: REMENDOS AO LONGO | E34: MAIS DE 10 REMENDOS/KM | I34: BUR. L | J34: BURACOS AO LONGO | M34: MAIS DE 5 BURACOS/KM
E39: =IF(E7="X",(D7-C7),"0") -> 9 | F39: =IF(F7="X",(D7-C7),"0") -> 0 | G39: =IF(G7="X",(D7-C7),"0") -> 0 | H39: =IF(H7="X",(D7-C7),"0") -> 0 | I39: =IF(I7="X",(D7-C7),"0") -> 0 | J39: =IF(J7="X",(D7-C7),"0") -> 9 | K39: =IF(K7="X",(D7-C7),"0") -> 0 | L39: =IF(L7="X",(D7-C7),"0") -> 0 | M39: =IF(M7="X",(D7-C7),"0") -> 9 | N39: =IF(N7="X",(D7-C7),"0") -> 9 | O39: =IF(O7="X",(D7-C7),"0") -> 0 | P39: =IF(P7="X",(D7-C7),"0") -> 9 | Q39: =IF(Q7="X",(D7-C7),"0") -> 0 | R39: =IF(R7="X",(D7-C7),"0") -> 0 | S39: =IF(S7="X",(D7-C7),"0") -> 9 | T39: =IF(T7="X",(D7-C7),"0") -> 0
E40: =IF(E8="X",(D8-C8),"0") -> 0 | F40: =IF(F8="X",(D8-C8),"0") -> 6 | G40: =IF(G8="X",(D8-C8),"0") -> 0 | H40: =IF(H8="X",(D8-C8),"0") -> 6 | I40: =IF(I8="X",(D8-C8),"0") -> 0 | J40: =IF(J8="X",(D8-C8),"0") -> 6 | K40: =IF(K8="X",(D8-C8),"0") -> 0 | L40: =IF(L8="X",(D8-C8),"0") -> 0 | M40: =IF(M8="X",(D8-C8),"0") -> 6 | N40: =IF(N8="X",(D8-C8),"0") -> 0 | O40: =IF(O8="X",(D8-C8),"0") -> 0 | P40: =IF(P8="X",(D8-C8),"0") -> 6 | Q40: =IF(Q8="X",(D8-C8),"0") -> 0 | R40: =IF(R8="X",(D8-C8),"0") -> 0 | S40: =IF(S8="X",(D8-C8),"0") -> 6 | T40: =IF(T8="X",(D8-C8),"0") -> 0
E41: =IF(E9="X",(D9-C9),"0") -> 13 | F41: =IF(F9="X",(D9-C9),"0") -> 0 | G41: =IF(G9="X",(D9-C9),"0") -> 0 | H41: =IF(H9="X",(D9-C9),"0") -> 13 | I41: =IF(I9="X",(D9-C9),"0") -> 0 | J41: =IF(J9="X",(D9-C9),"0") -> 13 | K41: =IF(K9="X",(D9-C9),"0") -> 0 | L41: =IF(L9="X",(D9-C9),"0") -> 13 | M41: =IF(M9="X",(D9-C9),"0") -> 0 | N41: =IF(N9="X",(D9-C9),"0") -> 0 | O41: =IF(O9="X",(D9-C9),"0") -> 0 | P41: =IF(P9="X",(D9-C9),"0") -> 13 | Q41: =IF(Q9="X",(D9-C9),"0") -> 0 | R41: =IF(R9="X",(D9-C9),"0") -> 0 | S41: =IF(S9="X",(D9-C9),"0") -> 13 | T41: =IF(T9="X",(D9-C9),"0") -> 0
E42: =IF(E10="X",(D10-C10),"0") -> 0 | F42: =IF(F10="X",(D10-C10),"0") -> 2 | G42: =IF(G10="X",(D10-C10),"0") -> 0 | H42: =IF(H10="X",(D10-C10),"0") -> 2 | I42: =IF(I10="X",(D10-C10),"0") -> 0 | J42: =IF(J10="X",(D10-C10),"0") -> 2 | K42: =IF(K10="X",(D10-C10),"0") -> 0 | L42: =IF(L10="X",(D10-C10),"0") -> 0 | M42: =IF(M10="X",(D10-C10),"0") -> 2 | N42: =IF(N10="X",(D10-C10),"0") -> 0 | O42: =IF(O10="X",(D10-C10),"0") -> 0 | P42: =IF(P10="X",(D10-C10),"0") -> 2 | Q42: =IF(Q10="X",(D10-C10),"0") -> 0 | R42: =IF(R10="X",(D10-C10),"0") -> 0 | S42: =IF(S10="X",(D10-C10),"0") -> 2 | T42: =IF(T10="X",(D10-C10),"0") -> 0
E43: =IF(E11="X",(D11-C11),"0") -> 0 | F43: =IF(F11="X",(D11-C11),"0") -> 0 | G43: =IF(G11="X",(D11-C11),"0") -> 0 | H43: =IF(H11="X",(D11-C11),"0") -> 1 | I43: =IF(I11="X",(D11-C11),"0") -> 0 | J43: =IF(J11="X",(D11-C11),"0") -> 1 | K43: =IF(K11="X",(D11-C11),"0") -> 0 | L43: =IF(L11="X",(D11-C11),"0") -> 0 | M43: =IF(M11="X",(D11-C11),"0") -> 1 | N43: =IF(N11="X",(D11-C11),"0") -> 0 | O43: =IF(O11="X",(D11-C11),"0") -> 0 | P43: =IF(P11="X",(D11-C11),"0") -> 1 | Q43: =IF(Q11="X",(D11-C11),"0") -> 0 | R43: =IF(R11="X",(D11-C11),"0") -> 0 | S43: =IF(S11="X",(D11-C11),"0") -> 1 | T43: =IF(T11="X",(D11-C11),"0") -> 0
E44: =IF(E12="X",(D12-C12),"0") -> 0 | F44: =IF(F12="X",(D12-C12),"0") -> 1.03 | G44: =IF(G12="X",(D12-C12),"0") -> 0 | H44: =IF(H12="X",(D12-C12),"0") -> 1.03 | I44: =IF(I12="X",(D12-C12),"0") -> 0 | J44: =IF(J12="X",(D12-C12),"0") -> 1.03 | K44: =IF(K12="X",(D12-C12),"0") -> 0 | L44: =IF(L12="X",(D12-C12),"0") -> 0 | M44: =IF(M12="X",(D12-C12),"0") -> 1.03 | N44: =IF(N12="X",(D12-C12),"0") -> 0 | O44: =IF(O12="X",(D12-C12),"0") -> 0 | P44: =IF(P12="X",(D12-C12),"0") -> 1.03 | Q44: =IF(Q12="X",(D12-C12),"0") -> 0 | R44: =IF(R12="X",(D12-C12),"0") -> 0 | S44: =IF(S12="X",(D12-C12),"0") -> 1.03 | T44: =IF(T12="X",(D12-C12),"0") -> 0
E45: =IF(E13="X",(D13-C13),"0") -> 0 | F45: =IF(F13="X",(D13-C13),"0") -> 0.5 | G45: =IF(G13="X",(D13-C13),"0") -> 0 | H45: =IF(H13="X",(D13-C13),"0") -> 0 | I45: =IF(I13="X",(D13-C13),"0") -> 0 | J45: =IF(J13="X",(D13-C13),"0") -> 0.5 | K45: =IF(K13="X",(D13-C13),"0") -> 0 | L45: =IF(L13="X",(D13-C13),"0") -> 0 | M45: =IF(M13="X",(D13-C13),"0") -> 0.5 | N45: =IF(N13="X",(D13-C13),"0") -> 0.5 | O45: =IF(O13="X",(D13-C13),"0") -> 0 | P45: =IF(P13="X",(D13-C13),"0") -> 0.5 | Q45: =IF(Q13="X",(D13-C13),"0") -> 0 | R45: =IF(R13="X",(D13-C13),"0") -> 0.5 | S45: =IF(S13="X",(D13-C13),"0") -> 0 | T45: =IF(T13="X",(D13-C13),"0") -> 0
E46: =IF(E14="X",(D14-C14),"0") -> 3.53 | F46: =IF(F14="X",(D14-C14),"0") -> 0 | G46: =IF(G14="X",(D14-C14),"0") -> 0 | H46: =IF(H14="X",(D14-C14),"0") -> 0 | I46: =IF(I14="X",(D14-C14),"0") -> 0 | J46: =IF(J14="X",(D14-C14),"0") -> 3.53 | K46: =IF(K14="X",(D14-C14),"0") -> 0 | L46: =IF(L14="X",(D14-C14),"0") -> 0 | M46: =IF(M14="X",(D14-C14),"0") -> 3.53 | N46: =IF(N14="X",(D14-C14),"0") -> 3.53 | O46: =IF(O14="X",(D14-C14),"0") -> 0 | P46: =IF(P14="X",(D14-C14),"0") -> 3.53 | Q46: =IF(Q14="X",(D14-C14),"0") -> 0 | R46: =IF(R14="X",(D14-C14),"0") -> 0 | S46: =IF(S14="X",(D14-C14),"0") -> 3.53 | T46: =IF(T14="X",(D14-C14),"0") -> 0
E47: =IF(E15="X",(D15-C15),"0") -> 0 | F47: =IF(F15="X",(D15-C15),"0") -> 0 | G47: =IF(G15="X",(D15-C15),"0") -> 0 | H47: =IF(H15="X",(D15-C15),"0") -> 0 | I47: =IF(I15="X",(D15-C15),"0") -> 0 | J47: =IF(J15="X",(D15-C15),"0") -> 0 | K47: =IF(K15="X",(D15-C15),"0") -> 0 | L47: =IF(L15="X",(D15-C15),"0") -> 0 | M47: =IF(M15="X",(D15-C15),"0") -> 0 | N47: =IF(N15="X",(D15-C15),"0") -> 0 | O47: =IF(O15="X",(D15-C15),"0") -> 0 | P47: =IF(P15="X",(D15-C15),"0") -> 0 | Q47: =IF(Q15="X",(D15-C15),"0") -> 0 | R47: =IF(R15="X",(D15-C15),"0") -> 0 | S47: =IF(S15="X",(D15-C15),"0") -> 0 | T47: =IF(T15="X",(D15-C15),"0") -> 0
E48: =IF(E16="X",(D16-C16),"0") -> 0 | F48: =IF(F16="X",(D16-C16),"0") -> 0 | G48: =IF(G16="X",(D16-C16),"0") -> 0 | H48: =IF(H16="X",(D16-C16),"0") -> 0 | I48: =IF(I16="X",(D16-C16),"0") -> 0 | J48: =IF(J16="X",(D16-C16),"0") -> 0 | K48: =IF(K16="X",(D16-C16),"0") -> 0 | L48: =IF(L16="X",(D16-C16),"0") -> 0 | M48: =IF(M16="X",(D16-C16),"0") -> 0 | N48: =IF(N16="X",(D16-C16),"0") -> 0 | O48: =IF(O16="X",(D16-C16),"0") -> 0 | P48: =IF(P16="X",(D16-C16),"0") -> 0 | Q48: =IF(Q16="X",(D16-C16),"0") -> 0 | R48: =IF(R16="X",(D16-C16),"0") -> 0 | S48: =IF(S16="X",(D16-C16),"0") -> 0 | T48: =IF(T16="X",(D16-C16),"0") -> 0
E49: =IF(E17="X",(D17-C17),"0") -> 0 | F49: =IF(F17="X",(D17-C17),"0") -> 0 | G49: =IF(G17="X",(D17-C17),"0") -> 0 | H49: =IF(H17="X",(D17-C17),"0") -> 0 | I49: =IF(I17="X",(D17-C17),"0") -> 0 | J49: =IF(J17="X",(D17-C17),"0") -> 0 | K49: =IF(K17="X",(D17-C17),"0") -> 0 | L49: =IF(L17="X",(D17-C17),"0") -> 0 | M49: =IF(M17="X",(D17-C17),"0") -> 0 | N49: =IF(N17="X",(D17-C17),"0") -> 0 | O49: =IF(O17="X",(D17-C17),"0") -> 0 | P49: =IF(P17="X",(D17-C17),"0") -> 0 | Q49: =IF(Q17="X",(D17-C17),"0") -> 0 | R49: =IF(R17="X",(D17-C17),"0") -> 0 | S49: =IF(S17="X",(D17-C17),"0") -> 0 | T49: =IF(T17="X",(D17-C17),"0") -> 0
E50: =IF(E18="X",(D18-C18),"0") -> 0 | F50: =IF(F18="X",(D18-C18),"0") -> 0 | G50: =IF(G18="X",(D18-C18),"0") -> 0 | H50: =IF(H18="X",(D18-C18),"0") -> 0 | I50: =IF(I18="X",(D18-C18),"0") -> 0 | J50: =IF(J18="X",(D18-C18),"0") -> 0 | K50: =IF(K18="X",(D18-C18),"0") -> 0 | L50: =IF(L18="X",(D18-C18),"0") -> 0 | M50: =IF(M18="X",(D18-C18),"0") -> 0 | N50: =IF(N18="X",(D18-C18),"0") -> 0 | O50: =IF(O18="X",(D18-C18),"0") -> 0 | P50: =IF(P18="X",(D18-C18),"0") -> 0 | Q50: =IF(Q18="X",(D18-C18),"0") -> 0 | R50: =IF(R18="X",(D18-C18),"0") -> 0 | S50: =IF(S18="X",(D18-C18),"0") -> 0 | T50: =IF(T18="X",(D18-C18),"0") -> 0
... E126: =IF(E94="X",(D94-C94),"0") -> 0 | F126: =IF(F94="X",(D94-C94),"0") -> 0 | G126: =IF(G94="X",(D94-C94),"0") -> 0 | H126: =IF(H94="X",(D94-C94),"0") -> 0 | I126: =IF(I94="X",(D94-C94),"0") -> 0 | J126: =IF(J94="X",(D94-C94),"0") -> 0 | K126: =IF(K94="X",(D94-C94),"0") -> 0 | L126: =IF(L94="X",(D94-C94),"0") -> 0 | M126: =IF(M94="X",(D94-C94),"0") -> 0 | N126: =IF(N94="X",(D94-C94),"0") -> 0 | O126: =IF(O94="X",(D94-C94),"0") -> 0 | P126: =IF(P94="X",(D94-C94),"0") -> 0 | Q126: =IF(Q94="X",(D94-C94),"0") -> 0 | R126: =IF(R94="X",(D94-C94),"0") -> 0 | S126: =IF(S94="X",(D94-C94),"0") -> 0 | T126: =IF(T94="X",(D94-C94),"0") -> 0
E127: =SUM(E39:E126) -> 25.53 | F127: =SUM(F39:F126) -> 9.53 | G127: =SUM(G39:G126) -> 0 | H127: =SUM(H39:H126) -> 23.03 | I127: =SUM(I39:I126) -> 0 | J127: =SUM(J39:J126) -> 36.06 | K127: =SUM(K39:K126) -> 0 | L127: =SUM(L39:L126) -> 13 | ... T127: =SUM(T39:T126) -> 0

Sheet 244
A1: PROGRAMA DE MANUTENÇÃORODOVIÁRIA
A2: RODOVIAS PAVIMENTADAS | I2: DATA: | J2: ='224'!J2 -> 46204 | N2: TÉCNICO RESP. | O2: ='224'!O2 -> ENG. THIAGO TORQUATO | T2: REGIÃO: | U2: 12
A3: FICHA DE INSPEÇÃO: | B3: =TT!C16 -> RODOVIA TO-498 - TRECHO JAÚ DO TOCANTINS - ENTR. TO-387
A5: S.R.E. | B5: SENTIDO | C5: INÍCIO (KM) | D5: FIM (KM) | E5: CONDIÇÃO DO PAVIMENTO | J5: VEGETAÇÃO | L5: ELEM. DE DRENAGEM | O5: SIN. HOR. | R5: SIN. VERTICAL | U5: OBSERV.
E6: BOM | F6: REM. I. | G6: REM. L | H6: BUR. I | I6: BUR. L | J6: ADEQ. | K6: INADED. | L6: LIMPOS | M6: SUJOS | N6: DAN. | O6: BOM | P6: REG. | Q6: INEXIST. | R6: BOM | S6: POUCAS | T6: INEXIST.
A7: 498ETO0050 | B7: C | C7: 0 | D7: 2.2 | E7: X | J7: X | M7: X | N7: X | P7: X | S7: X
C8: =D7 -> 2.2 | D8: 4.6 | F8: X | H8: X | J8: X | M8: X | N8: X | P8: X | S8: X
C9: =D8 -> 4.6 | D9: 8.9 | F9: X | H9: X | J9: X | M9: X | N9: X | P9: X | S9: X
C10: =D9 -> 8.9 | D10: 14 | F10: X | H10: X | J10: X | M10: X | N10: X | P10: X | S10: X
C11: =D10 -> 14 | D11: 17 | G11: X | H11: X | J11: X | M11: X | N11: X | P11: X | S11: X
C12: =D11 -> 17 | D12: 20.9 | G12: X | H12: X | J12: X | M12: X | N12: X | P12: X | S12: X
A14: 498ETO0080 | B14: C | C14: 0 | D14: 2.7 | F14: X | J14: X | M14: X | N14: X | P14: X | S14: X
C15: =D14 -> 2.7 | D15: 7.4 | G15: X | H15: X | J15: X | M15: X | N15: X | P15: X | S15: X
C16: =D15 -> 7.4 | D16: 9.2 | F16: X | J16: X | M16: X | N16: X | P16: X | S16: X
C17: =D16 -> 9.2 | D17: 12.1 | G17: X | H17: X | J17: X | M17: X | N17: X | P17: X | S17: X
A19: 498ETO0090 | B19: C | C19: 0 | D19: 3 | G19: X | H19: X | J19: X | M19: X | N19: X | P19: X | S19: X
C20: =D19 -> 3 | D20: 6.3 | G20: X | H20: X | J20: X | M20: X | N20: X | P20: X | S20: X
C21: =D20 -> 6.3 | D21: 9 | F21: X | J21: X | M21: X | N21: X | P21: X | S21: X
A32: LEGENDA | B32: CONDIÇÃO DO PAVIMENTO
A33: REM. I | B33: REMENDOS ISOLADOS | E33: ATÉ 10 REMENDOS/KM | I33: BUR. I | J33: BURACOS ISOLADOS | M33: ATÉ 5 BURACOS/KM
A34: REM. L | B34: REMENDOS AO LONGO | E34: MAIS DE 10 REMENDOS/KM | I34: BUR. L | J34: BURACOS AO LONGO | M34: MAIS DE 5 BURACOS/KM
E39: =IF(E7="X",(D7-C7),"0") -> 2.2 | F39: =IF(F7="X",(D7-C7),"0") -> 0 | G39: =IF(G7="X",(D7-C7),"0") -> 0 | H39: =IF(H7="X",(D7-C7),"0") -> 0 | I39: =IF(I7="X",(D7-C7),"0") -> 0 | J39: =IF(J7="X",(D7-C7),"0") -> 2.2 | K39: =IF(K7="X",(D7-C7),"0") -> 0 | L39: =IF(L7="X",(D7-C7),"0") -> 0 | M39: =IF(M7="X",(D7-C7),"0") -> 2.2 | N39: =IF(N7="X",(D7-C7),"0") -> 2.2 | O39: =IF(O7="X",(D7-C7),"0") -> 0 | P39: =IF(P7="X",(D7-C7),"0") -> 2.2 | Q39: =IF(Q7="X",(D7-C7),"0") -> 0 | R39: =IF(R7="X",(D7-C7),"0") -> 0 | S39: =IF(S7="X",(D7-C7),"0") -> 2.2 | T39: =IF(T7="X",(D7-C7),"0") -> 0
E40: =IF(E8="X",(D8-C8),"0") -> 0 | F40: =IF(F8="X",(D8-C8),"0") -> 2.4 | G40: =IF(G8="X",(D8-C8),"0") -> 0 | H40: =IF(H8="X",(D8-C8),"0") -> 2.4 | I40: =IF(I8="X",(D8-C8),"0") -> 0 | J40: =IF(J8="X",(D8-C8),"0") -> 2.4 | K40: =IF(K8="X",(D8-C8),"0") -> 0 | L40: =IF(L8="X",(D8-C8),"0") -> 0 | M40: =IF(M8="X",(D8-C8),"0") -> 2.4 | N40: =IF(N8="X",(D8-C8),"0") -> 2.4 | O40: =IF(O8="X",(D8-C8),"0") -> 0 | P40: =IF(P8="X",(D8-C8),"0") -> 2.4 | Q40: =IF(Q8="X",(D8-C8),"0") -> 0 | R40: =IF(R8="X",(D8-C8),"0") -> 0 | S40: =IF(S8="X",(D8-C8),"0") -> 2.4 | T40: =IF(T8="X",(D8-C8),"0") -> 0
E41: =IF(E9="X",(D9-C9),"0") -> 0 | F41: =IF(F9="X",(D9-C9),"0") -> 4.3 | G41: =IF(G9="X",(D9-C9),"0") -> 0 | H41: =IF(H9="X",(D9-C9),"0") -> 4.3 | I41: =IF(I9="X",(D9-C9),"0") -> 0 | J41: =IF(J9="X",(D9-C9),"0") -> 4.3 | K41: =IF(K9="X",(D9-C9),"0") -> 0 | L41: =IF(L9="X",(D9-C9),"0") -> 0 | M41: =IF(M9="X",(D9-C9),"0") -> 4.3 | N41: =IF(N9="X",(D9-C9),"0") -> 4.3 | O41: =IF(O9="X",(D9-C9),"0") -> 0 | P41: =IF(P9="X",(D9-C9),"0") -> 4.3 | Q41: =IF(Q9="X",(D9-C9),"0") -> 0 | R41: =IF(R9="X",(D9-C9),"0") -> 0 | S41: =IF(S9="X",(D9-C9),"0") -> 4.3 | T41: =IF(T9="X",(D9-C9),"0") -> 0
E42: =IF(E10="X",(D10-C10),"0") -> 0 | F42: =IF(F10="X",(D10-C10),"0") -> 5.1 | G42: =IF(G10="X",(D10-C10),"0") -> 0 | H42: =IF(H10="X",(D10-C10),"0") -> 5.1 | I42: =IF(I10="X",(D10-C10),"0") -> 0 | J42: =IF(J10="X",(D10-C10),"0") -> 5.1 | K42: =IF(K10="X",(D10-C10),"0") -> 0 | L42: =IF(L10="X",(D10-C10),"0") -> 0 | M42: =IF(M10="X",(D10-C10),"0") -> 5.1 | N42: =IF(N10="X",(D10-C10),"0") -> 5.1 | O42: =IF(O10="X",(D10-C10),"0") -> 0 | P42: =IF(P10="X",(D10-C10),"0") -> 5.1 | Q42: =IF(Q10="X",(D10-C10),"0") -> 0 | R42: =IF(R10="X",(D10-C10),"0") -> 0 | S42: =IF(S10="X",(D10-C10),"0") -> 5.1 | T42: =IF(T10="X",(D10-C10),"0") -> 0
E43: =IF(E11="X",(D11-C11),"0") -> 0 | F43: =IF(F11="X",(D11-C11),"0") -> 0 | G43: =IF(G11="X",(D11-C11),"0") -> 3 | H43: =IF(H11="X",(D11-C11),"0") -> 3 | I43: =IF(I11="X",(D11-C11),"0") -> 0 | J43: =IF(J11="X",(D11-C11),"0") -> 3 | K43: =IF(K11="X",(D11-C11),"0") -> 0 | L43: =IF(L11="X",(D11-C11),"0") -> 0 | M43: =IF(M11="X",(D11-C11),"0") -> 3 | N43: =IF(N11="X",(D11-C11),"0") -> 3 | O43: =IF(O11="X",(D11-C11),"0") -> 0 | P43: =IF(P11="X",(D11-C11),"0") -> 3 | Q43: =IF(Q11="X",(D11-C11),"0") -> 0 | R43: =IF(R11="X",(D11-C11),"0") -> 0 | S43: =IF(S11="X",(D11-C11),"0") -> 3 | T43: =IF(T11="X",(D11-C11),"0") -> 0
E44: =IF(E12="X",(D12-C12),"0") -> 0 | F44: =IF(F12="X",(D12-C12),"0") -> 0 | G44: =IF(G12="X",(D12-C12),"0") -> 3.9 | H44: =IF(H12="X",(D12-C12),"0") -> 3.9 | I44: =IF(I12="X",(D12-C12),"0") -> 0 | J44: =IF(J12="X",(D12-C12),"0") -> 3.9 | K44: =IF(K12="X",(D12-C12),"0") -> 0 | L44: =IF(L12="X",(D12-C12),"0") -> 0 | M44: =IF(M12="X",(D12-C12),"0") -> 3.9 | N44: =IF(N12="X",(D12-C12),"0") -> 3.9 | O44: =IF(O12="X",(D12-C12),"0") -> 0 | P44: =IF(P12="X",(D12-C12),"0") -> 3.9 | Q44: =IF(Q12="X",(D12-C12),"0") -> 0 | R44: =IF(R12="X",(D12-C12),"0") -> 0 | S44: =IF(S12="X",(D12-C12),"0") -> 3.9 | T44: =IF(T12="X",(D12-C12),"0") -> 0
E45: =IF(E13="X",(D13-C13),"0") -> 0 | F45: =IF(F13="X",(D13-C13),"0") -> 0 | G45: =IF(G13="X",(D13-C13),"0") -> 0 | H45: =IF(H13="X",(D13-C13),"0") -> 0 | I45: =IF(I13="X",(D13-C13),"0") -> 0 | J45: =IF(J13="X",(D13-C13),"0") -> 0 | K45: =IF(K13="X",(D13-C13),"0") -> 0 | L45: =IF(L13="X",(D13-C13),"0") -> 0 | M45: =IF(M13="X",(D13-C13),"0") -> 0 | N45: =IF(N13="X",(D13-C13),"0") -> 0 | O45: =IF(O13="X",(D13-C13),"0") -> 0 | P45: =IF(P13="X",(D13-C13),"0") -> 0 | Q45: =IF(Q13="X",(D13-C13),"0") -> 0 | R45: =IF(R13="X",(D13-C13),"0") -> 0 | S45: =IF(S13="X",(D13-C13),"0") -> 0 | T45: =IF(T13="X",(D13-C13),"0") -> 0
E46: =IF(E14="X",(D14-C14),"0") -> 0 | F46: =IF(F14="X",(D14-C14),"0") -> 2.7 | G46: =IF(G14="X",(D14-C14),"0") -> 0 | H46: =IF(H14="X",(D14-C14),"0") -> 0 | I46: =IF(I14="X",(D14-C14),"0") -> 0 | J46: =IF(J14="X",(D14-C14),"0") -> 2.7 | K46: =IF(K14="X",(D14-C14),"0") -> 0 | L46: =IF(L14="X",(D14-C14),"0") -> 0 | M46: =IF(M14="X",(D14-C14),"0") -> 2.7 | N46: =IF(N14="X",(D14-C14),"0") -> 2.7 | O46: =IF(O14="X",(D14-C14),"0") -> 0 | P46: =IF(P14="X",(D14-C14),"0") -> 2.7 | Q46: =IF(Q14="X",(D14-C14),"0") -> 0 | R46: =IF(R14="X",(D14-C14),"0") -> 0 | S46: =IF(S14="X",(D14-C14),"0") -> 2.7 | T46: =IF(T14="X",(D14-C14),"0") -> 0
E47: =IF(E15="X",(D15-C15),"0") -> 0 | F47: =IF(F15="X",(D15-C15),"0") -> 0 | G47: =IF(G15="X",(D15-C15),"0") -> 4.7 | H47: =IF(H15="X",(D15-C15),"0") -> 4.7 | I47: =IF(I15="X",(D15-C15),"0") -> 0 | J47: =IF(J15="X",(D15-C15),"0") -> 4.7 | K47: =IF(K15="X",(D15-C15),"0") -> 0 | L47: =IF(L15="X",(D15-C15),"0") -> 0 | M47: =IF(M15="X",(D15-C15),"0") -> 4.7 | N47: =IF(N15="X",(D15-C15),"0") -> 4.7 | O47: =IF(O15="X",(D15-C15),"0") -> 0 | P47: =IF(P15="X",(D15-C15),"0") -> 4.7 | Q47: =IF(Q15="X",(D15-C15),"0") -> 0 | R47: =IF(R15="X",(D15-C15),"0") -> 0 | S47: =IF(S15="X",(D15-C15),"0") -> 4.7 | T47: =IF(T15="X",(D15-C15),"0") -> 0
E48: =IF(E16="X",(D16-C16),"0") -> 0 | F48: =IF(F16="X",(D16-C16),"0") -> 1.8 | G48: =IF(G16="X",(D16-C16),"0") -> 0 | H48: =IF(H16="X",(D16-C16),"0") -> 0 | I48: =IF(I16="X",(D16-C16),"0") -> 0 | J48: =IF(J16="X",(D16-C16),"0") -> 1.8 | K48: =IF(K16="X",(D16-C16),"0") -> 0 | L48: =IF(L16="X",(D16-C16),"0") -> 0 | M48: =IF(M16="X",(D16-C16),"0") -> 1.8 | N48: =IF(N16="X",(D16-C16),"0") -> 1.8 | O48: =IF(O16="X",(D16-C16),"0") -> 0 | P48: =IF(P16="X",(D16-C16),"0") -> 1.8 | Q48: =IF(Q16="X",(D16-C16),"0") -> 0 | R48: =IF(R16="X",(D16-C16),"0") -> 0 | S48: =IF(S16="X",(D16-C16),"0") -> 1.8 | T48: =IF(T16="X",(D16-C16),"0") -> 0
E49: =IF(E17="X",(D17-C17),"0") -> 0 | F49: =IF(F17="X",(D17-C17),"0") -> 0 | G49: =IF(G17="X",(D17-C17),"0") -> 2.9 | H49: =IF(H17="X",(D17-C17),"0") -> 2.9 | I49: =IF(I17="X",(D17-C17),"0") -> 0 | J49: =IF(J17="X",(D17-C17),"0") -> 2.9 | K49: =IF(K17="X",(D17-C17),"0") -> 0 | L49: =IF(L17="X",(D17-C17),"0") -> 0 | M49: =IF(M17="X",(D17-C17),"0") -> 2.9 | N49: =IF(N17="X",(D17-C17),"0") -> 2.9 | O49: =IF(O17="X",(D17-C17),"0") -> 0 | P49: =IF(P17="X",(D17-C17),"0") -> 2.9 | Q49: =IF(Q17="X",(D17-C17),"0") -> 0 | R49: =IF(R17="X",(D17-C17),"0") -> 0 | S49: =IF(S17="X",(D17-C17),"0") -> 2.9 | T49: =IF(T17="X",(D17-C17),"0") -> 0
E50: =IF(E18="X",(D18-C18),"0") -> 0 | F50: =IF(F18="X",(D18-C18),"0") -> 0 | G50: =IF(G18="X",(D18-C18),"0") -> 0 | H50: =IF(H18="X",(D18-C18),"0") -> 0 | I50: =IF(I18="X",(D18-C18),"0") -> 0 | J50: =IF(J18="X",(D18-C18),"0") -> 0 | K50: =IF(K18="X",(D18-C18),"0") -> 0 | L50: =IF(L18="X",(D18-C18),"0") -> 0 | M50: =IF(M18="X",(D18-C18),"0") -> 0 | N50: =IF(N18="X",(D18-C18),"0") -> 0 | O50: =IF(O18="X",(D18-C18),"0") -> 0 | P50: =IF(P18="X",(D18-C18),"0") -> 0 | Q50: =IF(Q18="X",(D18-C18),"0") -> 0 | R50: =IF(R18="X",(D18-C18),"0") -> 0 | S50: =IF(S18="X",(D18-C18),"0") -> 0 | T50: =IF(T18="X",(D18-C18),"0") -> 0
... E126: =IF(E94="X",(D94-C94),"0") -> 0 | F126: =IF(F94="X",(D94-C94),"0") -> 0 | G126: =IF(G94="X",(D94-C94),"0") -> 0 | H126: =IF(H94="X",(D94-C94),"0") -> 0 | I126: =IF(I94="X",(D94-C94),"0") -> 0 | J126: =IF(J94="X",(D94-C94),"0") -> 0 | K126: =IF(K94="X",(D94-C94),"0") -> 0 | L126: =IF(L94="X",(D94-C94),"0") -> 0 | M126: =IF(M94="X",(D94-C94),"0") -> 0 | N126: =IF(N94="X",(D94-C94),"0") -> 0 | O126: =IF(O94="X",(D94-C94),"0") -> 0 | P126: =IF(P94="X",(D94-C94),"0") -> 0 | Q126: =IF(Q94="X",(D94-C94),"0") -> 0 | R126: =IF(R94="X",(D94-C94),"0") -> 0 | S126: =IF(S94="X",(D94-C94),"0") -> 0 | T126: =IF(T94="X",(D94-C94),"0") -> 0
E127: =SUM(E39:E126) -> 2.2 | F127: =SUM(F39:F126) -> 19 | G127: =SUM(G39:G126) -> 20.8 | H127: =SUM(H39:H126) -> 32.6 | I127: =SUM(I39:I126) -> 0 | J127: =SUM(J39:J126) -> 42 | K127: =SUM(K39:K126) -> 0 | L127: =SUM(L39:L126) -> 0 | ... T127: =SUM(T39:T126) -> 0

Sheet TT
B2: Nº DO TRECHO | C2: TRECHO | D2: CONDIÇÃO DO PAVIMENTO | I2: VEGETAÇÃO | K2: ELEM. DE DRENAGEM | N2: SIN. HOR. | Q2: SIN. VERTICAL
D3: BOM | E3: REM. I. | F3: REM. L | G3: BUR. I | H3: BUR. L | I3: ADEQ. | J3: INADED. | K3: LIMPOS | L3: SUJOS | M3: DAN. | N3: BOM | O3: REG. | P3: INEXIST. | Q3: BOM | R3: POUCAS | S3: INEXIST.
B4: 224 | C4: RODOVIA TO-141 - TRECHO PALMEIRÓPOLIS - DIVISA TO-GO | D4: ='224'!E127 -> 14.1 | E4: ='224'!F127 -> 7.2 | F4: ='224'!G127 -> 4.9 | G4: ='224'!H127 -> 9.9 | H4: ='224'!I127 -> 0 | I4: ='224'!J127 -> 26.2 | J4: ='224'!K127 -> 0 | K4: ='224'!L127 -> 0 | ... S4: ='224'!T127 -> 0
B5: 225 | C5: RODOVIA TO-280 - TRECHO NATIVIDADE - ALMAS | D5: ='225'!E127 -> 0 | E5: ='225'!F127 -> 20.1 | F5: ='225'!G127 -> 67.6 | G5: ='225'!H127 -> 0 | H5: ='225'!I127 -> 12 | I5: ='225'!J127 -> 76.2 | J5: ='225'!K127 -> 0 | K5: ='225'!L127 -> 6.5 | ... S5: ='225'!T127 -> 0
B6: 226 | C6: RODOVIA TO-280 - TRECHO SÃO VALÉRIO DE NATIVIDADE - NATIVIDADE | D6: ='226'!E127 -> 0 | E6: ='226'!F127 -> 27.1 | F6: ='226'!G127 -> 37.93 | G6: ='226'!H127 -> 19.19 | H6: ='226'!I127 -> 35.03 | I6: ='226'!J127 -> 65.03 | J6: ='226'!K127 -> 0 | K6: ='226'!L127 -> 13.09 | ... S6: ='226'!T127 -> 0
B7: 227 | C7: RODOVIA TO-280 - TRECHO ENTR. BR-242 - SÃO VALÉRIO DE NATIVIDADE | D7: ='227'!E127 -> 0 | E7: ='227'!F127 -> 36.25 | F7: ='227'!G127 -> 6.9 | G7: ='227'!H127 -> 22.06 | H7: ='227'!I127 -> 15.82 | I7: ='227'!J127 -> 43.15 | J7: ='227'!K127 -> 0 | K7: ='227'!L127 -> 3.06 | ... S7: ='227'!T127 -> 0
B8: 228 | C8: RODOVIA TO-296 - TRECHO SÃO SALVADOR DO TOCANTINS - PARANÃ | D8: ='228'!E127 -> 4.34 | E8: ='228'!F127 -> 50.6 | F8: ='228'!G127 -> 0 | G8: ='228'!H127 -> 50.6 | H8: ='228'!I127 -> 0 | I8: ='228'!J127 -> 0 | J8: ='228'!K127 -> 54.94 | K8: ='228'!L127 -> 0 | ... S8: ='228'!T127 -> 0
B9: 229 | C9: RODOVIA TO-296 - TRECHO JAÚ DO TOCANTINS - SÃO SALVADOR DO TOCANTINS | D9: ='229'!E127 -> 0.44 | E9: ='229'!F127 -> 0 | F9: ='229'!G127 -> 1.97 | G9: ='229'!H127 -> 0 | H9: ='229'!I127 -> 0 | I9: ='229'!J127 -> 2.41 | J9: ='229'!K127 -> 0 | K9: ='229'!L127 -> 0.44 | ... S9: ='229'!T127 -> 0
B10: 230 | C10: RODOVIA TO-296 - TALISMÃ - ENTR. TO-498 (JAÚ DO TOCANTINS) | D10: ='230'!E167 -> 14.32 | E10: ='230'!F167 -> 26.78 | F10: ='230'!G167 -> 13.5 | G10: ='230'!H167 -> 11.78 | H10: ='230'!I167 -> 39.3 | I10: ='230'!J167 -> 1 | J10: ='230'!K167 -> 61.9 | K10: ='230'!L167 -> 0 | ... S10: ='230'!T167 -> 0
B11: 231 | C11: RODOVIA TO-365 - TRECHO IPUEIRAS - SILVANÓPOLIS | D11: ='231'!E127 -> 0 | E11: ='231'!F127 -> 1.13 | F11: ='231'!G127 -> 0 | G11: ='231'!H127 -> 0 | H11: ='231'!I127 -> 0 | I11: ='231'!J127 -> 1.13 | J11: ='231'!K127 -> 0 | K11: ='231'!L127 -> 1.13 | ... S11: ='231'!T127 -> 0
B12: 233 | C12: RODOVIA TO-373 - TRECHO ALVORADA - ENTR. BR-242 | D12: ='233'!E158 -> 9 | E12: ='233'!F158 -> 57.58 | F12: ='233'!G158 -> 33.27 | G12: ='233'!H158 -> 0 | H12: ='233'!I158 -> 11 | I12: ='233'!J158 -> 88.85 | J12: ='233'!K158 -> 0 | K12: ='233'!L158 -> 10 | ... S12: ='233'!T158 -> 0
B13: 234 | C13: RODOVIA TO-387 - TRECHO PALMEIRÓPOLIS - SÃO SALVADOR DO TOCANTINS | D13: ='234'!E127 -> 3 | E13: ='234'!F127 -> 32.12 | F13: ='234'!G127 -> 2.3 | G13: ='234'!H127 -> 1.8 | H13: ='234'!I127 -> 24.02 | I13: ='234'!J127 -> 0 | J13: ='234'!K127 -> 37.42 | K13: ='234'!L127 -> 0 | ... S13: ='234'!T127 -> 0
B14: 235 | C14: RODOVIA TO-387 - TRECHO PALMEIRÓPOLIS - DIVISA TO-GO | D14: ='235'!E127 -> 3.24 | E14: ='235'!F127 -> 5 | F14: ='235'!G127 -> 1 | G14: ='235'!H127 -> 6.44 | H14: ='235'!I127 -> 0 | I14: ='235'!J127 -> 11.44 | J14: ='235'!K127 -> 0 | K14: ='235'!L127 -> 0 | ... S14: ='235'!T127 -> 0
B15: 243 | C15: RODOVIA TO-498 - TRECHO JAÚ DO TOCANTINS - ENTR. TO-373 (SANTA CRUZ) | D15: ='243'!E127 -> 25.53 | E15: ='243'!F127 -> 9.53 | F15: ='243'!G127 -> 0 | G15: ='243'!H127 -> 23.03 | H15: ='243'!I127 -> 0 | I15: ='243'!J127 -> 36.06 | J15: ='243'!K127 -> 0 | K15: ='243'!L127 -> 13 | ... S15: ='243'!T127 -> 0
B16: 244 | C16: RODOVIA TO-498 - TRECHO JAÚ DO TOCANTINS - ENTR. TO-387 | D16: ='244'!E127 -> 2.2 | E16: ='244'!F127 -> 19 | F16: ='244'!G127 -> 20.8 | G16: ='244'!H127 -> 32.6 | H16: ='244'!I127 -> 0 | I16: ='244'!J127 -> 42 | J16: ='244'!K127 -> 0 | K16: ='244'!L127 -> 0 | ... S16: ='244'!T127 -> 0
C18: PERCORRIDO NO MÊS | D18: =SUM(D4:D16) -> 76.17 | E18: =SUM(E4:E16) -> 292.39 | F18: =SUM(F4:F16) -> 190.17 | G18: =SUM(G4:G16) -> 177.4 | H18: =SUM(H4:H16) -> 137.17 | I18: =SUM(I4:I16) -> 393.47 | J18: =SUM(J4:J16) -> 154.26 | K18: =SUM(K4:K16) -> 47.22 | ... S18: =SUM(S4:S16) -> 0
C19: TOTAL | H19: =SUM(D18:H18) -> 873.3
C20: % DA EXTENSÃO DA MALHA: | H20: =H19/Trechos!F35 -> 1.5605148
