Workbook

Sheet RESUMO
A1: RESUMO CONSOLIDADO — REGIÃO 1 — RODOVIAS PAVIMENTADAS | V1: Valores dos gráficos — troca 0 por N/D para a fatia não aparecer. Não editar.
A2: Todos os números vêm das abas dos trechos por referência direta. Não digite nada aqui. A coluna CONFERÊNCIA acusa qualquer trecho em que a soma das marcações não fecha com a extensão. | V2: =IF(D19=0,NA(),D19) -> 72.925619 | W2: =IF(E19=0,NA(),E19) -> 290.6705 | X2: =IF(F19=0,NA(),F19) -> 162.832 | Y2: =IF(G19=0,NA(),G19) -> 3 | Z2: =IF(H19=0,NA(),H19) -> 11 | AA2: =IF(I19=0,NA(),I19) -> 385.16008 | AB2: =IF(J19=0,NA(),J19) -> 154.26804 | AC2: =IF(K19=0,NA(),K19) -> 46.884434 | ... AK2: =IF(S19=0,NA(),S19) -> #N/A
A4: Nº TRECHO | B4: TRECHO | C4: EXTENSÃO (KM) | D4: CONDIÇÃO DO PAVIMENTO | I4: VEGETAÇÃO | K4: ELEM. DE DRENAGEM | N4: SIN. HORIZ. | Q4: SIN. VERTICAL | T4: CONFERÊNCIA
D5: BOM | E5: REM. I. | F5: REM. L. | G5: BUR. I. | H5: BUR. L. | I5: ADEQ. | J5: INAD. | K5: LIMP. | L5: SUJO | M5: DANIF. | N5: BOM | O5: REG. | P5: INEX. | Q5: BOM | R5: POUC. | S5: INEX.
A6: 224 | B6: RODOVIA TO-141 - TRECHO PALMEIRÓPOLIS - DIVISA TO-GO | C6: ='224'!R44 -> 26.24 | D6: ='224'!F41 -> 13 | E6: ='224'!G41 -> 8.24 | F6: ='224'!H41 -> 5 | G6: ='224'!I41 -> 0 | H6: ='224'!J41 -> 0 | I6: ='224'!K41 -> 26.24 | J6: ='224'!L41 -> 0 | K6: ='224'!M41 -> 0 | ... S6: ='224'!U41 -> 0 | T6: =IF(SUM(D6:H6)=0,"— não preenchido",IF(ROUND(SUM(D6:H6)-C6,3)=0,"OK","ERRO — dif. de "&ROUND(SUM(D6:H6)-C6,3)&" km")) -> OK
A7: 225 | B7: RODOVIA TO-280 - TRECHO NATIVIDADE - ALMAS | C7: ='225'!R94 -> 76.27813 | D7: ='225'!F91 -> 0 | E7: ='225'!G91 -> 19 | F7: ='225'!H91 -> 57.27813 | G7: ='225'!I91 -> 0 | H7: ='225'!J91 -> 0 | I7: ='225'!K91 -> 76.27813 | J7: ='225'!L91 -> 0 | K7: ='225'!M91 -> 6 | ... S7: ='225'!U91 -> 0 | T7: =IF(SUM(D7:H7)=0,"— não preenchido",IF(ROUND(SUM(D7:H7)-C7,3)=0,"OK","ERRO — dif. de "&ROUND(SUM(D7:H7)-C7,3)&" km")) -> OK
A8: 226 | B8: RODOVIA TO-280 - TRECHO SÃO VALÉRIO DE NATIVIDADE - NATIVIDADE | C8: ='226'!R85 -> 65.030612 | D8: ='226'!F82 -> 0 | E8: ='226'!G82 -> 27.103955 | F8: ='226'!H82 -> 37.926658 | G8: ='226'!I82 -> 0 | H8: ='226'!J82 -> 0 | I8: ='226'!K82 -> 65.030612 | J8: ='226'!L82 -> 0 | K8: ='226'!M82 -> 13.591541 | ... S8: ='226'!U82 -> 0 | T8: =IF(SUM(D8:H8)=0,"— não preenchido",IF(ROUND(SUM(D8:H8)-C8,3)=0,"OK","ERRO — dif. de "&ROUND(SUM(D8:H8)-C8,3)&" km")) -> OK
A9: 227 | B9: RODOVIA TO-280 - TRECHO ENTR. BR-242 - SÃO VALÉRIO DE NATIVIDADE | C9: ='227'!R66 -> 43.157861 | D9: ='227'!F63 -> 0 | E9: ='227'!G63 -> 37.060747 | F9: ='227'!H63 -> 6.0971139 | G9: ='227'!I63 -> 0 | H9: ='227'!J63 -> 0 | I9: ='227'!K63 -> 43.157861 | J9: ='227'!L63 -> 0 | K9: ='227'!M63 -> 2.8557688 | ... S9: ='227'!U63 -> 0 | T9: =IF(SUM(D9:H9)=0,"— não preenchido",IF(ROUND(SUM(D9:H9)-C9,3)=0,"OK","ERRO — dif. de "&ROUND(SUM(D9:H9)-C9,3)&" km")) -> OK
A10: 228 | B10: RODOVIA TO-296 - TRECHO SÃO SALVADOR DO TOCANTINS - PARANÃ | C10: ='228'!R72 -> 54.941976 | D10: ='228'!F69 -> 3.9419763 | E10: ='228'!G69 -> 51 | F10: ='228'!H69 -> 0 | G10: ='228'!I69 -> 0 | H10: ='228'!J69 -> 0 | I10: ='228'!K69 -> 0 | J10: ='228'!L69 -> 54.941976 | K10: ='228'!M69 -> 0 | ... S10: ='228'!U69 -> 0 | T10: =IF(SUM(D10:H10)=0,"— não preenchido",IF(ROUND(SUM(D10:H10)-C10,3)=0,"OK","ERRO — dif. de "&ROUND(SUM(D10:H10)-C10,3)&" km")) -> OK
A11: 229 | B11: RODOVIA TO-296 - TRECHO JAÚ DO TOCANTINS - SÃO SALVADOR DO TOCANTINS | C11: ='229'!R24 -> 2.4086059 | D11: ='229'!F21 -> 0.4386593 | E11: ='229'!G21 -> 0 | F11: ='229'!H21 -> 1.9699466 | G11: ='229'!I21 -> 0 | H11: ='229'!J21 -> 0 | I11: ='229'!K21 -> 2.4086059 | J11: ='229'!L21 -> 0 | K11: ='229'!M21 -> 0.4386593 | ... S11: ='229'!U21 -> 0 | T11: =IF(SUM(D11:H11)=0,"— não preenchido",IF(ROUND(SUM(D11:H11)-C11,3)=0,"OK","ERRO — dif. de "&ROUND(SUM(D11:H11)-C11,3)&" km")) -> OK
A12: 230 | B12: RODOVIA TO-296 - TALISMÃ - ENTR. TO-498 (JAÚ DO TOCANTINS) | C12: ='230'!R82 -> 62.903735 | D12: ='230'!F79 -> 13.519213 | E12: ='230'!G79 -> 28.384522 | F12: ='230'!H79 -> 10 | G12: ='230'!I79 -> 0 | H12: ='230'!J79 -> 11 | I12: ='230'!K79 -> 1 | J12: ='230'!L79 -> 61.903735 | K12: ='230'!M79 -> 0 | ... S12: ='230'!U79 -> 0 | T12: =IF(SUM(D12:H12)=0,"— não preenchido",IF(ROUND(SUM(D12:H12)-C12,3)=0,"OK","ERRO — dif. de "&ROUND(SUM(D12:H12)-C12,3)&" km")) -> OK
A13: 231 | B13: RODOVIA TO-365 - TRECHO IPUEIRAS - SILVANÓPOLIS | C13: ='231'!R19 -> 1.125491 | D13: ='231'!F16 -> 0 | E13: ='231'!G16 -> 1.125491 | F13: ='231'!H16 -> 0 | G13: ='231'!I16 -> 0 | H13: ='231'!J16 -> 0 | I13: ='231'!K16 -> 1.125491 | J13: ='231'!L16 -> 0 | K13: ='231'!M16 -> 1.125491 | ... S13: ='231'!U16 -> 0 | T13: =IF(SUM(D13:H13)=0,"— não preenchido",IF(ROUND(SUM(D13:H13)-C13,3)=0,"OK","ERRO — dif. de "&ROUND(SUM(D13:H13)-C13,3)&" km")) -> OK
A14: 233 | B14: RODOVIA TO-373 - TRECHO ALVORADA - ENTR. BR-242 | C14: ='233'!R103 -> 81.849492 | D14: ='233'!F100 -> 9 | E14: ='233'!G100 -> 49.976519 | F14: ='233'!H100 -> 22.872974 | G14: ='233'!I100 -> 0 | H14: ='233'!J100 -> 0 | I14: ='233'!K100 -> 80.849492 | J14: ='233'!L100 -> 0 | K14: ='233'!M100 -> 9.8729737 | ... S14: ='233'!U100 -> 0 | T14: =IF(SUM(D14:H14)=0,"— não preenchido",IF(ROUND(SUM(D14:H14)-C14,3)=0,"OK","ERRO — dif. de "&ROUND(SUM(D14:H14)-C14,3)&" km")) -> OK
A15: 234 | B15: RODOVIA TO-387 - TRECHO PALMEIRÓPOLIS - SÃO SALVADOR DO TOCANTINS | C15: ='234'!R55 -> 37.422326 | D15: ='234'!F52 -> 3 | E15: ='234'!G52 -> 33.422326 | F15: ='234'!H52 -> 1 | G15: ='234'!I52 -> 0 | H15: ='234'!J52 -> 0 | I15: ='234'!K52 -> 0 | J15: ='234'!L52 -> 37.422326 | K15: ='234'!M52 -> 0 | ... S15: ='234'!U52 -> 0 | T15: =IF(SUM(D15:H15)=0,"— não preenchido",IF(ROUND(SUM(D15:H15)-C15,3)=0,"OK","ERRO — dif. de "&ROUND(SUM(D15:H15)-C15,3)&" km")) -> OK
A16: 235 | B16: RODOVIA TO-387 - TRECHO PALMEIRÓPOLIS - DIVISA TO-GO | C16: ='235'!R54 -> 30.117603 | D16: ='235'!F51 -> 3 | E16: ='235'!G51 -> 5.3221506 | F16: ='235'!H51 -> 0.64415038 | G16: ='235'!I51 -> 2 | H16: ='235'!J51 -> 0 | I16: ='235'!K51 -> 10.966301 | J16: ='235'!L51 -> 0 | K16: ='235'!M51 -> 0 | ... S16: ='235'!U51 -> 0 | T16: =IF(SUM(D16:H16)=0,"— não preenchido",IF(ROUND(SUM(D16:H16)-C16,3)=0,"OK","ERRO — dif. de "&ROUND(SUM(D16:H16)-C16,3)&" km")) -> ERRO — dif. de -19,151 km
A17: 243 | B17: RODOVIA TO-498 - TRECHO JAÚ DO TOCANTINS - ENTR. TO-373 (SANTA CRUZ) | C17: ='243'!R57 -> 36.06056 | D17: ='243'!F54 -> 25.025771 | E17: ='243'!G54 -> 10.034789 | F17: ='243'!H54 -> 0 | G17: ='243'!I54 -> 1 | H17: ='243'!J54 -> 0 | I17: ='243'!K54 -> 36.06056 | J17: ='243'!L54 -> 0 | K17: ='243'!M54 -> 13 | ... S17: ='243'!U54 -> 0 | T17: =IF(SUM(D17:H17)=0,"— não preenchido",IF(ROUND(SUM(D17:H17)-C17,3)=0,"OK","ERRO — dif. de "&ROUND(SUM(D17:H17)-C17,3)&" km")) -> OK
A18: 244 | B18: RODOVIA TO-498 - TRECHO JAÚ DO TOCANTINS - ENTR. TO-387 | C18: ='244'!R63 -> 42.086627 | D18: ='244'!F60 -> 2 | E18: ='244'!G60 -> 20 | F18: ='244'!H60 -> 20.043029 | G18: ='244'!I60 -> 0 | H18: ='244'!J60 -> 0 | I18: ='244'!K60 -> 42.043029 | J18: ='244'!L60 -> 0 | K18: ='244'!M60 -> 0 | ... S18: ='244'!U60 -> 0 | T18: =IF(SUM(D18:H18)=0,"— não preenchido",IF(ROUND(SUM(D18:H18)-C18,3)=0,"OK","ERRO — dif. de "&ROUND(SUM(D18:H18)-C18,3)&" km")) -> ERRO — dif. de -0,044 km
B19: TOTAL PERCORRIDO NO MÊS | C19: =SUM(C6:C18) -> 559.62302 | D19: =SUM(D6:D18) -> 72.925619 | E19: =SUM(E6:E18) -> 290.6705 | F19: =SUM(F6:F18) -> 162.832 | G19: =SUM(G6:G18) -> 3 | H19: =SUM(H6:H18) -> 11 | I19: =SUM(I6:I18) -> 385.16008 | J19: =SUM(J6:J18) -> 154.26804 | ... S19: =SUM(S6:S18) -> 0
B20: % DA EXTENSÃO DA MALHA (559.62 km) | D20: =SUM(D19:H19)/559.62 -> 0.96570551 | I20: (soma do grupo 'CONDIÇÃO DO PAVIMENTO' dividida pela malha)

Sheet 224
A1: PROGRAMA DE MANUTENÇÃO RODOVIÁRIA — FICHA DE INSPEÇÃO — RODOVIAS PAVIMENTADAS | Y1: Valores dos gráficos — troca 0 por N/D para a fatia não aparecer. Não editar.
A2: REGIÃO: 12 — PEIXE | G2: MÊS / ANO: | K2: DATA: | P2: TÉCNICO: | Y2: =IF(F41=0,NA(),F41) -> 13 | Z2: =IF(G41=0,NA(),G41) -> 8.24 | AA2: =IF(H41=0,NA(),H41) -> 5 | AB2: =IF(I41=0,NA(),I41) -> #N/A | AC2: =IF(J41=0,NA(),J41) -> #N/A | AD2: =IF(K41=0,NA(),K41) -> 26.24 | AE2: =IF(L41=0,NA(),L41) -> #N/A | AF2: =IF(M41=0,NA(),M41) -> #N/A | ... AN2: =IF(U41=0,NA(),U41) -> #N/A
A3: TRECHO 224 — RODOVIA TO-141 - TRECHO PALMEIRÓPOLIS - DIVISA TO-GO | T3: EXTENSÃO: 26,240 km · 1 S.R.E.
A4: COMO PREENCHER: uma X em UMA coluna de cada grupo, por linha. Se houver mais de um defeito no mesmo km, marque o PREDOMINANTE e escreva o resto em OBSERVAÇÕES. A quilometragem é contada de 0 até o fim de CADA S.R.E. (não é o marco da rodovia).
A6: S.R.E. | B6: SENT. | C6: INÍCIO (KM) | D6: FIM (KM) | E6: EXT. (KM) | F6: CONDIÇÃO DO PAVIMENTO | K6: VEGETAÇÃO | M6: ELEM. DE DRENAGEM | P6: SIN. HORIZ. | S6: SIN. VERTICAL | V6: OBSERVAÇÕES | W6: CONFERÊNCIA (só na tela)
F7: BOM | G7: REM. I. | H7: REM. L. | I7: BUR. I. | J7: BUR. L. | K7: ADEQ. | L7: INAD. | M7: LIMP. | N7: SUJO | O7: DANIF. | P7: BOM | Q7: REG. | R7: INEX. | S7: BOM | T7: POUC. | U7: INEX.
A8: S.R.E. 141ETO0110 | PALMEIRÓPOLIS *TRECHO URBANO* - DIV TO-GO | PPS · Estadual · 26.240 km · início: -13.052051, -48.391649
A9: 141ETO0110 | B9: C | C9: 0 | D9: 1 | E9: =D9-C9 -> 1 | H9: X | K9: X | N9: X | Q9: X | T9: X | W9: =IF(COUNTA(F9:U9)=0,"— não preenchido",IF(COUNTIF(F9:J9,"X")<>1,"FALTA/DUPLA: CONDIÇÃO DO PAVIMENTO",IF(COUNTIF(K9:L9,"X")<>1,"FALTA/DUPLA: VEGETAÇÃO",IF(COUNTIF(M9:O9,"X")<>1,"FALTA/DUPLA: ELEM. DE DRENAGEM",IF(COUNTIF(P9:R9,"X")<>1,"FALTA/DUPLA: SIN. HORIZ.",IF(COUNTIF(S9:U9,"X")<>1,"FALTA/DUPLA: SIN. VERTICAL","OK")))))) -> OK
A10: 141ETO0110 | B10: C | C10: 1 | D10: 2 | E10: =D10-C10 -> 1 | F10: X | K10: X | N10: X | Q10: X | T10: X | W10: =IF(COUNTA(F10:U10)=0,"— não preenchido",IF(COUNTIF(F10:J10,"X")<>1,"FALTA/DUPLA: CONDIÇÃO DO PAVIMENTO",IF(COUNTIF(K10:L10,"X")<>1,"FALTA/DUPLA: VEGETAÇÃO",IF(COUNTIF(M10:O10,"X")<>1,"FALTA/DUPLA: ELEM. DE DRENAGEM",IF(COUNTIF(P10:R10,"X")<>1,"FALTA/DUPLA: SIN. HORIZ.",IF(COUNTIF(S10:U10,"X")<>1,"FALTA/DUPLA: SIN. VERTICAL","OK")))))) -> OK
A11: 141ETO0110 | B11: C | C11: 2 | D11: 3 | E11: =D11-C11 -> 1 | G11: X | K11: X | N11: X | Q11: X | T11: X | W11: =IF(COUNTA(F11:U11)=0,"— não preenchido",IF(COUNTIF(F11:J11,"X")<>1,"FALTA/DUPLA: CONDIÇÃO DO PAVIMENTO",IF(COUNTIF(K11:L11,"X")<>1,"FALTA/DUPLA: VEGETAÇÃO",IF(COUNTIF(M11:O11,"X")<>1,"FALTA/DUPLA: ELEM. DE DRENAGEM",IF(COUNTIF(P11:R11,"X")<>1,"FALTA/DUPLA: SIN. HORIZ.",IF(COUNTIF(S11:U11,"X")<>1,"FALTA/DUPLA: SIN. VERTICAL","OK")))))) -> OK
A12: 141ETO0110 | B12: C | C12: 3 | D12: 4 | E12: =D12-C12 -> 1 | G12: X | K12: X | N12: X | Q12: X | T12: X | W12: =IF(COUNTA(F12:U12)=0,"— não preenchido",IF(COUNTIF(F12:J12,"X")<>1,"FALTA/DUPLA: CONDIÇÃO DO PAVIMENTO",IF(COUNTIF(K12:L12,"X")<>1,"FALTA/DUPLA: VEGETAÇÃO",IF(COUNTIF(M12:O12,"X")<>1,"FALTA/DUPLA: ELEM. DE DRENAGEM",IF(COUNTIF(P12:R12,"X")<>1,"FALTA/DUPLA: SIN. HORIZ.",IF(COUNTIF(S12:U12,"X")<>1,"FALTA/DUPLA: SIN. VERTICAL","OK")))))) -> OK
A13: 141ETO0110 | B13: C | C13: 4 | D13: 5 | E13: =D13-C13 -> 1 | G13: X | K13: X | N13: X | Q13: X | T13: X | W13: =IF(COUNTA(F13:U13)=0,"— não preenchido",IF(COUNTIF(F13:J13,"X")<>1,"FALTA/DUPLA: CONDIÇÃO DO PAVIMENTO",IF(COUNTIF(K13:L13,"X")<>1,"FALTA/DUPLA: VEGETAÇÃO",IF(COUNTIF(M13:O13,"X")<>1,"FALTA/DUPLA: ELEM. DE DRENAGEM",IF(COUNTIF(P13:R13,"X")<>1,"FALTA/DUPLA: SIN. HORIZ.",IF(COUNTIF(S13:U13,"X")<>1,"FALTA/DUPLA: SIN. VERTICAL","OK")))))) -> OK
A14: 141ETO0110 | B14: C | C14: 5 | D14: 6 | E14: =D14-C14 -> 1 | F14: X | K14: X | N14: X | Q14: X | T14: X | W14: =IF(COUNTA(F14:U14)=0,"— não preenchido",IF(COUNTIF(F14:J14,"X")<>1,"FALTA/DUPLA: CONDIÇÃO DO PAVIMENTO",IF(COUNTIF(K14:L14,"X")<>1,"FALTA/DUPLA: VEGETAÇÃO",IF(COUNTIF(M14:O14,"X")<>1,"FALTA/DUPLA: ELEM. DE DRENAGEM",IF(COUNTIF(P14:R14,"X")<>1,"FALTA/DUPLA: SIN. HORIZ.",IF(COUNTIF(S14:U14,"X")<>1,"FALTA/DUPLA: SIN. VERTICAL","OK")))))) -> OK
A15: 141ETO0110 | B15: C | C15: 6 | D15: 7 | E15: =D15-C15 -> 1 | F15: X | K15: X | N15: X | Q15: X | T15: X | W15: =IF(COUNTA(F15:U15)=0,"— não preenchido",IF(COUNTIF(F15:J15,"X")<>1,"FALTA/DUPLA: CONDIÇÃO DO PAVIMENTO",IF(COUNTIF(K15:L15,"X")<>1,"FALTA/DUPLA: VEGETAÇÃO",IF(COUNTIF(M15:O15,"X")<>1,"FALTA/DUPLA: ELEM. DE DRENAGEM",IF(COUNTIF(P15:R15,"X")<>1,"FALTA/DUPLA: SIN. HORIZ.",IF(COUNTIF(S15:U15,"X")<>1,"FALTA/DUPLA: SIN. VERTICAL","OK")))))) -> OK
A16: 141ETO0110 | B16: C | C16: 7 | D16: 8 | E16: =D16-C16 -> 1 | F16: X | K16: X | N16: X | Q16: X | T16: X | W16: =IF(COUNTA(F16:U16)=0,"— não preenchido",IF(COUNTIF(F16:J16,"X")<>1,"FALTA/DUPLA: CONDIÇÃO DO PAVIMENTO",IF(COUNTIF(K16:L16,"X")<>1,"FALTA/DUPLA: VEGETAÇÃO",IF(COUNTIF(M16:O16,"X")<>1,"FALTA/DUPLA: ELEM. DE DRENAGEM",IF(COUNTIF(P16:R16,"X")<>1,"FALTA/DUPLA: SIN. HORIZ.",IF(COUNTIF(S16:U16,"X")<>1,"FALTA/DUPLA: SIN. VERTICAL","OK")))))) -> OK
A17: 141ETO0110 | B17: C | C17: 8 | D17: 9 | E17: =D17-C17 -> 1 | F17: X | K17: X | N17: X | Q17: X | T17: X | W17: =IF(COUNTA(F17:U17)=0,"— não preenchido",IF(COUNTIF(F17:J17,"X")<>1,"FALTA/DUPLA: CONDIÇÃO DO PAVIMENTO",IF(COUNTIF(K17:L17,"X")<>1,"FALTA/DUPLA: VEGETAÇÃO",IF(COUNTIF(M17:O17,"X")<>1,"FALTA/DUPLA: ELEM. DE DRENAGEM",IF(COUNTIF(P17:R17,"X")<>1,"FALTA/DUPLA: SIN. HORIZ.",IF(COUNTIF(S17:U17,"X")<>1,"FALTA/DUPLA: SIN. VERTICAL","OK")))))) -> OK
A18: 141ETO0110 | B18: C | C18: 9 | D18: 10 | E18: =D18-C18 -> 1 | G18: X | K18: X | N18: X | Q18: X | T18: X | W18: =IF(COUNTA(F18:U18)=0,"— não preenchido",IF(COUNTIF(F18:J18,"X")<>1,"FALTA/DUPLA: CONDIÇÃO DO PAVIMENTO",IF(COUNTIF(K18:L18,"X")<>1,"FALTA/DUPLA: VEGETAÇÃO",IF(COUNTIF(M18:O18,"X")<>1,"FALTA/DUPLA: ELEM. DE DRENAGEM",IF(COUNTIF(P18:R18,"X")<>1,"FALTA/DUPLA: SIN. HORIZ.",IF(COUNTIF(S18:U18,"X")<>1,"FALTA/DUPLA: SIN. VERTICAL","OK")))))) -> OK
A19: 141ETO0110 | B19: C | C19: 10 | D19: 11 | E19: =D19-C19 -> 1 | G19: X | K19: X | N19: X | Q19: X | T19: X | W19: =IF(COUNTA(F19:U19)=0,"— não preenchido",IF(COUNTIF(F19:J19,"X")<>1,"FALTA/DUPLA: CONDIÇÃO DO PAVIMENTO",IF(COUNTIF(K19:L19,"X")<>1,"FALTA/DUPLA: VEGETAÇÃO",IF(COUNTIF(M19:O19,"X")<>1,"FALTA/DUPLA: ELEM. DE DRENAGEM",IF(COUNTIF(P19:R19,"X")<>1,"FALTA/DUPLA: SIN. HORIZ.",IF(COUNTIF(S19:U19,"X")<>1,"FALTA/DUPLA: SIN. VERTICAL","OK")))))) -> OK
A20: 141ETO0110 | B20: C | C20: 11 | D20: 12 | E20: =D20-C20 -> 1 | G20: X | K20: X | N20: X | Q20: X | T20: X | W20: =IF(COUNTA(F20:U20)=0,"— não preenchido",IF(COUNTIF(F20:J20,"X")<>1,"FALTA/DUPLA: CONDIÇÃO DO PAVIMENTO",IF(COUNTIF(K20:L20,"X")<>1,"FALTA/DUPLA: VEGETAÇÃO",IF(COUNTIF(M20:O20,"X")<>1,"FALTA/DUPLA: ELEM. DE DRENAGEM",IF(COUNTIF(P20:R20,"X")<>1,"FALTA/DUPLA: SIN. HORIZ.",IF(COUNTIF(S20:U20,"X")<>1,"FALTA/DUPLA: SIN. VERTICAL","OK")))))) -> OK
A21: 141ETO0110 | B21: C | C21: 12 | D21: 13 | E21: =D21-C21 -> 1 | G21: X | K21: X | N21: X | Q21: X | T21: X | W21: =IF(COUNTA(F21:U21)=0,"— não preenchido",IF(COUNTIF(F21:J21,"X")<>1,"FALTA/DUPLA: CONDIÇÃO DO PAVIMENTO",IF(COUNTIF(K21:L21,"X")<>1,"FALTA/DUPLA: VEGETAÇÃO",IF(COUNTIF(M21:O21,"X")<>1,"FALTA/DUPLA: ELEM. DE DRENAGEM",IF(COUNTIF(P21:R21,"X")<>1,"FALTA/DUPLA: SIN. HORIZ.",IF(COUNTIF(S21:U21,"X")<>1,"FALTA/DUPLA: SIN. VERTICAL","OK")))))) -> OK
A22: 141ETO0110 | B22: C | C22: 13 | D22: 14 | E22: =D22-C22 -> 1 | F22: X | K22: X | N22: X | Q22: X | T22: X | W22: =IF(COUNTA(F22:U22)=0,"— não preenchido",IF(COUNTIF(F22:J22,"X")<>1,"FALTA/DUPLA: CONDIÇÃO DO PAVIMENTO",IF(COUNTIF(K22:L22,"X")<>1,"FALTA/DUPLA: VEGETAÇÃO",IF(COUNTIF(M22:O22,"X")<>1,"FALTA/DUPLA: ELEM. DE DRENAGEM",IF(COUNTIF(P22:R22,"X")<>1,"FALTA/DUPLA: SIN. HORIZ.",IF(COUNTIF(S22:U22,"X")<>1,"FALTA/DUPLA: SIN. VERTICAL","OK")))))) -> OK
A23: 141ETO0110 | B23: C | C23: 14 | D23: 15 | E23: =D23-C23 -> 1 | H23: X | K23: X | N23: X | Q23: X | T23: X | W23: =IF(COUNTA(F23:U23)=0,"— não preenchido",IF(COUNTIF(F23:J23,"X")<>1,"FALTA/DUPLA: CONDIÇÃO DO PAVIMENTO",IF(COUNTIF(K23:L23,"X")<>1,"FALTA/DUPLA: VEGETAÇÃO",IF(COUNTIF(M23:O23,"X")<>1,"FALTA/DUPLA: ELEM. DE DRENAGEM",IF(COUNTIF(P23:R23,"X")<>1,"FALTA/DUPLA: SIN. HORIZ.",IF(COUNTIF(S23:U23,"X")<>1,"FALTA/DUPLA: SIN. VERTICAL","OK")))))) -> OK
A24: 141ETO0110 | B24: C | C24: 15 | D24: 16 | E24: =D24-C24 -> 1 | H24: X | K24: X | N24: X | Q24: X | T24: X | W24: =IF(COUNTA(F24:U24)=0,"— não preenchido",IF(COUNTIF(F24:J24,"X")<>1,"FALTA/DUPLA: CONDIÇÃO DO PAVIMENTO",IF(COUNTIF(K24:L24,"X")<>1,"FALTA/DUPLA: VEGETAÇÃO",IF(COUNTIF(M24:O24,"X")<>1,"FALTA/DUPLA: ELEM. DE DRENAGEM",IF(COUNTIF(P24:R24,"X")<>1,"FALTA/DUPLA: SIN. HORIZ.",IF(COUNTIF(S24:U24,"X")<>1,"FALTA/DUPLA: SIN. VERTICAL","OK")))))) -> OK
A25: 141ETO0110 | B25: C | C25: 16 | D25: 17 | E25: =D25-C25 -> 1 | H25: X | K25: X | N25: X | Q25: X | T25: X | W25: =IF(COUNTA(F25:U25)=0,"— não preenchido",IF(COUNTIF(F25:J25,"X")<>1,"FALTA/DUPLA: CONDIÇÃO DO PAVIMENTO",IF(COUNTIF(K25:L25,"X")<>1,"FALTA/DUPLA: VEGETAÇÃO",IF(COUNTIF(M25:O25,"X")<>1,"FALTA/DUPLA: ELEM. DE DRENAGEM",IF(COUNTIF(P25:R25,"X")<>1,"FALTA/DUPLA: SIN. HORIZ.",IF(COUNTIF(S25:U25,"X")<>1,"FALTA/DUPLA: SIN. VERTICAL","OK")))))) -> OK
A26: 141ETO0110 | B26: C | C26: 17 | D26: 18 | E26: =D26-C26 -> 1 | H26: X | K26: X | N26: X | Q26: X | T26: X | W26: =IF(COUNTA(F26:U26)=0,"— não preenchido",IF(COUNTIF(F26:J26,"X")<>1,"FALTA/DUPLA: CONDIÇÃO DO PAVIMENTO",IF(COUNTIF(K26:L26,"X")<>1,"FALTA/DUPLA: VEGETAÇÃO",IF(COUNTIF(M26:O26,"X")<>1,"FALTA/DUPLA: ELEM. DE DRENAGEM",IF(COUNTIF(P26:R26,"X")<>1,"FALTA/DUPLA: SIN. HORIZ.",IF(COUNTIF(S26:U26,"X")<>1,"FALTA/DUPLA: SIN. VERTICAL","OK")))))) -> OK
A27: 141ETO0110 | B27: C | C27: 18 | D27: 19 | E27: =D27-C27 -> 1 | F27: X | K27: X | N27: X | Q27: X | T27: X | W27: =IF(COUNTA(F27:U27)=0,"— não preenchido",IF(COUNTIF(F27:J27,"X")<>1,"FALTA/DUPLA: CONDIÇÃO DO PAVIMENTO",IF(COUNTIF(K27:L27,"X")<>1,"FALTA/DUPLA: VEGETAÇÃO",IF(COUNTIF(M27:O27,"X")<>1,"FALTA/DUPLA: ELEM. DE DRENAGEM",IF(COUNTIF(P27:R27,"X")<>1,"FALTA/DUPLA: SIN. HORIZ.",IF(COUNTIF(S27:U27,"X")<>1,"FALTA/DUPLA: SIN. VERTICAL","OK")))))) -> OK
A28: 141ETO0110 | B28: C | C28: 19 | D28: 20 | E28: =D28-C28 -> 1 | F28: X | K28: X | N28: X | Q28: X | T28: X | W28: =IF(COUNTA(F28:U28)=0,"— não preenchido",IF(COUNTIF(F28:J28,"X")<>1,"FALTA/DUPLA: CONDIÇÃO DO PAVIMENTO",IF(COUNTIF(K28:L28,"X")<>1,"FALTA/DUPLA: VEGETAÇÃO",IF(COUNTIF(M28:O28,"X")<>1,"FALTA/DUPLA: ELEM. DE DRENAGEM",IF(COUNTIF(P28:R28,"X")<>1,"FALTA/DUPLA: SIN. HORIZ.",IF(COUNTIF(S28:U28,"X")<>1,"FALTA/DUPLA: SIN. VERTICAL","OK")))))) -> OK
A29: 141ETO0110 | B29: C | C29: 20 | D29: 21 | E29: =D29-C29 -> 1 | F29: X | K29: X | N29: X | Q29: X | T29: X | W29: =IF(COUNTA(F29:U29)=0,"— não preenchido",IF(COUNTIF(F29:J29,"X")<>1,"FALTA/DUPLA: CONDIÇÃO DO PAVIMENTO",IF(COUNTIF(K29:L29,"X")<>1,"FALTA/DUPLA: VEGETAÇÃO",IF(COUNTIF(M29:O29,"X")<>1,"FALTA/DUPLA: ELEM. DE DRENAGEM",IF(COUNTIF(P29:R29,"X")<>1,"FALTA/DUPLA: SIN. HORIZ.",IF(COUNTIF(S29:U29,"X")<>1,"FALTA/DUPLA: SIN. VERTICAL","OK")))))) -> OK
A30: 141ETO0110 | B30: C | C30: 21 | D30: 22 | E30: =D30-C30 -> 1 | F30: X | K30: X | N30: X | Q30: X | T30: X | W30: =IF(COUNTA(F30:U30)=0,"— não preenchido",IF(COUNTIF(F30:J30,"X")<>1,"FALTA/DUPLA: CONDIÇÃO DO PAVIMENTO",IF(COUNTIF(K30:L30,"X")<>1,"FALTA/DUPLA: VEGETAÇÃO",IF(COUNTIF(M30:O30,"X")<>1,"FALTA/DUPLA: ELEM. DE DRENAGEM",IF(COUNTIF(P30:R30,"X")<>1,"FALTA/DUPLA: SIN. HORIZ.",IF(COUNTIF(S30:U30,"X")<>1,"FALTA/DUPLA: SIN. VERTICAL","OK")))))) -> OK
A31: 141ETO0110 | B31: C | C31: 22 | D31: 23 | E31: =D31-C31 -> 1 | F31: X | K31: X | N31: X | Q31: X | T31: X | W31: =IF(COUNTA(F31:U31)=0,"— não preenchido",IF(COUNTIF(F31:J31,"X")<>1,"FALTA/DUPLA: CONDIÇÃO DO PAVIMENTO",IF(COUNTIF(K31:L31,"X")<>1,"FALTA/DUPLA: VEGETAÇÃO",IF(COUNTIF(M31:O31,"X")<>1,"FALTA/DUPLA: ELEM. DE DRENAGEM",IF(COUNTIF(P31:R31,"X")<>1,"FALTA/DUPLA: SIN. HORIZ.",IF(COUNTIF(S31:U31,"X")<>1,"FALTA/DUPLA: SIN. VERTICAL","OK")))))) -> OK
A32: 141ETO0110 | B32: C | C32: 23 | D32: 24 | E32: =D32-C32 -> 1 | F32: X | K32: X | N32: X | Q32: X | T32: X | W32: =IF(COUNTA(F32:U32)=0,"— não preenchido",IF(COUNTIF(F32:J32,"X")<>1,"FALTA/DUPLA: CONDIÇÃO DO PAVIMENTO",IF(COUNTIF(K32:L32,"X")<>1,"FALTA/DUPLA: VEGETAÇÃO",IF(COUNTIF(M32:O32,"X")<>1,"FALTA/DUPLA: ELEM. DE DRENAGEM",IF(COUNTIF(P32:R32,"X")<>1,"FALTA/DUPLA: SIN. HORIZ.",IF(COUNTIF(S32:U32,"X")<>1,"FALTA/DUPLA: SIN. VERTICAL","OK")))))) -> OK
A33: 141ETO0110 | B33: C | C33: 24 | D33: 25 | E33: =D33-C33 -> 1 | F33: X | K33: X | N33: X | Q33: X | T33: X | W33: =IF(COUNTA(F33:U33)=0,"— não preenchido",IF(COUNTIF(F33:J33,"X")<>1,"FALTA/DUPLA: CONDIÇÃO DO PAVIMENTO",IF(COUNTIF(K33:L33,"X")<>1,"FALTA/DUPLA: VEGETAÇÃO",IF(COUNTIF(M33:O33,"X")<>1,"FALTA/DUPLA: ELEM. DE DRENAGEM",IF(COUNTIF(P33:R33,"X")<>1,"FALTA/DUPLA: SIN. HORIZ.",IF(COUNTIF(S33:U33,"X")<>1,"FALTA/DUPLA: SIN. VERTICAL","OK")))))) -> OK
A34: 141ETO0110 | B34: C | C34: 25 | D34: 26 | E34: =D34-C34 -> 1 | G34: X | K34: X | N34: X | Q34: X | T34: X | W34: =IF(COUNTA(F34:U34)=0,"— não preenchido",IF(COUNTIF(F34:J34,"X")<>1,"FALTA/DUPLA: CONDIÇÃO DO PAVIMENTO",IF(COUNTIF(K34:L34,"X")<>1,"FALTA/DUPLA: VEGETAÇÃO",IF(COUNTIF(M34:O34,"X")<>1,"FALTA/DUPLA: ELEM. DE DRENAGEM",IF(COUNTIF(P34:R34,"X")<>1,"FALTA/DUPLA: SIN. HORIZ.",IF(COUNTIF(S34:U34,"X")<>1,"FALTA/DUPLA: SIN. VERTICAL","OK")))))) -> OK
A35: 141ETO0110 | B35: C | C35: 26 | D35: 26.24 | E35: =D35-C35 -> 0.24 | G35: X | K35: X | N35: X | Q35: X | T35: X | W35: =IF(COUNTA(F35:U35)=0,"— não preenchido",IF(COUNTIF(F35:J35,"X")<>1,"FALTA/DUPLA: CONDIÇÃO DO PAVIMENTO",IF(COUNTIF(K35:L35,"X")<>1,"FALTA/DUPLA: VEGETAÇÃO",IF(COUNTIF(M35:O35,"X")<>1,"FALTA/DUPLA: ELEM. DE DRENAGEM",IF(COUNTIF(P35:R35,"X")<>1,"FALTA/DUPLA: SIN. HORIZ.",IF(COUNTIF(S35:U35,"X")<>1,"FALTA/DUPLA: SIN. VERTICAL","OK")))))) -> OK
A37: ____________________________________________ | G37: ____________________________________________
A38: TÉCNICO RESPONSÁVEL PELA INSPEÇÃO | G38: VISTO DA SUPERVISÃO
A40: RESUMO DO TRECHO — KM LANÇADO POR ITEM
A41: KM LANÇADO | F41: =SUMIF(F$9:F$35,"X",$E$9:$E$35) -> 13 | G41: =SUMIF(G$9:G$35,"X",$E$9:$E$35) -> 8.24 | H41: =SUMIF(H$9:H$35,"X",$E$9:$E$35) -> 5 | I41: =SUMIF(I$9:I$35,"X",$E$9:$E$35) -> 0 | J41: =SUMIF(J$9:J$35,"X",$E$9:$E$35) -> 0 | K41: =SUMIF(K$9:K$35,"X",$E$9:$E$35) -> 26.24 | L41: =SUMIF(L$9:L$35,"X",$E$9:$E$35) -> 0 | M41: =SUMIF(M$9:M$35,"X",$E$9:$E$35) -> 0 | ... U41: =SUMIF(U$9:U$35,"X",$E$9:$E$35) -> 0
A42: % DA EXTENSÃO | F42: =IF($R44=0,0,F41/$R44) -> 0.49542683 | G42: =IF($R44=0,0,G41/$R44) -> 0.31402439 | H42: =IF($R44=0,0,H41/$R44) -> 0.19054878 | I42: =IF($R44=0,0,I41/$R44) -> 0 | J42: =IF($R44=0,0,J41/$R44) -> 0 | K42: =IF($R44=0,0,K41/$R44) -> 1 | L42: =IF($R44=0,0,L41/$R44) -> 0 | M42: =IF($R44=0,0,M41/$R44) -> 0 | ... U42: =IF($R44=0,0,U41/$R44) -> 0
A43: CONFERÊNCIA POR GRUPO | F43: =IF(SUM(F41:J41)=0,"— não preenchido",IF(ROUND(SUM(F41:J41)-$R44,3)=0,"OK — "&ROUND(SUM(F41:J41),3)&" km","ERRO — dif. de "&ROUND(SUM(F41:J41)-$R44,3)&" km")) -> OK — 26,24 km | K43: =IF(SUM(K41:L41)=0,"— não preenchido",IF(ROUND(SUM(K41:L41)-$R44,3)=0,"OK — "&ROUND(SUM(K41:L41),3)&" km","ERRO — dif. de "&ROUND(SUM(K41:L41)-$R44,3)&" km")) -> OK — 26,24 km | M43: =IF(SUM(M41:O41)=0,"— não preenchido",IF(ROUND(SUM(M41:O41)-$R44,3)=0,"OK — "&ROUND(SUM(M41:O41),3)&" km","ERRO — dif. de "&ROUND(SUM(M41:O41)-$R44,3)&" km")) -> OK — 26,24 km | P43: =IF(SUM(P41:R41)=0,"— não preenchido",IF(ROUND(SUM(P41:R41)-$R44,3)=0,"OK — "&ROUND(SUM(P41:R41),3)&" km","ERRO — dif. de "&ROUND(SUM(P41:R41)-$R44,3)&" km")) -> OK — 26,24 km | S43: =IF(SUM(S41:U41)=0,"— não preenchido",IF(ROUND(SUM(S41:U41)-$R44,3)=0,"OK — "&ROUND(SUM(S41:U41),3)&" km","ERRO — dif. de "&ROUND(SUM(S41:U41)-$R44,3)&" km")) -> OK — 26,24 km
A44: EXTENSÃO TOTAL DO TRECHO | R44: =SUM(E9:E35) -> 26.24 | V44: =COUNTIF(W9:W35,"OK")&" de "&COUNT($E$9:$E$35)&" linhas conferidas" -> 27 de 27 linhas conferidas
A46: LEGENDA
A47: REM. I. / REM. L. | E47: Remendos isolados (até 10 por km) · Remendos ao longo (mais de 10 por km)
A48: BUR. I. / BUR. L. | E48: Buracos isolados (até 5 por km) · Buracos ao longo (mais de 5 por km)
A49: SIT. | E49: PPS = pista simples · PSU = simples urbana · PDU = duplicada
A50: FAIXA AZUL | E50: Cabeçalho de cada S.R.E.: descrição, situação, jurisdição, extensão e coordenada de início.
A51: INÍCIO / FIM (KM) | E51: Contados de 0 até o fim de CADA S.R.E. Não é o marco quilométrico da rodovia.
A52: SENT. | E52: C = crescente · D = decrescente
A53: FAIXA CINZA | E53: Segmento fora do escopo do contrato: você passa por ele, mas não preenche.
A54: CÉLULA VERMELHA | E54: Mais de uma X no mesmo grupo. Apague uma delas.
A55: CONFERÊNCIA | E55: Só na tela, não sai impresso. Fica OK com uma X em cada grupo.

Sheet 225
A1: PROGRAMA DE MANUTENÇÃO RODOVIÁRIA — FICHA DE INSPEÇÃO — RODOVIAS PAVIMENTADAS | Y1: Valores dos gráficos — troca 0 por N/D para a fatia não aparecer. Não editar.
A2: REGIÃO: 12 — PEIXE | G2: MÊS / ANO: | K2: DATA: | P2: TÉCNICO: | Y2: =IF(F91=0,NA(),F91) -> #N/A | Z2: =IF(G91=0,NA(),G91) -> 19 | AA2: =IF(H91=0,NA(),H91) -> 57.27813 | AB2: =IF(I91=0,NA(),I91) -> #N/A | AC2: =IF(J91=0,NA(),J91) -> #N/A | AD2: =IF(K91=0,NA(),K91) -> 76.27813 | AE2: =IF(L91=0,NA(),L91) -> #N/A | AF2: =IF(M91=0,NA(),M91) -> 6 | ... AN2: =IF(U91=0,NA(),U91) -> #N/A
A3: TRECHO 225 — RODOVIA TO-280 - TRECHO NATIVIDADE - ALMAS | T3: EXTENSÃO: 76,278 km · 1 S.R.E.
A4: COMO PREENCHER: uma X em UMA coluna de cada grupo, por linha. Se houver mais de um defeito no mesmo km, marque o PREDOMINANTE e escreva o resto em OBSERVAÇÕES. A quilometragem é contada de 0 até o fim de CADA S.R.E. (não é o marco da rodovia).
A6: S.R.E. | B6: SENT. | C6: INÍCIO (KM) | D6: FIM (KM) | E6: EXT. (KM) | F6: CONDIÇÃO DO PAVIMENTO | K6: VEGETAÇÃO | M6: ELEM. DE DRENAGEM | P6: SIN. HORIZ. | S6: SIN. VERTICAL | V6: OBSERVAÇÕES | W6: CONFERÊNCIA (só na tela)
F7: BOM | G7: REM. I. | H7: REM. L. | I7: BUR. I. | J7: BUR. L. | K7: ADEQ. | L7: INAD. | M7: LIMP. | N7: SUJO | O7: DANIF. | P7: BOM | Q7: REG. | R7: INEX. | S7: BOM | T7: POUC. | U7: INEX.
A8: S.R.E. 280ETO0150 | ENTR. TO-040 (ALMAS) - ENTR. BR-010-TO-050 | PPS · Estadual · 76.278 km · início: -11.572979, -47.185779
A9: 280ETO0150 | B9: C | C9: 0 | D9: 1 | E9: =D9-C9 -> 1 | G9: X | K9: X | M9: X | Q9: X | T9: X | W9: =IF(COUNTA(F9:U9)=0,"— não preenchido",IF(COUNTIF(F9:J9,"X")<>1,"FALTA/DUPLA: CONDIÇÃO DO PAVIMENTO",IF(COUNTIF(K9:L9,"X")<>1,"FALTA/DUPLA: VEGETAÇÃO",IF(COUNTIF(M9:O9,"X")<>1,"FALTA/DUPLA: ELEM. DE DRENAGEM",IF(COUNTIF(P9:R9,"X")<>1,"FALTA/DUPLA: SIN. HORIZ.",IF(COUNTIF(S9:U9,"X")<>1,"FALTA/DUPLA: SIN. VERTICAL","OK")))))) -> OK
A10: 280ETO0150 | B10: C | C10: 1 | D10: 2 | E10: =D10-C10 -> 1 | G10: X | K10: X | M10: X | Q10: X | T10: X | W10: =IF(COUNTA(F10:U10)=0,"— não preenchido",IF(COUNTIF(F10:J10,"X")<>1,"FALTA/DUPLA: CONDIÇÃO DO PAVIMENTO",IF(COUNTIF(K10:L10,"X")<>1,"FALTA/DUPLA: VEGETAÇÃO",IF(COUNTIF(M10:O10,"X")<>1,"FALTA/DUPLA: ELEM. DE DRENAGEM",IF(COUNTIF(P10:R10,"X")<>1,"FALTA/DUPLA: SIN. HORIZ.",IF(COUNTIF(S10:U10,"X")<>1,"FALTA/DUPLA: SIN. VERTICAL","OK")))))) -> OK
A11: 280ETO0150 | B11: C | C11: 2 | D11: 3 | E11: =D11-C11 -> 1 | H11: X | K11: X | Q11: X | T11: X | W11: =IF(COUNTA(F11:U11)=0,"— não preenchido",IF(COUNTIF(F11:J11,"X")<>1,"FALTA/DUPLA: CONDIÇÃO DO PAVIMENTO",IF(COUNTIF(K11:L11,"X")<>1,"FALTA/DUPLA: VEGETAÇÃO",IF(COUNTIF(M11:O11,"X")<>1,"FALTA/DUPLA: ELEM. DE DRENAGEM",IF(COUNTIF(P11:R11,"X")<>1,"FALTA/DUPLA: SIN. HORIZ.",IF(COUNTIF(S11:U11,"X")<>1,"FALTA/DUPLA: SIN. VERTICAL","OK")))))) -> FALTA/DUPLA: ELEM. DE DRENAGEM
A12: 280ETO0150 | B12: C | C12: 3 | D12: 4 | E12: =D12-C12 -> 1 | H12: X | K12: X | Q12: X | T12: X | W12: =IF(COUNTA(F12:U12)=0,"— não preenchido",IF(COUNTIF(F12:J12,"X")<>1,"FALTA/DUPLA: CONDIÇÃO DO PAVIMENTO",IF(COUNTIF(K12:L12,"X")<>1,"FALTA/DUPLA: VEGETAÇÃO",IF(COUNTIF(M12:O12,"X")<>1,"FALTA/DUPLA: ELEM. DE DRENAGEM",IF(COUNTIF(P12:R12,"X")<>1,"FALTA/DUPLA: SIN. HORIZ.",IF(COUNTIF(S12:U12,"X")<>1,"FALTA/DUPLA: SIN. VERTICAL","OK")))))) -> FALTA/DUPLA: ELEM. DE DRENAGEM
A13: 280ETO0150 | B13: C | C13: 4 | D13: 5 | E13: =D13-C13 -> 1 | H13: X | K13: X | M13: X | Q13: X | T13: X | W13: =IF(COUNTA(F13:U13)=0,"— não preenchido",IF(COUNTIF(F13:J13,"X")<>1,"FALTA/DUPLA: CONDIÇÃO DO PAVIMENTO",IF(COUNTIF(K13:L13,"X")<>1,"FALTA/DUPLA: VEGETAÇÃO",IF(COUNTIF(M13:O13,"X")<>1,"FALTA/DUPLA: ELEM. DE DRENAGEM",IF(COUNTIF(P13:R13,"X")<>1,"FALTA/DUPLA: SIN. HORIZ.",IF(COUNTIF(S13:U13,"X")<>1,"FALTA/DUPLA: SIN. VERTICAL","OK")))))) -> OK
A14: 280ETO0150 | B14: C | C14: 5 | D14: 6 | E14: =D14-C14 -> 1 | H14: X | K14: X | M14: X | Q14: X | T14: X | W14: =IF(COUNTA(F14:U14)=0,"— não preenchido",IF(COUNTIF(F14:J14,"X")<>1,"FALTA/DUPLA: CONDIÇÃO DO PAVIMENTO",IF(COUNTIF(K14:L14,"X")<>1,"FALTA/DUPLA: VEGETAÇÃO",IF(COUNTIF(M14:O14,"X")<>1,"FALTA/DUPLA: ELEM. DE DRENAGEM",IF(COUNTIF(P14:R14,"X")<>1,"FALTA/DUPLA: SIN. HORIZ.",IF(COUNTIF(S14:U14,"X")<>1,"FALTA/DUPLA: SIN. VERTICAL","OK")))))) -> OK
A15: 280ETO0150 | B15: C | C15: 6 | D15: 7 | E15: =D15-C15 -> 1 | H15: X | K15: X | M15: X | Q15: X | T15: X | W15: =IF(COUNTA(F15:U15)=0,"— não preenchido",IF(COUNTIF(F15:J15,"X")<>1,"FALTA/DUPLA: CONDIÇÃO DO PAVIMENTO",IF(COUNTIF(K15:L15,"X")<>1,"FALTA/DUPLA: VEGETAÇÃO",IF(COUNTIF(M15:O15,"X")<>1,"FALTA/DUPLA: ELEM. DE DRENAGEM",IF(COUNTIF(P15:R15,"X")<>1,"FALTA/DUPLA: SIN. HORIZ.",IF(COUNTIF(S15:U15,"X")<>1,"FALTA/DUPLA: SIN. VERTICAL","OK")))))) -> OK
A16: 280ETO0150 | B16: C | C16: 7 | D16: 8 | E16: =D16-C16 -> 1 | H16: X | K16: X | M16: X | Q16: X | T16: X | W16: =IF(COUNTA(F16:U16)=0,"— não preenchido",IF(COUNTIF(F16:J16,"X")<>1,"FALTA/DUPLA: CONDIÇÃO DO PAVIMENTO",IF(COUNTIF(K16:L16,"X")<>1,"FALTA/DUPLA: VEGETAÇÃO",IF(COUNTIF(M16:O16,"X")<>1,"FALTA/DUPLA: ELEM. DE DRENAGEM",IF(COUNTIF(P16:R16,"X")<>1,"FALTA/DUPLA: SIN. HORIZ.",IF(COUNTIF(S16:U16,"X")<>1,"FALTA/DUPLA: SIN. VERTICAL","OK")))))) -> OK
A17: 280ETO0150 | B17: C | C17: 8 | D17: 9 | E17: =D17-C17 -> 1 | H17: X | K17: X | N17: X | Q17: X | T17: X | W17: =IF(COUNTA(F17:U17)=0,"— não preenchido",IF(COUNTIF(F17:J17,"X")<>1,"FALTA/DUPLA: CONDIÇÃO DO PAVIMENTO",IF(COUNTIF(K17:L17,"X")<>1,"FALTA/DUPLA: VEGETAÇÃO",IF(COUNTIF(M17:O17,"X")<>1,"FALTA/DUPLA: ELEM. DE DRENAGEM",IF(COUNTIF(P17:R17,"X")<>1,"FALTA/DUPLA: SIN. HORIZ.",IF(COUNTIF(S17:U17,"X")<>1,"FALTA/DUPLA: SIN. VERTICAL","OK")))))) -> OK
A18: 280ETO0150 | B18: C | C18: 9 | D18: 10 | E18: =D18-C18 -> 1 | H18: X | K18: X | N18: X | Q18: X | T18: X | W18: =IF(COUNTA(F18:U18)=0,"— não preenchido",IF(COUNTIF(F18:J18,"X")<>1,"FALTA/DUPLA: CONDIÇÃO DO PAVIMENTO",IF(COUNTIF(K18:L18,"X")<>1,"FALTA/DUPLA: VEGETAÇÃO",IF(COUNTIF(M18:O18,"X")<>1,"FALTA/DUPLA: ELEM. DE DRENAGEM",IF(COUNTIF(P18:R18,"X")<>1,"FALTA/DUPLA: SIN. HORIZ.",IF(COUNTIF(S18:U18,"X")<>1,"FALTA/DUPLA: SIN. VERTICAL","OK")))))) -> OK
A19: 280ETO0150 | B19: C | C19: 10 | D19: 11 | E19: =D19-C19 -> 1 | H19: X | K19: X | N19: X | Q19: X | T19: X | W19: =IF(COUNTA(F19:U19)=0,"— não preenchido",IF(COUNTIF(F19:J19,"X")<>1,"FALTA/DUPLA: CONDIÇÃO DO PAVIMENTO",IF(COUNTIF(K19:L19,"X")<>1,"FALTA/DUPLA: VEGETAÇÃO",IF(COUNTIF(M19:O19,"X")<>1,"FALTA/DUPLA: ELEM. DE DRENAGEM",IF(COUNTIF(P19:R19,"X")<>1,"FALTA/DUPLA: SIN. HORIZ.",IF(COUNTIF(S19:U19,"X")<>1,"FALTA/DUPLA: SIN. VERTICAL","OK")))))) -> OK
A20: 280ETO0150 | B20: C | C20: 11 | D20: 12 | E20: =D20-C20 -> 1 | H20: X | K20: X | N20: X | Q20: X | T20: X | W20: =IF(COUNTA(F20:U20)=0,"— não preenchido",IF(COUNTIF(F20:J20,"X")<>1,"FALTA/DUPLA: CONDIÇÃO DO PAVIMENTO",IF(COUNTIF(K20:L20,"X")<>1,"FALTA/DUPLA: VEGETAÇÃO",IF(COUNTIF(M20:O20,"X")<>1,"FALTA/DUPLA: ELEM. DE DRENAGEM",IF(COUNTIF(P20:R20,"X")<>1,"FALTA/DUPLA: SIN. HORIZ.",IF(COUNTIF(S20:U20,"X")<>1,"FALTA/DUPLA: SIN. VERTICAL","OK")))))) -> OK
A21: 280ETO0150 | B21: C | C21: 12 | D21: 13 | E21: =D21-C21 -> 1 | H21: X | K21: X | N21: X | Q21: X | T21: X | W21: =IF(COUNTA(F21:U21)=0,"— não preenchido",IF(COUNTIF(F21:J21,"X")<>1,"FALTA/DUPLA: CONDIÇÃO DO PAVIMENTO",IF(COUNTIF(K21:L21,"X")<>1,"FALTA/DUPLA: VEGETAÇÃO",IF(COUNTIF(M21:O21,"X")<>1,"FALTA/DUPLA: ELEM. DE DRENAGEM",IF(COUNTIF(P21:R21,"X")<>1,"FALTA/DUPLA: SIN. HORIZ.",IF(COUNTIF(S21:U21,"X")<>1,"FALTA/DUPLA: SIN. VERTICAL","OK")))))) -> OK
A22: 280ETO0150 | B22: C | C22: 13 | D22: 14 | E22: =D22-C22 -> 1 | H22: X | K22: X | N22: X | Q22: X | T22: X | W22: =IF(COUNTA(F22:U22)=0,"— não preenchido",IF(COUNTIF(F22:J22,"X")<>1,"FALTA/DUPLA: CONDIÇÃO DO PAVIMENTO",IF(COUNTIF(K22:L22,"X")<>1,"FALTA/DUPLA: VEGETAÇÃO",IF(COUNTIF(M22:O22,"X")<>1,"FALTA/DUPLA: ELEM. DE DRENAGEM",IF(COUNTIF(P22:R22,"X")<>1,"FALTA/DUPLA: SIN. HORIZ.",IF(COUNTIF(S22:U22,"X")<>1,"FALTA/DUPLA: SIN. VERTICAL","OK")))))) -> OK
A23: 280ETO0150 | B23: C | C23: 14 | D23: 15 | E23: =D23-C23 -> 1 | H23: X | K23: X | N23: X | Q23: X | T23: X | W23: =IF(COUNTA(F23:U23)=0,"— não preenchido",IF(COUNTIF(F23:J23,"X")<>1,"FALTA/DUPLA: CONDIÇÃO DO PAVIMENTO",IF(COUNTIF(K23:L23,"X")<>1,"FALTA/DUPLA: VEGETAÇÃO",IF(COUNTIF(M23:O23,"X")<>1,"FALTA/DUPLA: ELEM. DE DRENAGEM",IF(COUNTIF(P23:R23,"X")<>1,"FALTA/DUPLA: SIN. HORIZ.",IF(COUNTIF(S23:U23,"X")<>1,"FALTA/DUPLA: SIN. VERTICAL","OK")))))) -> OK
A24: 280ETO0150 | B24: C | C24: 15 | D24: 16 | E24: =D24-C24 -> 1 | H24: X | K24: X | N24: X | Q24: X | T24: X | W24: =IF(COUNTA(F24:U24)=0,"— não preenchido",IF(COUNTIF(F24:J24,"X")<>1,"FALTA/DUPLA: CONDIÇÃO DO PAVIMENTO",IF(COUNTIF(K24:L24,"X")<>1,"FALTA/DUPLA: VEGETAÇÃO",IF(COUNTIF(M24:O24,"X")<>1,"FALTA/DUPLA: ELEM. DE DRENAGEM",IF(COUNTIF(P24:R24,"X")<>1,"FALTA/DUPLA: SIN. HORIZ.",IF(COUNTIF(S24:U24,"X")<>1,"FALTA/DUPLA: SIN. VERTICAL","OK")))))) -> OK
A25: 280ETO0150 | B25: C | C25: 16 | D25: 17 | E25: =D25-C25 -> 1 | H25: X | K25: X | N25: X | Q25: X | T25: X | W25: =IF(COUNTA(F25:U25)=0,"— não preenchido",IF(COUNTIF(F25:J25,"X")<>1,"FALTA/DUPLA: CONDIÇÃO DO PAVIMENTO",IF(COUNTIF(K25:L25,"X")<>1,"FALTA/DUPLA: VEGETAÇÃO",IF(COUNTIF(M25:O25,"X")<>1,"FALTA/DUPLA: ELEM. DE DRENAGEM",IF(COUNTIF(P25:R25,"X")<>1,"FALTA/DUPLA: SIN. HORIZ.",IF(COUNTIF(S25:U25,"X")<>1,"FALTA/DUPLA: SIN. VERTICAL","OK")))))) -> OK
A26: 280ETO0150 | B26: C | C26: 17 | D26: 18 | E26: =D26-C26 -> 1 | H26: X | K26: X | N26: X | Q26: X | T26: X | W26: =IF(COUNTA(F26:U26)=0,"— não preenchido",IF(COUNTIF(F26:J26,"X")<>1,"FALTA/DUPLA: CONDIÇÃO DO PAVIMENTO",IF(COUNTIF(K26:L26,"X")<>1,"FALTA/DUPLA: VEGETAÇÃO",IF(COUNTIF(M26:O26,"X")<>1,"FALTA/DUPLA: ELEM. DE DRENAGEM",IF(COUNTIF(P26:R26,"X")<>1,"FALTA/DUPLA: SIN. HORIZ.",IF(COUNTIF(S26:U26,"X")<>1,"FALTA/DUPLA: SIN. VERTICAL","OK")))))) -> OK
A27: 280ETO0150 | B27: C | C27: 18 | D27: 19 | E27: =D27-C27 -> 1 | H27: X | K27: X | N27: X | Q27: X | T27: X | W27: =IF(COUNTA(F27:U27)=0,"— não preenchido",IF(COUNTIF(F27:J27,"X")<>1,"FALTA/DUPLA: CONDIÇÃO DO PAVIMENTO",IF(COUNTIF(K27:L27,"X")<>1,"FALTA/DUPLA: VEGETAÇÃO",IF(COUNTIF(M27:O27,"X")<>1,"FALTA/DUPLA: ELEM. DE DRENAGEM",IF(COUNTIF(P27:R27,"X")<>1,"FALTA/DUPLA: SIN. HORIZ.",IF(COUNTIF(S27:U27,"X")<>1,"FALTA/DUPLA: SIN. VERTICAL","OK")))))) -> OK
A28: 280ETO0150 | B28: C | C28: 19 | D28: 20 | E28: =D28-C28 -> 1 | H28: X | K28: X | N28: X | Q28: X | T28: X | W28: =IF(COUNTA(F28:U28)=0,"— não preenchido",IF(COUNTIF(F28:J28,"X")<>1,"FALTA/DUPLA: CONDIÇÃO DO PAVIMENTO",IF(COUNTIF(K28:L28,"X")<>1,"FALTA/DUPLA: VEGETAÇÃO",IF(COUNTIF(M28:O28,"X")<>1,"FALTA/DUPLA: ELEM. DE DRENAGEM",IF(COUNTIF(P28:R28,"X")<>1,"FALTA/DUPLA: SIN. HORIZ.",IF(COUNTIF(S28:U28,"X")<>1,"FALTA/DUPLA: SIN. VERTICAL","OK")))))) -> OK
... A31: 280ETO0150 | B31: C | C31: 22 | D31: 23 | E31: =D31-C31 -> 1 | H31: X | K31: X | N31: X | Q31: X | T31: X | W31: =IF(COUNTA(F31:U31)=0,"— não preenchido",IF(COUNTIF(F31:J31,"X")<>1,"FALTA/DUPLA: CONDIÇÃO DO PAVIMENTO",IF(COUNTIF(K31:L31,"X")<>1,"FALTA/DUPLA: VEGETAÇÃO",IF(COUNTIF(M31:O31,"X")<>1,"FALTA/DUPLA: ELEM. DE DRENAGEM",IF(COUNTIF(P31:R31,"X")<>1,"FALTA/DUPLA: SIN. HORIZ.",IF(COUNTIF(S31:U31,"X")<>1,"FALTA/DUPLA: SIN. VERTICAL","OK")))))) -> OK
A32: 280ETO0150 | B32: C | C32: 23 | D32: 24 | E32: =D32-C32 -> 1 | G32: X | K32: X | Q32: X | T32: X | W32: =IF(COUNTA(F32:U32)=0,"— não preenchido",IF(COUNTIF(F32:J32,"X")<>1,"FALTA/DUPLA: CONDIÇÃO DO PAVIMENTO",IF(COUNTIF(K32:L32,"X")<>1,"FALTA/DUPLA: VEGETAÇÃO",IF(COUNTIF(M32:O32,"X")<>1,"FALTA/DUPLA: ELEM. DE DRENAGEM",IF(COUNTIF(P32:R32,"X")<>1,"FALTA/DUPLA: SIN. HORIZ.",IF(COUNTIF(S32:U32,"X")<>1,"FALTA/DUPLA: SIN. VERTICAL","OK")))))) -> FALTA/DUPLA: ELEM. DE DRENAGEM
A33: 280ETO0150 | B33: C | C33: 24 | D33: 25 | E33: =D33-C33 -> 1 | G33: X | K33: X | Q33: X | T33: X | W33: =IF(COUNTA(F33:U33)=0,"— não preenchido",IF(COUNTIF(F33:J33,"X")<>1,"FALTA/DUPLA: CONDIÇÃO DO PAVIMENTO",IF(COUNTIF(K33:L33,"X")<>1,"FALTA/DUPLA: VEGETAÇÃO",IF(COUNTIF(M33:O33,"X")<>1,"FALTA/DUPLA: ELEM. DE DRENAGEM",IF(COUNTIF(P33:R33,"X")<>1,"FALTA/DUPLA: SIN. HORIZ.",IF(COUNTIF(S33:U33,"X")<>1,"FALTA/DUPLA: SIN. VERTICAL","OK")))))) -> FALTA/DUPLA: ELEM. DE DRENAGEM
A34: 280ETO0150 | B34: C | C34: 25 | D34: 26 | E34: =D34-C34 -> 1 | G34: X | K34: X | Q34: X | T34: X | W34: =IF(COUNTA(F34:U34)=0,"— não preenchido",IF(COUNTIF(F34:J34,"X")<>1,"FALTA/DUPLA: CONDIÇÃO DO PAVIMENTO",IF(COUNTIF(K34:L34,"X")<>1,"FALTA/DUPLA: VEGETAÇÃO",IF(COUNTIF(M34:O34,"X")<>1,"FALTA/DUPLA: ELEM. DE DRENAGEM",IF(COUNTIF(P34:R34,"X")<>1,"FALTA/DUPLA: SIN. HORIZ.",IF(COUNTIF(S34:U34,"X")<>1,"FALTA/DUPLA: SIN. VERTICAL","OK")))))) -> FALTA/DUPLA: ELEM. DE DRENAGEM
A35: 280ETO0150 | B35: C | C35: 26 | D35: 27 | E35: =D35-C35 -> 1 | G35: X | K35: X | Q35: X | T35: X | W35: =IF(COUNTA(F35:U35)=0,"— não preenchido",IF(COUNTIF(F35:J35,"X")<>1,"FALTA/DUPLA: CONDIÇÃO DO PAVIMENTO",IF(COUNTIF(K35:L35,"X")<>1,"FALTA/DUPLA: VEGETAÇÃO",IF(COUNTIF(M35:O35,"X")<>1,"FALTA/DUPLA: ELEM. DE DRENAGEM",IF(COUNTIF(P35:R35,"X")<>1,"FALTA/DUPLA: SIN. HORIZ.",IF(COUNTIF(S35:U35,"X")<>1,"FALTA/DUPLA: SIN. VERTICAL","OK")))))) -> FALTA/DUPLA: ELEM. DE DRENAGEM
A36: 280ETO0150 | B36: C | C36: 27 | D36: 28 | E36: =D36-C36 -> 1 | G36: X | K36: X | Q36: X | T36: X | W36: =IF(COUNTA(F36:U36)=0,"— não preenchido",IF(COUNTIF(F36:J36,"X")<>1,"FALTA/DUPLA: CONDIÇÃO DO PAVIMENTO",IF(COUNTIF(K36:L36,"X")<>1,"FALTA/DUPLA: VEGETAÇÃO",IF(COUNTIF(M36:O36,"X")<>1,"FALTA/DUPLA: ELEM. DE DRENAGEM",IF(COUNTIF(P36:R36,"X")<>1,"FALTA/DUPLA: SIN. HORIZ.",IF(COUNTIF(S36:U36,"X")<>1,"FALTA/DUPLA: SIN. VERTICAL","OK")))))) -> FALTA/DUPLA: ELEM. DE DRENAGEM
A37: 280ETO0150 | B37: C | C37: 28 | D37: 29 | E37: =D37-C37 -> 1 | G37: X | K37: X | Q37: X | T37: X | W37: =IF(COUNTA(F37:U37)=0,"— não preenchido",IF(COUNTIF(F37:J37,"X")<>1,"FALTA/DUPLA: CONDIÇÃO DO PAVIMENTO",IF(COUNTIF(K37:L37,"X")<>1,"FALTA/DUPLA: VEGETAÇÃO",IF(COUNTIF(M37:O37,"X")<>1,"FALTA/DUPLA: ELEM. DE DRENAGEM",IF(COUNTIF(P37:R37,"X")<>1,"FALTA/DUPLA: SIN. HORIZ.",IF(COUNTIF(S37:U37,"X")<>1,"FALTA/DUPLA: SIN. VERTICAL","OK")))))) -> FALTA/DUPLA: ELEM. DE DRENAGEM
A38: 280ETO0150 | B38: C | C38: 29 | D38: 30 | E38: =D38-C38 -> 1 | G38: X | K38: X | Q38: X | T38: X | W38: =IF(COUNTA(F38:U38)=0,"— não preenchido",IF(COUNTIF(F38:J38,"X")<>1,"FALTA/DUPLA: CONDIÇÃO DO PAVIMENTO",IF(COUNTIF(K38:L38,"X")<>1,"FALTA/DUPLA: VEGETAÇÃO",IF(COUNTIF(M38:O38,"X")<>1,"FALTA/DUPLA: ELEM. DE DRENAGEM",IF(COUNTIF(P38:R38,"X")<>1,"FALTA/DUPLA: SIN. HORIZ.",IF(COUNTIF(S38:U38,"X")<>1,"FALTA/DUPLA: SIN. VERTICAL","OK")))))) -> FALTA/DUPLA: ELEM. DE DRENAGEM
A39: 280ETO0150 | B39: C | C39: 30 | D39: 31 | E39: =D39-C39 -> 1 | G39: X | K39: X | Q39: X | T39: X | W39: =IF(COUNTA(F39:U39)=0,"— não preenchido",IF(COUNTIF(F39:J39,"X")<>1,"FALTA/DUPLA: CONDIÇÃO DO PAVIMENTO",IF(COUNTIF(K39:L39,"X")<>1,"FALTA/DUPLA: VEGETAÇÃO",IF(COUNTIF(M39:O39,"X")<>1,"FALTA/DUPLA: ELEM. DE DRENAGEM",IF(COUNTIF(P39:R39,"X")<>1,"FALTA/DUPLA: SIN. HORIZ.",IF(COUNTIF(S39:U39,"X")<>1,"FALTA/DUPLA: SIN. VERTICAL","OK")))))) -> FALTA/DUPLA: ELEM. DE DRENAGEM
A40: 280ETO0150 | B40: C | C40: 31 | D40: 32 | E40: =D40-C40 -> 1 | H40: X | K40: X | Q40: X | T40: X | W40: =IF(COUNTA(F40:U40)=0,"— não preenchido",IF(COUNTIF(F40:J40,"X")<>1,"FALTA/DUPLA: CONDIÇÃO DO PAVIMENTO",IF(COUNTIF(K40:L40,"X")<>1,"FALTA/DUPLA: VEGETAÇÃO",IF(COUNTIF(M40:O40,"X")<>1,"FALTA/DUPLA: ELEM. DE DRENAGEM",IF(COUNTIF(P40:R40,"X")<>1,"FALTA/DUPLA: SIN. HORIZ.",IF(COUNTIF(S40:U40,"X")<>1,"FALTA/DUPLA: SIN. VERTICAL","OK")))))) -> FALTA/DUPLA: ELEM. DE DRENAGEM
A41: 280ETO0150 | B41: C | C41: 32 | D41: 33 | E41: =D41-C41 -> 1 | G41: X | K41: X | Q41: X | T41: X | W41: =IF(COUNTA(F41:U41)=0,"— não preenchido",IF(COUNTIF(F41:J41,"X")<>1,"FALTA/DUPLA: CONDIÇÃO DO PAVIMENTO",IF(COUNTIF(K41:L41,"X")<>1,"FALTA/DUPLA: VEGETAÇÃO",IF(COUNTIF(M41:O41,"X")<>1,"FALTA/DUPLA: ELEM. DE DRENAGEM",IF(COUNTIF(P41:R41,"X")<>1,"FALTA/DUPLA: SIN. HORIZ.",IF(COUNTIF(S41:U41,"X")<>1,"FALTA/DUPLA: SIN. VERTICAL","OK")))))) -> FALTA/DUPLA: ELEM. DE DRENAGEM
A42: 280ETO0150 | B42: C | C42: 33 | D42: 34 | E42: =D42-C42 -> 1 | G42: X | K42: X | Q42: X | T42: X | W42: =IF(COUNTA(F42:U42)=0,"— não preenchido",IF(COUNTIF(F42:J42,"X")<>1,"FALTA/DUPLA: CONDIÇÃO DO PAVIMENTO",IF(COUNTIF(K42:L42,"X")<>1,"FALTA/DUPLA: VEGETAÇÃO",IF(COUNTIF(M42:O42,"X")<>1,"FALTA/DUPLA: ELEM. DE DRENAGEM",IF(COUNTIF(P42:R42,"X")<>1,"FALTA/DUPLA: SIN. HORIZ.",IF(COUNTIF(S42:U42,"X")<>1,"FALTA/DUPLA: SIN. VERTICAL","OK")))))) -> FALTA/DUPLA: ELEM. DE DRENAGEM
A43: 280ETO0150 | B43: C | C43: 34 | D43: 35 | E43: =D43-C43 -> 1 | H43: X | K43: X | N43: X | Q43: X | T43: X | W43: =IF(COUNTA(F43:U43)=0,"— não preenchido",IF(COUNTIF(F43:J43,"X")<>1,"FALTA/DUPLA: CONDIÇÃO DO PAVIMENTO",IF(COUNTIF(K43:L43,"X")<>1,"FALTA/DUPLA: VEGETAÇÃO",IF(COUNTIF(M43:O43,"X")<>1,"FALTA/DUPLA: ELEM. DE DRENAGEM",IF(COUNTIF(P43:R43,"X")<>1,"FALTA/DUPLA: SIN. HORIZ.",IF(COUNTIF(S43:U43,"X")<>1,"FALTA/DUPLA: SIN. VERTICAL","OK")))))) -> OK
A44: 280ETO0150 | B44: C | C44: 35 | D44: 36 | E44: =D44-C44 -> 1 | H44: X | K44: X | N44: X | Q44: X | T44: X | W44: =IF(COUNTA(F44:U44)=0,"— não preenchido",IF(COUNTIF(F44:J44,"X")<>1,"FALTA/DUPLA: CONDIÇÃO DO PAVIMENTO",IF(COUNTIF(K44:L44,"X")<>1,"FALTA/DUPLA: VEGETAÇÃO",IF(COUNTIF(M44:O44,"X")<>1,"FALTA/DUPLA: ELEM. DE DRENAGEM",IF(COUNTIF(P44:R44,"X")<>1,"FALTA/DUPLA: SIN. HORIZ.",IF(COUNTIF(S44:U44,"X")<>1,"FALTA/DUPLA: SIN. VERTICAL","OK")))))) -> OK
A45: 280ETO0150 | B45: C | C45: 36 | D45: 37 | E45: =D45-C45 -> 1 | H45: X | K45: X | N45: X | Q45: X | T45: X | W45: =IF(COUNTA(F45:U45)=0,"— não preenchido",IF(COUNTIF(F45:J45,"X")<>1,"FALTA/DUPLA: CONDIÇÃO DO PAVIMENTO",IF(COUNTIF(K45:L45,"X")<>1,"FALTA/DUPLA: VEGETAÇÃO",IF(COUNTIF(M45:O45,"X")<>1,"FALTA/DUPLA: ELEM. DE DRENAGEM",IF(COUNTIF(P45:R45,"X")<>1,"FALTA/DUPLA: SIN. HORIZ.",IF(COUNTIF(S45:U45,"X")<>1,"FALTA/DUPLA: SIN. VERTICAL","OK")))))) -> OK
A46: 280ETO0150 | B46: C | C46: 37 | D46: 38 | E46: =D46-C46 -> 1 | H46: X | K46: X | N46: X | Q46: X | T46: X | W46: =IF(COUNTA(F46:U46)=0,"— não preenchido",IF(COUNTIF(F46:J46,"X")<>1,"FALTA/DUPLA: CONDIÇÃO DO PAVIMENTO",IF(COUNTIF(K46:L46,"X")<>1,"FALTA/DUPLA: VEGETAÇÃO",IF(COUNTIF(M46:O46,"X")<>1,"FALTA/DUPLA: ELEM. DE DRENAGEM",IF(COUNTIF(P46:R46,"X")<>1,"FALTA/DUPLA: SIN. HORIZ.",IF(COUNTIF(S46:U46,"X")<>1,"FALTA/DUPLA: SIN. VERTICAL","OK")))))) -> OK
A47: 280ETO0150 | B47: C | C47: 38 | D47: 39 | E47: =D47-C47 -> 1 | H47: X | K47: X | N47: X | Q47: X | T47: X | W47: =IF(COUNTA(F47:U47)=0,"— não preenchido",IF(COUNTIF(F47:J47,"X")<>1,"FALTA/DUPLA: CONDIÇÃO DO PAVIMENTO",IF(COUNTIF(K47:L47,"X")<>1,"FALTA/DUPLA: VEGETAÇÃO",IF(COUNTIF(M47:O47,"X")<>1,"FALTA/DUPLA: ELEM. DE DRENAGEM",IF(COUNTIF(P47:R47,"X")<>1,"FALTA/DUPLA: SIN. HORIZ.",IF(COUNTIF(S47:U47,"X")<>1,"FALTA/DUPLA: SIN. VERTICAL","OK")))))) -> OK
A48: 280ETO0150 | B48: C | C48: 39 | D48: 40 | E48: =D48-C48 -> 1 | H48: X | K48: X | N48: X | Q48: X | T48: X | W48: =IF(COUNTA(F48:U48)=0,"— não preenchido",IF(COUNTIF(F48:J48,"X")<>1,"FALTA/DUPLA: CONDIÇÃO DO PAVIMENTO",IF(COUNTIF(K48:L48,"X")<>1,"FALTA/DUPLA: VEGETAÇÃO",IF(COUNTIF(M48:O48,"X")<>1,"FALTA/DUPLA: ELEM. DE DRENAGEM",IF(COUNTIF(P48:R48,"X")<>1,"FALTA/DUPLA: SIN. HORIZ.",IF(COUNTIF(S48:U48,"X")<>1,"FALTA/DUPLA: SIN. VERTICAL","OK")))))) -> OK
A49: 280ETO0150 | B49: C | C49: 40 | D49: 41 | E49: =D49-C49 -> 1 | H49: X | K49: X | N49: X | Q49: X | T49: X | W49: =IF(COUNTA(F49:U49)=0,"— não preenchido",IF(COUNTIF(F49:J49,"X")<>1,"FALTA/DUPLA: CONDIÇÃO DO PAVIMENTO",IF(COUNTIF(K49:L49,"X")<>1,"FALTA/DUPLA: VEGETAÇÃO",IF(COUNTIF(M49:O49,"X")<>1,"FALTA/DUPLA: ELEM. DE DRENAGEM",IF(COUNTIF(P49:R49,"X")<>1,"FALTA/DUPLA: SIN. HORIZ.",IF(COUNTIF(S49:U49,"X")<>1,"FALTA/DUPLA: SIN. VERTICAL","OK")))))) -> OK
A50: 280ETO0150 | B50: C | C50: 41 | D50: 42 | E50: =D50-C50 -> 1 | H50: X | K50: X | N50: X | Q50: X | T50: X | W50: =IF(COUNTA(F50:U50)=0,"— não preenchido",IF(COUNTIF(F50:J50,"X")<>1,"FALTA/DUPLA: CONDIÇÃO DO PAVIMENTO",IF(COUNTIF(K50:L50,"X")<>1,"FALTA/DUPLA: VEGETAÇÃO",IF(COUNTIF(M50:O50,"X")<>1,"FALTA/DUPLA: ELEM. DE DRENAGEM",IF(COUNTIF(P50:R50,"X")<>1,"FALTA/DUPLA: SIN. HORIZ.",IF(COUNTIF(S50:U50,"X")<>1,"FALTA/DUPLA: SIN. VERTICAL","OK")))))) -> OK
A51: 280ETO0150 | B51: C | C51: 42 | D51: 43 | E51: =D51-C51 -> 1 | H51: X | K51: X | N51: X | Q51: X | T51: X | W51: =IF(COUNTA(F51:U51)=0,"— não preenchido",IF(COUNTIF(F51:J51,"X")<>1,"FALTA/DUPLA: CONDIÇÃO DO PAVIMENTO",IF(COUNTIF(K51:L51,"X")<>1,"FALTA/DUPLA: VEGETAÇÃO",IF(COUNTIF(M51:O51,"X")<>1,"FALTA/DUPLA: ELEM. DE DRENAGEM",IF(COUNTIF(P51:R51,"X")<>1,"FALTA/DUPLA: SIN. HORIZ.",IF(COUNTIF(S51:U51,"X")<>1,"FALTA/DUPLA: SIN. VERTICAL","OK")))))) -> OK
A52: 280ETO0150 | B52: C | C52: 43 | D52: 44 | E52: =D52-C52 -> 1 | H52: X | K52: X | N52: X | Q52: X | T52: X | W52: =IF(COUNTA(F52:U52)=0,"— não preenchido",IF(COUNTIF(F52:J52,"X")<>1,"FALTA/DUPLA: CONDIÇÃO DO PAVIMENTO",IF(COUNTIF(K52:L52,"X")<>1,"FALTA/DUPLA: VEGETAÇÃO",IF(COUNTIF(M52:O52,"X")<>1,"FALTA/DUPLA: ELEM. DE DRENAGEM",IF(COUNTIF(P52:R52,"X")<>1,"FALTA/DUPLA: SIN. HORIZ.",IF(COUNTIF(S52:U52,"X")<>1,"FALTA/DUPLA: SIN. VERTICAL","OK")))))) -> OK
A53: 280ETO0150 | B53: C | C53: 44 | D53: 45 | E53: =D53-C53 -> 1 | H53: X | K53: X | N53: X | Q53: X | T53: X | W53: =IF(COUNTA(F53:U53)=0,"— não preenchido",IF(COUNTIF(F53:J53,"X")<>1,"FALTA/DUPLA: CONDIÇÃO DO PAVIMENTO",IF(COUNTIF(K53:L53,"X")<>1,"FALTA/DUPLA: VEGETAÇÃO",IF(COUNTIF(M53:O53,"X")<>1,"FALTA/DUPLA: ELEM. DE DRENAGEM",IF(COUNTIF(P53:R53,"X")<>1,"FALTA/DUPLA: SIN. HORIZ.",IF(COUNTIF(S53:U53,"X")<>1,"FALTA/DUPLA: SIN. VERTICAL","OK")))))) -> OK
A54: 280ETO0150 | B54: C | C54: 45 | D54: 46 | E54: =D54-C54 -> 1 | H54: X | K54: X | N54: X | Q54: X | T54: X | W54: =IF(COUNTA(F54:U54)=0,"— não preenchido",IF(COUNTIF(F54:J54,"X")<>1,"FALTA/DUPLA: CONDIÇÃO DO PAVIMENTO",IF(COUNTIF(K54:L54,"X")<>1,"FALTA/DUPLA: VEGETAÇÃO",IF(COUNTIF(M54:O54,"X")<>1,"FALTA/DUPLA: ELEM. DE DRENAGEM",IF(COUNTIF(P54:R54,"X")<>1,"FALTA/DUPLA: SIN. HORIZ.",IF(COUNTIF(S54:U54,"X")<>1,"FALTA/DUPLA: SIN. VERTICAL","OK")))))) -> OK
... A60: 280ETO0150 | B60: C | C60: 51 | D60: 52 | E60: =D60-C60 -> 1 | H60: X | K60: X | N60: X | Q60: X | T60: X | W60: =IF(COUNTA(F60:U60)=0,"— não preenchido",IF(COUNTIF(F60:J60,"X")<>1,"FALTA/DUPLA: CONDIÇÃO DO PAVIMENTO",IF(COUNTIF(K60:L60,"X")<>1,"FALTA/DUPLA: VEGETAÇÃO",IF(COUNTIF(M60:O60,"X")<>1,"FALTA/DUPLA: ELEM. DE DRENAGEM",IF(COUNTIF(P60:R60,"X")<>1,"FALTA/DUPLA: SIN. HORIZ.",IF(COUNTIF(S60:U60,"X")<>1,"FALTA/DUPLA: SIN. VERTICAL","OK")))))) -> OK
A61: 280ETO0150 | B61: C | C61: 52 | D61: 53 | E61: =D61-C61 -> 1 | G61: X | K61: X | N61: X | Q61: X | T61: X | W61: =IF(COUNTA(F61:U61)=0,"— não preenchido",IF(COUNTIF(F61:J61,"X")<>1,"FALTA/DUPLA: CONDIÇÃO DO PAVIMENTO",IF(COUNTIF(K61:L61,"X")<>1,"FALTA/DUPLA: VEGETAÇÃO",IF(COUNTIF(M61:O61,"X")<>1,"FALTA/DUPLA: ELEM. DE DRENAGEM",IF(COUNTIF(P61:R61,"X")<>1,"FALTA/DUPLA: SIN. HORIZ.",IF(COUNTIF(S61:U61,"X")<>1,"FALTA/DUPLA: SIN. VERTICAL","OK")))))) -> OK
A62: 280ETO0150 | B62: C | C62: 53 | D62: 54 | E62: =D62-C62 -> 1 | H62: X | K62: X | N62: X | Q62: X | T62: X | W62: =IF(COUNTA(F62:U62)=0,"— não preenchido",IF(COUNTIF(F62:J62,"X")<>1,"FALTA/DUPLA: CONDIÇÃO DO PAVIMENTO",IF(COUNTIF(K62:L62,"X")<>1,"FALTA/DUPLA: VEGETAÇÃO",IF(COUNTIF(M62:O62,"X")<>1,"FALTA/DUPLA: ELEM. DE DRENAGEM",IF(COUNTIF(P62:R62,"X")<>1,"FALTA/DUPLA: SIN. HORIZ.",IF(COUNTIF(S62:U62,"X")<>1,"FALTA/DUPLA: SIN. VERTICAL","OK")))))) -> OK
A63: 280ETO0150 | B63: C | C63: 54 | D63: 55 | E63: =D63-C63 -> 1 | H63: X | K63: X | N63: X | Q63: X | T63: X | W63: =IF(COUNTA(F63:U63)=0,"— não preenchido",IF(COUNTIF(F63:J63,"X")<>1,"FALTA/DUPLA: CONDIÇÃO DO PAVIMENTO",IF(COUNTIF(K63:L63,"X")<>1,"FALTA/DUPLA: VEGETAÇÃO",IF(COUNTIF(M63:O63,"X")<>1,"FALTA/DUPLA: ELEM. DE DRENAGEM",IF(COUNTIF(P63:R63,"X")<>1,"FALTA/DUPLA: SIN. HORIZ.",IF(COUNTIF(S63:U63,"X")<>1,"FALTA/DUPLA: SIN. VERTICAL","OK")))))) -> OK
A64: 280ETO0150 | B64: C | C64: 55 | D64: 56 | E64: =D64-C64 -> 1 | H64: X | K64: X | N64: X | Q64: X | T64: X | W64: =IF(COUNTA(F64:U64)=0,"— não preenchido",IF(COUNTIF(F64:J64,"X")<>1,"FALTA/DUPLA: CONDIÇÃO DO PAVIMENTO",IF(COUNTIF(K64:L64,"X")<>1,"FALTA/DUPLA: VEGETAÇÃO",IF(COUNTIF(M64:O64,"X")<>1,"FALTA/DUPLA: ELEM. DE DRENAGEM",IF(COUNTIF(P64:R64,"X")<>1,"FALTA/DUPLA: SIN. HORIZ.",IF(COUNTIF(S64:U64,"X")<>1,"FALTA/DUPLA: SIN. VERTICAL","OK")))))) -> OK
A65: 280ETO0150 | B65: C | C65: 56 | D65: 57 | E65: =D65-C65 -> 1 | H65: X | K65: X | N65: X | Q65: X | T65: X | W65: =IF(COUNTA(F65:U65)=0,"— não preenchido",IF(COUNTIF(F65:J65,"X")<>1,"FALTA/DUPLA: CONDIÇÃO DO PAVIMENTO",IF(COUNTIF(K65:L65,"X")<>1,"FALTA/DUPLA: VEGETAÇÃO",IF(COUNTIF(M65:O65,"X")<>1,"FALTA/DUPLA: ELEM. DE DRENAGEM",IF(COUNTIF(P65:R65,"X")<>1,"FALTA/DUPLA: SIN. HORIZ.",IF(COUNTIF(S65:U65,"X")<>1,"FALTA/DUPLA: SIN. VERTICAL","OK")))))) -> OK
A66: 280ETO0150 | B66: C | C66: 57 | D66: 58 | E66: =D66-C66 -> 1 | H66: X | K66: X | N66: X | Q66: X | T66: X | W66: =IF(COUNTA(F66:U66)=0,"— não preenchido",IF(COUNTIF(F66:J66,"X")<>1,"FALTA/DUPLA: CONDIÇÃO DO PAVIMENTO",IF(COUNTIF(K66:L66,"X")<>1,"FALTA/DUPLA: VEGETAÇÃO",IF(COUNTIF(M66:O66,"X")<>1,"FALTA/DUPLA: ELEM. DE DRENAGEM",IF(COUNTIF(P66:R66,"X")<>1,"FALTA/DUPLA: SIN. HORIZ.",IF(COUNTIF(S66:U66,"X")<>1,"FALTA/DUPLA: SIN. VERTICAL","OK")))))) -> OK
A67: 280ETO0150 | B67: C | C67: 58 | D67: 59 | E67: =D67-C67 -> 1 | H67: X | K67: X | N67: X | Q67: X | T67: X | W67: =IF(COUNTA(F67:U67)=0,"— não preenchido",IF(COUNTIF(F67:J67,"X")<>1,"FALTA/DUPLA: CONDIÇÃO DO PAVIMENTO",IF(COUNTIF(K67:L67,"X")<>1,"FALTA/DUPLA: VEGETAÇÃO",IF(COUNTIF(M67:O67,"X")<>1,"FALTA/DUPLA: ELEM. DE DRENAGEM",IF(COUNTIF(P67:R67,"X")<>1,"FALTA/DUPLA: SIN. HORIZ.",IF(COUNTIF(S67:U67,"X")<>1,"FALTA/DUPLA: SIN. VERTICAL","OK")))))) -> OK
A68: 280ETO0150 | B68: C | C68: 59 | D68: 60 | E68: =D68-C68 -> 1 | H68: X | K68: X | N68: X | Q68: X | T68: X | W68: =IF(COUNTA(F68:U68)=0,"— não preenchido",IF(COUNTIF(F68:J68,"X")<>1,"FALTA/DUPLA: CONDIÇÃO DO PAVIMENTO",IF(COUNTIF(K68:L68,"X")<>1,"FALTA/DUPLA: VEGETAÇÃO",IF(COUNTIF(M68:O68,"X")<>1,"FALTA/DUPLA: ELEM. DE DRENAGEM",IF(COUNTIF(P68:R68,"X")<>1,"FALTA/DUPLA: SIN. HORIZ.",IF(COUNTIF(S68:U68,"X")<>1,"FALTA/DUPLA: SIN. VERTICAL","OK")))))) -> OK
A69: 280ETO0150 | B69: C | C69: 60 | D69: 61 | E69: =D69-C69 -> 1 | H69: X | K69: X | N69: X | Q69: X | T69: X | W69: =IF(COUNTA(F69:U69)=0,"— não preenchido",IF(COUNTIF(F69:J69,"X")<>1,"FALTA/DUPLA: CONDIÇÃO DO PAVIMENTO",IF(COUNTIF(K69:L69,"X")<>1,"FALTA/DUPLA: VEGETAÇÃO",IF(COUNTIF(M69:O69,"X")<>1,"FALTA/DUPLA: ELEM. DE DRENAGEM",IF(COUNTIF(P69:R69,"X")<>1,"FALTA/DUPLA: SIN. HORIZ.",IF(COUNTIF(S69:U69,"X")<>1,"FALTA/DUPLA: SIN. VERTICAL","OK")))))) -> OK
A70: 280ETO0150 | B70: C | C70: 61 | D70: 62 | E70: =D70-C70 -> 1 | H70: X | K70: X | N70: X | Q70: X | T70: X | W70: =IF(COUNTA(F70:U70)=0,"— não preenchido",IF(COUNTIF(F70:J70,"X")<>1,"FALTA/DUPLA: CONDIÇÃO DO PAVIMENTO",IF(COUNTIF(K70:L70,"X")<>1,"FALTA/DUPLA: VEGETAÇÃO",IF(COUNTIF(M70:O70,"X")<>1,"FALTA/DUPLA: ELEM. DE DRENAGEM",IF(COUNTIF(P70:R70,"X")<>1,"FALTA/DUPLA: SIN. HORIZ.",IF(COUNTIF(S70:U70,"X")<>1,"FALTA/DUPLA: SIN. VERTICAL","OK")))))) -> OK
A71: 280ETO0150 | B71: C | C71: 62 | D71: 63 | E71: =D71-C71 -> 1 | H71: X | K71: X | N71: X | Q71: X | T71: X | W71: =IF(COUNTA(F71:U71)=0,"— não preenchido",IF(COUNTIF(F71:J71,"X")<>1,"FALTA/DUPLA: CONDIÇÃO DO PAVIMENTO",IF(COUNTIF(K71:L71,"X")<>1,"FALTA/DUPLA: VEGETAÇÃO",IF(COUNTIF(M71:O71,"X")<>1,"FALTA/DUPLA: ELEM. DE DRENAGEM",IF(COUNTIF(P71:R71,"X")<>1,"FALTA/DUPLA: SIN. HORIZ.",IF(COUNTIF(S71:U71,"X")<>1,"FALTA/DUPLA: SIN. VERTICAL","OK")))))) -> OK
A72: 280ETO0150 | B72: C | C72: 63 | D72: 64 | E72: =D72-C72 -> 1 | H72: X | K72: X | N72: X | Q72: X | T72: X | W72: =IF(COUNTA(F72:U72)=0,"— não preenchido",IF(COUNTIF(F72:J72,"X")<>1,"FALTA/DUPLA: CONDIÇÃO DO PAVIMENTO",IF(COUNTIF(K72:L72,"X")<>1,"FALTA/DUPLA: VEGETAÇÃO",IF(COUNTIF(M72:O72,"X")<>1,"FALTA/DUPLA: ELEM. DE DRENAGEM",IF(COUNTIF(P72:R72,"X")<>1,"FALTA/DUPLA: SIN. HORIZ.",IF(COUNTIF(S72:U72,"X")<>1,"FALTA/DUPLA: SIN. VERTICAL","OK")))))) -> OK
A73: 280ETO0150 | B73: C | C73: 64 | D73: 65 | E73: =D73-C73 -> 1 | H73: X | K73: X | N73: X | Q73: X | T73: X | W73: =IF(COUNTA(F73:U73)=0,"— não preenchido",IF(COUNTIF(F73:J73,"X")<>1,"FALTA/DUPLA: CONDIÇÃO DO PAVIMENTO",IF(COUNTIF(K73:L73,"X")<>1,"FALTA/DUPLA: VEGETAÇÃO",IF(COUNTIF(M73:O73,"X")<>1,"FALTA/DUPLA: ELEM. DE DRENAGEM",IF(COUNTIF(P73:R73,"X")<>1,"FALTA/DUPLA: SIN. HORIZ.",IF(COUNTIF(S73:U73,"X")<>1,"FALTA/DUPLA: SIN. VERTICAL","OK")))))) -> OK
A74: 280ETO0150 | B74: C | C74: 65 | D74: 66 | E74: =D74-C74 -> 1 | G74: X | K74: X | Q74: X | T74: X | W74: =IF(COUNTA(F74:U74)=0,"— não preenchido",IF(COUNTIF(F74:J74,"X")<>1,"FALTA/DUPLA: CONDIÇÃO DO PAVIMENTO",IF(COUNTIF(K74:L74,"X")<>1,"FALTA/DUPLA: VEGETAÇÃO",IF(COUNTIF(M74:O74,"X")<>1,"FALTA/DUPLA: ELEM. DE DRENAGEM",IF(COUNTIF(P74:R74,"X")<>1,"FALTA/DUPLA: SIN. HORIZ.",IF(COUNTIF(S74:U74,"X")<>1,"FALTA/DUPLA: SIN. VERTICAL","OK")))))) -> FALTA/DUPLA: ELEM. DE DRENAGEM
A75: 280ETO0150 | B75: C | C75: 66 | D75: 67 | E75: =D75-C75 -> 1 | G75: X | K75: X | Q75: X | T75: X | W75: =IF(COUNTA(F75:U75)=0,"— não preenchido",IF(COUNTIF(F75:J75,"X")<>1,"FALTA/DUPLA: CONDIÇÃO DO PAVIMENTO",IF(COUNTIF(K75:L75,"X")<>1,"FALTA/DUPLA: VEGETAÇÃO",IF(COUNTIF(M75:O75,"X")<>1,"FALTA/DUPLA: ELEM. DE DRENAGEM",IF(COUNTIF(P75:R75,"X")<>1,"FALTA/DUPLA: SIN. HORIZ.",IF(COUNTIF(S75:U75,"X")<>1,"FALTA/DUPLA: SIN. VERTICAL","OK")))))) -> FALTA/DUPLA: ELEM. DE DRENAGEM
A76: 280ETO0150 | B76: C | C76: 67 | D76: 68 | E76: =D76-C76 -> 1 | H76: X | K76: X | Q76: X | T76: X | W76: =IF(COUNTA(F76:U76)=0,"— não preenchido",IF(COUNTIF(F76:J76,"X")<>1,"FALTA/DUPLA: CONDIÇÃO DO PAVIMENTO",IF(COUNTIF(K76:L76,"X")<>1,"FALTA/DUPLA: VEGETAÇÃO",IF(COUNTIF(M76:O76,"X")<>1,"FALTA/DUPLA: ELEM. DE DRENAGEM",IF(COUNTIF(P76:R76,"X")<>1,"FALTA/DUPLA: SIN. HORIZ.",IF(COUNTIF(S76:U76,"X")<>1,"FALTA/DUPLA: SIN. VERTICAL","OK")))))) -> FALTA/DUPLA: ELEM. DE DRENAGEM
A77: 280ETO0150 | B77: C | C77: 68 | D77: 69 | E77: =D77-C77 -> 1 | G77: X | K77: X | Q77: X | T77: X | W77: =IF(COUNTA(F77:U77)=0,"— não preenchido",IF(COUNTIF(F77:J77,"X")<>1,"FALTA/DUPLA: CONDIÇÃO DO PAVIMENTO",IF(COUNTIF(K77:L77,"X")<>1,"FALTA/DUPLA: VEGETAÇÃO",IF(COUNTIF(M77:O77,"X")<>1,"FALTA/DUPLA: ELEM. DE DRENAGEM",IF(COUNTIF(P77:R77,"X")<>1,"FALTA/DUPLA: SIN. HORIZ.",IF(COUNTIF(S77:U77,"X")<>1,"FALTA/DUPLA: SIN. VERTICAL","OK")))))) -> FALTA/DUPLA: ELEM. DE DRENAGEM
A78: 280ETO0150 | B78: C | C78: 69 | D78: 70 | E78: =D78-C78 -> 1 | G78: X | K78: X | Q78: X | T78: X | W78: =IF(COUNTA(F78:U78)=0,"— não preenchido",IF(COUNTIF(F78:J78,"X")<>1,"FALTA/DUPLA: CONDIÇÃO DO PAVIMENTO",IF(COUNTIF(K78:L78,"X")<>1,"FALTA/DUPLA: VEGETAÇÃO",IF(COUNTIF(M78:O78,"X")<>1,"FALTA/DUPLA: ELEM. DE DRENAGEM",IF(COUNTIF(P78:R78,"X")<>1,"FALTA/DUPLA: SIN. HORIZ.",IF(COUNTIF(S78:U78,"X")<>1,"FALTA/DUPLA: SIN. VERTICAL","OK")))))) -> FALTA/DUPLA: ELEM. DE DRENAGEM
A79: 280ETO0150 | B79: C | C79: 70 | D79: 71 | E79: =D79-C79 -> 1 | G79: X | K79: X | Q79: X | T79: X | W79: =IF(COUNTA(F79:U79)=0,"— não preenchido",IF(COUNTIF(F79:J79,"X")<>1,"FALTA/DUPLA: CONDIÇÃO DO PAVIMENTO",IF(COUNTIF(K79:L79,"X")<>1,"FALTA/DUPLA: VEGETAÇÃO",IF(COUNTIF(M79:O79,"X")<>1,"FALTA/DUPLA: ELEM. DE DRENAGEM",IF(COUNTIF(P79:R79,"X")<>1,"FALTA/DUPLA: SIN. HORIZ.",IF(COUNTIF(S79:U79,"X")<>1,"FALTA/DUPLA: SIN. VERTICAL","OK")))))) -> FALTA/DUPLA: ELEM. DE DRENAGEM
A80: 280ETO0150 | B80: C | C80: 71 | D80: 72 | E80: =D80-C80 -> 1 | G80: X | K80: X | Q80: X | T80: X | W80: =IF(COUNTA(F80:U80)=0,"— não preenchido",IF(COUNTIF(F80:J80,"X")<>1,"FALTA/DUPLA: CONDIÇÃO DO PAVIMENTO",IF(COUNTIF(K80:L80,"X")<>1,"FALTA/DUPLA: VEGETAÇÃO",IF(COUNTIF(M80:O80,"X")<>1,"FALTA/DUPLA: ELEM. DE DRENAGEM",IF(COUNTIF(P80:R80,"X")<>1,"FALTA/DUPLA: SIN. HORIZ.",IF(COUNTIF(S80:U80,"X")<>1,"FALTA/DUPLA: SIN. VERTICAL","OK")))))) -> FALTA/DUPLA: ELEM. DE DRENAGEM
A81: 280ETO0150 | B81: C | C81: 72 | D81: 73 | E81: =D81-C81 -> 1 | H81: X | K81: X | Q81: X | T81: X | W81: =IF(COUNTA(F81:U81)=0,"— não preenchido",IF(COUNTIF(F81:J81,"X")<>1,"FALTA/DUPLA: CONDIÇÃO DO PAVIMENTO",IF(COUNTIF(K81:L81,"X")<>1,"FALTA/DUPLA: VEGETAÇÃO",IF(COUNTIF(M81:O81,"X")<>1,"FALTA/DUPLA: ELEM. DE DRENAGEM",IF(COUNTIF(P81:R81,"X")<>1,"FALTA/DUPLA: SIN. HORIZ.",IF(COUNTIF(S81:U81,"X")<>1,"FALTA/DUPLA: SIN. VERTICAL","OK")))))) -> FALTA/DUPLA: ELEM. DE DRENAGEM
A82: 280ETO0150 | B82: C | C82: 73 | D82: 74 | E82: =D82-C82 -> 1 | H82: X | K82: X | Q82: X | T82: X | W82: =IF(COUNTA(F82:U82)=0,"— não preenchido",IF(COUNTIF(F82:J82,"X")<>1,"FALTA/DUPLA: CONDIÇÃO DO PAVIMENTO",IF(COUNTIF(K82:L82,"X")<>1,"FALTA/DUPLA: VEGETAÇÃO",IF(COUNTIF(M82:O82,"X")<>1,"FALTA/DUPLA: ELEM. DE DRENAGEM",IF(COUNTIF(P82:R82,"X")<>1,"FALTA/DUPLA: SIN. HORIZ.",IF(COUNTIF(S82:U82,"X")<>1,"FALTA/DUPLA: SIN. VERTICAL","OK")))))) -> FALTA/DUPLA: ELEM. DE DRENAGEM
A83: 280ETO0150 | B83: C | C83: 74 | D83: 75 | E83: =D83-C83 -> 1 | H83: X | K83: X | Q83: X | T83: X | W83: =IF(COUNTA(F83:U83)=0,"— não preenchido",IF(COUNTIF(F83:J83,"X")<>1,"FALTA/DUPLA: CONDIÇÃO DO PAVIMENTO",IF(COUNTIF(K83:L83,"X")<>1,"FALTA/DUPLA: VEGETAÇÃO",IF(COUNTIF(M83:O83,"X")<>1,"FALTA/DUPLA: ELEM. DE DRENAGEM",IF(COUNTIF(P83:R83,"X")<>1,"FALTA/DUPLA: SIN. HORIZ.",IF(COUNTIF(S83:U83,"X")<>1,"FALTA/DUPLA: SIN. VERTICAL","OK")))))) -> FALTA/DUPLA: ELEM. DE DRENAGEM
A84: 280ETO0150 | B84: C | C84: 75 | D84: 76 | E84: =D84-C84 -> 1 | H84: X | K84: X | Q84: X | T84: X | W84: =IF(COUNTA(F84:U84)=0,"— não preenchido",IF(COUNTIF(F84:J84,"X")<>1,"FALTA/DUPLA: CONDIÇÃO DO PAVIMENTO",IF(COUNTIF(K84:L84,"X")<>1,"FALTA/DUPLA: VEGETAÇÃO",IF(COUNTIF(M84:O84,"X")<>1,"FALTA/DUPLA: ELEM. DE DRENAGEM",IF(COUNTIF(P84:R84,"X")<>1,"FALTA/DUPLA: SIN. HORIZ.",IF(COUNTIF(S84:U84,"X")<>1,"FALTA/DUPLA: SIN. VERTICAL","OK")))))) -> FALTA/DUPLA: ELEM. DE DRENAGEM
A85: 280ETO0150 | B85: C | C85: 76 | D85: 76.27813 | E85: =D85-C85 -> 0.27813004 | H85: X | K85: X | Q85: X | T85: X | W85: =IF(COUNTA(F85:U85)=0,"— não preenchido",IF(COUNTIF(F85:J85,"X")<>1,"FALTA/DUPLA: CONDIÇÃO DO PAVIMENTO",IF(COUNTIF(K85:L85,"X")<>1,"FALTA/DUPLA: VEGETAÇÃO",IF(COUNTIF(M85:O85,"X")<>1,"FALTA/DUPLA: ELEM. DE DRENAGEM",IF(COUNTIF(P85:R85,"X")<>1,"FALTA/DUPLA: SIN. HORIZ.",IF(COUNTIF(S85:U85,"X")<>1,"FALTA/DUPLA: SIN. VERTICAL","OK")))))) -> FALTA/DUPLA: ELEM. DE DRENAGEM
A87: ____________________________________________ | G87: ____________________________________________
A88: TÉCNICO RESPONSÁVEL PELA INSPEÇÃO | G88: VISTO DA SUPERVISÃO
A90: RESUMO DO TRECHO — KM LANÇADO POR ITEM
A91: KM LANÇADO | F91: =SUMIF(F$9:F$85,"X",$E$9:$E$85) -> 0 | G91: =SUMIF(G$9:G$85,"X",$E$9:$E$85) -> 19 | H91: =SUMIF(H$9:H$85,"X",$E$9:$E$85) -> 57.27813 | I91: =SUMIF(I$9:I$85,"X",$E$9:$E$85) -> 0 | J91: =SUMIF(J$9:J$85,"X",$E$9:$E$85) -> 0 | K91: =SUMIF(K$9:K$85,"X",$E$9:$E$85) -> 76.27813 | L91: =SUMIF(L$9:L$85,"X",$E$9:$E$85) -> 0 | M91: =SUMIF(M$9:M$85,"X",$E$9:$E$85) -> 6 | ... U91: =SUMIF(U$9:U$85,"X",$E$9:$E$85) -> 0
A92: % DA EXTENSÃO | F92: =IF($R94=0,0,F91/$R94) -> 0 | G92: =IF($R94=0,0,G91/$R94) -> 0.24908843 | H92: =IF($R94=0,0,H91/$R94) -> 0.75091157 | I92: =IF($R94=0,0,I91/$R94) -> 0 | J92: =IF($R94=0,0,J91/$R94) -> 0 | K92: =IF($R94=0,0,K91/$R94) -> 1 | L92: =IF($R94=0,0,L91/$R94) -> 0 | M92: =IF($R94=0,0,M91/$R94) -> 0.078659506 | ... U92: =IF($R94=0,0,U91/$R94) -> 0
A93: CONFERÊNCIA POR GRUPO | F93: =IF(SUM(F91:J91)=0,"— não preenchido",IF(ROUND(SUM(F91:J91)-$R94,3)=0,"OK — "&ROUND(SUM(F91:J91),3)&" km","ERRO — dif. de "&ROUND(SUM(F91:J91)-$R94,3)&" km")) -> OK — 76,278 km | K93: =IF(SUM(K91:L91)=0,"— não preenchido",IF(ROUND(SUM(K91:L91)-$R94,3)=0,"OK — "&ROUND(SUM(K91:L91),3)&" km","ERRO — dif. de "&ROUND(SUM(K91:L91)-$R94,3)&" km")) -> OK — 76,278 km | M93: =IF(SUM(M91:O91)=0,"— não preenchido",IF(ROUND(SUM(M91:O91)-$R94,3)=0,"OK — "&ROUND(SUM(M91:O91),3)&" km","ERRO — dif. de "&ROUND(SUM(M91:O91)-$R94,3)&" km")) -> ERRO — dif. de -24,278 km | P93: =IF(SUM(P91:R91)=0,"— não preenchido",IF(ROUND(SUM(P91:R91)-$R94,3)=0,"OK — "&ROUND(SUM(P91:R91),3)&" km","ERRO — dif. de "&ROUND(SUM(P91:R91)-$R94,3)&" km")) -> OK — 76,278 km | S93: =IF(SUM(S91:U91)=0,"— não preenchido",IF(ROUND(SUM(S91:U91)-$R94,3)=0,"OK — "&ROUND(SUM(S91:U91),3)&" km","ERRO — dif. de "&ROUND(SUM(S91:U91)-$R94,3)&" km")) -> OK — 76,278 km
A94: EXTENSÃO TOTAL DO TRECHO | R94: =SUM(E9:E85) -> 76.27813 | V94: =COUNTIF(W9:W85,"OK")&" de "&COUNT($E$9:$E$85)&" linhas conferidas" -> 52 de 77 linhas conferidas
A96: LEGENDA
A97: REM. I. / REM. L. | E97: Remendos isolados (até 10 por km) · Remendos ao longo (mais de 10 por km)
A98: BUR. I. / BUR. L. | E98: Buracos isolados (até 5 por km) · Buracos ao longo (mais de 5 por km)
A99: SIT. | E99: PPS = pista simples · PSU = simples urbana · PDU = duplicada
A100: FAIXA AZUL | E100: Cabeçalho de cada S.R.E.: descrição, situação, jurisdição, extensão e coordenada de início.
A101: INÍCIO / FIM (KM) | E101: Contados de 0 até o fim de CADA S.R.E. Não é o marco quilométrico da rodovia.
A102: SENT. | E102: C = crescente · D = decrescente
A103: FAIXA CINZA | E103: Segmento fora do escopo do contrato: você passa por ele, mas não preenche.
A104: CÉLULA VERMELHA | E104: Mais de uma X no mesmo grupo. Apague uma delas.
A105: CONFERÊNCIA | E105: Só na tela, não sai impresso. Fica OK com uma X em cada grupo.

Sheet 226
A1: PROGRAMA DE MANUTENÇÃO RODOVIÁRIA — FICHA DE INSPEÇÃO — RODOVIAS PAVIMENTADAS | Y1: Valores dos gráficos — troca 0 por N/D para a fatia não aparecer. Não editar.
A2: REGIÃO: 12 — PEIXE | G2: MÊS / ANO: | K2: DATA: | P2: TÉCNICO: | Y2: =IF(F82=0,NA(),F82) -> #N/A | Z2: =IF(G82=0,NA(),G82) -> 27.103955 | AA2: =IF(H82=0,NA(),H82) -> 37.926658 | AB2: =IF(I82=0,NA(),I82) -> #N/A | AC2: =IF(J82=0,NA(),J82) -> #N/A | AD2: =IF(K82=0,NA(),K82) -> 65.030612 | AE2: =IF(L82=0,NA(),L82) -> #N/A | AF2: =IF(M82=0,NA(),M82) -> 13.591541 | ... AN2: =IF(U82=0,NA(),U82) -> #N/A
A3: TRECHO 226 — RODOVIA TO-280 - TRECHO SÃO VALÉRIO DE NATIVIDADE - NATIVIDADE | T3: EXTENSÃO: 65,031 km · 3 S.R.E.
A4: COMO PREENCHER: uma X em UMA coluna de cada grupo, por linha. Se houver mais de um defeito no mesmo km, marque o PREDOMINANTE e escreva o resto em OBSERVAÇÕES. A quilometragem é contada de 0 até o fim de CADA S.R.E. (não é o marco da rodovia).
A6: S.R.E. | B6: SENT. | C6: INÍCIO (KM) | D6: FIM (KM) | E6: EXT. (KM) | F6: CONDIÇÃO DO PAVIMENTO | K6: VEGETAÇÃO | M6: ELEM. DE DRENAGEM | P6: SIN. HORIZ. | S6: SIN. VERTICAL | V6: OBSERVAÇÕES | W6: CONFERÊNCIA (só na tela)
F7: BOM | G7: REM. I. | H7: REM. L. | I7: BUR. I. | J7: BUR. L. | K7: ADEQ. | L7: INAD. | M7: LIMP. | N7: SUJO | O7: DANIF. | P7: BOM | Q7: REG. | R7: INEX. | S7: BOM | T7: POUC. | U7: INEX.
A8: S.R.E. 280ETO0175 | ENTR.TO-050 - BR-010 (NATIVIDADE ACESSO SUL) - ENTR. TO-486 | PPS · Estadual · 3.592 km · início: -11.715129, -47.74155
A9: 280ETO0175 | B9: C | C9: 0 | D9: 1 | E9: =D9-C9 -> 1 | H9: X | K9: X | Q9: X | T9: X | W9: =IF(COUNTA(F9:U9)=0,"— não preenchido",IF(COUNTIF(F9:J9,"X")<>1,"FALTA/DUPLA: CONDIÇÃO DO PAVIMENTO",IF(COUNTIF(K9:L9,"X")<>1,"FALTA/DUPLA: VEGETAÇÃO",IF(COUNTIF(M9:O9,"X")<>1,"FALTA/DUPLA: ELEM. DE DRENAGEM",IF(COUNTIF(P9:R9,"X")<>1,"FALTA/DUPLA: SIN. HORIZ.",IF(COUNTIF(S9:U9,"X")<>1,"FALTA/DUPLA: SIN. VERTICAL","OK")))))) -> FALTA/DUPLA: ELEM. DE DRENAGEM
A10: 280ETO0175 | B10: C | C10: 1 | D10: 2 | E10: =D10-C10 -> 1 | H10: X | K10: X | Q10: X | T10: X | W10: =IF(COUNTA(F10:U10)=0,"— não preenchido",IF(COUNTIF(F10:J10,"X")<>1,"FALTA/DUPLA: CONDIÇÃO DO PAVIMENTO",IF(COUNTIF(K10:L10,"X")<>1,"FALTA/DUPLA: VEGETAÇÃO",IF(COUNTIF(M10:O10,"X")<>1,"FALTA/DUPLA: ELEM. DE DRENAGEM",IF(COUNTIF(P10:R10,"X")<>1,"FALTA/DUPLA: SIN. HORIZ.",IF(COUNTIF(S10:U10,"X")<>1,"FALTA/DUPLA: SIN. VERTICAL","OK")))))) -> FALTA/DUPLA: ELEM. DE DRENAGEM
A11: 280ETO0175 | B11: C | C11: 2 | D11: 3 | E11: =D11-C11 -> 1 | G11: X | K11: X | M11: X | Q11: X | T11: X | W11: =IF(COUNTA(F11:U11)=0,"— não preenchido",IF(COUNTIF(F11:J11,"X")<>1,"FALTA/DUPLA: CONDIÇÃO DO PAVIMENTO",IF(COUNTIF(K11:L11,"X")<>1,"FALTA/DUPLA: VEGETAÇÃO",IF(COUNTIF(M11:O11,"X")<>1,"FALTA/DUPLA: ELEM. DE DRENAGEM",IF(COUNTIF(P11:R11,"X")<>1,"FALTA/DUPLA: SIN. HORIZ.",IF(COUNTIF(S11:U11,"X")<>1,"FALTA/DUPLA: SIN. VERTICAL","OK")))))) -> OK
A12: 280ETO0175 | B12: C | C12: 3 | D12: 3.5915409 | E12: =D12-C12 -> 0.59154086 | G12: X | K12: X | M12: X | Q12: X | T12: X | W12: =IF(COUNTA(F12:U12)=0,"— não preenchido",IF(COUNTIF(F12:J12,"X")<>1,"FALTA/DUPLA: CONDIÇÃO DO PAVIMENTO",IF(COUNTIF(K12:L12,"X")<>1,"FALTA/DUPLA: VEGETAÇÃO",IF(COUNTIF(M12:O12,"X")<>1,"FALTA/DUPLA: ELEM. DE DRENAGEM",IF(COUNTIF(P12:R12,"X")<>1,"FALTA/DUPLA: SIN. HORIZ.",IF(COUNTIF(S12:U12,"X")<>1,"FALTA/DUPLA: SIN. VERTICAL","OK")))))) -> OK
A13: S.R.E. 280ETO0180 | ENTR. TO-486 - ENTR. TO-482 | PPS · Estadual · 52.927 km · início: -11.721811, -47.762698
A14: 280ETO0180 | B14: C | C14: 0 | D14: 1 | E14: =D14-C14 -> 1 | G14: X | K14: X | Q14: X | T14: X | W14: =IF(COUNTA(F14:U14)=0,"— não preenchido",IF(COUNTIF(F14:J14,"X")<>1,"FALTA/DUPLA: CONDIÇÃO DO PAVIMENTO",IF(COUNTIF(K14:L14,"X")<>1,"FALTA/DUPLA: VEGETAÇÃO",IF(COUNTIF(M14:O14,"X")<>1,"FALTA/DUPLA: ELEM. DE DRENAGEM",IF(COUNTIF(P14:R14,"X")<>1,"FALTA/DUPLA: SIN. HORIZ.",IF(COUNTIF(S14:U14,"X")<>1,"FALTA/DUPLA: SIN. VERTICAL","OK")))))) -> FALTA/DUPLA: ELEM. DE DRENAGEM
A15: 280ETO0180 | B15: C | C15: 1 | D15: 2 | E15: =D15-C15 -> 1 | H15: X | K15: X | N15: X | Q15: X | T15: X | W15: =IF(COUNTA(F15:U15)=0,"— não preenchido",IF(COUNTIF(F15:J15,"X")<>1,"FALTA/DUPLA: CONDIÇÃO DO PAVIMENTO",IF(COUNTIF(K15:L15,"X")<>1,"FALTA/DUPLA: VEGETAÇÃO",IF(COUNTIF(M15:O15,"X")<>1,"FALTA/DUPLA: ELEM. DE DRENAGEM",IF(COUNTIF(P15:R15,"X")<>1,"FALTA/DUPLA: SIN. HORIZ.",IF(COUNTIF(S15:U15,"X")<>1,"FALTA/DUPLA: SIN. VERTICAL","OK")))))) -> OK
A16: 280ETO0180 | B16: C | C16: 2 | D16: 3 | E16: =D16-C16 -> 1 | H16: X | K16: X | N16: X | Q16: X | T16: X | W16: =IF(COUNTA(F16:U16)=0,"— não preenchido",IF(COUNTIF(F16:J16,"X")<>1,"FALTA/DUPLA: CONDIÇÃO DO PAVIMENTO",IF(COUNTIF(K16:L16,"X")<>1,"FALTA/DUPLA: VEGETAÇÃO",IF(COUNTIF(M16:O16,"X")<>1,"FALTA/DUPLA: ELEM. DE DRENAGEM",IF(COUNTIF(P16:R16,"X")<>1,"FALTA/DUPLA: SIN. HORIZ.",IF(COUNTIF(S16:U16,"X")<>1,"FALTA/DUPLA: SIN. VERTICAL","OK")))))) -> OK
A17: 280ETO0180 | B17: C | C17: 3 | D17: 4 | E17: =D17-C17 -> 1 | H17: X | K17: X | N17: X | Q17: X | T17: X | W17: =IF(COUNTA(F17:U17)=0,"— não preenchido",IF(COUNTIF(F17:J17,"X")<>1,"FALTA/DUPLA: CONDIÇÃO DO PAVIMENTO",IF(COUNTIF(K17:L17,"X")<>1,"FALTA/DUPLA: VEGETAÇÃO",IF(COUNTIF(M17:O17,"X")<>1,"FALTA/DUPLA: ELEM. DE DRENAGEM",IF(COUNTIF(P17:R17,"X")<>1,"FALTA/DUPLA: SIN. HORIZ.",IF(COUNTIF(S17:U17,"X")<>1,"FALTA/DUPLA: SIN. VERTICAL","OK")))))) -> OK
A18: 280ETO0180 | B18: C | C18: 4 | D18: 5 | E18: =D18-C18 -> 1 | H18: X | K18: X | N18: X | Q18: X | T18: X | W18: =IF(COUNTA(F18:U18)=0,"— não preenchido",IF(COUNTIF(F18:J18,"X")<>1,"FALTA/DUPLA: CONDIÇÃO DO PAVIMENTO",IF(COUNTIF(K18:L18,"X")<>1,"FALTA/DUPLA: VEGETAÇÃO",IF(COUNTIF(M18:O18,"X")<>1,"FALTA/DUPLA: ELEM. DE DRENAGEM",IF(COUNTIF(P18:R18,"X")<>1,"FALTA/DUPLA: SIN. HORIZ.",IF(COUNTIF(S18:U18,"X")<>1,"FALTA/DUPLA: SIN. VERTICAL","OK")))))) -> OK
A19: 280ETO0180 | B19: C | C19: 5 | D19: 6 | E19: =D19-C19 -> 1 | G19: X | K19: X | Q19: X | T19: X | W19: =IF(COUNTA(F19:U19)=0,"— não preenchido",IF(COUNTIF(F19:J19,"X")<>1,"FALTA/DUPLA: CONDIÇÃO DO PAVIMENTO",IF(COUNTIF(K19:L19,"X")<>1,"FALTA/DUPLA: VEGETAÇÃO",IF(COUNTIF(M19:O19,"X")<>1,"FALTA/DUPLA: ELEM. DE DRENAGEM",IF(COUNTIF(P19:R19,"X")<>1,"FALTA/DUPLA: SIN. HORIZ.",IF(COUNTIF(S19:U19,"X")<>1,"FALTA/DUPLA: SIN. VERTICAL","OK")))))) -> FALTA/DUPLA: ELEM. DE DRENAGEM
A20: 280ETO0180 | B20: C | C20: 6 | D20: 7 | E20: =D20-C20 -> 1 | G20: X | K20: X | Q20: X | T20: X | W20: =IF(COUNTA(F20:U20)=0,"— não preenchido",IF(COUNTIF(F20:J20,"X")<>1,"FALTA/DUPLA: CONDIÇÃO DO PAVIMENTO",IF(COUNTIF(K20:L20,"X")<>1,"FALTA/DUPLA: VEGETAÇÃO",IF(COUNTIF(M20:O20,"X")<>1,"FALTA/DUPLA: ELEM. DE DRENAGEM",IF(COUNTIF(P20:R20,"X")<>1,"FALTA/DUPLA: SIN. HORIZ.",IF(COUNTIF(S20:U20,"X")<>1,"FALTA/DUPLA: SIN. VERTICAL","OK")))))) -> FALTA/DUPLA: ELEM. DE DRENAGEM
A21: 280ETO0180 | B21: C | C21: 7 | D21: 8 | E21: =D21-C21 -> 1 | G21: X | K21: X | Q21: X | T21: X | W21: =IF(COUNTA(F21:U21)=0,"— não preenchido",IF(COUNTIF(F21:J21,"X")<>1,"FALTA/DUPLA: CONDIÇÃO DO PAVIMENTO",IF(COUNTIF(K21:L21,"X")<>1,"FALTA/DUPLA: VEGETAÇÃO",IF(COUNTIF(M21:O21,"X")<>1,"FALTA/DUPLA: ELEM. DE DRENAGEM",IF(COUNTIF(P21:R21,"X")<>1,"FALTA/DUPLA: SIN. HORIZ.",IF(COUNTIF(S21:U21,"X")<>1,"FALTA/DUPLA: SIN. VERTICAL","OK")))))) -> FALTA/DUPLA: ELEM. DE DRENAGEM
A22: 280ETO0180 | B22: C | C22: 8 | D22: 9 | E22: =D22-C22 -> 1 | G22: X | K22: X | Q22: X | T22: X | W22: =IF(COUNTA(F22:U22)=0,"— não preenchido",IF(COUNTIF(F22:J22,"X")<>1,"FALTA/DUPLA: CONDIÇÃO DO PAVIMENTO",IF(COUNTIF(K22:L22,"X")<>1,"FALTA/DUPLA: VEGETAÇÃO",IF(COUNTIF(M22:O22,"X")<>1,"FALTA/DUPLA: ELEM. DE DRENAGEM",IF(COUNTIF(P22:R22,"X")<>1,"FALTA/DUPLA: SIN. HORIZ.",IF(COUNTIF(S22:U22,"X")<>1,"FALTA/DUPLA: SIN. VERTICAL","OK")))))) -> FALTA/DUPLA: ELEM. DE DRENAGEM
A23: 280ETO0180 | B23: C | C23: 9 | D23: 10 | E23: =D23-C23 -> 1 | H23: X | K23: X | M23: X | Q23: X | T23: X | W23: =IF(COUNTA(F23:U23)=0,"— não preenchido",IF(COUNTIF(F23:J23,"X")<>1,"FALTA/DUPLA: CONDIÇÃO DO PAVIMENTO",IF(COUNTIF(K23:L23,"X")<>1,"FALTA/DUPLA: VEGETAÇÃO",IF(COUNTIF(M23:O23,"X")<>1,"FALTA/DUPLA: ELEM. DE DRENAGEM",IF(COUNTIF(P23:R23,"X")<>1,"FALTA/DUPLA: SIN. HORIZ.",IF(COUNTIF(S23:U23,"X")<>1,"FALTA/DUPLA: SIN. VERTICAL","OK")))))) -> OK
A24: 280ETO0180 | B24: C | C24: 10 | D24: 11 | E24: =D24-C24 -> 1 | H24: X | K24: X | M24: X | Q24: X | T24: X | W24: =IF(COUNTA(F24:U24)=0,"— não preenchido",IF(COUNTIF(F24:J24,"X")<>1,"FALTA/DUPLA: CONDIÇÃO DO PAVIMENTO",IF(COUNTIF(K24:L24,"X")<>1,"FALTA/DUPLA: VEGETAÇÃO",IF(COUNTIF(M24:O24,"X")<>1,"FALTA/DUPLA: ELEM. DE DRENAGEM",IF(COUNTIF(P24:R24,"X")<>1,"FALTA/DUPLA: SIN. HORIZ.",IF(COUNTIF(S24:U24,"X")<>1,"FALTA/DUPLA: SIN. VERTICAL","OK")))))) -> OK
A25: 280ETO0180 | B25: C | C25: 11 | D25: 12 | E25: =D25-C25 -> 1 | H25: X | K25: X | M25: X | Q25: X | T25: X | W25: =IF(COUNTA(F25:U25)=0,"— não preenchido",IF(COUNTIF(F25:J25,"X")<>1,"FALTA/DUPLA: CONDIÇÃO DO PAVIMENTO",IF(COUNTIF(K25:L25,"X")<>1,"FALTA/DUPLA: VEGETAÇÃO",IF(COUNTIF(M25:O25,"X")<>1,"FALTA/DUPLA: ELEM. DE DRENAGEM",IF(COUNTIF(P25:R25,"X")<>1,"FALTA/DUPLA: SIN. HORIZ.",IF(COUNTIF(S25:U25,"X")<>1,"FALTA/DUPLA: SIN. VERTICAL","OK")))))) -> OK
A26: 280ETO0180 | B26: C | C26: 12 | D26: 13 | E26: =D26-C26 -> 1 | H26: X | K26: X | M26: X | Q26: X | T26: X | W26: =IF(COUNTA(F26:U26)=0,"— não preenchido",IF(COUNTIF(F26:J26,"X")<>1,"FALTA/DUPLA: CONDIÇÃO DO PAVIMENTO",IF(COUNTIF(K26:L26,"X")<>1,"FALTA/DUPLA: VEGETAÇÃO",IF(COUNTIF(M26:O26,"X")<>1,"FALTA/DUPLA: ELEM. DE DRENAGEM",IF(COUNTIF(P26:R26,"X")<>1,"FALTA/DUPLA: SIN. HORIZ.",IF(COUNTIF(S26:U26,"X")<>1,"FALTA/DUPLA: SIN. VERTICAL","OK")))))) -> OK
A27: 280ETO0180 | B27: C | C27: 13 | D27: 14 | E27: =D27-C27 -> 1 | H27: X | K27: X | M27: X | Q27: X | T27: X | W27: =IF(COUNTA(F27:U27)=0,"— não preenchido",IF(COUNTIF(F27:J27,"X")<>1,"FALTA/DUPLA: CONDIÇÃO DO PAVIMENTO",IF(COUNTIF(K27:L27,"X")<>1,"FALTA/DUPLA: VEGETAÇÃO",IF(COUNTIF(M27:O27,"X")<>1,"FALTA/DUPLA: ELEM. DE DRENAGEM",IF(COUNTIF(P27:R27,"X")<>1,"FALTA/DUPLA: SIN. HORIZ.",IF(COUNTIF(S27:U27,"X")<>1,"FALTA/DUPLA: SIN. VERTICAL","OK")))))) -> OK
A28: 280ETO0180 | B28: C | C28: 14 | D28: 15 | E28: =D28-C28 -> 1 | G28: X | K28: X | M28: X | Q28: X | T28: X | W28: =IF(COUNTA(F28:U28)=0,"— não preenchido",IF(COUNTIF(F28:J28,"X")<>1,"FALTA/DUPLA: CONDIÇÃO DO PAVIMENTO",IF(COUNTIF(K28:L28,"X")<>1,"FALTA/DUPLA: VEGETAÇÃO",IF(COUNTIF(M28:O28,"X")<>1,"FALTA/DUPLA: ELEM. DE DRENAGEM",IF(COUNTIF(P28:R28,"X")<>1,"FALTA/DUPLA: SIN. HORIZ.",IF(COUNTIF(S28:U28,"X")<>1,"FALTA/DUPLA: SIN. VERTICAL","OK")))))) -> OK
A29: 280ETO0180 | B29: C | C29: 15 | D29: 16 | E29: =D29-C29 -> 1 | G29: X | K29: X | M29: X | Q29: X | T29: X | W29: =IF(COUNTA(F29:U29)=0,"— não preenchido",IF(COUNTIF(F29:J29,"X")<>1,"FALTA/DUPLA: CONDIÇÃO DO PAVIMENTO",IF(COUNTIF(K29:L29,"X")<>1,"FALTA/DUPLA: VEGETAÇÃO",IF(COUNTIF(M29:O29,"X")<>1,"FALTA/DUPLA: ELEM. DE DRENAGEM",IF(COUNTIF(P29:R29,"X")<>1,"FALTA/DUPLA: SIN. HORIZ.",IF(COUNTIF(S29:U29,"X")<>1,"FALTA/DUPLA: SIN. VERTICAL","OK")))))) -> OK
A30: 280ETO0180 | B30: C | C30: 16 | D30: 17 | E30: =D30-C30 -> 1 | G30: X | K30: X | M30: X | Q30: X | T30: X | W30: =IF(COUNTA(F30:U30)=0,"— não preenchido",IF(COUNTIF(F30:J30,"X")<>1,"FALTA/DUPLA: CONDIÇÃO DO PAVIMENTO",IF(COUNTIF(K30:L30,"X")<>1,"FALTA/DUPLA: VEGETAÇÃO",IF(COUNTIF(M30:O30,"X")<>1,"FALTA/DUPLA: ELEM. DE DRENAGEM",IF(COUNTIF(P30:R30,"X")<>1,"FALTA/DUPLA: SIN. HORIZ.",IF(COUNTIF(S30:U30,"X")<>1,"FALTA/DUPLA: SIN. VERTICAL","OK")))))) -> OK
A31: 280ETO0180 | B31: C | C31: 17 | D31: 18 | E31: =D31-C31 -> 1 | G31: X | K31: X | M31: X | Q31: X | T31: X | W31: =IF(COUNTA(F31:U31)=0,"— não preenchido",IF(COUNTIF(F31:J31,"X")<>1,"FALTA/DUPLA: CONDIÇÃO DO PAVIMENTO",IF(COUNTIF(K31:L31,"X")<>1,"FALTA/DUPLA: VEGETAÇÃO",IF(COUNTIF(M31:O31,"X")<>1,"FALTA/DUPLA: ELEM. DE DRENAGEM",IF(COUNTIF(P31:R31,"X")<>1,"FALTA/DUPLA: SIN. HORIZ.",IF(COUNTIF(S31:U31,"X")<>1,"FALTA/DUPLA: SIN. VERTICAL","OK")))))) -> OK
A32: 280ETO0180 | B32: C | C32: 18 | D32: 19 | E32: =D32-C32 -> 1 | G32: X | K32: X | Q32: X | T32: X | W32: =IF(COUNTA(F32:U32)=0,"— não preenchido",IF(COUNTIF(F32:J32,"X")<>1,"FALTA/DUPLA: CONDIÇÃO DO PAVIMENTO",IF(COUNTIF(K32:L32,"X")<>1,"FALTA/DUPLA: VEGETAÇÃO",IF(COUNTIF(M32:O32,"X")<>1,"FALTA/DUPLA: ELEM. DE DRENAGEM",IF(COUNTIF(P32:R32,"X")<>1,"FALTA/DUPLA: SIN. HORIZ.",IF(COUNTIF(S32:U32,"X")<>1,"FALTA/DUPLA: SIN. VERTICAL","OK")))))) -> FALTA/DUPLA: ELEM. DE DRENAGEM
A33: 280ETO0180 | B33: C | C33: 19 | D33: 20 | E33: =D33-C33 -> 1 | G33: X | K33: X | Q33: X | T33: X | W33: =IF(COUNTA(F33:U33)=0,"— não preenchido",IF(COUNTIF(F33:J33,"X")<>1,"FALTA/DUPLA: CONDIÇÃO DO PAVIMENTO",IF(COUNTIF(K33:L33,"X")<>1,"FALTA/DUPLA: VEGETAÇÃO",IF(COUNTIF(M33:O33,"X")<>1,"FALTA/DUPLA: ELEM. DE DRENAGEM",IF(COUNTIF(P33:R33,"X")<>1,"FALTA/DUPLA: SIN. HORIZ.",IF(COUNTIF(S33:U33,"X")<>1,"FALTA/DUPLA: SIN. VERTICAL","OK")))))) -> FALTA/DUPLA: ELEM. DE DRENAGEM
A34: 280ETO0180 | B34: C | C34: 20 | D34: 21 | E34: =D34-C34 -> 1 | G34: X | K34: X | Q34: X | T34: X | W34: =IF(COUNTA(F34:U34)=0,"— não preenchido",IF(COUNTIF(F34:J34,"X")<>1,"FALTA/DUPLA: CONDIÇÃO DO PAVIMENTO",IF(COUNTIF(K34:L34,"X")<>1,"FALTA/DUPLA: VEGETAÇÃO",IF(COUNTIF(M34:O34,"X")<>1,"FALTA/DUPLA: ELEM. DE DRENAGEM",IF(COUNTIF(P34:R34,"X")<>1,"FALTA/DUPLA: SIN. HORIZ.",IF(COUNTIF(S34:U34,"X")<>1,"FALTA/DUPLA: SIN. VERTICAL","OK")))))) -> FALTA/DUPLA: ELEM. DE DRENAGEM
A35: 280ETO0180 | B35: C | C35: 21 | D35: 22 | E35: =D35-C35 -> 1 | G35: X | K35: X | Q35: X | T35: X | W35: =IF(COUNTA(F35:U35)=0,"— não preenchido",IF(COUNTIF(F35:J35,"X")<>1,"FALTA/DUPLA: CONDIÇÃO DO PAVIMENTO",IF(COUNTIF(K35:L35,"X")<>1,"FALTA/DUPLA: VEGETAÇÃO",IF(COUNTIF(M35:O35,"X")<>1,"FALTA/DUPLA: ELEM. DE DRENAGEM",IF(COUNTIF(P35:R35,"X")<>1,"FALTA/DUPLA: SIN. HORIZ.",IF(COUNTIF(S35:U35,"X")<>1,"FALTA/DUPLA: SIN. VERTICAL","OK")))))) -> FALTA/DUPLA: ELEM. DE DRENAGEM
A36: 280ETO0180 | B36: C | C36: 22 | D36: 23 | E36: =D36-C36 -> 1 | H36: X | K36: X | Q36: X | T36: X | W36: =IF(COUNTA(F36:U36)=0,"— não preenchido",IF(COUNTIF(F36:J36,"X")<>1,"FALTA/DUPLA: CONDIÇÃO DO PAVIMENTO",IF(COUNTIF(K36:L36,"X")<>1,"FALTA/DUPLA: VEGETAÇÃO",IF(COUNTIF(M36:O36,"X")<>1,"FALTA/DUPLA: ELEM. DE DRENAGEM",IF(COUNTIF(P36:R36,"X")<>1,"FALTA/DUPLA: SIN. HORIZ.",IF(COUNTIF(S36:U36,"X")<>1,"FALTA/DUPLA: SIN. VERTICAL","OK")))))) -> FALTA/DUPLA: ELEM. DE DRENAGEM
A37: 280ETO0180 | B37: C | C37: 23 | D37: 24 | E37: =D37-C37 -> 1 | G37: X | K37: X | Q37: X | T37: X | W37: =IF(COUNTA(F37:U37)=0,"— não preenchido",IF(COUNTIF(F37:J37,"X")<>1,"FALTA/DUPLA: CONDIÇÃO DO PAVIMENTO",IF(COUNTIF(K37:L37,"X")<>1,"FALTA/DUPLA: VEGETAÇÃO",IF(COUNTIF(M37:O37,"X")<>1,"FALTA/DUPLA: ELEM. DE DRENAGEM",IF(COUNTIF(P37:R37,"X")<>1,"FALTA/DUPLA: SIN. HORIZ.",IF(COUNTIF(S37:U37,"X")<>1,"FALTA/DUPLA: SIN. VERTICAL","OK")))))) -> FALTA/DUPLA: ELEM. DE DRENAGEM
A38: 280ETO0180 | B38: C | C38: 24 | D38: 25 | E38: =D38-C38 -> 1 | G38: X | K38: X | Q38: X | T38: X | W38: =IF(COUNTA(F38:U38)=0,"— não preenchido",IF(COUNTIF(F38:J38,"X")<>1,"FALTA/DUPLA: CONDIÇÃO DO PAVIMENTO",IF(COUNTIF(K38:L38,"X")<>1,"FALTA/DUPLA: VEGETAÇÃO",IF(COUNTIF(M38:O38,"X")<>1,"FALTA/DUPLA: ELEM. DE DRENAGEM",IF(COUNTIF(P38:R38,"X")<>1,"FALTA/DUPLA: SIN. HORIZ.",IF(COUNTIF(S38:U38,"X")<>1,"FALTA/DUPLA: SIN. VERTICAL","OK")))))) -> FALTA/DUPLA: ELEM. DE DRENAGEM
A39: 280ETO0180 | B39: C | C39: 25 | D39: 26 | E39: =D39-C39 -> 1 | G39: X | K39: X | Q39: X | T39: X | W39: =IF(COUNTA(F39:U39)=0,"— não preenchido",IF(COUNTIF(F39:J39,"X")<>1,"FALTA/DUPLA: CONDIÇÃO DO PAVIMENTO",IF(COUNTIF(K39:L39,"X")<>1,"FALTA/DUPLA: VEGETAÇÃO",IF(COUNTIF(M39:O39,"X")<>1,"FALTA/DUPLA: ELEM. DE DRENAGEM",IF(COUNTIF(P39:R39,"X")<>1,"FALTA/DUPLA: SIN. HORIZ.",IF(COUNTIF(S39:U39,"X")<>1,"FALTA/DUPLA: SIN. VERTICAL","OK")))))) -> FALTA/DUPLA: ELEM. DE DRENAGEM
A40: 280ETO0180 | B40: C | C40: 26 | D40: 27 | E40: =D40-C40 -> 1 | G40: X | K40: X | Q40: X | T40: X | W40: =IF(COUNTA(F40:U40)=0,"— não preenchido",IF(COUNTIF(F40:J40,"X")<>1,"FALTA/DUPLA: CONDIÇÃO DO PAVIMENTO",IF(COUNTIF(K40:L40,"X")<>1,"FALTA/DUPLA: VEGETAÇÃO",IF(COUNTIF(M40:O40,"X")<>1,"FALTA/DUPLA: ELEM. DE DRENAGEM",IF(COUNTIF(P40:R40,"X")<>1,"FALTA/DUPLA: SIN. HORIZ.",IF(COUNTIF(S40:U40,"X")<>1,"FALTA/DUPLA: SIN. VERTICAL","OK")))))) -> FALTA/DUPLA: ELEM. DE DRENAGEM
A41: 280ETO0180 | B41: C | C41: 27 | D41: 28 | E41: =D41-C41 -> 1 | G41: X | K41: X | Q41: X | T41: X | W41: =IF(COUNTA(F41:U41)=0,"— não preenchido",IF(COUNTIF(F41:J41,"X")<>1,"FALTA/DUPLA: CONDIÇÃO DO PAVIMENTO",IF(COUNTIF(K41:L41,"X")<>1,"FALTA/DUPLA: VEGETAÇÃO",IF(COUNTIF(M41:O41,"X")<>1,"FALTA/DUPLA: ELEM. DE DRENAGEM",IF(COUNTIF(P41:R41,"X")<>1,"FALTA/DUPLA: SIN. HORIZ.",IF(COUNTIF(S41:U41,"X")<>1,"FALTA/DUPLA: SIN. VERTICAL","OK")))))) -> FALTA/DUPLA: ELEM. DE DRENAGEM
A42: 280ETO0180 | B42: C | C42: 28 | D42: 29 | E42: =D42-C42 -> 1 | G42: X | K42: X | Q42: X | T42: X | W42: =IF(COUNTA(F42:U42)=0,"— não preenchido",IF(COUNTIF(F42:J42,"X")<>1,"FALTA/DUPLA: CONDIÇÃO DO PAVIMENTO",IF(COUNTIF(K42:L42,"X")<>1,"FALTA/DUPLA: VEGETAÇÃO",IF(COUNTIF(M42:O42,"X")<>1,"FALTA/DUPLA: ELEM. DE DRENAGEM",IF(COUNTIF(P42:R42,"X")<>1,"FALTA/DUPLA: SIN. HORIZ.",IF(COUNTIF(S42:U42,"X")<>1,"FALTA/DUPLA: SIN. VERTICAL","OK")))))) -> FALTA/DUPLA: ELEM. DE DRENAGEM
A43: 280ETO0180 | B43: C | C43: 29 | D43: 30 | E43: =D43-C43 -> 1 | G43: X | K43: X | Q43: X | T43: X | W43: =IF(COUNTA(F43:U43)=0,"— não preenchido",IF(COUNTIF(F43:J43,"X")<>1,"FALTA/DUPLA: CONDIÇÃO DO PAVIMENTO",IF(COUNTIF(K43:L43,"X")<>1,"FALTA/DUPLA: VEGETAÇÃO",IF(COUNTIF(M43:O43,"X")<>1,"FALTA/DUPLA: ELEM. DE DRENAGEM",IF(COUNTIF(P43:R43,"X")<>1,"FALTA/DUPLA: SIN. HORIZ.",IF(COUNTIF(S43:U43,"X")<>1,"FALTA/DUPLA: SIN. VERTICAL","OK")))))) -> FALTA/DUPLA: ELEM. DE DRENAGEM
A44: 280ETO0180 | B44: C | C44: 30 | D44: 31 | E44: =D44-C44 -> 1 | H44: X | K44: X | N44: X | Q44: X | T44: X | W44: =IF(COUNTA(F44:U44)=0,"— não preenchido",IF(COUNTIF(F44:J44,"X")<>1,"FALTA/DUPLA: CONDIÇÃO DO PAVIMENTO",IF(COUNTIF(K44:L44,"X")<>1,"FALTA/DUPLA: VEGETAÇÃO",IF(COUNTIF(M44:O44,"X")<>1,"FALTA/DUPLA: ELEM. DE DRENAGEM",IF(COUNTIF(P44:R44,"X")<>1,"FALTA/DUPLA: SIN. HORIZ.",IF(COUNTIF(S44:U44,"X")<>1,"FALTA/DUPLA: SIN. VERTICAL","OK")))))) -> OK
A45: 280ETO0180 | B45: C | C45: 31 | D45: 32 | E45: =D45-C45 -> 1 | H45: X | K45: X | N45: X | Q45: X | T45: X | W45: =IF(COUNTA(F45:U45)=0,"— não preenchido",IF(COUNTIF(F45:J45,"X")<>1,"FALTA/DUPLA: CONDIÇÃO DO PAVIMENTO",IF(COUNTIF(K45:L45,"X")<>1,"FALTA/DUPLA: VEGETAÇÃO",IF(COUNTIF(M45:O45,"X")<>1,"FALTA/DUPLA: ELEM. DE DRENAGEM",IF(COUNTIF(P45:R45,"X")<>1,"FALTA/DUPLA: SIN. HORIZ.",IF(COUNTIF(S45:U45,"X")<>1,"FALTA/DUPLA: SIN. VERTICAL","OK")))))) -> OK
A46: 280ETO0180 | B46: C | C46: 32 | D46: 33 | E46: =D46-C46 -> 1 | H46: X | K46: X | N46: X | Q46: X | T46: X | W46: =IF(COUNTA(F46:U46)=0,"— não preenchido",IF(COUNTIF(F46:J46,"X")<>1,"FALTA/DUPLA: CONDIÇÃO DO PAVIMENTO",IF(COUNTIF(K46:L46,"X")<>1,"FALTA/DUPLA: VEGETAÇÃO",IF(COUNTIF(M46:O46,"X")<>1,"FALTA/DUPLA: ELEM. DE DRENAGEM",IF(COUNTIF(P46:R46,"X")<>1,"FALTA/DUPLA: SIN. HORIZ.",IF(COUNTIF(S46:U46,"X")<>1,"FALTA/DUPLA: SIN. VERTICAL","OK")))))) -> OK
A47: 280ETO0180 | B47: C | C47: 33 | D47: 34 | E47: =D47-C47 -> 1 | H47: X | K47: X | N47: X | Q47: X | T47: X | W47: =IF(COUNTA(F47:U47)=0,"— não preenchido",IF(COUNTIF(F47:J47,"X")<>1,"FALTA/DUPLA: CONDIÇÃO DO PAVIMENTO",IF(COUNTIF(K47:L47,"X")<>1,"FALTA/DUPLA: VEGETAÇÃO",IF(COUNTIF(M47:O47,"X")<>1,"FALTA/DUPLA: ELEM. DE DRENAGEM",IF(COUNTIF(P47:R47,"X")<>1,"FALTA/DUPLA: SIN. HORIZ.",IF(COUNTIF(S47:U47,"X")<>1,"FALTA/DUPLA: SIN. VERTICAL","OK")))))) -> OK
A48: 280ETO0180 | B48: C | C48: 34 | D48: 35 | E48: =D48-C48 -> 1 | H48: X | K48: X | N48: X | Q48: X | T48: X | W48: =IF(COUNTA(F48:U48)=0,"— não preenchido",IF(COUNTIF(F48:J48,"X")<>1,"FALTA/DUPLA: CONDIÇÃO DO PAVIMENTO",IF(COUNTIF(K48:L48,"X")<>1,"FALTA/DUPLA: VEGETAÇÃO",IF(COUNTIF(M48:O48,"X")<>1,"FALTA/DUPLA: ELEM. DE DRENAGEM",IF(COUNTIF(P48:R48,"X")<>1,"FALTA/DUPLA: SIN. HORIZ.",IF(COUNTIF(S48:U48,"X")<>1,"FALTA/DUPLA: SIN. VERTICAL","OK")))))) -> OK
A49: 280ETO0180 | B49: C | C49: 35 | D49: 36 | E49: =D49-C49 -> 1 | H49: X | K49: X | N49: X | Q49: X | T49: X | W49: =IF(COUNTA(F49:U49)=0,"— não preenchido",IF(COUNTIF(F49:J49,"X")<>1,"FALTA/DUPLA: CONDIÇÃO DO PAVIMENTO",IF(COUNTIF(K49:L49,"X")<>1,"FALTA/DUPLA: VEGETAÇÃO",IF(COUNTIF(M49:O49,"X")<>1,"FALTA/DUPLA: ELEM. DE DRENAGEM",IF(COUNTIF(P49:R49,"X")<>1,"FALTA/DUPLA: SIN. HORIZ.",IF(COUNTIF(S49:U49,"X")<>1,"FALTA/DUPLA: SIN. VERTICAL","OK")))))) -> OK
A50: 280ETO0180 | B50: C | C50: 36 | D50: 37 | E50: =D50-C50 -> 1 | H50: X | K50: X | N50: X | Q50: X | T50: X | W50: =IF(COUNTA(F50:U50)=0,"— não preenchido",IF(COUNTIF(F50:J50,"X")<>1,"FALTA/DUPLA: CONDIÇÃO DO PAVIMENTO",IF(COUNTIF(K50:L50,"X")<>1,"FALTA/DUPLA: VEGETAÇÃO",IF(COUNTIF(M50:O50,"X")<>1,"FALTA/DUPLA: ELEM. DE DRENAGEM",IF(COUNTIF(P50:R50,"X")<>1,"FALTA/DUPLA: SIN. HORIZ.",IF(COUNTIF(S50:U50,"X")<>1,"FALTA/DUPLA: SIN. VERTICAL","OK")))))) -> OK
A51: 280ETO0180 | B51: C | C51: 37 | D51: 38 | E51: =D51-C51 -> 1 | H51: X | K51: X | N51: X | Q51: X | T51: X | W51: =IF(COUNTA(F51:U51)=0,"— não preenchido",IF(COUNTIF(F51:J51,"X")<>1,"FALTA/DUPLA: CONDIÇÃO DO PAVIMENTO",IF(COUNTIF(K51:L51,"X")<>1,"FALTA/DUPLA: VEGETAÇÃO",IF(COUNTIF(M51:O51,"X")<>1,"FALTA/DUPLA: ELEM. DE DRENAGEM",IF(COUNTIF(P51:R51,"X")<>1,"FALTA/DUPLA: SIN. HORIZ.",IF(COUNTIF(S51:U51,"X")<>1,"FALTA/DUPLA: SIN. VERTICAL","OK")))))) -> OK
A52: 280ETO0180 | B52: C | C52: 38 | D52: 39 | E52: =D52-C52 -> 1 | H52: X | K52: X | N52: X | Q52: X | T52: X | W52: =IF(COUNTA(F52:U52)=0,"— não preenchido",IF(COUNTIF(F52:J52,"X")<>1,"FALTA/DUPLA: CONDIÇÃO DO PAVIMENTO",IF(COUNTIF(K52:L52,"X")<>1,"FALTA/DUPLA: VEGETAÇÃO",IF(COUNTIF(M52:O52,"X")<>1,"FALTA/DUPLA: ELEM. DE DRENAGEM",IF(COUNTIF(P52:R52,"X")<>1,"FALTA/DUPLA: SIN. HORIZ.",IF(COUNTIF(S52:U52,"X")<>1,"FALTA/DUPLA: SIN. VERTICAL","OK")))))) -> OK
A53: 280ETO0180 | B53: C | C53: 39 | D53: 40 | E53: =D53-C53 -> 1 | H53: X | K53: X | N53: X | Q53: X | T53: X | W53: =IF(COUNTA(F53:U53)=0,"— não preenchido",IF(COUNTIF(F53:J53,"X")<>1,"FALTA/DUPLA: CONDIÇÃO DO PAVIMENTO",IF(COUNTIF(K53:L53,"X")<>1,"FALTA/DUPLA: VEGETAÇÃO",IF(COUNTIF(M53:O53,"X")<>1,"FALTA/DUPLA: ELEM. DE DRENAGEM",IF(COUNTIF(P53:R53,"X")<>1,"FALTA/DUPLA: SIN. HORIZ.",IF(COUNTIF(S53:U53,"X")<>1,"FALTA/DUPLA: SIN. VERTICAL","OK")))))) -> OK
A54: 280ETO0180 | B54: C | C54: 40 | D54: 41 | E54: =D54-C54 -> 1 | H54: X | K54: X | N54: X | Q54: X | T54: X | W54: =IF(COUNTA(F54:U54)=0,"— não preenchido",IF(COUNTIF(F54:J54,"X")<>1,"FALTA/DUPLA: CONDIÇÃO DO PAVIMENTO",IF(COUNTIF(K54:L54,"X")<>1,"FALTA/DUPLA: VEGETAÇÃO",IF(COUNTIF(M54:O54,"X")<>1,"FALTA/DUPLA: ELEM. DE DRENAGEM",IF(COUNTIF(P54:R54,"X")<>1,"FALTA/DUPLA: SIN. HORIZ.",IF(COUNTIF(S54:U54,"X")<>1,"FALTA/DUPLA: SIN. VERTICAL","OK")))))) -> OK
A55: 280ETO0180 | B55: C | C55: 41 | D55: 42 | E55: =D55-C55 -> 1 | H55: X | K55: X | N55: X | Q55: X | T55: X | W55: =IF(COUNTA(F55:U55)=0,"— não preenchido",IF(COUNTIF(F55:J55,"X")<>1,"FALTA/DUPLA: CONDIÇÃO DO PAVIMENTO",IF(COUNTIF(K55:L55,"X")<>1,"FALTA/DUPLA: VEGETAÇÃO",IF(COUNTIF(M55:O55,"X")<>1,"FALTA/DUPLA: ELEM. DE DRENAGEM",IF(COUNTIF(P55:R55,"X")<>1,"FALTA/DUPLA: SIN. HORIZ.",IF(COUNTIF(S55:U55,"X")<>1,"FALTA/DUPLA: SIN. VERTICAL","OK")))))) -> OK
... A58: 280ETO0180 | B58: C | C58: 44 | D58: 45 | E58: =D58-C58 -> 1 | H58: X | K58: X | N58: X | Q58: X | T58: X | W58: =IF(COUNTA(F58:U58)=0,"— não preenchido",IF(COUNTIF(F58:J58,"X")<>1,"FALTA/DUPLA: CONDIÇÃO DO PAVIMENTO",IF(COUNTIF(K58:L58,"X")<>1,"FALTA/DUPLA: VEGETAÇÃO",IF(COUNTIF(M58:O58,"X")<>1,"FALTA/DUPLA: ELEM. DE DRENAGEM",IF(COUNTIF(P58:R58,"X")<>1,"FALTA/DUPLA: SIN. HORIZ.",IF(COUNTIF(S58:U58,"X")<>1,"FALTA/DUPLA: SIN. VERTICAL","OK")))))) -> OK
A59: 280ETO0180 | B59: C | C59: 45 | D59: 46 | E59: =D59-C59 -> 1 | G59: X | K59: X | N59: X | Q59: X | T59: X | W59: =IF(COUNTA(F59:U59)=0,"— não preenchido",IF(COUNTIF(F59:J59,"X")<>1,"FALTA/DUPLA: CONDIÇÃO DO PAVIMENTO",IF(COUNTIF(K59:L59,"X")<>1,"FALTA/DUPLA: VEGETAÇÃO",IF(COUNTIF(M59:O59,"X")<>1,"FALTA/DUPLA: ELEM. DE DRENAGEM",IF(COUNTIF(P59:R59,"X")<>1,"FALTA/DUPLA: SIN. HORIZ.",IF(COUNTIF(S59:U59,"X")<>1,"FALTA/DUPLA: SIN. VERTICAL","OK")))))) -> OK
A60: 280ETO0180 | B60: C | C60: 46 | D60: 47 | E60: =D60-C60 -> 1 | G60: X | K60: X | N60: X | Q60: X | T60: X | W60: =IF(COUNTA(F60:U60)=0,"— não preenchido",IF(COUNTIF(F60:J60,"X")<>1,"FALTA/DUPLA: CONDIÇÃO DO PAVIMENTO",IF(COUNTIF(K60:L60,"X")<>1,"FALTA/DUPLA: VEGETAÇÃO",IF(COUNTIF(M60:O60,"X")<>1,"FALTA/DUPLA: ELEM. DE DRENAGEM",IF(COUNTIF(P60:R60,"X")<>1,"FALTA/DUPLA: SIN. HORIZ.",IF(COUNTIF(S60:U60,"X")<>1,"FALTA/DUPLA: SIN. VERTICAL","OK")))))) -> OK
A61: 280ETO0180 | B61: C | C61: 47 | D61: 48 | E61: =D61-C61 -> 1 | G61: X | K61: X | N61: X | Q61: X | T61: X | W61: =IF(COUNTA(F61:U61)=0,"— não preenchido",IF(COUNTIF(F61:J61,"X")<>1,"FALTA/DUPLA: CONDIÇÃO DO PAVIMENTO",IF(COUNTIF(K61:L61,"X")<>1,"FALTA/DUPLA: VEGETAÇÃO",IF(COUNTIF(M61:O61,"X")<>1,"FALTA/DUPLA: ELEM. DE DRENAGEM",IF(COUNTIF(P61:R61,"X")<>1,"FALTA/DUPLA: SIN. HORIZ.",IF(COUNTIF(S61:U61,"X")<>1,"FALTA/DUPLA: SIN. VERTICAL","OK")))))) -> OK
A62: 280ETO0180 | B62: C | C62: 48 | D62: 49 | E62: =D62-C62 -> 1 | H62: X | K62: X | N62: X | Q62: X | T62: X | W62: =IF(COUNTA(F62:U62)=0,"— não preenchido",IF(COUNTIF(F62:J62,"X")<>1,"FALTA/DUPLA: CONDIÇÃO DO PAVIMENTO",IF(COUNTIF(K62:L62,"X")<>1,"FALTA/DUPLA: VEGETAÇÃO",IF(COUNTIF(M62:O62,"X")<>1,"FALTA/DUPLA: ELEM. DE DRENAGEM",IF(COUNTIF(P62:R62,"X")<>1,"FALTA/DUPLA: SIN. HORIZ.",IF(COUNTIF(S62:U62,"X")<>1,"FALTA/DUPLA: SIN. VERTICAL","OK")))))) -> OK
A63: 280ETO0180 | B63: C | C63: 49 | D63: 50 | E63: =D63-C63 -> 1 | H63: X | K63: X | N63: X | Q63: X | T63: X | W63: =IF(COUNTA(F63:U63)=0,"— não preenchido",IF(COUNTIF(F63:J63,"X")<>1,"FALTA/DUPLA: CONDIÇÃO DO PAVIMENTO",IF(COUNTIF(K63:L63,"X")<>1,"FALTA/DUPLA: VEGETAÇÃO",IF(COUNTIF(M63:O63,"X")<>1,"FALTA/DUPLA: ELEM. DE DRENAGEM",IF(COUNTIF(P63:R63,"X")<>1,"FALTA/DUPLA: SIN. HORIZ.",IF(COUNTIF(S63:U63,"X")<>1,"FALTA/DUPLA: SIN. VERTICAL","OK")))))) -> OK
A64: 280ETO0180 | B64: C | C64: 50 | D64: 51 | E64: =D64-C64 -> 1 | H64: X | K64: X | N64: X | Q64: X | T64: X | W64: =IF(COUNTA(F64:U64)=0,"— não preenchido",IF(COUNTIF(F64:J64,"X")<>1,"FALTA/DUPLA: CONDIÇÃO DO PAVIMENTO",IF(COUNTIF(K64:L64,"X")<>1,"FALTA/DUPLA: VEGETAÇÃO",IF(COUNTIF(M64:O64,"X")<>1,"FALTA/DUPLA: ELEM. DE DRENAGEM",IF(COUNTIF(P64:R64,"X")<>1,"FALTA/DUPLA: SIN. HORIZ.",IF(COUNTIF(S64:U64,"X")<>1,"FALTA/DUPLA: SIN. VERTICAL","OK")))))) -> OK
A65: 280ETO0180 | B65: C | C65: 51 | D65: 52 | E65: =D65-C65 -> 1 | H65: X | K65: X | N65: X | Q65: X | T65: X | W65: =IF(COUNTA(F65:U65)=0,"— não preenchido",IF(COUNTIF(F65:J65,"X")<>1,"FALTA/DUPLA: CONDIÇÃO DO PAVIMENTO",IF(COUNTIF(K65:L65,"X")<>1,"FALTA/DUPLA: VEGETAÇÃO",IF(COUNTIF(M65:O65,"X")<>1,"FALTA/DUPLA: ELEM. DE DRENAGEM",IF(COUNTIF(P65:R65,"X")<>1,"FALTA/DUPLA: SIN. HORIZ.",IF(COUNTIF(S65:U65,"X")<>1,"FALTA/DUPLA: SIN. VERTICAL","OK")))))) -> OK
A66: 280ETO0180 | B66: C | C66: 52 | D66: 52.926658 | E66: =D66-C66 -> 0.92665786 | H66: X | K66: X | N66: X | Q66: X | T66: X | W66: =IF(COUNTA(F66:U66)=0,"— não preenchido",IF(COUNTIF(F66:J66,"X")<>1,"FALTA/DUPLA: CONDIÇÃO DO PAVIMENTO",IF(COUNTIF(K66:L66,"X")<>1,"FALTA/DUPLA: VEGETAÇÃO",IF(COUNTIF(M66:O66,"X")<>1,"FALTA/DUPLA: ELEM. DE DRENAGEM",IF(COUNTIF(P66:R66,"X")<>1,"FALTA/DUPLA: SIN. HORIZ.",IF(COUNTIF(S66:U66,"X")<>1,"FALTA/DUPLA: SIN. VERTICAL","OK")))))) -> OK
A67: S.R.E. 280ETO0190 | ENTR.TO-482 - SÃO VALÉRIO DA NATIVIDADE *TRECHO URBANO* | PPS · Estadual · 8.512 km · início: -11.917976, -48.172958
A68: 280ETO0190 | B68: C | C68: 0 | D68: 1 | E68: =D68-C68 -> 1 | H68: X | K68: X | M68: X | Q68: X | T68: X | W68: =IF(COUNTA(F68:U68)=0,"— não preenchido",IF(COUNTIF(F68:J68,"X")<>1,"FALTA/DUPLA: CONDIÇÃO DO PAVIMENTO",IF(COUNTIF(K68:L68,"X")<>1,"FALTA/DUPLA: VEGETAÇÃO",IF(COUNTIF(M68:O68,"X")<>1,"FALTA/DUPLA: ELEM. DE DRENAGEM",IF(COUNTIF(P68:R68,"X")<>1,"FALTA/DUPLA: SIN. HORIZ.",IF(COUNTIF(S68:U68,"X")<>1,"FALTA/DUPLA: SIN. VERTICAL","OK")))))) -> OK
A69: 280ETO0190 | B69: C | C69: 1 | D69: 2 | E69: =D69-C69 -> 1 | H69: X | K69: X | M69: X | Q69: X | T69: X | W69: =IF(COUNTA(F69:U69)=0,"— não preenchido",IF(COUNTIF(F69:J69,"X")<>1,"FALTA/DUPLA: CONDIÇÃO DO PAVIMENTO",IF(COUNTIF(K69:L69,"X")<>1,"FALTA/DUPLA: VEGETAÇÃO",IF(COUNTIF(M69:O69,"X")<>1,"FALTA/DUPLA: ELEM. DE DRENAGEM",IF(COUNTIF(P69:R69,"X")<>1,"FALTA/DUPLA: SIN. HORIZ.",IF(COUNTIF(S69:U69,"X")<>1,"FALTA/DUPLA: SIN. VERTICAL","OK")))))) -> OK
A70: 280ETO0190 | B70: C | C70: 2 | D70: 3 | E70: =D70-C70 -> 1 | H70: X | K70: X | M70: X | Q70: X | T70: X | W70: =IF(COUNTA(F70:U70)=0,"— não preenchido",IF(COUNTIF(F70:J70,"X")<>1,"FALTA/DUPLA: CONDIÇÃO DO PAVIMENTO",IF(COUNTIF(K70:L70,"X")<>1,"FALTA/DUPLA: VEGETAÇÃO",IF(COUNTIF(M70:O70,"X")<>1,"FALTA/DUPLA: ELEM. DE DRENAGEM",IF(COUNTIF(P70:R70,"X")<>1,"FALTA/DUPLA: SIN. HORIZ.",IF(COUNTIF(S70:U70,"X")<>1,"FALTA/DUPLA: SIN. VERTICAL","OK")))))) -> OK
A71: 280ETO0190 | B71: C | C71: 3 | D71: 4 | E71: =D71-C71 -> 1 | H71: X | K71: X | N71: X | Q71: X | T71: X | W71: =IF(COUNTA(F71:U71)=0,"— não preenchido",IF(COUNTIF(F71:J71,"X")<>1,"FALTA/DUPLA: CONDIÇÃO DO PAVIMENTO",IF(COUNTIF(K71:L71,"X")<>1,"FALTA/DUPLA: VEGETAÇÃO",IF(COUNTIF(M71:O71,"X")<>1,"FALTA/DUPLA: ELEM. DE DRENAGEM",IF(COUNTIF(P71:R71,"X")<>1,"FALTA/DUPLA: SIN. HORIZ.",IF(COUNTIF(S71:U71,"X")<>1,"FALTA/DUPLA: SIN. VERTICAL","OK")))))) -> OK
A72: 280ETO0190 | B72: C | C72: 4 | D72: 5 | E72: =D72-C72 -> 1 | H72: X | K72: X | N72: X | Q72: X | T72: X | W72: =IF(COUNTA(F72:U72)=0,"— não preenchido",IF(COUNTIF(F72:J72,"X")<>1,"FALTA/DUPLA: CONDIÇÃO DO PAVIMENTO",IF(COUNTIF(K72:L72,"X")<>1,"FALTA/DUPLA: VEGETAÇÃO",IF(COUNTIF(M72:O72,"X")<>1,"FALTA/DUPLA: ELEM. DE DRENAGEM",IF(COUNTIF(P72:R72,"X")<>1,"FALTA/DUPLA: SIN. HORIZ.",IF(COUNTIF(S72:U72,"X")<>1,"FALTA/DUPLA: SIN. VERTICAL","OK")))))) -> OK
A73: 280ETO0190 | B73: C | C73: 5 | D73: 6 | E73: =D73-C73 -> 1 | H73: X | K73: X | N73: X | Q73: X | T73: X | W73: =IF(COUNTA(F73:U73)=0,"— não preenchido",IF(COUNTIF(F73:J73,"X")<>1,"FALTA/DUPLA: CONDIÇÃO DO PAVIMENTO",IF(COUNTIF(K73:L73,"X")<>1,"FALTA/DUPLA: VEGETAÇÃO",IF(COUNTIF(M73:O73,"X")<>1,"FALTA/DUPLA: ELEM. DE DRENAGEM",IF(COUNTIF(P73:R73,"X")<>1,"FALTA/DUPLA: SIN. HORIZ.",IF(COUNTIF(S73:U73,"X")<>1,"FALTA/DUPLA: SIN. VERTICAL","OK")))))) -> OK
A74: 280ETO0190 | B74: C | C74: 6 | D74: 7 | E74: =D74-C74 -> 1 | G74: X | K74: X | Q74: X | T74: X | W74: =IF(COUNTA(F74:U74)=0,"— não preenchido",IF(COUNTIF(F74:J74,"X")<>1,"FALTA/DUPLA: CONDIÇÃO DO PAVIMENTO",IF(COUNTIF(K74:L74,"X")<>1,"FALTA/DUPLA: VEGETAÇÃO",IF(COUNTIF(M74:O74,"X")<>1,"FALTA/DUPLA: ELEM. DE DRENAGEM",IF(COUNTIF(P74:R74,"X")<>1,"FALTA/DUPLA: SIN. HORIZ.",IF(COUNTIF(S74:U74,"X")<>1,"FALTA/DUPLA: SIN. VERTICAL","OK")))))) -> FALTA/DUPLA: ELEM. DE DRENAGEM
A75: 280ETO0190 | B75: C | C75: 7 | D75: 8 | E75: =D75-C75 -> 1 | G75: X | K75: X | Q75: X | T75: X | W75: =IF(COUNTA(F75:U75)=0,"— não preenchido",IF(COUNTIF(F75:J75,"X")<>1,"FALTA/DUPLA: CONDIÇÃO DO PAVIMENTO",IF(COUNTIF(K75:L75,"X")<>1,"FALTA/DUPLA: VEGETAÇÃO",IF(COUNTIF(M75:O75,"X")<>1,"FALTA/DUPLA: ELEM. DE DRENAGEM",IF(COUNTIF(P75:R75,"X")<>1,"FALTA/DUPLA: SIN. HORIZ.",IF(COUNTIF(S75:U75,"X")<>1,"FALTA/DUPLA: SIN. VERTICAL","OK")))))) -> FALTA/DUPLA: ELEM. DE DRENAGEM
A76: 280ETO0190 | B76: C | C76: 8 | D76: 8.5124137 | E76: =D76-C76 -> 0.51241375 | G76: X | K76: X | Q76: X | T76: X | W76: =IF(COUNTA(F76:U76)=0,"— não preenchido",IF(COUNTIF(F76:J76,"X")<>1,"FALTA/DUPLA: CONDIÇÃO DO PAVIMENTO",IF(COUNTIF(K76:L76,"X")<>1,"FALTA/DUPLA: VEGETAÇÃO",IF(COUNTIF(M76:O76,"X")<>1,"FALTA/DUPLA: ELEM. DE DRENAGEM",IF(COUNTIF(P76:R76,"X")<>1,"FALTA/DUPLA: SIN. HORIZ.",IF(COUNTIF(S76:U76,"X")<>1,"FALTA/DUPLA: SIN. VERTICAL","OK")))))) -> FALTA/DUPLA: ELEM. DE DRENAGEM
A78: ____________________________________________ | G78: ____________________________________________
A79: TÉCNICO RESPONSÁVEL PELA INSPEÇÃO | G79: VISTO DA SUPERVISÃO
A81: RESUMO DO TRECHO — KM LANÇADO POR ITEM
A82: KM LANÇADO | F82: =SUMIF(F$9:F$76,"X",$E$9:$E$76) -> 0 | G82: =SUMIF(G$9:G$76,"X",$E$9:$E$76) -> 27.103955 | H82: =SUMIF(H$9:H$76,"X",$E$9:$E$76) -> 37.926658 | I82: =SUMIF(I$9:I$76,"X",$E$9:$E$76) -> 0 | J82: =SUMIF(J$9:J$76,"X",$E$9:$E$76) -> 0 | K82: =SUMIF(K$9:K$76,"X",$E$9:$E$76) -> 65.030612 | L82: =SUMIF(L$9:L$76,"X",$E$9:$E$76) -> 0 | M82: =SUMIF(M$9:M$76,"X",$E$9:$E$76) -> 13.591541 | ... U82: =SUMIF(U$9:U$76,"X",$E$9:$E$76) -> 0
A83: % DA EXTENSÃO | F83: =IF($R85=0,0,F82/$R85) -> 0 | G83: =IF($R85=0,0,G82/$R85) -> 0.41678763 | H83: =IF($R85=0,0,H82/$R85) -> 0.58321237 | I83: =IF($R85=0,0,I82/$R85) -> 0 | J83: =IF($R85=0,0,J82/$R85) -> 0 | K83: =IF($R85=0,0,K82/$R85) -> 1 | L83: =IF($R85=0,0,L82/$R85) -> 0 | M83: =IF($R85=0,0,M82/$R85) -> 0.2090022 | ... U83: =IF($R85=0,0,U82/$R85) -> 0
A84: CONFERÊNCIA POR GRUPO | F84: =IF(SUM(F82:J82)=0,"— não preenchido",IF(ROUND(SUM(F82:J82)-$R85,3)=0,"OK — "&ROUND(SUM(F82:J82),3)&" km","ERRO — dif. de "&ROUND(SUM(F82:J82)-$R85,3)&" km")) -> OK — 65,031 km | K84: =IF(SUM(K82:L82)=0,"— não preenchido",IF(ROUND(SUM(K82:L82)-$R85,3)=0,"OK — "&ROUND(SUM(K82:L82),3)&" km","ERRO — dif. de "&ROUND(SUM(K82:L82)-$R85,3)&" km")) -> OK — 65,031 km | M84: =IF(SUM(M82:O82)=0,"— não preenchido",IF(ROUND(SUM(M82:O82)-$R85,3)=0,"OK — "&ROUND(SUM(M82:O82),3)&" km","ERRO — dif. de "&ROUND(SUM(M82:O82)-$R85,3)&" km")) -> ERRO — dif. de -21,512 km | P84: =IF(SUM(P82:R82)=0,"— não preenchido",IF(ROUND(SUM(P82:R82)-$R85,3)=0,"OK — "&ROUND(SUM(P82:R82),3)&" km","ERRO — dif. de "&ROUND(SUM(P82:R82)-$R85,3)&" km")) -> OK — 65,031 km | S84: =IF(SUM(S82:U82)=0,"— não preenchido",IF(ROUND(SUM(S82:U82)-$R85,3)=0,"OK — "&ROUND(SUM(S82:U82),3)&" km","ERRO — dif. de "&ROUND(SUM(S82:U82)-$R85,3)&" km")) -> OK — 65,031 km
A85: EXTENSÃO TOTAL DO TRECHO | R85: =SUM(E9:E76) -> 65.030612 | V85: =COUNTIF(W9:W76,"OK")&" de "&COUNT($E$9:$E$76)&" linhas conferidas" -> 44 de 66 linhas conferidas
A87: LEGENDA
A88: REM. I. / REM. L. | E88: Remendos isolados (até 10 por km) · Remendos ao longo (mais de 10 por km)
A89: BUR. I. / BUR. L. | E89: Buracos isolados (até 5 por km) · Buracos ao longo (mais de 5 por km)
A90: SIT. | E90: PPS = pista simples · PSU = simples urbana · PDU = duplicada
A91: FAIXA AZUL | E91: Cabeçalho de cada S.R.E.: descrição, situação, jurisdição, extensão e coordenada de início.
A92: INÍCIO / FIM (KM) | E92: Contados de 0 até o fim de CADA S.R.E. Não é o marco quilométrico da rodovia.
A93: SENT. | E93: C = crescente · D = decrescente
A94: FAIXA CINZA | E94: Segmento fora do escopo do contrato: você passa por ele, mas não preenche.
A95: CÉLULA VERMELHA | E95: Mais de uma X no mesmo grupo. Apague uma delas.
A96: CONFERÊNCIA | E96: Só na tela, não sai impresso. Fica OK com uma X em cada grupo.

Sheet 227
A1: PROGRAMA DE MANUTENÇÃO RODOVIÁRIA — FICHA DE INSPEÇÃO — RODOVIAS PAVIMENTADAS | Y1: Valores dos gráficos — troca 0 por N/D para a fatia não aparecer. Não editar.
A2: REGIÃO: 12 — PEIXE | G2: MÊS / ANO: | K2: DATA: | P2: TÉCNICO: | Y2: =IF(F63=0,NA(),F63) -> #N/A | Z2: =IF(G63=0,NA(),G63) -> 37.060747 | AA2: =IF(H63=0,NA(),H63) -> 6.0971139 | AB2: =IF(I63=0,NA(),I63) -> #N/A | AC2: =IF(J63=0,NA(),J63) -> #N/A | AD2: =IF(K63=0,NA(),K63) -> 43.157861 | AE2: =IF(L63=0,NA(),L63) -> #N/A | AF2: =IF(M63=0,NA(),M63) -> 2.8557688 | ... AN2: =IF(U63=0,NA(),U63) -> #N/A
A3: TRECHO 227 — RODOVIA TO-280 - TRECHO ENTR. BR-242 - SÃO VALÉRIO DE NATIVIDADE | T3: EXTENSÃO: 43,158 km · 5 S.R.E.
A4: COMO PREENCHER: uma X em UMA coluna de cada grupo, por linha. Se houver mais de um defeito no mesmo km, marque o PREDOMINANTE e escreva o resto em OBSERVAÇÕES. A quilometragem é contada de 0 até o fim de CADA S.R.E. (não é o marco da rodovia).
A6: S.R.E. | B6: SENT. | C6: INÍCIO (KM) | D6: FIM (KM) | E6: EXT. (KM) | F6: CONDIÇÃO DO PAVIMENTO | K6: VEGETAÇÃO | M6: ELEM. DE DRENAGEM | P6: SIN. HORIZ. | S6: SIN. VERTICAL | V6: OBSERVAÇÕES | W6: CONFERÊNCIA (só na tela)
F7: BOM | G7: REM. I. | H7: REM. L. | I7: BUR. I. | J7: BUR. L. | K7: ADEQ. | L7: INAD. | M7: LIMP. | N7: SUJO | O7: DANIF. | P7: BOM | Q7: REG. | R7: INEX. | S7: BOM | T7: POUC. | U7: INEX.
A8: S.R.E. 280ETO0191 | SÃO VALÉRIO DA NATIVIDADE *TRECHO URBANO* | PSU · Municipal · 1.856 km · início: -11.964667, -48.230608
A9: 280ETO0191 | B9: C | C9: 0 | D9: 1 | E9: =D9-C9 -> 1 | H9: X | K9: X | M9: X | R9: X | T9: X | W9: =IF(COUNTA(F9:U9)=0,"— não preenchido",IF(COUNTIF(F9:J9,"X")<>1,"FALTA/DUPLA: CONDIÇÃO DO PAVIMENTO",IF(COUNTIF(K9:L9,"X")<>1,"FALTA/DUPLA: VEGETAÇÃO",IF(COUNTIF(M9:O9,"X")<>1,"FALTA/DUPLA: ELEM. DE DRENAGEM",IF(COUNTIF(P9:R9,"X")<>1,"FALTA/DUPLA: SIN. HORIZ.",IF(COUNTIF(S9:U9,"X")<>1,"FALTA/DUPLA: SIN. VERTICAL","OK")))))) -> OK
A10: 280ETO0191 | B10: C | C10: 1 | D10: 1.8557688 | E10: =D10-C10 -> 0.85576881 | H10: X | K10: X | M10: X | R10: X | T10: X | W10: =IF(COUNTA(F10:U10)=0,"— não preenchido",IF(COUNTIF(F10:J10,"X")<>1,"FALTA/DUPLA: CONDIÇÃO DO PAVIMENTO",IF(COUNTIF(K10:L10,"X")<>1,"FALTA/DUPLA: VEGETAÇÃO",IF(COUNTIF(M10:O10,"X")<>1,"FALTA/DUPLA: ELEM. DE DRENAGEM",IF(COUNTIF(P10:R10,"X")<>1,"FALTA/DUPLA: SIN. HORIZ.",IF(COUNTIF(S10:U10,"X")<>1,"FALTA/DUPLA: SIN. VERTICAL","OK")))))) -> OK
A11: S.R.E. 280ETO0200 | SÃO VALÉRIO DA NATIVIDADE *TRECHO URBANO* - ENTR. TO-490 | PPS · Estadual · 1.241 km · início: -11.984004, -48.236722
A12: 280ETO0200 | B12: C | C12: 0 | D12: 1 | E12: =D12-C12 -> 1 | H12: X | K12: X | N12: X | Q12: X | T12: X | W12: =IF(COUNTA(F12:U12)=0,"— não preenchido",IF(COUNTIF(F12:J12,"X")<>1,"FALTA/DUPLA: CONDIÇÃO DO PAVIMENTO",IF(COUNTIF(K12:L12,"X")<>1,"FALTA/DUPLA: VEGETAÇÃO",IF(COUNTIF(M12:O12,"X")<>1,"FALTA/DUPLA: ELEM. DE DRENAGEM",IF(COUNTIF(P12:R12,"X")<>1,"FALTA/DUPLA: SIN. HORIZ.",IF(COUNTIF(S12:U12,"X")<>1,"FALTA/DUPLA: SIN. VERTICAL","OK")))))) -> OK
A13: 280ETO0200 | B13: C | C13: 1 | D13: 1.2413451 | E13: =D13-C13 -> 0.24134513 | H13: X | K13: X | N13: X | Q13: X | T13: X | W13: =IF(COUNTA(F13:U13)=0,"— não preenchido",IF(COUNTIF(F13:J13,"X")<>1,"FALTA/DUPLA: CONDIÇÃO DO PAVIMENTO",IF(COUNTIF(K13:L13,"X")<>1,"FALTA/DUPLA: VEGETAÇÃO",IF(COUNTIF(M13:O13,"X")<>1,"FALTA/DUPLA: ELEM. DE DRENAGEM",IF(COUNTIF(P13:R13,"X")<>1,"FALTA/DUPLA: SIN. HORIZ.",IF(COUNTIF(S13:U13,"X")<>1,"FALTA/DUPLA: SIN. VERTICAL","OK")))))) -> OK
A14: S.R.E. 280ETO0210 | ENTR. TO-490 - ENTR.TO-373 | PPS · Estadual · 9.543 km · início: -11.990464, -48.242908
A15: 280ETO0210 | B15: C | C15: 0 | D15: 1 | E15: =D15-C15 -> 1 | G15: X | K15: X | Q15: X | T15: X | W15: =IF(COUNTA(F15:U15)=0,"— não preenchido",IF(COUNTIF(F15:J15,"X")<>1,"FALTA/DUPLA: CONDIÇÃO DO PAVIMENTO",IF(COUNTIF(K15:L15,"X")<>1,"FALTA/DUPLA: VEGETAÇÃO",IF(COUNTIF(M15:O15,"X")<>1,"FALTA/DUPLA: ELEM. DE DRENAGEM",IF(COUNTIF(P15:R15,"X")<>1,"FALTA/DUPLA: SIN. HORIZ.",IF(COUNTIF(S15:U15,"X")<>1,"FALTA/DUPLA: SIN. VERTICAL","OK")))))) -> FALTA/DUPLA: ELEM. DE DRENAGEM
A16: 280ETO0210 | B16: C | C16: 1 | D16: 2 | E16: =D16-C16 -> 1 | G16: X | K16: X | Q16: X | T16: X | W16: =IF(COUNTA(F16:U16)=0,"— não preenchido",IF(COUNTIF(F16:J16,"X")<>1,"FALTA/DUPLA: CONDIÇÃO DO PAVIMENTO",IF(COUNTIF(K16:L16,"X")<>1,"FALTA/DUPLA: VEGETAÇÃO",IF(COUNTIF(M16:O16,"X")<>1,"FALTA/DUPLA: ELEM. DE DRENAGEM",IF(COUNTIF(P16:R16,"X")<>1,"FALTA/DUPLA: SIN. HORIZ.",IF(COUNTIF(S16:U16,"X")<>1,"FALTA/DUPLA: SIN. VERTICAL","OK")))))) -> FALTA/DUPLA: ELEM. DE DRENAGEM
A17: 280ETO0210 | B17: C | C17: 2 | D17: 3 | E17: =D17-C17 -> 1 | G17: X | K17: X | Q17: X | T17: X | W17: =IF(COUNTA(F17:U17)=0,"— não preenchido",IF(COUNTIF(F17:J17,"X")<>1,"FALTA/DUPLA: CONDIÇÃO DO PAVIMENTO",IF(COUNTIF(K17:L17,"X")<>1,"FALTA/DUPLA: VEGETAÇÃO",IF(COUNTIF(M17:O17,"X")<>1,"FALTA/DUPLA: ELEM. DE DRENAGEM",IF(COUNTIF(P17:R17,"X")<>1,"FALTA/DUPLA: SIN. HORIZ.",IF(COUNTIF(S17:U17,"X")<>1,"FALTA/DUPLA: SIN. VERTICAL","OK")))))) -> FALTA/DUPLA: ELEM. DE DRENAGEM
A18: 280ETO0210 | B18: C | C18: 3 | D18: 4 | E18: =D18-C18 -> 1 | G18: X | K18: X | Q18: X | T18: X | W18: =IF(COUNTA(F18:U18)=0,"— não preenchido",IF(COUNTIF(F18:J18,"X")<>1,"FALTA/DUPLA: CONDIÇÃO DO PAVIMENTO",IF(COUNTIF(K18:L18,"X")<>1,"FALTA/DUPLA: VEGETAÇÃO",IF(COUNTIF(M18:O18,"X")<>1,"FALTA/DUPLA: ELEM. DE DRENAGEM",IF(COUNTIF(P18:R18,"X")<>1,"FALTA/DUPLA: SIN. HORIZ.",IF(COUNTIF(S18:U18,"X")<>1,"FALTA/DUPLA: SIN. VERTICAL","OK")))))) -> FALTA/DUPLA: ELEM. DE DRENAGEM
A19: 280ETO0210 | B19: C | C19: 4 | D19: 5 | E19: =D19-C19 -> 1 | G19: X | K19: X | Q19: X | T19: X | W19: =IF(COUNTA(F19:U19)=0,"— não preenchido",IF(COUNTIF(F19:J19,"X")<>1,"FALTA/DUPLA: CONDIÇÃO DO PAVIMENTO",IF(COUNTIF(K19:L19,"X")<>1,"FALTA/DUPLA: VEGETAÇÃO",IF(COUNTIF(M19:O19,"X")<>1,"FALTA/DUPLA: ELEM. DE DRENAGEM",IF(COUNTIF(P19:R19,"X")<>1,"FALTA/DUPLA: SIN. HORIZ.",IF(COUNTIF(S19:U19,"X")<>1,"FALTA/DUPLA: SIN. VERTICAL","OK")))))) -> FALTA/DUPLA: ELEM. DE DRENAGEM
A20: 280ETO0210 | B20: C | C20: 5 | D20: 6 | E20: =D20-C20 -> 1 | G20: X | K20: X | N20: X | Q20: X | T20: X | W20: =IF(COUNTA(F20:U20)=0,"— não preenchido",IF(COUNTIF(F20:J20,"X")<>1,"FALTA/DUPLA: CONDIÇÃO DO PAVIMENTO",IF(COUNTIF(K20:L20,"X")<>1,"FALTA/DUPLA: VEGETAÇÃO",IF(COUNTIF(M20:O20,"X")<>1,"FALTA/DUPLA: ELEM. DE DRENAGEM",IF(COUNTIF(P20:R20,"X")<>1,"FALTA/DUPLA: SIN. HORIZ.",IF(COUNTIF(S20:U20,"X")<>1,"FALTA/DUPLA: SIN. VERTICAL","OK")))))) -> OK
A21: 280ETO0210 | B21: C | C21: 6 | D21: 7 | E21: =D21-C21 -> 1 | G21: X | K21: X | N21: X | Q21: X | T21: X | W21: =IF(COUNTA(F21:U21)=0,"— não preenchido",IF(COUNTIF(F21:J21,"X")<>1,"FALTA/DUPLA: CONDIÇÃO DO PAVIMENTO",IF(COUNTIF(K21:L21,"X")<>1,"FALTA/DUPLA: VEGETAÇÃO",IF(COUNTIF(M21:O21,"X")<>1,"FALTA/DUPLA: ELEM. DE DRENAGEM",IF(COUNTIF(P21:R21,"X")<>1,"FALTA/DUPLA: SIN. HORIZ.",IF(COUNTIF(S21:U21,"X")<>1,"FALTA/DUPLA: SIN. VERTICAL","OK")))))) -> OK
A22: 280ETO0210 | B22: C | C22: 7 | D22: 8 | E22: =D22-C22 -> 1 | G22: X | K22: X | N22: X | Q22: X | T22: X | W22: =IF(COUNTA(F22:U22)=0,"— não preenchido",IF(COUNTIF(F22:J22,"X")<>1,"FALTA/DUPLA: CONDIÇÃO DO PAVIMENTO",IF(COUNTIF(K22:L22,"X")<>1,"FALTA/DUPLA: VEGETAÇÃO",IF(COUNTIF(M22:O22,"X")<>1,"FALTA/DUPLA: ELEM. DE DRENAGEM",IF(COUNTIF(P22:R22,"X")<>1,"FALTA/DUPLA: SIN. HORIZ.",IF(COUNTIF(S22:U22,"X")<>1,"FALTA/DUPLA: SIN. VERTICAL","OK")))))) -> OK
A23: 280ETO0210 | B23: C | C23: 8 | D23: 9 | E23: =D23-C23 -> 1 | G23: X | K23: X | N23: X | Q23: X | T23: X | W23: =IF(COUNTA(F23:U23)=0,"— não preenchido",IF(COUNTIF(F23:J23,"X")<>1,"FALTA/DUPLA: CONDIÇÃO DO PAVIMENTO",IF(COUNTIF(K23:L23,"X")<>1,"FALTA/DUPLA: VEGETAÇÃO",IF(COUNTIF(M23:O23,"X")<>1,"FALTA/DUPLA: ELEM. DE DRENAGEM",IF(COUNTIF(P23:R23,"X")<>1,"FALTA/DUPLA: SIN. HORIZ.",IF(COUNTIF(S23:U23,"X")<>1,"FALTA/DUPLA: SIN. VERTICAL","OK")))))) -> OK
A24: 280ETO0210 | B24: C | C24: 9 | D24: 9.5427731 | E24: =D24-C24 -> 0.54277308 | G24: X | K24: X | N24: X | Q24: X | T24: X | W24: =IF(COUNTA(F24:U24)=0,"— não preenchido",IF(COUNTIF(F24:J24,"X")<>1,"FALTA/DUPLA: CONDIÇÃO DO PAVIMENTO",IF(COUNTIF(K24:L24,"X")<>1,"FALTA/DUPLA: VEGETAÇÃO",IF(COUNTIF(M24:O24,"X")<>1,"FALTA/DUPLA: ELEM. DE DRENAGEM",IF(COUNTIF(P24:R24,"X")<>1,"FALTA/DUPLA: SIN. HORIZ.",IF(COUNTIF(S24:U24,"X")<>1,"FALTA/DUPLA: SIN. VERTICAL","OK")))))) -> OK
A25: S.R.E. 280ETO0220 | ENTR. TO-373 - ENTR. BR-242 | PPS · Estadual · 21.525 km · início: -12.018143, -48.32445
A26: 280ETO0220 | B26: C | C26: 0 | D26: 1 | E26: =D26-C26 -> 1 | G26: X | K26: X | M26: X | Q26: X | T26: X | W26: =IF(COUNTA(F26:U26)=0,"— não preenchido",IF(COUNTIF(F26:J26,"X")<>1,"FALTA/DUPLA: CONDIÇÃO DO PAVIMENTO",IF(COUNTIF(K26:L26,"X")<>1,"FALTA/DUPLA: VEGETAÇÃO",IF(COUNTIF(M26:O26,"X")<>1,"FALTA/DUPLA: ELEM. DE DRENAGEM",IF(COUNTIF(P26:R26,"X")<>1,"FALTA/DUPLA: SIN. HORIZ.",IF(COUNTIF(S26:U26,"X")<>1,"FALTA/DUPLA: SIN. VERTICAL","OK")))))) -> OK
A27: 280ETO0220 | B27: C | C27: 1 | D27: 2 | E27: =D27-C27 -> 1 | G27: X | K27: X | N27: X | Q27: X | T27: X | W27: =IF(COUNTA(F27:U27)=0,"— não preenchido",IF(COUNTIF(F27:J27,"X")<>1,"FALTA/DUPLA: CONDIÇÃO DO PAVIMENTO",IF(COUNTIF(K27:L27,"X")<>1,"FALTA/DUPLA: VEGETAÇÃO",IF(COUNTIF(M27:O27,"X")<>1,"FALTA/DUPLA: ELEM. DE DRENAGEM",IF(COUNTIF(P27:R27,"X")<>1,"FALTA/DUPLA: SIN. HORIZ.",IF(COUNTIF(S27:U27,"X")<>1,"FALTA/DUPLA: SIN. VERTICAL","OK")))))) -> OK
A28: 280ETO0220 | B28: C | C28: 2 | D28: 3 | E28: =D28-C28 -> 1 | G28: X | K28: X | N28: X | Q28: X | T28: X | W28: =IF(COUNTA(F28:U28)=0,"— não preenchido",IF(COUNTIF(F28:J28,"X")<>1,"FALTA/DUPLA: CONDIÇÃO DO PAVIMENTO",IF(COUNTIF(K28:L28,"X")<>1,"FALTA/DUPLA: VEGETAÇÃO",IF(COUNTIF(M28:O28,"X")<>1,"FALTA/DUPLA: ELEM. DE DRENAGEM",IF(COUNTIF(P28:R28,"X")<>1,"FALTA/DUPLA: SIN. HORIZ.",IF(COUNTIF(S28:U28,"X")<>1,"FALTA/DUPLA: SIN. VERTICAL","OK")))))) -> OK
A29: 280ETO0220 | B29: C | C29: 3 | D29: 4 | E29: =D29-C29 -> 1 | H29: X | K29: X | N29: X | Q29: X | T29: X | W29: =IF(COUNTA(F29:U29)=0,"— não preenchido",IF(COUNTIF(F29:J29,"X")<>1,"FALTA/DUPLA: CONDIÇÃO DO PAVIMENTO",IF(COUNTIF(K29:L29,"X")<>1,"FALTA/DUPLA: VEGETAÇÃO",IF(COUNTIF(M29:O29,"X")<>1,"FALTA/DUPLA: ELEM. DE DRENAGEM",IF(COUNTIF(P29:R29,"X")<>1,"FALTA/DUPLA: SIN. HORIZ.",IF(COUNTIF(S29:U29,"X")<>1,"FALTA/DUPLA: SIN. VERTICAL","OK")))))) -> OK
A30: 280ETO0220 | B30: C | C30: 4 | D30: 5 | E30: =D30-C30 -> 1 | G30: X | K30: X | N30: X | Q30: X | T30: X | W30: =IF(COUNTA(F30:U30)=0,"— não preenchido",IF(COUNTIF(F30:J30,"X")<>1,"FALTA/DUPLA: CONDIÇÃO DO PAVIMENTO",IF(COUNTIF(K30:L30,"X")<>1,"FALTA/DUPLA: VEGETAÇÃO",IF(COUNTIF(M30:O30,"X")<>1,"FALTA/DUPLA: ELEM. DE DRENAGEM",IF(COUNTIF(P30:R30,"X")<>1,"FALTA/DUPLA: SIN. HORIZ.",IF(COUNTIF(S30:U30,"X")<>1,"FALTA/DUPLA: SIN. VERTICAL","OK")))))) -> OK
A31: 280ETO0220 | B31: C | C31: 5 | D31: 6 | E31: =D31-C31 -> 1 | G31: X | K31: X | N31: X | Q31: X | T31: X | W31: =IF(COUNTA(F31:U31)=0,"— não preenchido",IF(COUNTIF(F31:J31,"X")<>1,"FALTA/DUPLA: CONDIÇÃO DO PAVIMENTO",IF(COUNTIF(K31:L31,"X")<>1,"FALTA/DUPLA: VEGETAÇÃO",IF(COUNTIF(M31:O31,"X")<>1,"FALTA/DUPLA: ELEM. DE DRENAGEM",IF(COUNTIF(P31:R31,"X")<>1,"FALTA/DUPLA: SIN. HORIZ.",IF(COUNTIF(S31:U31,"X")<>1,"FALTA/DUPLA: SIN. VERTICAL","OK")))))) -> OK
A32: 280ETO0220 | B32: C | C32: 6 | D32: 7 | E32: =D32-C32 -> 1 | G32: X | K32: X | N32: X | Q32: X | T32: X | W32: =IF(COUNTA(F32:U32)=0,"— não preenchido",IF(COUNTIF(F32:J32,"X")<>1,"FALTA/DUPLA: CONDIÇÃO DO PAVIMENTO",IF(COUNTIF(K32:L32,"X")<>1,"FALTA/DUPLA: VEGETAÇÃO",IF(COUNTIF(M32:O32,"X")<>1,"FALTA/DUPLA: ELEM. DE DRENAGEM",IF(COUNTIF(P32:R32,"X")<>1,"FALTA/DUPLA: SIN. HORIZ.",IF(COUNTIF(S32:U32,"X")<>1,"FALTA/DUPLA: SIN. VERTICAL","OK")))))) -> OK
A33: 280ETO0220 | B33: C | C33: 7 | D33: 8 | E33: =D33-C33 -> 1 | G33: X | K33: X | N33: X | Q33: X | T33: X | W33: =IF(COUNTA(F33:U33)=0,"— não preenchido",IF(COUNTIF(F33:J33,"X")<>1,"FALTA/DUPLA: CONDIÇÃO DO PAVIMENTO",IF(COUNTIF(K33:L33,"X")<>1,"FALTA/DUPLA: VEGETAÇÃO",IF(COUNTIF(M33:O33,"X")<>1,"FALTA/DUPLA: ELEM. DE DRENAGEM",IF(COUNTIF(P33:R33,"X")<>1,"FALTA/DUPLA: SIN. HORIZ.",IF(COUNTIF(S33:U33,"X")<>1,"FALTA/DUPLA: SIN. VERTICAL","OK")))))) -> OK
A34: 280ETO0220 | B34: C | C34: 8 | D34: 9 | E34: =D34-C34 -> 1 | G34: X | K34: X | N34: X | Q34: X | T34: X | W34: =IF(COUNTA(F34:U34)=0,"— não preenchido",IF(COUNTIF(F34:J34,"X")<>1,"FALTA/DUPLA: CONDIÇÃO DO PAVIMENTO",IF(COUNTIF(K34:L34,"X")<>1,"FALTA/DUPLA: VEGETAÇÃO",IF(COUNTIF(M34:O34,"X")<>1,"FALTA/DUPLA: ELEM. DE DRENAGEM",IF(COUNTIF(P34:R34,"X")<>1,"FALTA/DUPLA: SIN. HORIZ.",IF(COUNTIF(S34:U34,"X")<>1,"FALTA/DUPLA: SIN. VERTICAL","OK")))))) -> OK
A35: 280ETO0220 | B35: C | C35: 9 | D35: 10 | E35: =D35-C35 -> 1 | G35: X | K35: X | Q35: X | T35: X | W35: =IF(COUNTA(F35:U35)=0,"— não preenchido",IF(COUNTIF(F35:J35,"X")<>1,"FALTA/DUPLA: CONDIÇÃO DO PAVIMENTO",IF(COUNTIF(K35:L35,"X")<>1,"FALTA/DUPLA: VEGETAÇÃO",IF(COUNTIF(M35:O35,"X")<>1,"FALTA/DUPLA: ELEM. DE DRENAGEM",IF(COUNTIF(P35:R35,"X")<>1,"FALTA/DUPLA: SIN. HORIZ.",IF(COUNTIF(S35:U35,"X")<>1,"FALTA/DUPLA: SIN. VERTICAL","OK")))))) -> FALTA/DUPLA: ELEM. DE DRENAGEM
A36: 280ETO0220 | B36: C | C36: 10 | D36: 11 | E36: =D36-C36 -> 1 | G36: X | K36: X | Q36: X | T36: X | W36: =IF(COUNTA(F36:U36)=0,"— não preenchido",IF(COUNTIF(F36:J36,"X")<>1,"FALTA/DUPLA: CONDIÇÃO DO PAVIMENTO",IF(COUNTIF(K36:L36,"X")<>1,"FALTA/DUPLA: VEGETAÇÃO",IF(COUNTIF(M36:O36,"X")<>1,"FALTA/DUPLA: ELEM. DE DRENAGEM",IF(COUNTIF(P36:R36,"X")<>1,"FALTA/DUPLA: SIN. HORIZ.",IF(COUNTIF(S36:U36,"X")<>1,"FALTA/DUPLA: SIN. VERTICAL","OK")))))) -> FALTA/DUPLA: ELEM. DE DRENAGEM
A37: 280ETO0220 | B37: C | C37: 11 | D37: 12 | E37: =D37-C37 -> 1 | G37: X | K37: X | Q37: X | T37: X | W37: =IF(COUNTA(F37:U37)=0,"— não preenchido",IF(COUNTIF(F37:J37,"X")<>1,"FALTA/DUPLA: CONDIÇÃO DO PAVIMENTO",IF(COUNTIF(K37:L37,"X")<>1,"FALTA/DUPLA: VEGETAÇÃO",IF(COUNTIF(M37:O37,"X")<>1,"FALTA/DUPLA: ELEM. DE DRENAGEM",IF(COUNTIF(P37:R37,"X")<>1,"FALTA/DUPLA: SIN. HORIZ.",IF(COUNTIF(S37:U37,"X")<>1,"FALTA/DUPLA: SIN. VERTICAL","OK")))))) -> FALTA/DUPLA: ELEM. DE DRENAGEM
A38: 280ETO0220 | B38: C | C38: 12 | D38: 13 | E38: =D38-C38 -> 1 | G38: X | K38: X | Q38: X | T38: X | W38: =IF(COUNTA(F38:U38)=0,"— não preenchido",IF(COUNTIF(F38:J38,"X")<>1,"FALTA/DUPLA: CONDIÇÃO DO PAVIMENTO",IF(COUNTIF(K38:L38,"X")<>1,"FALTA/DUPLA: VEGETAÇÃO",IF(COUNTIF(M38:O38,"X")<>1,"FALTA/DUPLA: ELEM. DE DRENAGEM",IF(COUNTIF(P38:R38,"X")<>1,"FALTA/DUPLA: SIN. HORIZ.",IF(COUNTIF(S38:U38,"X")<>1,"FALTA/DUPLA: SIN. VERTICAL","OK")))))) -> FALTA/DUPLA: ELEM. DE DRENAGEM
A39: 280ETO0220 | B39: C | C39: 13 | D39: 14 | E39: =D39-C39 -> 1 | G39: X | K39: X | Q39: X | T39: X | W39: =IF(COUNTA(F39:U39)=0,"— não preenchido",IF(COUNTIF(F39:J39,"X")<>1,"FALTA/DUPLA: CONDIÇÃO DO PAVIMENTO",IF(COUNTIF(K39:L39,"X")<>1,"FALTA/DUPLA: VEGETAÇÃO",IF(COUNTIF(M39:O39,"X")<>1,"FALTA/DUPLA: ELEM. DE DRENAGEM",IF(COUNTIF(P39:R39,"X")<>1,"FALTA/DUPLA: SIN. HORIZ.",IF(COUNTIF(S39:U39,"X")<>1,"FALTA/DUPLA: SIN. VERTICAL","OK")))))) -> FALTA/DUPLA: ELEM. DE DRENAGEM
A40: 280ETO0220 | B40: C | C40: 14 | D40: 15 | E40: =D40-C40 -> 1 | G40: X | K40: X | Q40: X | T40: X | W40: =IF(COUNTA(F40:U40)=0,"— não preenchido",IF(COUNTIF(F40:J40,"X")<>1,"FALTA/DUPLA: CONDIÇÃO DO PAVIMENTO",IF(COUNTIF(K40:L40,"X")<>1,"FALTA/DUPLA: VEGETAÇÃO",IF(COUNTIF(M40:O40,"X")<>1,"FALTA/DUPLA: ELEM. DE DRENAGEM",IF(COUNTIF(P40:R40,"X")<>1,"FALTA/DUPLA: SIN. HORIZ.",IF(COUNTIF(S40:U40,"X")<>1,"FALTA/DUPLA: SIN. VERTICAL","OK")))))) -> FALTA/DUPLA: ELEM. DE DRENAGEM
A41: 280ETO0220 | B41: C | C41: 15 | D41: 16 | E41: =D41-C41 -> 1 | H41: X | K41: X | N41: X | Q41: X | T41: X | W41: =IF(COUNTA(F41:U41)=0,"— não preenchido",IF(COUNTIF(F41:J41,"X")<>1,"FALTA/DUPLA: CONDIÇÃO DO PAVIMENTO",IF(COUNTIF(K41:L41,"X")<>1,"FALTA/DUPLA: VEGETAÇÃO",IF(COUNTIF(M41:O41,"X")<>1,"FALTA/DUPLA: ELEM. DE DRENAGEM",IF(COUNTIF(P41:R41,"X")<>1,"FALTA/DUPLA: SIN. HORIZ.",IF(COUNTIF(S41:U41,"X")<>1,"FALTA/DUPLA: SIN. VERTICAL","OK")))))) -> OK
A42: 280ETO0220 | B42: C | C42: 16 | D42: 17 | E42: =D42-C42 -> 1 | H42: X | K42: X | N42: X | Q42: X | T42: X | W42: =IF(COUNTA(F42:U42)=0,"— não preenchido",IF(COUNTIF(F42:J42,"X")<>1,"FALTA/DUPLA: CONDIÇÃO DO PAVIMENTO",IF(COUNTIF(K42:L42,"X")<>1,"FALTA/DUPLA: VEGETAÇÃO",IF(COUNTIF(M42:O42,"X")<>1,"FALTA/DUPLA: ELEM. DE DRENAGEM",IF(COUNTIF(P42:R42,"X")<>1,"FALTA/DUPLA: SIN. HORIZ.",IF(COUNTIF(S42:U42,"X")<>1,"FALTA/DUPLA: SIN. VERTICAL","OK")))))) -> OK
A43: 280ETO0220 | B43: C | C43: 17 | D43: 18 | E43: =D43-C43 -> 1 | G43: X | K43: X | N43: X | Q43: X | T43: X | W43: =IF(COUNTA(F43:U43)=0,"— não preenchido",IF(COUNTIF(F43:J43,"X")<>1,"FALTA/DUPLA: CONDIÇÃO DO PAVIMENTO",IF(COUNTIF(K43:L43,"X")<>1,"FALTA/DUPLA: VEGETAÇÃO",IF(COUNTIF(M43:O43,"X")<>1,"FALTA/DUPLA: ELEM. DE DRENAGEM",IF(COUNTIF(P43:R43,"X")<>1,"FALTA/DUPLA: SIN. HORIZ.",IF(COUNTIF(S43:U43,"X")<>1,"FALTA/DUPLA: SIN. VERTICAL","OK")))))) -> OK
A44: 280ETO0220 | B44: C | C44: 18 | D44: 19 | E44: =D44-C44 -> 1 | G44: X | K44: X | N44: X | Q44: X | T44: X | W44: =IF(COUNTA(F44:U44)=0,"— não preenchido",IF(COUNTIF(F44:J44,"X")<>1,"FALTA/DUPLA: CONDIÇÃO DO PAVIMENTO",IF(COUNTIF(K44:L44,"X")<>1,"FALTA/DUPLA: VEGETAÇÃO",IF(COUNTIF(M44:O44,"X")<>1,"FALTA/DUPLA: ELEM. DE DRENAGEM",IF(COUNTIF(P44:R44,"X")<>1,"FALTA/DUPLA: SIN. HORIZ.",IF(COUNTIF(S44:U44,"X")<>1,"FALTA/DUPLA: SIN. VERTICAL","OK")))))) -> OK
A45: 280ETO0220 | B45: C | C45: 19 | D45: 20 | E45: =D45-C45 -> 1 | G45: X | K45: X | N45: X | Q45: X | T45: X | W45: =IF(COUNTA(F45:U45)=0,"— não preenchido",IF(COUNTIF(F45:J45,"X")<>1,"FALTA/DUPLA: CONDIÇÃO DO PAVIMENTO",IF(COUNTIF(K45:L45,"X")<>1,"FALTA/DUPLA: VEGETAÇÃO",IF(COUNTIF(M45:O45,"X")<>1,"FALTA/DUPLA: ELEM. DE DRENAGEM",IF(COUNTIF(P45:R45,"X")<>1,"FALTA/DUPLA: SIN. HORIZ.",IF(COUNTIF(S45:U45,"X")<>1,"FALTA/DUPLA: SIN. VERTICAL","OK")))))) -> OK
A46: 280ETO0220 | B46: C | C46: 20 | D46: 21 | E46: =D46-C46 -> 1 | G46: X | K46: X | N46: X | Q46: X | T46: X | W46: =IF(COUNTA(F46:U46)=0,"— não preenchido",IF(COUNTIF(F46:J46,"X")<>1,"FALTA/DUPLA: CONDIÇÃO DO PAVIMENTO",IF(COUNTIF(K46:L46,"X")<>1,"FALTA/DUPLA: VEGETAÇÃO",IF(COUNTIF(M46:O46,"X")<>1,"FALTA/DUPLA: ELEM. DE DRENAGEM",IF(COUNTIF(P46:R46,"X")<>1,"FALTA/DUPLA: SIN. HORIZ.",IF(COUNTIF(S46:U46,"X")<>1,"FALTA/DUPLA: SIN. VERTICAL","OK")))))) -> OK
A47: 280ETO0220 | B47: C | C47: 21 | D47: 21.524811 | E47: =D47-C47 -> 0.52481071 | G47: X | K47: X | N47: X | Q47: X | T47: X | W47: =IF(COUNTA(F47:U47)=0,"— não preenchido",IF(COUNTIF(F47:J47,"X")<>1,"FALTA/DUPLA: CONDIÇÃO DO PAVIMENTO",IF(COUNTIF(K47:L47,"X")<>1,"FALTA/DUPLA: VEGETAÇÃO",IF(COUNTIF(M47:O47,"X")<>1,"FALTA/DUPLA: ELEM. DE DRENAGEM",IF(COUNTIF(P47:R47,"X")<>1,"FALTA/DUPLA: SIN. HORIZ.",IF(COUNTIF(S47:U47,"X")<>1,"FALTA/DUPLA: SIN. VERTICAL","OK")))))) -> OK
A48: S.R.E. ACESSO01 | ENTR. TO-280 - UHE (PEIXE ANGICAL) (código antigo: ACESSO) | PPS · Outros · 8.993 km · início: -12.190695, -48.457024
A49: ACESSO01 | B49: C | C49: 0 | D49: 1 | E49: =D49-C49 -> 1 | G49: X | K49: X | N49: X | Q49: X | S49: X | W49: =IF(COUNTA(F49:U49)=0,"— não preenchido",IF(COUNTIF(F49:J49,"X")<>1,"FALTA/DUPLA: CONDIÇÃO DO PAVIMENTO",IF(COUNTIF(K49:L49,"X")<>1,"FALTA/DUPLA: VEGETAÇÃO",IF(COUNTIF(M49:O49,"X")<>1,"FALTA/DUPLA: ELEM. DE DRENAGEM",IF(COUNTIF(P49:R49,"X")<>1,"FALTA/DUPLA: SIN. HORIZ.",IF(COUNTIF(S49:U49,"X")<>1,"FALTA/DUPLA: SIN. VERTICAL","OK")))))) -> OK
A50: ACESSO01 | B50: C | C50: 1 | D50: 2 | E50: =D50-C50 -> 1 | G50: X | K50: X | N50: X | Q50: X | S50: X | W50: =IF(COUNTA(F50:U50)=0,"— não preenchido",IF(COUNTIF(F50:J50,"X")<>1,"FALTA/DUPLA: CONDIÇÃO DO PAVIMENTO",IF(COUNTIF(K50:L50,"X")<>1,"FALTA/DUPLA: VEGETAÇÃO",IF(COUNTIF(M50:O50,"X")<>1,"FALTA/DUPLA: ELEM. DE DRENAGEM",IF(COUNTIF(P50:R50,"X")<>1,"FALTA/DUPLA: SIN. HORIZ.",IF(COUNTIF(S50:U50,"X")<>1,"FALTA/DUPLA: SIN. VERTICAL","OK")))))) -> OK
A51: ACESSO01 | B51: C | C51: 2 | D51: 3 | E51: =D51-C51 -> 1 | G51: X | K51: X | N51: X | Q51: X | S51: X | W51: =IF(COUNTA(F51:U51)=0,"— não preenchido",IF(COUNTIF(F51:J51,"X")<>1,"FALTA/DUPLA: CONDIÇÃO DO PAVIMENTO",IF(COUNTIF(K51:L51,"X")<>1,"FALTA/DUPLA: VEGETAÇÃO",IF(COUNTIF(M51:O51,"X")<>1,"FALTA/DUPLA: ELEM. DE DRENAGEM",IF(COUNTIF(P51:R51,"X")<>1,"FALTA/DUPLA: SIN. HORIZ.",IF(COUNTIF(S51:U51,"X")<>1,"FALTA/DUPLA: SIN. VERTICAL","OK")))))) -> OK
A52: ACESSO01 | B52: C | C52: 3 | D52: 4 | E52: =D52-C52 -> 1 | G52: X | K52: X | N52: X | Q52: X | S52: X | W52: =IF(COUNTA(F52:U52)=0,"— não preenchido",IF(COUNTIF(F52:J52,"X")<>1,"FALTA/DUPLA: CONDIÇÃO DO PAVIMENTO",IF(COUNTIF(K52:L52,"X")<>1,"FALTA/DUPLA: VEGETAÇÃO",IF(COUNTIF(M52:O52,"X")<>1,"FALTA/DUPLA: ELEM. DE DRENAGEM",IF(COUNTIF(P52:R52,"X")<>1,"FALTA/DUPLA: SIN. HORIZ.",IF(COUNTIF(S52:U52,"X")<>1,"FALTA/DUPLA: SIN. VERTICAL","OK")))))) -> OK
A53: ACESSO01 | B53: C | C53: 4 | D53: 5 | E53: =D53-C53 -> 1 | G53: X | K53: X | N53: X | Q53: X | S53: X | W53: =IF(COUNTA(F53:U53)=0,"— não preenchido",IF(COUNTIF(F53:J53,"X")<>1,"FALTA/DUPLA: CONDIÇÃO DO PAVIMENTO",IF(COUNTIF(K53:L53,"X")<>1,"FALTA/DUPLA: VEGETAÇÃO",IF(COUNTIF(M53:O53,"X")<>1,"FALTA/DUPLA: ELEM. DE DRENAGEM",IF(COUNTIF(P53:R53,"X")<>1,"FALTA/DUPLA: SIN. HORIZ.",IF(COUNTIF(S53:U53,"X")<>1,"FALTA/DUPLA: SIN. VERTICAL","OK")))))) -> OK
A54: ACESSO01 | B54: C | C54: 5 | D54: 6 | E54: =D54-C54 -> 1 | G54: X | K54: X | N54: X | Q54: X | S54: X | W54: =IF(COUNTA(F54:U54)=0,"— não preenchido",IF(COUNTIF(F54:J54,"X")<>1,"FALTA/DUPLA: CONDIÇÃO DO PAVIMENTO",IF(COUNTIF(K54:L54,"X")<>1,"FALTA/DUPLA: VEGETAÇÃO",IF(COUNTIF(M54:O54,"X")<>1,"FALTA/DUPLA: ELEM. DE DRENAGEM",IF(COUNTIF(P54:R54,"X")<>1,"FALTA/DUPLA: SIN. HORIZ.",IF(COUNTIF(S54:U54,"X")<>1,"FALTA/DUPLA: SIN. VERTICAL","OK")))))) -> OK
A55: ACESSO01 | B55: C | C55: 6 | D55: 7 | E55: =D55-C55 -> 1 | G55: X | K55: X | N55: X | Q55: X | S55: X | W55: =IF(COUNTA(F55:U55)=0,"— não preenchido",IF(COUNTIF(F55:J55,"X")<>1,"FALTA/DUPLA: CONDIÇÃO DO PAVIMENTO",IF(COUNTIF(K55:L55,"X")<>1,"FALTA/DUPLA: VEGETAÇÃO",IF(COUNTIF(M55:O55,"X")<>1,"FALTA/DUPLA: ELEM. DE DRENAGEM",IF(COUNTIF(P55:R55,"X")<>1,"FALTA/DUPLA: SIN. HORIZ.",IF(COUNTIF(S55:U55,"X")<>1,"FALTA/DUPLA: SIN. VERTICAL","OK")))))) -> OK
A56: ACESSO01 | B56: C | C56: 7 | D56: 8 | E56: =D56-C56 -> 1 | G56: X | K56: X | N56: X | Q56: X | S56: X | W56: =IF(COUNTA(F56:U56)=0,"— não preenchido",IF(COUNTIF(F56:J56,"X")<>1,"FALTA/DUPLA: CONDIÇÃO DO PAVIMENTO",IF(COUNTIF(K56:L56,"X")<>1,"FALTA/DUPLA: VEGETAÇÃO",IF(COUNTIF(M56:O56,"X")<>1,"FALTA/DUPLA: ELEM. DE DRENAGEM",IF(COUNTIF(P56:R56,"X")<>1,"FALTA/DUPLA: SIN. HORIZ.",IF(COUNTIF(S56:U56,"X")<>1,"FALTA/DUPLA: SIN. VERTICAL","OK")))))) -> OK
A57: ACESSO01 | B57: C | C57: 8 | D57: 8.9931637 | E57: =D57-C57 -> 0.9931637 | G57: X | K57: X | N57: X | Q57: X | S57: X | W57: =IF(COUNTA(F57:U57)=0,"— não preenchido",IF(COUNTIF(F57:J57,"X")<>1,"FALTA/DUPLA: CONDIÇÃO DO PAVIMENTO",IF(COUNTIF(K57:L57,"X")<>1,"FALTA/DUPLA: VEGETAÇÃO",IF(COUNTIF(M57:O57,"X")<>1,"FALTA/DUPLA: ELEM. DE DRENAGEM",IF(COUNTIF(P57:R57,"X")<>1,"FALTA/DUPLA: SIN. HORIZ.",IF(COUNTIF(S57:U57,"X")<>1,"FALTA/DUPLA: SIN. VERTICAL","OK")))))) -> OK
A59: ____________________________________________ | G59: ____________________________________________
A60: TÉCNICO RESPONSÁVEL PELA INSPEÇÃO | G60: VISTO DA SUPERVISÃO
A62: RESUMO DO TRECHO — KM LANÇADO POR ITEM
A63: KM LANÇADO | F63: =SUMIF(F$9:F$57,"X",$E$9:$E$57) -> 0 | G63: =SUMIF(G$9:G$57,"X",$E$9:$E$57) -> 37.060747 | H63: =SUMIF(H$9:H$57,"X",$E$9:$E$57) -> 6.0971139 | I63: =SUMIF(I$9:I$57,"X",$E$9:$E$57) -> 0 | J63: =SUMIF(J$9:J$57,"X",$E$9:$E$57) -> 0 | K63: =SUMIF(K$9:K$57,"X",$E$9:$E$57) -> 43.157861 | L63: =SUMIF(L$9:L$57,"X",$E$9:$E$57) -> 0 | M63: =SUMIF(M$9:M$57,"X",$E$9:$E$57) -> 2.8557688 | ... U63: =SUMIF(U$9:U$57,"X",$E$9:$E$57) -> 0
A64: % DA EXTENSÃO | F64: =IF($R66=0,0,F63/$R66) -> 0 | G64: =IF($R66=0,0,G63/$R66) -> 0.8587253 | H64: =IF($R66=0,0,H63/$R66) -> 0.1412747 | I64: =IF($R66=0,0,I63/$R66) -> 0 | J64: =IF($R66=0,0,J63/$R66) -> 0 | K64: =IF($R66=0,0,K63/$R66) -> 1 | L64: =IF($R66=0,0,L63/$R66) -> 0 | M64: =IF($R66=0,0,M63/$R66) -> 0.066170304 | ... U64: =IF($R66=0,0,U63/$R66) -> 0
A65: CONFERÊNCIA POR GRUPO | F65: =IF(SUM(F63:J63)=0,"— não preenchido",IF(ROUND(SUM(F63:J63)-$R66,3)=0,"OK — "&ROUND(SUM(F63:J63),3)&" km","ERRO — dif. de "&ROUND(SUM(F63:J63)-$R66,3)&" km")) -> OK — 43,158 km | K65: =IF(SUM(K63:L63)=0,"— não preenchido",IF(ROUND(SUM(K63:L63)-$R66,3)=0,"OK — "&ROUND(SUM(K63:L63),3)&" km","ERRO — dif. de "&ROUND(SUM(K63:L63)-$R66,3)&" km")) -> OK — 43,158 km | M65: =IF(SUM(M63:O63)=0,"— não preenchido",IF(ROUND(SUM(M63:O63)-$R66,3)=0,"OK — "&ROUND(SUM(M63:O63),3)&" km","ERRO — dif. de "&ROUND(SUM(M63:O63)-$R66,3)&" km")) -> ERRO — dif. de -11 km | P65: =IF(SUM(P63:R63)=0,"— não preenchido",IF(ROUND(SUM(P63:R63)-$R66,3)=0,"OK — "&ROUND(SUM(P63:R63),3)&" km","ERRO — dif. de "&ROUND(SUM(P63:R63)-$R66,3)&" km")) -> OK — 43,158 km | S65: =IF(SUM(S63:U63)=0,"— não preenchido",IF(ROUND(SUM(S63:U63)-$R66,3)=0,"OK — "&ROUND(SUM(S63:U63),3)&" km","ERRO — dif. de "&ROUND(SUM(S63:U63)-$R66,3)&" km")) -> OK — 43,158 km
A66: EXTENSÃO TOTAL DO TRECHO | R66: =SUM(E9:E57) -> 43.157861 | V66: =COUNTIF(W9:W57,"OK")&" de "&COUNT($E$9:$E$57)&" linhas conferidas" -> 34 de 45 linhas conferidas
A68: LEGENDA
A69: REM. I. / REM. L. | E69: Remendos isolados (até 10 por km) · Remendos ao longo (mais de 10 por km)
A70: BUR. I. / BUR. L. | E70: Buracos isolados (até 5 por km) · Buracos ao longo (mais de 5 por km)
A71: SIT. | E71: PPS = pista simples · PSU = simples urbana · PDU = duplicada
A72: FAIXA AZUL | E72: Cabeçalho de cada S.R.E.: descrição, situação, jurisdição, extensão e coordenada de início.
A73: INÍCIO / FIM (KM) | E73: Contados de 0 até o fim de CADA S.R.E. Não é o marco quilométrico da rodovia.
A74: SENT. | E74: C = crescente · D = decrescente
A75: FAIXA CINZA | E75: Segmento fora do escopo do contrato: você passa por ele, mas não preenche.
A76: CÉLULA VERMELHA | E76: Mais de uma X no mesmo grupo. Apague uma delas.
A77: CONFERÊNCIA | E77: Só na tela, não sai impresso. Fica OK com uma X em cada grupo.

Sheet 228
A1: PROGRAMA DE MANUTENÇÃO RODOVIÁRIA — FICHA DE INSPEÇÃO — RODOVIAS PAVIMENTADAS | Y1: Valores dos gráficos — troca 0 por N/D para a fatia não aparecer. Não editar.
A2: REGIÃO: 12 — PEIXE | G2: MÊS / ANO: | K2: DATA: | P2: TÉCNICO: | Y2: =IF(F69=0,NA(),F69) -> 3.9419763 | Z2: =IF(G69=0,NA(),G69) -> 51 | AA2: =IF(H69=0,NA(),H69) -> #N/A | AB2: =IF(I69=0,NA(),I69) -> #N/A | AC2: =IF(J69=0,NA(),J69) -> #N/A | AD2: =IF(K69=0,NA(),K69) -> #N/A | AE2: =IF(L69=0,NA(),L69) -> 54.941976 | AF2: =IF(M69=0,NA(),M69) -> #N/A | ... AN2: =IF(U69=0,NA(),U69) -> #N/A
A3: TRECHO 228 — RODOVIA TO-296 - TRECHO SÃO SALVADOR DO TOCANTINS - PARANÃ | T3: EXTENSÃO: 54,942 km · 1 S.R.E.
A4: COMO PREENCHER: uma X em UMA coluna de cada grupo, por linha. Se houver mais de um defeito no mesmo km, marque o PREDOMINANTE e escreva o resto em OBSERVAÇÕES. A quilometragem é contada de 0 até o fim de CADA S.R.E. (não é o marco da rodovia).
A6: S.R.E. | B6: SENT. | C6: INÍCIO (KM) | D6: FIM (KM) | E6: EXT. (KM) | F6: CONDIÇÃO DO PAVIMENTO | K6: VEGETAÇÃO | M6: ELEM. DE DRENAGEM | P6: SIN. HORIZ. | S6: SIN. VERTICAL | V6: OBSERVAÇÕES | W6: CONFERÊNCIA (só na tela)
F7: BOM | G7: REM. I. | H7: REM. L. | I7: BUR. I. | J7: BUR. L. | K7: ADEQ. | L7: INAD. | M7: LIMP. | N7: SUJO | O7: DANIF. | P7: BOM | Q7: REG. | R7: INEX. | S7: BOM | T7: POUC. | U7: INEX.
A8: S.R.E. 296ETO0220 | ENTR. BR-242 (PARANÃ) - SÃO SALVADOR DO TOCANTINS *TRECHO URBANO* | PPS · Estadual · 54.942 km · início: -12.624276, -47.862564
A9: 296ETO0220 | B9: C | C9: 0 | D9: 1 | E9: =D9-C9 -> 1 | G9: X | L9: X | N9: X | P9: X | T9: X | W9: =IF(COUNTA(F9:U9)=0,"— não preenchido",IF(COUNTIF(F9:J9,"X")<>1,"FALTA/DUPLA: CONDIÇÃO DO PAVIMENTO",IF(COUNTIF(K9:L9,"X")<>1,"FALTA/DUPLA: VEGETAÇÃO",IF(COUNTIF(M9:O9,"X")<>1,"FALTA/DUPLA: ELEM. DE DRENAGEM",IF(COUNTIF(P9:R9,"X")<>1,"FALTA/DUPLA: SIN. HORIZ.",IF(COUNTIF(S9:U9,"X")<>1,"FALTA/DUPLA: SIN. VERTICAL","OK")))))) -> OK
A10: 296ETO0220 | B10: C | C10: 1 | D10: 2 | E10: =D10-C10 -> 1 | G10: X | L10: X | N10: X | P10: X | T10: X | W10: =IF(COUNTA(F10:U10)=0,"— não preenchido",IF(COUNTIF(F10:J10,"X")<>1,"FALTA/DUPLA: CONDIÇÃO DO PAVIMENTO",IF(COUNTIF(K10:L10,"X")<>1,"FALTA/DUPLA: VEGETAÇÃO",IF(COUNTIF(M10:O10,"X")<>1,"FALTA/DUPLA: ELEM. DE DRENAGEM",IF(COUNTIF(P10:R10,"X")<>1,"FALTA/DUPLA: SIN. HORIZ.",IF(COUNTIF(S10:U10,"X")<>1,"FALTA/DUPLA: SIN. VERTICAL","OK")))))) -> OK
A11: 296ETO0220 | B11: C | C11: 2 | D11: 3 | E11: =D11-C11 -> 1 | G11: X | L11: X | N11: X | P11: X | T11: X | W11: =IF(COUNTA(F11:U11)=0,"— não preenchido",IF(COUNTIF(F11:J11,"X")<>1,"FALTA/DUPLA: CONDIÇÃO DO PAVIMENTO",IF(COUNTIF(K11:L11,"X")<>1,"FALTA/DUPLA: VEGETAÇÃO",IF(COUNTIF(M11:O11,"X")<>1,"FALTA/DUPLA: ELEM. DE DRENAGEM",IF(COUNTIF(P11:R11,"X")<>1,"FALTA/DUPLA: SIN. HORIZ.",IF(COUNTIF(S11:U11,"X")<>1,"FALTA/DUPLA: SIN. VERTICAL","OK")))))) -> OK
A12: 296ETO0220 | B12: C | C12: 3 | D12: 4 | E12: =D12-C12 -> 1 | G12: X | L12: X | N12: X | P12: X | T12: X | W12: =IF(COUNTA(F12:U12)=0,"— não preenchido",IF(COUNTIF(F12:J12,"X")<>1,"FALTA/DUPLA: CONDIÇÃO DO PAVIMENTO",IF(COUNTIF(K12:L12,"X")<>1,"FALTA/DUPLA: VEGETAÇÃO",IF(COUNTIF(M12:O12,"X")<>1,"FALTA/DUPLA: ELEM. DE DRENAGEM",IF(COUNTIF(P12:R12,"X")<>1,"FALTA/DUPLA: SIN. HORIZ.",IF(COUNTIF(S12:U12,"X")<>1,"FALTA/DUPLA: SIN. VERTICAL","OK")))))) -> OK
A13: 296ETO0220 | B13: C | C13: 4 | D13: 5 | E13: =D13-C13 -> 1 | G13: X | L13: X | N13: X | P13: X | T13: X | W13: =IF(COUNTA(F13:U13)=0,"— não preenchido",IF(COUNTIF(F13:J13,"X")<>1,"FALTA/DUPLA: CONDIÇÃO DO PAVIMENTO",IF(COUNTIF(K13:L13,"X")<>1,"FALTA/DUPLA: VEGETAÇÃO",IF(COUNTIF(M13:O13,"X")<>1,"FALTA/DUPLA: ELEM. DE DRENAGEM",IF(COUNTIF(P13:R13,"X")<>1,"FALTA/DUPLA: SIN. HORIZ.",IF(COUNTIF(S13:U13,"X")<>1,"FALTA/DUPLA: SIN. VERTICAL","OK")))))) -> OK
A14: 296ETO0220 | B14: C | C14: 5 | D14: 6 | E14: =D14-C14 -> 1 | G14: X | L14: X | N14: X | P14: X | T14: X | W14: =IF(COUNTA(F14:U14)=0,"— não preenchido",IF(COUNTIF(F14:J14,"X")<>1,"FALTA/DUPLA: CONDIÇÃO DO PAVIMENTO",IF(COUNTIF(K14:L14,"X")<>1,"FALTA/DUPLA: VEGETAÇÃO",IF(COUNTIF(M14:O14,"X")<>1,"FALTA/DUPLA: ELEM. DE DRENAGEM",IF(COUNTIF(P14:R14,"X")<>1,"FALTA/DUPLA: SIN. HORIZ.",IF(COUNTIF(S14:U14,"X")<>1,"FALTA/DUPLA: SIN. VERTICAL","OK")))))) -> OK
A15: 296ETO0220 | B15: C | C15: 6 | D15: 7 | E15: =D15-C15 -> 1 | G15: X | L15: X | N15: X | P15: X | T15: X | W15: =IF(COUNTA(F15:U15)=0,"— não preenchido",IF(COUNTIF(F15:J15,"X")<>1,"FALTA/DUPLA: CONDIÇÃO DO PAVIMENTO",IF(COUNTIF(K15:L15,"X")<>1,"FALTA/DUPLA: VEGETAÇÃO",IF(COUNTIF(M15:O15,"X")<>1,"FALTA/DUPLA: ELEM. DE DRENAGEM",IF(COUNTIF(P15:R15,"X")<>1,"FALTA/DUPLA: SIN. HORIZ.",IF(COUNTIF(S15:U15,"X")<>1,"FALTA/DUPLA: SIN. VERTICAL","OK")))))) -> OK
A16: 296ETO0220 | B16: C | C16: 7 | D16: 8 | E16: =D16-C16 -> 1 | G16: X | L16: X | N16: X | P16: X | T16: X | W16: =IF(COUNTA(F16:U16)=0,"— não preenchido",IF(COUNTIF(F16:J16,"X")<>1,"FALTA/DUPLA: CONDIÇÃO DO PAVIMENTO",IF(COUNTIF(K16:L16,"X")<>1,"FALTA/DUPLA: VEGETAÇÃO",IF(COUNTIF(M16:O16,"X")<>1,"FALTA/DUPLA: ELEM. DE DRENAGEM",IF(COUNTIF(P16:R16,"X")<>1,"FALTA/DUPLA: SIN. HORIZ.",IF(COUNTIF(S16:U16,"X")<>1,"FALTA/DUPLA: SIN. VERTICAL","OK")))))) -> OK
A17: 296ETO0220 | B17: C | C17: 8 | D17: 9 | E17: =D17-C17 -> 1 | G17: X | L17: X | N17: X | P17: X | T17: X | W17: =IF(COUNTA(F17:U17)=0,"— não preenchido",IF(COUNTIF(F17:J17,"X")<>1,"FALTA/DUPLA: CONDIÇÃO DO PAVIMENTO",IF(COUNTIF(K17:L17,"X")<>1,"FALTA/DUPLA: VEGETAÇÃO",IF(COUNTIF(M17:O17,"X")<>1,"FALTA/DUPLA: ELEM. DE DRENAGEM",IF(COUNTIF(P17:R17,"X")<>1,"FALTA/DUPLA: SIN. HORIZ.",IF(COUNTIF(S17:U17,"X")<>1,"FALTA/DUPLA: SIN. VERTICAL","OK")))))) -> OK
A18: 296ETO0220 | B18: C | C18: 9 | D18: 10 | E18: =D18-C18 -> 1 | G18: X | L18: X | N18: X | P18: X | T18: X | W18: =IF(COUNTA(F18:U18)=0,"— não preenchido",IF(COUNTIF(F18:J18,"X")<>1,"FALTA/DUPLA: CONDIÇÃO DO PAVIMENTO",IF(COUNTIF(K18:L18,"X")<>1,"FALTA/DUPLA: VEGETAÇÃO",IF(COUNTIF(M18:O18,"X")<>1,"FALTA/DUPLA: ELEM. DE DRENAGEM",IF(COUNTIF(P18:R18,"X")<>1,"FALTA/DUPLA: SIN. HORIZ.",IF(COUNTIF(S18:U18,"X")<>1,"FALTA/DUPLA: SIN. VERTICAL","OK")))))) -> OK
A19: 296ETO0220 | B19: C | C19: 10 | D19: 11 | E19: =D19-C19 -> 1 | G19: X | L19: X | N19: X | P19: X | T19: X | W19: =IF(COUNTA(F19:U19)=0,"— não preenchido",IF(COUNTIF(F19:J19,"X")<>1,"FALTA/DUPLA: CONDIÇÃO DO PAVIMENTO",IF(COUNTIF(K19:L19,"X")<>1,"FALTA/DUPLA: VEGETAÇÃO",IF(COUNTIF(M19:O19,"X")<>1,"FALTA/DUPLA: ELEM. DE DRENAGEM",IF(COUNTIF(P19:R19,"X")<>1,"FALTA/DUPLA: SIN. HORIZ.",IF(COUNTIF(S19:U19,"X")<>1,"FALTA/DUPLA: SIN. VERTICAL","OK")))))) -> OK
A20: 296ETO0220 | B20: C | C20: 11 | D20: 12 | E20: =D20-C20 -> 1 | G20: X | L20: X | N20: X | P20: X | T20: X | W20: =IF(COUNTA(F20:U20)=0,"— não preenchido",IF(COUNTIF(F20:J20,"X")<>1,"FALTA/DUPLA: CONDIÇÃO DO PAVIMENTO",IF(COUNTIF(K20:L20,"X")<>1,"FALTA/DUPLA: VEGETAÇÃO",IF(COUNTIF(M20:O20,"X")<>1,"FALTA/DUPLA: ELEM. DE DRENAGEM",IF(COUNTIF(P20:R20,"X")<>1,"FALTA/DUPLA: SIN. HORIZ.",IF(COUNTIF(S20:U20,"X")<>1,"FALTA/DUPLA: SIN. VERTICAL","OK")))))) -> OK
... A59: 296ETO0220 | B59: C | C59: 50 | D59: 51 | E59: =D59-C59 -> 1 | G59: X | L59: X | N59: X | P59: X | T59: X | W59: =IF(COUNTA(F59:U59)=0,"— não preenchido",IF(COUNTIF(F59:J59,"X")<>1,"FALTA/DUPLA: CONDIÇÃO DO PAVIMENTO",IF(COUNTIF(K59:L59,"X")<>1,"FALTA/DUPLA: VEGETAÇÃO",IF(COUNTIF(M59:O59,"X")<>1,"FALTA/DUPLA: ELEM. DE DRENAGEM",IF(COUNTIF(P59:R59,"X")<>1,"FALTA/DUPLA: SIN. HORIZ.",IF(COUNTIF(S59:U59,"X")<>1,"FALTA/DUPLA: SIN. VERTICAL","OK")))))) -> OK
A60: 296ETO0220 | B60: C | C60: 51 | D60: 52 | E60: =D60-C60 -> 1 | F60: X | L60: X | N60: X | P60: X | T60: X | W60: =IF(COUNTA(F60:U60)=0,"— não preenchido",IF(COUNTIF(F60:J60,"X")<>1,"FALTA/DUPLA: CONDIÇÃO DO PAVIMENTO",IF(COUNTIF(K60:L60,"X")<>1,"FALTA/DUPLA: VEGETAÇÃO",IF(COUNTIF(M60:O60,"X")<>1,"FALTA/DUPLA: ELEM. DE DRENAGEM",IF(COUNTIF(P60:R60,"X")<>1,"FALTA/DUPLA: SIN. HORIZ.",IF(COUNTIF(S60:U60,"X")<>1,"FALTA/DUPLA: SIN. VERTICAL","OK")))))) -> OK
A61: 296ETO0220 | B61: C | C61: 52 | D61: 53 | E61: =D61-C61 -> 1 | F61: X | L61: X | N61: X | P61: X | T61: X | W61: =IF(COUNTA(F61:U61)=0,"— não preenchido",IF(COUNTIF(F61:J61,"X")<>1,"FALTA/DUPLA: CONDIÇÃO DO PAVIMENTO",IF(COUNTIF(K61:L61,"X")<>1,"FALTA/DUPLA: VEGETAÇÃO",IF(COUNTIF(M61:O61,"X")<>1,"FALTA/DUPLA: ELEM. DE DRENAGEM",IF(COUNTIF(P61:R61,"X")<>1,"FALTA/DUPLA: SIN. HORIZ.",IF(COUNTIF(S61:U61,"X")<>1,"FALTA/DUPLA: SIN. VERTICAL","OK")))))) -> OK
A62: 296ETO0220 | B62: C | C62: 53 | D62: 54 | E62: =D62-C62 -> 1 | F62: X | L62: X | N62: X | P62: X | T62: X | W62: =IF(COUNTA(F62:U62)=0,"— não preenchido",IF(COUNTIF(F62:J62,"X")<>1,"FALTA/DUPLA: CONDIÇÃO DO PAVIMENTO",IF(COUNTIF(K62:L62,"X")<>1,"FALTA/DUPLA: VEGETAÇÃO",IF(COUNTIF(M62:O62,"X")<>1,"FALTA/DUPLA: ELEM. DE DRENAGEM",IF(COUNTIF(P62:R62,"X")<>1,"FALTA/DUPLA: SIN. HORIZ.",IF(COUNTIF(S62:U62,"X")<>1,"FALTA/DUPLA: SIN. VERTICAL","OK")))))) -> OK
A63: 296ETO0220 | B63: C | C63: 54 | D63: 54.941976 | E63: =D63-C63 -> 0.94197628 | F63: X | L63: X | N63: X | P63: X | T63: X | W63: =IF(COUNTA(F63:U63)=0,"— não preenchido",IF(COUNTIF(F63:J63,"X")<>1,"FALTA/DUPLA: CONDIÇÃO DO PAVIMENTO",IF(COUNTIF(K63:L63,"X")<>1,"FALTA/DUPLA: VEGETAÇÃO",IF(COUNTIF(M63:O63,"X")<>1,"FALTA/DUPLA: ELEM. DE DRENAGEM",IF(COUNTIF(P63:R63,"X")<>1,"FALTA/DUPLA: SIN. HORIZ.",IF(COUNTIF(S63:U63,"X")<>1,"FALTA/DUPLA: SIN. VERTICAL","OK")))))) -> OK
A65: ____________________________________________ | G65: ____________________________________________
A66: TÉCNICO RESPONSÁVEL PELA INSPEÇÃO | G66: VISTO DA SUPERVISÃO
A68: RESUMO DO TRECHO — KM LANÇADO POR ITEM
A69: KM LANÇADO | F69: =SUMIF(F$9:F$63,"X",$E$9:$E$63) -> 3.9419763 | G69: =SUMIF(G$9:G$63,"X",$E$9:$E$63) -> 51 | H69: =SUMIF(H$9:H$63,"X",$E$9:$E$63) -> 0 | I69: =SUMIF(I$9:I$63,"X",$E$9:$E$63) -> 0 | J69: =SUMIF(J$9:J$63,"X",$E$9:$E$63) -> 0 | K69: =SUMIF(K$9:K$63,"X",$E$9:$E$63) -> 0 | L69: =SUMIF(L$9:L$63,"X",$E$9:$E$63) -> 54.941976 | M69: =SUMIF(M$9:M$63,"X",$E$9:$E$63) -> 0 | ... U69: =SUMIF(U$9:U$63,"X",$E$9:$E$63) -> 0
A70: % DA EXTENSÃO | F70: =IF($R72=0,0,F69/$R72) -> 0.071747989 | G70: =IF($R72=0,0,G69/$R72) -> 0.92825201 | H70: =IF($R72=0,0,H69/$R72) -> 0 | I70: =IF($R72=0,0,I69/$R72) -> 0 | J70: =IF($R72=0,0,J69/$R72) -> 0 | K70: =IF($R72=0,0,K69/$R72) -> 0 | L70: =IF($R72=0,0,L69/$R72) -> 1 | M70: =IF($R72=0,0,M69/$R72) -> 0 | ... U70: =IF($R72=0,0,U69/$R72) -> 0
A71: CONFERÊNCIA POR GRUPO | F71: =IF(SUM(F69:J69)=0,"— não preenchido",IF(ROUND(SUM(F69:J69)-$R72,3)=0,"OK — "&ROUND(SUM(F69:J69),3)&" km","ERRO — dif. de "&ROUND(SUM(F69:J69)-$R72,3)&" km")) -> OK — 54,942 km | K71: =IF(SUM(K69:L69)=0,"— não preenchido",IF(ROUND(SUM(K69:L69)-$R72,3)=0,"OK — "&ROUND(SUM(K69:L69),3)&" km","ERRO — dif. de "&ROUND(SUM(K69:L69)-$R72,3)&" km")) -> OK — 54,942 km | M71: =IF(SUM(M69:O69)=0,"— não preenchido",IF(ROUND(SUM(M69:O69)-$R72,3)=0,"OK — "&ROUND(SUM(M69:O69),3)&" km","ERRO — dif. de "&ROUND(SUM(M69:O69)-$R72,3)&" km")) -> OK — 54,942 km | P71: =IF(SUM(P69:R69)=0,"— não preenchido",IF(ROUND(SUM(P69:R69)-$R72,3)=0,"OK — "&ROUND(SUM(P69:R69),3)&" km","ERRO — dif. de "&ROUND(SUM(P69:R69)-$R72,3)&" km")) -> OK — 54,942 km | S71: =IF(SUM(S69:U69)=0,"— não preenchido",IF(ROUND(SUM(S69:U69)-$R72,3)=0,"OK — "&ROUND(SUM(S69:U69),3)&" km","ERRO — dif. de "&ROUND(SUM(S69:U69)-$R72,3)&" km")) -> OK — 54,942 km
A72: EXTENSÃO TOTAL DO TRECHO | R72: =SUM(E9:E63) -> 54.941976 | V72: =COUNTIF(W9:W63,"OK")&" de "&COUNT($E$9:$E$63)&" linhas conferidas" -> 55 de 55 linhas conferidas
A74: LEGENDA
A75: REM. I. / REM. L. | E75: Remendos isolados (até 10 por km) · Remendos ao longo (mais de 10 por km)
A76: BUR. I. / BUR. L. | E76: Buracos isolados (até 5 por km) · Buracos ao longo (mais de 5 por km)
A77: SIT. | E77: PPS = pista simples · PSU = simples urbana · PDU = duplicada
A78: FAIXA AZUL | E78: Cabeçalho de cada S.R.E.: descrição, situação, jurisdição, extensão e coordenada de início.
A79: INÍCIO / FIM (KM) | E79: Contados de 0 até o fim de CADA S.R.E. Não é o marco quilométrico da rodovia.
A80: SENT. | E80: C = crescente · D = decrescente
A81: FAIXA CINZA | E81: Segmento fora do escopo do contrato: você passa por ele, mas não preenche.
A82: CÉLULA VERMELHA | E82: Mais de uma X no mesmo grupo. Apague uma delas.
A83: CONFERÊNCIA | E83: Só na tela, não sai impresso. Fica OK com uma X em cada grupo.

Sheet 229
A1: PROGRAMA DE MANUTENÇÃO RODOVIÁRIA — FICHA DE INSPEÇÃO — RODOVIAS PAVIMENTADAS | Y1: Valores dos gráficos — troca 0 por N/D para a fatia não aparecer. Não editar.
A2: REGIÃO: 12 — PEIXE | G2: MÊS / ANO: | K2: DATA: | P2: TÉCNICO: | Y2: =IF(F21=0,NA(),F21) -> 0.4386593 | Z2: =IF(G21=0,NA(),G21) -> #N/A | AA2: =IF(H21=0,NA(),H21) -> 1.9699466 | AB2: =IF(I21=0,NA(),I21) -> #N/A | AC2: =IF(J21=0,NA(),J21) -> #N/A | AD2: =IF(K21=0,NA(),K21) -> 2.4086059 | AE2: =IF(L21=0,NA(),L21) -> #N/A | AF2: =IF(M21=0,NA(),M21) -> 0.4386593 | ... AN2: =IF(U21=0,NA(),U21) -> #N/A
A3: TRECHO 229 — RODOVIA TO-296 - TRECHO JAÚ DO TOCANTINS - SÃO SALVADOR DO TOCANTINS | T3: EXTENSÃO: 2,409 km · 3 S.R.E.
A4: COMO PREENCHER: uma X em UMA coluna de cada grupo, por linha. Se houver mais de um defeito no mesmo km, marque o PREDOMINANTE e escreva o resto em OBSERVAÇÕES. A quilometragem é contada de 0 até o fim de CADA S.R.E. (não é o marco da rodovia).
A6: S.R.E. | B6: SENT. | C6: INÍCIO (KM) | D6: FIM (KM) | E6: EXT. (KM) | F6: CONDIÇÃO DO PAVIMENTO | K6: VEGETAÇÃO | M6: ELEM. DE DRENAGEM | P6: SIN. HORIZ. | S6: SIN. VERTICAL | V6: OBSERVAÇÕES | W6: CONFERÊNCIA (só na tela)
F7: BOM | G7: REM. I. | H7: REM. L. | I7: BUR. I. | J7: BUR. L. | K7: ADEQ. | L7: INAD. | M7: LIMP. | N7: SUJO | O7: DANIF. | P7: BOM | Q7: REG. | R7: INEX. | S7: BOM | T7: POUC. | U7: INEX.
A8: S.R.E. 296ETO0230 | SÃO SALVADOR DO TOCANTINS *TRECHO URBANO* - ENTR. TO-387 | PPS · Estadual · 1.970 km · início: -12.754409, -48.252518
A9: 296ETO0230 | B9: C | C9: 0 | D9: 1 | E9: =D9-C9 -> 1 | H9: X | K9: X | N9: X | Q9: X | T9: X | W9: =IF(COUNTA(F9:U9)=0,"— não preenchido",IF(COUNTIF(F9:J9,"X")<>1,"FALTA/DUPLA: CONDIÇÃO DO PAVIMENTO",IF(COUNTIF(K9:L9,"X")<>1,"FALTA/DUPLA: VEGETAÇÃO",IF(COUNTIF(M9:O9,"X")<>1,"FALTA/DUPLA: ELEM. DE DRENAGEM",IF(COUNTIF(P9:R9,"X")<>1,"FALTA/DUPLA: SIN. HORIZ.",IF(COUNTIF(S9:U9,"X")<>1,"FALTA/DUPLA: SIN. VERTICAL","OK")))))) -> OK
A10: 296ETO0230 | B10: C | C10: 1 | D10: 1.9699466 | E10: =D10-C10 -> 0.96994655 | H10: X | K10: X | N10: X | Q10: X | T10: X | W10: =IF(COUNTA(F10:U10)=0,"— não preenchido",IF(COUNTIF(F10:J10,"X")<>1,"FALTA/DUPLA: CONDIÇÃO DO PAVIMENTO",IF(COUNTIF(K10:L10,"X")<>1,"FALTA/DUPLA: VEGETAÇÃO",IF(COUNTIF(M10:O10,"X")<>1,"FALTA/DUPLA: ELEM. DE DRENAGEM",IF(COUNTIF(P10:R10,"X")<>1,"FALTA/DUPLA: SIN. HORIZ.",IF(COUNTIF(S10:U10,"X")<>1,"FALTA/DUPLA: SIN. VERTICAL","OK")))))) -> OK
A11: ▲ AQUI HÁ 81.718 km FORA DO ESCOPO DO CONTRATO (perímetro urbano de jurisdição municipal). Você passa por ele, mas NÃO preenche.
A12: S.R.E. 296ETO0261 | JAÚ DO TOCANTINS *TRECHO URBANO* | PSU · Municipal · 0.198 km · início: -12.648667, -48.591215
A13: 296ETO0261 | B13: C | C13: 0 | D13: 0.19788955 | E13: =D13-C13 -> 0.19788955 | F13: X | K13: X | M13: X | Q13: X | T13: X | W13: =IF(COUNTA(F13:U13)=0,"— não preenchido",IF(COUNTIF(F13:J13,"X")<>1,"FALTA/DUPLA: CONDIÇÃO DO PAVIMENTO",IF(COUNTIF(K13:L13,"X")<>1,"FALTA/DUPLA: VEGETAÇÃO",IF(COUNTIF(M13:O13,"X")<>1,"FALTA/DUPLA: ELEM. DE DRENAGEM",IF(COUNTIF(P13:R13,"X")<>1,"FALTA/DUPLA: SIN. HORIZ.",IF(COUNTIF(S13:U13,"X")<>1,"FALTA/DUPLA: SIN. VERTICAL","OK")))))) -> OK
A14: S.R.E. 296ETO0262 | JAÚ DO TOCANTINS *TRECHO URBANO* | PSU · Municipal · 0.241 km · início: -12.65172, -48.593217
A15: 296ETO0262 | B15: C | C15: 0 | D15: 0.24076975 | E15: =D15-C15 -> 0.24076975 | F15: X | K15: X | M15: X | Q15: X | T15: X | W15: =IF(COUNTA(F15:U15)=0,"— não preenchido",IF(COUNTIF(F15:J15,"X")<>1,"FALTA/DUPLA: CONDIÇÃO DO PAVIMENTO",IF(COUNTIF(K15:L15,"X")<>1,"FALTA/DUPLA: VEGETAÇÃO",IF(COUNTIF(M15:O15,"X")<>1,"FALTA/DUPLA: ELEM. DE DRENAGEM",IF(COUNTIF(P15:R15,"X")<>1,"FALTA/DUPLA: SIN. HORIZ.",IF(COUNTIF(S15:U15,"X")<>1,"FALTA/DUPLA: SIN. VERTICAL","OK")))))) -> OK
A17: ____________________________________________ | G17: ____________________________________________
A18: TÉCNICO RESPONSÁVEL PELA INSPEÇÃO | G18: VISTO DA SUPERVISÃO
A20: RESUMO DO TRECHO — KM LANÇADO POR ITEM
A21: KM LANÇADO | F21: =SUMIF(F$9:F$15,"X",$E$9:$E$15) -> 0.4386593 | G21: =SUMIF(G$9:G$15,"X",$E$9:$E$15) -> 0 | H21: =SUMIF(H$9:H$15,"X",$E$9:$E$15) -> 1.9699466 | I21: =SUMIF(I$9:I$15,"X",$E$9:$E$15) -> 0 | J21: =SUMIF(J$9:J$15,"X",$E$9:$E$15) -> 0 | K21: =SUMIF(K$9:K$15,"X",$E$9:$E$15) -> 2.4086059 | L21: =SUMIF(L$9:L$15,"X",$E$9:$E$15) -> 0 | M21: =SUMIF(M$9:M$15,"X",$E$9:$E$15) -> 0.4386593 | ... U21: =SUMIF(U$9:U$15,"X",$E$9:$E$15) -> 0
A22: % DA EXTENSÃO | F22: =IF($R24=0,0,F21/$R24) -> 0.18212166 | G22: =IF($R24=0,0,G21/$R24) -> 0 | H22: =IF($R24=0,0,H21/$R24) -> 0.81787834 | I22: =IF($R24=0,0,I21/$R24) -> 0 | J22: =IF($R24=0,0,J21/$R24) -> 0 | K22: =IF($R24=0,0,K21/$R24) -> 1 | L22: =IF($R24=0,0,L21/$R24) -> 0 | M22: =IF($R24=0,0,M21/$R24) -> 0.18212166 | ... U22: =IF($R24=0,0,U21/$R24) -> 0
A23: CONFERÊNCIA POR GRUPO | F23: =IF(SUM(F21:J21)=0,"— não preenchido",IF(ROUND(SUM(F21:J21)-$R24,3)=0,"OK — "&ROUND(SUM(F21:J21),3)&" km","ERRO — dif. de "&ROUND(SUM(F21:J21)-$R24,3)&" km")) -> OK — 2,409 km | K23: =IF(SUM(K21:L21)=0,"— não preenchido",IF(ROUND(SUM(K21:L21)-$R24,3)=0,"OK — "&ROUND(SUM(K21:L21),3)&" km","ERRO — dif. de "&ROUND(SUM(K21:L21)-$R24,3)&" km")) -> OK — 2,409 km | M23: =IF(SUM(M21:O21)=0,"— não preenchido",IF(ROUND(SUM(M21:O21)-$R24,3)=0,"OK — "&ROUND(SUM(M21:O21),3)&" km","ERRO — dif. de "&ROUND(SUM(M21:O21)-$R24,3)&" km")) -> OK — 2,409 km | P23: =IF(SUM(P21:R21)=0,"— não preenchido",IF(ROUND(SUM(P21:R21)-$R24,3)=0,"OK — "&ROUND(SUM(P21:R21),3)&" km","ERRO — dif. de "&ROUND(SUM(P21:R21)-$R24,3)&" km")) -> OK — 2,409 km | S23: =IF(SUM(S21:U21)=0,"— não preenchido",IF(ROUND(SUM(S21:U21)-$R24,3)=0,"OK — "&ROUND(SUM(S21:U21),3)&" km","ERRO — dif. de "&ROUND(SUM(S21:U21)-$R24,3)&" km")) -> OK — 2,409 km
A24: EXTENSÃO TOTAL DO TRECHO | R24: =SUM(E9:E15) -> 2.4086059 | V24: =COUNTIF(W9:W15,"OK")&" de "&COUNT($E$9:$E$15)&" linhas conferidas" -> 4 de 4 linhas conferidas
A26: LEGENDA
A27: REM. I. / REM. L. | E27: Remendos isolados (até 10 por km) · Remendos ao longo (mais de 10 por km)
A28: BUR. I. / BUR. L. | E28: Buracos isolados (até 5 por km) · Buracos ao longo (mais de 5 por km)
A29: SIT. | E29: PPS = pista simples · PSU = simples urbana · PDU = duplicada
A30: FAIXA AZUL | E30: Cabeçalho de cada S.R.E.: descrição, situação, jurisdição, extensão e coordenada de início.
A31: INÍCIO / FIM (KM) | E31: Contados de 0 até o fim de CADA S.R.E. Não é o marco quilométrico da rodovia.
A32: SENT. | E32: C = crescente · D = decrescente
A33: FAIXA CINZA | E33: Segmento fora do escopo do contrato: você passa por ele, mas não preenche.
A34: CÉLULA VERMELHA | E34: Mais de uma X no mesmo grupo. Apague uma delas.
A35: CONFERÊNCIA | E35: Só na tela, não sai impresso. Fica OK com uma X em cada grupo.

Sheet 230
A1: PROGRAMA DE MANUTENÇÃO RODOVIÁRIA — FICHA DE INSPEÇÃO — RODOVIAS PAVIMENTADAS | Y1: Valores dos gráficos — troca 0 por N/D para a fatia não aparecer. Não editar.
A2: REGIÃO: 12 — PEIXE | G2: MÊS / ANO: | K2: DATA: | P2: TÉCNICO: | Y2: =IF(F79=0,NA(),F79) -> 13.519213 | Z2: =IF(G79=0,NA(),G79) -> 28.384522 | AA2: =IF(H79=0,NA(),H79) -> 10 | AB2: =IF(I79=0,NA(),I79) -> #N/A | AC2: =IF(J79=0,NA(),J79) -> 11 | AD2: =IF(K79=0,NA(),K79) -> 1 | AE2: =IF(L79=0,NA(),L79) -> 61.903735 | AF2: =IF(M79=0,NA(),M79) -> #N/A | ... AN2: =IF(U79=0,NA(),U79) -> #N/A
A3: TRECHO 230 — RODOVIA TO-296 - TALISMÃ - ENTR. TO-498 (JAÚ DO TOCANTINS) | T3: EXTENSÃO: 62,904 km · 2 S.R.E.
A4: COMO PREENCHER: uma X em UMA coluna de cada grupo, por linha. Se houver mais de um defeito no mesmo km, marque o PREDOMINANTE e escreva o resto em OBSERVAÇÕES. A quilometragem é contada de 0 até o fim de CADA S.R.E. (não é o marco da rodovia).
A6: S.R.E. | B6: SENT. | C6: INÍCIO (KM) | D6: FIM (KM) | E6: EXT. (KM) | F6: CONDIÇÃO DO PAVIMENTO | K6: VEGETAÇÃO | M6: ELEM. DE DRENAGEM | P6: SIN. HORIZ. | S6: SIN. VERTICAL | V6: OBSERVAÇÕES | W6: CONFERÊNCIA (só na tela)
F7: BOM | G7: REM. I. | H7: REM. L. | I7: BUR. I. | J7: BUR. L. | K7: ADEQ. | L7: INAD. | M7: LIMP. | N7: SUJO | O7: DANIF. | P7: BOM | Q7: REG. | R7: INEX. | S7: BOM | T7: POUC. | U7: INEX.
A8: S.R.E. 296ETO0300 | ENTR. TO-498 - ENTR. TO-495 | PPS · Estadual · 16.519 km · início: -12.619321, -48.613501
A9: 296ETO0300 | B9: C | C9: 0 | D9: 1 | E9: =D9-C9 -> 1 | F9: X | K9: X | N9: X | Q9: X | T9: X | W9: =IF(COUNTA(F9:U9)=0,"— não preenchido",IF(COUNTIF(F9:J9,"X")<>1,"FALTA/DUPLA: CONDIÇÃO DO PAVIMENTO",IF(COUNTIF(K9:L9,"X")<>1,"FALTA/DUPLA: VEGETAÇÃO",IF(COUNTIF(M9:O9,"X")<>1,"FALTA/DUPLA: ELEM. DE DRENAGEM",IF(COUNTIF(P9:R9,"X")<>1,"FALTA/DUPLA: SIN. HORIZ.",IF(COUNTIF(S9:U9,"X")<>1,"FALTA/DUPLA: SIN. VERTICAL","OK")))))) -> OK
A10: 296ETO0300 | B10: C | C10: 1 | D10: 2 | E10: =D10-C10 -> 1 | G10: X | L10: X | N10: X | Q10: X | T10: X | W10: =IF(COUNTA(F10:U10)=0,"— não preenchido",IF(COUNTIF(F10:J10,"X")<>1,"FALTA/DUPLA: CONDIÇÃO DO PAVIMENTO",IF(COUNTIF(K10:L10,"X")<>1,"FALTA/DUPLA: VEGETAÇÃO",IF(COUNTIF(M10:O10,"X")<>1,"FALTA/DUPLA: ELEM. DE DRENAGEM",IF(COUNTIF(P10:R10,"X")<>1,"FALTA/DUPLA: SIN. HORIZ.",IF(COUNTIF(S10:U10,"X")<>1,"FALTA/DUPLA: SIN. VERTICAL","OK")))))) -> OK
A11: 296ETO0300 | B11: C | C11: 2 | D11: 3 | E11: =D11-C11 -> 1 | F11: X | L11: X | N11: X | Q11: X | T11: X | W11: =IF(COUNTA(F11:U11)=0,"— não preenchido",IF(COUNTIF(F11:J11,"X")<>1,"FALTA/DUPLA: CONDIÇÃO DO PAVIMENTO",IF(COUNTIF(K11:L11,"X")<>1,"FALTA/DUPLA: VEGETAÇÃO",IF(COUNTIF(M11:O11,"X")<>1,"FALTA/DUPLA: ELEM. DE DRENAGEM",IF(COUNTIF(P11:R11,"X")<>1,"FALTA/DUPLA: SIN. HORIZ.",IF(COUNTIF(S11:U11,"X")<>1,"FALTA/DUPLA: SIN. VERTICAL","OK")))))) -> OK
A12: 296ETO0300 | B12: C | C12: 3 | D12: 4 | E12: =D12-C12 -> 1 | F12: X | L12: X | N12: X | Q12: X | T12: X | W12: =IF(COUNTA(F12:U12)=0,"— não preenchido",IF(COUNTIF(F12:J12,"X")<>1,"FALTA/DUPLA: CONDIÇÃO DO PAVIMENTO",IF(COUNTIF(K12:L12,"X")<>1,"FALTA/DUPLA: VEGETAÇÃO",IF(COUNTIF(M12:O12,"X")<>1,"FALTA/DUPLA: ELEM. DE DRENAGEM",IF(COUNTIF(P12:R12,"X")<>1,"FALTA/DUPLA: SIN. HORIZ.",IF(COUNTIF(S12:U12,"X")<>1,"FALTA/DUPLA: SIN. VERTICAL","OK")))))) -> OK
A13: 296ETO0300 | B13: C | C13: 4 | D13: 5 | E13: =D13-C13 -> 1 | J13: X | L13: X | N13: X | Q13: X | T13: X | W13: =IF(COUNTA(F13:U13)=0,"— não preenchido",IF(COUNTIF(F13:J13,"X")<>1,"FALTA/DUPLA: CONDIÇÃO DO PAVIMENTO",IF(COUNTIF(K13:L13,"X")<>1,"FALTA/DUPLA: VEGETAÇÃO",IF(COUNTIF(M13:O13,"X")<>1,"FALTA/DUPLA: ELEM. DE DRENAGEM",IF(COUNTIF(P13:R13,"X")<>1,"FALTA/DUPLA: SIN. HORIZ.",IF(COUNTIF(S13:U13,"X")<>1,"FALTA/DUPLA: SIN. VERTICAL","OK")))))) -> OK
A14: 296ETO0300 | B14: C | C14: 5 | D14: 6 | E14: =D14-C14 -> 1 | J14: X | L14: X | N14: X | Q14: X | T14: X | W14: =IF(COUNTA(F14:U14)=0,"— não preenchido",IF(COUNTIF(F14:J14,"X")<>1,"FALTA/DUPLA: CONDIÇÃO DO PAVIMENTO",IF(COUNTIF(K14:L14,"X")<>1,"FALTA/DUPLA: VEGETAÇÃO",IF(COUNTIF(M14:O14,"X")<>1,"FALTA/DUPLA: ELEM. DE DRENAGEM",IF(COUNTIF(P14:R14,"X")<>1,"FALTA/DUPLA: SIN. HORIZ.",IF(COUNTIF(S14:U14,"X")<>1,"FALTA/DUPLA: SIN. VERTICAL","OK")))))) -> OK
A15: 296ETO0300 | B15: C | C15: 6 | D15: 7 | E15: =D15-C15 -> 1 | J15: X | L15: X | N15: X | Q15: X | T15: X | W15: =IF(COUNTA(F15:U15)=0,"— não preenchido",IF(COUNTIF(F15:J15,"X")<>1,"FALTA/DUPLA: CONDIÇÃO DO PAVIMENTO",IF(COUNTIF(K15:L15,"X")<>1,"FALTA/DUPLA: VEGETAÇÃO",IF(COUNTIF(M15:O15,"X")<>1,"FALTA/DUPLA: ELEM. DE DRENAGEM",IF(COUNTIF(P15:R15,"X")<>1,"FALTA/DUPLA: SIN. HORIZ.",IF(COUNTIF(S15:U15,"X")<>1,"FALTA/DUPLA: SIN. VERTICAL","OK")))))) -> OK
A16: 296ETO0300 | B16: C | C16: 7 | D16: 8 | E16: =D16-C16 -> 1 | J16: X | L16: X | N16: X | Q16: X | T16: X | W16: =IF(COUNTA(F16:U16)=0,"— não preenchido",IF(COUNTIF(F16:J16,"X")<>1,"FALTA/DUPLA: CONDIÇÃO DO PAVIMENTO",IF(COUNTIF(K16:L16,"X")<>1,"FALTA/DUPLA: VEGETAÇÃO",IF(COUNTIF(M16:O16,"X")<>1,"FALTA/DUPLA: ELEM. DE DRENAGEM",IF(COUNTIF(P16:R16,"X")<>1,"FALTA/DUPLA: SIN. HORIZ.",IF(COUNTIF(S16:U16,"X")<>1,"FALTA/DUPLA: SIN. VERTICAL","OK")))))) -> OK
A17: 296ETO0300 | B17: C | C17: 8 | D17: 9 | E17: =D17-C17 -> 1 | J17: X | L17: X | N17: X | Q17: X | T17: X | W17: =IF(COUNTA(F17:U17)=0,"— não preenchido",IF(COUNTIF(F17:J17,"X")<>1,"FALTA/DUPLA: CONDIÇÃO DO PAVIMENTO",IF(COUNTIF(K17:L17,"X")<>1,"FALTA/DUPLA: VEGETAÇÃO",IF(COUNTIF(M17:O17,"X")<>1,"FALTA/DUPLA: ELEM. DE DRENAGEM",IF(COUNTIF(P17:R17,"X")<>1,"FALTA/DUPLA: SIN. HORIZ.",IF(COUNTIF(S17:U17,"X")<>1,"FALTA/DUPLA: SIN. VERTICAL","OK")))))) -> OK
A18: 296ETO0300 | B18: C | C18: 9 | D18: 10 | E18: =D18-C18 -> 1 | J18: X | L18: X | N18: X | Q18: X | T18: X | W18: =IF(COUNTA(F18:U18)=0,"— não preenchido",IF(COUNTIF(F18:J18,"X")<>1,"FALTA/DUPLA: CONDIÇÃO DO PAVIMENTO",IF(COUNTIF(K18:L18,"X")<>1,"FALTA/DUPLA: VEGETAÇÃO",IF(COUNTIF(M18:O18,"X")<>1,"FALTA/DUPLA: ELEM. DE DRENAGEM",IF(COUNTIF(P18:R18,"X")<>1,"FALTA/DUPLA: SIN. HORIZ.",IF(COUNTIF(S18:U18,"X")<>1,"FALTA/DUPLA: SIN. VERTICAL","OK")))))) -> OK
A19: 296ETO0300 | B19: C | C19: 10 | D19: 11 | E19: =D19-C19 -> 1 | J19: X | L19: X | N19: X | Q19: X | T19: X | W19: =IF(COUNTA(F19:U19)=0,"— não preenchido",IF(COUNTIF(F19:J19,"X")<>1,"FALTA/DUPLA: CONDIÇÃO DO PAVIMENTO",IF(COUNTIF(K19:L19,"X")<>1,"FALTA/DUPLA: VEGETAÇÃO",IF(COUNTIF(M19:O19,"X")<>1,"FALTA/DUPLA: ELEM. DE DRENAGEM",IF(COUNTIF(P19:R19,"X")<>1,"FALTA/DUPLA: SIN. HORIZ.",IF(COUNTIF(S19:U19,"X")<>1,"FALTA/DUPLA: SIN. VERTICAL","OK")))))) -> OK
A20: 296ETO0300 | B20: C | C20: 11 | D20: 12 | E20: =D20-C20 -> 1 | J20: X | L20: X | N20: X | Q20: X | T20: X | W20: =IF(COUNTA(F20:U20)=0,"— não preenchido",IF(COUNTIF(F20:J20,"X")<>1,"FALTA/DUPLA: CONDIÇÃO DO PAVIMENTO",IF(COUNTIF(K20:L20,"X")<>1,"FALTA/DUPLA: VEGETAÇÃO",IF(COUNTIF(M20:O20,"X")<>1,"FALTA/DUPLA: ELEM. DE DRENAGEM",IF(COUNTIF(P20:R20,"X")<>1,"FALTA/DUPLA: SIN. HORIZ.",IF(COUNTIF(S20:U20,"X")<>1,"FALTA/DUPLA: SIN. VERTICAL","OK")))))) -> OK
A21: 296ETO0300 | B21: C | C21: 12 | D21: 13 | E21: =D21-C21 -> 1 | J21: X | L21: X | N21: X | Q21: X | T21: X | W21: =IF(COUNTA(F21:U21)=0,"— não preenchido",IF(COUNTIF(F21:J21,"X")<>1,"FALTA/DUPLA: CONDIÇÃO DO PAVIMENTO",IF(COUNTIF(K21:L21,"X")<>1,"FALTA/DUPLA: VEGETAÇÃO",IF(COUNTIF(M21:O21,"X")<>1,"FALTA/DUPLA: ELEM. DE DRENAGEM",IF(COUNTIF(P21:R21,"X")<>1,"FALTA/DUPLA: SIN. HORIZ.",IF(COUNTIF(S21:U21,"X")<>1,"FALTA/DUPLA: SIN. VERTICAL","OK")))))) -> OK
A22: 296ETO0300 | B22: C | C22: 13 | D22: 14 | E22: =D22-C22 -> 1 | F22: X | L22: X | N22: X | Q22: X | T22: X | W22: =IF(COUNTA(F22:U22)=0,"— não preenchido",IF(COUNTIF(F22:J22,"X")<>1,"FALTA/DUPLA: CONDIÇÃO DO PAVIMENTO",IF(COUNTIF(K22:L22,"X")<>1,"FALTA/DUPLA: VEGETAÇÃO",IF(COUNTIF(M22:O22,"X")<>1,"FALTA/DUPLA: ELEM. DE DRENAGEM",IF(COUNTIF(P22:R22,"X")<>1,"FALTA/DUPLA: SIN. HORIZ.",IF(COUNTIF(S22:U22,"X")<>1,"FALTA/DUPLA: SIN. VERTICAL","OK")))))) -> OK
A23: 296ETO0300 | B23: C | C23: 14 | D23: 15 | E23: =D23-C23 -> 1 | F23: X | L23: X | N23: X | Q23: X | T23: X | W23: =IF(COUNTA(F23:U23)=0,"— não preenchido",IF(COUNTIF(F23:J23,"X")<>1,"FALTA/DUPLA: CONDIÇÃO DO PAVIMENTO",IF(COUNTIF(K23:L23,"X")<>1,"FALTA/DUPLA: VEGETAÇÃO",IF(COUNTIF(M23:O23,"X")<>1,"FALTA/DUPLA: ELEM. DE DRENAGEM",IF(COUNTIF(P23:R23,"X")<>1,"FALTA/DUPLA: SIN. HORIZ.",IF(COUNTIF(S23:U23,"X")<>1,"FALTA/DUPLA: SIN. VERTICAL","OK")))))) -> OK
A24: 296ETO0300 | B24: C | C24: 15 | D24: 16 | E24: =D24-C24 -> 1 | F24: X | L24: X | N24: X | Q24: X | T24: X | W24: =IF(COUNTA(F24:U24)=0,"— não preenchido",IF(COUNTIF(F24:J24,"X")<>1,"FALTA/DUPLA: CONDIÇÃO DO PAVIMENTO",IF(COUNTIF(K24:L24,"X")<>1,"FALTA/DUPLA: VEGETAÇÃO",IF(COUNTIF(M24:O24,"X")<>1,"FALTA/DUPLA: ELEM. DE DRENAGEM",IF(COUNTIF(P24:R24,"X")<>1,"FALTA/DUPLA: SIN. HORIZ.",IF(COUNTIF(S24:U24,"X")<>1,"FALTA/DUPLA: SIN. VERTICAL","OK")))))) -> OK
A25: 296ETO0300 | B25: C | C25: 16 | D25: 16.519213 | E25: =D25-C25 -> 0.51921317 | F25: X | L25: X | N25: X | Q25: X | T25: X | W25: =IF(COUNTA(F25:U25)=0,"— não preenchido",IF(COUNTIF(F25:J25,"X")<>1,"FALTA/DUPLA: CONDIÇÃO DO PAVIMENTO",IF(COUNTIF(K25:L25,"X")<>1,"FALTA/DUPLA: VEGETAÇÃO",IF(COUNTIF(M25:O25,"X")<>1,"FALTA/DUPLA: ELEM. DE DRENAGEM",IF(COUNTIF(P25:R25,"X")<>1,"FALTA/DUPLA: SIN. HORIZ.",IF(COUNTIF(S25:U25,"X")<>1,"FALTA/DUPLA: SIN. VERTICAL","OK")))))) -> OK
A26: S.R.E. 296ETO0310 | ENTR. TO-495 - ENTR. BR-153 | PPS · Estadual · 46.385 km · início: -12.743014, -48.677414
A27: 296ETO0310 | B27: C | C27: 0 | D27: 1 | E27: =D27-C27 -> 1 | G27: X | L27: X | N27: X | Q27: X | T27: X | W27: =IF(COUNTA(F27:U27)=0,"— não preenchido",IF(COUNTIF(F27:J27,"X")<>1,"FALTA/DUPLA: CONDIÇÃO DO PAVIMENTO",IF(COUNTIF(K27:L27,"X")<>1,"FALTA/DUPLA: VEGETAÇÃO",IF(COUNTIF(M27:O27,"X")<>1,"FALTA/DUPLA: ELEM. DE DRENAGEM",IF(COUNTIF(P27:R27,"X")<>1,"FALTA/DUPLA: SIN. HORIZ.",IF(COUNTIF(S27:U27,"X")<>1,"FALTA/DUPLA: SIN. VERTICAL","OK")))))) -> OK
A28: 296ETO0310 | B28: C | C28: 1 | D28: 2 | E28: =D28-C28 -> 1 | F28: X | L28: X | N28: X | Q28: X | T28: X | W28: =IF(COUNTA(F28:U28)=0,"— não preenchido",IF(COUNTIF(F28:J28,"X")<>1,"FALTA/DUPLA: CONDIÇÃO DO PAVIMENTO",IF(COUNTIF(K28:L28,"X")<>1,"FALTA/DUPLA: VEGETAÇÃO",IF(COUNTIF(M28:O28,"X")<>1,"FALTA/DUPLA: ELEM. DE DRENAGEM",IF(COUNTIF(P28:R28,"X")<>1,"FALTA/DUPLA: SIN. HORIZ.",IF(COUNTIF(S28:U28,"X")<>1,"FALTA/DUPLA: SIN. VERTICAL","OK")))))) -> OK
A29: 296ETO0310 | B29: C | C29: 2 | D29: 3 | E29: =D29-C29 -> 1 | F29: X | L29: X | N29: X | Q29: X | T29: X | W29: =IF(COUNTA(F29:U29)=0,"— não preenchido",IF(COUNTIF(F29:J29,"X")<>1,"FALTA/DUPLA: CONDIÇÃO DO PAVIMENTO",IF(COUNTIF(K29:L29,"X")<>1,"FALTA/DUPLA: VEGETAÇÃO",IF(COUNTIF(M29:O29,"X")<>1,"FALTA/DUPLA: ELEM. DE DRENAGEM",IF(COUNTIF(P29:R29,"X")<>1,"FALTA/DUPLA: SIN. HORIZ.",IF(COUNTIF(S29:U29,"X")<>1,"FALTA/DUPLA: SIN. VERTICAL","OK")))))) -> OK
A30: 296ETO0310 | B30: C | C30: 3 | D30: 4 | E30: =D30-C30 -> 1 | F30: X | L30: X | N30: X | Q30: X | T30: X | W30: =IF(COUNTA(F30:U30)=0,"— não preenchido",IF(COUNTIF(F30:J30,"X")<>1,"FALTA/DUPLA: CONDIÇÃO DO PAVIMENTO",IF(COUNTIF(K30:L30,"X")<>1,"FALTA/DUPLA: VEGETAÇÃO",IF(COUNTIF(M30:O30,"X")<>1,"FALTA/DUPLA: ELEM. DE DRENAGEM",IF(COUNTIF(P30:R30,"X")<>1,"FALTA/DUPLA: SIN. HORIZ.",IF(COUNTIF(S30:U30,"X")<>1,"FALTA/DUPLA: SIN. VERTICAL","OK")))))) -> OK
A31: 296ETO0310 | B31: C | C31: 4 | D31: 5 | E31: =D31-C31 -> 1 | G31: X | L31: X | N31: X | Q31: X | T31: X | W31: =IF(COUNTA(F31:U31)=0,"— não preenchido",IF(COUNTIF(F31:J31,"X")<>1,"FALTA/DUPLA: CONDIÇÃO DO PAVIMENTO",IF(COUNTIF(K31:L31,"X")<>1,"FALTA/DUPLA: VEGETAÇÃO",IF(COUNTIF(M31:O31,"X")<>1,"FALTA/DUPLA: ELEM. DE DRENAGEM",IF(COUNTIF(P31:R31,"X")<>1,"FALTA/DUPLA: SIN. HORIZ.",IF(COUNTIF(S31:U31,"X")<>1,"FALTA/DUPLA: SIN. VERTICAL","OK")))))) -> OK
A32: 296ETO0310 | B32: C | C32: 5 | D32: 6 | E32: =D32-C32 -> 1 | G32: X | L32: X | N32: X | Q32: X | T32: X | W32: =IF(COUNTA(F32:U32)=0,"— não preenchido",IF(COUNTIF(F32:J32,"X")<>1,"FALTA/DUPLA: CONDIÇÃO DO PAVIMENTO",IF(COUNTIF(K32:L32,"X")<>1,"FALTA/DUPLA: VEGETAÇÃO",IF(COUNTIF(M32:O32,"X")<>1,"FALTA/DUPLA: ELEM. DE DRENAGEM",IF(COUNTIF(P32:R32,"X")<>1,"FALTA/DUPLA: SIN. HORIZ.",IF(COUNTIF(S32:U32,"X")<>1,"FALTA/DUPLA: SIN. VERTICAL","OK")))))) -> OK
A33: 296ETO0310 | B33: C | C33: 6 | D33: 7 | E33: =D33-C33 -> 1 | G33: X | L33: X | N33: X | Q33: X | T33: X | W33: =IF(COUNTA(F33:U33)=0,"— não preenchido",IF(COUNTIF(F33:J33,"X")<>1,"FALTA/DUPLA: CONDIÇÃO DO PAVIMENTO",IF(COUNTIF(K33:L33,"X")<>1,"FALTA/DUPLA: VEGETAÇÃO",IF(COUNTIF(M33:O33,"X")<>1,"FALTA/DUPLA: ELEM. DE DRENAGEM",IF(COUNTIF(P33:R33,"X")<>1,"FALTA/DUPLA: SIN. HORIZ.",IF(COUNTIF(S33:U33,"X")<>1,"FALTA/DUPLA: SIN. VERTICAL","OK")))))) -> OK
A34: 296ETO0310 | B34: C | C34: 7 | D34: 8 | E34: =D34-C34 -> 1 | G34: X | L34: X | N34: X | Q34: X | T34: X | W34: =IF(COUNTA(F34:U34)=0,"— não preenchido",IF(COUNTIF(F34:J34,"X")<>1,"FALTA/DUPLA: CONDIÇÃO DO PAVIMENTO",IF(COUNTIF(K34:L34,"X")<>1,"FALTA/DUPLA: VEGETAÇÃO",IF(COUNTIF(M34:O34,"X")<>1,"FALTA/DUPLA: ELEM. DE DRENAGEM",IF(COUNTIF(P34:R34,"X")<>1,"FALTA/DUPLA: SIN. HORIZ.",IF(COUNTIF(S34:U34,"X")<>1,"FALTA/DUPLA: SIN. VERTICAL","OK")))))) -> OK
A35: 296ETO0310 | B35: C | C35: 8 | D35: 9 | E35: =D35-C35 -> 1 | H35: X | L35: X | N35: X | Q35: X | T35: X | W35: =IF(COUNTA(F35:U35)=0,"— não preenchido",IF(COUNTIF(F35:J35,"X")<>1,"FALTA/DUPLA: CONDIÇÃO DO PAVIMENTO",IF(COUNTIF(K35:L35,"X")<>1,"FALTA/DUPLA: VEGETAÇÃO",IF(COUNTIF(M35:O35,"X")<>1,"FALTA/DUPLA: ELEM. DE DRENAGEM",IF(COUNTIF(P35:R35,"X")<>1,"FALTA/DUPLA: SIN. HORIZ.",IF(COUNTIF(S35:U35,"X")<>1,"FALTA/DUPLA: SIN. VERTICAL","OK")))))) -> OK
A36: 296ETO0310 | B36: C | C36: 9 | D36: 10 | E36: =D36-C36 -> 1 | H36: X | L36: X | N36: X | Q36: X | T36: X | W36: =IF(COUNTA(F36:U36)=0,"— não preenchido",IF(COUNTIF(F36:J36,"X")<>1,"FALTA/DUPLA: CONDIÇÃO DO PAVIMENTO",IF(COUNTIF(K36:L36,"X")<>1,"FALTA/DUPLA: VEGETAÇÃO",IF(COUNTIF(M36:O36,"X")<>1,"FALTA/DUPLA: ELEM. DE DRENAGEM",IF(COUNTIF(P36:R36,"X")<>1,"FALTA/DUPLA: SIN. HORIZ.",IF(COUNTIF(S36:U36,"X")<>1,"FALTA/DUPLA: SIN. VERTICAL","OK")))))) -> OK
A37: 296ETO0310 | B37: C | C37: 10 | D37: 11 | E37: =D37-C37 -> 1 | H37: X | L37: X | N37: X | Q37: X | T37: X | W37: =IF(COUNTA(F37:U37)=0,"— não preenchido",IF(COUNTIF(F37:J37,"X")<>1,"FALTA/DUPLA: CONDIÇÃO DO PAVIMENTO",IF(COUNTIF(K37:L37,"X")<>1,"FALTA/DUPLA: VEGETAÇÃO",IF(COUNTIF(M37:O37,"X")<>1,"FALTA/DUPLA: ELEM. DE DRENAGEM",IF(COUNTIF(P37:R37,"X")<>1,"FALTA/DUPLA: SIN. HORIZ.",IF(COUNTIF(S37:U37,"X")<>1,"FALTA/DUPLA: SIN. VERTICAL","OK")))))) -> OK
A38: 296ETO0310 | B38: C | C38: 11 | D38: 12 | E38: =D38-C38 -> 1 | H38: X | L38: X | N38: X | Q38: X | T38: X | W38: =IF(COUNTA(F38:U38)=0,"— não preenchido",IF(COUNTIF(F38:J38,"X")<>1,"FALTA/DUPLA: CONDIÇÃO DO PAVIMENTO",IF(COUNTIF(K38:L38,"X")<>1,"FALTA/DUPLA: VEGETAÇÃO",IF(COUNTIF(M38:O38,"X")<>1,"FALTA/DUPLA: ELEM. DE DRENAGEM",IF(COUNTIF(P38:R38,"X")<>1,"FALTA/DUPLA: SIN. HORIZ.",IF(COUNTIF(S38:U38,"X")<>1,"FALTA/DUPLA: SIN. VERTICAL","OK")))))) -> OK
A39: 296ETO0310 | B39: C | C39: 12 | D39: 13 | E39: =D39-C39 -> 1 | H39: X | L39: X | N39: X | Q39: X | T39: X | W39: =IF(COUNTA(F39:U39)=0,"— não preenchido",IF(COUNTIF(F39:J39,"X")<>1,"FALTA/DUPLA: CONDIÇÃO DO PAVIMENTO",IF(COUNTIF(K39:L39,"X")<>1,"FALTA/DUPLA: VEGETAÇÃO",IF(COUNTIF(M39:O39,"X")<>1,"FALTA/DUPLA: ELEM. DE DRENAGEM",IF(COUNTIF(P39:R39,"X")<>1,"FALTA/DUPLA: SIN. HORIZ.",IF(COUNTIF(S39:U39,"X")<>1,"FALTA/DUPLA: SIN. VERTICAL","OK")))))) -> OK
A40: 296ETO0310 | B40: C | C40: 13 | D40: 14 | E40: =D40-C40 -> 1 | F40: X | L40: X | N40: X | Q40: X | T40: X | W40: =IF(COUNTA(F40:U40)=0,"— não preenchido",IF(COUNTIF(F40:J40,"X")<>1,"FALTA/DUPLA: CONDIÇÃO DO PAVIMENTO",IF(COUNTIF(K40:L40,"X")<>1,"FALTA/DUPLA: VEGETAÇÃO",IF(COUNTIF(M40:O40,"X")<>1,"FALTA/DUPLA: ELEM. DE DRENAGEM",IF(COUNTIF(P40:R40,"X")<>1,"FALTA/DUPLA: SIN. HORIZ.",IF(COUNTIF(S40:U40,"X")<>1,"FALTA/DUPLA: SIN. VERTICAL","OK")))))) -> OK
A41: 296ETO0310 | B41: C | C41: 14 | D41: 15 | E41: =D41-C41 -> 1 | F41: X | L41: X | N41: X | Q41: X | T41: X | W41: =IF(COUNTA(F41:U41)=0,"— não preenchido",IF(COUNTIF(F41:J41,"X")<>1,"FALTA/DUPLA: CONDIÇÃO DO PAVIMENTO",IF(COUNTIF(K41:L41,"X")<>1,"FALTA/DUPLA: VEGETAÇÃO",IF(COUNTIF(M41:O41,"X")<>1,"FALTA/DUPLA: ELEM. DE DRENAGEM",IF(COUNTIF(P41:R41,"X")<>1,"FALTA/DUPLA: SIN. HORIZ.",IF(COUNTIF(S41:U41,"X")<>1,"FALTA/DUPLA: SIN. VERTICAL","OK")))))) -> OK
A42: 296ETO0310 | B42: C | C42: 15 | D42: 16 | E42: =D42-C42 -> 1 | H42: X | L42: X | N42: X | Q42: X | T42: X | W42: =IF(COUNTA(F42:U42)=0,"— não preenchido",IF(COUNTIF(F42:J42,"X")<>1,"FALTA/DUPLA: CONDIÇÃO DO PAVIMENTO",IF(COUNTIF(K42:L42,"X")<>1,"FALTA/DUPLA: VEGETAÇÃO",IF(COUNTIF(M42:O42,"X")<>1,"FALTA/DUPLA: ELEM. DE DRENAGEM",IF(COUNTIF(P42:R42,"X")<>1,"FALTA/DUPLA: SIN. HORIZ.",IF(COUNTIF(S42:U42,"X")<>1,"FALTA/DUPLA: SIN. VERTICAL","OK")))))) -> OK
A43: 296ETO0310 | B43: C | C43: 16 | D43: 17 | E43: =D43-C43 -> 1 | G43: X | L43: X | N43: X | Q43: X | T43: X | W43: =IF(COUNTA(F43:U43)=0,"— não preenchido",IF(COUNTIF(F43:J43,"X")<>1,"FALTA/DUPLA: CONDIÇÃO DO PAVIMENTO",IF(COUNTIF(K43:L43,"X")<>1,"FALTA/DUPLA: VEGETAÇÃO",IF(COUNTIF(M43:O43,"X")<>1,"FALTA/DUPLA: ELEM. DE DRENAGEM",IF(COUNTIF(P43:R43,"X")<>1,"FALTA/DUPLA: SIN. HORIZ.",IF(COUNTIF(S43:U43,"X")<>1,"FALTA/DUPLA: SIN. VERTICAL","OK")))))) -> OK
A44: 296ETO0310 | B44: C | C44: 17 | D44: 18 | E44: =D44-C44 -> 1 | G44: X | L44: X | N44: X | Q44: X | T44: X | W44: =IF(COUNTA(F44:U44)=0,"— não preenchido",IF(COUNTIF(F44:J44,"X")<>1,"FALTA/DUPLA: CONDIÇÃO DO PAVIMENTO",IF(COUNTIF(K44:L44,"X")<>1,"FALTA/DUPLA: VEGETAÇÃO",IF(COUNTIF(M44:O44,"X")<>1,"FALTA/DUPLA: ELEM. DE DRENAGEM",IF(COUNTIF(P44:R44,"X")<>1,"FALTA/DUPLA: SIN. HORIZ.",IF(COUNTIF(S44:U44,"X")<>1,"FALTA/DUPLA: SIN. VERTICAL","OK")))))) -> OK
A45: 296ETO0310 | B45: C | C45: 18 | D45: 19 | E45: =D45-C45 -> 1 | G45: X | L45: X | N45: X | Q45: X | T45: X | W45: =IF(COUNTA(F45:U45)=0,"— não preenchido",IF(COUNTIF(F45:J45,"X")<>1,"FALTA/DUPLA: CONDIÇÃO DO PAVIMENTO",IF(COUNTIF(K45:L45,"X")<>1,"FALTA/DUPLA: VEGETAÇÃO",IF(COUNTIF(M45:O45,"X")<>1,"FALTA/DUPLA: ELEM. DE DRENAGEM",IF(COUNTIF(P45:R45,"X")<>1,"FALTA/DUPLA: SIN. HORIZ.",IF(COUNTIF(S45:U45,"X")<>1,"FALTA/DUPLA: SIN. VERTICAL","OK")))))) -> OK
A46: 296ETO0310 | B46: C | C46: 19 | D46: 20 | E46: =D46-C46 -> 1 | H46: X | L46: X | N46: X | Q46: X | T46: X | W46: =IF(COUNTA(F46:U46)=0,"— não preenchido",IF(COUNTIF(F46:J46,"X")<>1,"FALTA/DUPLA: CONDIÇÃO DO PAVIMENTO",IF(COUNTIF(K46:L46,"X")<>1,"FALTA/DUPLA: VEGETAÇÃO",IF(COUNTIF(M46:O46,"X")<>1,"FALTA/DUPLA: ELEM. DE DRENAGEM",IF(COUNTIF(P46:R46,"X")<>1,"FALTA/DUPLA: SIN. HORIZ.",IF(COUNTIF(S46:U46,"X")<>1,"FALTA/DUPLA: SIN. VERTICAL","OK")))))) -> OK
A47: 296ETO0310 | B47: C | C47: 20 | D47: 21 | E47: =D47-C47 -> 1 | H47: X | L47: X | N47: X | Q47: X | T47: X | W47: =IF(COUNTA(F47:U47)=0,"— não preenchido",IF(COUNTIF(F47:J47,"X")<>1,"FALTA/DUPLA: CONDIÇÃO DO PAVIMENTO",IF(COUNTIF(K47:L47,"X")<>1,"FALTA/DUPLA: VEGETAÇÃO",IF(COUNTIF(M47:O47,"X")<>1,"FALTA/DUPLA: ELEM. DE DRENAGEM",IF(COUNTIF(P47:R47,"X")<>1,"FALTA/DUPLA: SIN. HORIZ.",IF(COUNTIF(S47:U47,"X")<>1,"FALTA/DUPLA: SIN. VERTICAL","OK")))))) -> OK
A48: 296ETO0310 | B48: C | C48: 21 | D48: 22 | E48: =D48-C48 -> 1 | H48: X | L48: X | N48: X | Q48: X | T48: X | W48: =IF(COUNTA(F48:U48)=0,"— não preenchido",IF(COUNTIF(F48:J48,"X")<>1,"FALTA/DUPLA: CONDIÇÃO DO PAVIMENTO",IF(COUNTIF(K48:L48,"X")<>1,"FALTA/DUPLA: VEGETAÇÃO",IF(COUNTIF(M48:O48,"X")<>1,"FALTA/DUPLA: ELEM. DE DRENAGEM",IF(COUNTIF(P48:R48,"X")<>1,"FALTA/DUPLA: SIN. HORIZ.",IF(COUNTIF(S48:U48,"X")<>1,"FALTA/DUPLA: SIN. VERTICAL","OK")))))) -> OK
A49: 296ETO0310 | B49: C | C49: 22 | D49: 23 | E49: =D49-C49 -> 1 | G49: X | L49: X | W49: =IF(COUNTA(F49:U49)=0,"— não preenchido",IF(COUNTIF(F49:J49,"X")<>1,"FALTA/DUPLA: CONDIÇÃO DO PAVIMENTO",IF(COUNTIF(K49:L49,"X")<>1,"FALTA/DUPLA: VEGETAÇÃO",IF(COUNTIF(M49:O49,"X")<>1,"FALTA/DUPLA: ELEM. DE DRENAGEM",IF(COUNTIF(P49:R49,"X")<>1,"FALTA/DUPLA: SIN. HORIZ.",IF(COUNTIF(S49:U49,"X")<>1,"FALTA/DUPLA: SIN. VERTICAL","OK")))))) -> FALTA/DUPLA: ELEM. DE DRENAGEM
A50: 296ETO0310 | B50: C | C50: 23 | D50: 24 | E50: =D50-C50 -> 1 | G50: X | L50: X | W50: =IF(COUNTA(F50:U50)=0,"— não preenchido",IF(COUNTIF(F50:J50,"X")<>1,"FALTA/DUPLA: CONDIÇÃO DO PAVIMENTO",IF(COUNTIF(K50:L50,"X")<>1,"FALTA/DUPLA: VEGETAÇÃO",IF(COUNTIF(M50:O50,"X")<>1,"FALTA/DUPLA: ELEM. DE DRENAGEM",IF(COUNTIF(P50:R50,"X")<>1,"FALTA/DUPLA: SIN. HORIZ.",IF(COUNTIF(S50:U50,"X")<>1,"FALTA/DUPLA: SIN. VERTICAL","OK")))))) -> FALTA/DUPLA: ELEM. DE DRENAGEM
A51: 296ETO0310 | B51: C | C51: 24 | D51: 25 | E51: =D51-C51 -> 1 | G51: X | L51: X | W51: =IF(COUNTA(F51:U51)=0,"— não preenchido",IF(COUNTIF(F51:J51,"X")<>1,"FALTA/DUPLA: CONDIÇÃO DO PAVIMENTO",IF(COUNTIF(K51:L51,"X")<>1,"FALTA/DUPLA: VEGETAÇÃO",IF(COUNTIF(M51:O51,"X")<>1,"FALTA/DUPLA: ELEM. DE DRENAGEM",IF(COUNTIF(P51:R51,"X")<>1,"FALTA/DUPLA: SIN. HORIZ.",IF(COUNTIF(S51:U51,"X")<>1,"FALTA/DUPLA: SIN. VERTICAL","OK")))))) -> FALTA/DUPLA: ELEM. DE DRENAGEM
A52: 296ETO0310 | B52: C | C52: 25 | D52: 26 | E52: =D52-C52 -> 1 | G52: X | L52: X | W52: =IF(COUNTA(F52:U52)=0,"— não preenchido",IF(COUNTIF(F52:J52,"X")<>1,"FALTA/DUPLA: CONDIÇÃO DO PAVIMENTO",IF(COUNTIF(K52:L52,"X")<>1,"FALTA/DUPLA: VEGETAÇÃO",IF(COUNTIF(M52:O52,"X")<>1,"FALTA/DUPLA: ELEM. DE DRENAGEM",IF(COUNTIF(P52:R52,"X")<>1,"FALTA/DUPLA: SIN. HORIZ.",IF(COUNTIF(S52:U52,"X")<>1,"FALTA/DUPLA: SIN. VERTICAL","OK")))))) -> FALTA/DUPLA: ELEM. DE DRENAGEM
A53: 296ETO0310 | B53: C | C53: 26 | D53: 27 | E53: =D53-C53 -> 1 | G53: X | L53: X | W53: =IF(COUNTA(F53:U53)=0,"— não preenchido",IF(COUNTIF(F53:J53,"X")<>1,"FALTA/DUPLA: CONDIÇÃO DO PAVIMENTO",IF(COUNTIF(K53:L53,"X")<>1,"FALTA/DUPLA: VEGETAÇÃO",IF(COUNTIF(M53:O53,"X")<>1,"FALTA/DUPLA: ELEM. DE DRENAGEM",IF(COUNTIF(P53:R53,"X")<>1,"FALTA/DUPLA: SIN. HORIZ.",IF(COUNTIF(S53:U53,"X")<>1,"FALTA/DUPLA: SIN. VERTICAL","OK")))))) -> FALTA/DUPLA: ELEM. DE DRENAGEM
A54: 296ETO0310 | B54: C | C54: 27 | D54: 28 | E54: =D54-C54 -> 1 | G54: X | L54: X | W54: =IF(COUNTA(F54:U54)=0,"— não preenchido",IF(COUNTIF(F54:J54,"X")<>1,"FALTA/DUPLA: CONDIÇÃO DO PAVIMENTO",IF(COUNTIF(K54:L54,"X")<>1,"FALTA/DUPLA: VEGETAÇÃO",IF(COUNTIF(M54:O54,"X")<>1,"FALTA/DUPLA: ELEM. DE DRENAGEM",IF(COUNTIF(P54:R54,"X")<>1,"FALTA/DUPLA: SIN. HORIZ.",IF(COUNTIF(S54:U54,"X")<>1,"FALTA/DUPLA: SIN. VERTICAL","OK")))))) -> FALTA/DUPLA: ELEM. DE DRENAGEM
A55: 296ETO0310 | B55: C | C55: 28 | D55: 29 | E55: =D55-C55 -> 1 | F55: X | L55: X | W55: =IF(COUNTA(F55:U55)=0,"— não preenchido",IF(COUNTIF(F55:J55,"X")<>1,"FALTA/DUPLA: CONDIÇÃO DO PAVIMENTO",IF(COUNTIF(K55:L55,"X")<>1,"FALTA/DUPLA: VEGETAÇÃO",IF(COUNTIF(M55:O55,"X")<>1,"FALTA/DUPLA: ELEM. DE DRENAGEM",IF(COUNTIF(P55:R55,"X")<>1,"FALTA/DUPLA: SIN. HORIZ.",IF(COUNTIF(S55:U55,"X")<>1,"FALTA/DUPLA: SIN. VERTICAL","OK")))))) -> FALTA/DUPLA: ELEM. DE DRENAGEM
A56: 296ETO0310 | B56: C | C56: 29 | D56: 30 | E56: =D56-C56 -> 1 | F56: X | L56: X | W56: =IF(COUNTA(F56:U56)=0,"— não preenchido",IF(COUNTIF(F56:J56,"X")<>1,"FALTA/DUPLA: CONDIÇÃO DO PAVIMENTO",IF(COUNTIF(K56:L56,"X")<>1,"FALTA/DUPLA: VEGETAÇÃO",IF(COUNTIF(M56:O56,"X")<>1,"FALTA/DUPLA: ELEM. DE DRENAGEM",IF(COUNTIF(P56:R56,"X")<>1,"FALTA/DUPLA: SIN. HORIZ.",IF(COUNTIF(S56:U56,"X")<>1,"FALTA/DUPLA: SIN. VERTICAL","OK")))))) -> FALTA/DUPLA: ELEM. DE DRENAGEM
A57: 296ETO0310 | B57: C | C57: 30 | D57: 31 | E57: =D57-C57 -> 1 | G57: X | L57: X | W57: =IF(COUNTA(F57:U57)=0,"— não preenchido",IF(COUNTIF(F57:J57,"X")<>1,"FALTA/DUPLA: CONDIÇÃO DO PAVIMENTO",IF(COUNTIF(K57:L57,"X")<>1,"FALTA/DUPLA: VEGETAÇÃO",IF(COUNTIF(M57:O57,"X")<>1,"FALTA/DUPLA: ELEM. DE DRENAGEM",IF(COUNTIF(P57:R57,"X")<>1,"FALTA/DUPLA: SIN. HORIZ.",IF(COUNTIF(S57:U57,"X")<>1,"FALTA/DUPLA: SIN. VERTICAL","OK")))))) -> FALTA/DUPLA: ELEM. DE DRENAGEM
A58: 296ETO0310 | B58: C | C58: 31 | D58: 32 | E58: =D58-C58 -> 1 | G58: X | L58: X | W58: =IF(COUNTA(F58:U58)=0,"— não preenchido",IF(COUNTIF(F58:J58,"X")<>1,"FALTA/DUPLA: CONDIÇÃO DO PAVIMENTO",IF(COUNTIF(K58:L58,"X")<>1,"FALTA/DUPLA: VEGETAÇÃO",IF(COUNTIF(M58:O58,"X")<>1,"FALTA/DUPLA: ELEM. DE DRENAGEM",IF(COUNTIF(P58:R58,"X")<>1,"FALTA/DUPLA: SIN. HORIZ.",IF(COUNTIF(S58:U58,"X")<>1,"FALTA/DUPLA: SIN. VERTICAL","OK")))))) -> FALTA/DUPLA: ELEM. DE DRENAGEM
A59: 296ETO0310 | B59: C | C59: 32 | D59: 33 | E59: =D59-C59 -> 1 | G59: X | L59: X | W59: =IF(COUNTA(F59:U59)=0,"— não preenchido",IF(COUNTIF(F59:J59,"X")<>1,"FALTA/DUPLA: CONDIÇÃO DO PAVIMENTO",IF(COUNTIF(K59:L59,"X")<>1,"FALTA/DUPLA: VEGETAÇÃO",IF(COUNTIF(M59:O59,"X")<>1,"FALTA/DUPLA: ELEM. DE DRENAGEM",IF(COUNTIF(P59:R59,"X")<>1,"FALTA/DUPLA: SIN. HORIZ.",IF(COUNTIF(S59:U59,"X")<>1,"FALTA/DUPLA: SIN. VERTICAL","OK")))))) -> FALTA/DUPLA: ELEM. DE DRENAGEM
A60: 296ETO0310 | B60: C | C60: 33 | D60: 34 | E60: =D60-C60 -> 1 | G60: X | L60: X | W60: =IF(COUNTA(F60:U60)=0,"— não preenchido",IF(COUNTIF(F60:J60,"X")<>1,"FALTA/DUPLA: CONDIÇÃO DO PAVIMENTO",IF(COUNTIF(K60:L60,"X")<>1,"FALTA/DUPLA: VEGETAÇÃO",IF(COUNTIF(M60:O60,"X")<>1,"FALTA/DUPLA: ELEM. DE DRENAGEM",IF(COUNTIF(P60:R60,"X")<>1,"FALTA/DUPLA: SIN. HORIZ.",IF(COUNTIF(S60:U60,"X")<>1,"FALTA/DUPLA: SIN. VERTICAL","OK")))))) -> FALTA/DUPLA: ELEM. DE DRENAGEM
A61: 296ETO0310 | B61: C | C61: 34 | D61: 35 | E61: =D61-C61 -> 1 | G61: X | L61: X | W61: =IF(COUNTA(F61:U61)=0,"— não preenchido",IF(COUNTIF(F61:J61,"X")<>1,"FALTA/DUPLA: CONDIÇÃO DO PAVIMENTO",IF(COUNTIF(K61:L61,"X")<>1,"FALTA/DUPLA: VEGETAÇÃO",IF(COUNTIF(M61:O61,"X")<>1,"FALTA/DUPLA: ELEM. DE DRENAGEM",IF(COUNTIF(P61:R61,"X")<>1,"FALTA/DUPLA: SIN. HORIZ.",IF(COUNTIF(S61:U61,"X")<>1,"FALTA/DUPLA: SIN. VERTICAL","OK")))))) -> FALTA/DUPLA: ELEM. DE DRENAGEM
A62: 296ETO0310 | B62: C | C62: 35 | D62: 36 | E62: =D62-C62 -> 1 | G62: X | L62: X | W62: =IF(COUNTA(F62:U62)=0,"— não preenchido",IF(COUNTIF(F62:J62,"X")<>1,"FALTA/DUPLA: CONDIÇÃO DO PAVIMENTO",IF(COUNTIF(K62:L62,"X")<>1,"FALTA/DUPLA: VEGETAÇÃO",IF(COUNTIF(M62:O62,"X")<>1,"FALTA/DUPLA: ELEM. DE DRENAGEM",IF(COUNTIF(P62:R62,"X")<>1,"FALTA/DUPLA: SIN. HORIZ.",IF(COUNTIF(S62:U62,"X")<>1,"FALTA/DUPLA: SIN. VERTICAL","OK")))))) -> FALTA/DUPLA: ELEM. DE DRENAGEM
A63: 296ETO0310 | B63: C | C63: 36 | D63: 37 | E63: =D63-C63 -> 1 | G63: X | L63: X | W63: =IF(COUNTA(F63:U63)=0,"— não preenchido",IF(COUNTIF(F63:J63,"X")<>1,"FALTA/DUPLA: CONDIÇÃO DO PAVIMENTO",IF(COUNTIF(K63:L63,"X")<>1,"FALTA/DUPLA: VEGETAÇÃO",IF(COUNTIF(M63:O63,"X")<>1,"FALTA/DUPLA: ELEM. DE DRENAGEM",IF(COUNTIF(P63:R63,"X")<>1,"FALTA/DUPLA: SIN. HORIZ.",IF(COUNTIF(S63:U63,"X")<>1,"FALTA/DUPLA: SIN. VERTICAL","OK")))))) -> FALTA/DUPLA: ELEM. DE DRENAGEM
A64: 296ETO0310 | B64: C | C64: 37 | D64: 38 | E64: =D64-C64 -> 1 | G64: X | L64: X | W64: =IF(COUNTA(F64:U64)=0,"— não preenchido",IF(COUNTIF(F64:J64,"X")<>1,"FALTA/DUPLA: CONDIÇÃO DO PAVIMENTO",IF(COUNTIF(K64:L64,"X")<>1,"FALTA/DUPLA: VEGETAÇÃO",IF(COUNTIF(M64:O64,"X")<>1,"FALTA/DUPLA: ELEM. DE DRENAGEM",IF(COUNTIF(P64:R64,"X")<>1,"FALTA/DUPLA: SIN. HORIZ.",IF(COUNTIF(S64:U64,"X")<>1,"FALTA/DUPLA: SIN. VERTICAL","OK")))))) -> FALTA/DUPLA: ELEM. DE DRENAGEM
A65: 296ETO0310 | B65: C | C65: 38 | D65: 39 | E65: =D65-C65 -> 1 | G65: X | L65: X | W65: =IF(COUNTA(F65:U65)=0,"— não preenchido",IF(COUNTIF(F65:J65,"X")<>1,"FALTA/DUPLA: CONDIÇÃO DO PAVIMENTO",IF(COUNTIF(K65:L65,"X")<>1,"FALTA/DUPLA: VEGETAÇÃO",IF(COUNTIF(M65:O65,"X")<>1,"FALTA/DUPLA: ELEM. DE DRENAGEM",IF(COUNTIF(P65:R65,"X")<>1,"FALTA/DUPLA: SIN. HORIZ.",IF(COUNTIF(S65:U65,"X")<>1,"FALTA/DUPLA: SIN. VERTICAL","OK")))))) -> FALTA/DUPLA: ELEM. DE DRENAGEM
A66: 296ETO0310 | B66: C | C66: 39 | D66: 40 | E66: =D66-C66 -> 1 | G66: X | L66: X | W66: =IF(COUNTA(F66:U66)=0,"— não preenchido",IF(COUNTIF(F66:J66,"X")<>1,"FALTA/DUPLA: CONDIÇÃO DO PAVIMENTO",IF(COUNTIF(K66:L66,"X")<>1,"FALTA/DUPLA: VEGETAÇÃO",IF(COUNTIF(M66:O66,"X")<>1,"FALTA/DUPLA: ELEM. DE DRENAGEM",IF(COUNTIF(P66:R66,"X")<>1,"FALTA/DUPLA: SIN. HORIZ.",IF(COUNTIF(S66:U66,"X")<>1,"FALTA/DUPLA: SIN. VERTICAL","OK")))))) -> FALTA/DUPLA: ELEM. DE DRENAGEM
A67: 296ETO0310 | B67: C | C67: 40 | D67: 41 | E67: =D67-C67 -> 1 | G67: X | L67: X | W67: =IF(COUNTA(F67:U67)=0,"— não preenchido",IF(COUNTIF(F67:J67,"X")<>1,"FALTA/DUPLA: CONDIÇÃO DO PAVIMENTO",IF(COUNTIF(K67:L67,"X")<>1,"FALTA/DUPLA: VEGETAÇÃO",IF(COUNTIF(M67:O67,"X")<>1,"FALTA/DUPLA: ELEM. DE DRENAGEM",IF(COUNTIF(P67:R67,"X")<>1,"FALTA/DUPLA: SIN. HORIZ.",IF(COUNTIF(S67:U67,"X")<>1,"FALTA/DUPLA: SIN. VERTICAL","OK")))))) -> FALTA/DUPLA: ELEM. DE DRENAGEM
A68: 296ETO0310 | B68: C | C68: 41 | D68: 42 | E68: =D68-C68 -> 1 | H68: X | L68: X | W68: =IF(COUNTA(F68:U68)=0,"— não preenchido",IF(COUNTIF(F68:J68,"X")<>1,"FALTA/DUPLA: CONDIÇÃO DO PAVIMENTO",IF(COUNTIF(K68:L68,"X")<>1,"FALTA/DUPLA: VEGETAÇÃO",IF(COUNTIF(M68:O68,"X")<>1,"FALTA/DUPLA: ELEM. DE DRENAGEM",IF(COUNTIF(P68:R68,"X")<>1,"FALTA/DUPLA: SIN. HORIZ.",IF(COUNTIF(S68:U68,"X")<>1,"FALTA/DUPLA: SIN. VERTICAL","OK")))))) -> FALTA/DUPLA: ELEM. DE DRENAGEM
A69: 296ETO0310 | B69: C | C69: 42 | D69: 43 | E69: =D69-C69 -> 1 | J69: X | L69: X | W69: =IF(COUNTA(F69:U69)=0,"— não preenchido",IF(COUNTIF(F69:J69,"X")<>1,"FALTA/DUPLA: CONDIÇÃO DO PAVIMENTO",IF(COUNTIF(K69:L69,"X")<>1,"FALTA/DUPLA: VEGETAÇÃO",IF(COUNTIF(M69:O69,"X")<>1,"FALTA/DUPLA: ELEM. DE DRENAGEM",IF(COUNTIF(P69:R69,"X")<>1,"FALTA/DUPLA: SIN. HORIZ.",IF(COUNTIF(S69:U69,"X")<>1,"FALTA/DUPLA: SIN. VERTICAL","OK")))))) -> FALTA/DUPLA: ELEM. DE DRENAGEM
A70: 296ETO0310 | B70: C | C70: 43 | D70: 44 | E70: =D70-C70 -> 1 | J70: X | L70: X | W70: =IF(COUNTA(F70:U70)=0,"— não preenchido",IF(COUNTIF(F70:J70,"X")<>1,"FALTA/DUPLA: CONDIÇÃO DO PAVIMENTO",IF(COUNTIF(K70:L70,"X")<>1,"FALTA/DUPLA: VEGETAÇÃO",IF(COUNTIF(M70:O70,"X")<>1,"FALTA/DUPLA: ELEM. DE DRENAGEM",IF(COUNTIF(P70:R70,"X")<>1,"FALTA/DUPLA: SIN. HORIZ.",IF(COUNTIF(S70:U70,"X")<>1,"FALTA/DUPLA: SIN. VERTICAL","OK")))))) -> FALTA/DUPLA: ELEM. DE DRENAGEM
A71: 296ETO0310 | B71: C | C71: 44 | D71: 45 | E71: =D71-C71 -> 1 | G71: X | L71: X | W71: =IF(COUNTA(F71:U71)=0,"— não preenchido",IF(COUNTIF(F71:J71,"X")<>1,"FALTA/DUPLA: CONDIÇÃO DO PAVIMENTO",IF(COUNTIF(K71:L71,"X")<>1,"FALTA/DUPLA: VEGETAÇÃO",IF(COUNTIF(M71:O71,"X")<>1,"FALTA/DUPLA: ELEM. DE DRENAGEM",IF(COUNTIF(P71:R71,"X")<>1,"FALTA/DUPLA: SIN. HORIZ.",IF(COUNTIF(S71:U71,"X")<>1,"FALTA/DUPLA: SIN. VERTICAL","OK")))))) -> FALTA/DUPLA: ELEM. DE DRENAGEM
A72: 296ETO0310 | B72: C | C72: 45 | D72: 46 | E72: =D72-C72 -> 1 | G72: X | L72: X | W72: =IF(COUNTA(F72:U72)=0,"— não preenchido",IF(COUNTIF(F72:J72,"X")<>1,"FALTA/DUPLA: CONDIÇÃO DO PAVIMENTO",IF(COUNTIF(K72:L72,"X")<>1,"FALTA/DUPLA: VEGETAÇÃO",IF(COUNTIF(M72:O72,"X")<>1,"FALTA/DUPLA: ELEM. DE DRENAGEM",IF(COUNTIF(P72:R72,"X")<>1,"FALTA/DUPLA: SIN. HORIZ.",IF(COUNTIF(S72:U72,"X")<>1,"FALTA/DUPLA: SIN. VERTICAL","OK")))))) -> FALTA/DUPLA: ELEM. DE DRENAGEM
A73: 296ETO0310 | B73: C | C73: 46 | D73: 46.384522 | E73: =D73-C73 -> 0.38452227 | G73: X | L73: X | W73: =IF(COUNTA(F73:U73)=0,"— não preenchido",IF(COUNTIF(F73:J73,"X")<>1,"FALTA/DUPLA: CONDIÇÃO DO PAVIMENTO",IF(COUNTIF(K73:L73,"X")<>1,"FALTA/DUPLA: VEGETAÇÃO",IF(COUNTIF(M73:O73,"X")<>1,"FALTA/DUPLA: ELEM. DE DRENAGEM",IF(COUNTIF(P73:R73,"X")<>1,"FALTA/DUPLA: SIN. HORIZ.",IF(COUNTIF(S73:U73,"X")<>1,"FALTA/DUPLA: SIN. VERTICAL","OK")))))) -> FALTA/DUPLA: ELEM. DE DRENAGEM
A75: ____________________________________________ | G75: ____________________________________________
A76: TÉCNICO RESPONSÁVEL PELA INSPEÇÃO | G76: VISTO DA SUPERVISÃO
A78: RESUMO DO TRECHO — KM LANÇADO POR ITEM
A79: KM LANÇADO | F79: =SUMIF(F$9:F$73,"X",$E$9:$E$73) -> 13.519213 | G79: =SUMIF(G$9:G$73,"X",$E$9:$E$73) -> 28.384522 | H79: =SUMIF(H$9:H$73,"X",$E$9:$E$73) -> 10 | I79: =SUMIF(I$9:I$73,"X",$E$9:$E$73) -> 0 | J79: =SUMIF(J$9:J$73,"X",$E$9:$E$73) -> 11 | K79: =SUMIF(K$9:K$73,"X",$E$9:$E$73) -> 1 | L79: =SUMIF(L$9:L$73,"X",$E$9:$E$73) -> 61.903735 | M79: =SUMIF(M$9:M$73,"X",$E$9:$E$73) -> 0 | ... U79: =SUMIF(U$9:U$73,"X",$E$9:$E$73) -> 0
A80: % DA EXTENSÃO | F80: =IF($R82=0,0,F79/$R82) -> 0.21491908 | G80: =IF($R82=0,0,G79/$R82) -> 0.45123747 | H80: =IF($R82=0,0,H79/$R82) -> 0.15897307 | I80: =IF($R82=0,0,I79/$R82) -> 0 | J80: =IF($R82=0,0,J79/$R82) -> 0.17487038 | K80: =IF($R82=0,0,K79/$R82) -> 0.015897307 | L80: =IF($R82=0,0,L79/$R82) -> 0.98410269 | M80: =IF($R82=0,0,M79/$R82) -> 0 | ... U80: =IF($R82=0,0,U79/$R82) -> 0
A81: CONFERÊNCIA POR GRUPO | F81: =IF(SUM(F79:J79)=0,"— não preenchido",IF(ROUND(SUM(F79:J79)-$R82,3)=0,"OK — "&ROUND(SUM(F79:J79),3)&" km","ERRO — dif. de "&ROUND(SUM(F79:J79)-$R82,3)&" km")) -> OK — 62,904 km | K81: =IF(SUM(K79:L79)=0,"— não preenchido",IF(ROUND(SUM(K79:L79)-$R82,3)=0,"OK — "&ROUND(SUM(K79:L79),3)&" km","ERRO — dif. de "&ROUND(SUM(K79:L79)-$R82,3)&" km")) -> OK — 62,904 km | M81: =IF(SUM(M79:O79)=0,"— não preenchido",IF(ROUND(SUM(M79:O79)-$R82,3)=0,"OK — "&ROUND(SUM(M79:O79),3)&" km","ERRO — dif. de "&ROUND(SUM(M79:O79)-$R82,3)&" km")) -> ERRO — dif. de -24,385 km | P81: =IF(SUM(P79:R79)=0,"— não preenchido",IF(ROUND(SUM(P79:R79)-$R82,3)=0,"OK — "&ROUND(SUM(P79:R79),3)&" km","ERRO — dif. de "&ROUND(SUM(P79:R79)-$R82,3)&" km")) -> ERRO — dif. de -24,385 km | S81: =IF(SUM(S79:U79)=0,"— não preenchido",IF(ROUND(SUM(S79:U79)-$R82,3)=0,"OK — "&ROUND(SUM(S79:U79),3)&" km","ERRO — dif. de "&ROUND(SUM(S79:U79)-$R82,3)&" km")) -> ERRO — dif. de -24,385 km
A82: EXTENSÃO TOTAL DO TRECHO | R82: =SUM(E9:E73) -> 62.903735 | V82: =COUNTIF(W9:W73,"OK")&" de "&COUNT($E$9:$E$73)&" linhas conferidas" -> 39 de 64 linhas conferidas
A84: LEGENDA
A85: REM. I. / REM. L. | E85: Remendos isolados (até 10 por km) · Remendos ao longo (mais de 10 por km)
A86: BUR. I. / BUR. L. | E86: Buracos isolados (até 5 por km) · Buracos ao longo (mais de 5 por km)
A87: SIT. | E87: PPS = pista simples · PSU = simples urbana · PDU = duplicada
A88: FAIXA AZUL | E88: Cabeçalho de cada S.R.E.: descrição, situação, jurisdição, extensão e coordenada de início.
A89: INÍCIO / FIM (KM) | E89: Contados de 0 até o fim de CADA S.R.E. Não é o marco quilométrico da rodovia.
A90: SENT. | E90: C = crescente · D = decrescente
A91: FAIXA CINZA | E91: Segmento fora do escopo do contrato: você passa por ele, mas não preenche.
A92: CÉLULA VERMELHA | E92: Mais de uma X no mesmo grupo. Apague uma delas.
A93: CONFERÊNCIA | E93: Só na tela, não sai impresso. Fica OK com uma X em cada grupo.

Sheet 231
A1: PROGRAMA DE MANUTENÇÃO RODOVIÁRIA — FICHA DE INSPEÇÃO — RODOVIAS PAVIMENTADAS | Y1: Valores dos gráficos — troca 0 por N/D para a fatia não aparecer. Não editar.
A2: REGIÃO: 12 — PEIXE | G2: MÊS / ANO: | K2: DATA: | P2: TÉCNICO: | Y2: =IF(F16=0,NA(),F16) -> #N/A | Z2: =IF(G16=0,NA(),G16) -> 1.125491 | AA2: =IF(H16=0,NA(),H16) -> #N/A | AB2: =IF(I16=0,NA(),I16) -> #N/A | AC2: =IF(J16=0,NA(),J16) -> #N/A | AD2: =IF(K16=0,NA(),K16) -> 1.125491 | AE2: =IF(L16=0,NA(),L16) -> #N/A | AF2: =IF(M16=0,NA(),M16) -> 1.125491 | ... AN2: =IF(U16=0,NA(),U16) -> #N/A
A3: TRECHO 231 — RODOVIA TO-365 - TRECHO IPUEIRAS - SILVANÓPOLIS | T3: EXTENSÃO: 1,125 km · 1 S.R.E.
A4: COMO PREENCHER: uma X em UMA coluna de cada grupo, por linha. Se houver mais de um defeito no mesmo km, marque o PREDOMINANTE e escreva o resto em OBSERVAÇÕES. A quilometragem é contada de 0 até o fim de CADA S.R.E. (não é o marco da rodovia).
A6: S.R.E. | B6: SENT. | C6: INÍCIO (KM) | D6: FIM (KM) | E6: EXT. (KM) | F6: CONDIÇÃO DO PAVIMENTO | K6: VEGETAÇÃO | M6: ELEM. DE DRENAGEM | P6: SIN. HORIZ. | S6: SIN. VERTICAL | V6: OBSERVAÇÕES | W6: CONFERÊNCIA (só na tela)
F7: BOM | G7: REM. I. | H7: REM. L. | I7: BUR. I. | J7: BUR. L. | K7: ADEQ. | L7: INAD. | M7: LIMP. | N7: SUJO | O7: DANIF. | P7: BOM | Q7: REG. | R7: INEX. | S7: BOM | T7: POUC. | U7: INEX.
A8: S.R.E. 365ETO0191 | IPUEIRAS *TRECHO URBANO* | PSU · Municipal · 1.125 km · sem coordenada no shape
A9: 365ETO0191 | B9: C | C9: 0 | D9: 1 | E9: =D9-C9 -> 1 | G9: X | K9: X | M9: X | Q9: X | T9: X | V9: URBANO | W9: =IF(COUNTA(F9:U9)=0,"— não preenchido",IF(COUNTIF(F9:J9,"X")<>1,"FALTA/DUPLA: CONDIÇÃO DO PAVIMENTO",IF(COUNTIF(K9:L9,"X")<>1,"FALTA/DUPLA: VEGETAÇÃO",IF(COUNTIF(M9:O9,"X")<>1,"FALTA/DUPLA: ELEM. DE DRENAGEM",IF(COUNTIF(P9:R9,"X")<>1,"FALTA/DUPLA: SIN. HORIZ.",IF(COUNTIF(S9:U9,"X")<>1,"FALTA/DUPLA: SIN. VERTICAL","OK")))))) -> OK
A10: 365ETO0191 | B10: C | C10: 1 | D10: 1.125491 | E10: =D10-C10 -> 0.12549101 | G10: X | K10: X | M10: X | Q10: X | T10: X | V10: URBANO | W10: =IF(COUNTA(F10:U10)=0,"— não preenchido",IF(COUNTIF(F10:J10,"X")<>1,"FALTA/DUPLA: CONDIÇÃO DO PAVIMENTO",IF(COUNTIF(K10:L10,"X")<>1,"FALTA/DUPLA: VEGETAÇÃO",IF(COUNTIF(M10:O10,"X")<>1,"FALTA/DUPLA: ELEM. DE DRENAGEM",IF(COUNTIF(P10:R10,"X")<>1,"FALTA/DUPLA: SIN. HORIZ.",IF(COUNTIF(S10:U10,"X")<>1,"FALTA/DUPLA: SIN. VERTICAL","OK")))))) -> OK
A12: ____________________________________________ | G12: ____________________________________________
A13: TÉCNICO RESPONSÁVEL PELA INSPEÇÃO | G13: VISTO DA SUPERVISÃO
A15: RESUMO DO TRECHO — KM LANÇADO POR ITEM
A16: KM LANÇADO | F16: =SUMIF(F$9:F$10,"X",$E$9:$E$10) -> 0 | G16: =SUMIF(G$9:G$10,"X",$E$9:$E$10) -> 1.125491 | H16: =SUMIF(H$9:H$10,"X",$E$9:$E$10) -> 0 | I16: =SUMIF(I$9:I$10,"X",$E$9:$E$10) -> 0 | J16: =SUMIF(J$9:J$10,"X",$E$9:$E$10) -> 0 | K16: =SUMIF(K$9:K$10,"X",$E$9:$E$10) -> 1.125491 | L16: =SUMIF(L$9:L$10,"X",$E$9:$E$10) -> 0 | M16: =SUMIF(M$9:M$10,"X",$E$9:$E$10) -> 1.125491 | ... U16: =SUMIF(U$9:U$10,"X",$E$9:$E$10) -> 0
A17: % DA EXTENSÃO | F17: =IF($R19=0,0,F16/$R19) -> 0 | G17: =IF($R19=0,0,G16/$R19) -> 1 | H17: =IF($R19=0,0,H16/$R19) -> 0 | I17: =IF($R19=0,0,I16/$R19) -> 0 | J17: =IF($R19=0,0,J16/$R19) -> 0 | K17: =IF($R19=0,0,K16/$R19) -> 1 | L17: =IF($R19=0,0,L16/$R19) -> 0 | M17: =IF($R19=0,0,M16/$R19) -> 1 | ... U17: =IF($R19=0,0,U16/$R19) -> 0
A18: CONFERÊNCIA POR GRUPO | F18: =IF(SUM(F16:J16)=0,"— não preenchido",IF(ROUND(SUM(F16:J16)-$R19,3)=0,"OK — "&ROUND(SUM(F16:J16),3)&" km","ERRO — dif. de "&ROUND(SUM(F16:J16)-$R19,3)&" km")) -> OK — 1,125 km | K18: =IF(SUM(K16:L16)=0,"— não preenchido",IF(ROUND(SUM(K16:L16)-$R19,3)=0,"OK — "&ROUND(SUM(K16:L16),3)&" km","ERRO — dif. de "&ROUND(SUM(K16:L16)-$R19,3)&" km")) -> OK — 1,125 km | M18: =IF(SUM(M16:O16)=0,"— não preenchido",IF(ROUND(SUM(M16:O16)-$R19,3)=0,"OK — "&ROUND(SUM(M16:O16),3)&" km","ERRO — dif. de "&ROUND(SUM(M16:O16)-$R19,3)&" km")) -> OK — 1,125 km | P18: =IF(SUM(P16:R16)=0,"— não preenchido",IF(ROUND(SUM(P16:R16)-$R19,3)=0,"OK — "&ROUND(SUM(P16:R16),3)&" km","ERRO — dif. de "&ROUND(SUM(P16:R16)-$R19,3)&" km")) -> OK — 1,125 km | S18: =IF(SUM(S16:U16)=0,"— não preenchido",IF(ROUND(SUM(S16:U16)-$R19,3)=0,"OK — "&ROUND(SUM(S16:U16),3)&" km","ERRO — dif. de "&ROUND(SUM(S16:U16)-$R19,3)&" km")) -> OK — 1,125 km
A19: EXTENSÃO TOTAL DO TRECHO | R19: =SUM(E9:E10) -> 1.125491 | V19: =COUNTIF(W9:W10,"OK")&" de "&COUNT($E$9:$E$10)&" linhas conferidas" -> 2 de 2 linhas conferidas
A21: LEGENDA
A22: REM. I. / REM. L. | E22: Remendos isolados (até 10 por km) · Remendos ao longo (mais de 10 por km)
A23: BUR. I. / BUR. L. | E23: Buracos isolados (até 5 por km) · Buracos ao longo (mais de 5 por km)
A24: SIT. | E24: PPS = pista simples · PSU = simples urbana · PDU = duplicada
A25: FAIXA AZUL | E25: Cabeçalho de cada S.R.E.: descrição, situação, jurisdição, extensão e coordenada de início.
A26: INÍCIO / FIM (KM) | E26: Contados de 0 até o fim de CADA S.R.E. Não é o marco quilométrico da rodovia.
A27: SENT. | E27: C = crescente · D = decrescente
A28: FAIXA CINZA | E28: Segmento fora do escopo do contrato: você passa por ele, mas não preenche.
A29: CÉLULA VERMELHA | E29: Mais de uma X no mesmo grupo. Apague uma delas.
A30: CONFERÊNCIA | E30: Só na tela, não sai impresso. Fica OK com uma X em cada grupo.

Sheet 233
A1: PROGRAMA DE MANUTENÇÃO RODOVIÁRIA — FICHA DE INSPEÇÃO — RODOVIAS PAVIMENTADAS | Y1: Valores dos gráficos — troca 0 por N/D para a fatia não aparecer. Não editar.
A2: REGIÃO: 12 — PEIXE | G2: MÊS / ANO: | K2: DATA: | P2: TÉCNICO: | Y2: =IF(F100=0,NA(),F100) -> 9 | Z2: =IF(G100=0,NA(),G100) -> 49.976519 | AA2: =IF(H100=0,NA(),H100) -> 22.872974 | AB2: =IF(I100=0,NA(),I100) -> #N/A | AC2: =IF(J100=0,NA(),J100) -> #N/A | AD2: =IF(K100=0,NA(),K100) -> 80.849492 | AE2: =IF(L100=0,NA(),L100) -> #N/A | AF2: =IF(M100=0,NA(),M100) -> 9.8729737 | ... AN2: =IF(U100=0,NA(),U100) -> #N/A
A3: TRECHO 233 — RODOVIA TO-373 - TRECHO ALVORADA - ENTR. BR-242 | T3: EXTENSÃO: 81,849 km · 4 S.R.E.
A4: COMO PREENCHER: uma X em UMA coluna de cada grupo, por linha. Se houver mais de um defeito no mesmo km, marque o PREDOMINANTE e escreva o resto em OBSERVAÇÕES. A quilometragem é contada de 0 até o fim de CADA S.R.E. (não é o marco da rodovia).
A6: S.R.E. | B6: SENT. | C6: INÍCIO (KM) | D6: FIM (KM) | E6: EXT. (KM) | F6: CONDIÇÃO DO PAVIMENTO | K6: VEGETAÇÃO | M6: ELEM. DE DRENAGEM | P6: SIN. HORIZ. | S6: SIN. VERTICAL | V6: OBSERVAÇÕES | W6: CONFERÊNCIA (só na tela)
F7: BOM | G7: REM. I. | H7: REM. L. | I7: BUR. I. | J7: BUR. L. | K7: ADEQ. | L7: INAD. | M7: LIMP. | N7: SUJO | O7: DANIF. | P7: BOM | Q7: REG. | R7: INEX. | S7: BOM | T7: POUC. | U7: INEX.
A8: S.R.E. 373ETO0190 | ENTR. BR-242 - ENTR. TO-498 (SANTA CRUZ) | PPS · Estadual · 22.788 km · início: -12.164251, -48.541886
A9: 373ETO0190 | B9: C | C9: 0 | D9: 1 | E9: =D9-C9 -> 1 | G9: X | K9: X | N9: X | Q9: X | T9: X | W9: =IF(COUNTA(F9:U9)=0,"— não preenchido",IF(COUNTIF(F9:J9,"X")<>1,"FALTA/DUPLA: CONDIÇÃO DO PAVIMENTO",IF(COUNTIF(K9:L9,"X")<>1,"FALTA/DUPLA: VEGETAÇÃO",IF(COUNTIF(M9:O9,"X")<>1,"FALTA/DUPLA: ELEM. DE DRENAGEM",IF(COUNTIF(P9:R9,"X")<>1,"FALTA/DUPLA: SIN. HORIZ.",IF(COUNTIF(S9:U9,"X")<>1,"FALTA/DUPLA: SIN. VERTICAL","OK")))))) -> OK
A10: 373ETO0190 | B10: C | C10: 1 | D10: 2 | E10: =D10-C10 -> 1 | G10: X | K10: X | N10: X | Q10: X | T10: X | W10: =IF(COUNTA(F10:U10)=0,"— não preenchido",IF(COUNTIF(F10:J10,"X")<>1,"FALTA/DUPLA: CONDIÇÃO DO PAVIMENTO",IF(COUNTIF(K10:L10,"X")<>1,"FALTA/DUPLA: VEGETAÇÃO",IF(COUNTIF(M10:O10,"X")<>1,"FALTA/DUPLA: ELEM. DE DRENAGEM",IF(COUNTIF(P10:R10,"X")<>1,"FALTA/DUPLA: SIN. HORIZ.",IF(COUNTIF(S10:U10,"X")<>1,"FALTA/DUPLA: SIN. VERTICAL","OK")))))) -> OK
A11: 373ETO0190 | B11: C | C11: 2 | D11: 3 | E11: =D11-C11 -> 1 | G11: X | K11: X | N11: X | Q11: X | T11: X | W11: =IF(COUNTA(F11:U11)=0,"— não preenchido",IF(COUNTIF(F11:J11,"X")<>1,"FALTA/DUPLA: CONDIÇÃO DO PAVIMENTO",IF(COUNTIF(K11:L11,"X")<>1,"FALTA/DUPLA: VEGETAÇÃO",IF(COUNTIF(M11:O11,"X")<>1,"FALTA/DUPLA: ELEM. DE DRENAGEM",IF(COUNTIF(P11:R11,"X")<>1,"FALTA/DUPLA: SIN. HORIZ.",IF(COUNTIF(S11:U11,"X")<>1,"FALTA/DUPLA: SIN. VERTICAL","OK")))))) -> OK
A12: 373ETO0190 | B12: C | C12: 3 | D12: 4 | E12: =D12-C12 -> 1 | G12: X | K12: X | M12: X | Q12: X | T12: X | W12: =IF(COUNTA(F12:U12)=0,"— não preenchido",IF(COUNTIF(F12:J12,"X")<>1,"FALTA/DUPLA: CONDIÇÃO DO PAVIMENTO",IF(COUNTIF(K12:L12,"X")<>1,"FALTA/DUPLA: VEGETAÇÃO",IF(COUNTIF(M12:O12,"X")<>1,"FALTA/DUPLA: ELEM. DE DRENAGEM",IF(COUNTIF(P12:R12,"X")<>1,"FALTA/DUPLA: SIN. HORIZ.",IF(COUNTIF(S12:U12,"X")<>1,"FALTA/DUPLA: SIN. VERTICAL","OK")))))) -> OK
A13: 373ETO0190 | B13: C | C13: 4 | D13: 5 | E13: =D13-C13 -> 1 | G13: X | K13: X | M13: X | Q13: X | T13: X | W13: =IF(COUNTA(F13:U13)=0,"— não preenchido",IF(COUNTIF(F13:J13,"X")<>1,"FALTA/DUPLA: CONDIÇÃO DO PAVIMENTO",IF(COUNTIF(K13:L13,"X")<>1,"FALTA/DUPLA: VEGETAÇÃO",IF(COUNTIF(M13:O13,"X")<>1,"FALTA/DUPLA: ELEM. DE DRENAGEM",IF(COUNTIF(P13:R13,"X")<>1,"FALTA/DUPLA: SIN. HORIZ.",IF(COUNTIF(S13:U13,"X")<>1,"FALTA/DUPLA: SIN. VERTICAL","OK")))))) -> OK
A14: 373ETO0190 | B14: C | C14: 5 | D14: 6 | E14: =D14-C14 -> 1 | G14: X | K14: X | M14: X | Q14: X | T14: X | W14: =IF(COUNTA(F14:U14)=0,"— não preenchido",IF(COUNTIF(F14:J14,"X")<>1,"FALTA/DUPLA: CONDIÇÃO DO PAVIMENTO",IF(COUNTIF(K14:L14,"X")<>1,"FALTA/DUPLA: VEGETAÇÃO",IF(COUNTIF(M14:O14,"X")<>1,"FALTA/DUPLA: ELEM. DE DRENAGEM",IF(COUNTIF(P14:R14,"X")<>1,"FALTA/DUPLA: SIN. HORIZ.",IF(COUNTIF(S14:U14,"X")<>1,"FALTA/DUPLA: SIN. VERTICAL","OK")))))) -> OK
A15: 373ETO0190 | B15: C | C15: 6 | D15: 7 | E15: =D15-C15 -> 1 | G15: X | K15: X | M15: X | Q15: X | T15: X | W15: =IF(COUNTA(F15:U15)=0,"— não preenchido",IF(COUNTIF(F15:J15,"X")<>1,"FALTA/DUPLA: CONDIÇÃO DO PAVIMENTO",IF(COUNTIF(K15:L15,"X")<>1,"FALTA/DUPLA: VEGETAÇÃO",IF(COUNTIF(M15:O15,"X")<>1,"FALTA/DUPLA: ELEM. DE DRENAGEM",IF(COUNTIF(P15:R15,"X")<>1,"FALTA/DUPLA: SIN. HORIZ.",IF(COUNTIF(S15:U15,"X")<>1,"FALTA/DUPLA: SIN. VERTICAL","OK")))))) -> OK
A16: 373ETO0190 | B16: C | C16: 7 | D16: 8 | E16: =D16-C16 -> 1 | G16: X | K16: X | M16: X | Q16: X | T16: X | W16: =IF(COUNTA(F16:U16)=0,"— não preenchido",IF(COUNTIF(F16:J16,"X")<>1,"FALTA/DUPLA: CONDIÇÃO DO PAVIMENTO",IF(COUNTIF(K16:L16,"X")<>1,"FALTA/DUPLA: VEGETAÇÃO",IF(COUNTIF(M16:O16,"X")<>1,"FALTA/DUPLA: ELEM. DE DRENAGEM",IF(COUNTIF(P16:R16,"X")<>1,"FALTA/DUPLA: SIN. HORIZ.",IF(COUNTIF(S16:U16,"X")<>1,"FALTA/DUPLA: SIN. VERTICAL","OK")))))) -> OK
A17: 373ETO0190 | B17: C | C17: 8 | D17: 9 | E17: =D17-C17 -> 1 | G17: X | K17: X | M17: X | Q17: X | T17: X | W17: =IF(COUNTA(F17:U17)=0,"— não preenchido",IF(COUNTIF(F17:J17,"X")<>1,"FALTA/DUPLA: CONDIÇÃO DO PAVIMENTO",IF(COUNTIF(K17:L17,"X")<>1,"FALTA/DUPLA: VEGETAÇÃO",IF(COUNTIF(M17:O17,"X")<>1,"FALTA/DUPLA: ELEM. DE DRENAGEM",IF(COUNTIF(P17:R17,"X")<>1,"FALTA/DUPLA: SIN. HORIZ.",IF(COUNTIF(S17:U17,"X")<>1,"FALTA/DUPLA: SIN. VERTICAL","OK")))))) -> OK
A18: 373ETO0190 | B18: C | C18: 9 | D18: 10 | E18: =D18-C18 -> 1 | F18: X | K18: X | N18: X | Q18: X | T18: X | W18: =IF(COUNTA(F18:U18)=0,"— não preenchido",IF(COUNTIF(F18:J18,"X")<>1,"FALTA/DUPLA: CONDIÇÃO DO PAVIMENTO",IF(COUNTIF(K18:L18,"X")<>1,"FALTA/DUPLA: VEGETAÇÃO",IF(COUNTIF(M18:O18,"X")<>1,"FALTA/DUPLA: ELEM. DE DRENAGEM",IF(COUNTIF(P18:R18,"X")<>1,"FALTA/DUPLA: SIN. HORIZ.",IF(COUNTIF(S18:U18,"X")<>1,"FALTA/DUPLA: SIN. VERTICAL","OK")))))) -> OK
A19: 373ETO0190 | B19: C | C19: 10 | D19: 11 | E19: =D19-C19 -> 1 | F19: X | K19: X | N19: X | Q19: X | T19: X | W19: =IF(COUNTA(F19:U19)=0,"— não preenchido",IF(COUNTIF(F19:J19,"X")<>1,"FALTA/DUPLA: CONDIÇÃO DO PAVIMENTO",IF(COUNTIF(K19:L19,"X")<>1,"FALTA/DUPLA: VEGETAÇÃO",IF(COUNTIF(M19:O19,"X")<>1,"FALTA/DUPLA: ELEM. DE DRENAGEM",IF(COUNTIF(P19:R19,"X")<>1,"FALTA/DUPLA: SIN. HORIZ.",IF(COUNTIF(S19:U19,"X")<>1,"FALTA/DUPLA: SIN. VERTICAL","OK")))))) -> OK
A20: 373ETO0190 | B20: C | C20: 11 | D20: 12 | E20: =D20-C20 -> 1 | F20: X | K20: X | N20: X | Q20: X | T20: X | W20: =IF(COUNTA(F20:U20)=0,"— não preenchido",IF(COUNTIF(F20:J20,"X")<>1,"FALTA/DUPLA: CONDIÇÃO DO PAVIMENTO",IF(COUNTIF(K20:L20,"X")<>1,"FALTA/DUPLA: VEGETAÇÃO",IF(COUNTIF(M20:O20,"X")<>1,"FALTA/DUPLA: ELEM. DE DRENAGEM",IF(COUNTIF(P20:R20,"X")<>1,"FALTA/DUPLA: SIN. HORIZ.",IF(COUNTIF(S20:U20,"X")<>1,"FALTA/DUPLA: SIN. VERTICAL","OK")))))) -> OK
A21: 373ETO0190 | B21: C | C21: 12 | D21: 13 | E21: =D21-C21 -> 1 | F21: X | K21: X | N21: X | Q21: X | T21: X | W21: =IF(COUNTA(F21:U21)=0,"— não preenchido",IF(COUNTIF(F21:J21,"X")<>1,"FALTA/DUPLA: CONDIÇÃO DO PAVIMENTO",IF(COUNTIF(K21:L21,"X")<>1,"FALTA/DUPLA: VEGETAÇÃO",IF(COUNTIF(M21:O21,"X")<>1,"FALTA/DUPLA: ELEM. DE DRENAGEM",IF(COUNTIF(P21:R21,"X")<>1,"FALTA/DUPLA: SIN. HORIZ.",IF(COUNTIF(S21:U21,"X")<>1,"FALTA/DUPLA: SIN. VERTICAL","OK")))))) -> OK
A22: 373ETO0190 | B22: C | C22: 13 | D22: 14 | E22: =D22-C22 -> 1 | G22: X | K22: X | N22: X | Q22: X | T22: X | W22: =IF(COUNTA(F22:U22)=0,"— não preenchido",IF(COUNTIF(F22:J22,"X")<>1,"FALTA/DUPLA: CONDIÇÃO DO PAVIMENTO",IF(COUNTIF(K22:L22,"X")<>1,"FALTA/DUPLA: VEGETAÇÃO",IF(COUNTIF(M22:O22,"X")<>1,"FALTA/DUPLA: ELEM. DE DRENAGEM",IF(COUNTIF(P22:R22,"X")<>1,"FALTA/DUPLA: SIN. HORIZ.",IF(COUNTIF(S22:U22,"X")<>1,"FALTA/DUPLA: SIN. VERTICAL","OK")))))) -> OK
A23: 373ETO0190 | B23: C | C23: 14 | D23: 15 | E23: =D23-C23 -> 1 | F23: X | K23: X | N23: X | Q23: X | T23: X | W23: =IF(COUNTA(F23:U23)=0,"— não preenchido",IF(COUNTIF(F23:J23,"X")<>1,"FALTA/DUPLA: CONDIÇÃO DO PAVIMENTO",IF(COUNTIF(K23:L23,"X")<>1,"FALTA/DUPLA: VEGETAÇÃO",IF(COUNTIF(M23:O23,"X")<>1,"FALTA/DUPLA: ELEM. DE DRENAGEM",IF(COUNTIF(P23:R23,"X")<>1,"FALTA/DUPLA: SIN. HORIZ.",IF(COUNTIF(S23:U23,"X")<>1,"FALTA/DUPLA: SIN. VERTICAL","OK")))))) -> OK
A24: 373ETO0190 | B24: C | C24: 15 | D24: 16 | E24: =D24-C24 -> 1 | G24: X | K24: X | N24: X | Q24: X | T24: X | W24: =IF(COUNTA(F24:U24)=0,"— não preenchido",IF(COUNTIF(F24:J24,"X")<>1,"FALTA/DUPLA: CONDIÇÃO DO PAVIMENTO",IF(COUNTIF(K24:L24,"X")<>1,"FALTA/DUPLA: VEGETAÇÃO",IF(COUNTIF(M24:O24,"X")<>1,"FALTA/DUPLA: ELEM. DE DRENAGEM",IF(COUNTIF(P24:R24,"X")<>1,"FALTA/DUPLA: SIN. HORIZ.",IF(COUNTIF(S24:U24,"X")<>1,"FALTA/DUPLA: SIN. VERTICAL","OK")))))) -> OK
A25: 373ETO0190 | B25: C | C25: 16 | D25: 17 | E25: =D25-C25 -> 1 | G25: X | K25: X | N25: X | Q25: X | T25: X | W25: =IF(COUNTA(F25:U25)=0,"— não preenchido",IF(COUNTIF(F25:J25,"X")<>1,"FALTA/DUPLA: CONDIÇÃO DO PAVIMENTO",IF(COUNTIF(K25:L25,"X")<>1,"FALTA/DUPLA: VEGETAÇÃO",IF(COUNTIF(M25:O25,"X")<>1,"FALTA/DUPLA: ELEM. DE DRENAGEM",IF(COUNTIF(P25:R25,"X")<>1,"FALTA/DUPLA: SIN. HORIZ.",IF(COUNTIF(S25:U25,"X")<>1,"FALTA/DUPLA: SIN. VERTICAL","OK")))))) -> OK
A26: 373ETO0190 | B26: C | C26: 17 | D26: 18 | E26: =D26-C26 -> 1 | G26: X | K26: X | N26: X | Q26: X | T26: X | W26: =IF(COUNTA(F26:U26)=0,"— não preenchido",IF(COUNTIF(F26:J26,"X")<>1,"FALTA/DUPLA: CONDIÇÃO DO PAVIMENTO",IF(COUNTIF(K26:L26,"X")<>1,"FALTA/DUPLA: VEGETAÇÃO",IF(COUNTIF(M26:O26,"X")<>1,"FALTA/DUPLA: ELEM. DE DRENAGEM",IF(COUNTIF(P26:R26,"X")<>1,"FALTA/DUPLA: SIN. HORIZ.",IF(COUNTIF(S26:U26,"X")<>1,"FALTA/DUPLA: SIN. VERTICAL","OK")))))) -> OK
A27: 373ETO0190 | B27: C | C27: 18 | D27: 19 | E27: =D27-C27 -> 1 | G27: X | K27: X | N27: X | Q27: X | T27: X | W27: =IF(COUNTA(F27:U27)=0,"— não preenchido",IF(COUNTIF(F27:J27,"X")<>1,"FALTA/DUPLA: CONDIÇÃO DO PAVIMENTO",IF(COUNTIF(K27:L27,"X")<>1,"FALTA/DUPLA: VEGETAÇÃO",IF(COUNTIF(M27:O27,"X")<>1,"FALTA/DUPLA: ELEM. DE DRENAGEM",IF(COUNTIF(P27:R27,"X")<>1,"FALTA/DUPLA: SIN. HORIZ.",IF(COUNTIF(S27:U27,"X")<>1,"FALTA/DUPLA: SIN. VERTICAL","OK")))))) -> OK
A28: 373ETO0190 | B28: C | C28: 19 | D28: 20 | E28: =D28-C28 -> 1 | G28: X | K28: X | N28: X | Q28: X | T28: X | W28: =IF(COUNTA(F28:U28)=0,"— não preenchido",IF(COUNTIF(F28:J28,"X")<>1,"FALTA/DUPLA: CONDIÇÃO DO PAVIMENTO",IF(COUNTIF(K28:L28,"X")<>1,"FALTA/DUPLA: VEGETAÇÃO",IF(COUNTIF(M28:O28,"X")<>1,"FALTA/DUPLA: ELEM. DE DRENAGEM",IF(COUNTIF(P28:R28,"X")<>1,"FALTA/DUPLA: SIN. HORIZ.",IF(COUNTIF(S28:U28,"X")<>1,"FALTA/DUPLA: SIN. VERTICAL","OK")))))) -> OK
A29: 373ETO0190 | B29: C | C29: 20 | D29: 21 | E29: =D29-C29 -> 1 | G29: X | K29: X | N29: X | Q29: X | T29: X | W29: =IF(COUNTA(F29:U29)=0,"— não preenchido",IF(COUNTIF(F29:J29,"X")<>1,"FALTA/DUPLA: CONDIÇÃO DO PAVIMENTO",IF(COUNTIF(K29:L29,"X")<>1,"FALTA/DUPLA: VEGETAÇÃO",IF(COUNTIF(M29:O29,"X")<>1,"FALTA/DUPLA: ELEM. DE DRENAGEM",IF(COUNTIF(P29:R29,"X")<>1,"FALTA/DUPLA: SIN. HORIZ.",IF(COUNTIF(S29:U29,"X")<>1,"FALTA/DUPLA: SIN. VERTICAL","OK")))))) -> OK
A30: 373ETO0190 | B30: C | C30: 21 | D30: 22 | E30: =D30-C30 -> 1 | G30: X | K30: X | N30: X | Q30: X | T30: X | W30: =IF(COUNTA(F30:U30)=0,"— não preenchido",IF(COUNTIF(F30:J30,"X")<>1,"FALTA/DUPLA: CONDIÇÃO DO PAVIMENTO",IF(COUNTIF(K30:L30,"X")<>1,"FALTA/DUPLA: VEGETAÇÃO",IF(COUNTIF(M30:O30,"X")<>1,"FALTA/DUPLA: ELEM. DE DRENAGEM",IF(COUNTIF(P30:R30,"X")<>1,"FALTA/DUPLA: SIN. HORIZ.",IF(COUNTIF(S30:U30,"X")<>1,"FALTA/DUPLA: SIN. VERTICAL","OK")))))) -> OK
A31: 373ETO0190 | B31: C | C31: 22 | D31: 22.788312 | E31: =D31-C31 -> 0.78831177 | G31: X | K31: X | N31: X | Q31: X | T31: X | W31: =IF(COUNTA(F31:U31)=0,"— não preenchido",IF(COUNTIF(F31:J31,"X")<>1,"FALTA/DUPLA: CONDIÇÃO DO PAVIMENTO",IF(COUNTIF(K31:L31,"X")<>1,"FALTA/DUPLA: VEGETAÇÃO",IF(COUNTIF(M31:O31,"X")<>1,"FALTA/DUPLA: ELEM. DE DRENAGEM",IF(COUNTIF(P31:R31,"X")<>1,"FALTA/DUPLA: SIN. HORIZ.",IF(COUNTIF(S31:U31,"X")<>1,"FALTA/DUPLA: SIN. VERTICAL","OK")))))) -> OK
A32: S.R.E. 373ETO0200 | ENTR. TO-498 (SANTA CRUZ) - VILA UNIÃO | PPS · Estadual · 21.785 km · início: -12.345124, -48.638939
A33: 373ETO0200 | B33: C | C33: 0 | D33: 1 | E33: =D33-C33 -> 1 | F33: X | K33: X | N33: X | Q33: X | T33: X | W33: =IF(COUNTA(F33:U33)=0,"— não preenchido",IF(COUNTIF(F33:J33,"X")<>1,"FALTA/DUPLA: CONDIÇÃO DO PAVIMENTO",IF(COUNTIF(K33:L33,"X")<>1,"FALTA/DUPLA: VEGETAÇÃO",IF(COUNTIF(M33:O33,"X")<>1,"FALTA/DUPLA: ELEM. DE DRENAGEM",IF(COUNTIF(P33:R33,"X")<>1,"FALTA/DUPLA: SIN. HORIZ.",IF(COUNTIF(S33:U33,"X")<>1,"FALTA/DUPLA: SIN. VERTICAL","OK")))))) -> OK
A34: 373ETO0200 | B34: C | C34: 1 | D34: 2 | E34: =D34-C34 -> 1 | G34: X | K34: X | N34: X | Q34: X | T34: X | W34: =IF(COUNTA(F34:U34)=0,"— não preenchido",IF(COUNTIF(F34:J34,"X")<>1,"FALTA/DUPLA: CONDIÇÃO DO PAVIMENTO",IF(COUNTIF(K34:L34,"X")<>1,"FALTA/DUPLA: VEGETAÇÃO",IF(COUNTIF(M34:O34,"X")<>1,"FALTA/DUPLA: ELEM. DE DRENAGEM",IF(COUNTIF(P34:R34,"X")<>1,"FALTA/DUPLA: SIN. HORIZ.",IF(COUNTIF(S34:U34,"X")<>1,"FALTA/DUPLA: SIN. VERTICAL","OK")))))) -> OK
A35: 373ETO0200 | B35: C | C35: 2 | D35: 3 | E35: =D35-C35 -> 1 | G35: X | K35: X | N35: X | Q35: X | T35: X | W35: =IF(COUNTA(F35:U35)=0,"— não preenchido",IF(COUNTIF(F35:J35,"X")<>1,"FALTA/DUPLA: CONDIÇÃO DO PAVIMENTO",IF(COUNTIF(K35:L35,"X")<>1,"FALTA/DUPLA: VEGETAÇÃO",IF(COUNTIF(M35:O35,"X")<>1,"FALTA/DUPLA: ELEM. DE DRENAGEM",IF(COUNTIF(P35:R35,"X")<>1,"FALTA/DUPLA: SIN. HORIZ.",IF(COUNTIF(S35:U35,"X")<>1,"FALTA/DUPLA: SIN. VERTICAL","OK")))))) -> OK
A36: 373ETO0200 | B36: C | C36: 3 | D36: 4 | E36: =D36-C36 -> 1 | G36: X | K36: X | N36: X | Q36: X | T36: X | W36: =IF(COUNTA(F36:U36)=0,"— não preenchido",IF(COUNTIF(F36:J36,"X")<>1,"FALTA/DUPLA: CONDIÇÃO DO PAVIMENTO",IF(COUNTIF(K36:L36,"X")<>1,"FALTA/DUPLA: VEGETAÇÃO",IF(COUNTIF(M36:O36,"X")<>1,"FALTA/DUPLA: ELEM. DE DRENAGEM",IF(COUNTIF(P36:R36,"X")<>1,"FALTA/DUPLA: SIN. HORIZ.",IF(COUNTIF(S36:U36,"X")<>1,"FALTA/DUPLA: SIN. VERTICAL","OK")))))) -> OK
A37: 373ETO0200 | B37: C | C37: 4 | D37: 5 | E37: =D37-C37 -> 1 | G37: X | K37: X | N37: X | Q37: X | T37: X | W37: =IF(COUNTA(F37:U37)=0,"— não preenchido",IF(COUNTIF(F37:J37,"X")<>1,"FALTA/DUPLA: CONDIÇÃO DO PAVIMENTO",IF(COUNTIF(K37:L37,"X")<>1,"FALTA/DUPLA: VEGETAÇÃO",IF(COUNTIF(M37:O37,"X")<>1,"FALTA/DUPLA: ELEM. DE DRENAGEM",IF(COUNTIF(P37:R37,"X")<>1,"FALTA/DUPLA: SIN. HORIZ.",IF(COUNTIF(S37:U37,"X")<>1,"FALTA/DUPLA: SIN. VERTICAL","OK")))))) -> OK
A38: 373ETO0200 | B38: C | C38: 5 | D38: 6 | E38: =D38-C38 -> 1 | H38: X | K38: X | N38: X | Q38: X | T38: X | W38: =IF(COUNTA(F38:U38)=0,"— não preenchido",IF(COUNTIF(F38:J38,"X")<>1,"FALTA/DUPLA: CONDIÇÃO DO PAVIMENTO",IF(COUNTIF(K38:L38,"X")<>1,"FALTA/DUPLA: VEGETAÇÃO",IF(COUNTIF(M38:O38,"X")<>1,"FALTA/DUPLA: ELEM. DE DRENAGEM",IF(COUNTIF(P38:R38,"X")<>1,"FALTA/DUPLA: SIN. HORIZ.",IF(COUNTIF(S38:U38,"X")<>1,"FALTA/DUPLA: SIN. VERTICAL","OK")))))) -> OK
A39: 373ETO0200 | B39: C | C39: 6 | D39: 7 | E39: =D39-C39 -> 1 | H39: X | K39: X | N39: X | Q39: X | T39: X | W39: =IF(COUNTA(F39:U39)=0,"— não preenchido",IF(COUNTIF(F39:J39,"X")<>1,"FALTA/DUPLA: CONDIÇÃO DO PAVIMENTO",IF(COUNTIF(K39:L39,"X")<>1,"FALTA/DUPLA: VEGETAÇÃO",IF(COUNTIF(M39:O39,"X")<>1,"FALTA/DUPLA: ELEM. DE DRENAGEM",IF(COUNTIF(P39:R39,"X")<>1,"FALTA/DUPLA: SIN. HORIZ.",IF(COUNTIF(S39:U39,"X")<>1,"FALTA/DUPLA: SIN. VERTICAL","OK")))))) -> OK
A40: 373ETO0200 | B40: C | C40: 7 | D40: 8 | E40: =D40-C40 -> 1 | H40: X | K40: X | N40: X | Q40: X | T40: X | W40: =IF(COUNTA(F40:U40)=0,"— não preenchido",IF(COUNTIF(F40:J40,"X")<>1,"FALTA/DUPLA: CONDIÇÃO DO PAVIMENTO",IF(COUNTIF(K40:L40,"X")<>1,"FALTA/DUPLA: VEGETAÇÃO",IF(COUNTIF(M40:O40,"X")<>1,"FALTA/DUPLA: ELEM. DE DRENAGEM",IF(COUNTIF(P40:R40,"X")<>1,"FALTA/DUPLA: SIN. HORIZ.",IF(COUNTIF(S40:U40,"X")<>1,"FALTA/DUPLA: SIN. VERTICAL","OK")))))) -> OK
A41: 373ETO0200 | B41: C | C41: 8 | D41: 9 | E41: =D41-C41 -> 1 | H41: X | K41: X | N41: X | Q41: X | T41: X | W41: =IF(COUNTA(F41:U41)=0,"— não preenchido",IF(COUNTIF(F41:J41,"X")<>1,"FALTA/DUPLA: CONDIÇÃO DO PAVIMENTO",IF(COUNTIF(K41:L41,"X")<>1,"FALTA/DUPLA: VEGETAÇÃO",IF(COUNTIF(M41:O41,"X")<>1,"FALTA/DUPLA: ELEM. DE DRENAGEM",IF(COUNTIF(P41:R41,"X")<>1,"FALTA/DUPLA: SIN. HORIZ.",IF(COUNTIF(S41:U41,"X")<>1,"FALTA/DUPLA: SIN. VERTICAL","OK")))))) -> OK
A42: 373ETO0200 | B42: C | C42: 9 | D42: 10 | E42: =D42-C42 -> 1 | H42: X | K42: X | N42: X | Q42: X | T42: X | W42: =IF(COUNTA(F42:U42)=0,"— não preenchido",IF(COUNTIF(F42:J42,"X")<>1,"FALTA/DUPLA: CONDIÇÃO DO PAVIMENTO",IF(COUNTIF(K42:L42,"X")<>1,"FALTA/DUPLA: VEGETAÇÃO",IF(COUNTIF(M42:O42,"X")<>1,"FALTA/DUPLA: ELEM. DE DRENAGEM",IF(COUNTIF(P42:R42,"X")<>1,"FALTA/DUPLA: SIN. HORIZ.",IF(COUNTIF(S42:U42,"X")<>1,"FALTA/DUPLA: SIN. VERTICAL","OK")))))) -> OK
A43: 373ETO0200 | B43: C | C43: 10 | D43: 11 | E43: =D43-C43 -> 1 | H43: X | K43: X | N43: X | Q43: X | T43: X | W43: =IF(COUNTA(F43:U43)=0,"— não preenchido",IF(COUNTIF(F43:J43,"X")<>1,"FALTA/DUPLA: CONDIÇÃO DO PAVIMENTO",IF(COUNTIF(K43:L43,"X")<>1,"FALTA/DUPLA: VEGETAÇÃO",IF(COUNTIF(M43:O43,"X")<>1,"FALTA/DUPLA: ELEM. DE DRENAGEM",IF(COUNTIF(P43:R43,"X")<>1,"FALTA/DUPLA: SIN. HORIZ.",IF(COUNTIF(S43:U43,"X")<>1,"FALTA/DUPLA: SIN. VERTICAL","OK")))))) -> OK
A44: 373ETO0200 | B44: C | C44: 11 | D44: 12 | E44: =D44-C44 -> 1 | H44: X | K44: X | N44: X | Q44: X | T44: X | W44: =IF(COUNTA(F44:U44)=0,"— não preenchido",IF(COUNTIF(F44:J44,"X")<>1,"FALTA/DUPLA: CONDIÇÃO DO PAVIMENTO",IF(COUNTIF(K44:L44,"X")<>1,"FALTA/DUPLA: VEGETAÇÃO",IF(COUNTIF(M44:O44,"X")<>1,"FALTA/DUPLA: ELEM. DE DRENAGEM",IF(COUNTIF(P44:R44,"X")<>1,"FALTA/DUPLA: SIN. HORIZ.",IF(COUNTIF(S44:U44,"X")<>1,"FALTA/DUPLA: SIN. VERTICAL","OK")))))) -> OK
A45: 373ETO0200 | B45: C | C45: 12 | D45: 13 | E45: =D45-C45 -> 1 | H45: X | K45: X | N45: X | Q45: X | T45: X | W45: =IF(COUNTA(F45:U45)=0,"— não preenchido",IF(COUNTIF(F45:J45,"X")<>1,"FALTA/DUPLA: CONDIÇÃO DO PAVIMENTO",IF(COUNTIF(K45:L45,"X")<>1,"FALTA/DUPLA: VEGETAÇÃO",IF(COUNTIF(M45:O45,"X")<>1,"FALTA/DUPLA: ELEM. DE DRENAGEM",IF(COUNTIF(P45:R45,"X")<>1,"FALTA/DUPLA: SIN. HORIZ.",IF(COUNTIF(S45:U45,"X")<>1,"FALTA/DUPLA: SIN. VERTICAL","OK")))))) -> OK
A46: 373ETO0200 | B46: C | C46: 13 | D46: 14 | E46: =D46-C46 -> 1 | H46: X | K46: X | N46: X | Q46: X | T46: X | W46: =IF(COUNTA(F46:U46)=0,"— não preenchido",IF(COUNTIF(F46:J46,"X")<>1,"FALTA/DUPLA: CONDIÇÃO DO PAVIMENTO",IF(COUNTIF(K46:L46,"X")<>1,"FALTA/DUPLA: VEGETAÇÃO",IF(COUNTIF(M46:O46,"X")<>1,"FALTA/DUPLA: ELEM. DE DRENAGEM",IF(COUNTIF(P46:R46,"X")<>1,"FALTA/DUPLA: SIN. HORIZ.",IF(COUNTIF(S46:U46,"X")<>1,"FALTA/DUPLA: SIN. VERTICAL","OK")))))) -> OK
A47: 373ETO0200 | B47: C | C47: 14 | D47: 15 | E47: =D47-C47 -> 1 | H47: X | K47: X | N47: X | Q47: X | T47: X | W47: =IF(COUNTA(F47:U47)=0,"— não preenchido",IF(COUNTIF(F47:J47,"X")<>1,"FALTA/DUPLA: CONDIÇÃO DO PAVIMENTO",IF(COUNTIF(K47:L47,"X")<>1,"FALTA/DUPLA: VEGETAÇÃO",IF(COUNTIF(M47:O47,"X")<>1,"FALTA/DUPLA: ELEM. DE DRENAGEM",IF(COUNTIF(P47:R47,"X")<>1,"FALTA/DUPLA: SIN. HORIZ.",IF(COUNTIF(S47:U47,"X")<>1,"FALTA/DUPLA: SIN. VERTICAL","OK")))))) -> OK
