Workbook

Sheet RESUMO
A1: RESUMO CONSOLIDADO — REGIÃO 1 — RODOVIAS NÃO PAVIMENTADAS | M1: Valores dos gráficos — troca 0 por N/D para a fatia não aparecer. Não editar.
A2: Todos os números vêm das abas dos trechos por referência direta. Não digite nada aqui. A coluna CONFERÊNCIA acusa qualquer trecho em que a soma das marcações não fecha com a extensão. | M2: =IF(D19=0,NA(),D19) -> 158.78004 | N2: =IF(E19=0,NA(),E19) -> 205.3054 | O2: =IF(F19=0,NA(),F19) -> 32.436808 | P2: =IF(G19=0,NA(),G19) -> #N/A | Q2: =IF(H19=0,NA(),H19) -> 243.50815 | R2: =IF(I19=0,NA(),I19) -> 132.35151 | S2: =IF(J19=0,NA(),J19) -> 20.662584
A4: Nº TRECHO | B4: TRECHO | C4: EXTENSÃO (KM) | D4: CONDIÇÃO DA PLATAFORMA | H4: DRENAGEM SUPERFICIAL | K4: CONFERÊNCIA
D5: BOM | E5: REGULAR | F5: RUIM | G5: PÉSSIMA | H5: LIMPA | I5: OBSTRUÍDA | J5: AUSENTE
A6: 1 | B6: RODOVIA TO-010 - TRECHO ANANÁS - ENTR. BR-230 | C6: ='1'!I103 -> 75.631722 | D6: ='1'!F100 -> 27.234346 | E6: ='1'!G100 -> 48.397376 | F6: ='1'!H100 -> 0 | G6: ='1'!I100 -> 0 | H6: ='1'!J100 -> 69.631722 | I6: ='1'!K100 -> 0 | J6: ='1'!L100 -> 6 | K6: =IF(SUM(D6:G6)=0,"— não preenchido",IF(ROUND(SUM(D6:G6)-C6,3)=0,"OK","ERRO — dif. de "&ROUND(SUM(D6:G6)-C6,3)&" km")) -> OK
A7: 6 | B7: RODOVIA TO-126 - TRECHO MAURILÂNDIA - TOCANTINÓPOLIS | C7: ='6'!I53 -> 35.479669 | D7: ='6'!F50 -> 22 | E7: ='6'!G50 -> 13.479669 | F7: ='6'!H50 -> 0 | G7: ='6'!I50 -> 0 | H7: ='6'!J50 -> 29.479669 | I7: ='6'!K50 -> 0 | J7: ='6'!L50 -> 6 | K7: =IF(SUM(D7:G7)=0,"— não preenchido",IF(ROUND(SUM(D7:G7)-C7,3)=0,"OK","ERRO — dif. de "&ROUND(SUM(D7:G7)-C7,3)&" km")) -> OK
A8: 12 | B8: RODOVIA TO-134 - TRECHO RIO TOCANTINS (JATOBAL) - AXIXÁ DO TOCANTINS | C8: ='12'!I52 -> 26.301108 | D8: ='12'!F49 -> 0 | E8: ='12'!G49 -> 0 | F8: ='12'!H49 -> 26.301108 | G8: ='12'!I49 -> 0 | H8: ='12'!J49 -> 0 | I8: ='12'!K49 -> 26.301108 | J8: ='12'!L49 -> 0 | K8: =IF(SUM(D8:G8)=0,"— não preenchido",IF(ROUND(SUM(D8:G8)-C8,3)=0,"OK","ERRO — dif. de "&ROUND(SUM(D8:G8)-C8,3)&" km")) -> OK
A9: 20 | B9: RODOVIA TO-201 - TRECHO ESPERANTINA - DIVISA TO-MA | C9: ='20'!I43 -> 22.698015 | D9: ='20'!F40 -> 8 | E9: ='20'!G40 -> 13.209234 | F9: ='20'!H40 -> 0 | G9: ='20'!I40 -> 0 | H9: ='20'!J40 -> 3.6392069 | I9: ='20'!K40 -> 17.570027 | J9: ='20'!L40 -> 0 | K9: =IF(SUM(D9:G9)=0,"— não preenchido",IF(ROUND(SUM(D9:G9)-C9,3)=0,"OK","ERRO — dif. de "&ROUND(SUM(D9:G9)-C9,3)&" km")) -> ERRO — dif. de -1,489 km
A10: 21 | B10: RODOVIA TO-205 - TRECHO SÃO BENTO DO TOCANTINS - ENTR. TO-010 | C10: ='21'!I43 -> 25.673932 | D10: ='21'!F40 -> 16.673932 | E10: ='21'!G40 -> 9 | F10: ='21'!H40 -> 0 | G10: ='21'!I40 -> 0 | H10: ='21'!J40 -> 14.673932 | I10: ='21'!K40 -> 11 | J10: ='21'!L40 -> 0 | K10: =IF(SUM(D10:G10)=0,"— não preenchido",IF(ROUND(SUM(D10:G10)-C10,3)=0,"OK","ERRO — dif. de "&ROUND(SUM(D10:G10)-C10,3)&" km")) -> OK
A11: 22 | B11: RODOVIA TO-210 - TRECHO ENTR. TO-010 - DIVISA TO-PA (VILA ANTONINA) | C11: ='22'!I56 -> 38.250855 | D11: ='22'!F53 -> 10.250855 | E11: ='22'!G53 -> 28 | F11: ='22'!H53 -> 0 | G11: ='22'!I53 -> 0 | H11: ='22'!J53 -> 33 | I11: ='22'!K53 -> 3.2508546 | J11: ='22'!L53 -> 2 | K11: =IF(SUM(D11:G11)=0,"— não preenchido",IF(ROUND(SUM(D11:G11)-C11,3)=0,"OK","ERRO — dif. de "&ROUND(SUM(D11:G11)-C11,3)&" km")) -> OK
A12: 25 | B12: RODOVIA TO-210 - TRECHO TOCANTINÓPOLIS - NAZARÉ | C12: ='25'!I35 -> 16.24209 | D12: ='25'!F32 -> 15.497344 | E12: ='25'!G32 -> 0 | F12: ='25'!H32 -> 0 | G12: ='25'!I32 -> 0 | H12: ='25'!J32 -> 15.497344 | I12: ='25'!K32 -> 0 | J12: ='25'!L32 -> 0 | K12: =IF(SUM(D12:G12)=0,"— não preenchido",IF(ROUND(SUM(D12:G12)-C12,3)=0,"OK","ERRO — dif. de "&ROUND(SUM(D12:G12)-C12,3)&" km")) -> ERRO — dif. de -0,745 km
A13: 26 | B13: RODOVIA TO-402 - TRECHO DIVISA TO-MA (VILA JURANDIR BELIZARIO) - ENTR. TO-201 | C13: ='26'!I32 -> 14.274653 | D13: ='26'!F29 -> 3 | E13: ='26'!G29 -> 11.274653 | F13: ='26'!H29 -> 0 | G13: ='26'!I29 -> 0 | H13: ='26'!J29 -> 0 | I13: ='26'!K29 -> 14.274653 | J13: ='26'!L29 -> 0 | K13: =IF(SUM(D13:G13)=0,"— não preenchido",IF(ROUND(SUM(D13:G13)-C13,3)=0,"OK","ERRO — dif. de "&ROUND(SUM(D13:G13)-C13,3)&" km")) -> OK
A14: 27 | B14: RODOVIA TO-403 - TRECHO CARRASCO BONITO - SAMPAIO | C14: ='27'!I38 -> 19.219656 | D14: ='27'!F35 -> 6 | E14: ='27'!G35 -> 11.219656 | F14: ='27'!H35 -> 2 | G14: ='27'!I35 -> 0 | H14: ='27'!J35 -> 10.557072 | I14: ='27'!K35 -> 6 | J14: ='27'!L35 -> 2.6625836 | K14: =IF(SUM(D14:G14)=0,"— não preenchido",IF(ROUND(SUM(D14:G14)-C14,3)=0,"OK","ERRO — dif. de "&ROUND(SUM(D14:G14)-C14,3)&" km")) -> OK
A15: 31 | B15: RODOVIA TO-405 - TRECHO AXIXÁ DO TOCANTINS - ENTR. BR-230 | C15: ='31'!I58 -> 35.95559 | D15: ='31'!F55 -> 4.6401054 | E15: ='31'!G55 -> 31.315485 | F15: ='31'!H55 -> 0 | G15: ='31'!I55 -> 0 | H15: ='31'!J55 -> 22.545751 | I15: ='31'!K55 -> 13.409839 | J15: ='31'!L55 -> 0 | K15: =IF(SUM(D15:G15)=0,"— não preenchido",IF(ROUND(SUM(D15:G15)-C15,3)=0,"OK","ERRO — dif. de "&ROUND(SUM(D15:G15)-C15,3)&" km")) -> OK
A16: 33 | B16: RODOVIA TO-409 - TRECHO MAURILÂNDIA - ENTR. TO-134 | C16: ='33'!I64 -> 44.892781 | D16: ='33'!F61 -> 33.483453 | E16: ='33'!G61 -> 11.409328 | F16: ='33'!H61 -> 0 | G16: ='33'!I61 -> 0 | H16: ='33'!J61 -> 24.483453 | I16: ='33'!K61 -> 20.409328 | J16: ='33'!L61 -> 0 | K16: =IF(SUM(D16:G16)=0,"— não preenchido",IF(ROUND(SUM(D16:G16)-C16,3)=0,"OK","ERRO — dif. de "&ROUND(SUM(D16:G16)-C16,3)&" km")) -> OK
A17: 34 | B17: RODOVIA TO-414 - TRECHO CACHOEIRINHA - ENTR. TO-010 (TAPUIO) | C17: ='34'!I50 -> 32.812789 | D17: ='34'!F47 -> 12 | E17: ='34'!G47 -> 20 | F17: ='34'!H47 -> 0 | G17: ='34'!I47 -> 0 | H17: ='34'!J47 -> 16 | I17: ='34'!K47 -> 12 | J17: ='34'!L47 -> 4 | K17: =IF(SUM(D17:G17)=0,"— não preenchido",IF(ROUND(SUM(D17:G17)-C17,3)=0,"OK","ERRO — dif. de "&ROUND(SUM(D17:G17)-C17,3)&" km")) -> ERRO — dif. de -0,813 km
A18: 37 | B18: RODOVIA TO-415 - TRECHO ENTR. RODOVIA VICINAL - NAZARÉ | C18: ='37'!I30 -> 12.1357 | D18: ='37'!F27 -> 0 | E18: ='37'!G27 -> 8 | F18: ='37'!H27 -> 4.1357005 | G18: ='37'!I27 -> 0 | H18: ='37'!J27 -> 4 | I18: ='37'!K27 -> 8.1357005 | J18: ='37'!L27 -> 0 | K18: =IF(SUM(D18:G18)=0,"— não preenchido",IF(ROUND(SUM(D18:G18)-C18,3)=0,"OK","ERRO — dif. de "&ROUND(SUM(D18:G18)-C18,3)&" km")) -> OK
B19: TOTAL PERCORRIDO NO MÊS | C19: =SUM(C6:C18) -> 399.56856 | D19: =SUM(D6:D18) -> 158.78004 | E19: =SUM(E6:E18) -> 205.3054 | F19: =SUM(F6:F18) -> 32.436808 | G19: =SUM(G6:G18) -> 0 | H19: =SUM(H6:H18) -> 243.50815 | I19: =SUM(I6:I18) -> 132.35151 | J19: =SUM(J6:J18) -> 20.662584
B20: % DA EXTENSÃO DA MALHA (399.57 km) | D20: =SUM(D19:G19)/399.57 -> 0.99237241 | H20: (soma do grupo 'CONDIÇÃO DA PLATAFORMA' dividida pela malha)

Sheet 1
A1: PROGRAMA DE MANUTENÇÃO RODOVIÁRIA — FICHA DE INSPEÇÃO — RODOVIAS NÃO PAVIMENTADAS | P1: Valores dos gráficos — troca 0 por N/D para a fatia não aparecer. Não editar.
A2: REGIÃO: 1 — TOCANTINÓPOLIS | D2: MÊS / ANO: | G2: DATA: | J2: TÉCNICO: | P2: =IF(F100=0,NA(),F100) -> 27.234346 | Q2: =IF(G100=0,NA(),G100) -> 48.397376 | R2: =IF(H100=0,NA(),H100) -> #N/A | S2: =IF(I100=0,NA(),I100) -> #N/A | T2: =IF(J100=0,NA(),J100) -> 69.631722 | U2: =IF(K100=0,NA(),K100) -> #N/A | V2: =IF(L100=0,NA(),L100) -> 6
A3: TRECHO 1 — RODOVIA TO-010 - TRECHO ANANÁS - ENTR. BR-230 | K3: EXTENSÃO: 75,632 km · 7 S.R.E.
A4: COMO PREENCHER: uma X em UMA coluna de cada grupo, por linha. Se houver mais de um defeito no mesmo km, marque o PREDOMINANTE e escreva o resto em OBSERVAÇÕES. A quilometragem é contada de 0 até o fim de CADA S.R.E. (não é o marco da rodovia).
A6: S.R.E. | B6: SENT. | C6: INÍCIO (KM) | D6: FIM (KM) | E6: EXT. (KM) | F6: CONDIÇÃO DA PLATAFORMA | J6: DRENAGEM SUPERFICIAL | M6: OBSERVAÇÕES | N6: CONFERÊNCIA (só na tela)
F7: BOM | G7: REGULAR | H7: RUIM | I7: PÉSSIMA | J7: LIMPA | K7: OBSTRUÍDA | L7: AUSENTE
A8: S.R.E. 010ETO0560 | FIM PAVIMENTACAO - ENTR. TO-205 | EOP · Estadual · 32.188 km · início: -6.303139, -48.100065
A9: 010ETO0560 | B9: C | C9: 0 | D9: 1 | E9: =D9-C9 -> 1 | G9: X | L9: X | N9: =IF(COUNTA(F9:L9)=0,"— não preenchido",IF(COUNTIF(F9:I9,"X")<>1,"FALTA/DUPLA: CONDIÇÃO DA PLATAFORMA",IF(COUNTIF(J9:L9,"X")<>1,"FALTA/DUPLA: DRENAGEM SUPERFICIAL","OK"))) -> OK
A10: 010ETO0560 | B10: C | C10: 1 | D10: 2 | E10: =D10-C10 -> 1 | G10: X | L10: X | N10: =IF(COUNTA(F10:L10)=0,"— não preenchido",IF(COUNTIF(F10:I10,"X")<>1,"FALTA/DUPLA: CONDIÇÃO DA PLATAFORMA",IF(COUNTIF(J10:L10,"X")<>1,"FALTA/DUPLA: DRENAGEM SUPERFICIAL","OK"))) -> OK
A11: 010ETO0560 | B11: C | C11: 2 | D11: 3 | E11: =D11-C11 -> 1 | G11: X | L11: X | N11: =IF(COUNTA(F11:L11)=0,"— não preenchido",IF(COUNTIF(F11:I11,"X")<>1,"FALTA/DUPLA: CONDIÇÃO DA PLATAFORMA",IF(COUNTIF(J11:L11,"X")<>1,"FALTA/DUPLA: DRENAGEM SUPERFICIAL","OK"))) -> OK
A12: 010ETO0560 | B12: C | C12: 3 | D12: 4 | E12: =D12-C12 -> 1 | G12: X | L12: X | N12: =IF(COUNTA(F12:L12)=0,"— não preenchido",IF(COUNTIF(F12:I12,"X")<>1,"FALTA/DUPLA: CONDIÇÃO DA PLATAFORMA",IF(COUNTIF(J12:L12,"X")<>1,"FALTA/DUPLA: DRENAGEM SUPERFICIAL","OK"))) -> OK
A13: 010ETO0560 | B13: C | C13: 4 | D13: 5 | E13: =D13-C13 -> 1 | G13: X | L13: X | N13: =IF(COUNTA(F13:L13)=0,"— não preenchido",IF(COUNTIF(F13:I13,"X")<>1,"FALTA/DUPLA: CONDIÇÃO DA PLATAFORMA",IF(COUNTIF(J13:L13,"X")<>1,"FALTA/DUPLA: DRENAGEM SUPERFICIAL","OK"))) -> OK
A14: 010ETO0560 | B14: C | C14: 5 | D14: 6 | E14: =D14-C14 -> 1 | G14: X | L14: X | N14: =IF(COUNTA(F14:L14)=0,"— não preenchido",IF(COUNTIF(F14:I14,"X")<>1,"FALTA/DUPLA: CONDIÇÃO DA PLATAFORMA",IF(COUNTIF(J14:L14,"X")<>1,"FALTA/DUPLA: DRENAGEM SUPERFICIAL","OK"))) -> OK
A15: 010ETO0560 | B15: C | C15: 6 | D15: 7 | E15: =D15-C15 -> 1 | G15: X | J15: X | N15: =IF(COUNTA(F15:L15)=0,"— não preenchido",IF(COUNTIF(F15:I15,"X")<>1,"FALTA/DUPLA: CONDIÇÃO DA PLATAFORMA",IF(COUNTIF(J15:L15,"X")<>1,"FALTA/DUPLA: DRENAGEM SUPERFICIAL","OK"))) -> OK
A16: 010ETO0560 | B16: C | C16: 7 | D16: 8 | E16: =D16-C16 -> 1 | G16: X | J16: X | N16: =IF(COUNTA(F16:L16)=0,"— não preenchido",IF(COUNTIF(F16:I16,"X")<>1,"FALTA/DUPLA: CONDIÇÃO DA PLATAFORMA",IF(COUNTIF(J16:L16,"X")<>1,"FALTA/DUPLA: DRENAGEM SUPERFICIAL","OK"))) -> OK
A17: 010ETO0560 | B17: C | C17: 8 | D17: 9 | E17: =D17-C17 -> 1 | G17: X | J17: X | N17: =IF(COUNTA(F17:L17)=0,"— não preenchido",IF(COUNTIF(F17:I17,"X")<>1,"FALTA/DUPLA: CONDIÇÃO DA PLATAFORMA",IF(COUNTIF(J17:L17,"X")<>1,"FALTA/DUPLA: DRENAGEM SUPERFICIAL","OK"))) -> OK
A18: 010ETO0560 | B18: C | C18: 9 | D18: 10 | E18: =D18-C18 -> 1 | G18: X | J18: X | N18: =IF(COUNTA(F18:L18)=0,"— não preenchido",IF(COUNTIF(F18:I18,"X")<>1,"FALTA/DUPLA: CONDIÇÃO DA PLATAFORMA",IF(COUNTIF(J18:L18,"X")<>1,"FALTA/DUPLA: DRENAGEM SUPERFICIAL","OK"))) -> OK
A19: 010ETO0560 | B19: C | C19: 10 | D19: 11 | E19: =D19-C19 -> 1 | G19: X | J19: X | N19: =IF(COUNTA(F19:L19)=0,"— não preenchido",IF(COUNTIF(F19:I19,"X")<>1,"FALTA/DUPLA: CONDIÇÃO DA PLATAFORMA",IF(COUNTIF(J19:L19,"X")<>1,"FALTA/DUPLA: DRENAGEM SUPERFICIAL","OK"))) -> OK
A20: 010ETO0560 | B20: C | C20: 11 | D20: 12 | E20: =D20-C20 -> 1 | G20: X | J20: X | N20: =IF(COUNTA(F20:L20)=0,"— não preenchido",IF(COUNTIF(F20:I20,"X")<>1,"FALTA/DUPLA: CONDIÇÃO DA PLATAFORMA",IF(COUNTIF(J20:L20,"X")<>1,"FALTA/DUPLA: DRENAGEM SUPERFICIAL","OK"))) -> OK
A21: 010ETO0560 | B21: C | C21: 12 | D21: 13 | E21: =D21-C21 -> 1 | G21: X | J21: X | N21: =IF(COUNTA(F21:L21)=0,"— não preenchido",IF(COUNTIF(F21:I21,"X")<>1,"FALTA/DUPLA: CONDIÇÃO DA PLATAFORMA",IF(COUNTIF(J21:L21,"X")<>1,"FALTA/DUPLA: DRENAGEM SUPERFICIAL","OK"))) -> OK
A22: 010ETO0560 | B22: C | C22: 13 | D22: 14 | E22: =D22-C22 -> 1 | G22: X | J22: X | N22: =IF(COUNTA(F22:L22)=0,"— não preenchido",IF(COUNTIF(F22:I22,"X")<>1,"FALTA/DUPLA: CONDIÇÃO DA PLATAFORMA",IF(COUNTIF(J22:L22,"X")<>1,"FALTA/DUPLA: DRENAGEM SUPERFICIAL","OK"))) -> OK
A23: 010ETO0560 | B23: C | C23: 14 | D23: 15 | E23: =D23-C23 -> 1 | G23: X | J23: X | N23: =IF(COUNTA(F23:L23)=0,"— não preenchido",IF(COUNTIF(F23:I23,"X")<>1,"FALTA/DUPLA: CONDIÇÃO DA PLATAFORMA",IF(COUNTIF(J23:L23,"X")<>1,"FALTA/DUPLA: DRENAGEM SUPERFICIAL","OK"))) -> OK
A24: 010ETO0560 | B24: C | C24: 15 | D24: 16 | E24: =D24-C24 -> 1 | G24: X | J24: X | N24: =IF(COUNTA(F24:L24)=0,"— não preenchido",IF(COUNTIF(F24:I24,"X")<>1,"FALTA/DUPLA: CONDIÇÃO DA PLATAFORMA",IF(COUNTIF(J24:L24,"X")<>1,"FALTA/DUPLA: DRENAGEM SUPERFICIAL","OK"))) -> OK
A25: 010ETO0560 | B25: C | C25: 16 | D25: 17 | E25: =D25-C25 -> 1 | G25: X | J25: X | N25: =IF(COUNTA(F25:L25)=0,"— não preenchido",IF(COUNTIF(F25:I25,"X")<>1,"FALTA/DUPLA: CONDIÇÃO DA PLATAFORMA",IF(COUNTIF(J25:L25,"X")<>1,"FALTA/DUPLA: DRENAGEM SUPERFICIAL","OK"))) -> OK
A26: 010ETO0560 | B26: C | C26: 17 | D26: 18 | E26: =D26-C26 -> 1 | G26: X | J26: X | N26: =IF(COUNTA(F26:L26)=0,"— não preenchido",IF(COUNTIF(F26:I26,"X")<>1,"FALTA/DUPLA: CONDIÇÃO DA PLATAFORMA",IF(COUNTIF(J26:L26,"X")<>1,"FALTA/DUPLA: DRENAGEM SUPERFICIAL","OK"))) -> OK
... A41: 010ETO0560 | B41: C | C41: 32 | D41: 32.187522 | E41: =D41-C41 -> 0.18752219 | G41: X | J41: X | N41: =IF(COUNTA(F41:L41)=0,"— não preenchido",IF(COUNTIF(F41:I41,"X")<>1,"FALTA/DUPLA: CONDIÇÃO DA PLATAFORMA",IF(COUNTIF(J41:L41,"X")<>1,"FALTA/DUPLA: DRENAGEM SUPERFICIAL","OK"))) -> OK
A42: S.R.E. 010ETO0570 | ENTR. TO-205 - RONCA | EOP · Estadual · 5.380 km · início: -6.058179, -48.123409
A43: 010ETO0570 | B43: C | C43: 0 | D43: 1 | E43: =D43-C43 -> 1 | F43: X | J43: X | N43: =IF(COUNTA(F43:L43)=0,"— não preenchido",IF(COUNTIF(F43:I43,"X")<>1,"FALTA/DUPLA: CONDIÇÃO DA PLATAFORMA",IF(COUNTIF(J43:L43,"X")<>1,"FALTA/DUPLA: DRENAGEM SUPERFICIAL","OK"))) -> OK
A44: 010ETO0570 | B44: C | C44: 1 | D44: 2 | E44: =D44-C44 -> 1 | F44: X | J44: X | N44: =IF(COUNTA(F44:L44)=0,"— não preenchido",IF(COUNTIF(F44:I44,"X")<>1,"FALTA/DUPLA: CONDIÇÃO DA PLATAFORMA",IF(COUNTIF(J44:L44,"X")<>1,"FALTA/DUPLA: DRENAGEM SUPERFICIAL","OK"))) -> OK
A45: 010ETO0570 | B45: C | C45: 2 | D45: 3 | E45: =D45-C45 -> 1 | F45: X | J45: X | N45: =IF(COUNTA(F45:L45)=0,"— não preenchido",IF(COUNTIF(F45:I45,"X")<>1,"FALTA/DUPLA: CONDIÇÃO DA PLATAFORMA",IF(COUNTIF(J45:L45,"X")<>1,"FALTA/DUPLA: DRENAGEM SUPERFICIAL","OK"))) -> OK
A46: 010ETO0570 | B46: C | C46: 3 | D46: 4 | E46: =D46-C46 -> 1 | F46: X | J46: X | N46: =IF(COUNTA(F46:L46)=0,"— não preenchido",IF(COUNTIF(F46:I46,"X")<>1,"FALTA/DUPLA: CONDIÇÃO DA PLATAFORMA",IF(COUNTIF(J46:L46,"X")<>1,"FALTA/DUPLA: DRENAGEM SUPERFICIAL","OK"))) -> OK
A47: 010ETO0570 | B47: C | C47: 4 | D47: 5 | E47: =D47-C47 -> 1 | F47: X | J47: X | N47: =IF(COUNTA(F47:L47)=0,"— não preenchido",IF(COUNTIF(F47:I47,"X")<>1,"FALTA/DUPLA: CONDIÇÃO DA PLATAFORMA",IF(COUNTIF(J47:L47,"X")<>1,"FALTA/DUPLA: DRENAGEM SUPERFICIAL","OK"))) -> OK
A48: 010ETO0570 | B48: C | C48: 5 | D48: 5.3799354 | E48: =D48-C48 -> 0.37993539 | F48: X | J48: X | N48: =IF(COUNTA(F48:L48)=0,"— não preenchido",IF(COUNTIF(F48:I48,"X")<>1,"FALTA/DUPLA: CONDIÇÃO DA PLATAFORMA",IF(COUNTIF(J48:L48,"X")<>1,"FALTA/DUPLA: DRENAGEM SUPERFICIAL","OK"))) -> OK
A49: S.R.E. 010ETO0580 | RONCA - NATAL | EOP · Estadual · 16.210 km · início: -6.023745, -48.14829
A50: 010ETO0580 | B50: C | C50: 0 | D50: 1 | E50: =D50-C50 -> 1 | G50: X | J50: X | N50: =IF(COUNTA(F50:L50)=0,"— não preenchido",IF(COUNTIF(F50:I50,"X")<>1,"FALTA/DUPLA: CONDIÇÃO DA PLATAFORMA",IF(COUNTIF(J50:L50,"X")<>1,"FALTA/DUPLA: DRENAGEM SUPERFICIAL","OK"))) -> OK
A51: 010ETO0580 | B51: C | C51: 1 | D51: 2 | E51: =D51-C51 -> 1 | G51: X | J51: X | N51: =IF(COUNTA(F51:L51)=0,"— não preenchido",IF(COUNTIF(F51:I51,"X")<>1,"FALTA/DUPLA: CONDIÇÃO DA PLATAFORMA",IF(COUNTIF(J51:L51,"X")<>1,"FALTA/DUPLA: DRENAGEM SUPERFICIAL","OK"))) -> OK
A52: 010ETO0580 | B52: C | C52: 2 | D52: 3 | E52: =D52-C52 -> 1 | G52: X | J52: X | N52: =IF(COUNTA(F52:L52)=0,"— não preenchido",IF(COUNTIF(F52:I52,"X")<>1,"FALTA/DUPLA: CONDIÇÃO DA PLATAFORMA",IF(COUNTIF(J52:L52,"X")<>1,"FALTA/DUPLA: DRENAGEM SUPERFICIAL","OK"))) -> OK
A53: 010ETO0580 | B53: C | C53: 3 | D53: 4 | E53: =D53-C53 -> 1 | G53: X | J53: X | N53: =IF(COUNTA(F53:L53)=0,"— não preenchido",IF(COUNTIF(F53:I53,"X")<>1,"FALTA/DUPLA: CONDIÇÃO DA PLATAFORMA",IF(COUNTIF(J53:L53,"X")<>1,"FALTA/DUPLA: DRENAGEM SUPERFICIAL","OK"))) -> OK
A54: 010ETO0580 | B54: C | C54: 4 | D54: 5 | E54: =D54-C54 -> 1 | G54: X | J54: X | N54: =IF(COUNTA(F54:L54)=0,"— não preenchido",IF(COUNTIF(F54:I54,"X")<>1,"FALTA/DUPLA: CONDIÇÃO DA PLATAFORMA",IF(COUNTIF(J54:L54,"X")<>1,"FALTA/DUPLA: DRENAGEM SUPERFICIAL","OK"))) -> OK
A55: 010ETO0580 | B55: C | C55: 5 | D55: 6 | E55: =D55-C55 -> 1 | G55: X | J55: X | N55: =IF(COUNTA(F55:L55)=0,"— não preenchido",IF(COUNTIF(F55:I55,"X")<>1,"FALTA/DUPLA: CONDIÇÃO DA PLATAFORMA",IF(COUNTIF(J55:L55,"X")<>1,"FALTA/DUPLA: DRENAGEM SUPERFICIAL","OK"))) -> OK
A56: 010ETO0580 | B56: C | C56: 6 | D56: 7 | E56: =D56-C56 -> 1 | G56: X | J56: X | N56: =IF(COUNTA(F56:L56)=0,"— não preenchido",IF(COUNTIF(F56:I56,"X")<>1,"FALTA/DUPLA: CONDIÇÃO DA PLATAFORMA",IF(COUNTIF(J56:L56,"X")<>1,"FALTA/DUPLA: DRENAGEM SUPERFICIAL","OK"))) -> OK
A57: 010ETO0580 | B57: C | C57: 7 | D57: 8 | E57: =D57-C57 -> 1 | G57: X | J57: X | N57: =IF(COUNTA(F57:L57)=0,"— não preenchido",IF(COUNTIF(F57:I57,"X")<>1,"FALTA/DUPLA: CONDIÇÃO DA PLATAFORMA",IF(COUNTIF(J57:L57,"X")<>1,"FALTA/DUPLA: DRENAGEM SUPERFICIAL","OK"))) -> OK
A58: 010ETO0580 | B58: C | C58: 8 | D58: 9 | E58: =D58-C58 -> 1 | G58: X | J58: X | N58: =IF(COUNTA(F58:L58)=0,"— não preenchido",IF(COUNTIF(F58:I58,"X")<>1,"FALTA/DUPLA: CONDIÇÃO DA PLATAFORMA",IF(COUNTIF(J58:L58,"X")<>1,"FALTA/DUPLA: DRENAGEM SUPERFICIAL","OK"))) -> OK
A59: 010ETO0580 | B59: C | C59: 9 | D59: 10 | E59: =D59-C59 -> 1 | G59: X | J59: X | N59: =IF(COUNTA(F59:L59)=0,"— não preenchido",IF(COUNTIF(F59:I59,"X")<>1,"FALTA/DUPLA: CONDIÇÃO DA PLATAFORMA",IF(COUNTIF(J59:L59,"X")<>1,"FALTA/DUPLA: DRENAGEM SUPERFICIAL","OK"))) -> OK
A60: 010ETO0580 | B60: C | C60: 10 | D60: 11 | E60: =D60-C60 -> 1 | G60: X | J60: X | N60: =IF(COUNTA(F60:L60)=0,"— não preenchido",IF(COUNTIF(F60:I60,"X")<>1,"FALTA/DUPLA: CONDIÇÃO DA PLATAFORMA",IF(COUNTIF(J60:L60,"X")<>1,"FALTA/DUPLA: DRENAGEM SUPERFICIAL","OK"))) -> OK
A61: 010ETO0580 | B61: C | C61: 11 | D61: 12 | E61: =D61-C61 -> 1 | G61: X | J61: X | N61: =IF(COUNTA(F61:L61)=0,"— não preenchido",IF(COUNTIF(F61:I61,"X")<>1,"FALTA/DUPLA: CONDIÇÃO DA PLATAFORMA",IF(COUNTIF(J61:L61,"X")<>1,"FALTA/DUPLA: DRENAGEM SUPERFICIAL","OK"))) -> OK
... A66: 010ETO0580 | B66: C | C66: 16 | D66: 16.209854 | E66: =D66-C66 -> 0.20985413 | G66: X | J66: X | N66: =IF(COUNTA(F66:L66)=0,"— não preenchido",IF(COUNTIF(F66:I66,"X")<>1,"FALTA/DUPLA: CONDIÇÃO DA PLATAFORMA",IF(COUNTIF(J66:L66,"X")<>1,"FALTA/DUPLA: DRENAGEM SUPERFICIAL","OK"))) -> OK
A67: S.R.E. 010ETO0590 | NATAL - ESPERANCA VIVA | EOP · Estadual · 1.346 km · início: -5.884126, -48.159514
A68: 010ETO0590 | B68: C | C68: 0 | D68: 1 | E68: =D68-C68 -> 1 | F68: X | J68: X | N68: =IF(COUNTA(F68:L68)=0,"— não preenchido",IF(COUNTIF(F68:I68,"X")<>1,"FALTA/DUPLA: CONDIÇÃO DA PLATAFORMA",IF(COUNTIF(J68:L68,"X")<>1,"FALTA/DUPLA: DRENAGEM SUPERFICIAL","OK"))) -> OK
A69: 010ETO0590 | B69: C | C69: 1 | D69: 1.3456448 | E69: =D69-C69 -> 0.34564478 | F69: X | J69: X | N69: =IF(COUNTA(F69:L69)=0,"— não preenchido",IF(COUNTIF(F69:I69,"X")<>1,"FALTA/DUPLA: CONDIÇÃO DA PLATAFORMA",IF(COUNTIF(J69:L69,"X")<>1,"FALTA/DUPLA: DRENAGEM SUPERFICIAL","OK"))) -> OK
A70: S.R.E. 010ETO0600 | ESPERANCA VIVA - VILA NOVA | EOP · Estadual · 7.294 km · início: -5.8728, -48.16351
A71: 010ETO0600 | B71: C | C71: 0 | D71: 1 | E71: =D71-C71 -> 1 | F71: X | J71: X | N71: =IF(COUNTA(F71:L71)=0,"— não preenchido",IF(COUNTIF(F71:I71,"X")<>1,"FALTA/DUPLA: CONDIÇÃO DA PLATAFORMA",IF(COUNTIF(J71:L71,"X")<>1,"FALTA/DUPLA: DRENAGEM SUPERFICIAL","OK"))) -> OK
A72: 010ETO0600 | B72: C | C72: 1 | D72: 2 | E72: =D72-C72 -> 1 | F72: X | J72: X | N72: =IF(COUNTA(F72:L72)=0,"— não preenchido",IF(COUNTIF(F72:I72,"X")<>1,"FALTA/DUPLA: CONDIÇÃO DA PLATAFORMA",IF(COUNTIF(J72:L72,"X")<>1,"FALTA/DUPLA: DRENAGEM SUPERFICIAL","OK"))) -> OK
A73: 010ETO0600 | B73: C | C73: 2 | D73: 3 | E73: =D73-C73 -> 1 | F73: X | J73: X | N73: =IF(COUNTA(F73:L73)=0,"— não preenchido",IF(COUNTIF(F73:I73,"X")<>1,"FALTA/DUPLA: CONDIÇÃO DA PLATAFORMA",IF(COUNTIF(J73:L73,"X")<>1,"FALTA/DUPLA: DRENAGEM SUPERFICIAL","OK"))) -> OK
A74: 010ETO0600 | B74: C | C74: 3 | D74: 4 | E74: =D74-C74 -> 1 | F74: X | J74: X | N74: =IF(COUNTA(F74:L74)=0,"— não preenchido",IF(COUNTIF(F74:I74,"X")<>1,"FALTA/DUPLA: CONDIÇÃO DA PLATAFORMA",IF(COUNTIF(J74:L74,"X")<>1,"FALTA/DUPLA: DRENAGEM SUPERFICIAL","OK"))) -> OK
A75: 010ETO0600 | B75: C | C75: 4 | D75: 5 | E75: =D75-C75 -> 1 | F75: X | J75: X | N75: =IF(COUNTA(F75:L75)=0,"— não preenchido",IF(COUNTIF(F75:I75,"X")<>1,"FALTA/DUPLA: CONDIÇÃO DA PLATAFORMA",IF(COUNTIF(J75:L75,"X")<>1,"FALTA/DUPLA: DRENAGEM SUPERFICIAL","OK"))) -> OK
A76: 010ETO0600 | B76: C | C76: 5 | D76: 6 | E76: =D76-C76 -> 1 | F76: X | J76: X | N76: =IF(COUNTA(F76:L76)=0,"— não preenchido",IF(COUNTIF(F76:I76,"X")<>1,"FALTA/DUPLA: CONDIÇÃO DA PLATAFORMA",IF(COUNTIF(J76:L76,"X")<>1,"FALTA/DUPLA: DRENAGEM SUPERFICIAL","OK"))) -> OK
A77: 010ETO0600 | B77: C | C77: 6 | D77: 7 | E77: =D77-C77 -> 1 | F77: X | J77: X | N77: =IF(COUNTA(F77:L77)=0,"— não preenchido",IF(COUNTIF(F77:I77,"X")<>1,"FALTA/DUPLA: CONDIÇÃO DA PLATAFORMA",IF(COUNTIF(J77:L77,"X")<>1,"FALTA/DUPLA: DRENAGEM SUPERFICIAL","OK"))) -> OK
A78: 010ETO0600 | B78: C | C78: 7 | D78: 7.2939257 | E78: =D78-C78 -> 0.29392568 | F78: X | J78: X | N78: =IF(COUNTA(F78:L78)=0,"— não preenchido",IF(COUNTIF(F78:I78,"X")<>1,"FALTA/DUPLA: CONDIÇÃO DA PLATAFORMA",IF(COUNTIF(J78:L78,"X")<>1,"FALTA/DUPLA: DRENAGEM SUPERFICIAL","OK"))) -> OK
A79: S.R.E. 010ETO0610 | VILA NOVA - TAQUARI | EOP · Estadual · 3.857 km · início: -5.817651, -48.185423
A80: 010ETO0610 | B80: C | C80: 0 | D80: 1 | E80: =D80-C80 -> 1 | F80: X | J80: X | N80: =IF(COUNTA(F80:L80)=0,"— não preenchido",IF(COUNTIF(F80:I80,"X")<>1,"FALTA/DUPLA: CONDIÇÃO DA PLATAFORMA",IF(COUNTIF(J80:L80,"X")<>1,"FALTA/DUPLA: DRENAGEM SUPERFICIAL","OK"))) -> OK
A81: 010ETO0610 | B81: C | C81: 1 | D81: 2 | E81: =D81-C81 -> 1 | F81: X | J81: X | N81: =IF(COUNTA(F81:L81)=0,"— não preenchido",IF(COUNTIF(F81:I81,"X")<>1,"FALTA/DUPLA: CONDIÇÃO DA PLATAFORMA",IF(COUNTIF(J81:L81,"X")<>1,"FALTA/DUPLA: DRENAGEM SUPERFICIAL","OK"))) -> OK
A82: 010ETO0610 | B82: C | C82: 2 | D82: 3 | E82: =D82-C82 -> 1 | F82: X | J82: X | N82: =IF(COUNTA(F82:L82)=0,"— não preenchido",IF(COUNTIF(F82:I82,"X")<>1,"FALTA/DUPLA: CONDIÇÃO DA PLATAFORMA",IF(COUNTIF(J82:L82,"X")<>1,"FALTA/DUPLA: DRENAGEM SUPERFICIAL","OK"))) -> OK
A83: 010ETO0610 | B83: C | C83: 3 | D83: 3.8572587 | E83: =D83-C83 -> 0.85725867 | F83: X | J83: X | N83: =IF(COUNTA(F83:L83)=0,"— não preenchido",IF(COUNTIF(F83:I83,"X")<>1,"FALTA/DUPLA: CONDIÇÃO DA PLATAFORMA",IF(COUNTIF(J83:L83,"X")<>1,"FALTA/DUPLA: DRENAGEM SUPERFICIAL","OK"))) -> OK
A84: S.R.E. 010ETO0620 | TAQUARI - ENTR. BR-230 | EOP · Estadual · 9.358 km · início: -5.787644, -48.176099
A85: 010ETO0620 | B85: C | C85: 0 | D85: 1 | E85: =D85-C85 -> 1 | F85: X | J85: X | N85: =IF(COUNTA(F85:L85)=0,"— não preenchido",IF(COUNTIF(F85:I85,"X")<>1,"FALTA/DUPLA: CONDIÇÃO DA PLATAFORMA",IF(COUNTIF(J85:L85,"X")<>1,"FALTA/DUPLA: DRENAGEM SUPERFICIAL","OK"))) -> OK
A86: 010ETO0620 | B86: C | C86: 1 | D86: 2 | E86: =D86-C86 -> 1 | F86: X | J86: X | N86: =IF(COUNTA(F86:L86)=0,"— não preenchido",IF(COUNTIF(F86:I86,"X")<>1,"FALTA/DUPLA: CONDIÇÃO DA PLATAFORMA",IF(COUNTIF(J86:L86,"X")<>1,"FALTA/DUPLA: DRENAGEM SUPERFICIAL","OK"))) -> OK
A87: 010ETO0620 | B87: C | C87: 2 | D87: 3 | E87: =D87-C87 -> 1 | F87: X | J87: X | N87: =IF(COUNTA(F87:L87)=0,"— não preenchido",IF(COUNTIF(F87:I87,"X")<>1,"FALTA/DUPLA: CONDIÇÃO DA PLATAFORMA",IF(COUNTIF(J87:L87,"X")<>1,"FALTA/DUPLA: DRENAGEM SUPERFICIAL","OK"))) -> OK
A88: 010ETO0620 | B88: C | C88: 3 | D88: 4 | E88: =D88-C88 -> 1 | F88: X | J88: X | N88: =IF(COUNTA(F88:L88)=0,"— não preenchido",IF(COUNTIF(F88:I88,"X")<>1,"FALTA/DUPLA: CONDIÇÃO DA PLATAFORMA",IF(COUNTIF(J88:L88,"X")<>1,"FALTA/DUPLA: DRENAGEM SUPERFICIAL","OK"))) -> OK
A89: 010ETO0620 | B89: C | C89: 4 | D89: 5 | E89: =D89-C89 -> 1 | F89: X | J89: X | N89: =IF(COUNTA(F89:L89)=0,"— não preenchido",IF(COUNTIF(F89:I89,"X")<>1,"FALTA/DUPLA: CONDIÇÃO DA PLATAFORMA",IF(COUNTIF(J89:L89,"X")<>1,"FALTA/DUPLA: DRENAGEM SUPERFICIAL","OK"))) -> OK
A90: 010ETO0620 | B90: C | C90: 5 | D90: 6 | E90: =D90-C90 -> 1 | F90: X | J90: X | N90: =IF(COUNTA(F90:L90)=0,"— não preenchido",IF(COUNTIF(F90:I90,"X")<>1,"FALTA/DUPLA: CONDIÇÃO DA PLATAFORMA",IF(COUNTIF(J90:L90,"X")<>1,"FALTA/DUPLA: DRENAGEM SUPERFICIAL","OK"))) -> OK
A91: 010ETO0620 | B91: C | C91: 6 | D91: 7 | E91: =D91-C91 -> 1 | F91: X | J91: X | N91: =IF(COUNTA(F91:L91)=0,"— não preenchido",IF(COUNTIF(F91:I91,"X")<>1,"FALTA/DUPLA: CONDIÇÃO DA PLATAFORMA",IF(COUNTIF(J91:L91,"X")<>1,"FALTA/DUPLA: DRENAGEM SUPERFICIAL","OK"))) -> OK
A92: 010ETO0620 | B92: C | C92: 7 | D92: 8 | E92: =D92-C92 -> 1 | F92: X | J92: X | N92: =IF(COUNTA(F92:L92)=0,"— não preenchido",IF(COUNTIF(F92:I92,"X")<>1,"FALTA/DUPLA: CONDIÇÃO DA PLATAFORMA",IF(COUNTIF(J92:L92,"X")<>1,"FALTA/DUPLA: DRENAGEM SUPERFICIAL","OK"))) -> OK
A93: 010ETO0620 | B93: C | C93: 8 | D93: 9 | E93: =D93-C93 -> 1 | F93: X | J93: X | N93: =IF(COUNTA(F93:L93)=0,"— não preenchido",IF(COUNTIF(F93:I93,"X")<>1,"FALTA/DUPLA: CONDIÇÃO DA PLATAFORMA",IF(COUNTIF(J93:L93,"X")<>1,"FALTA/DUPLA: DRENAGEM SUPERFICIAL","OK"))) -> OK
A94: 010ETO0620 | B94: C | C94: 9 | D94: 9.3575815 | E94: =D94-C94 -> 0.35758153 | F94: X | J94: X | N94: =IF(COUNTA(F94:L94)=0,"— não preenchido",IF(COUNTIF(F94:I94,"X")<>1,"FALTA/DUPLA: CONDIÇÃO DA PLATAFORMA",IF(COUNTIF(J94:L94,"X")<>1,"FALTA/DUPLA: DRENAGEM SUPERFICIAL","OK"))) -> OK
A96: ____________________________________________ | G96: ____________________________________________
A97: TÉCNICO RESPONSÁVEL PELA INSPEÇÃO | G97: VISTO DA SUPERVISÃO
A99: RESUMO DO TRECHO — KM LANÇADO POR ITEM
A100: KM LANÇADO | F100: =SUMIF(F$9:F$94,"X",$E$9:$E$94) -> 27.234346 | G100: =SUMIF(G$9:G$94,"X",$E$9:$E$94) -> 48.397376 | H100: =SUMIF(H$9:H$94,"X",$E$9:$E$94) -> 0 | I100: =SUMIF(I$9:I$94,"X",$E$9:$E$94) -> 0 | J100: =SUMIF(J$9:J$94,"X",$E$9:$E$94) -> 69.631722 | K100: =SUMIF(K$9:K$94,"X",$E$9:$E$94) -> 0 | L100: =SUMIF(L$9:L$94,"X",$E$9:$E$94) -> 6
A101: % DA EXTENSÃO | F101: =IF($I103=0,0,F100/$I103) -> 0.36009158 | G101: =IF($I103=0,0,G100/$I103) -> 0.63990842 | H101: =IF($I103=0,0,H100/$I103) -> 0 | I101: =IF($I103=0,0,I100/$I103) -> 0 | J101: =IF($I103=0,0,J100/$I103) -> 0.92066821 | K101: =IF($I103=0,0,K100/$I103) -> 0 | L101: =IF($I103=0,0,L100/$I103) -> 0.079331791
A102: CONFERÊNCIA POR GRUPO | F102: =IF(SUM(F100:I100)=0,"— não preenchido",IF(ROUND(SUM(F100:I100)-$I103,3)=0,"OK — "&ROUND(SUM(F100:I100),3)&" km","ERRO — dif. de "&ROUND(SUM(F100:I100)-$I103,3)&" km")) -> OK — 75,632 km | J102: =IF(SUM(J100:L100)=0,"— não preenchido",IF(ROUND(SUM(J100:L100)-$I103,3)=0,"OK — "&ROUND(SUM(J100:L100),3)&" km","ERRO — dif. de "&ROUND(SUM(J100:L100)-$I103,3)&" km")) -> OK — 75,632 km
A103: EXTENSÃO TOTAL DO TRECHO | I103: =SUM(E9:E94) -> 75.631722 | M103: =COUNTIF(N9:N94,"OK")&" de "&COUNT($E$9:$E$94)&" linhas conferidas" -> 80 de 80 linhas conferidas
A105: LEGENDA
A106: REGULAR | E106: Até 10 irregularidades por km
A107: RUIM | E107: Mais de 10 irregularidades por km
A108: PÉSSIMA | E108: Atoleiro ou ponto crítico
A109: SIT. | E109: LEN = leito natural · EOP = em obras de pavimentação
A110: FAIXA AZUL | E110: Cabeçalho de cada S.R.E.: descrição, situação, jurisdição, extensão e coordenada de início.
A111: INÍCIO / FIM (KM) | E111: Contados de 0 até o fim de CADA S.R.E. Não é o marco quilométrico da rodovia.
A112: SENT. | E112: C = crescente · D = decrescente
A113: FAIXA CINZA | E113: Segmento fora do escopo do contrato: você passa por ele, mas não preenche.
A114: CÉLULA VERMELHA | E114: Mais de uma X no mesmo grupo. Apague uma delas.
A115: CONFERÊNCIA | E115: Só na tela, não sai impresso. Fica OK com uma X em cada grupo.

Sheet 6
A1: PROGRAMA DE MANUTENÇÃO RODOVIÁRIA — FICHA DE INSPEÇÃO — RODOVIAS NÃO PAVIMENTADAS | P1: Valores dos gráficos — troca 0 por N/D para a fatia não aparecer. Não editar.
A2: REGIÃO: 1 — TOCANTINÓPOLIS | D2: MÊS / ANO: | G2: DATA: | J2: TÉCNICO: | P2: =IF(F50=0,NA(),F50) -> 22 | Q2: =IF(G50=0,NA(),G50) -> 13.479669 | R2: =IF(H50=0,NA(),H50) -> #N/A | S2: =IF(I50=0,NA(),I50) -> #N/A | T2: =IF(J50=0,NA(),J50) -> 29.479669 | U2: =IF(K50=0,NA(),K50) -> #N/A | V2: =IF(L50=0,NA(),L50) -> 6
A3: TRECHO 6 — RODOVIA TO-126 - TRECHO MAURILÂNDIA - TOCANTINÓPOLIS | K3: EXTENSÃO: 35,480 km · 1 S.R.E.
A4: COMO PREENCHER: uma X em UMA coluna de cada grupo, por linha. Se houver mais de um defeito no mesmo km, marque o PREDOMINANTE e escreva o resto em OBSERVAÇÕES. A quilometragem é contada de 0 até o fim de CADA S.R.E. (não é o marco da rodovia).
A6: S.R.E. | B6: SENT. | C6: INÍCIO (KM) | D6: FIM (KM) | E6: EXT. (KM) | F6: CONDIÇÃO DA PLATAFORMA | J6: DRENAGEM SUPERFICIAL | M6: OBSERVAÇÕES | N6: CONFERÊNCIA (só na tela)
F7: BOM | G7: REGULAR | H7: RUIM | I7: PÉSSIMA | J7: LIMPA | K7: OBSTRUÍDA | L7: AUSENTE
A8: S.R.E. 126ETO0130 | MAURILÃNDIA DO TOCANTINS *TRECHO URBANO* - RIBEIRÃO GRANDE | LEN · Estadual · 35.480 km · início: -6.251085, -47.463245
A9: 126ETO0130 | B9: C | C9: 0 | D9: 1 | E9: =D9-C9 -> 1 | G9: X | L9: X | N9: =IF(COUNTA(F9:L9)=0,"— não preenchido",IF(COUNTIF(F9:I9,"X")<>1,"FALTA/DUPLA: CONDIÇÃO DA PLATAFORMA",IF(COUNTIF(J9:L9,"X")<>1,"FALTA/DUPLA: DRENAGEM SUPERFICIAL","OK"))) -> OK
A10: 126ETO0130 | B10: C | C10: 1 | D10: 2 | E10: =D10-C10 -> 1 | G10: X | L10: X | N10: =IF(COUNTA(F10:L10)=0,"— não preenchido",IF(COUNTIF(F10:I10,"X")<>1,"FALTA/DUPLA: CONDIÇÃO DA PLATAFORMA",IF(COUNTIF(J10:L10,"X")<>1,"FALTA/DUPLA: DRENAGEM SUPERFICIAL","OK"))) -> OK
A11: 126ETO0130 | B11: C | C11: 2 | D11: 3 | E11: =D11-C11 -> 1 | G11: X | L11: X | N11: =IF(COUNTA(F11:L11)=0,"— não preenchido",IF(COUNTIF(F11:I11,"X")<>1,"FALTA/DUPLA: CONDIÇÃO DA PLATAFORMA",IF(COUNTIF(J11:L11,"X")<>1,"FALTA/DUPLA: DRENAGEM SUPERFICIAL","OK"))) -> OK
A12: 126ETO0130 | B12: C | C12: 3 | D12: 4 | E12: =D12-C12 -> 1 | G12: X | L12: X | N12: =IF(COUNTA(F12:L12)=0,"— não preenchido",IF(COUNTIF(F12:I12,"X")<>1,"FALTA/DUPLA: CONDIÇÃO DA PLATAFORMA",IF(COUNTIF(J12:L12,"X")<>1,"FALTA/DUPLA: DRENAGEM SUPERFICIAL","OK"))) -> OK
A13: 126ETO0130 | B13: C | C13: 4 | D13: 5 | E13: =D13-C13 -> 1 | G13: X | J13: X | M13: ALTO INDICE DE BURACOS E VALETAS | N13: =IF(COUNTA(F13:L13)=0,"— não preenchido",IF(COUNTIF(F13:I13,"X")<>1,"FALTA/DUPLA: CONDIÇÃO DA PLATAFORMA",IF(COUNTIF(J13:L13,"X")<>1,"FALTA/DUPLA: DRENAGEM SUPERFICIAL","OK"))) -> OK
A14: 126ETO0130 | B14: C | C14: 5 | D14: 6 | E14: =D14-C14 -> 1 | G14: X | J14: X | M14: ALTO INDICE DE BURACOS E VALETAS | N14: =IF(COUNTA(F14:L14)=0,"— não preenchido",IF(COUNTIF(F14:I14,"X")<>1,"FALTA/DUPLA: CONDIÇÃO DA PLATAFORMA",IF(COUNTIF(J14:L14,"X")<>1,"FALTA/DUPLA: DRENAGEM SUPERFICIAL","OK"))) -> OK
A15: 126ETO0130 | B15: C | C15: 6 | D15: 7 | E15: =D15-C15 -> 1 | G15: X | J15: X | M15: ALTO INDICE DE BURACOS E VALETAS | N15: =IF(COUNTA(F15:L15)=0,"— não preenchido",IF(COUNTIF(F15:I15,"X")<>1,"FALTA/DUPLA: CONDIÇÃO DA PLATAFORMA",IF(COUNTIF(J15:L15,"X")<>1,"FALTA/DUPLA: DRENAGEM SUPERFICIAL","OK"))) -> OK
A16: 126ETO0130 | B16: C | C16: 7 | D16: 8 | E16: =D16-C16 -> 1 | G16: X | J16: X | M16: ALTO INDICE DE BURACOS E VALETAS | N16: =IF(COUNTA(F16:L16)=0,"— não preenchido",IF(COUNTIF(F16:I16,"X")<>1,"FALTA/DUPLA: CONDIÇÃO DA PLATAFORMA",IF(COUNTIF(J16:L16,"X")<>1,"FALTA/DUPLA: DRENAGEM SUPERFICIAL","OK"))) -> OK
A17: 126ETO0130 | B17: C | C17: 8 | D17: 9 | E17: =D17-C17 -> 1 | F17: X | L17: X | N17: =IF(COUNTA(F17:L17)=0,"— não preenchido",IF(COUNTIF(F17:I17,"X")<>1,"FALTA/DUPLA: CONDIÇÃO DA PLATAFORMA",IF(COUNTIF(J17:L17,"X")<>1,"FALTA/DUPLA: DRENAGEM SUPERFICIAL","OK"))) -> OK
A18: 126ETO0130 | B18: C | C18: 9 | D18: 10 | E18: =D18-C18 -> 1 | F18: X | L18: X | N18: =IF(COUNTA(F18:L18)=0,"— não preenchido",IF(COUNTIF(F18:I18,"X")<>1,"FALTA/DUPLA: CONDIÇÃO DA PLATAFORMA",IF(COUNTIF(J18:L18,"X")<>1,"FALTA/DUPLA: DRENAGEM SUPERFICIAL","OK"))) -> OK
A19: 126ETO0130 | B19: C | C19: 10 | D19: 11 | E19: =D19-C19 -> 1 | F19: X | J19: X | N19: =IF(COUNTA(F19:L19)=0,"— não preenchido",IF(COUNTIF(F19:I19,"X")<>1,"FALTA/DUPLA: CONDIÇÃO DA PLATAFORMA",IF(COUNTIF(J19:L19,"X")<>1,"FALTA/DUPLA: DRENAGEM SUPERFICIAL","OK"))) -> OK
A20: 126ETO0130 | B20: C | C20: 11 | D20: 12 | E20: =D20-C20 -> 1 | F20: X | J20: X | N20: =IF(COUNTA(F20:L20)=0,"— não preenchido",IF(COUNTIF(F20:I20,"X")<>1,"FALTA/DUPLA: CONDIÇÃO DA PLATAFORMA",IF(COUNTIF(J20:L20,"X")<>1,"FALTA/DUPLA: DRENAGEM SUPERFICIAL","OK"))) -> OK
A21: 126ETO0130 | B21: C | C21: 12 | D21: 13 | E21: =D21-C21 -> 1 | F21: X | J21: X | N21: =IF(COUNTA(F21:L21)=0,"— não preenchido",IF(COUNTIF(F21:I21,"X")<>1,"FALTA/DUPLA: CONDIÇÃO DA PLATAFORMA",IF(COUNTIF(J21:L21,"X")<>1,"FALTA/DUPLA: DRENAGEM SUPERFICIAL","OK"))) -> OK
A22: 126ETO0130 | B22: C | C22: 13 | D22: 14 | E22: =D22-C22 -> 1 | F22: X | J22: X | N22: =IF(COUNTA(F22:L22)=0,"— não preenchido",IF(COUNTIF(F22:I22,"X")<>1,"FALTA/DUPLA: CONDIÇÃO DA PLATAFORMA",IF(COUNTIF(J22:L22,"X")<>1,"FALTA/DUPLA: DRENAGEM SUPERFICIAL","OK"))) -> OK
A23: 126ETO0130 | B23: C | C23: 14 | D23: 15 | E23: =D23-C23 -> 1 | F23: X | J23: X | N23: =IF(COUNTA(F23:L23)=0,"— não preenchido",IF(COUNTIF(F23:I23,"X")<>1,"FALTA/DUPLA: CONDIÇÃO DA PLATAFORMA",IF(COUNTIF(J23:L23,"X")<>1,"FALTA/DUPLA: DRENAGEM SUPERFICIAL","OK"))) -> OK
A24: 126ETO0130 | B24: C | C24: 15 | D24: 16 | E24: =D24-C24 -> 1 | F24: X | J24: X | N24: =IF(COUNTA(F24:L24)=0,"— não preenchido",IF(COUNTIF(F24:I24,"X")<>1,"FALTA/DUPLA: CONDIÇÃO DA PLATAFORMA",IF(COUNTIF(J24:L24,"X")<>1,"FALTA/DUPLA: DRENAGEM SUPERFICIAL","OK"))) -> OK
A25: 126ETO0130 | B25: C | C25: 16 | D25: 17 | E25: =D25-C25 -> 1 | F25: X | J25: X | M25: GREIDE REBAIXADO | N25: =IF(COUNTA(F25:L25)=0,"— não preenchido",IF(COUNTIF(F25:I25,"X")<>1,"FALTA/DUPLA: CONDIÇÃO DA PLATAFORMA",IF(COUNTIF(J25:L25,"X")<>1,"FALTA/DUPLA: DRENAGEM SUPERFICIAL","OK"))) -> OK
A26: 126ETO0130 | B26: C | C26: 17 | D26: 18 | E26: =D26-C26 -> 1 | F26: X | J26: X | M26: GREIDE REBAIXADO | N26: =IF(COUNTA(F26:L26)=0,"— não preenchido",IF(COUNTIF(F26:I26,"X")<>1,"FALTA/DUPLA: CONDIÇÃO DA PLATAFORMA",IF(COUNTIF(J26:L26,"X")<>1,"FALTA/DUPLA: DRENAGEM SUPERFICIAL","OK"))) -> OK
A27: 126ETO0130 | B27: C | C27: 18 | D27: 19 | E27: =D27-C27 -> 1 | F27: X | J27: X | M27: GREIDE REBAIXADO | N27: =IF(COUNTA(F27:L27)=0,"— não preenchido",IF(COUNTIF(F27:I27,"X")<>1,"FALTA/DUPLA: CONDIÇÃO DA PLATAFORMA",IF(COUNTIF(J27:L27,"X")<>1,"FALTA/DUPLA: DRENAGEM SUPERFICIAL","OK"))) -> OK
A28: 126ETO0130 | B28: C | C28: 19 | D28: 20 | E28: =D28-C28 -> 1 | F28: X | J28: X | M28: GREIDE REBAIXADO | N28: =IF(COUNTA(F28:L28)=0,"— não preenchido",IF(COUNTIF(F28:I28,"X")<>1,"FALTA/DUPLA: CONDIÇÃO DA PLATAFORMA",IF(COUNTIF(J28:L28,"X")<>1,"FALTA/DUPLA: DRENAGEM SUPERFICIAL","OK"))) -> OK
A29: 126ETO0130 | B29: C | C29: 20 | D29: 21 | E29: =D29-C29 -> 1 | F29: X | J29: X | M29: GREIDE REBAIXADO | N29: =IF(COUNTA(F29:L29)=0,"— não preenchido",IF(COUNTIF(F29:I29,"X")<>1,"FALTA/DUPLA: CONDIÇÃO DA PLATAFORMA",IF(COUNTIF(J29:L29,"X")<>1,"FALTA/DUPLA: DRENAGEM SUPERFICIAL","OK"))) -> OK
A30: 126ETO0130 | B30: C | C30: 21 | D30: 22 | E30: =D30-C30 -> 1 | F30: X | J30: X | M30: GREIDE REBAIXADO | N30: =IF(COUNTA(F30:L30)=0,"— não preenchido",IF(COUNTIF(F30:I30,"X")<>1,"FALTA/DUPLA: CONDIÇÃO DA PLATAFORMA",IF(COUNTIF(J30:L30,"X")<>1,"FALTA/DUPLA: DRENAGEM SUPERFICIAL","OK"))) -> OK
A31: 126ETO0130 | B31: C | C31: 22 | D31: 23 | E31: =D31-C31 -> 1 | F31: X | J31: X | M31: GREIDE REBAIXADO | N31: =IF(COUNTA(F31:L31)=0,"— não preenchido",IF(COUNTIF(F31:I31,"X")<>1,"FALTA/DUPLA: CONDIÇÃO DA PLATAFORMA",IF(COUNTIF(J31:L31,"X")<>1,"FALTA/DUPLA: DRENAGEM SUPERFICIAL","OK"))) -> OK
A32: 126ETO0130 | B32: C | C32: 23 | D32: 24 | E32: =D32-C32 -> 1 | F32: X | J32: X | M32: GREIDE REBAIXADO | N32: =IF(COUNTA(F32:L32)=0,"— não preenchido",IF(COUNTIF(F32:I32,"X")<>1,"FALTA/DUPLA: CONDIÇÃO DA PLATAFORMA",IF(COUNTIF(J32:L32,"X")<>1,"FALTA/DUPLA: DRENAGEM SUPERFICIAL","OK"))) -> OK
A33: 126ETO0130 | B33: C | C33: 24 | D33: 25 | E33: =D33-C33 -> 1 | F33: X | J33: X | M33: GREIDE REBAIXADO | N33: =IF(COUNTA(F33:L33)=0,"— não preenchido",IF(COUNTIF(F33:I33,"X")<>1,"FALTA/DUPLA: CONDIÇÃO DA PLATAFORMA",IF(COUNTIF(J33:L33,"X")<>1,"FALTA/DUPLA: DRENAGEM SUPERFICIAL","OK"))) -> OK
A34: 126ETO0130 | B34: C | C34: 25 | D34: 26 | E34: =D34-C34 -> 1 | F34: X | J34: X | M34: GREIDE REBAIXADO | N34: =IF(COUNTA(F34:L34)=0,"— não preenchido",IF(COUNTIF(F34:I34,"X")<>1,"FALTA/DUPLA: CONDIÇÃO DA PLATAFORMA",IF(COUNTIF(J34:L34,"X")<>1,"FALTA/DUPLA: DRENAGEM SUPERFICIAL","OK"))) -> OK
A35: 126ETO0130 | B35: C | C35: 26 | D35: 27 | E35: =D35-C35 -> 1 | F35: X | J35: X | M35: GREIDE REBAIXADO | N35: =IF(COUNTA(F35:L35)=0,"— não preenchido",IF(COUNTIF(F35:I35,"X")<>1,"FALTA/DUPLA: CONDIÇÃO DA PLATAFORMA",IF(COUNTIF(J35:L35,"X")<>1,"FALTA/DUPLA: DRENAGEM SUPERFICIAL","OK"))) -> OK
A36: 126ETO0130 | B36: C | C36: 27 | D36: 28 | E36: =D36-C36 -> 1 | F36: X | J36: X | M36: GREIDE REBAIXADO | N36: =IF(COUNTA(F36:L36)=0,"— não preenchido",IF(COUNTIF(F36:I36,"X")<>1,"FALTA/DUPLA: CONDIÇÃO DA PLATAFORMA",IF(COUNTIF(J36:L36,"X")<>1,"FALTA/DUPLA: DRENAGEM SUPERFICIAL","OK"))) -> OK
... A38: 126ETO0130 | B38: C | C38: 29 | D38: 30 | E38: =D38-C38 -> 1 | F38: X | J38: X | M38: GREIDE REBAIXADO | N38: =IF(COUNTA(F38:L38)=0,"— não preenchido",IF(COUNTIF(F38:I38,"X")<>1,"FALTA/DUPLA: CONDIÇÃO DA PLATAFORMA",IF(COUNTIF(J38:L38,"X")<>1,"FALTA/DUPLA: DRENAGEM SUPERFICIAL","OK"))) -> OK
A39: 126ETO0130 | B39: C | C39: 30 | D39: 31 | E39: =D39-C39 -> 1 | G39: X | J39: X | M39: GREIDE REBAIXADO | N39: =IF(COUNTA(F39:L39)=0,"— não preenchido",IF(COUNTIF(F39:I39,"X")<>1,"FALTA/DUPLA: CONDIÇÃO DA PLATAFORMA",IF(COUNTIF(J39:L39,"X")<>1,"FALTA/DUPLA: DRENAGEM SUPERFICIAL","OK"))) -> OK
A40: 126ETO0130 | B40: C | C40: 31 | D40: 32 | E40: =D40-C40 -> 1 | G40: X | J40: X | M40: GREIDE REBAIXADO | N40: =IF(COUNTA(F40:L40)=0,"— não preenchido",IF(COUNTIF(F40:I40,"X")<>1,"FALTA/DUPLA: CONDIÇÃO DA PLATAFORMA",IF(COUNTIF(J40:L40,"X")<>1,"FALTA/DUPLA: DRENAGEM SUPERFICIAL","OK"))) -> OK
A41: 126ETO0130 | B41: C | C41: 32 | D41: 33 | E41: =D41-C41 -> 1 | G41: X | J41: X | M41: GREIDE REBAIXADO | N41: =IF(COUNTA(F41:L41)=0,"— não preenchido",IF(COUNTIF(F41:I41,"X")<>1,"FALTA/DUPLA: CONDIÇÃO DA PLATAFORMA",IF(COUNTIF(J41:L41,"X")<>1,"FALTA/DUPLA: DRENAGEM SUPERFICIAL","OK"))) -> OK
A42: 126ETO0130 | B42: C | C42: 33 | D42: 34 | E42: =D42-C42 -> 1 | G42: X | J42: X | M42: GREIDE REBAIXADO | N42: =IF(COUNTA(F42:L42)=0,"— não preenchido",IF(COUNTIF(F42:I42,"X")<>1,"FALTA/DUPLA: CONDIÇÃO DA PLATAFORMA",IF(COUNTIF(J42:L42,"X")<>1,"FALTA/DUPLA: DRENAGEM SUPERFICIAL","OK"))) -> OK
A43: 126ETO0130 | B43: C | C43: 34 | D43: 35 | E43: =D43-C43 -> 1 | G43: X | J43: X | M43: GREIDE REBAIXADO | N43: =IF(COUNTA(F43:L43)=0,"— não preenchido",IF(COUNTIF(F43:I43,"X")<>1,"FALTA/DUPLA: CONDIÇÃO DA PLATAFORMA",IF(COUNTIF(J43:L43,"X")<>1,"FALTA/DUPLA: DRENAGEM SUPERFICIAL","OK"))) -> OK
A44: 126ETO0130 | B44: C | C44: 35 | D44: 35.479669 | E44: =D44-C44 -> 0.47966878 | G44: X | J44: X | M44: GREIDE REBAIXADO | N44: =IF(COUNTA(F44:L44)=0,"— não preenchido",IF(COUNTIF(F44:I44,"X")<>1,"FALTA/DUPLA: CONDIÇÃO DA PLATAFORMA",IF(COUNTIF(J44:L44,"X")<>1,"FALTA/DUPLA: DRENAGEM SUPERFICIAL","OK"))) -> OK
A46: ____________________________________________ | G46: ____________________________________________
A47: TÉCNICO RESPONSÁVEL PELA INSPEÇÃO | G47: VISTO DA SUPERVISÃO
A49: RESUMO DO TRECHO — KM LANÇADO POR ITEM
A50: KM LANÇADO | F50: =SUMIF(F$9:F$44,"X",$E$9:$E$44) -> 22 | G50: =SUMIF(G$9:G$44,"X",$E$9:$E$44) -> 13.479669 | H50: =SUMIF(H$9:H$44,"X",$E$9:$E$44) -> 0 | I50: =SUMIF(I$9:I$44,"X",$E$9:$E$44) -> 0 | J50: =SUMIF(J$9:J$44,"X",$E$9:$E$44) -> 29.479669 | K50: =SUMIF(K$9:K$44,"X",$E$9:$E$44) -> 0 | L50: =SUMIF(L$9:L$44,"X",$E$9:$E$44) -> 6
A51: % DA EXTENSÃO | F51: =IF($I53=0,0,F50/$I53) -> 0.62007343 | G51: =IF($I53=0,0,G50/$I53) -> 0.37992657 | H51: =IF($I53=0,0,H50/$I53) -> 0 | I51: =IF($I53=0,0,I50/$I53) -> 0 | J51: =IF($I53=0,0,J50/$I53) -> 0.83088906 | K51: =IF($I53=0,0,K50/$I53) -> 0 | L51: =IF($I53=0,0,L50/$I53) -> 0.16911094
A52: CONFERÊNCIA POR GRUPO | F52: =IF(SUM(F50:I50)=0,"— não preenchido",IF(ROUND(SUM(F50:I50)-$I53,3)=0,"OK — "&ROUND(SUM(F50:I50),3)&" km","ERRO — dif. de "&ROUND(SUM(F50:I50)-$I53,3)&" km")) -> OK — 35,48 km | J52: =IF(SUM(J50:L50)=0,"— não preenchido",IF(ROUND(SUM(J50:L50)-$I53,3)=0,"OK — "&ROUND(SUM(J50:L50),3)&" km","ERRO — dif. de "&ROUND(SUM(J50:L50)-$I53,3)&" km")) -> OK — 35,48 km
A53: EXTENSÃO TOTAL DO TRECHO | I53: =SUM(E9:E44) -> 35.479669 | M53: =COUNTIF(N9:N44,"OK")&" de "&COUNT($E$9:$E$44)&" linhas conferidas" -> 36 de 36 linhas conferidas
A55: LEGENDA
A56: REGULAR | E56: Até 10 irregularidades por km
A57: RUIM | E57: Mais de 10 irregularidades por km
A58: PÉSSIMA | E58: Atoleiro ou ponto crítico
A59: SIT. | E59: LEN = leito natural · EOP = em obras de pavimentação
A60: FAIXA AZUL | E60: Cabeçalho de cada S.R.E.: descrição, situação, jurisdição, extensão e coordenada de início.
A61: INÍCIO / FIM (KM) | E61: Contados de 0 até o fim de CADA S.R.E. Não é o marco quilométrico da rodovia.
A62: SENT. | E62: C = crescente · D = decrescente
A63: FAIXA CINZA | E63: Segmento fora do escopo do contrato: você passa por ele, mas não preenche.
A64: CÉLULA VERMELHA | E64: Mais de uma X no mesmo grupo. Apague uma delas.
A65: CONFERÊNCIA | E65: Só na tela, não sai impresso. Fica OK com uma X em cada grupo.

Sheet 12
A1: PROGRAMA DE MANUTENÇÃO RODOVIÁRIA — FICHA DE INSPEÇÃO — RODOVIAS NÃO PAVIMENTADAS | P1: Valores dos gráficos — troca 0 por N/D para a fatia não aparecer. Não editar.
A2: REGIÃO: 1 — TOCANTINÓPOLIS | D2: MÊS / ANO: | G2: DATA: | J2: TÉCNICO: | P2: =IF(F49=0,NA(),F49) -> #N/A | Q2: =IF(G49=0,NA(),G49) -> #N/A | R2: =IF(H49=0,NA(),H49) -> 26.301108 | S2: =IF(I49=0,NA(),I49) -> #N/A | T2: =IF(J49=0,NA(),J49) -> #N/A | U2: =IF(K49=0,NA(),K49) -> 26.301108 | V2: =IF(L49=0,NA(),L49) -> #N/A
A3: TRECHO 12 — RODOVIA TO-134 - TRECHO RIO TOCANTINS (JATOBAL) - AXIXÁ DO TOCANTINS | K3: EXTENSÃO: 26,301 km · 6 S.R.E.
A4: COMO PREENCHER: uma X em UMA coluna de cada grupo, por linha. Se houver mais de um defeito no mesmo km, marque o PREDOMINANTE e escreva o resto em OBSERVAÇÕES. A quilometragem é contada de 0 até o fim de CADA S.R.E. (não é o marco da rodovia).
A6: S.R.E. | B6: SENT. | C6: INÍCIO (KM) | D6: FIM (KM) | E6: EXT. (KM) | F6: CONDIÇÃO DA PLATAFORMA | J6: DRENAGEM SUPERFICIAL | M6: OBSERVAÇÕES | N6: CONFERÊNCIA (só na tela)
F7: BOM | G7: REGULAR | H7: RUIM | I7: PÉSSIMA | J7: LIMPA | K7: OBSTRUÍDA | L7: AUSENTE
A8: S.R.E. 134ETO0020 | JATOBAL *TRECHO URBANO* - FOLHA SECA | LEN · Estadual · 12.569 km · início: -5.447931, -47.645828
A9: 134ETO0020 | B9: C | C9: 0 | D9: 1 | E9: =D9-C9 -> 1 | H9: X | K9: X | M9: PISTA PATROLADA MAS COM IRREGULARIDADES E MAT. FINO SOBRE A PISTA | N9: =IF(COUNTA(F9:L9)=0,"— não preenchido",IF(COUNTIF(F9:I9,"X")<>1,"FALTA/DUPLA: CONDIÇÃO DA PLATAFORMA",IF(COUNTIF(J9:L9,"X")<>1,"FALTA/DUPLA: DRENAGEM SUPERFICIAL","OK"))) -> OK
A10: 134ETO0020 | B10: C | C10: 1 | D10: 2 | E10: =D10-C10 -> 1 | H10: X | K10: X | M10: PISTA PATROLADA MAS COM IRREGULARIDADES E MAT. FINO SOBRE A PISTA | N10: =IF(COUNTA(F10:L10)=0,"— não preenchido",IF(COUNTIF(F10:I10,"X")<>1,"FALTA/DUPLA: CONDIÇÃO DA PLATAFORMA",IF(COUNTIF(J10:L10,"X")<>1,"FALTA/DUPLA: DRENAGEM SUPERFICIAL","OK"))) -> OK
A11: 134ETO0020 | B11: C | C11: 2 | D11: 3 | E11: =D11-C11 -> 1 | H11: X | K11: X | M11: PISTA PATROLADA MAS COM IRREGULARIDADES E MAT. FINO SOBRE A PISTA | N11: =IF(COUNTA(F11:L11)=0,"— não preenchido",IF(COUNTIF(F11:I11,"X")<>1,"FALTA/DUPLA: CONDIÇÃO DA PLATAFORMA",IF(COUNTIF(J11:L11,"X")<>1,"FALTA/DUPLA: DRENAGEM SUPERFICIAL","OK"))) -> OK
A12: 134ETO0020 | B12: C | C12: 3 | D12: 4 | E12: =D12-C12 -> 1 | H12: X | K12: X | M12: PISTA PATROLADA MAS COM IRREGULARIDADES E MAT. FINO SOBRE A PISTA | N12: =IF(COUNTA(F12:L12)=0,"— não preenchido",IF(COUNTIF(F12:I12,"X")<>1,"FALTA/DUPLA: CONDIÇÃO DA PLATAFORMA",IF(COUNTIF(J12:L12,"X")<>1,"FALTA/DUPLA: DRENAGEM SUPERFICIAL","OK"))) -> OK
A13: 134ETO0020 | B13: C | C13: 4 | D13: 5 | E13: =D13-C13 -> 1 | H13: X | K13: X | M13: PISTA PATROLADA MAS COM IRREGULARIDADES E MAT. FINO SOBRE A PISTA | N13: =IF(COUNTA(F13:L13)=0,"— não preenchido",IF(COUNTIF(F13:I13,"X")<>1,"FALTA/DUPLA: CONDIÇÃO DA PLATAFORMA",IF(COUNTIF(J13:L13,"X")<>1,"FALTA/DUPLA: DRENAGEM SUPERFICIAL","OK"))) -> OK
A14: 134ETO0020 | B14: C | C14: 5 | D14: 6 | E14: =D14-C14 -> 1 | H14: X | K14: X | M14: PISTA PATROLADA MAS COM IRREGULARIDADES E MAT. FINO SOBRE A PISTA | N14: =IF(COUNTA(F14:L14)=0,"— não preenchido",IF(COUNTIF(F14:I14,"X")<>1,"FALTA/DUPLA: CONDIÇÃO DA PLATAFORMA",IF(COUNTIF(J14:L14,"X")<>1,"FALTA/DUPLA: DRENAGEM SUPERFICIAL","OK"))) -> OK
A15: 134ETO0020 | B15: C | C15: 6 | D15: 7 | E15: =D15-C15 -> 1 | H15: X | K15: X | M15: PISTA PATROLADA MAS COM IRREGULARIDADES E MAT. FINO SOBRE A PISTA | N15: =IF(COUNTA(F15:L15)=0,"— não preenchido",IF(COUNTIF(F15:I15,"X")<>1,"FALTA/DUPLA: CONDIÇÃO DA PLATAFORMA",IF(COUNTIF(J15:L15,"X")<>1,"FALTA/DUPLA: DRENAGEM SUPERFICIAL","OK"))) -> OK
A16: 134ETO0020 | B16: C | C16: 7 | D16: 8 | E16: =D16-C16 -> 1 | H16: X | K16: X | M16: PISTA PATROLADA MAS COM IRREGULARIDADES E MAT. FINO SOBRE A PISTA | N16: =IF(COUNTA(F16:L16)=0,"— não preenchido",IF(COUNTIF(F16:I16,"X")<>1,"FALTA/DUPLA: CONDIÇÃO DA PLATAFORMA",IF(COUNTIF(J16:L16,"X")<>1,"FALTA/DUPLA: DRENAGEM SUPERFICIAL","OK"))) -> OK
A17: 134ETO0020 | B17: C | C17: 8 | D17: 9 | E17: =D17-C17 -> 1 | H17: X | K17: X | M17: PISTA PATROLADA MAS COM IRREGULARIDADES E MAT. FINO SOBRE A PISTA | N17: =IF(COUNTA(F17:L17)=0,"— não preenchido",IF(COUNTIF(F17:I17,"X")<>1,"FALTA/DUPLA: CONDIÇÃO DA PLATAFORMA",IF(COUNTIF(J17:L17,"X")<>1,"FALTA/DUPLA: DRENAGEM SUPERFICIAL","OK"))) -> OK
A18: 134ETO0020 | B18: C | C18: 9 | D18: 10 | E18: =D18-C18 -> 1 | H18: X | K18: X | M18: PISTA PATROLADA MAS COM IRREGULARIDADES E MAT. FINO SOBRE A PISTA | N18: =IF(COUNTA(F18:L18)=0,"— não preenchido",IF(COUNTIF(F18:I18,"X")<>1,"FALTA/DUPLA: CONDIÇÃO DA PLATAFORMA",IF(COUNTIF(J18:L18,"X")<>1,"FALTA/DUPLA: DRENAGEM SUPERFICIAL","OK"))) -> OK
A19: 134ETO0020 | B19: C | C19: 10 | D19: 11 | E19: =D19-C19 -> 1 | H19: X | K19: X | N19: =IF(COUNTA(F19:L19)=0,"— não preenchido",IF(COUNTIF(F19:I19,"X")<>1,"FALTA/DUPLA: CONDIÇÃO DA PLATAFORMA",IF(COUNTIF(J19:L19,"X")<>1,"FALTA/DUPLA: DRENAGEM SUPERFICIAL","OK"))) -> OK
A20: 134ETO0020 | B20: C | C20: 11 | D20: 12 | E20: =D20-C20 -> 1 | H20: X | K20: X | N20: =IF(COUNTA(F20:L20)=0,"— não preenchido",IF(COUNTIF(F20:I20,"X")<>1,"FALTA/DUPLA: CONDIÇÃO DA PLATAFORMA",IF(COUNTIF(J20:L20,"X")<>1,"FALTA/DUPLA: DRENAGEM SUPERFICIAL","OK"))) -> OK
A21: 134ETO0020 | B21: C | C21: 12 | D21: 12.568883 | E21: =D21-C21 -> 0.56888336 | H21: X | K21: X | M21: KM 12,2 AO 14,2 - PAV. TSD (VILA FOLHA SECA) | N21: =IF(COUNTA(F21:L21)=0,"— não preenchido",IF(COUNTIF(F21:I21,"X")<>1,"FALTA/DUPLA: CONDIÇÃO DA PLATAFORMA",IF(COUNTIF(J21:L21,"X")<>1,"FALTA/DUPLA: DRENAGEM SUPERFICIAL","OK"))) -> OK
A22: S.R.E. 134ETO0030 | FOLHA SECA - JUVELÃNDIA | LEN · Estadual · 1.147 km · início: -5.503344, -47.732567
A23: 134ETO0030 | B23: C | C23: 0 | D23: 1 | E23: =D23-C23 -> 1 | H23: X | K23: X | M23: KM 12,2 AO 14,2 - PAV. TSD (VILA FOLHA SECA) | N23: =IF(COUNTA(F23:L23)=0,"— não preenchido",IF(COUNTIF(F23:I23,"X")<>1,"FALTA/DUPLA: CONDIÇÃO DA PLATAFORMA",IF(COUNTIF(J23:L23,"X")<>1,"FALTA/DUPLA: DRENAGEM SUPERFICIAL","OK"))) -> OK
A24: 134ETO0030 | B24: C | C24: 1 | D24: 1.1473217 | E24: =D24-C24 -> 0.14732173 | H24: X | K24: X | M24: KM 12,2 AO 14,2 - PAV. TSD (VILA FOLHA SECA) | N24: =IF(COUNTA(F24:L24)=0,"— não preenchido",IF(COUNTIF(F24:I24,"X")<>1,"FALTA/DUPLA: CONDIÇÃO DA PLATAFORMA",IF(COUNTIF(J24:L24,"X")<>1,"FALTA/DUPLA: DRENAGEM SUPERFICIAL","OK"))) -> OK
A25: S.R.E. 134ETO0040 | JUVELÃNDIA - VILA SÃO FRANCISCO | LEN · Estadual · 3.559 km · início: -5.507993, -47.737653
A26: 134ETO0040 | B26: C | C26: 0 | D26: 1 | E26: =D26-C26 -> 1 | H26: X | K26: X | M26: MATERIAL FINO SOBRE A PISTA | N26: =IF(COUNTA(F26:L26)=0,"— não preenchido",IF(COUNTIF(F26:I26,"X")<>1,"FALTA/DUPLA: CONDIÇÃO DA PLATAFORMA",IF(COUNTIF(J26:L26,"X")<>1,"FALTA/DUPLA: DRENAGEM SUPERFICIAL","OK"))) -> OK
A27: 134ETO0040 | B27: C | C27: 1 | D27: 2 | E27: =D27-C27 -> 1 | H27: X | K27: X | M27: MATERIAL FINO SOBRE A PISTA | N27: =IF(COUNTA(F27:L27)=0,"— não preenchido",IF(COUNTIF(F27:I27,"X")<>1,"FALTA/DUPLA: CONDIÇÃO DA PLATAFORMA",IF(COUNTIF(J27:L27,"X")<>1,"FALTA/DUPLA: DRENAGEM SUPERFICIAL","OK"))) -> OK
A28: 134ETO0040 | B28: C | C28: 2 | D28: 3 | E28: =D28-C28 -> 1 | H28: X | K28: X | M28: MATERIAL FINO SOBRE A PISTA | N28: =IF(COUNTA(F28:L28)=0,"— não preenchido",IF(COUNTIF(F28:I28,"X")<>1,"FALTA/DUPLA: CONDIÇÃO DA PLATAFORMA",IF(COUNTIF(J28:L28,"X")<>1,"FALTA/DUPLA: DRENAGEM SUPERFICIAL","OK"))) -> OK
A29: 134ETO0040 | B29: C | C29: 3 | D29: 3.558762 | E29: =D29-C29 -> 0.55876202 | H29: X | K29: X | M29: MATERIAL FINO SOBRE A PISTA | N29: =IF(COUNTA(F29:L29)=0,"— não preenchido",IF(COUNTIF(F29:I29,"X")<>1,"FALTA/DUPLA: CONDIÇÃO DA PLATAFORMA",IF(COUNTIF(J29:L29,"X")<>1,"FALTA/DUPLA: DRENAGEM SUPERFICIAL","OK"))) -> OK
A30: S.R.E. 134ETO0050 | VILA SÃO FRANCISCO - SANTA LUZIA | LEN · Estadual · 4.310 km · início: -5.538609, -47.753094
A31: 134ETO0050 | B31: C | C31: 0 | D31: 1 | E31: =D31-C31 -> 1 | H31: X | K31: X | M31: MATERIAL FINO SOBRE A PISTA | N31: =IF(COUNTA(F31:L31)=0,"— não preenchido",IF(COUNTIF(F31:I31,"X")<>1,"FALTA/DUPLA: CONDIÇÃO DA PLATAFORMA",IF(COUNTIF(J31:L31,"X")<>1,"FALTA/DUPLA: DRENAGEM SUPERFICIAL","OK"))) -> OK
A32: 134ETO0050 | B32: C | C32: 1 | D32: 2 | E32: =D32-C32 -> 1 | H32: X | K32: X | M32: MATERIAL FINO SOBRE A PISTA | N32: =IF(COUNTA(F32:L32)=0,"— não preenchido",IF(COUNTIF(F32:I32,"X")<>1,"FALTA/DUPLA: CONDIÇÃO DA PLATAFORMA",IF(COUNTIF(J32:L32,"X")<>1,"FALTA/DUPLA: DRENAGEM SUPERFICIAL","OK"))) -> OK
A33: 134ETO0050 | B33: C | C33: 2 | D33: 3 | E33: =D33-C33 -> 1 | H33: X | K33: X | M33: MATERIAL FINO SOBRE A PISTA | N33: =IF(COUNTA(F33:L33)=0,"— não preenchido",IF(COUNTIF(F33:I33,"X")<>1,"FALTA/DUPLA: CONDIÇÃO DA PLATAFORMA",IF(COUNTIF(J33:L33,"X")<>1,"FALTA/DUPLA: DRENAGEM SUPERFICIAL","OK"))) -> OK
A34: 134ETO0050 | B34: C | C34: 3 | D34: 4 | E34: =D34-C34 -> 1 | H34: X | K34: X | M34: MATERIAL FINO SOBRE A PISTA | N34: =IF(COUNTA(F34:L34)=0,"— não preenchido",IF(COUNTIF(F34:I34,"X")<>1,"FALTA/DUPLA: CONDIÇÃO DA PLATAFORMA",IF(COUNTIF(J34:L34,"X")<>1,"FALTA/DUPLA: DRENAGEM SUPERFICIAL","OK"))) -> OK
A35: 134ETO0050 | B35: C | C35: 4 | D35: 4.3098893 | E35: =D35-C35 -> 0.3098893 | H35: X | K35: X | M35: MATERIAL FINO SOBRE A PISTA | N35: =IF(COUNTA(F35:L35)=0,"— não preenchido",IF(COUNTIF(F35:I35,"X")<>1,"FALTA/DUPLA: CONDIÇÃO DA PLATAFORMA",IF(COUNTIF(J35:L35,"X")<>1,"FALTA/DUPLA: DRENAGEM SUPERFICIAL","OK"))) -> OK
A36: S.R.E. 134ETO0060 | SANTA LUZIA - MORADA NOVA | LEN · Estadual · 1.062 km · início: -5.574848, -47.757213
A37: 134ETO0060 | B37: C | C37: 0 | D37: 1 | E37: =D37-C37 -> 1 | H37: X | K37: X | N37: =IF(COUNTA(F37:L37)=0,"— não preenchido",IF(COUNTIF(F37:I37,"X")<>1,"FALTA/DUPLA: CONDIÇÃO DA PLATAFORMA",IF(COUNTIF(J37:L37,"X")<>1,"FALTA/DUPLA: DRENAGEM SUPERFICIAL","OK"))) -> OK
A38: 134ETO0060 | B38: C | C38: 1 | D38: 1.0618146 | E38: =D38-C38 -> 0.06181458 | H38: X | K38: X | N38: =IF(COUNTA(F38:L38)=0,"— não preenchido",IF(COUNTIF(F38:I38,"X")<>1,"FALTA/DUPLA: CONDIÇÃO DA PLATAFORMA",IF(COUNTIF(J38:L38,"X")<>1,"FALTA/DUPLA: DRENAGEM SUPERFICIAL","OK"))) -> OK
A39: S.R.E. 134ETO0070 | MORADA NOVA - AXIXÁ DO TOCANTINS *TRECHO URBANO* | LEN · Estadual · 3.654 km · início: -5.579928, -47.762447
A40: 134ETO0070 | B40: C | C40: 0 | D40: 1 | E40: =D40-C40 -> 1 | H40: X | K40: X | N40: =IF(COUNTA(F40:L40)=0,"— não preenchido",IF(COUNTIF(F40:I40,"X")<>1,"FALTA/DUPLA: CONDIÇÃO DA PLATAFORMA",IF(COUNTIF(J40:L40,"X")<>1,"FALTA/DUPLA: DRENAGEM SUPERFICIAL","OK"))) -> OK
A41: 134ETO0070 | B41: C | C41: 1 | D41: 2 | E41: =D41-C41 -> 1 | H41: X | K41: X | N41: =IF(COUNTA(F41:L41)=0,"— não preenchido",IF(COUNTIF(F41:I41,"X")<>1,"FALTA/DUPLA: CONDIÇÃO DA PLATAFORMA",IF(COUNTIF(J41:L41,"X")<>1,"FALTA/DUPLA: DRENAGEM SUPERFICIAL","OK"))) -> OK
A42: 134ETO0070 | B42: C | C42: 2 | D42: 3 | E42: =D42-C42 -> 1 | H42: X | K42: X | N42: =IF(COUNTA(F42:L42)=0,"— não preenchido",IF(COUNTIF(F42:I42,"X")<>1,"FALTA/DUPLA: CONDIÇÃO DA PLATAFORMA",IF(COUNTIF(J42:L42,"X")<>1,"FALTA/DUPLA: DRENAGEM SUPERFICIAL","OK"))) -> OK
A43: 134ETO0070 | B43: C | C43: 3 | D43: 3.6544368 | E43: =D43-C43 -> 0.65443679 | H43: X | K43: X | N43: =IF(COUNTA(F43:L43)=0,"— não preenchido",IF(COUNTIF(F43:I43,"X")<>1,"FALTA/DUPLA: CONDIÇÃO DA PLATAFORMA",IF(COUNTIF(J43:L43,"X")<>1,"FALTA/DUPLA: DRENAGEM SUPERFICIAL","OK"))) -> OK
A45: ____________________________________________ | G45: ____________________________________________
A46: TÉCNICO RESPONSÁVEL PELA INSPEÇÃO | G46: VISTO DA SUPERVISÃO
A48: RESUMO DO TRECHO — KM LANÇADO POR ITEM
A49: KM LANÇADO | F49: =SUMIF(F$9:F$43,"X",$E$9:$E$43) -> 0 | G49: =SUMIF(G$9:G$43,"X",$E$9:$E$43) -> 0 | H49: =SUMIF(H$9:H$43,"X",$E$9:$E$43) -> 26.301108 | I49: =SUMIF(I$9:I$43,"X",$E$9:$E$43) -> 0 | J49: =SUMIF(J$9:J$43,"X",$E$9:$E$43) -> 0 | K49: =SUMIF(K$9:K$43,"X",$E$9:$E$43) -> 26.301108 | L49: =SUMIF(L$9:L$43,"X",$E$9:$E$43) -> 0
A50: % DA EXTENSÃO | F50: =IF($I52=0,0,F49/$I52) -> 0 | G50: =IF($I52=0,0,G49/$I52) -> 0 | H50: =IF($I52=0,0,H49/$I52) -> 1 | I50: =IF($I52=0,0,I49/$I52) -> 0 | J50: =IF($I52=0,0,J49/$I52) -> 0 | K50: =IF($I52=0,0,K49/$I52) -> 1 | L50: =IF($I52=0,0,L49/$I52) -> 0
A51: CONFERÊNCIA POR GRUPO | F51: =IF(SUM(F49:I49)=0,"— não preenchido",IF(ROUND(SUM(F49:I49)-$I52,3)=0,"OK — "&ROUND(SUM(F49:I49),3)&" km","ERRO — dif. de "&ROUND(SUM(F49:I49)-$I52,3)&" km")) -> OK — 26,301 km | J51: =IF(SUM(J49:L49)=0,"— não preenchido",IF(ROUND(SUM(J49:L49)-$I52,3)=0,"OK — "&ROUND(SUM(J49:L49),3)&" km","ERRO — dif. de "&ROUND(SUM(J49:L49)-$I52,3)&" km")) -> OK — 26,301 km
A52: EXTENSÃO TOTAL DO TRECHO | I52: =SUM(E9:E43) -> 26.301108 | M52: =COUNTIF(N9:N43,"OK")&" de "&COUNT($E$9:$E$43)&" linhas conferidas" -> 30 de 30 linhas conferidas
A54: LEGENDA
A55: REGULAR | E55: Até 10 irregularidades por km
A56: RUIM | E56: Mais de 10 irregularidades por km
A57: PÉSSIMA | E57: Atoleiro ou ponto crítico
A58: SIT. | E58: LEN = leito natural · EOP = em obras de pavimentação
A59: FAIXA AZUL | E59: Cabeçalho de cada S.R.E.: descrição, situação, jurisdição, extensão e coordenada de início.
A60: INÍCIO / FIM (KM) | E60: Contados de 0 até o fim de CADA S.R.E. Não é o marco quilométrico da rodovia.
A61: SENT. | E61: C = crescente · D = decrescente
A62: FAIXA CINZA | E62: Segmento fora do escopo do contrato: você passa por ele, mas não preenche.
A63: CÉLULA VERMELHA | E63: Mais de uma X no mesmo grupo. Apague uma delas.
A64: CONFERÊNCIA | E64: Só na tela, não sai impresso. Fica OK com uma X em cada grupo.

Sheet 20
A1: PROGRAMA DE MANUTENÇÃO RODOVIÁRIA — FICHA DE INSPEÇÃO — RODOVIAS NÃO PAVIMENTADAS | P1: Valores dos gráficos — troca 0 por N/D para a fatia não aparecer. Não editar.
A2: REGIÃO: 1 — TOCANTINÓPOLIS | D2: MÊS / ANO: | G2: DATA: | J2: TÉCNICO: | P2: =IF(F40=0,NA(),F40) -> 8 | Q2: =IF(G40=0,NA(),G40) -> 13.209234 | R2: =IF(H40=0,NA(),H40) -> #N/A | S2: =IF(I40=0,NA(),I40) -> #N/A | T2: =IF(J40=0,NA(),J40) -> 3.6392069 | U2: =IF(K40=0,NA(),K40) -> 17.570027 | V2: =IF(L40=0,NA(),L40) -> #N/A
A3: TRECHO 20 — RODOVIA TO-201 - TRECHO ESPERANTINA - DIVISA TO-MA | K3: EXTENSÃO: 22,698 km · 3 S.R.E.
A4: COMO PREENCHER: uma X em UMA coluna de cada grupo, por linha. Se houver mais de um defeito no mesmo km, marque o PREDOMINANTE e escreva o resto em OBSERVAÇÕES. A quilometragem é contada de 0 até o fim de CADA S.R.E. (não é o marco da rodovia).
A6: S.R.E. | B6: SENT. | C6: INÍCIO (KM) | D6: FIM (KM) | E6: EXT. (KM) | F6: CONDIÇÃO DA PLATAFORMA | J6: DRENAGEM SUPERFICIAL | M6: OBSERVAÇÕES | N6: CONFERÊNCIA (só na tela)
F7: BOM | G7: REGULAR | H7: RUIM | I7: PÉSSIMA | J7: LIMPA | K7: OBSTRUÍDA | L7: AUSENTE
A8: S.R.E. 201ETO0250 | ESPERANTINA *TRECHO URBANO* - ENTR. ACESSO DIV. TO-PA (PEDRA GRANDE) | LEN · Estadual · 1.489 km · início: -5.370541, -48.544992
A9: 201ETO0250 | B9: C | C9: 0 | D9: 1 | E9: =D9-C9 -> 1 | N9: =IF(COUNTA(F9:L9)=0,"— não preenchido",IF(COUNTIF(F9:I9,"X")<>1,"FALTA/DUPLA: CONDIÇÃO DA PLATAFORMA",IF(COUNTIF(J9:L9,"X")<>1,"FALTA/DUPLA: DRENAGEM SUPERFICIAL","OK"))) -> — não preenchido
A10: 201ETO0250 | B10: C | C10: 1 | D10: 1.4887814 | E10: =D10-C10 -> 0.48878136 | N10: =IF(COUNTA(F10:L10)=0,"— não preenchido",IF(COUNTIF(F10:I10,"X")<>1,"FALTA/DUPLA: CONDIÇÃO DA PLATAFORMA",IF(COUNTIF(J10:L10,"X")<>1,"FALTA/DUPLA: DRENAGEM SUPERFICIAL","OK"))) -> — não preenchido
A11: S.R.E. 201ETO0260 | ENTR. ACESSO DIV. TO-PA (PEDRA GRANDE) - PEDRA DE AMOLAR | LEN · Estadual · 8.639 km · início: -5.373241, -48.55809
A12: 201ETO0260 | B12: C | C12: 0 | D12: 1 | E12: =D12-C12 -> 1 | F12: X | J12: X | N12: =IF(COUNTA(F12:L12)=0,"— não preenchido",IF(COUNTIF(F12:I12,"X")<>1,"FALTA/DUPLA: CONDIÇÃO DA PLATAFORMA",IF(COUNTIF(J12:L12,"X")<>1,"FALTA/DUPLA: DRENAGEM SUPERFICIAL","OK"))) -> OK
A13: 201ETO0260 | B13: C | C13: 1 | D13: 2 | E13: =D13-C13 -> 1 | F13: X | J13: X | N13: =IF(COUNTA(F13:L13)=0,"— não preenchido",IF(COUNTIF(F13:I13,"X")<>1,"FALTA/DUPLA: CONDIÇÃO DA PLATAFORMA",IF(COUNTIF(J13:L13,"X")<>1,"FALTA/DUPLA: DRENAGEM SUPERFICIAL","OK"))) -> OK
A14: 201ETO0260 | B14: C | C14: 2 | D14: 3 | E14: =D14-C14 -> 1 | G14: X | J14: X | N14: =IF(COUNTA(F14:L14)=0,"— não preenchido",IF(COUNTIF(F14:I14,"X")<>1,"FALTA/DUPLA: CONDIÇÃO DA PLATAFORMA",IF(COUNTIF(J14:L14,"X")<>1,"FALTA/DUPLA: DRENAGEM SUPERFICIAL","OK"))) -> OK
A15: 201ETO0260 | B15: C | C15: 3 | D15: 4 | E15: =D15-C15 -> 1 | G15: X | K15: X | N15: =IF(COUNTA(F15:L15)=0,"— não preenchido",IF(COUNTIF(F15:I15,"X")<>1,"FALTA/DUPLA: CONDIÇÃO DA PLATAFORMA",IF(COUNTIF(J15:L15,"X")<>1,"FALTA/DUPLA: DRENAGEM SUPERFICIAL","OK"))) -> OK
A16: 201ETO0260 | B16: C | C16: 4 | D16: 5 | E16: =D16-C16 -> 1 | G16: X | K16: X | N16: =IF(COUNTA(F16:L16)=0,"— não preenchido",IF(COUNTIF(F16:I16,"X")<>1,"FALTA/DUPLA: CONDIÇÃO DA PLATAFORMA",IF(COUNTIF(J16:L16,"X")<>1,"FALTA/DUPLA: DRENAGEM SUPERFICIAL","OK"))) -> OK
A17: 201ETO0260 | B17: C | C17: 5 | D17: 6 | E17: =D17-C17 -> 1 | G17: X | K17: X | N17: =IF(COUNTA(F17:L17)=0,"— não preenchido",IF(COUNTIF(F17:I17,"X")<>1,"FALTA/DUPLA: CONDIÇÃO DA PLATAFORMA",IF(COUNTIF(J17:L17,"X")<>1,"FALTA/DUPLA: DRENAGEM SUPERFICIAL","OK"))) -> OK
A18: 201ETO0260 | B18: C | C18: 6 | D18: 7 | E18: =D18-C18 -> 1 | G18: X | K18: X | N18: =IF(COUNTA(F18:L18)=0,"— não preenchido",IF(COUNTIF(F18:I18,"X")<>1,"FALTA/DUPLA: CONDIÇÃO DA PLATAFORMA",IF(COUNTIF(J18:L18,"X")<>1,"FALTA/DUPLA: DRENAGEM SUPERFICIAL","OK"))) -> OK
A19: 201ETO0260 | B19: C | C19: 7 | D19: 8 | E19: =D19-C19 -> 1 | G19: X | K19: X | N19: =IF(COUNTA(F19:L19)=0,"— não preenchido",IF(COUNTIF(F19:I19,"X")<>1,"FALTA/DUPLA: CONDIÇÃO DA PLATAFORMA",IF(COUNTIF(J19:L19,"X")<>1,"FALTA/DUPLA: DRENAGEM SUPERFICIAL","OK"))) -> OK
A20: 201ETO0260 | B20: C | C20: 8 | D20: 8.6392069 | E20: =D20-C20 -> 0.63920691 | G20: X | J20: X | N20: =IF(COUNTA(F20:L20)=0,"— não preenchido",IF(COUNTIF(F20:I20,"X")<>1,"FALTA/DUPLA: CONDIÇÃO DA PLATAFORMA",IF(COUNTIF(J20:L20,"X")<>1,"FALTA/DUPLA: DRENAGEM SUPERFICIAL","OK"))) -> OK
A21: S.R.E. 201ETO0270 | PEDRA DE AMOLAR - DIV TO-PA-MA | LEN · Estadual · 12.570 km · início: -5.345945, -48.626757
A22: 201ETO0270 | B22: C | C22: 0 | D22: 1 | E22: =D22-C22 -> 1 | G22: X | K22: X | N22: =IF(COUNTA(F22:L22)=0,"— não preenchido",IF(COUNTIF(F22:I22,"X")<>1,"FALTA/DUPLA: CONDIÇÃO DA PLATAFORMA",IF(COUNTIF(J22:L22,"X")<>1,"FALTA/DUPLA: DRENAGEM SUPERFICIAL","OK"))) -> OK
A23: 201ETO0270 | B23: C | C23: 1 | D23: 2 | E23: =D23-C23 -> 1 | G23: X | K23: X | N23: =IF(COUNTA(F23:L23)=0,"— não preenchido",IF(COUNTIF(F23:I23,"X")<>1,"FALTA/DUPLA: CONDIÇÃO DA PLATAFORMA",IF(COUNTIF(J23:L23,"X")<>1,"FALTA/DUPLA: DRENAGEM SUPERFICIAL","OK"))) -> OK
A24: 201ETO0270 | B24: C | C24: 2 | D24: 3 | E24: =D24-C24 -> 1 | G24: X | K24: X | N24: =IF(COUNTA(F24:L24)=0,"— não preenchido",IF(COUNTIF(F24:I24,"X")<>1,"FALTA/DUPLA: CONDIÇÃO DA PLATAFORMA",IF(COUNTIF(J24:L24,"X")<>1,"FALTA/DUPLA: DRENAGEM SUPERFICIAL","OK"))) -> OK
A25: 201ETO0270 | B25: C | C25: 3 | D25: 4 | E25: =D25-C25 -> 1 | G25: X | K25: X | N25: =IF(COUNTA(F25:L25)=0,"— não preenchido",IF(COUNTIF(F25:I25,"X")<>1,"FALTA/DUPLA: CONDIÇÃO DA PLATAFORMA",IF(COUNTIF(J25:L25,"X")<>1,"FALTA/DUPLA: DRENAGEM SUPERFICIAL","OK"))) -> OK
A26: 201ETO0270 | B26: C | C26: 4 | D26: 5 | E26: =D26-C26 -> 1 | F26: X | K26: X | N26: =IF(COUNTA(F26:L26)=0,"— não preenchido",IF(COUNTIF(F26:I26,"X")<>1,"FALTA/DUPLA: CONDIÇÃO DA PLATAFORMA",IF(COUNTIF(J26:L26,"X")<>1,"FALTA/DUPLA: DRENAGEM SUPERFICIAL","OK"))) -> OK
A27: 201ETO0270 | B27: C | C27: 5 | D27: 6 | E27: =D27-C27 -> 1 | F27: X | K27: X | N27: =IF(COUNTA(F27:L27)=0,"— não preenchido",IF(COUNTIF(F27:I27,"X")<>1,"FALTA/DUPLA: CONDIÇÃO DA PLATAFORMA",IF(COUNTIF(J27:L27,"X")<>1,"FALTA/DUPLA: DRENAGEM SUPERFICIAL","OK"))) -> OK
A28: 201ETO0270 | B28: C | C28: 6 | D28: 7 | E28: =D28-C28 -> 1 | F28: X | K28: X | N28: =IF(COUNTA(F28:L28)=0,"— não preenchido",IF(COUNTIF(F28:I28,"X")<>1,"FALTA/DUPLA: CONDIÇÃO DA PLATAFORMA",IF(COUNTIF(J28:L28,"X")<>1,"FALTA/DUPLA: DRENAGEM SUPERFICIAL","OK"))) -> OK
A29: 201ETO0270 | B29: C | C29: 7 | D29: 8 | E29: =D29-C29 -> 1 | F29: X | K29: X | N29: =IF(COUNTA(F29:L29)=0,"— não preenchido",IF(COUNTIF(F29:I29,"X")<>1,"FALTA/DUPLA: CONDIÇÃO DA PLATAFORMA",IF(COUNTIF(J29:L29,"X")<>1,"FALTA/DUPLA: DRENAGEM SUPERFICIAL","OK"))) -> OK
A30: 201ETO0270 | B30: C | C30: 8 | D30: 9 | E30: =D30-C30 -> 1 | F30: X | K30: X | N30: =IF(COUNTA(F30:L30)=0,"— não preenchido",IF(COUNTIF(F30:I30,"X")<>1,"FALTA/DUPLA: CONDIÇÃO DA PLATAFORMA",IF(COUNTIF(J30:L30,"X")<>1,"FALTA/DUPLA: DRENAGEM SUPERFICIAL","OK"))) -> OK
A31: 201ETO0270 | B31: C | C31: 9 | D31: 10 | E31: =D31-C31 -> 1 | F31: X | K31: X | N31: =IF(COUNTA(F31:L31)=0,"— não preenchido",IF(COUNTIF(F31:I31,"X")<>1,"FALTA/DUPLA: CONDIÇÃO DA PLATAFORMA",IF(COUNTIF(J31:L31,"X")<>1,"FALTA/DUPLA: DRENAGEM SUPERFICIAL","OK"))) -> OK
A32: 201ETO0270 | B32: C | C32: 10 | D32: 11 | E32: =D32-C32 -> 1 | G32: X | K32: X | N32: =IF(COUNTA(F32:L32)=0,"— não preenchido",IF(COUNTIF(F32:I32,"X")<>1,"FALTA/DUPLA: CONDIÇÃO DA PLATAFORMA",IF(COUNTIF(J32:L32,"X")<>1,"FALTA/DUPLA: DRENAGEM SUPERFICIAL","OK"))) -> OK
A33: 201ETO0270 | B33: C | C33: 11 | D33: 12 | E33: =D33-C33 -> 1 | G33: X | K33: X | N33: =IF(COUNTA(F33:L33)=0,"— não preenchido",IF(COUNTIF(F33:I33,"X")<>1,"FALTA/DUPLA: CONDIÇÃO DA PLATAFORMA",IF(COUNTIF(J33:L33,"X")<>1,"FALTA/DUPLA: DRENAGEM SUPERFICIAL","OK"))) -> OK
A34: 201ETO0270 | B34: C | C34: 12 | D34: 12.570027 | E34: =D34-C34 -> 0.57002706 | G34: X | K34: X | N34: =IF(COUNTA(F34:L34)=0,"— não preenchido",IF(COUNTIF(F34:I34,"X")<>1,"FALTA/DUPLA: CONDIÇÃO DA PLATAFORMA",IF(COUNTIF(J34:L34,"X")<>1,"FALTA/DUPLA: DRENAGEM SUPERFICIAL","OK"))) -> OK
A36: ____________________________________________ | G36: ____________________________________________
A37: TÉCNICO RESPONSÁVEL PELA INSPEÇÃO | G37: VISTO DA SUPERVISÃO
A39: RESUMO DO TRECHO — KM LANÇADO POR ITEM
A40: KM LANÇADO | F40: =SUMIF(F$9:F$34,"X",$E$9:$E$34) -> 8 | G40: =SUMIF(G$9:G$34,"X",$E$9:$E$34) -> 13.209234 | H40: =SUMIF(H$9:H$34,"X",$E$9:$E$34) -> 0 | I40: =SUMIF(I$9:I$34,"X",$E$9:$E$34) -> 0 | J40: =SUMIF(J$9:J$34,"X",$E$9:$E$34) -> 3.6392069 | K40: =SUMIF(K$9:K$34,"X",$E$9:$E$34) -> 17.570027 | L40: =SUMIF(L$9:L$34,"X",$E$9:$E$34) -> 0
A41: % DA EXTENSÃO | F41: =IF($I43=0,0,F40/$I43) -> 0.35245372 | G41: =IF($I43=0,0,G40/$I43) -> 0.58195546 | H41: =IF($I43=0,0,H40/$I43) -> 0 | I41: =IF($I43=0,0,I40/$I43) -> 0 | J41: =IF($I43=0,0,J40/$I43) -> 0.1603315 | K41: =IF($I43=0,0,K40/$I43) -> 0.77407768 | L41: =IF($I43=0,0,L40/$I43) -> 0
A42: CONFERÊNCIA POR GRUPO | F42: =IF(SUM(F40:I40)=0,"— não preenchido",IF(ROUND(SUM(F40:I40)-$I43,3)=0,"OK — "&ROUND(SUM(F40:I40),3)&" km","ERRO — dif. de "&ROUND(SUM(F40:I40)-$I43,3)&" km")) -> ERRO — dif. de -1,489 km | J42: =IF(SUM(J40:L40)=0,"— não preenchido",IF(ROUND(SUM(J40:L40)-$I43,3)=0,"OK — "&ROUND(SUM(J40:L40),3)&" km","ERRO — dif. de "&ROUND(SUM(J40:L40)-$I43,3)&" km")) -> ERRO — dif. de -1,489 km
A43: EXTENSÃO TOTAL DO TRECHO | I43: =SUM(E9:E34) -> 22.698015 | M43: =COUNTIF(N9:N34,"OK")&" de "&COUNT($E$9:$E$34)&" linhas conferidas" -> 22 de 24 linhas conferidas
A45: LEGENDA
A46: REGULAR | E46: Até 10 irregularidades por km
A47: RUIM | E47: Mais de 10 irregularidades por km
A48: PÉSSIMA | E48: Atoleiro ou ponto crítico
A49: SIT. | E49: LEN = leito natural · EOP = em obras de pavimentação
A50: FAIXA AZUL | E50: Cabeçalho de cada S.R.E.: descrição, situação, jurisdição, extensão e coordenada de início.
A51: INÍCIO / FIM (KM) | E51: Contados de 0 até o fim de CADA S.R.E. Não é o marco quilométrico da rodovia.
A52: SENT. | E52: C = crescente · D = decrescente
A53: FAIXA CINZA | E53: Segmento fora do escopo do contrato: você passa por ele, mas não preenche.
A54: CÉLULA VERMELHA | E54: Mais de uma X no mesmo grupo. Apague uma delas.
A55: CONFERÊNCIA | E55: Só na tela, não sai impresso. Fica OK com uma X em cada grupo.

Sheet 21
A1: PROGRAMA DE MANUTENÇÃO RODOVIÁRIA — FICHA DE INSPEÇÃO — RODOVIAS NÃO PAVIMENTADAS | P1: Valores dos gráficos — troca 0 por N/D para a fatia não aparecer. Não editar.
A2: REGIÃO: 1 — TOCANTINÓPOLIS | D2: MÊS / ANO: | G2: DATA: | J2: TÉCNICO: | P2: =IF(F40=0,NA(),F40) -> 16.673932 | Q2: =IF(G40=0,NA(),G40) -> 9 | R2: =IF(H40=0,NA(),H40) -> #N/A | S2: =IF(I40=0,NA(),I40) -> #N/A | T2: =IF(J40=0,NA(),J40) -> 14.673932 | U2: =IF(K40=0,NA(),K40) -> 11 | V2: =IF(L40=0,NA(),L40) -> #N/A
A3: TRECHO 21 — RODOVIA TO-205 - TRECHO SÃO BENTO DO TOCANTINS - ENTR. TO-010 | K3: EXTENSÃO: 25,674 km · 1 S.R.E.
A4: COMO PREENCHER: uma X em UMA coluna de cada grupo, por linha. Se houver mais de um defeito no mesmo km, marque o PREDOMINANTE e escreva o resto em OBSERVAÇÕES. A quilometragem é contada de 0 até o fim de CADA S.R.E. (não é o marco da rodovia).
A6: S.R.E. | B6: SENT. | C6: INÍCIO (KM) | D6: FIM (KM) | E6: EXT. (KM) | F6: CONDIÇÃO DA PLATAFORMA | J6: DRENAGEM SUPERFICIAL | M6: OBSERVAÇÕES | N6: CONFERÊNCIA (só na tela)
F7: BOM | G7: REGULAR | H7: RUIM | I7: PÉSSIMA | J7: LIMPA | K7: OBSTRUÍDA | L7: AUSENTE
A8: S.R.E. 205ETO0010 | SÃO BENTO DO TO * TRECHO URBANO* - ENTR. TO-010 (CAMPO ALEGRE) | LEN · Estadual · 25.674 km · início: -6.027173, -47.92714
A9: 205ETO0010 | B9: C | C9: 0 | D9: 1 | E9: =D9-C9 -> 1 | F9: X | K9: X | N9: =IF(COUNTA(F9:L9)=0,"— não preenchido",IF(COUNTIF(F9:I9,"X")<>1,"FALTA/DUPLA: CONDIÇÃO DA PLATAFORMA",IF(COUNTIF(J9:L9,"X")<>1,"FALTA/DUPLA: DRENAGEM SUPERFICIAL","OK"))) -> OK
A10: 205ETO0010 | B10: C | C10: 1 | D10: 2 | E10: =D10-C10 -> 1 | F10: X | K10: X | N10: =IF(COUNTA(F10:L10)=0,"— não preenchido",IF(COUNTIF(F10:I10,"X")<>1,"FALTA/DUPLA: CONDIÇÃO DA PLATAFORMA",IF(COUNTIF(J10:L10,"X")<>1,"FALTA/DUPLA: DRENAGEM SUPERFICIAL","OK"))) -> OK
A11: 205ETO0010 | B11: C | C11: 2 | D11: 3 | E11: =D11-C11 -> 1 | F11: X | K11: X | N11: =IF(COUNTA(F11:L11)=0,"— não preenchido",IF(COUNTIF(F11:I11,"X")<>1,"FALTA/DUPLA: CONDIÇÃO DA PLATAFORMA",IF(COUNTIF(J11:L11,"X")<>1,"FALTA/DUPLA: DRENAGEM SUPERFICIAL","OK"))) -> OK
A12: 205ETO0010 | B12: C | C12: 3 | D12: 4 | E12: =D12-C12 -> 1 | F12: X | K12: X | M12: AUSENCIA DE DRENAGEM E MATERIAL FINO SOBRE A PISTA | N12: =IF(COUNTA(F12:L12)=0,"— não preenchido",IF(COUNTIF(F12:I12,"X")<>1,"FALTA/DUPLA: CONDIÇÃO DA PLATAFORMA",IF(COUNTIF(J12:L12,"X")<>1,"FALTA/DUPLA: DRENAGEM SUPERFICIAL","OK"))) -> OK
A13: 205ETO0010 | B13: C | C13: 4 | D13: 5 | E13: =D13-C13 -> 1 | G13: X | K13: X | N13: =IF(COUNTA(F13:L13)=0,"— não preenchido",IF(COUNTIF(F13:I13,"X")<>1,"FALTA/DUPLA: CONDIÇÃO DA PLATAFORMA",IF(COUNTIF(J13:L13,"X")<>1,"FALTA/DUPLA: DRENAGEM SUPERFICIAL","OK"))) -> OK
A14: 205ETO0010 | B14: C | C14: 5 | D14: 6 | E14: =D14-C14 -> 1 | F14: X | K14: X | N14: =IF(COUNTA(F14:L14)=0,"— não preenchido",IF(COUNTIF(F14:I14,"X")<>1,"FALTA/DUPLA: CONDIÇÃO DA PLATAFORMA",IF(COUNTIF(J14:L14,"X")<>1,"FALTA/DUPLA: DRENAGEM SUPERFICIAL","OK"))) -> OK
A15: 205ETO0010 | B15: C | C15: 6 | D15: 7 | E15: =D15-C15 -> 1 | G15: X | J15: X | N15: =IF(COUNTA(F15:L15)=0,"— não preenchido",IF(COUNTIF(F15:I15,"X")<>1,"FALTA/DUPLA: CONDIÇÃO DA PLATAFORMA",IF(COUNTIF(J15:L15,"X")<>1,"FALTA/DUPLA: DRENAGEM SUPERFICIAL","OK"))) -> OK
A16: 205ETO0010 | B16: C | C16: 7 | D16: 8 | E16: =D16-C16 -> 1 | G16: X | J16: X | M16: GREIDE REBAIXADO | N16: =IF(COUNTA(F16:L16)=0,"— não preenchido",IF(COUNTIF(F16:I16,"X")<>1,"FALTA/DUPLA: CONDIÇÃO DA PLATAFORMA",IF(COUNTIF(J16:L16,"X")<>1,"FALTA/DUPLA: DRENAGEM SUPERFICIAL","OK"))) -> OK
A17: 205ETO0010 | B17: C | C17: 8 | D17: 9 | E17: =D17-C17 -> 1 | F17: X | J17: X | M17: GREIDE REBAIXADO | N17: =IF(COUNTA(F17:L17)=0,"— não preenchido",IF(COUNTIF(F17:I17,"X")<>1,"FALTA/DUPLA: CONDIÇÃO DA PLATAFORMA",IF(COUNTIF(J17:L17,"X")<>1,"FALTA/DUPLA: DRENAGEM SUPERFICIAL","OK"))) -> OK
A18: 205ETO0010 | B18: C | C18: 9 | D18: 10 | E18: =D18-C18 -> 1 | F18: X | J18: X | N18: =IF(COUNTA(F18:L18)=0,"— não preenchido",IF(COUNTIF(F18:I18,"X")<>1,"FALTA/DUPLA: CONDIÇÃO DA PLATAFORMA",IF(COUNTIF(J18:L18,"X")<>1,"FALTA/DUPLA: DRENAGEM SUPERFICIAL","OK"))) -> OK
A19: 205ETO0010 | B19: C | C19: 10 | D19: 11 | E19: =D19-C19 -> 1 | F19: X | K19: X | N19: =IF(COUNTA(F19:L19)=0,"— não preenchido",IF(COUNTIF(F19:I19,"X")<>1,"FALTA/DUPLA: CONDIÇÃO DA PLATAFORMA",IF(COUNTIF(J19:L19,"X")<>1,"FALTA/DUPLA: DRENAGEM SUPERFICIAL","OK"))) -> OK
A20: 205ETO0010 | B20: C | C20: 11 | D20: 12 | E20: =D20-C20 -> 1 | F20: X | K20: X | N20: =IF(COUNTA(F20:L20)=0,"— não preenchido",IF(COUNTIF(F20:I20,"X")<>1,"FALTA/DUPLA: CONDIÇÃO DA PLATAFORMA",IF(COUNTIF(J20:L20,"X")<>1,"FALTA/DUPLA: DRENAGEM SUPERFICIAL","OK"))) -> OK
A21: 205ETO0010 | B21: C | C21: 12 | D21: 13 | E21: =D21-C21 -> 1 | G21: X | K21: X | N21: =IF(COUNTA(F21:L21)=0,"— não preenchido",IF(COUNTIF(F21:I21,"X")<>1,"FALTA/DUPLA: CONDIÇÃO DA PLATAFORMA",IF(COUNTIF(J21:L21,"X")<>1,"FALTA/DUPLA: DRENAGEM SUPERFICIAL","OK"))) -> OK
A22: 205ETO0010 | B22: C | C22: 13 | D22: 14 | E22: =D22-C22 -> 1 | G22: X | J22: X | N22: =IF(COUNTA(F22:L22)=0,"— não preenchido",IF(COUNTIF(F22:I22,"X")<>1,"FALTA/DUPLA: CONDIÇÃO DA PLATAFORMA",IF(COUNTIF(J22:L22,"X")<>1,"FALTA/DUPLA: DRENAGEM SUPERFICIAL","OK"))) -> OK
A23: 205ETO0010 | B23: C | C23: 14 | D23: 15 | E23: =D23-C23 -> 1 | G23: X | J23: X | N23: =IF(COUNTA(F23:L23)=0,"— não preenchido",IF(COUNTIF(F23:I23,"X")<>1,"FALTA/DUPLA: CONDIÇÃO DA PLATAFORMA",IF(COUNTIF(J23:L23,"X")<>1,"FALTA/DUPLA: DRENAGEM SUPERFICIAL","OK"))) -> OK
A24: 205ETO0010 | B24: C | C24: 15 | D24: 16 | E24: =D24-C24 -> 1 | G24: X | J24: X | N24: =IF(COUNTA(F24:L24)=0,"— não preenchido",IF(COUNTIF(F24:I24,"X")<>1,"FALTA/DUPLA: CONDIÇÃO DA PLATAFORMA",IF(COUNTIF(J24:L24,"X")<>1,"FALTA/DUPLA: DRENAGEM SUPERFICIAL","OK"))) -> OK
A25: 205ETO0010 | B25: C | C25: 16 | D25: 17 | E25: =D25-C25 -> 1 | G25: X | K25: X | N25: =IF(COUNTA(F25:L25)=0,"— não preenchido",IF(COUNTIF(F25:I25,"X")<>1,"FALTA/DUPLA: CONDIÇÃO DA PLATAFORMA",IF(COUNTIF(J25:L25,"X")<>1,"FALTA/DUPLA: DRENAGEM SUPERFICIAL","OK"))) -> OK
A26: 205ETO0010 | B26: C | C26: 17 | D26: 18 | E26: =D26-C26 -> 1 | G26: X | J26: X | N26: =IF(COUNTA(F26:L26)=0,"— não preenchido",IF(COUNTIF(F26:I26,"X")<>1,"FALTA/DUPLA: CONDIÇÃO DA PLATAFORMA",IF(COUNTIF(J26:L26,"X")<>1,"FALTA/DUPLA: DRENAGEM SUPERFICIAL","OK"))) -> OK
A27: 205ETO0010 | B27: C | C27: 18 | D27: 19 | E27: =D27-C27 -> 1 | F27: X | J27: X | N27: =IF(COUNTA(F27:L27)=0,"— não preenchido",IF(COUNTIF(F27:I27,"X")<>1,"FALTA/DUPLA: CONDIÇÃO DA PLATAFORMA",IF(COUNTIF(J27:L27,"X")<>1,"FALTA/DUPLA: DRENAGEM SUPERFICIAL","OK"))) -> OK
A28: 205ETO0010 | B28: C | C28: 19 | D28: 20 | E28: =D28-C28 -> 1 | F28: X | J28: X | N28: =IF(COUNTA(F28:L28)=0,"— não preenchido",IF(COUNTIF(F28:I28,"X")<>1,"FALTA/DUPLA: CONDIÇÃO DA PLATAFORMA",IF(COUNTIF(J28:L28,"X")<>1,"FALTA/DUPLA: DRENAGEM SUPERFICIAL","OK"))) -> OK
A29: 205ETO0010 | B29: C | C29: 20 | D29: 21 | E29: =D29-C29 -> 1 | F29: X | J29: X | N29: =IF(COUNTA(F29:L29)=0,"— não preenchido",IF(COUNTIF(F29:I29,"X")<>1,"FALTA/DUPLA: CONDIÇÃO DA PLATAFORMA",IF(COUNTIF(J29:L29,"X")<>1,"FALTA/DUPLA: DRENAGEM SUPERFICIAL","OK"))) -> OK
A30: 205ETO0010 | B30: C | C30: 21 | D30: 22 | E30: =D30-C30 -> 1 | F30: X | K30: X | N30: =IF(COUNTA(F30:L30)=0,"— não preenchido",IF(COUNTIF(F30:I30,"X")<>1,"FALTA/DUPLA: CONDIÇÃO DA PLATAFORMA",IF(COUNTIF(J30:L30,"X")<>1,"FALTA/DUPLA: DRENAGEM SUPERFICIAL","OK"))) -> OK
A31: 205ETO0010 | B31: C | C31: 22 | D31: 23 | E31: =D31-C31 -> 1 | F31: X | J31: X | N31: =IF(COUNTA(F31:L31)=0,"— não preenchido",IF(COUNTIF(F31:I31,"X")<>1,"FALTA/DUPLA: CONDIÇÃO DA PLATAFORMA",IF(COUNTIF(J31:L31,"X")<>1,"FALTA/DUPLA: DRENAGEM SUPERFICIAL","OK"))) -> OK
A32: 205ETO0010 | B32: C | C32: 23 | D32: 24 | E32: =D32-C32 -> 1 | F32: X | J32: X | N32: =IF(COUNTA(F32:L32)=0,"— não preenchido",IF(COUNTIF(F32:I32,"X")<>1,"FALTA/DUPLA: CONDIÇÃO DA PLATAFORMA",IF(COUNTIF(J32:L32,"X")<>1,"FALTA/DUPLA: DRENAGEM SUPERFICIAL","OK"))) -> OK
A33: 205ETO0010 | B33: C | C33: 24 | D33: 25 | E33: =D33-C33 -> 1 | F33: X | J33: X | N33: =IF(COUNTA(F33:L33)=0,"— não preenchido",IF(COUNTIF(F33:I33,"X")<>1,"FALTA/DUPLA: CONDIÇÃO DA PLATAFORMA",IF(COUNTIF(J33:L33,"X")<>1,"FALTA/DUPLA: DRENAGEM SUPERFICIAL","OK"))) -> OK
A34: 205ETO0010 | B34: C | C34: 25 | D34: 25.673932 | E34: =D34-C34 -> 0.67393223 | F34: X | J34: X | N34: =IF(COUNTA(F34:L34)=0,"— não preenchido",IF(COUNTIF(F34:I34,"X")<>1,"FALTA/DUPLA: CONDIÇÃO DA PLATAFORMA",IF(COUNTIF(J34:L34,"X")<>1,"FALTA/DUPLA: DRENAGEM SUPERFICIAL","OK"))) -> OK
A36: ____________________________________________ | G36: ____________________________________________
A37: TÉCNICO RESPONSÁVEL PELA INSPEÇÃO | G37: VISTO DA SUPERVISÃO
A39: RESUMO DO TRECHO — KM LANÇADO POR ITEM
A40: KM LANÇADO | F40: =SUMIF(F$9:F$34,"X",$E$9:$E$34) -> 16.673932 | G40: =SUMIF(G$9:G$34,"X",$E$9:$E$34) -> 9 | H40: =SUMIF(H$9:H$34,"X",$E$9:$E$34) -> 0 | I40: =SUMIF(I$9:I$34,"X",$E$9:$E$34) -> 0 | J40: =SUMIF(J$9:J$34,"X",$E$9:$E$34) -> 14.673932 | K40: =SUMIF(K$9:K$34,"X",$E$9:$E$34) -> 11 | L40: =SUMIF(L$9:L$34,"X",$E$9:$E$34) -> 0
A41: % DA EXTENSÃO | F41: =IF($I43=0,0,F40/$I43) -> 0.64944988 | G41: =IF($I43=0,0,G40/$I43) -> 0.35055012 | H41: =IF($I43=0,0,H40/$I43) -> 0 | I41: =IF($I43=0,0,I40/$I43) -> 0 | J41: =IF($I43=0,0,J40/$I43) -> 0.57154985 | K41: =IF($I43=0,0,K40/$I43) -> 0.42845015 | L41: =IF($I43=0,0,L40/$I43) -> 0
A42: CONFERÊNCIA POR GRUPO | F42: =IF(SUM(F40:I40)=0,"— não preenchido",IF(ROUND(SUM(F40:I40)-$I43,3)=0,"OK — "&ROUND(SUM(F40:I40),3)&" km","ERRO — dif. de "&ROUND(SUM(F40:I40)-$I43,3)&" km")) -> OK — 25,674 km | J42: =IF(SUM(J40:L40)=0,"— não preenchido",IF(ROUND(SUM(J40:L40)-$I43,3)=0,"OK — "&ROUND(SUM(J40:L40),3)&" km","ERRO — dif. de "&ROUND(SUM(J40:L40)-$I43,3)&" km")) -> OK — 25,674 km
A43: EXTENSÃO TOTAL DO TRECHO | I43: =SUM(E9:E34) -> 25.673932 | M43: =COUNTIF(N9:N34,"OK")&" de "&COUNT($E$9:$E$34)&" linhas conferidas" -> 26 de 26 linhas conferidas
A45: LEGENDA
A46: REGULAR | E46: Até 10 irregularidades por km
A47: RUIM | E47: Mais de 10 irregularidades por km
A48: PÉSSIMA | E48: Atoleiro ou ponto crítico
A49: SIT. | E49: LEN = leito natural · EOP = em obras de pavimentação
A50: FAIXA AZUL | E50: Cabeçalho de cada S.R.E.: descrição, situação, jurisdição, extensão e coordenada de início.
A51: INÍCIO / FIM (KM) | E51: Contados de 0 até o fim de CADA S.R.E. Não é o marco quilométrico da rodovia.
A52: SENT. | E52: C = crescente · D = decrescente
A53: FAIXA CINZA | E53: Segmento fora do escopo do contrato: você passa por ele, mas não preenche.
A54: CÉLULA VERMELHA | E54: Mais de uma X no mesmo grupo. Apague uma delas.
A55: CONFERÊNCIA | E55: Só na tela, não sai impresso. Fica OK com uma X em cada grupo.

Sheet 22
A1: PROGRAMA DE MANUTENÇÃO RODOVIÁRIA — FICHA DE INSPEÇÃO — RODOVIAS NÃO PAVIMENTADAS | P1: Valores dos gráficos — troca 0 por N/D para a fatia não aparecer. Não editar.
A2: REGIÃO: 1 — TOCANTINÓPOLIS | D2: MÊS / ANO: | G2: DATA: | J2: TÉCNICO: | P2: =IF(F53=0,NA(),F53) -> 10.250855 | Q2: =IF(G53=0,NA(),G53) -> 28 | R2: =IF(H53=0,NA(),H53) -> #N/A | S2: =IF(I53=0,NA(),I53) -> #N/A | T2: =IF(J53=0,NA(),J53) -> 33 | U2: =IF(K53=0,NA(),K53) -> 3.2508546 | V2: =IF(L53=0,NA(),L53) -> 2
A3: TRECHO 22 — RODOVIA TO-210 - TRECHO ENTR. TO-010 - DIVISA TO-PA (VILA ANTONINA) | K3: EXTENSÃO: 38,251 km · 1 S.R.E.
A4: COMO PREENCHER: uma X em UMA coluna de cada grupo, por linha. Se houver mais de um defeito no mesmo km, marque o PREDOMINANTE e escreva o resto em OBSERVAÇÕES. A quilometragem é contada de 0 até o fim de CADA S.R.E. (não é o marco da rodovia).
A6: S.R.E. | B6: SENT. | C6: INÍCIO (KM) | D6: FIM (KM) | E6: EXT. (KM) | F6: CONDIÇÃO DA PLATAFORMA | J6: DRENAGEM SUPERFICIAL | M6: OBSERVAÇÕES | N6: CONFERÊNCIA (só na tela)
F7: BOM | G7: REGULAR | H7: RUIM | I7: PÉSSIMA | J7: LIMPA | K7: OBSTRUÍDA | L7: AUSENTE
A8: S.R.E. 210ETO0290 | ENTR. TO-010 - VILA ANTONINA | LEN · Estadual · 38.251 km · início: -6.123077, -48.304689
A9: 210ETO0290 | B9: C | C9: 0 | D9: 1 | E9: =D9-C9 -> 1 | F9: X | J9: X | M9: BUEIRO SIMPLES KM-0,2 ( 0,70 / 0,70 ) | N9: =IF(COUNTA(F9:L9)=0,"— não preenchido",IF(COUNTIF(F9:I9,"X")<>1,"FALTA/DUPLA: CONDIÇÃO DA PLATAFORMA",IF(COUNTIF(J9:L9,"X")<>1,"FALTA/DUPLA: DRENAGEM SUPERFICIAL","OK"))) -> OK
A10: 210ETO0290 | B10: C | C10: 1 | D10: 2 | E10: =D10-C10 -> 1 | F10: X | J10: X | M10: BUEIRO SIMPLES KM-0,2 ( 0,70 / 0,70 ) | N10: =IF(COUNTA(F10:L10)=0,"— não preenchido",IF(COUNTIF(F10:I10,"X")<>1,"FALTA/DUPLA: CONDIÇÃO DA PLATAFORMA",IF(COUNTIF(J10:L10,"X")<>1,"FALTA/DUPLA: DRENAGEM SUPERFICIAL","OK"))) -> OK
A11: 210ETO0290 | B11: C | C11: 2 | D11: 3 | E11: =D11-C11 -> 1 | G11: X | L11: X | M11: BUEIRO SIMPLES KM-4,70 ( 1,10 / 1,10 ) ESTAR SEM CABECA | N11: =IF(COUNTA(F11:L11)=0,"— não preenchido",IF(COUNTIF(F11:I11,"X")<>1,"FALTA/DUPLA: CONDIÇÃO DA PLATAFORMA",IF(COUNTIF(J11:L11,"X")<>1,"FALTA/DUPLA: DRENAGEM SUPERFICIAL","OK"))) -> OK
A12: 210ETO0290 | B12: C | C12: 3 | D12: 4 | E12: =D12-C12 -> 1 | G12: X | L12: X | M12: BUEIRO SIMPLES KM-4,70 ( 1,10 / 1,10 ) ESTAR SEM CABECA | N12: =IF(COUNTA(F12:L12)=0,"— não preenchido",IF(COUNTIF(F12:I12,"X")<>1,"FALTA/DUPLA: CONDIÇÃO DA PLATAFORMA",IF(COUNTIF(J12:L12,"X")<>1,"FALTA/DUPLA: DRENAGEM SUPERFICIAL","OK"))) -> OK
A13: 210ETO0290 | B13: C | C13: 4 | D13: 5 | E13: =D13-C13 -> 1 | G13: X | J13: X | M13: BUEIRO SIMPLES KM-5,3 ( 1,20/ 1,20 ) | N13: =IF(COUNTA(F13:L13)=0,"— não preenchido",IF(COUNTIF(F13:I13,"X")<>1,"FALTA/DUPLA: CONDIÇÃO DA PLATAFORMA",IF(COUNTIF(J13:L13,"X")<>1,"FALTA/DUPLA: DRENAGEM SUPERFICIAL","OK"))) -> OK
A14: 210ETO0290 | B14: C | C14: 5 | D14: 6 | E14: =D14-C14 -> 1 | G14: X | J14: X | M14: BUEIRO SIMPLES KM-5,3 ( 1,20/ 1,20 ) | N14: =IF(COUNTA(F14:L14)=0,"— não preenchido",IF(COUNTIF(F14:I14,"X")<>1,"FALTA/DUPLA: CONDIÇÃO DA PLATAFORMA",IF(COUNTIF(J14:L14,"X")<>1,"FALTA/DUPLA: DRENAGEM SUPERFICIAL","OK"))) -> OK
A15: 210ETO0290 | B15: C | C15: 6 | D15: 7 | E15: =D15-C15 -> 1 | G15: X | J15: X | M15: BUEIRO SIMPLES KM-9,9 ( 1,20/ 1,20 ) | N15: =IF(COUNTA(F15:L15)=0,"— não preenchido",IF(COUNTIF(F15:I15,"X")<>1,"FALTA/DUPLA: CONDIÇÃO DA PLATAFORMA",IF(COUNTIF(J15:L15,"X")<>1,"FALTA/DUPLA: DRENAGEM SUPERFICIAL","OK"))) -> OK
A16: 210ETO0290 | B16: C | C16: 7 | D16: 8 | E16: =D16-C16 -> 1 | G16: X | J16: X | M16: BUEIRO SIMPLES KM-9,9 ( 1,20/ 1,20 ) | N16: =IF(COUNTA(F16:L16)=0,"— não preenchido",IF(COUNTIF(F16:I16,"X")<>1,"FALTA/DUPLA: CONDIÇÃO DA PLATAFORMA",IF(COUNTIF(J16:L16,"X")<>1,"FALTA/DUPLA: DRENAGEM SUPERFICIAL","OK"))) -> OK
A17: 210ETO0290 | B17: C | C17: 8 | D17: 9 | E17: =D17-C17 -> 1 | F17: X | J17: X | M17: BUEIRO DUPLO KM-12,3 (1,20 / 1,20) | N17: =IF(COUNTA(F17:L17)=0,"— não preenchido",IF(COUNTIF(F17:I17,"X")<>1,"FALTA/DUPLA: CONDIÇÃO DA PLATAFORMA",IF(COUNTIF(J17:L17,"X")<>1,"FALTA/DUPLA: DRENAGEM SUPERFICIAL","OK"))) -> OK
A18: 210ETO0290 | B18: C | C18: 9 | D18: 10 | E18: =D18-C18 -> 1 | F18: X | J18: X | M18: BUEIRO DUPLO KM-12,3 (1,20 / 1,20) | N18: =IF(COUNTA(F18:L18)=0,"— não preenchido",IF(COUNTIF(F18:I18,"X")<>1,"FALTA/DUPLA: CONDIÇÃO DA PLATAFORMA",IF(COUNTIF(J18:L18,"X")<>1,"FALTA/DUPLA: DRENAGEM SUPERFICIAL","OK"))) -> OK
A19: 210ETO0290 | B19: C | C19: 10 | D19: 11 | E19: =D19-C19 -> 1 | G19: X | J19: X | M19: PONTE DE CONCRETO KM-13,9 ( 4.45 / 6,20 ) | N19: =IF(COUNTA(F19:L19)=0,"— não preenchido",IF(COUNTIF(F19:I19,"X")<>1,"FALTA/DUPLA: CONDIÇÃO DA PLATAFORMA",IF(COUNTIF(J19:L19,"X")<>1,"FALTA/DUPLA: DRENAGEM SUPERFICIAL","OK"))) -> OK
A20: 210ETO0290 | B20: C | C20: 11 | D20: 12 | E20: =D20-C20 -> 1 | G20: X | J20: X | M20: PONTE DE CONCRETO KM-13,9 ( 4.45 / 6,20 ) | N20: =IF(COUNTA(F20:L20)=0,"— não preenchido",IF(COUNTIF(F20:I20,"X")<>1,"FALTA/DUPLA: CONDIÇÃO DA PLATAFORMA",IF(COUNTIF(J20:L20,"X")<>1,"FALTA/DUPLA: DRENAGEM SUPERFICIAL","OK"))) -> OK
A21: 210ETO0290 | B21: C | C21: 12 | D21: 13 | E21: =D21-C21 -> 1 | G21: X | J21: X | M21: BUEIRO SIMPLES KM-14,6 ( 0,70 / 0,70 ) | N21: =IF(COUNTA(F21:L21)=0,"— não preenchido",IF(COUNTIF(F21:I21,"X")<>1,"FALTA/DUPLA: CONDIÇÃO DA PLATAFORMA",IF(COUNTIF(J21:L21,"X")<>1,"FALTA/DUPLA: DRENAGEM SUPERFICIAL","OK"))) -> OK
A22: 210ETO0290 | B22: C | C22: 13 | D22: 14 | E22: =D22-C22 -> 1 | G22: X | J22: X | M22: BUEIRO SIMPLES KM-14,6 ( 0,70 / 0,70 ) | N22: =IF(COUNTA(F22:L22)=0,"— não preenchido",IF(COUNTIF(F22:I22,"X")<>1,"FALTA/DUPLA: CONDIÇÃO DA PLATAFORMA",IF(COUNTIF(J22:L22,"X")<>1,"FALTA/DUPLA: DRENAGEM SUPERFICIAL","OK"))) -> OK
A23: 210ETO0290 | B23: C | C23: 14 | D23: 15 | E23: =D23-C23 -> 1 | G23: X | J23: X | M23: GALERIA KM-16,0 ( 2,50 / 2,50 ) | N23: =IF(COUNTA(F23:L23)=0,"— não preenchido",IF(COUNTIF(F23:I23,"X")<>1,"FALTA/DUPLA: CONDIÇÃO DA PLATAFORMA",IF(COUNTIF(J23:L23,"X")<>1,"FALTA/DUPLA: DRENAGEM SUPERFICIAL","OK"))) -> OK
A24: 210ETO0290 | B24: C | C24: 15 | D24: 16 | E24: =D24-C24 -> 1 | G24: X | J24: X | M24: GALERIA KM-16,0 ( 2,50 / 2,50 ) | N24: =IF(COUNTA(F24:L24)=0,"— não preenchido",IF(COUNTIF(F24:I24,"X")<>1,"FALTA/DUPLA: CONDIÇÃO DA PLATAFORMA",IF(COUNTIF(J24:L24,"X")<>1,"FALTA/DUPLA: DRENAGEM SUPERFICIAL","OK"))) -> OK
A25: 210ETO0290 | B25: C | C25: 16 | D25: 17 | E25: =D25-C25 -> 1 | F25: X | K25: X | M25: PONTO CRITICO KM- 16,7 | N25: =IF(COUNTA(F25:L25)=0,"— não preenchido",IF(COUNTIF(F25:I25,"X")<>1,"FALTA/DUPLA: CONDIÇÃO DA PLATAFORMA",IF(COUNTIF(J25:L25,"X")<>1,"FALTA/DUPLA: DRENAGEM SUPERFICIAL","OK"))) -> OK
A26: 210ETO0290 | B26: C | C26: 17 | D26: 18 | E26: =D26-C26 -> 1 | F26: X | K26: X | M26: PONTO CRITICO KM- 16,7 | N26: =IF(COUNTA(F26:L26)=0,"— não preenchido",IF(COUNTIF(F26:I26,"X")<>1,"FALTA/DUPLA: CONDIÇÃO DA PLATAFORMA",IF(COUNTIF(J26:L26,"X")<>1,"FALTA/DUPLA: DRENAGEM SUPERFICIAL","OK"))) -> OK
A27: 210ETO0290 | B27: C | C27: 18 | D27: 19 | E27: =D27-C27 -> 1 | G27: X | J27: X | M27: PONTE DE CONCRETO KM-22,4 ( 4.45 / 30,30 ) | N27: =IF(COUNTA(F27:L27)=0,"— não preenchido",IF(COUNTIF(F27:I27,"X")<>1,"FALTA/DUPLA: CONDIÇÃO DA PLATAFORMA",IF(COUNTIF(J27:L27,"X")<>1,"FALTA/DUPLA: DRENAGEM SUPERFICIAL","OK"))) -> OK
A28: 210ETO0290 | B28: C | C28: 19 | D28: 20 | E28: =D28-C28 -> 1 | G28: X | J28: X | M28: PONTE DE CONCRETO KM-22,4 ( 4.45 / 30,30 ) | N28: =IF(COUNTA(F28:L28)=0,"— não preenchido",IF(COUNTIF(F28:I28,"X")<>1,"FALTA/DUPLA: CONDIÇÃO DA PLATAFORMA",IF(COUNTIF(J28:L28,"X")<>1,"FALTA/DUPLA: DRENAGEM SUPERFICIAL","OK"))) -> OK
A29: 210ETO0290 | B29: C | C29: 20 | D29: 21 | E29: =D29-C29 -> 1 | G29: X | J29: X | M29: PONTE DE CONCRETO KM-24,6 ( 4.45 / 12,10 ) | N29: =IF(COUNTA(F29:L29)=0,"— não preenchido",IF(COUNTIF(F29:I29,"X")<>1,"FALTA/DUPLA: CONDIÇÃO DA PLATAFORMA",IF(COUNTIF(J29:L29,"X")<>1,"FALTA/DUPLA: DRENAGEM SUPERFICIAL","OK"))) -> OK
A30: 210ETO0290 | B30: C | C30: 21 | D30: 22 | E30: =D30-C30 -> 1 | G30: X | J30: X | M30: PONTE DE CONCRETO KM-24,6 ( 4.45 / 12,10 ) | N30: =IF(COUNTA(F30:L30)=0,"— não preenchido",IF(COUNTIF(F30:I30,"X")<>1,"FALTA/DUPLA: CONDIÇÃO DA PLATAFORMA",IF(COUNTIF(J30:L30,"X")<>1,"FALTA/DUPLA: DRENAGEM SUPERFICIAL","OK"))) -> OK
A31: 210ETO0290 | B31: C | C31: 22 | D31: 23 | E31: =D31-C31 -> 1 | G31: X | J31: X | M31: BUEIRO SIMPLES KM-26,3 ( 0,70 / 0,70 ) | N31: =IF(COUNTA(F31:L31)=0,"— não preenchido",IF(COUNTIF(F31:I31,"X")<>1,"FALTA/DUPLA: CONDIÇÃO DA PLATAFORMA",IF(COUNTIF(J31:L31,"X")<>1,"FALTA/DUPLA: DRENAGEM SUPERFICIAL","OK"))) -> OK
A32: 210ETO0290 | B32: C | C32: 23 | D32: 24 | E32: =D32-C32 -> 1 | G32: X | J32: X | M32: BUEIRO SIMPLES KM-26,3 ( 0,70 / 0,70 ) | N32: =IF(COUNTA(F32:L32)=0,"— não preenchido",IF(COUNTIF(F32:I32,"X")<>1,"FALTA/DUPLA: CONDIÇÃO DA PLATAFORMA",IF(COUNTIF(J32:L32,"X")<>1,"FALTA/DUPLA: DRENAGEM SUPERFICIAL","OK"))) -> OK
A33: 210ETO0290 | B33: C | C33: 24 | D33: 25 | E33: =D33-C33 -> 1 | G33: X | J33: X | M33: BUEIRO SIMPLES KM-29,0 ( 1,10 / 1,10 ) ESTAR OBSTRUIDO | N33: =IF(COUNTA(F33:L33)=0,"— não preenchido",IF(COUNTIF(F33:I33,"X")<>1,"FALTA/DUPLA: CONDIÇÃO DA PLATAFORMA",IF(COUNTIF(J33:L33,"X")<>1,"FALTA/DUPLA: DRENAGEM SUPERFICIAL","OK"))) -> OK
A34: 210ETO0290 | B34: C | C34: 25 | D34: 26 | E34: =D34-C34 -> 1 | G34: X | J34: X | M34: BUEIRO SIMPLES KM-29,0 ( 1,10 / 1,10 ) ESTAR OBSTRUIDO | N34: =IF(COUNTA(F34:L34)=0,"— não preenchido",IF(COUNTIF(F34:I34,"X")<>1,"FALTA/DUPLA: CONDIÇÃO DA PLATAFORMA",IF(COUNTIF(J34:L34,"X")<>1,"FALTA/DUPLA: DRENAGEM SUPERFICIAL","OK"))) -> OK
A35: 210ETO0290 | B35: C | C35: 26 | D35: 27 | E35: =D35-C35 -> 1 | G35: X | J35: X | M35: PONTE DE CONCRETO KM-30,6 ( 4.45 / 11,0 ) | N35: =IF(COUNTA(F35:L35)=0,"— não preenchido",IF(COUNTIF(F35:I35,"X")<>1,"FALTA/DUPLA: CONDIÇÃO DA PLATAFORMA",IF(COUNTIF(J35:L35,"X")<>1,"FALTA/DUPLA: DRENAGEM SUPERFICIAL","OK"))) -> OK
A36: 210ETO0290 | B36: C | C36: 27 | D36: 28 | E36: =D36-C36 -> 1 | G36: X | J36: X | M36: PONTE DE CONCRETO KM-30,6 ( 4.45 / 11,0 ) | N36: =IF(COUNTA(F36:L36)=0,"— não preenchido",IF(COUNTIF(F36:I36,"X")<>1,"FALTA/DUPLA: CONDIÇÃO DA PLATAFORMA",IF(COUNTIF(J36:L36,"X")<>1,"FALTA/DUPLA: DRENAGEM SUPERFICIAL","OK"))) -> OK
A37: 210ETO0290 | B37: C | C37: 28 | D37: 29 | E37: =D37-C37 -> 1 | G37: X | J37: X | M37: BUEIRO DUPLO KM-31,6 (1,20 / 1,20) ESTAR OBSTRUIDO | N37: =IF(COUNTA(F37:L37)=0,"— não preenchido",IF(COUNTIF(F37:I37,"X")<>1,"FALTA/DUPLA: CONDIÇÃO DA PLATAFORMA",IF(COUNTIF(J37:L37,"X")<>1,"FALTA/DUPLA: DRENAGEM SUPERFICIAL","OK"))) -> OK
A38: 210ETO0290 | B38: C | C38: 29 | D38: 30 | E38: =D38-C38 -> 1 | G38: X | J38: X | M38: BUEIRO DUPLO KM-31,6 (1,20 / 1,20) ESTAR OBSTRUIDO | N38: =IF(COUNTA(F38:L38)=0,"— não preenchido",IF(COUNTIF(F38:I38,"X")<>1,"FALTA/DUPLA: CONDIÇÃO DA PLATAFORMA",IF(COUNTIF(J38:L38,"X")<>1,"FALTA/DUPLA: DRENAGEM SUPERFICIAL","OK"))) -> OK
... A40: 210ETO0290 | B40: C | C40: 31 | D40: 32 | E40: =D40-C40 -> 1 | G40: X | J40: X | M40: PONTE DE CONCRETO KM-33,4 ( 4.45 / 10,0 ) | N40: =IF(COUNTA(F40:L40)=0,"— não preenchido",IF(COUNTIF(F40:I40,"X")<>1,"FALTA/DUPLA: CONDIÇÃO DA PLATAFORMA",IF(COUNTIF(J40:L40,"X")<>1,"FALTA/DUPLA: DRENAGEM SUPERFICIAL","OK"))) -> OK
A41: 210ETO0290 | B41: C | C41: 32 | D41: 33 | E41: =D41-C41 -> 1 | F41: X | J41: X | N41: =IF(COUNTA(F41:L41)=0,"— não preenchido",IF(COUNTIF(F41:I41,"X")<>1,"FALTA/DUPLA: CONDIÇÃO DA PLATAFORMA",IF(COUNTIF(J41:L41,"X")<>1,"FALTA/DUPLA: DRENAGEM SUPERFICIAL","OK"))) -> OK
A42: 210ETO0290 | B42: C | C42: 33 | D42: 34 | E42: =D42-C42 -> 1 | F42: X | J42: X | N42: =IF(COUNTA(F42:L42)=0,"— não preenchido",IF(COUNTIF(F42:I42,"X")<>1,"FALTA/DUPLA: CONDIÇÃO DA PLATAFORMA",IF(COUNTIF(J42:L42,"X")<>1,"FALTA/DUPLA: DRENAGEM SUPERFICIAL","OK"))) -> OK
A43: 210ETO0290 | B43: C | C43: 34 | D43: 35 | E43: =D43-C43 -> 1 | G43: X | J43: X | N43: =IF(COUNTA(F43:L43)=0,"— não preenchido",IF(COUNTIF(F43:I43,"X")<>1,"FALTA/DUPLA: CONDIÇÃO DA PLATAFORMA",IF(COUNTIF(J43:L43,"X")<>1,"FALTA/DUPLA: DRENAGEM SUPERFICIAL","OK"))) -> OK
A44: 210ETO0290 | B44: C | C44: 35 | D44: 36 | E44: =D44-C44 -> 1 | G44: X | J44: X | N44: =IF(COUNTA(F44:L44)=0,"— não preenchido",IF(COUNTIF(F44:I44,"X")<>1,"FALTA/DUPLA: CONDIÇÃO DA PLATAFORMA",IF(COUNTIF(J44:L44,"X")<>1,"FALTA/DUPLA: DRENAGEM SUPERFICIAL","OK"))) -> OK
A45: 210ETO0290 | B45: C | C45: 36 | D45: 37 | E45: =D45-C45 -> 1 | F45: X | J45: X | N45: =IF(COUNTA(F45:L45)=0,"— não preenchido",IF(COUNTIF(F45:I45,"X")<>1,"FALTA/DUPLA: CONDIÇÃO DA PLATAFORMA",IF(COUNTIF(J45:L45,"X")<>1,"FALTA/DUPLA: DRENAGEM SUPERFICIAL","OK"))) -> OK
A46: 210ETO0290 | B46: C | C46: 37 | D46: 38 | E46: =D46-C46 -> 1 | F46: X | K46: X | N46: =IF(COUNTA(F46:L46)=0,"— não preenchido",IF(COUNTIF(F46:I46,"X")<>1,"FALTA/DUPLA: CONDIÇÃO DA PLATAFORMA",IF(COUNTIF(J46:L46,"X")<>1,"FALTA/DUPLA: DRENAGEM SUPERFICIAL","OK"))) -> OK
A47: 210ETO0290 | B47: C | C47: 38 | D47: 38.250855 | E47: =D47-C47 -> 0.25085465 | F47: X | K47: X | N47: =IF(COUNTA(F47:L47)=0,"— não preenchido",IF(COUNTIF(F47:I47,"X")<>1,"FALTA/DUPLA: CONDIÇÃO DA PLATAFORMA",IF(COUNTIF(J47:L47,"X")<>1,"FALTA/DUPLA: DRENAGEM SUPERFICIAL","OK"))) -> OK
A49: ____________________________________________ | G49: ____________________________________________
A50: TÉCNICO RESPONSÁVEL PELA INSPEÇÃO | G50: VISTO DA SUPERVISÃO
A52: RESUMO DO TRECHO — KM LANÇADO POR ITEM
A53: KM LANÇADO | F53: =SUMIF(F$9:F$47,"X",$E$9:$E$47) -> 10.250855 | G53: =SUMIF(G$9:G$47,"X",$E$9:$E$47) -> 28 | H53: =SUMIF(H$9:H$47,"X",$E$9:$E$47) -> 0 | I53: =SUMIF(I$9:I$47,"X",$E$9:$E$47) -> 0 | J53: =SUMIF(J$9:J$47,"X",$E$9:$E$47) -> 33 | K53: =SUMIF(K$9:K$47,"X",$E$9:$E$47) -> 3.2508546 | L53: =SUMIF(L$9:L$47,"X",$E$9:$E$47) -> 2
A54: % DA EXTENSÃO | F54: =IF($I56=0,0,F53/$I56) -> 0.26799021 | G54: =IF($I56=0,0,G53/$I56) -> 0.73200979 | H54: =IF($I56=0,0,H53/$I56) -> 0 | I54: =IF($I56=0,0,I53/$I56) -> 0 | J54: =IF($I56=0,0,J53/$I56) -> 0.86272582 | K54: =IF($I56=0,0,K53/$I56) -> 0.084987765 | L54: =IF($I56=0,0,L53/$I56) -> 0.052286413
A55: CONFERÊNCIA POR GRUPO | F55: =IF(SUM(F53:I53)=0,"— não preenchido",IF(ROUND(SUM(F53:I53)-$I56,3)=0,"OK — "&ROUND(SUM(F53:I53),3)&" km","ERRO — dif. de "&ROUND(SUM(F53:I53)-$I56,3)&" km")) -> OK — 38,251 km | J55: =IF(SUM(J53:L53)=0,"— não preenchido",IF(ROUND(SUM(J53:L53)-$I56,3)=0,"OK — "&ROUND(SUM(J53:L53),3)&" km","ERRO — dif. de "&ROUND(SUM(J53:L53)-$I56,3)&" km")) -> OK — 38,251 km
A56: EXTENSÃO TOTAL DO TRECHO | I56: =SUM(E9:E47) -> 38.250855 | M56: =COUNTIF(N9:N47,"OK")&" de "&COUNT($E$9:$E$47)&" linhas conferidas" -> 39 de 39 linhas conferidas
A58: LEGENDA
A59: REGULAR | E59: Até 10 irregularidades por km
A60: RUIM | E60: Mais de 10 irregularidades por km
A61: PÉSSIMA | E61: Atoleiro ou ponto crítico
A62: SIT. | E62: LEN = leito natural · EOP = em obras de pavimentação
A63: FAIXA AZUL | E63: Cabeçalho de cada S.R.E.: descrição, situação, jurisdição, extensão e coordenada de início.
A64: INÍCIO / FIM (KM) | E64: Contados de 0 até o fim de CADA S.R.E. Não é o marco quilométrico da rodovia.
A65: SENT. | E65: C = crescente · D = decrescente
A66: FAIXA CINZA | E66: Segmento fora do escopo do contrato: você passa por ele, mas não preenche.
A67: CÉLULA VERMELHA | E67: Mais de uma X no mesmo grupo. Apague uma delas.
A68: CONFERÊNCIA | E68: Só na tela, não sai impresso. Fica OK com uma X em cada grupo.

Sheet 25
A1: PROGRAMA DE MANUTENÇÃO RODOVIÁRIA — FICHA DE INSPEÇÃO — RODOVIAS NÃO PAVIMENTADAS | P1: Valores dos gráficos — troca 0 por N/D para a fatia não aparecer. Não editar.
A2: REGIÃO: 1 — TOCANTINÓPOLIS | D2: MÊS / ANO: | G2: DATA: | J2: TÉCNICO: | P2: =IF(F32=0,NA(),F32) -> 15.497344 | Q2: =IF(G32=0,NA(),G32) -> #N/A | R2: =IF(H32=0,NA(),H32) -> #N/A | S2: =IF(I32=0,NA(),I32) -> #N/A | T2: =IF(J32=0,NA(),J32) -> 15.497344 | U2: =IF(K32=0,NA(),K32) -> #N/A | V2: =IF(L32=0,NA(),L32) -> #N/A
A3: TRECHO 25 — RODOVIA TO-210 - TRECHO TOCANTINÓPOLIS - NAZARÉ | K3: EXTENSÃO: 16,242 km · 2 S.R.E.
A4: COMO PREENCHER: uma X em UMA coluna de cada grupo, por linha. Se houver mais de um defeito no mesmo km, marque o PREDOMINANTE e escreva o resto em OBSERVAÇÕES. A quilometragem é contada de 0 até o fim de CADA S.R.E. (não é o marco da rodovia).
A6: S.R.E. | B6: SENT. | C6: INÍCIO (KM) | D6: FIM (KM) | E6: EXT. (KM) | F6: CONDIÇÃO DA PLATAFORMA | J6: DRENAGEM SUPERFICIAL | M6: OBSERVAÇÕES | N6: CONFERÊNCIA (só na tela)
F7: BOM | G7: REGULAR | H7: RUIM | I7: PÉSSIMA | J7: LIMPA | K7: OBSTRUÍDA | L7: AUSENTE
A8: S.R.E. 210ETO0090 | ENTR.ACESSO A BR-230 - GROTA DE AREIA | LEN · Estadual · 14.497 km · início: -6.387043, -47.52959
A9: 210ETO0090 | B9: C | C9: 0 | D9: 1 | E9: =D9-C9 -> 1 | F9: X | J9: X | N9: =IF(COUNTA(F9:L9)=0,"— não preenchido",IF(COUNTIF(F9:I9,"X")<>1,"FALTA/DUPLA: CONDIÇÃO DA PLATAFORMA",IF(COUNTIF(J9:L9,"X")<>1,"FALTA/DUPLA: DRENAGEM SUPERFICIAL","OK"))) -> OK
A10: 210ETO0090 | B10: C | C10: 1 | D10: 2 | E10: =D10-C10 -> 1 | F10: X | J10: X | N10: =IF(COUNTA(F10:L10)=0,"— não preenchido",IF(COUNTIF(F10:I10,"X")<>1,"FALTA/DUPLA: CONDIÇÃO DA PLATAFORMA",IF(COUNTIF(J10:L10,"X")<>1,"FALTA/DUPLA: DRENAGEM SUPERFICIAL","OK"))) -> OK
A11: 210ETO0090 | B11: C | C11: 2 | D11: 3 | E11: =D11-C11 -> 1 | F11: X | J11: X | N11: =IF(COUNTA(F11:L11)=0,"— não preenchido",IF(COUNTIF(F11:I11,"X")<>1,"FALTA/DUPLA: CONDIÇÃO DA PLATAFORMA",IF(COUNTIF(J11:L11,"X")<>1,"FALTA/DUPLA: DRENAGEM SUPERFICIAL","OK"))) -> OK
A12: 210ETO0090 | B12: C | C12: 3 | D12: 4 | E12: =D12-C12 -> 1 | F12: X | J12: X | N12: =IF(COUNTA(F12:L12)=0,"— não preenchido",IF(COUNTIF(F12:I12,"X")<>1,"FALTA/DUPLA: CONDIÇÃO DA PLATAFORMA",IF(COUNTIF(J12:L12,"X")<>1,"FALTA/DUPLA: DRENAGEM SUPERFICIAL","OK"))) -> OK
A13: 210ETO0090 | B13: C | C13: 4 | D13: 5 | E13: =D13-C13 -> 1 | F13: X | J13: X | M13: BUEIRO SIMPLES KM-6,5 ( 1,20/ 1,20 ) | N13: =IF(COUNTA(F13:L13)=0,"— não preenchido",IF(COUNTIF(F13:I13,"X")<>1,"FALTA/DUPLA: CONDIÇÃO DA PLATAFORMA",IF(COUNTIF(J13:L13,"X")<>1,"FALTA/DUPLA: DRENAGEM SUPERFICIAL","OK"))) -> OK
A14: 210ETO0090 | B14: C | C14: 5 | D14: 6 | E14: =D14-C14 -> 1 | F14: X | J14: X | M14: BUEIRO SIMPLES KM-6,5 ( 1,20/ 1,20 ) | N14: =IF(COUNTA(F14:L14)=0,"— não preenchido",IF(COUNTIF(F14:I14,"X")<>1,"FALTA/DUPLA: CONDIÇÃO DA PLATAFORMA",IF(COUNTIF(J14:L14,"X")<>1,"FALTA/DUPLA: DRENAGEM SUPERFICIAL","OK"))) -> OK
A15: 210ETO0090 | B15: C | C15: 6 | D15: 7 | E15: =D15-C15 -> 1 | F15: X | J15: X | M15: BUEIRO DUPLO KM-7,5 (1,20 / 1,20) | N15: =IF(COUNTA(F15:L15)=0,"— não preenchido",IF(COUNTIF(F15:I15,"X")<>1,"FALTA/DUPLA: CONDIÇÃO DA PLATAFORMA",IF(COUNTIF(J15:L15,"X")<>1,"FALTA/DUPLA: DRENAGEM SUPERFICIAL","OK"))) -> OK
A16: 210ETO0090 | B16: C | C16: 7 | D16: 8 | E16: =D16-C16 -> 1 | F16: X | J16: X | M16: BUEIRO DUPLO KM-7,5 (1,20 / 1,20) | N16: =IF(COUNTA(F16:L16)=0,"— não preenchido",IF(COUNTIF(F16:I16,"X")<>1,"FALTA/DUPLA: CONDIÇÃO DA PLATAFORMA",IF(COUNTIF(J16:L16,"X")<>1,"FALTA/DUPLA: DRENAGEM SUPERFICIAL","OK"))) -> OK
A17: 210ETO0090 | B17: C | C17: 8 | D17: 9 | E17: =D17-C17 -> 1 | F17: X | J17: X | M17: PONTE DE CONCRETO KM-8,4 ( 4.45 / 30,0 ) | N17: =IF(COUNTA(F17:L17)=0,"— não preenchido",IF(COUNTIF(F17:I17,"X")<>1,"FALTA/DUPLA: CONDIÇÃO DA PLATAFORMA",IF(COUNTIF(J17:L17,"X")<>1,"FALTA/DUPLA: DRENAGEM SUPERFICIAL","OK"))) -> OK
A18: 210ETO0090 | B18: C | C18: 9 | D18: 10 | E18: =D18-C18 -> 1 | F18: X | J18: X | M18: PONTE DE CONCRETO KM-8,4 ( 4.45 / 30,0 ) | N18: =IF(COUNTA(F18:L18)=0,"— não preenchido",IF(COUNTIF(F18:I18,"X")<>1,"FALTA/DUPLA: CONDIÇÃO DA PLATAFORMA",IF(COUNTIF(J18:L18,"X")<>1,"FALTA/DUPLA: DRENAGEM SUPERFICIAL","OK"))) -> OK
A19: 210ETO0090 | B19: C | C19: 10 | D19: 11 | E19: =D19-C19 -> 1 | F19: X | J19: X | N19: =IF(COUNTA(F19:L19)=0,"— não preenchido",IF(COUNTIF(F19:I19,"X")<>1,"FALTA/DUPLA: CONDIÇÃO DA PLATAFORMA",IF(COUNTIF(J19:L19,"X")<>1,"FALTA/DUPLA: DRENAGEM SUPERFICIAL","OK"))) -> OK
A20: 210ETO0090 | B20: C | C20: 11 | D20: 12 | E20: =D20-C20 -> 1 | F20: X | J20: X | N20: =IF(COUNTA(F20:L20)=0,"— não preenchido",IF(COUNTIF(F20:I20,"X")<>1,"FALTA/DUPLA: CONDIÇÃO DA PLATAFORMA",IF(COUNTIF(J20:L20,"X")<>1,"FALTA/DUPLA: DRENAGEM SUPERFICIAL","OK"))) -> OK
A21: 210ETO0090 | B21: C | C21: 12 | D21: 13 | E21: =D21-C21 -> 1 | F21: X | J21: X | M21: BUEIRO SIMPLES KM-10,3 ( 1,10/ 1,10 ) | N21: =IF(COUNTA(F21:L21)=0,"— não preenchido",IF(COUNTIF(F21:I21,"X")<>1,"FALTA/DUPLA: CONDIÇÃO DA PLATAFORMA",IF(COUNTIF(J21:L21,"X")<>1,"FALTA/DUPLA: DRENAGEM SUPERFICIAL","OK"))) -> OK
A22: 210ETO0090 | B22: C | C22: 13 | D22: 14 | E22: =D22-C22 -> 1 | F22: X | J22: X | M22: BUEIRO SIMPLES KM-10,3 ( 1,10/ 1,10 ) | N22: =IF(COUNTA(F22:L22)=0,"— não preenchido",IF(COUNTIF(F22:I22,"X")<>1,"FALTA/DUPLA: CONDIÇÃO DA PLATAFORMA",IF(COUNTIF(J22:L22,"X")<>1,"FALTA/DUPLA: DRENAGEM SUPERFICIAL","OK"))) -> OK
A23: 210ETO0090 | B23: C | C23: 14 | D23: 14.497344 | E23: =D23-C23 -> 0.49734412 | F23: X | J23: X | M23: BUEIRO SIMPLES KM-10,9 ( 1,20/ 1,20 ) | N23: =IF(COUNTA(F23:L23)=0,"— não preenchido",IF(COUNTIF(F23:I23,"X")<>1,"FALTA/DUPLA: CONDIÇÃO DA PLATAFORMA",IF(COUNTIF(J23:L23,"X")<>1,"FALTA/DUPLA: DRENAGEM SUPERFICIAL","OK"))) -> OK
A24: S.R.E. 210ETO0100 | GROTA DE AREIRA - NAZARÉ *TRECHO URBANO* | LEN · Estadual · 1.745 km · início: -6.39176, -47.644297
A25: 210ETO0100 | B25: C | C25: 0 | D25: 1 | E25: =D25-C25 -> 1 | F25: X | J25: X | M25: BUEIRO SIMPLES KM-10,9 ( 1,20/ 1,20 ) | N25: =IF(COUNTA(F25:L25)=0,"— não preenchido",IF(COUNTIF(F25:I25,"X")<>1,"FALTA/DUPLA: CONDIÇÃO DA PLATAFORMA",IF(COUNTIF(J25:L25,"X")<>1,"FALTA/DUPLA: DRENAGEM SUPERFICIAL","OK"))) -> OK
A26: 210ETO0100 | B26: C | C26: 1 | D26: 1.7447458 | E26: =D26-C26 -> 0.74474578 | N26: =IF(COUNTA(F26:L26)=0,"— não preenchido",IF(COUNTIF(F26:I26,"X")<>1,"FALTA/DUPLA: CONDIÇÃO DA PLATAFORMA",IF(COUNTIF(J26:L26,"X")<>1,"FALTA/DUPLA: DRENAGEM SUPERFICIAL","OK"))) -> — não preenchido
A28: ____________________________________________ | G28: ____________________________________________
A29: TÉCNICO RESPONSÁVEL PELA INSPEÇÃO | G29: VISTO DA SUPERVISÃO
A31: RESUMO DO TRECHO — KM LANÇADO POR ITEM
A32: KM LANÇADO | F32: =SUMIF(F$9:F$26,"X",$E$9:$E$26) -> 15.497344 | G32: =SUMIF(G$9:G$26,"X",$E$9:$E$26) -> 0 | H32: =SUMIF(H$9:H$26,"X",$E$9:$E$26) -> 0 | I32: =SUMIF(I$9:I$26,"X",$E$9:$E$26) -> 0 | J32: =SUMIF(J$9:J$26,"X",$E$9:$E$26) -> 15.497344 | K32: =SUMIF(K$9:K$26,"X",$E$9:$E$26) -> 0 | L32: =SUMIF(L$9:L$26,"X",$E$9:$E$26) -> 0
A33: % DA EXTENSÃO | F33: =IF($I35=0,0,F32/$I35) -> 0.95414717 | G33: =IF($I35=0,0,G32/$I35) -> 0 | H33: =IF($I35=0,0,H32/$I35) -> 0 | I33: =IF($I35=0,0,I32/$I35) -> 0 | J33: =IF($I35=0,0,J32/$I35) -> 0.95414717 | K33: =IF($I35=0,0,K32/$I35) -> 0 | L33: =IF($I35=0,0,L32/$I35) -> 0
A34: CONFERÊNCIA POR GRUPO | F34: =IF(SUM(F32:I32)=0,"— não preenchido",IF(ROUND(SUM(F32:I32)-$I35,3)=0,"OK — "&ROUND(SUM(F32:I32),3)&" km","ERRO — dif. de "&ROUND(SUM(F32:I32)-$I35,3)&" km")) -> ERRO — dif. de -0,745 km | J34: =IF(SUM(J32:L32)=0,"— não preenchido",IF(ROUND(SUM(J32:L32)-$I35,3)=0,"OK — "&ROUND(SUM(J32:L32),3)&" km","ERRO — dif. de "&ROUND(SUM(J32:L32)-$I35,3)&" km")) -> ERRO — dif. de -0,745 km
A35: EXTENSÃO TOTAL DO TRECHO | I35: =SUM(E9:E26) -> 16.24209 | M35: =COUNTIF(N9:N26,"OK")&" de "&COUNT($E$9:$E$26)&" linhas conferidas" -> 16 de 17 linhas conferidas
A37: LEGENDA
A38: REGULAR | E38: Até 10 irregularidades por km
A39: RUIM | E39: Mais de 10 irregularidades por km
A40: PÉSSIMA | E40: Atoleiro ou ponto crítico
A41: SIT. | E41: LEN = leito natural · EOP = em obras de pavimentação
A42: FAIXA AZUL | E42: Cabeçalho de cada S.R.E.: descrição, situação, jurisdição, extensão e coordenada de início.
A43: INÍCIO / FIM (KM) | E43: Contados de 0 até o fim de CADA S.R.E. Não é o marco quilométrico da rodovia.
A44: SENT. | E44: C = crescente · D = decrescente
A45: FAIXA CINZA | E45: Segmento fora do escopo do contrato: você passa por ele, mas não preenche.
A46: CÉLULA VERMELHA | E46: Mais de uma X no mesmo grupo. Apague uma delas.
A47: CONFERÊNCIA | E47: Só na tela, não sai impresso. Fica OK com uma X em cada grupo.

Sheet 26
A1: PROGRAMA DE MANUTENÇÃO RODOVIÁRIA — FICHA DE INSPEÇÃO — RODOVIAS NÃO PAVIMENTADAS | P1: Valores dos gráficos — troca 0 por N/D para a fatia não aparecer. Não editar.
A2: REGIÃO: 1 — TOCANTINÓPOLIS | D2: MÊS / ANO: | G2: DATA: | J2: TÉCNICO: | P2: =IF(F29=0,NA(),F29) -> 3 | Q2: =IF(G29=0,NA(),G29) -> 11.274653 | R2: =IF(H29=0,NA(),H29) -> #N/A | S2: =IF(I29=0,NA(),I29) -> #N/A | T2: =IF(J29=0,NA(),J29) -> #N/A | U2: =IF(K29=0,NA(),K29) -> 14.274653 | V2: =IF(L29=0,NA(),L29) -> #N/A
A3: TRECHO 26 — RODOVIA TO-402 - TRECHO DIVISA TO-MA (VILA JURANDIR BELIZARIO) - ENTR. TO-201 | K3: EXTENSÃO: 14,275 km · 1 S.R.E.
A4: COMO PREENCHER: uma X em UMA coluna de cada grupo, por linha. Se houver mais de um defeito no mesmo km, marque o PREDOMINANTE e escreva o resto em OBSERVAÇÕES. A quilometragem é contada de 0 até o fim de CADA S.R.E. (não é o marco da rodovia).
A6: S.R.E. | B6: SENT. | C6: INÍCIO (KM) | D6: FIM (KM) | E6: EXT. (KM) | F6: CONDIÇÃO DA PLATAFORMA | J6: DRENAGEM SUPERFICIAL | M6: OBSERVAÇÕES | N6: CONFERÊNCIA (só na tela)
F7: BOM | G7: REGULAR | H7: RUIM | I7: PÉSSIMA | J7: LIMPA | K7: OBSTRUÍDA | L7: AUSENTE
A8: S.R.E. 402ETO0010 | DIVISA TO-MA - VILA JURANDIR BELIZARIO - ENTR. TO-201 | LEN · Estadual · 14.275 km · início: -5.29099, -48.427307
A9: 402ETO0010 | B9: C | C9: 0 | D9: 1 | E9: =D9-C9 -> 1 | F9: X | K9: X | N9: =IF(COUNTA(F9:L9)=0,"— não preenchido",IF(COUNTIF(F9:I9,"X")<>1,"FALTA/DUPLA: CONDIÇÃO DA PLATAFORMA",IF(COUNTIF(J9:L9,"X")<>1,"FALTA/DUPLA: DRENAGEM SUPERFICIAL","OK"))) -> OK
A10: 402ETO0010 | B10: C | C10: 1 | D10: 2 | E10: =D10-C10 -> 1 | F10: X | K10: X | N10: =IF(COUNTA(F10:L10)=0,"— não preenchido",IF(COUNTIF(F10:I10,"X")<>1,"FALTA/DUPLA: CONDIÇÃO DA PLATAFORMA",IF(COUNTIF(J10:L10,"X")<>1,"FALTA/DUPLA: DRENAGEM SUPERFICIAL","OK"))) -> OK
A11: 402ETO0010 | B11: C | C11: 2 | D11: 3 | E11: =D11-C11 -> 1 | F11: X | K11: X | N11: =IF(COUNTA(F11:L11)=0,"— não preenchido",IF(COUNTIF(F11:I11,"X")<>1,"FALTA/DUPLA: CONDIÇÃO DA PLATAFORMA",IF(COUNTIF(J11:L11,"X")<>1,"FALTA/DUPLA: DRENAGEM SUPERFICIAL","OK"))) -> OK
A12: 402ETO0010 | B12: C | C12: 3 | D12: 4 | E12: =D12-C12 -> 1 | G12: X | K12: X | N12: =IF(COUNTA(F12:L12)=0,"— não preenchido",IF(COUNTIF(F12:I12,"X")<>1,"FALTA/DUPLA: CONDIÇÃO DA PLATAFORMA",IF(COUNTIF(J12:L12,"X")<>1,"FALTA/DUPLA: DRENAGEM SUPERFICIAL","OK"))) -> OK
A13: 402ETO0010 | B13: C | C13: 4 | D13: 5 | E13: =D13-C13 -> 1 | G13: X | K13: X | N13: =IF(COUNTA(F13:L13)=0,"— não preenchido",IF(COUNTIF(F13:I13,"X")<>1,"FALTA/DUPLA: CONDIÇÃO DA PLATAFORMA",IF(COUNTIF(J13:L13,"X")<>1,"FALTA/DUPLA: DRENAGEM SUPERFICIAL","OK"))) -> OK
A14: 402ETO0010 | B14: C | C14: 5 | D14: 6 | E14: =D14-C14 -> 1 | G14: X | K14: X | N14: =IF(COUNTA(F14:L14)=0,"— não preenchido",IF(COUNTIF(F14:I14,"X")<>1,"FALTA/DUPLA: CONDIÇÃO DA PLATAFORMA",IF(COUNTIF(J14:L14,"X")<>1,"FALTA/DUPLA: DRENAGEM SUPERFICIAL","OK"))) -> OK
A15: 402ETO0010 | B15: C | C15: 6 | D15: 7 | E15: =D15-C15 -> 1 | G15: X | K15: X | N15: =IF(COUNTA(F15:L15)=0,"— não preenchido",IF(COUNTIF(F15:I15,"X")<>1,"FALTA/DUPLA: CONDIÇÃO DA PLATAFORMA",IF(COUNTIF(J15:L15,"X")<>1,"FALTA/DUPLA: DRENAGEM SUPERFICIAL","OK"))) -> OK
A16: 402ETO0010 | B16: C | C16: 7 | D16: 8 | E16: =D16-C16 -> 1 | G16: X | K16: X | N16: =IF(COUNTA(F16:L16)=0,"— não preenchido",IF(COUNTIF(F16:I16,"X")<>1,"FALTA/DUPLA: CONDIÇÃO DA PLATAFORMA",IF(COUNTIF(J16:L16,"X")<>1,"FALTA/DUPLA: DRENAGEM SUPERFICIAL","OK"))) -> OK
A17: 402ETO0010 | B17: C | C17: 8 | D17: 9 | E17: =D17-C17 -> 1 | G17: X | K17: X | N17: =IF(COUNTA(F17:L17)=0,"— não preenchido",IF(COUNTIF(F17:I17,"X")<>1,"FALTA/DUPLA: CONDIÇÃO DA PLATAFORMA",IF(COUNTIF(J17:L17,"X")<>1,"FALTA/DUPLA: DRENAGEM SUPERFICIAL","OK"))) -> OK
A18: 402ETO0010 | B18: C | C18: 9 | D18: 10 | E18: =D18-C18 -> 1 | G18: X | K18: X | N18: =IF(COUNTA(F18:L18)=0,"— não preenchido",IF(COUNTIF(F18:I18,"X")<>1,"FALTA/DUPLA: CONDIÇÃO DA PLATAFORMA",IF(COUNTIF(J18:L18,"X")<>1,"FALTA/DUPLA: DRENAGEM SUPERFICIAL","OK"))) -> OK
A19: 402ETO0010 | B19: C | C19: 10 | D19: 11 | E19: =D19-C19 -> 1 | G19: X | K19: X | N19: =IF(COUNTA(F19:L19)=0,"— não preenchido",IF(COUNTIF(F19:I19,"X")<>1,"FALTA/DUPLA: CONDIÇÃO DA PLATAFORMA",IF(COUNTIF(J19:L19,"X")<>1,"FALTA/DUPLA: DRENAGEM SUPERFICIAL","OK"))) -> OK
A20: 402ETO0010 | B20: C | C20: 11 | D20: 12 | E20: =D20-C20 -> 1 | G20: X | K20: X | N20: =IF(COUNTA(F20:L20)=0,"— não preenchido",IF(COUNTIF(F20:I20,"X")<>1,"FALTA/DUPLA: CONDIÇÃO DA PLATAFORMA",IF(COUNTIF(J20:L20,"X")<>1,"FALTA/DUPLA: DRENAGEM SUPERFICIAL","OK"))) -> OK
A21: 402ETO0010 | B21: C | C21: 12 | D21: 13 | E21: =D21-C21 -> 1 | G21: X | K21: X | N21: =IF(COUNTA(F21:L21)=0,"— não preenchido",IF(COUNTIF(F21:I21,"X")<>1,"FALTA/DUPLA: CONDIÇÃO DA PLATAFORMA",IF(COUNTIF(J21:L21,"X")<>1,"FALTA/DUPLA: DRENAGEM SUPERFICIAL","OK"))) -> OK
A22: 402ETO0010 | B22: C | C22: 13 | D22: 14 | E22: =D22-C22 -> 1 | G22: X | K22: X | N22: =IF(COUNTA(F22:L22)=0,"— não preenchido",IF(COUNTIF(F22:I22,"X")<>1,"FALTA/DUPLA: CONDIÇÃO DA PLATAFORMA",IF(COUNTIF(J22:L22,"X")<>1,"FALTA/DUPLA: DRENAGEM SUPERFICIAL","OK"))) -> OK
A23: 402ETO0010 | B23: C | C23: 14 | D23: 14.274653 | E23: =D23-C23 -> 0.27465329 | G23: X | K23: X | N23: =IF(COUNTA(F23:L23)=0,"— não preenchido",IF(COUNTIF(F23:I23,"X")<>1,"FALTA/DUPLA: CONDIÇÃO DA PLATAFORMA",IF(COUNTIF(J23:L23,"X")<>1,"FALTA/DUPLA: DRENAGEM SUPERFICIAL","OK"))) -> OK
A25: ____________________________________________ | G25: ____________________________________________
A26: TÉCNICO RESPONSÁVEL PELA INSPEÇÃO | G26: VISTO DA SUPERVISÃO
A28: RESUMO DO TRECHO — KM LANÇADO POR ITEM
A29: KM LANÇADO | F29: =SUMIF(F$9:F$23,"X",$E$9:$E$23) -> 3 | G29: =SUMIF(G$9:G$23,"X",$E$9:$E$23) -> 11.274653 | H29: =SUMIF(H$9:H$23,"X",$E$9:$E$23) -> 0 | I29: =SUMIF(I$9:I$23,"X",$E$9:$E$23) -> 0 | J29: =SUMIF(J$9:J$23,"X",$E$9:$E$23) -> 0 | K29: =SUMIF(K$9:K$23,"X",$E$9:$E$23) -> 14.274653 | L29: =SUMIF(L$9:L$23,"X",$E$9:$E$23) -> 0
A30: % DA EXTENSÃO | F30: =IF($I32=0,0,F29/$I32) -> 0.21016272 | G30: =IF($I32=0,0,G29/$I32) -> 0.78983728 | H30: =IF($I32=0,0,H29/$I32) -> 0 | I30: =IF($I32=0,0,I29/$I32) -> 0 | J30: =IF($I32=0,0,J29/$I32) -> 0 | K30: =IF($I32=0,0,K29/$I32) -> 1 | L30: =IF($I32=0,0,L29/$I32) -> 0
A31: CONFERÊNCIA POR GRUPO | F31: =IF(SUM(F29:I29)=0,"— não preenchido",IF(ROUND(SUM(F29:I29)-$I32,3)=0,"OK — "&ROUND(SUM(F29:I29),3)&" km","ERRO — dif. de "&ROUND(SUM(F29:I29)-$I32,3)&" km")) -> OK — 14,275 km | J31: =IF(SUM(J29:L29)=0,"— não preenchido",IF(ROUND(SUM(J29:L29)-$I32,3)=0,"OK — "&ROUND(SUM(J29:L29),3)&" km","ERRO — dif. de "&ROUND(SUM(J29:L29)-$I32,3)&" km")) -> OK — 14,275 km
A32: EXTENSÃO TOTAL DO TRECHO | I32: =SUM(E9:E23) -> 14.274653 | M32: =COUNTIF(N9:N23,"OK")&" de "&COUNT($E$9:$E$23)&" linhas conferidas" -> 15 de 15 linhas conferidas
A34: LEGENDA
A35: REGULAR | E35: Até 10 irregularidades por km
A36: RUIM | E36: Mais de 10 irregularidades por km
A37: PÉSSIMA | E37: Atoleiro ou ponto crítico
A38: SIT. | E38: LEN = leito natural · EOP = em obras de pavimentação
A39: FAIXA AZUL | E39: Cabeçalho de cada S.R.E.: descrição, situação, jurisdição, extensão e coordenada de início.
A40: INÍCIO / FIM (KM) | E40: Contados de 0 até o fim de CADA S.R.E. Não é o marco quilométrico da rodovia.
A41: SENT. | E41: C = crescente · D = decrescente
A42: FAIXA CINZA | E42: Segmento fora do escopo do contrato: você passa por ele, mas não preenche.
A43: CÉLULA VERMELHA | E43: Mais de uma X no mesmo grupo. Apague uma delas.
A44: CONFERÊNCIA | E44: Só na tela, não sai impresso. Fica OK com uma X em cada grupo.

Sheet 27
A1: PROGRAMA DE MANUTENÇÃO RODOVIÁRIA — FICHA DE INSPEÇÃO — RODOVIAS NÃO PAVIMENTADAS | P1: Valores dos gráficos — troca 0 por N/D para a fatia não aparecer. Não editar.
A2: REGIÃO: 1 — TOCANTINÓPOLIS | D2: MÊS / ANO: | G2: DATA: | J2: TÉCNICO: | P2: =IF(F35=0,NA(),F35) -> 6 | Q2: =IF(G35=0,NA(),G35) -> 11.219656 | R2: =IF(H35=0,NA(),H35) -> 2 | S2: =IF(I35=0,NA(),I35) -> #N/A | T2: =IF(J35=0,NA(),J35) -> 10.557072 | U2: =IF(K35=0,NA(),K35) -> 6 | V2: =IF(L35=0,NA(),L35) -> 2.6625836
A3: TRECHO 27 — RODOVIA TO-403 - TRECHO CARRASCO BONITO - SAMPAIO | K3: EXTENSÃO: 19,220 km · 2 S.R.E.
A4: COMO PREENCHER: uma X em UMA coluna de cada grupo, por linha. Se houver mais de um defeito no mesmo km, marque o PREDOMINANTE e escreva o resto em OBSERVAÇÕES. A quilometragem é contada de 0 até o fim de CADA S.R.E. (não é o marco da rodovia).
A6: S.R.E. | B6: SENT. | C6: INÍCIO (KM) | D6: FIM (KM) | E6: EXT. (KM) | F6: CONDIÇÃO DA PLATAFORMA | J6: DRENAGEM SUPERFICIAL | M6: OBSERVAÇÕES | N6: CONFERÊNCIA (só na tela)
F7: BOM | G7: REGULAR | H7: RUIM | I7: PÉSSIMA | J7: LIMPA | K7: OBSTRUÍDA | L7: AUSENTE
A8: S.R.E. 403ETO0010 | CARRASCO BONITO *TRECHO URBANO* - CACHIADO | LEN · Estadual · 11.557 km · início: -5.323608, -48.032388
A9: 403ETO0010 | B9: C | C9: 0 | D9: 1 | E9: =D9-C9 -> 1 | G9: X | J9: X | M9: PONTE DE CONCRETO KM-0,400 (4.45/12.0) | N9: =IF(COUNTA(F9:L9)=0,"— não preenchido",IF(COUNTIF(F9:I9,"X")<>1,"FALTA/DUPLA: CONDIÇÃO DA PLATAFORMA",IF(COUNTIF(J9:L9,"X")<>1,"FALTA/DUPLA: DRENAGEM SUPERFICIAL","OK"))) -> OK
A10: 403ETO0010 | B10: C | C10: 1 | D10: 2 | E10: =D10-C10 -> 1 | G10: X | J10: X | M10: PONTE DE CONCRETO KM-0,400 (4.45/12.0) | N10: =IF(COUNTA(F10:L10)=0,"— não preenchido",IF(COUNTIF(F10:I10,"X")<>1,"FALTA/DUPLA: CONDIÇÃO DA PLATAFORMA",IF(COUNTIF(J10:L10,"X")<>1,"FALTA/DUPLA: DRENAGEM SUPERFICIAL","OK"))) -> OK
A11: 403ETO0010 | B11: C | C11: 2 | D11: 3 | E11: =D11-C11 -> 1 | F11: X | K11: X | M11: BUEIRO DUPLO KM-0,800 (0.70/0.70) | N11: =IF(COUNTA(F11:L11)=0,"— não preenchido",IF(COUNTIF(F11:I11,"X")<>1,"FALTA/DUPLA: CONDIÇÃO DA PLATAFORMA",IF(COUNTIF(J11:L11,"X")<>1,"FALTA/DUPLA: DRENAGEM SUPERFICIAL","OK"))) -> OK
A12: 403ETO0010 | B12: C | C12: 3 | D12: 4 | E12: =D12-C12 -> 1 | F12: X | K12: X | M12: BUEIRO DUPLO KM-0,800 (0.70/0.70) | N12: =IF(COUNTA(F12:L12)=0,"— não preenchido",IF(COUNTIF(F12:I12,"X")<>1,"FALTA/DUPLA: CONDIÇÃO DA PLATAFORMA",IF(COUNTIF(J12:L12,"X")<>1,"FALTA/DUPLA: DRENAGEM SUPERFICIAL","OK"))) -> OK
A13: 403ETO0010 | B13: C | C13: 4 | D13: 5 | E13: =D13-C13 -> 1 | F13: X | K13: X | M13: BUEIRO DUPLO KM-5,500 (2.00/2.00) | N13: =IF(COUNTA(F13:L13)=0,"— não preenchido",IF(COUNTIF(F13:I13,"X")<>1,"FALTA/DUPLA: CONDIÇÃO DA PLATAFORMA",IF(COUNTIF(J13:L13,"X")<>1,"FALTA/DUPLA: DRENAGEM SUPERFICIAL","OK"))) -> OK
A14: 403ETO0010 | B14: C | C14: 5 | D14: 6 | E14: =D14-C14 -> 1 | F14: X | K14: X | M14: BUEIRO DUPLO KM-5,500 (2.00/2.00) | N14: =IF(COUNTA(F14:L14)=0,"— não preenchido",IF(COUNTIF(F14:I14,"X")<>1,"FALTA/DUPLA: CONDIÇÃO DA PLATAFORMA",IF(COUNTIF(J14:L14,"X")<>1,"FALTA/DUPLA: DRENAGEM SUPERFICIAL","OK"))) -> OK
A15: 403ETO0010 | B15: C | C15: 6 | D15: 7 | E15: =D15-C15 -> 1 | G15: X | J15: X | N15: =IF(COUNTA(F15:L15)=0,"— não preenchido",IF(COUNTIF(F15:I15,"X")<>1,"FALTA/DUPLA: CONDIÇÃO DA PLATAFORMA",IF(COUNTIF(J15:L15,"X")<>1,"FALTA/DUPLA: DRENAGEM SUPERFICIAL","OK"))) -> OK
A16: 403ETO0010 | B16: C | C16: 7 | D16: 8 | E16: =D16-C16 -> 1 | G16: X | J16: X | N16: =IF(COUNTA(F16:L16)=0,"— não preenchido",IF(COUNTIF(F16:I16,"X")<>1,"FALTA/DUPLA: CONDIÇÃO DA PLATAFORMA",IF(COUNTIF(J16:L16,"X")<>1,"FALTA/DUPLA: DRENAGEM SUPERFICIAL","OK"))) -> OK
A17: 403ETO0010 | B17: C | C17: 8 | D17: 9 | E17: =D17-C17 -> 1 | H17: X | K17: X | N17: =IF(COUNTA(F17:L17)=0,"— não preenchido",IF(COUNTIF(F17:I17,"X")<>1,"FALTA/DUPLA: CONDIÇÃO DA PLATAFORMA",IF(COUNTIF(J17:L17,"X")<>1,"FALTA/DUPLA: DRENAGEM SUPERFICIAL","OK"))) -> OK
A18: 403ETO0010 | B18: C | C18: 9 | D18: 10 | E18: =D18-C18 -> 1 | H18: X | K18: X | N18: =IF(COUNTA(F18:L18)=0,"— não preenchido",IF(COUNTIF(F18:I18,"X")<>1,"FALTA/DUPLA: CONDIÇÃO DA PLATAFORMA",IF(COUNTIF(J18:L18,"X")<>1,"FALTA/DUPLA: DRENAGEM SUPERFICIAL","OK"))) -> OK
A19: 403ETO0010 | B19: C | C19: 10 | D19: 11 | E19: =D19-C19 -> 1 | G19: X | J19: X | N19: =IF(COUNTA(F19:L19)=0,"— não preenchido",IF(COUNTIF(F19:I19,"X")<>1,"FALTA/DUPLA: CONDIÇÃO DA PLATAFORMA",IF(COUNTIF(J19:L19,"X")<>1,"FALTA/DUPLA: DRENAGEM SUPERFICIAL","OK"))) -> OK
A20: 403ETO0010 | B20: C | C20: 11 | D20: 11.557072 | E20: =D20-C20 -> 0.55707206 | G20: X | J20: X | N20: =IF(COUNTA(F20:L20)=0,"— não preenchido",IF(COUNTIF(F20:I20,"X")<>1,"FALTA/DUPLA: CONDIÇÃO DA PLATAFORMA",IF(COUNTIF(J20:L20,"X")<>1,"FALTA/DUPLA: DRENAGEM SUPERFICIAL","OK"))) -> OK
A21: S.R.E. 403ETO0020 | CACHIADO - SAMPAIO *TRECHO URBANO* | LEN · Estadual · 7.663 km · início: -5.346844, -47.93838
A22: 403ETO0020 | B22: C | C22: 0 | D22: 1 | E22: =D22-C22 -> 1 | F22: X | J22: X | N22: =IF(COUNTA(F22:L22)=0,"— não preenchido",IF(COUNTIF(F22:I22,"X")<>1,"FALTA/DUPLA: CONDIÇÃO DA PLATAFORMA",IF(COUNTIF(J22:L22,"X")<>1,"FALTA/DUPLA: DRENAGEM SUPERFICIAL","OK"))) -> OK
A23: 403ETO0020 | B23: C | C23: 1 | D23: 2 | E23: =D23-C23 -> 1 | F23: X | J23: X | N23: =IF(COUNTA(F23:L23)=0,"— não preenchido",IF(COUNTIF(F23:I23,"X")<>1,"FALTA/DUPLA: CONDIÇÃO DA PLATAFORMA",IF(COUNTIF(J23:L23,"X")<>1,"FALTA/DUPLA: DRENAGEM SUPERFICIAL","OK"))) -> OK
A24: 403ETO0020 | B24: C | C24: 2 | D24: 3 | E24: =D24-C24 -> 1 | G24: X | J24: X | N24: =IF(COUNTA(F24:L24)=0,"— não preenchido",IF(COUNTIF(F24:I24,"X")<>1,"FALTA/DUPLA: CONDIÇÃO DA PLATAFORMA",IF(COUNTIF(J24:L24,"X")<>1,"FALTA/DUPLA: DRENAGEM SUPERFICIAL","OK"))) -> OK
A25: 403ETO0020 | B25: C | C25: 3 | D25: 4 | E25: =D25-C25 -> 1 | G25: X | J25: X | N25: =IF(COUNTA(F25:L25)=0,"— não preenchido",IF(COUNTIF(F25:I25,"X")<>1,"FALTA/DUPLA: CONDIÇÃO DA PLATAFORMA",IF(COUNTIF(J25:L25,"X")<>1,"FALTA/DUPLA: DRENAGEM SUPERFICIAL","OK"))) -> OK
A26: 403ETO0020 | B26: C | C26: 4 | D26: 5 | E26: =D26-C26 -> 1 | G26: X | J26: X | N26: =IF(COUNTA(F26:L26)=0,"— não preenchido",IF(COUNTIF(F26:I26,"X")<>1,"FALTA/DUPLA: CONDIÇÃO DA PLATAFORMA",IF(COUNTIF(J26:L26,"X")<>1,"FALTA/DUPLA: DRENAGEM SUPERFICIAL","OK"))) -> OK
A27: 403ETO0020 | B27: C | C27: 5 | D27: 6 | E27: =D27-C27 -> 1 | G27: X | L27: X | M27: PONTE DE CONCRETO KM-1,00 (3.40/24.00) | N27: =IF(COUNTA(F27:L27)=0,"— não preenchido",IF(COUNTIF(F27:I27,"X")<>1,"FALTA/DUPLA: CONDIÇÃO DA PLATAFORMA",IF(COUNTIF(J27:L27,"X")<>1,"FALTA/DUPLA: DRENAGEM SUPERFICIAL","OK"))) -> OK
A28: 403ETO0020 | B28: C | C28: 6 | D28: 7 | E28: =D28-C28 -> 1 | G28: X | L28: X | M28: PONTE DE CONCRETO KM-1,00 (3.40/24.00) | N28: =IF(COUNTA(F28:L28)=0,"— não preenchido",IF(COUNTIF(F28:I28,"X")<>1,"FALTA/DUPLA: CONDIÇÃO DA PLATAFORMA",IF(COUNTIF(J28:L28,"X")<>1,"FALTA/DUPLA: DRENAGEM SUPERFICIAL","OK"))) -> OK
A29: 403ETO0020 | B29: C | C29: 7 | D29: 7.6625836 | E29: =D29-C29 -> 0.66258364 | G29: X | L29: X | M29: PONTE DE MADEIRA KM-1,10 (4.30/4.40) | N29: =IF(COUNTA(F29:L29)=0,"— não preenchido",IF(COUNTIF(F29:I29,"X")<>1,"FALTA/DUPLA: CONDIÇÃO DA PLATAFORMA",IF(COUNTIF(J29:L29,"X")<>1,"FALTA/DUPLA: DRENAGEM SUPERFICIAL","OK"))) -> OK
A31: ____________________________________________ | G31: ____________________________________________
A32: TÉCNICO RESPONSÁVEL PELA INSPEÇÃO | G32: VISTO DA SUPERVISÃO
A34: RESUMO DO TRECHO — KM LANÇADO POR ITEM
A35: KM LANÇADO | F35: =SUMIF(F$9:F$29,"X",$E$9:$E$29) -> 6 | G35: =SUMIF(G$9:G$29,"X",$E$9:$E$29) -> 11.219656 | H35: =SUMIF(H$9:H$29,"X",$E$9:$E$29) -> 2 | I35: =SUMIF(I$9:I$29,"X",$E$9:$E$29) -> 0 | J35: =SUMIF(J$9:J$29,"X",$E$9:$E$29) -> 10.557072 | K35: =SUMIF(K$9:K$29,"X",$E$9:$E$29) -> 6 | L35: =SUMIF(L$9:L$29,"X",$E$9:$E$29) -> 2.6625836
A36: % DA EXTENSÃO | F36: =IF($I38=0,0,F35/$I38) -> 0.31218041 | G36: =IF($I38=0,0,G35/$I38) -> 0.58375945 | H36: =IF($I38=0,0,H35/$I38) -> 0.10406014 | I36: =IF($I38=0,0,I35/$I38) -> 0 | J36: =IF($I38=0,0,J35/$I38) -> 0.54928518 | K36: =IF($I38=0,0,K35/$I38) -> 0.31218041 | L36: =IF($I38=0,0,L35/$I38) -> 0.13853441
A37: CONFERÊNCIA POR GRUPO | F37: =IF(SUM(F35:I35)=0,"— não preenchido",IF(ROUND(SUM(F35:I35)-$I38,3)=0,"OK — "&ROUND(SUM(F35:I35),3)&" km","ERRO — dif. de "&ROUND(SUM(F35:I35)-$I38,3)&" km")) -> OK — 19,22 km | J37: =IF(SUM(J35:L35)=0,"— não preenchido",IF(ROUND(SUM(J35:L35)-$I38,3)=0,"OK — "&ROUND(SUM(J35:L35),3)&" km","ERRO — dif. de "&ROUND(SUM(J35:L35)-$I38,3)&" km")) -> OK — 19,22 km
A38: EXTENSÃO TOTAL DO TRECHO | I38: =SUM(E9:E29) -> 19.219656 | M38: =COUNTIF(N9:N29,"OK")&" de "&COUNT($E$9:$E$29)&" linhas conferidas" -> 20 de 20 linhas conferidas
A40: LEGENDA
A41: REGULAR | E41: Até 10 irregularidades por km
A42: RUIM | E42: Mais de 10 irregularidades por km
A43: PÉSSIMA | E43: Atoleiro ou ponto crítico
A44: SIT. | E44: LEN = leito natural · EOP = em obras de pavimentação
A45: FAIXA AZUL | E45: Cabeçalho de cada S.R.E.: descrição, situação, jurisdição, extensão e coordenada de início.
A46: INÍCIO / FIM (KM) | E46: Contados de 0 até o fim de CADA S.R.E. Não é o marco quilométrico da rodovia.
A47: SENT. | E47: C = crescente · D = decrescente
A48: FAIXA CINZA | E48: Segmento fora do escopo do contrato: você passa por ele, mas não preenche.
A49: CÉLULA VERMELHA | E49: Mais de uma X no mesmo grupo. Apague uma delas.
A50: CONFERÊNCIA | E50: Só na tela, não sai impresso. Fica OK com uma X em cada grupo.

Sheet 31
A1: PROGRAMA DE MANUTENÇÃO RODOVIÁRIA — FICHA DE INSPEÇÃO — RODOVIAS NÃO PAVIMENTADAS | P1: Valores dos gráficos — troca 0 por N/D para a fatia não aparecer. Não editar.
A2: REGIÃO: 1 — TOCANTINÓPOLIS | D2: MÊS / ANO: | G2: DATA: | J2: TÉCNICO: | P2: =IF(F55=0,NA(),F55) -> 4.6401054 | Q2: =IF(G55=0,NA(),G55) -> 31.315485 | R2: =IF(H55=0,NA(),H55) -> #N/A | S2: =IF(I55=0,NA(),I55) -> #N/A | T2: =IF(J55=0,NA(),J55) -> 22.545751 | U2: =IF(K55=0,NA(),K55) -> 13.409839 | V2: =IF(L55=0,NA(),L55) -> #N/A
A3: TRECHO 31 — RODOVIA TO-405 - TRECHO AXIXÁ DO TOCANTINS - ENTR. BR-230 | K3: EXTENSÃO: 35,956 km · 4 S.R.E.
A4: COMO PREENCHER: uma X em UMA coluna de cada grupo, por linha. Se houver mais de um defeito no mesmo km, marque o PREDOMINANTE e escreva o resto em OBSERVAÇÕES. A quilometragem é contada de 0 até o fim de CADA S.R.E. (não é o marco da rodovia).
A6: S.R.E. | B6: SENT. | C6: INÍCIO (KM) | D6: FIM (KM) | E6: EXT. (KM) | F6: CONDIÇÃO DA PLATAFORMA | J6: DRENAGEM SUPERFICIAL | M6: OBSERVAÇÕES | N6: CONFERÊNCIA (só na tela)
F7: BOM | G7: REGULAR | H7: RUIM | I7: PÉSSIMA | J7: LIMPA | K7: OBSTRUÍDA | L7: AUSENTE
A8: S.R.E. 405ETO0020 | AXIXA DO TOCANTINS *TRECHO URBANO* - TABUA | LEN · Estadual · 2.640 km · início: -5.616401, -47.775162
A9: 405ETO0020 | B9: C | C9: 0 | D9: 1 | E9: =D9-C9 -> 1 | F9: X | J9: X | N9: =IF(COUNTA(F9:L9)=0,"— não preenchido",IF(COUNTIF(F9:I9,"X")<>1,"FALTA/DUPLA: CONDIÇÃO DA PLATAFORMA",IF(COUNTIF(J9:L9,"X")<>1,"FALTA/DUPLA: DRENAGEM SUPERFICIAL","OK"))) -> OK
A10: 405ETO0020 | B10: C | C10: 1 | D10: 2 | E10: =D10-C10 -> 1 | F10: X | J10: X | N10: =IF(COUNTA(F10:L10)=0,"— não preenchido",IF(COUNTIF(F10:I10,"X")<>1,"FALTA/DUPLA: CONDIÇÃO DA PLATAFORMA",IF(COUNTIF(J10:L10,"X")<>1,"FALTA/DUPLA: DRENAGEM SUPERFICIAL","OK"))) -> OK
A11: 405ETO0020 | B11: C | C11: 2 | D11: 2.6401054 | E11: =D11-C11 -> 0.64010543 | F11: X | J11: X | N11: =IF(COUNTA(F11:L11)=0,"— não preenchido",IF(COUNTIF(F11:I11,"X")<>1,"FALTA/DUPLA: CONDIÇÃO DA PLATAFORMA",IF(COUNTIF(J11:L11,"X")<>1,"FALTA/DUPLA: DRENAGEM SUPERFICIAL","OK"))) -> OK
A12: S.R.E. 405ETO0030 | TABUA - GROTA DAGUA | LEN · Estadual · 4.906 km · início: -5.608377, -47.796231
A13: 405ETO0030 | B13: C | C13: 0 | D13: 1 | E13: =D13-C13 -> 1 | G13: X | J13: X | N13: =IF(COUNTA(F13:L13)=0,"— não preenchido",IF(COUNTIF(F13:I13,"X")<>1,"FALTA/DUPLA: CONDIÇÃO DA PLATAFORMA",IF(COUNTIF(J13:L13,"X")<>1,"FALTA/DUPLA: DRENAGEM SUPERFICIAL","OK"))) -> OK
A14: 405ETO0030 | B14: C | C14: 1 | D14: 2 | E14: =D14-C14 -> 1 | G14: X | J14: X | N14: =IF(COUNTA(F14:L14)=0,"— não preenchido",IF(COUNTIF(F14:I14,"X")<>1,"FALTA/DUPLA: CONDIÇÃO DA PLATAFORMA",IF(COUNTIF(J14:L14,"X")<>1,"FALTA/DUPLA: DRENAGEM SUPERFICIAL","OK"))) -> OK
A15: 405ETO0030 | B15: C | C15: 2 | D15: 3 | E15: =D15-C15 -> 1 | G15: X | J15: X | N15: =IF(COUNTA(F15:L15)=0,"— não preenchido",IF(COUNTIF(F15:I15,"X")<>1,"FALTA/DUPLA: CONDIÇÃO DA PLATAFORMA",IF(COUNTIF(J15:L15,"X")<>1,"FALTA/DUPLA: DRENAGEM SUPERFICIAL","OK"))) -> OK
A16: 405ETO0030 | B16: C | C16: 3 | D16: 4 | E16: =D16-C16 -> 1 | G16: X | J16: X | N16: =IF(COUNTA(F16:L16)=0,"— não preenchido",IF(COUNTIF(F16:I16,"X")<>1,"FALTA/DUPLA: CONDIÇÃO DA PLATAFORMA",IF(COUNTIF(J16:L16,"X")<>1,"FALTA/DUPLA: DRENAGEM SUPERFICIAL","OK"))) -> OK
A17: 405ETO0030 | B17: C | C17: 4 | D17: 4.9056458 | E17: =D17-C17 -> 0.90564581 | G17: X | J17: X | N17: =IF(COUNTA(F17:L17)=0,"— não preenchido",IF(COUNTIF(F17:I17,"X")<>1,"FALTA/DUPLA: CONDIÇÃO DA PLATAFORMA",IF(COUNTIF(J17:L17,"X")<>1,"FALTA/DUPLA: DRENAGEM SUPERFICIAL","OK"))) -> OK
A18: S.R.E. 405ETO0040 | GROTA DAGUA - CANTO DO BARREIRO | LEN · Estadual · 18.043 km · início: -5.637356, -47.827662
A19: 405ETO0040 | B19: C | C19: 0 | D19: 1 | E19: =D19-C19 -> 1 | F19: X | J19: X | N19: =IF(COUNTA(F19:L19)=0,"— não preenchido",IF(COUNTIF(F19:I19,"X")<>1,"FALTA/DUPLA: CONDIÇÃO DA PLATAFORMA",IF(COUNTIF(J19:L19,"X")<>1,"FALTA/DUPLA: DRENAGEM SUPERFICIAL","OK"))) -> OK
A20: 405ETO0040 | B20: C | C20: 1 | D20: 2 | E20: =D20-C20 -> 1 | F20: X | J20: X | N20: =IF(COUNTA(F20:L20)=0,"— não preenchido",IF(COUNTIF(F20:I20,"X")<>1,"FALTA/DUPLA: CONDIÇÃO DA PLATAFORMA",IF(COUNTIF(J20:L20,"X")<>1,"FALTA/DUPLA: DRENAGEM SUPERFICIAL","OK"))) -> OK
A21: 405ETO0040 | B21: C | C21: 2 | D21: 3 | E21: =D21-C21 -> 1 | G21: X | J21: X | N21: =IF(COUNTA(F21:L21)=0,"— não preenchido",IF(COUNTIF(F21:I21,"X")<>1,"FALTA/DUPLA: CONDIÇÃO DA PLATAFORMA",IF(COUNTIF(J21:L21,"X")<>1,"FALTA/DUPLA: DRENAGEM SUPERFICIAL","OK"))) -> OK
A22: 405ETO0040 | B22: C | C22: 3 | D22: 4 | E22: =D22-C22 -> 1 | G22: X | J22: X | N22: =IF(COUNTA(F22:L22)=0,"— não preenchido",IF(COUNTIF(F22:I22,"X")<>1,"FALTA/DUPLA: CONDIÇÃO DA PLATAFORMA",IF(COUNTIF(J22:L22,"X")<>1,"FALTA/DUPLA: DRENAGEM SUPERFICIAL","OK"))) -> OK
A23: 405ETO0040 | B23: C | C23: 4 | D23: 5 | E23: =D23-C23 -> 1 | G23: X | J23: X | N23: =IF(COUNTA(F23:L23)=0,"— não preenchido",IF(COUNTIF(F23:I23,"X")<>1,"FALTA/DUPLA: CONDIÇÃO DA PLATAFORMA",IF(COUNTIF(J23:L23,"X")<>1,"FALTA/DUPLA: DRENAGEM SUPERFICIAL","OK"))) -> OK
A24: 405ETO0040 | B24: C | C24: 5 | D24: 6 | E24: =D24-C24 -> 1 | G24: X | J24: X | N24: =IF(COUNTA(F24:L24)=0,"— não preenchido",IF(COUNTIF(F24:I24,"X")<>1,"FALTA/DUPLA: CONDIÇÃO DA PLATAFORMA",IF(COUNTIF(J24:L24,"X")<>1,"FALTA/DUPLA: DRENAGEM SUPERFICIAL","OK"))) -> OK
A25: 405ETO0040 | B25: C | C25: 6 | D25: 7 | E25: =D25-C25 -> 1 | G25: X | J25: X | N25: =IF(COUNTA(F25:L25)=0,"— não preenchido",IF(COUNTIF(F25:I25,"X")<>1,"FALTA/DUPLA: CONDIÇÃO DA PLATAFORMA",IF(COUNTIF(J25:L25,"X")<>1,"FALTA/DUPLA: DRENAGEM SUPERFICIAL","OK"))) -> OK
A26: 405ETO0040 | B26: C | C26: 7 | D26: 8 | E26: =D26-C26 -> 1 | G26: X | J26: X | N26: =IF(COUNTA(F26:L26)=0,"— não preenchido",IF(COUNTIF(F26:I26,"X")<>1,"FALTA/DUPLA: CONDIÇÃO DA PLATAFORMA",IF(COUNTIF(J26:L26,"X")<>1,"FALTA/DUPLA: DRENAGEM SUPERFICIAL","OK"))) -> OK
A27: 405ETO0040 | B27: C | C27: 8 | D27: 9 | E27: =D27-C27 -> 1 | G27: X | J27: X | N27: =IF(COUNTA(F27:L27)=0,"— não preenchido",IF(COUNTIF(F27:I27,"X")<>1,"FALTA/DUPLA: CONDIÇÃO DA PLATAFORMA",IF(COUNTIF(J27:L27,"X")<>1,"FALTA/DUPLA: DRENAGEM SUPERFICIAL","OK"))) -> OK
A28: 405ETO0040 | B28: C | C28: 9 | D28: 10 | E28: =D28-C28 -> 1 | G28: X | J28: X | N28: =IF(COUNTA(F28:L28)=0,"— não preenchido",IF(COUNTIF(F28:I28,"X")<>1,"FALTA/DUPLA: CONDIÇÃO DA PLATAFORMA",IF(COUNTIF(J28:L28,"X")<>1,"FALTA/DUPLA: DRENAGEM SUPERFICIAL","OK"))) -> OK
A29: 405ETO0040 | B29: C | C29: 10 | D29: 11 | E29: =D29-C29 -> 1 | G29: X | J29: X | N29: =IF(COUNTA(F29:L29)=0,"— não preenchido",IF(COUNTIF(F29:I29,"X")<>1,"FALTA/DUPLA: CONDIÇÃO DA PLATAFORMA",IF(COUNTIF(J29:L29,"X")<>1,"FALTA/DUPLA: DRENAGEM SUPERFICIAL","OK"))) -> OK
A30: 405ETO0040 | B30: C | C30: 11 | D30: 12 | E30: =D30-C30 -> 1 | G30: X | J30: X | N30: =IF(COUNTA(F30:L30)=0,"— não preenchido",IF(COUNTIF(F30:I30,"X")<>1,"FALTA/DUPLA: CONDIÇÃO DA PLATAFORMA",IF(COUNTIF(J30:L30,"X")<>1,"FALTA/DUPLA: DRENAGEM SUPERFICIAL","OK"))) -> OK
A31: 405ETO0040 | B31: C | C31: 12 | D31: 13 | E31: =D31-C31 -> 1 | G31: X | J31: X | N31: =IF(COUNTA(F31:L31)=0,"— não preenchido",IF(COUNTIF(F31:I31,"X")<>1,"FALTA/DUPLA: CONDIÇÃO DA PLATAFORMA",IF(COUNTIF(J31:L31,"X")<>1,"FALTA/DUPLA: DRENAGEM SUPERFICIAL","OK"))) -> OK
A32: 405ETO0040 | B32: C | C32: 13 | D32: 14 | E32: =D32-C32 -> 1 | G32: X | J32: X | N32: =IF(COUNTA(F32:L32)=0,"— não preenchido",IF(COUNTIF(F32:I32,"X")<>1,"FALTA/DUPLA: CONDIÇÃO DA PLATAFORMA",IF(COUNTIF(J32:L32,"X")<>1,"FALTA/DUPLA: DRENAGEM SUPERFICIAL","OK"))) -> OK
A33: 405ETO0040 | B33: C | C33: 14 | D33: 15 | E33: =D33-C33 -> 1 | G33: X | J33: X | N33: =IF(COUNTA(F33:L33)=0,"— não preenchido",IF(COUNTIF(F33:I33,"X")<>1,"FALTA/DUPLA: CONDIÇÃO DA PLATAFORMA",IF(COUNTIF(J33:L33,"X")<>1,"FALTA/DUPLA: DRENAGEM SUPERFICIAL","OK"))) -> OK
A34: 405ETO0040 | B34: C | C34: 15 | D34: 16 | E34: =D34-C34 -> 1 | G34: X | K34: X | N34: =IF(COUNTA(F34:L34)=0,"— não preenchido",IF(COUNTIF(F34:I34,"X")<>1,"FALTA/DUPLA: CONDIÇÃO DA PLATAFORMA",IF(COUNTIF(J34:L34,"X")<>1,"FALTA/DUPLA: DRENAGEM SUPERFICIAL","OK"))) -> OK
A35: 405ETO0040 | B35: C | C35: 16 | D35: 17 | E35: =D35-C35 -> 1 | G35: X | K35: X | N35: =IF(COUNTA(F35:L35)=0,"— não preenchido",IF(COUNTIF(F35:I35,"X")<>1,"FALTA/DUPLA: CONDIÇÃO DA PLATAFORMA",IF(COUNTIF(J35:L35,"X")<>1,"FALTA/DUPLA: DRENAGEM SUPERFICIAL","OK"))) -> OK
A36: 405ETO0040 | B36: C | C36: 17 | D36: 18 | E36: =D36-C36 -> 1 | G36: X | K36: X | N36: =IF(COUNTA(F36:L36)=0,"— não preenchido",IF(COUNTIF(F36:I36,"X")<>1,"FALTA/DUPLA: CONDIÇÃO DA PLATAFORMA",IF(COUNTIF(J36:L36,"X")<>1,"FALTA/DUPLA: DRENAGEM SUPERFICIAL","OK"))) -> OK
A37: 405ETO0040 | B37: C | C37: 18 | D37: 18.04336 | E37: =D37-C37 -> 0.043359699 | G37: X | K37: X | N37: =IF(COUNTA(F37:L37)=0,"— não preenchido",IF(COUNTIF(F37:I37,"X")<>1,"FALTA/DUPLA: CONDIÇÃO DA PLATAFORMA",IF(COUNTIF(J37:L37,"X")<>1,"FALTA/DUPLA: DRENAGEM SUPERFICIAL","OK"))) -> OK
A38: S.R.E. 405ETO0050 | CANTO DO BARREIRO - ENTR. BR-230 | LEN · Estadual · 10.366 km · início: -5.735531, -47.951537
A39: 405ETO0050 | B39: C | C39: 0 | D39: 1 | E39: =D39-C39 -> 1 | G39: X | K39: X | N39: =IF(COUNTA(F39:L39)=0,"— não preenchido",IF(COUNTIF(F39:I39,"X")<>1,"FALTA/DUPLA: CONDIÇÃO DA PLATAFORMA",IF(COUNTIF(J39:L39,"X")<>1,"FALTA/DUPLA: DRENAGEM SUPERFICIAL","OK"))) -> OK
A40: 405ETO0050 | B40: C | C40: 1 | D40: 2 | E40: =D40-C40 -> 1 | G40: X | K40: X | N40: =IF(COUNTA(F40:L40)=0,"— não preenchido",IF(COUNTIF(F40:I40,"X")<>1,"FALTA/DUPLA: CONDIÇÃO DA PLATAFORMA",IF(COUNTIF(J40:L40,"X")<>1,"FALTA/DUPLA: DRENAGEM SUPERFICIAL","OK"))) -> OK
A41: 405ETO0050 | B41: C | C41: 2 | D41: 3 | E41: =D41-C41 -> 1 | G41: X | K41: X | N41: =IF(COUNTA(F41:L41)=0,"— não preenchido",IF(COUNTIF(F41:I41,"X")<>1,"FALTA/DUPLA: CONDIÇÃO DA PLATAFORMA",IF(COUNTIF(J41:L41,"X")<>1,"FALTA/DUPLA: DRENAGEM SUPERFICIAL","OK"))) -> OK
A42: 405ETO0050 | B42: C | C42: 3 | D42: 4 | E42: =D42-C42 -> 1 | G42: X | K42: X | N42: =IF(COUNTA(F42:L42)=0,"— não preenchido",IF(COUNTIF(F42:I42,"X")<>1,"FALTA/DUPLA: CONDIÇÃO DA PLATAFORMA",IF(COUNTIF(J42:L42,"X")<>1,"FALTA/DUPLA: DRENAGEM SUPERFICIAL","OK"))) -> OK
A43: 405ETO0050 | B43: C | C43: 4 | D43: 5 | E43: =D43-C43 -> 1 | G43: X | K43: X | N43: =IF(COUNTA(F43:L43)=0,"— não preenchido",IF(COUNTIF(F43:I43,"X")<>1,"FALTA/DUPLA: CONDIÇÃO DA PLATAFORMA",IF(COUNTIF(J43:L43,"X")<>1,"FALTA/DUPLA: DRENAGEM SUPERFICIAL","OK"))) -> OK
A44: 405ETO0050 | B44: C | C44: 5 | D44: 6 | E44: =D44-C44 -> 1 | G44: X | K44: X | N44: =IF(COUNTA(F44:L44)=0,"— não preenchido",IF(COUNTIF(F44:I44,"X")<>1,"FALTA/DUPLA: CONDIÇÃO DA PLATAFORMA",IF(COUNTIF(J44:L44,"X")<>1,"FALTA/DUPLA: DRENAGEM SUPERFICIAL","OK"))) -> OK
A45: 405ETO0050 | B45: C | C45: 6 | D45: 7 | E45: =D45-C45 -> 1 | G45: X | K45: X | N45: =IF(COUNTA(F45:L45)=0,"— não preenchido",IF(COUNTIF(F45:I45,"X")<>1,"FALTA/DUPLA: CONDIÇÃO DA PLATAFORMA",IF(COUNTIF(J45:L45,"X")<>1,"FALTA/DUPLA: DRENAGEM SUPERFICIAL","OK"))) -> OK
A46: 405ETO0050 | B46: C | C46: 7 | D46: 8 | E46: =D46-C46 -> 1 | G46: X | K46: X | N46: =IF(COUNTA(F46:L46)=0,"— não preenchido",IF(COUNTIF(F46:I46,"X")<>1,"FALTA/DUPLA: CONDIÇÃO DA PLATAFORMA",IF(COUNTIF(J46:L46,"X")<>1,"FALTA/DUPLA: DRENAGEM SUPERFICIAL","OK"))) -> OK
A47: 405ETO0050 | B47: C | C47: 8 | D47: 9 | E47: =D47-C47 -> 1 | G47: X | K47: X | N47: =IF(COUNTA(F47:L47)=0,"— não preenchido",IF(COUNTIF(F47:I47,"X")<>1,"FALTA/DUPLA: CONDIÇÃO DA PLATAFORMA",IF(COUNTIF(J47:L47,"X")<>1,"FALTA/DUPLA: DRENAGEM SUPERFICIAL","OK"))) -> OK
A48: 405ETO0050 | B48: C | C48: 9 | D48: 10 | E48: =D48-C48 -> 1 | G48: X | K48: X | N48: =IF(COUNTA(F48:L48)=0,"— não preenchido",IF(COUNTIF(F48:I48,"X")<>1,"FALTA/DUPLA: CONDIÇÃO DA PLATAFORMA",IF(COUNTIF(J48:L48,"X")<>1,"FALTA/DUPLA: DRENAGEM SUPERFICIAL","OK"))) -> OK
A49: 405ETO0050 | B49: C | C49: 10 | D49: 10.366479 | E49: =D49-C49 -> 0.36647928 | G49: X | K49: X | N49: =IF(COUNTA(F49:L49)=0,"— não preenchido",IF(COUNTIF(F49:I49,"X")<>1,"FALTA/DUPLA: CONDIÇÃO DA PLATAFORMA",IF(COUNTIF(J49:L49,"X")<>1,"FALTA/DUPLA: DRENAGEM SUPERFICIAL","OK"))) -> OK
A51: ____________________________________________ | G51: ____________________________________________
A52: TÉCNICO RESPONSÁVEL PELA INSPEÇÃO | G52: VISTO DA SUPERVISÃO
A54: RESUMO DO TRECHO — KM LANÇADO POR ITEM
A55: KM LANÇADO | F55: =SUMIF(F$9:F$49,"X",$E$9:$E$49) -> 4.6401054 | G55: =SUMIF(G$9:G$49,"X",$E$9:$E$49) -> 31.315485 | H55: =SUMIF(H$9:H$49,"X",$E$9:$E$49) -> 0 | I55: =SUMIF(I$9:I$49,"X",$E$9:$E$49) -> 0 | J55: =SUMIF(J$9:J$49,"X",$E$9:$E$49) -> 22.545751 | K55: =SUMIF(K$9:K$49,"X",$E$9:$E$49) -> 13.409839 | L55: =SUMIF(L$9:L$49,"X",$E$9:$E$49) -> 0
A56: % DA EXTENSÃO | F56: =IF($I58=0,0,F55/$I58) -> 0.12905102 | G56: =IF($I58=0,0,G55/$I58) -> 0.87094898 | H56: =IF($I58=0,0,H55/$I58) -> 0 | I56: =IF($I58=0,0,I55/$I58) -> 0 | J56: =IF($I58=0,0,J55/$I58) -> 0.62704439 | K56: =IF($I58=0,0,K55/$I58) -> 0.37295561 | L56: =IF($I58=0,0,L55/$I58) -> 0
A57: CONFERÊNCIA POR GRUPO | F57: =IF(SUM(F55:I55)=0,"— não preenchido",IF(ROUND(SUM(F55:I55)-$I58,3)=0,"OK — "&ROUND(SUM(F55:I55),3)&" km","ERRO — dif. de "&ROUND(SUM(F55:I55)-$I58,3)&" km")) -> OK — 35,956 km | J57: =IF(SUM(J55:L55)=0,"— não preenchido",IF(ROUND(SUM(J55:L55)-$I58,3)=0,"OK — "&ROUND(SUM(J55:L55),3)&" km","ERRO — dif. de "&ROUND(SUM(J55:L55)-$I58,3)&" km")) -> OK — 35,956 km
A58: EXTENSÃO TOTAL DO TRECHO | I58: =SUM(E9:E49) -> 35.95559 | M58: =COUNTIF(N9:N49,"OK")&" de "&COUNT($E$9:$E$49)&" linhas conferidas" -> 38 de 38 linhas conferidas
A60: LEGENDA
A61: REGULAR | E61: Até 10 irregularidades por km
A62: RUIM | E62: Mais de 10 irregularidades por km
A63: PÉSSIMA | E63: Atoleiro ou ponto crítico
A64: SIT. | E64: LEN = leito natural · EOP = em obras de pavimentação
A65: FAIXA AZUL | E65: Cabeçalho de cada S.R.E.: descrição, situação, jurisdição, extensão e coordenada de início.
A66: INÍCIO / FIM (KM) | E66: Contados de 0 até o fim de CADA S.R.E. Não é o marco quilométrico da rodovia.
A67: SENT. | E67: C = crescente · D = decrescente
A68: FAIXA CINZA | E68: Segmento fora do escopo do contrato: você passa por ele, mas não preenche.
A69: CÉLULA VERMELHA | E69: Mais de uma X no mesmo grupo. Apague uma delas.
A70: CONFERÊNCIA | E70: Só na tela, não sai impresso. Fica OK com uma X em cada grupo.

Sheet 33
A1: PROGRAMA DE MANUTENÇÃO RODOVIÁRIA — FICHA DE INSPEÇÃO — RODOVIAS NÃO PAVIMENTADAS | P1: Valores dos gráficos — troca 0 por N/D para a fatia não aparecer. Não editar.
A2: REGIÃO: 1 — TOCANTINÓPOLIS | D2: MÊS / ANO: | G2: DATA: | J2: TÉCNICO: | P2: =IF(F61=0,NA(),F61) -> 33.483453 | Q2: =IF(G61=0,NA(),G61) -> 11.409328 | R2: =IF(H61=0,NA(),H61) -> #N/A | S2: =IF(I61=0,NA(),I61) -> #N/A | T2: =IF(J61=0,NA(),J61) -> 24.483453 | U2: =IF(K61=0,NA(),K61) -> 20.409328 | V2: =IF(L61=0,NA(),L61) -> #N/A
A3: TRECHO 33 — RODOVIA TO-409 - TRECHO MAURILÂNDIA - ENTR. TO-134 | K3: EXTENSÃO: 44,893 km · 2 S.R.E.
A4: COMO PREENCHER: uma X em UMA coluna de cada grupo, por linha. Se houver mais de um defeito no mesmo km, marque o PREDOMINANTE e escreva o resto em OBSERVAÇÕES. A quilometragem é contada de 0 até o fim de CADA S.R.E. (não é o marco da rodovia).
A6: S.R.E. | B6: SENT. | C6: INÍCIO (KM) | D6: FIM (KM) | E6: EXT. (KM) | F6: CONDIÇÃO DA PLATAFORMA | J6: DRENAGEM SUPERFICIAL | M6: OBSERVAÇÕES | N6: CONFERÊNCIA (só na tela)
F7: BOM | G7: REGULAR | H7: RUIM | I7: PÉSSIMA | J7: LIMPA | K7: OBSTRUÍDA | L7: AUSENTE
A8: S.R.E. 409ETO0020 | MAURILANDIA DO TOCANTINS *TRECHO URBANO* - RODOVILÂNDIA | LEN · Estadual · 18.409 km · início: -5.95226, -47.512783
A9: 409ETO0020 | B9: C | C9: 0 | D9: 1 | E9: =D9-C9 -> 1 | G9: X | J9: X | N9: =IF(COUNTA(F9:L9)=0,"— não preenchido",IF(COUNTIF(F9:I9,"X")<>1,"FALTA/DUPLA: CONDIÇÃO DA PLATAFORMA",IF(COUNTIF(J9:L9,"X")<>1,"FALTA/DUPLA: DRENAGEM SUPERFICIAL","OK"))) -> OK
A10: 409ETO0020 | B10: C | C10: 1 | D10: 2 | E10: =D10-C10 -> 1 | G10: X | J10: X | N10: =IF(COUNTA(F10:L10)=0,"— não preenchido",IF(COUNTIF(F10:I10,"X")<>1,"FALTA/DUPLA: CONDIÇÃO DA PLATAFORMA",IF(COUNTIF(J10:L10,"X")<>1,"FALTA/DUPLA: DRENAGEM SUPERFICIAL","OK"))) -> OK
A11: 409ETO0020 | B11: C | C11: 2 | D11: 3 | E11: =D11-C11 -> 1 | G11: X | J11: X | N11: =IF(COUNTA(F11:L11)=0,"— não preenchido",IF(COUNTIF(F11:I11,"X")<>1,"FALTA/DUPLA: CONDIÇÃO DA PLATAFORMA",IF(COUNTIF(J11:L11,"X")<>1,"FALTA/DUPLA: DRENAGEM SUPERFICIAL","OK"))) -> OK
A12: 409ETO0020 | B12: C | C12: 3 | D12: 4 | E12: =D12-C12 -> 1 | F12: X | J12: X | N12: =IF(COUNTA(F12:L12)=0,"— não preenchido",IF(COUNTIF(F12:I12,"X")<>1,"FALTA/DUPLA: CONDIÇÃO DA PLATAFORMA",IF(COUNTIF(J12:L12,"X")<>1,"FALTA/DUPLA: DRENAGEM SUPERFICIAL","OK"))) -> OK
A13: 409ETO0020 | B13: C | C13: 4 | D13: 5 | E13: =D13-C13 -> 1 | F13: X | J13: X | N13: =IF(COUNTA(F13:L13)=0,"— não preenchido",IF(COUNTIF(F13:I13,"X")<>1,"FALTA/DUPLA: CONDIÇÃO DA PLATAFORMA",IF(COUNTIF(J13:L13,"X")<>1,"FALTA/DUPLA: DRENAGEM SUPERFICIAL","OK"))) -> OK
A14: 409ETO0020 | B14: C | C14: 5 | D14: 6 | E14: =D14-C14 -> 1 | G14: X | J14: X | N14: =IF(COUNTA(F14:L14)=0,"— não preenchido",IF(COUNTIF(F14:I14,"X")<>1,"FALTA/DUPLA: CONDIÇÃO DA PLATAFORMA",IF(COUNTIF(J14:L14,"X")<>1,"FALTA/DUPLA: DRENAGEM SUPERFICIAL","OK"))) -> OK
A15: 409ETO0020 | B15: C | C15: 6 | D15: 7 | E15: =D15-C15 -> 1 | G15: X | J15: X | N15: =IF(COUNTA(F15:L15)=0,"— não preenchido",IF(COUNTIF(F15:I15,"X")<>1,"FALTA/DUPLA: CONDIÇÃO DA PLATAFORMA",IF(COUNTIF(J15:L15,"X")<>1,"FALTA/DUPLA: DRENAGEM SUPERFICIAL","OK"))) -> OK
A16: 409ETO0020 | B16: C | C16: 7 | D16: 8 | E16: =D16-C16 -> 1 | G16: X | J16: X | N16: =IF(COUNTA(F16:L16)=0,"— não preenchido",IF(COUNTIF(F16:I16,"X")<>1,"FALTA/DUPLA: CONDIÇÃO DA PLATAFORMA",IF(COUNTIF(J16:L16,"X")<>1,"FALTA/DUPLA: DRENAGEM SUPERFICIAL","OK"))) -> OK
A17: 409ETO0020 | B17: C | C17: 8 | D17: 9 | E17: =D17-C17 -> 1 | G17: X | J17: X | N17: =IF(COUNTA(F17:L17)=0,"— não preenchido",IF(COUNTIF(F17:I17,"X")<>1,"FALTA/DUPLA: CONDIÇÃO DA PLATAFORMA",IF(COUNTIF(J17:L17,"X")<>1,"FALTA/DUPLA: DRENAGEM SUPERFICIAL","OK"))) -> OK
A18: 409ETO0020 | B18: C | C18: 9 | D18: 10 | E18: =D18-C18 -> 1 | F18: X | K18: X | N18: =IF(COUNTA(F18:L18)=0,"— não preenchido",IF(COUNTIF(F18:I18,"X")<>1,"FALTA/DUPLA: CONDIÇÃO DA PLATAFORMA",IF(COUNTIF(J18:L18,"X")<>1,"FALTA/DUPLA: DRENAGEM SUPERFICIAL","OK"))) -> OK
A19: 409ETO0020 | B19: C | C19: 10 | D19: 11 | E19: =D19-C19 -> 1 | F19: X | K19: X | N19: =IF(COUNTA(F19:L19)=0,"— não preenchido",IF(COUNTIF(F19:I19,"X")<>1,"FALTA/DUPLA: CONDIÇÃO DA PLATAFORMA",IF(COUNTIF(J19:L19,"X")<>1,"FALTA/DUPLA: DRENAGEM SUPERFICIAL","OK"))) -> OK
A20: 409ETO0020 | B20: C | C20: 11 | D20: 12 | E20: =D20-C20 -> 1 | F20: X | K20: X | N20: =IF(COUNTA(F20:L20)=0,"— não preenchido",IF(COUNTIF(F20:I20,"X")<>1,"FALTA/DUPLA: CONDIÇÃO DA PLATAFORMA",IF(COUNTIF(J20:L20,"X")<>1,"FALTA/DUPLA: DRENAGEM SUPERFICIAL","OK"))) -> OK
A21: 409ETO0020 | B21: C | C21: 12 | D21: 13 | E21: =D21-C21 -> 1 | F21: X | K21: X | N21: =IF(COUNTA(F21:L21)=0,"— não preenchido",IF(COUNTIF(F21:I21,"X")<>1,"FALTA/DUPLA: CONDIÇÃO DA PLATAFORMA",IF(COUNTIF(J21:L21,"X")<>1,"FALTA/DUPLA: DRENAGEM SUPERFICIAL","OK"))) -> OK
A22: 409ETO0020 | B22: C | C22: 13 | D22: 14 | E22: =D22-C22 -> 1 | F22: X | K22: X | N22: =IF(COUNTA(F22:L22)=0,"— não preenchido",IF(COUNTIF(F22:I22,"X")<>1,"FALTA/DUPLA: CONDIÇÃO DA PLATAFORMA",IF(COUNTIF(J22:L22,"X")<>1,"FALTA/DUPLA: DRENAGEM SUPERFICIAL","OK"))) -> OK
A23: 409ETO0020 | B23: C | C23: 14 | D23: 15 | E23: =D23-C23 -> 1 | F23: X | K23: X | N23: =IF(COUNTA(F23:L23)=0,"— não preenchido",IF(COUNTIF(F23:I23,"X")<>1,"FALTA/DUPLA: CONDIÇÃO DA PLATAFORMA",IF(COUNTIF(J23:L23,"X")<>1,"FALTA/DUPLA: DRENAGEM SUPERFICIAL","OK"))) -> OK
A24: 409ETO0020 | B24: C | C24: 15 | D24: 16 | E24: =D24-C24 -> 1 | F24: X | K24: X | N24: =IF(COUNTA(F24:L24)=0,"— não preenchido",IF(COUNTIF(F24:I24,"X")<>1,"FALTA/DUPLA: CONDIÇÃO DA PLATAFORMA",IF(COUNTIF(J24:L24,"X")<>1,"FALTA/DUPLA: DRENAGEM SUPERFICIAL","OK"))) -> OK
A25: 409ETO0020 | B25: C | C25: 16 | D25: 17 | E25: =D25-C25 -> 1 | G25: X | K25: X | N25: =IF(COUNTA(F25:L25)=0,"— não preenchido",IF(COUNTIF(F25:I25,"X")<>1,"FALTA/DUPLA: CONDIÇÃO DA PLATAFORMA",IF(COUNTIF(J25:L25,"X")<>1,"FALTA/DUPLA: DRENAGEM SUPERFICIAL","OK"))) -> OK
A26: 409ETO0020 | B26: C | C26: 17 | D26: 18 | E26: =D26-C26 -> 1 | G26: X | K26: X | N26: =IF(COUNTA(F26:L26)=0,"— não preenchido",IF(COUNTIF(F26:I26,"X")<>1,"FALTA/DUPLA: CONDIÇÃO DA PLATAFORMA",IF(COUNTIF(J26:L26,"X")<>1,"FALTA/DUPLA: DRENAGEM SUPERFICIAL","OK"))) -> OK
A27: 409ETO0020 | B27: C | C27: 18 | D27: 18.409328 | E27: =D27-C27 -> 0.40932808 | G27: X | K27: X | N27: =IF(COUNTA(F27:L27)=0,"— não preenchido",IF(COUNTIF(F27:I27,"X")<>1,"FALTA/DUPLA: CONDIÇÃO DA PLATAFORMA",IF(COUNTIF(J27:L27,"X")<>1,"FALTA/DUPLA: DRENAGEM SUPERFICIAL","OK"))) -> OK
A28: S.R.E. 409ETO0030 | RODOVILÂNDIA - ENTR. TO-134 | LEN · Estadual · 26.483 km · início: -5.910787, -47.654813
A29: 409ETO0030 | B29: C | C29: 0 | D29: 1 | E29: =D29-C29 -> 1 | F29: X | K29: X | N29: =IF(COUNTA(F29:L29)=0,"— não preenchido",IF(COUNTIF(F29:I29,"X")<>1,"FALTA/DUPLA: CONDIÇÃO DA PLATAFORMA",IF(COUNTIF(J29:L29,"X")<>1,"FALTA/DUPLA: DRENAGEM SUPERFICIAL","OK"))) -> OK
A30: 409ETO0030 | B30: C | C30: 1 | D30: 2 | E30: =D30-C30 -> 1 | F30: X | K30: X | N30: =IF(COUNTA(F30:L30)=0,"— não preenchido",IF(COUNTIF(F30:I30,"X")<>1,"FALTA/DUPLA: CONDIÇÃO DA PLATAFORMA",IF(COUNTIF(J30:L30,"X")<>1,"FALTA/DUPLA: DRENAGEM SUPERFICIAL","OK"))) -> OK
A31: 409ETO0030 | B31: C | C31: 2 | D31: 3 | E31: =D31-C31 -> 1 | F31: X | K31: X | N31: =IF(COUNTA(F31:L31)=0,"— não preenchido",IF(COUNTIF(F31:I31,"X")<>1,"FALTA/DUPLA: CONDIÇÃO DA PLATAFORMA",IF(COUNTIF(J31:L31,"X")<>1,"FALTA/DUPLA: DRENAGEM SUPERFICIAL","OK"))) -> OK
A32: 409ETO0030 | B32: C | C32: 3 | D32: 4 | E32: =D32-C32 -> 1 | F32: X | K32: X | N32: =IF(COUNTA(F32:L32)=0,"— não preenchido",IF(COUNTIF(F32:I32,"X")<>1,"FALTA/DUPLA: CONDIÇÃO DA PLATAFORMA",IF(COUNTIF(J32:L32,"X")<>1,"FALTA/DUPLA: DRENAGEM SUPERFICIAL","OK"))) -> OK
A33: 409ETO0030 | B33: C | C33: 4 | D33: 5 | E33: =D33-C33 -> 1 | F33: X | K33: X | N33: =IF(COUNTA(F33:L33)=0,"— não preenchido",IF(COUNTIF(F33:I33,"X")<>1,"FALTA/DUPLA: CONDIÇÃO DA PLATAFORMA",IF(COUNTIF(J33:L33,"X")<>1,"FALTA/DUPLA: DRENAGEM SUPERFICIAL","OK"))) -> OK
A34: 409ETO0030 | B34: C | C34: 5 | D34: 6 | E34: =D34-C34 -> 1 | F34: X | K34: X | N34: =IF(COUNTA(F34:L34)=0,"— não preenchido",IF(COUNTIF(F34:I34,"X")<>1,"FALTA/DUPLA: CONDIÇÃO DA PLATAFORMA",IF(COUNTIF(J34:L34,"X")<>1,"FALTA/DUPLA: DRENAGEM SUPERFICIAL","OK"))) -> OK
A35: 409ETO0030 | B35: C | C35: 6 | D35: 7 | E35: =D35-C35 -> 1 | F35: X | K35: X | N35: =IF(COUNTA(F35:L35)=0,"— não preenchido",IF(COUNTIF(F35:I35,"X")<>1,"FALTA/DUPLA: CONDIÇÃO DA PLATAFORMA",IF(COUNTIF(J35:L35,"X")<>1,"FALTA/DUPLA: DRENAGEM SUPERFICIAL","OK"))) -> OK
A36: 409ETO0030 | B36: C | C36: 7 | D36: 8 | E36: =D36-C36 -> 1 | G36: X | K36: X | N36: =IF(COUNTA(F36:L36)=0,"— não preenchido",IF(COUNTIF(F36:I36,"X")<>1,"FALTA/DUPLA: CONDIÇÃO DA PLATAFORMA",IF(COUNTIF(J36:L36,"X")<>1,"FALTA/DUPLA: DRENAGEM SUPERFICIAL","OK"))) -> OK
A37: 409ETO0030 | B37: C | C37: 8 | D37: 9 | E37: =D37-C37 -> 1 | G37: X | K37: X | N37: =IF(COUNTA(F37:L37)=0,"— não preenchido",IF(COUNTIF(F37:I37,"X")<>1,"FALTA/DUPLA: CONDIÇÃO DA PLATAFORMA",IF(COUNTIF(J37:L37,"X")<>1,"FALTA/DUPLA: DRENAGEM SUPERFICIAL","OK"))) -> OK
A38: 409ETO0030 | B38: C | C38: 9 | D38: 10 | E38: =D38-C38 -> 1 | F38: X | K38: X | N38: =IF(COUNTA(F38:L38)=0,"— não preenchido",IF(COUNTIF(F38:I38,"X")<>1,"FALTA/DUPLA: CONDIÇÃO DA PLATAFORMA",IF(COUNTIF(J38:L38,"X")<>1,"FALTA/DUPLA: DRENAGEM SUPERFICIAL","OK"))) -> OK
A39: 409ETO0030 | B39: C | C39: 10 | D39: 11 | E39: =D39-C39 -> 1 | F39: X | K39: X | N39: =IF(COUNTA(F39:L39)=0,"— não preenchido",IF(COUNTIF(F39:I39,"X")<>1,"FALTA/DUPLA: CONDIÇÃO DA PLATAFORMA",IF(COUNTIF(J39:L39,"X")<>1,"FALTA/DUPLA: DRENAGEM SUPERFICIAL","OK"))) -> OK
A40: 409ETO0030 | B40: C | C40: 11 | D40: 12 | E40: =D40-C40 -> 1 | F40: X | J40: X | N40: =IF(COUNTA(F40:L40)=0,"— não preenchido",IF(COUNTIF(F40:I40,"X")<>1,"FALTA/DUPLA: CONDIÇÃO DA PLATAFORMA",IF(COUNTIF(J40:L40,"X")<>1,"FALTA/DUPLA: DRENAGEM SUPERFICIAL","OK"))) -> OK
A41: 409ETO0030 | B41: C | C41: 12 | D41: 13 | E41: =D41-C41 -> 1 | F41: X | J41: X | N41: =IF(COUNTA(F41:L41)=0,"— não preenchido",IF(COUNTIF(F41:I41,"X")<>1,"FALTA/DUPLA: CONDIÇÃO DA PLATAFORMA",IF(COUNTIF(J41:L41,"X")<>1,"FALTA/DUPLA: DRENAGEM SUPERFICIAL","OK"))) -> OK
A42: 409ETO0030 | B42: C | C42: 13 | D42: 14 | E42: =D42-C42 -> 1 | F42: X | J42: X | N42: =IF(COUNTA(F42:L42)=0,"— não preenchido",IF(COUNTIF(F42:I42,"X")<>1,"FALTA/DUPLA: CONDIÇÃO DA PLATAFORMA",IF(COUNTIF(J42:L42,"X")<>1,"FALTA/DUPLA: DRENAGEM SUPERFICIAL","OK"))) -> OK
A43: 409ETO0030 | B43: C | C43: 14 | D43: 15 | E43: =D43-C43 -> 1 | F43: X | J43: X | N43: =IF(COUNTA(F43:L43)=0,"— não preenchido",IF(COUNTIF(F43:I43,"X")<>1,"FALTA/DUPLA: CONDIÇÃO DA PLATAFORMA",IF(COUNTIF(J43:L43,"X")<>1,"FALTA/DUPLA: DRENAGEM SUPERFICIAL","OK"))) -> OK
A44: 409ETO0030 | B44: C | C44: 15 | D44: 16 | E44: =D44-C44 -> 1 | F44: X | J44: X | N44: =IF(COUNTA(F44:L44)=0,"— não preenchido",IF(COUNTIF(F44:I44,"X")<>1,"FALTA/DUPLA: CONDIÇÃO DA PLATAFORMA",IF(COUNTIF(J44:L44,"X")<>1,"FALTA/DUPLA: DRENAGEM SUPERFICIAL","OK"))) -> OK
A45: 409ETO0030 | B45: C | C45: 16 | D45: 17 | E45: =D45-C45 -> 1 | F45: X | J45: X | N45: =IF(COUNTA(F45:L45)=0,"— não preenchido",IF(COUNTIF(F45:I45,"X")<>1,"FALTA/DUPLA: CONDIÇÃO DA PLATAFORMA",IF(COUNTIF(J45:L45,"X")<>1,"FALTA/DUPLA: DRENAGEM SUPERFICIAL","OK"))) -> OK
A46: 409ETO0030 | B46: C | C46: 17 | D46: 18 | E46: =D46-C46 -> 1 | F46: X | J46: X | N46: =IF(COUNTA(F46:L46)=0,"— não preenchido",IF(COUNTIF(F46:I46,"X")<>1,"FALTA/DUPLA: CONDIÇÃO DA PLATAFORMA",IF(COUNTIF(J46:L46,"X")<>1,"FALTA/DUPLA: DRENAGEM SUPERFICIAL","OK"))) -> OK
A47: 409ETO0030 | B47: C | C47: 18 | D47: 19 | E47: =D47-C47 -> 1 | F47: X | J47: X | N47: =IF(COUNTA(F47:L47)=0,"— não preenchido",IF(COUNTIF(F47:I47,"X")<>1,"FALTA/DUPLA: CONDIÇÃO DA PLATAFORMA",IF(COUNTIF(J47:L47,"X")<>1,"FALTA/DUPLA: DRENAGEM SUPERFICIAL","OK"))) -> OK
A48: 409ETO0030 | B48: C | C48: 19 | D48: 20 | E48: =D48-C48 -> 1 | F48: X | J48: X | N48: =IF(COUNTA(F48:L48)=0,"— não preenchido",IF(COUNTIF(F48:I48,"X")<>1,"FALTA/DUPLA: CONDIÇÃO DA PLATAFORMA",IF(COUNTIF(J48:L48,"X")<>1,"FALTA/DUPLA: DRENAGEM SUPERFICIAL","OK"))) -> OK
A49: 409ETO0030 | B49: C | C49: 20 | D49: 21 | E49: =D49-C49 -> 1 | F49: X | J49: X | N49: =IF(COUNTA(F49:L49)=0,"— não preenchido",IF(COUNTIF(F49:I49,"X")<>1,"FALTA/DUPLA: CONDIÇÃO DA PLATAFORMA",IF(COUNTIF(J49:L49,"X")<>1,"FALTA/DUPLA: DRENAGEM SUPERFICIAL","OK"))) -> OK
A50: 409ETO0030 | B50: C | C50: 21 | D50: 22 | E50: =D50-C50 -> 1 | F50: X | J50: X | N50: =IF(COUNTA(F50:L50)=0,"— não preenchido",IF(COUNTIF(F50:I50,"X")<>1,"FALTA/DUPLA: CONDIÇÃO DA PLATAFORMA",IF(COUNTIF(J50:L50,"X")<>1,"FALTA/DUPLA: DRENAGEM SUPERFICIAL","OK"))) -> OK
A51: 409ETO0030 | B51: C | C51: 22 | D51: 23 | E51: =D51-C51 -> 1 | F51: X | J51: X | N51: =IF(COUNTA(F51:L51)=0,"— não preenchido",IF(COUNTIF(F51:I51,"X")<>1,"FALTA/DUPLA: CONDIÇÃO DA PLATAFORMA",IF(COUNTIF(J51:L51,"X")<>1,"FALTA/DUPLA: DRENAGEM SUPERFICIAL","OK"))) -> OK
... A55: 409ETO0030 | B55: C | C55: 26 | D55: 26.483453 | E55: =D55-C55 -> 0.48345289 | F55: X | J55: X | N55: =IF(COUNTA(F55:L55)=0,"— não preenchido",IF(COUNTIF(F55:I55,"X")<>1,"FALTA/DUPLA: CONDIÇÃO DA PLATAFORMA",IF(COUNTIF(J55:L55,"X")<>1,"FALTA/DUPLA: DRENAGEM SUPERFICIAL","OK"))) -> OK
A57: ____________________________________________ | G57: ____________________________________________
A58: TÉCNICO RESPONSÁVEL PELA INSPEÇÃO | G58: VISTO DA SUPERVISÃO
A60: RESUMO DO TRECHO — KM LANÇADO POR ITEM
A61: KM LANÇADO | F61: =SUMIF(F$9:F$55,"X",$E$9:$E$55) -> 33.483453 | G61: =SUMIF(G$9:G$55,"X",$E$9:$E$55) -> 11.409328 | H61: =SUMIF(H$9:H$55,"X",$E$9:$E$55) -> 0 | I61: =SUMIF(I$9:I$55,"X",$E$9:$E$55) -> 0 | J61: =SUMIF(J$9:J$55,"X",$E$9:$E$55) -> 24.483453 | K61: =SUMIF(K$9:K$55,"X",$E$9:$E$55) -> 20.409328 | L61: =SUMIF(L$9:L$55,"X",$E$9:$E$55) -> 0
A62: % DA EXTENSÃO | F62: =IF($I64=0,0,F61/$I64) -> 0.74585384 | G62: =IF($I64=0,0,G61/$I64) -> 0.25414616 | H62: =IF($I64=0,0,H61/$I64) -> 0 | I62: =IF($I64=0,0,I61/$I64) -> 0 | J62: =IF($I64=0,0,J61/$I64) -> 0.54537617 | K62: =IF($I64=0,0,K61/$I64) -> 0.45462383 | L62: =IF($I64=0,0,L61/$I64) -> 0
A63: CONFERÊNCIA POR GRUPO | F63: =IF(SUM(F61:I61)=0,"— não preenchido",IF(ROUND(SUM(F61:I61)-$I64,3)=0,"OK — "&ROUND(SUM(F61:I61),3)&" km","ERRO — dif. de "&ROUND(SUM(F61:I61)-$I64,3)&" km")) -> OK — 44,893 km | J63: =IF(SUM(J61:L61)=0,"— não preenchido",IF(ROUND(SUM(J61:L61)-$I64,3)=0,"OK — "&ROUND(SUM(J61:L61),3)&" km","ERRO — dif. de "&ROUND(SUM(J61:L61)-$I64,3)&" km")) -> OK — 44,893 km
A64: EXTENSÃO TOTAL DO TRECHO | I64: =SUM(E9:E55) -> 44.892781 | M64: =COUNTIF(N9:N55,"OK")&" de "&COUNT($E$9:$E$55)&" linhas conferidas" -> 46 de 46 linhas conferidas
A66: LEGENDA
A67: REGULAR | E67: Até 10 irregularidades por km
A68: RUIM | E68: Mais de 10 irregularidades por km
A69: PÉSSIMA | E69: Atoleiro ou ponto crítico
A70: SIT. | E70: LEN = leito natural · EOP = em obras de pavimentação
A71: FAIXA AZUL | E71: Cabeçalho de cada S.R.E.: descrição, situação, jurisdição, extensão e coordenada de início.
A72: INÍCIO / FIM (KM) | E72: Contados de 0 até o fim de CADA S.R.E. Não é o marco quilométrico da rodovia.
A73: SENT. | E73: C = crescente · D = decrescente
A74: FAIXA CINZA | E74: Segmento fora do escopo do contrato: você passa por ele, mas não preenche.
A75: CÉLULA VERMELHA | E75: Mais de uma X no mesmo grupo. Apague uma delas.
A76: CONFERÊNCIA | E76: Só na tela, não sai impresso. Fica OK com uma X em cada grupo.

Sheet 34
A1: PROGRAMA DE MANUTENÇÃO RODOVIÁRIA — FICHA DE INSPEÇÃO — RODOVIAS NÃO PAVIMENTADAS | P1: Valores dos gráficos — troca 0 por N/D para a fatia não aparecer. Não editar.
A2: REGIÃO: 1 — TOCANTINÓPOLIS | D2: MÊS / ANO: | G2: DATA: | J2: TÉCNICO: | P2: =IF(F47=0,NA(),F47) -> 12 | Q2: =IF(G47=0,NA(),G47) -> 20 | R2: =IF(H47=0,NA(),H47) -> #N/A | S2: =IF(I47=0,NA(),I47) -> #N/A | T2: =IF(J47=0,NA(),J47) -> 16 | U2: =IF(K47=0,NA(),K47) -> 12 | V2: =IF(L47=0,NA(),L47) -> 4
A3: TRECHO 34 — RODOVIA TO-414 - TRECHO CACHOEIRINHA - ENTR. TO-010 (TAPUIO) | K3: EXTENSÃO: 32,813 km · 1 S.R.E.
A4: COMO PREENCHER: uma X em UMA coluna de cada grupo, por linha. Se houver mais de um defeito no mesmo km, marque o PREDOMINANTE e escreva o resto em OBSERVAÇÕES. A quilometragem é contada de 0 até o fim de CADA S.R.E. (não é o marco da rodovia).
A6: S.R.E. | B6: SENT. | C6: INÍCIO (KM) | D6: FIM (KM) | E6: EXT. (KM) | F6: CONDIÇÃO DA PLATAFORMA | J6: DRENAGEM SUPERFICIAL | M6: OBSERVAÇÕES | N6: CONFERÊNCIA (só na tela)
F7: BOM | G7: REGULAR | H7: RUIM | I7: PÉSSIMA | J7: LIMPA | K7: OBSTRUÍDA | L7: AUSENTE
A8: S.R.E. 414ETO0020 | CACHOEIRINHA *TRECHO URBANO* - ENTR. TO-010-TO-210(TAPUIO) | LEN · Estadual · 32.813 km · início: -6.125324, -47.924296
A9: 414ETO0020 | B9: C | C9: 0 | D9: 1 | E9: =D9-C9 -> 1 | G9: X | L9: X | M9: PONTE DE CONCRETO KM-0,0 (4.45/20,30) | N9: =IF(COUNTA(F9:L9)=0,"— não preenchido",IF(COUNTIF(F9:I9,"X")<>1,"FALTA/DUPLA: CONDIÇÃO DA PLATAFORMA",IF(COUNTIF(J9:L9,"X")<>1,"FALTA/DUPLA: DRENAGEM SUPERFICIAL","OK"))) -> OK
A10: 414ETO0020 | B10: C | C10: 1 | D10: 2 | E10: =D10-C10 -> 1 | G10: X | L10: X | M10: PONTE DE CONCRETO KM-0,0 (4.45/20,30) | N10: =IF(COUNTA(F10:L10)=0,"— não preenchido",IF(COUNTIF(F10:I10,"X")<>1,"FALTA/DUPLA: CONDIÇÃO DA PLATAFORMA",IF(COUNTIF(J10:L10,"X")<>1,"FALTA/DUPLA: DRENAGEM SUPERFICIAL","OK"))) -> OK
A11: 414ETO0020 | B11: C | C11: 2 | D11: 3 | E11: =D11-C11 -> 1 | G11: X | K11: X | M11: POSSIVEL ATOLEIRO KM-1,1 E SEM DRENAGEM | N11: =IF(COUNTA(F11:L11)=0,"— não preenchido",IF(COUNTIF(F11:I11,"X")<>1,"FALTA/DUPLA: CONDIÇÃO DA PLATAFORMA",IF(COUNTIF(J11:L11,"X")<>1,"FALTA/DUPLA: DRENAGEM SUPERFICIAL","OK"))) -> OK
A12: 414ETO0020 | B12: C | C12: 3 | D12: 4 | E12: =D12-C12 -> 1 | G12: X | K12: X | M12: POSSIVEL ATOLEIRO KM-1,1 E SEM DRENAGEM | N12: =IF(COUNTA(F12:L12)=0,"— não preenchido",IF(COUNTIF(F12:I12,"X")<>1,"FALTA/DUPLA: CONDIÇÃO DA PLATAFORMA",IF(COUNTIF(J12:L12,"X")<>1,"FALTA/DUPLA: DRENAGEM SUPERFICIAL","OK"))) -> OK
A13: 414ETO0020 | B13: C | C13: 4 | D13: 5 | E13: =D13-C13 -> 1 | G13: X | L13: X | M13: POSSIVEL ATOLEIRO KM-1,7 E EROZAO ( 1,0 / 10,0) | N13: =IF(COUNTA(F13:L13)=0,"— não preenchido",IF(COUNTIF(F13:I13,"X")<>1,"FALTA/DUPLA: CONDIÇÃO DA PLATAFORMA",IF(COUNTIF(J13:L13,"X")<>1,"FALTA/DUPLA: DRENAGEM SUPERFICIAL","OK"))) -> OK
A14: 414ETO0020 | B14: C | C14: 5 | D14: 6 | E14: =D14-C14 -> 1 | G14: X | L14: X | M14: POSSIVEL ATOLEIRO KM-1,7 E EROZAO ( 1,0 / 10,0) | N14: =IF(COUNTA(F14:L14)=0,"— não preenchido",IF(COUNTIF(F14:I14,"X")<>1,"FALTA/DUPLA: CONDIÇÃO DA PLATAFORMA",IF(COUNTIF(J14:L14,"X")<>1,"FALTA/DUPLA: DRENAGEM SUPERFICIAL","OK"))) -> OK
A15: 414ETO0020 | B15: C | C15: 6 | D15: 7 | E15: =D15-C15 -> 1 | G15: X | J15: X | M15: EROZAO KM-4,2 ( 1,0 / 4,0 ) | N15: =IF(COUNTA(F15:L15)=0,"— não preenchido",IF(COUNTIF(F15:I15,"X")<>1,"FALTA/DUPLA: CONDIÇÃO DA PLATAFORMA",IF(COUNTIF(J15:L15,"X")<>1,"FALTA/DUPLA: DRENAGEM SUPERFICIAL","OK"))) -> OK
A16: 414ETO0020 | B16: C | C16: 7 | D16: 8 | E16: =D16-C16 -> 1 | G16: X | J16: X | M16: EROZAO KM-4,2 ( 1,0 / 4,0 ) | N16: =IF(COUNTA(F16:L16)=0,"— não preenchido",IF(COUNTIF(F16:I16,"X")<>1,"FALTA/DUPLA: CONDIÇÃO DA PLATAFORMA",IF(COUNTIF(J16:L16,"X")<>1,"FALTA/DUPLA: DRENAGEM SUPERFICIAL","OK"))) -> OK
A17: 414ETO0020 | B17: C | C17: 8 | D17: 9 | E17: =D17-C17 -> 1 | F17: X | J17: X | M17: EROZAO KM-4,9 ( 1,0 / 6,0 ) | N17: =IF(COUNTA(F17:L17)=0,"— não preenchido",IF(COUNTIF(F17:I17,"X")<>1,"FALTA/DUPLA: CONDIÇÃO DA PLATAFORMA",IF(COUNTIF(J17:L17,"X")<>1,"FALTA/DUPLA: DRENAGEM SUPERFICIAL","OK"))) -> OK
A18: 414ETO0020 | B18: C | C18: 9 | D18: 10 | E18: =D18-C18 -> 1 | F18: X | J18: X | M18: EROZAO KM-4,9 ( 1,0 / 6,0 ) | N18: =IF(COUNTA(F18:L18)=0,"— não preenchido",IF(COUNTIF(F18:I18,"X")<>1,"FALTA/DUPLA: CONDIÇÃO DA PLATAFORMA",IF(COUNTIF(J18:L18,"X")<>1,"FALTA/DUPLA: DRENAGEM SUPERFICIAL","OK"))) -> OK
A19: 414ETO0020 | B19: C | C19: 10 | D19: 11 | E19: =D19-C19 -> 1 | F19: X | J19: X | M19: PONTE DE CONCRETO KM-9,1 (4.45/34,40) | N19: =IF(COUNTA(F19:L19)=0,"— não preenchido",IF(COUNTIF(F19:I19,"X")<>1,"FALTA/DUPLA: CONDIÇÃO DA PLATAFORMA",IF(COUNTIF(J19:L19,"X")<>1,"FALTA/DUPLA: DRENAGEM SUPERFICIAL","OK"))) -> OK
A20: 414ETO0020 | B20: C | C20: 11 | D20: 12 | E20: =D20-C20 -> 1 | F20: X | J20: X | M20: PONTE DE CONCRETO KM-9,1 (4.45/34,40) | N20: =IF(COUNTA(F20:L20)=0,"— não preenchido",IF(COUNTIF(F20:I20,"X")<>1,"FALTA/DUPLA: CONDIÇÃO DA PLATAFORMA",IF(COUNTIF(J20:L20,"X")<>1,"FALTA/DUPLA: DRENAGEM SUPERFICIAL","OK"))) -> OK
A21: 414ETO0020 | B21: C | C21: 12 | D21: 13 | E21: =D21-C21 -> 1 | F21: X | J21: X | M21: EROZAO KM-20,4 ( 2,0 / 10,0 ) | N21: =IF(COUNTA(F21:L21)=0,"— não preenchido",IF(COUNTIF(F21:I21,"X")<>1,"FALTA/DUPLA: CONDIÇÃO DA PLATAFORMA",IF(COUNTIF(J21:L21,"X")<>1,"FALTA/DUPLA: DRENAGEM SUPERFICIAL","OK"))) -> OK
A22: 414ETO0020 | B22: C | C22: 13 | D22: 14 | E22: =D22-C22 -> 1 | F22: X | J22: X | M22: EROZAO KM-20,4 ( 2,0 / 10,0 ) | N22: =IF(COUNTA(F22:L22)=0,"— não preenchido",IF(COUNTIF(F22:I22,"X")<>1,"FALTA/DUPLA: CONDIÇÃO DA PLATAFORMA",IF(COUNTIF(J22:L22,"X")<>1,"FALTA/DUPLA: DRENAGEM SUPERFICIAL","OK"))) -> OK
A23: 414ETO0020 | B23: C | C23: 14 | D23: 15 | E23: =D23-C23 -> 1 | F23: X | J23: X | M23: EROZAO KM-27,4 ( 1,0 / 10,0 ) | N23: =IF(COUNTA(F23:L23)=0,"— não preenchido",IF(COUNTIF(F23:I23,"X")<>1,"FALTA/DUPLA: CONDIÇÃO DA PLATAFORMA",IF(COUNTIF(J23:L23,"X")<>1,"FALTA/DUPLA: DRENAGEM SUPERFICIAL","OK"))) -> OK
A24: 414ETO0020 | B24: C | C24: 15 | D24: 16 | E24: =D24-C24 -> 1 | F24: X | J24: X | M24: EROZAO KM-27,4 ( 1,0 / 10,0 ) | N24: =IF(COUNTA(F24:L24)=0,"— não preenchido",IF(COUNTIF(F24:I24,"X")<>1,"FALTA/DUPLA: CONDIÇÃO DA PLATAFORMA",IF(COUNTIF(J24:L24,"X")<>1,"FALTA/DUPLA: DRENAGEM SUPERFICIAL","OK"))) -> OK
A25: 414ETO0020 | B25: C | C25: 16 | D25: 17 | E25: =D25-C25 -> 1 | F25: X | J25: X | M25: EROZAO KM-24,5 ( 3,5 / 11,0 ) | N25: =IF(COUNTA(F25:L25)=0,"— não preenchido",IF(COUNTIF(F25:I25,"X")<>1,"FALTA/DUPLA: CONDIÇÃO DA PLATAFORMA",IF(COUNTIF(J25:L25,"X")<>1,"FALTA/DUPLA: DRENAGEM SUPERFICIAL","OK"))) -> OK
A26: 414ETO0020 | B26: C | C26: 17 | D26: 18 | E26: =D26-C26 -> 1 | F26: X | J26: X | M26: EROZAO KM-24,5 ( 3,5 / 11,0 ) | N26: =IF(COUNTA(F26:L26)=0,"— não preenchido",IF(COUNTIF(F26:I26,"X")<>1,"FALTA/DUPLA: CONDIÇÃO DA PLATAFORMA",IF(COUNTIF(J26:L26,"X")<>1,"FALTA/DUPLA: DRENAGEM SUPERFICIAL","OK"))) -> OK
A27: 414ETO0020 | B27: C | C27: 18 | D27: 19 | E27: =D27-C27 -> 1 | F27: X | J27: X | M27: PONTE DE CONCRETO KM-28,2 (4.45/25,0) | N27: =IF(COUNTA(F27:L27)=0,"— não preenchido",IF(COUNTIF(F27:I27,"X")<>1,"FALTA/DUPLA: CONDIÇÃO DA PLATAFORMA",IF(COUNTIF(J27:L27,"X")<>1,"FALTA/DUPLA: DRENAGEM SUPERFICIAL","OK"))) -> OK
A28: 414ETO0020 | B28: C | C28: 19 | D28: 20 | E28: =D28-C28 -> 1 | F28: X | J28: X | M28: PONTE DE CONCRETO KM-28,2 (4.45/25,0) | N28: =IF(COUNTA(F28:L28)=0,"— não preenchido",IF(COUNTIF(F28:I28,"X")<>1,"FALTA/DUPLA: CONDIÇÃO DA PLATAFORMA",IF(COUNTIF(J28:L28,"X")<>1,"FALTA/DUPLA: DRENAGEM SUPERFICIAL","OK"))) -> OK
A29: 414ETO0020 | B29: C | C29: 20 | D29: 21 | E29: =D29-C29 -> 1 | G29: X | J29: X | M29: POSSIVEL ATOLEIRO KM-28,9 | N29: =IF(COUNTA(F29:L29)=0,"— não preenchido",IF(COUNTIF(F29:I29,"X")<>1,"FALTA/DUPLA: CONDIÇÃO DA PLATAFORMA",IF(COUNTIF(J29:L29,"X")<>1,"FALTA/DUPLA: DRENAGEM SUPERFICIAL","OK"))) -> OK
A30: 414ETO0020 | B30: C | C30: 21 | D30: 22 | E30: =D30-C30 -> 1 | G30: X | J30: X | M30: POSSIVEL ATOLEIRO KM-28,9 | N30: =IF(COUNTA(F30:L30)=0,"— não preenchido",IF(COUNTIF(F30:I30,"X")<>1,"FALTA/DUPLA: CONDIÇÃO DA PLATAFORMA",IF(COUNTIF(J30:L30,"X")<>1,"FALTA/DUPLA: DRENAGEM SUPERFICIAL","OK"))) -> OK
A31: 414ETO0020 | B31: C | C31: 22 | D31: 23 | E31: =D31-C31 -> 1 | G31: X | K31: X | M31: FAZER PATROLAMENTO DO KM-0,0 A 6,00 E KM-20,00 A 29,00 | N31: =IF(COUNTA(F31:L31)=0,"— não preenchido",IF(COUNTIF(F31:I31,"X")<>1,"FALTA/DUPLA: CONDIÇÃO DA PLATAFORMA",IF(COUNTIF(J31:L31,"X")<>1,"FALTA/DUPLA: DRENAGEM SUPERFICIAL","OK"))) -> OK
A32: 414ETO0020 | B32: C | C32: 23 | D32: 24 | E32: =D32-C32 -> 1 | G32: X | K32: X | M32: FAZER PATROLAMENTO DO KM-0,0 A 6,00 E KM-20,00 A 29,00 | N32: =IF(COUNTA(F32:L32)=0,"— não preenchido",IF(COUNTIF(F32:I32,"X")<>1,"FALTA/DUPLA: CONDIÇÃO DA PLATAFORMA",IF(COUNTIF(J32:L32,"X")<>1,"FALTA/DUPLA: DRENAGEM SUPERFICIAL","OK"))) -> OK
A33: 414ETO0020 | B33: C | C33: 24 | D33: 25 | E33: =D33-C33 -> 1 | G33: X | K33: X | N33: =IF(COUNTA(F33:L33)=0,"— não preenchido",IF(COUNTIF(F33:I33,"X")<>1,"FALTA/DUPLA: CONDIÇÃO DA PLATAFORMA",IF(COUNTIF(J33:L33,"X")<>1,"FALTA/DUPLA: DRENAGEM SUPERFICIAL","OK"))) -> OK
A34: 414ETO0020 | B34: C | C34: 25 | D34: 26 | E34: =D34-C34 -> 1 | G34: X | K34: X | N34: =IF(COUNTA(F34:L34)=0,"— não preenchido",IF(COUNTIF(F34:I34,"X")<>1,"FALTA/DUPLA: CONDIÇÃO DA PLATAFORMA",IF(COUNTIF(J34:L34,"X")<>1,"FALTA/DUPLA: DRENAGEM SUPERFICIAL","OK"))) -> OK
A35: 414ETO0020 | B35: C | C35: 26 | D35: 27 | E35: =D35-C35 -> 1 | G35: X | K35: X | N35: =IF(COUNTA(F35:L35)=0,"— não preenchido",IF(COUNTIF(F35:I35,"X")<>1,"FALTA/DUPLA: CONDIÇÃO DA PLATAFORMA",IF(COUNTIF(J35:L35,"X")<>1,"FALTA/DUPLA: DRENAGEM SUPERFICIAL","OK"))) -> OK
A36: 414ETO0020 | B36: C | C36: 27 | D36: 28 | E36: =D36-C36 -> 1 | G36: X | K36: X | N36: =IF(COUNTA(F36:L36)=0,"— não preenchido",IF(COUNTIF(F36:I36,"X")<>1,"FALTA/DUPLA: CONDIÇÃO DA PLATAFORMA",IF(COUNTIF(J36:L36,"X")<>1,"FALTA/DUPLA: DRENAGEM SUPERFICIAL","OK"))) -> OK
A37: 414ETO0020 | B37: C | C37: 28 | D37: 29 | E37: =D37-C37 -> 1 | G37: X | K37: X | N37: =IF(COUNTA(F37:L37)=0,"— não preenchido",IF(COUNTIF(F37:I37,"X")<>1,"FALTA/DUPLA: CONDIÇÃO DA PLATAFORMA",IF(COUNTIF(J37:L37,"X")<>1,"FALTA/DUPLA: DRENAGEM SUPERFICIAL","OK"))) -> OK
A38: 414ETO0020 | B38: C | C38: 29 | D38: 30 | E38: =D38-C38 -> 1 | G38: X | K38: X | N38: =IF(COUNTA(F38:L38)=0,"— não preenchido",IF(COUNTIF(F38:I38,"X")<>1,"FALTA/DUPLA: CONDIÇÃO DA PLATAFORMA",IF(COUNTIF(J38:L38,"X")<>1,"FALTA/DUPLA: DRENAGEM SUPERFICIAL","OK"))) -> OK
A39: 414ETO0020 | B39: C | C39: 30 | D39: 31 | E39: =D39-C39 -> 1 | G39: X | K39: X | N39: =IF(COUNTA(F39:L39)=0,"— não preenchido",IF(COUNTIF(F39:I39,"X")<>1,"FALTA/DUPLA: CONDIÇÃO DA PLATAFORMA",IF(COUNTIF(J39:L39,"X")<>1,"FALTA/DUPLA: DRENAGEM SUPERFICIAL","OK"))) -> OK
A40: 414ETO0020 | B40: C | C40: 31 | D40: 32 | E40: =D40-C40 -> 1 | G40: X | K40: X | N40: =IF(COUNTA(F40:L40)=0,"— não preenchido",IF(COUNTIF(F40:I40,"X")<>1,"FALTA/DUPLA: CONDIÇÃO DA PLATAFORMA",IF(COUNTIF(J40:L40,"X")<>1,"FALTA/DUPLA: DRENAGEM SUPERFICIAL","OK"))) -> OK
A41: 414ETO0020 | B41: C | C41: 32 | D41: 32.812789 | E41: =D41-C41 -> 0.81278857 | N41: =IF(COUNTA(F41:L41)=0,"— não preenchido",IF(COUNTIF(F41:I41,"X")<>1,"FALTA/DUPLA: CONDIÇÃO DA PLATAFORMA",IF(COUNTIF(J41:L41,"X")<>1,"FALTA/DUPLA: DRENAGEM SUPERFICIAL","OK"))) -> — não preenchido
A43: ____________________________________________ | G43: ____________________________________________
A44: TÉCNICO RESPONSÁVEL PELA INSPEÇÃO | G44: VISTO DA SUPERVISÃO
A46: RESUMO DO TRECHO — KM LANÇADO POR ITEM
A47: KM LANÇADO | F47: =SUMIF(F$9:F$41,"X",$E$9:$E$41) -> 12 | G47: =SUMIF(G$9:G$41,"X",$E$9:$E$41) -> 20 | H47: =SUMIF(H$9:H$41,"X",$E$9:$E$41) -> 0 | I47: =SUMIF(I$9:I$41,"X",$E$9:$E$41) -> 0 | J47: =SUMIF(J$9:J$41,"X",$E$9:$E$41) -> 16 | K47: =SUMIF(K$9:K$41,"X",$E$9:$E$41) -> 12 | L47: =SUMIF(L$9:L$41,"X",$E$9:$E$41) -> 4
A48: % DA EXTENSÃO | F48: =IF($I50=0,0,F47/$I50) -> 0.36571107 | G48: =IF($I50=0,0,G47/$I50) -> 0.60951845 | H48: =IF($I50=0,0,H47/$I50) -> 0 | I48: =IF($I50=0,0,I47/$I50) -> 0 | J48: =IF($I50=0,0,J47/$I50) -> 0.48761476 | K48: =IF($I50=0,0,K47/$I50) -> 0.36571107 | L48: =IF($I50=0,0,L47/$I50) -> 0.12190369
A49: CONFERÊNCIA POR GRUPO | F49: =IF(SUM(F47:I47)=0,"— não preenchido",IF(ROUND(SUM(F47:I47)-$I50,3)=0,"OK — "&ROUND(SUM(F47:I47),3)&" km","ERRO — dif. de "&ROUND(SUM(F47:I47)-$I50,3)&" km")) -> ERRO — dif. de -0,813 km | J49: =IF(SUM(J47:L47)=0,"— não preenchido",IF(ROUND(SUM(J47:L47)-$I50,3)=0,"OK — "&ROUND(SUM(J47:L47),3)&" km","ERRO — dif. de "&ROUND(SUM(J47:L47)-$I50,3)&" km")) -> ERRO — dif. de -0,813 km
A50: EXTENSÃO TOTAL DO TRECHO | I50: =SUM(E9:E41) -> 32.812789 | M50: =COUNTIF(N9:N41,"OK")&" de "&COUNT($E$9:$E$41)&" linhas conferidas" -> 32 de 33 linhas conferidas
A52: LEGENDA
A53: REGULAR | E53: Até 10 irregularidades por km
A54: RUIM | E54: Mais de 10 irregularidades por km
A55: PÉSSIMA | E55: Atoleiro ou ponto crítico
A56: SIT. | E56: LEN = leito natural · EOP = em obras de pavimentação
A57: FAIXA AZUL | E57: Cabeçalho de cada S.R.E.: descrição, situação, jurisdição, extensão e coordenada de início.
A58: INÍCIO / FIM (KM) | E58: Contados de 0 até o fim de CADA S.R.E. Não é o marco quilométrico da rodovia.
A59: SENT. | E59: C = crescente · D = decrescente
A60: FAIXA CINZA | E60: Segmento fora do escopo do contrato: você passa por ele, mas não preenche.
A61: CÉLULA VERMELHA | E61: Mais de uma X no mesmo grupo. Apague uma delas.
A62: CONFERÊNCIA | E62: Só na tela, não sai impresso. Fica OK com uma X em cada grupo.

Sheet 37
A1: PROGRAMA DE MANUTENÇÃO RODOVIÁRIA — FICHA DE INSPEÇÃO — RODOVIAS NÃO PAVIMENTADAS | P1: Valores dos gráficos — troca 0 por N/D para a fatia não aparecer. Não editar.
A2: REGIÃO: 1 — TOCANTINÓPOLIS | D2: MÊS / ANO: | G2: DATA: | J2: TÉCNICO: | P2: =IF(F27=0,NA(),F27) -> #N/A | Q2: =IF(G27=0,NA(),G27) -> 8 | R2: =IF(H27=0,NA(),H27) -> 4.1357005 | S2: =IF(I27=0,NA(),I27) -> #N/A | T2: =IF(J27=0,NA(),J27) -> 4 | U2: =IF(K27=0,NA(),K27) -> 8.1357005 | V2: =IF(L27=0,NA(),L27) -> #N/A
A3: TRECHO 37 — RODOVIA TO-415 - TRECHO ENTR. RODOVIA VICINAL - NAZARÉ | K3: EXTENSÃO: 12,136 km · 1 S.R.E.
A4: COMO PREENCHER: uma X em UMA coluna de cada grupo, por linha. Se houver mais de um defeito no mesmo km, marque o PREDOMINANTE e escreva o resto em OBSERVAÇÕES. A quilometragem é contada de 0 até o fim de CADA S.R.E. (não é o marco da rodovia).
A6: S.R.E. | B6: SENT. | C6: INÍCIO (KM) | D6: FIM (KM) | E6: EXT. (KM) | F6: CONDIÇÃO DA PLATAFORMA | J6: DRENAGEM SUPERFICIAL | M6: OBSERVAÇÕES | N6: CONFERÊNCIA (só na tela)
F7: BOM | G7: REGULAR | H7: RUIM | I7: PÉSSIMA | J7: LIMPA | K7: OBSTRUÍDA | L7: AUSENTE
A8: S.R.E. 415ETO0030 | ENTR. ROD MUNICIPAL - NAZARÉ *TRECHO URBANO* | LEN · Estadual · 12.136 km · início: -6.372392, -47.660405
A9: 415ETO0030 | B9: C | C9: 0 | D9: 1 | E9: =D9-C9 -> 1 | H9: X | K9: X | M9: PONTE DE CONCRETO KM-1,3 ( 4,50 / 10,0 ) | N9: =IF(COUNTA(F9:L9)=0,"— não preenchido",IF(COUNTIF(F9:I9,"X")<>1,"FALTA/DUPLA: CONDIÇÃO DA PLATAFORMA",IF(COUNTIF(J9:L9,"X")<>1,"FALTA/DUPLA: DRENAGEM SUPERFICIAL","OK"))) -> OK
A10: 415ETO0030 | B10: C | C10: 1 | D10: 2 | E10: =D10-C10 -> 1 | H10: X | K10: X | M10: PONTE DE CONCRETO KM-1,3 ( 4,50 / 10,0 ) | N10: =IF(COUNTA(F10:L10)=0,"— não preenchido",IF(COUNTIF(F10:I10,"X")<>1,"FALTA/DUPLA: CONDIÇÃO DA PLATAFORMA",IF(COUNTIF(J10:L10,"X")<>1,"FALTA/DUPLA: DRENAGEM SUPERFICIAL","OK"))) -> OK
A11: 415ETO0030 | B11: C | C11: 2 | D11: 3 | E11: =D11-C11 -> 1 | G11: X | K11: X | N11: =IF(COUNTA(F11:L11)=0,"— não preenchido",IF(COUNTIF(F11:I11,"X")<>1,"FALTA/DUPLA: CONDIÇÃO DA PLATAFORMA",IF(COUNTIF(J11:L11,"X")<>1,"FALTA/DUPLA: DRENAGEM SUPERFICIAL","OK"))) -> OK
A12: 415ETO0030 | B12: C | C12: 3 | D12: 4 | E12: =D12-C12 -> 1 | G12: X | K12: X | N12: =IF(COUNTA(F12:L12)=0,"— não preenchido",IF(COUNTIF(F12:I12,"X")<>1,"FALTA/DUPLA: CONDIÇÃO DA PLATAFORMA",IF(COUNTIF(J12:L12,"X")<>1,"FALTA/DUPLA: DRENAGEM SUPERFICIAL","OK"))) -> OK
A13: 415ETO0030 | B13: C | C13: 4 | D13: 5 | E13: =D13-C13 -> 1 | G13: X | J13: X | N13: =IF(COUNTA(F13:L13)=0,"— não preenchido",IF(COUNTIF(F13:I13,"X")<>1,"FALTA/DUPLA: CONDIÇÃO DA PLATAFORMA",IF(COUNTIF(J13:L13,"X")<>1,"FALTA/DUPLA: DRENAGEM SUPERFICIAL","OK"))) -> OK
A14: 415ETO0030 | B14: C | C14: 5 | D14: 6 | E14: =D14-C14 -> 1 | G14: X | J14: X | N14: =IF(COUNTA(F14:L14)=0,"— não preenchido",IF(COUNTIF(F14:I14,"X")<>1,"FALTA/DUPLA: CONDIÇÃO DA PLATAFORMA",IF(COUNTIF(J14:L14,"X")<>1,"FALTA/DUPLA: DRENAGEM SUPERFICIAL","OK"))) -> OK
A15: 415ETO0030 | B15: C | C15: 6 | D15: 7 | E15: =D15-C15 -> 1 | G15: X | J15: X | N15: =IF(COUNTA(F15:L15)=0,"— não preenchido",IF(COUNTIF(F15:I15,"X")<>1,"FALTA/DUPLA: CONDIÇÃO DA PLATAFORMA",IF(COUNTIF(J15:L15,"X")<>1,"FALTA/DUPLA: DRENAGEM SUPERFICIAL","OK"))) -> OK
A16: 415ETO0030 | B16: C | C16: 7 | D16: 8 | E16: =D16-C16 -> 1 | G16: X | J16: X | N16: =IF(COUNTA(F16:L16)=0,"— não preenchido",IF(COUNTIF(F16:I16,"X")<>1,"FALTA/DUPLA: CONDIÇÃO DA PLATAFORMA",IF(COUNTIF(J16:L16,"X")<>1,"FALTA/DUPLA: DRENAGEM SUPERFICIAL","OK"))) -> OK
A17: 415ETO0030 | B17: C | C17: 8 | D17: 9 | E17: =D17-C17 -> 1 | G17: X | K17: X | N17: =IF(COUNTA(F17:L17)=0,"— não preenchido",IF(COUNTIF(F17:I17,"X")<>1,"FALTA/DUPLA: CONDIÇÃO DA PLATAFORMA",IF(COUNTIF(J17:L17,"X")<>1,"FALTA/DUPLA: DRENAGEM SUPERFICIAL","OK"))) -> OK
A18: 415ETO0030 | B18: C | C18: 9 | D18: 10 | E18: =D18-C18 -> 1 | G18: X | K18: X | N18: =IF(COUNTA(F18:L18)=0,"— não preenchido",IF(COUNTIF(F18:I18,"X")<>1,"FALTA/DUPLA: CONDIÇÃO DA PLATAFORMA",IF(COUNTIF(J18:L18,"X")<>1,"FALTA/DUPLA: DRENAGEM SUPERFICIAL","OK"))) -> OK
A19: 415ETO0030 | B19: C | C19: 10 | D19: 11 | E19: =D19-C19 -> 1 | H19: X | K19: X | N19: =IF(COUNTA(F19:L19)=0,"— não preenchido",IF(COUNTIF(F19:I19,"X")<>1,"FALTA/DUPLA: CONDIÇÃO DA PLATAFORMA",IF(COUNTIF(J19:L19,"X")<>1,"FALTA/DUPLA: DRENAGEM SUPERFICIAL","OK"))) -> OK
A20: 415ETO0030 | B20: C | C20: 11 | D20: 12 | E20: =D20-C20 -> 1 | H20: X | K20: X | N20: =IF(COUNTA(F20:L20)=0,"— não preenchido",IF(COUNTIF(F20:I20,"X")<>1,"FALTA/DUPLA: CONDIÇÃO DA PLATAFORMA",IF(COUNTIF(J20:L20,"X")<>1,"FALTA/DUPLA: DRENAGEM SUPERFICIAL","OK"))) -> OK
A21: 415ETO0030 | B21: C | C21: 12 | D21: 12.1357 | E21: =D21-C21 -> 0.13570045 | H21: X | K21: X | N21: =IF(COUNTA(F21:L21)=0,"— não preenchido",IF(COUNTIF(F21:I21,"X")<>1,"FALTA/DUPLA: CONDIÇÃO DA PLATAFORMA",IF(COUNTIF(J21:L21,"X")<>1,"FALTA/DUPLA: DRENAGEM SUPERFICIAL","OK"))) -> OK
A23: ____________________________________________ | G23: ____________________________________________
A24: TÉCNICO RESPONSÁVEL PELA INSPEÇÃO | G24: VISTO DA SUPERVISÃO
A26: RESUMO DO TRECHO — KM LANÇADO POR ITEM
A27: KM LANÇADO | F27: =SUMIF(F$9:F$21,"X",$E$9:$E$21) -> 0 | G27: =SUMIF(G$9:G$21,"X",$E$9:$E$21) -> 8 | H27: =SUMIF(H$9:H$21,"X",$E$9:$E$21) -> 4.1357005 | I27: =SUMIF(I$9:I$21,"X",$E$9:$E$21) -> 0 | J27: =SUMIF(J$9:J$21,"X",$E$9:$E$21) -> 4 | K27: =SUMIF(K$9:K$21,"X",$E$9:$E$21) -> 8.1357005 | L27: =SUMIF(L$9:L$21,"X",$E$9:$E$21) -> 0
A28: % DA EXTENSÃO | F28: =IF($I30=0,0,F27/$I30) -> 0 | G28: =IF($I30=0,0,G27/$I30) -> 0.65921205 | H28: =IF($I30=0,0,H27/$I30) -> 0.34078795 | I28: =IF($I30=0,0,I27/$I30) -> 0 | J28: =IF($I30=0,0,J27/$I30) -> 0.32960603 | K28: =IF($I30=0,0,K27/$I30) -> 0.67039397 | L28: =IF($I30=0,0,L27/$I30) -> 0
A29: CONFERÊNCIA POR GRUPO | F29: =IF(SUM(F27:I27)=0,"— não preenchido",IF(ROUND(SUM(F27:I27)-$I30,3)=0,"OK — "&ROUND(SUM(F27:I27),3)&" km","ERRO — dif. de "&ROUND(SUM(F27:I27)-$I30,3)&" km")) -> OK — 12,136 km | J29: =IF(SUM(J27:L27)=0,"— não preenchido",IF(ROUND(SUM(J27:L27)-$I30,3)=0,"OK — "&ROUND(SUM(J27:L27),3)&" km","ERRO — dif. de "&ROUND(SUM(J27:L27)-$I30,3)&" km")) -> OK — 12,136 km
A30: EXTENSÃO TOTAL DO TRECHO | I30: =SUM(E9:E21) -> 12.1357 | M30: =COUNTIF(N9:N21,"OK")&" de "&COUNT($E$9:$E$21)&" linhas conferidas" -> 13 de 13 linhas conferidas
A32: LEGENDA
A33: REGULAR | E33: Até 10 irregularidades por km
A34: RUIM | E34: Mais de 10 irregularidades por km
A35: PÉSSIMA | E35: Atoleiro ou ponto crítico
A36: SIT. | E36: LEN = leito natural · EOP = em obras de pavimentação
A37: FAIXA AZUL | E37: Cabeçalho de cada S.R.E.: descrição, situação, jurisdição, extensão e coordenada de início.
A38: INÍCIO / FIM (KM) | E38: Contados de 0 até o fim de CADA S.R.E. Não é o marco quilométrico da rodovia.
A39: SENT. | E39: C = crescente · D = decrescente
A40: FAIXA CINZA | E40: Segmento fora do escopo do contrato: você passa por ele, mas não preenche.
A41: CÉLULA VERMELHA | E41: Mais de uma X no mesmo grupo. Apague uma delas.
A42: CONFERÊNCIA | E42: Só na tela, não sai impresso. Fica OK com uma X em cada grupo.

Sheet LISTAS
A1: TÉCNICOS
A2: ENG. VINÍCIUS RODRIGUES FERREIRA DE OLIVEIRA
A3: LABORATORISTA CLAUDIOMIRO VIEIRA LOPES
