Workbook

Sheet RESUMO
A1: RESUMO CONSOLIDADO — REGIÃO 1 — RODOVIAS NÃO PAVIMENTADAS | M1: Valores dos gráficos — troca 0 por N/D para a fatia não aparecer. Não editar.
A2: Todos os números vêm das abas dos trechos por referência direta. Não digite nada aqui. A coluna CONFERÊNCIA acusa qualquer trecho em que a soma das marcações não fecha com a extensão. | M2: =IF(D20=0,NA(),D20) -> 410.0688 | N2: =IF(E20=0,NA(),E20) -> 191.48836 | O2: =IF(F20=0,NA(),F20) -> #N/A | P2: =IF(G20=0,NA(),G20) -> 3 | Q2: =IF(H20=0,NA(),H20) -> 282.67376 | R2: =IF(I20=0,NA(),I20) -> 216.3254 | S2: =IF(J20=0,NA(),J20) -> 92.558004
A4: Nº TRECHO | B4: TRECHO | C4: EXTENSÃO (KM) | D4: CONDIÇÃO DA PLATAFORMA | H4: DRENAGEM SUPERFICIAL | K4: CONFERÊNCIA
D5: BOM | E5: REGULAR | F5: RUIM | G5: PÉSSIMA | H5: LIMPA | I5: OBSTRUÍDA | J5: AUSENTE
A6: 245 | B6: RODOVIA TO-040 - TRECHO ENTR. TO-369 - ENTR. TO-280 (ALMAS) | C6: ='245'!I74 -> 56.716372 | D6: ='245'!F71 -> 0 | E6: ='245'!G71 -> 0 | F6: ='245'!H71 -> 0 | G6: ='245'!I71 -> 0 | H6: ='245'!J71 -> 0 | I6: ='245'!K71 -> 0 | J6: ='245'!L71 -> 0 | K6: =IF(SUM(D6:G6)=0,"— não preenchido",IF(ROUND(SUM(D6:G6)-C6,3)=0,"OK","ERRO — dif. de "&ROUND(SUM(D6:G6)-C6,3)&" km")) -> — não preenchido
A7: 260 | B7: RODOVIA TO-296 - TRECHO ENTR. TO-050 - ENTR. TO-110 (COMBINADO) | C7: ='260'!I71 -> 52.135569 | D7: ='260'!F68 -> 15.279582 | E7: ='260'!G68 -> 33 | F7: ='260'!H68 -> 0 | G7: ='260'!I68 -> 3 | H7: ='260'!J68 -> 0 | I7: ='260'!K68 -> 30.279582 | J7: ='260'!L68 -> 8 | K7: =IF(SUM(D7:G7)=0,"— não preenchido",IF(ROUND(SUM(D7:G7)-C7,3)=0,"OK","ERRO — dif. de "&ROUND(SUM(D7:G7)-C7,3)&" km")) -> ERRO — dif. de -0,856 km
A8: 261 | B8: RODOVIA TO-296 - TRECHO ENTR. BR-242 (POVOADO SÃO BOM JESUS DAS PALMAS) - ENTR. TO-050 | C8: ='261'!I68 -> 50.619704 | D8: ='261'!F65 -> 0 | E8: ='261'!G65 -> 50.619704 | F8: ='261'!H65 -> 0 | G8: ='261'!I65 -> 0 | H8: ='261'!J65 -> 22 | I8: ='261'!K65 -> 28.619704 | J8: ='261'!L65 -> 0 | K8: =IF(SUM(D8:G8)=0,"— não preenchido",IF(ROUND(SUM(D8:G8)-C8,3)=0,"OK","ERRO — dif. de "&ROUND(SUM(D8:G8)-C8,3)&" km")) -> OK
A9: 262 | B9: RODOVIA TO-369 - TRECHO ENTR. TO-040 - ENTR. TO-476 (FUNIL - RIO SONINHO) | C9: ='262'!I41 -> 23.951037 | D9: ='262'!F38 -> 0 | E9: ='262'!G38 -> 23.951037 | F9: ='262'!H38 -> 0 | G9: ='262'!I38 -> 0 | H9: ='262'!J38 -> 17 | I9: ='262'!K38 -> 6.9510366 | J9: ='262'!L38 -> 0 | K9: =IF(SUM(D9:G9)=0,"— não preenchido",IF(ROUND(SUM(D9:G9)-C9,3)=0,"OK","ERRO — dif. de "&ROUND(SUM(D9:G9)-C9,3)&" km")) -> OK
A10: 263 | B10: RODOVIA TO-387 - TRECHO CONCEIÇÃO DO TOCANTINS - TAIPAS DO TOCANTINS | C10: ='263'!I57 -> 39.5018 | D10: ='263'!F54 -> 39.5018 | E10: ='263'!G54 -> 0 | F10: ='263'!H54 -> 0 | G10: ='263'!I54 -> 0 | H10: ='263'!J54 -> 32.5018 | I10: ='263'!K54 -> 7 | J10: ='263'!L54 -> 0 | K10: =IF(SUM(D10:G10)=0,"— não preenchido",IF(ROUND(SUM(D10:G10)-C10,3)=0,"OK","ERRO — dif. de "&ROUND(SUM(D10:G10)-C10,3)&" km")) -> OK
A11: 264 | B11: RODOVIA TO-387 - TRECHO ENTR. BR-010 - ENTR. TO-050 (CONCEIÇÃO DO TOCANTINS) | C11: ='264'!I60 -> 42.464393 | D11: ='264'!F57 -> 25 | E11: ='264'!G57 -> 17.464393 | F11: ='264'!H57 -> 0 | G11: ='264'!I57 -> 0 | H11: ='264'!J57 -> 0 | I11: ='264'!K57 -> 42.464393 | J11: ='264'!L57 -> 0 | K11: =IF(SUM(D11:G11)=0,"— não preenchido",IF(ROUND(SUM(D11:G11)-C11,3)=0,"OK","ERRO — dif. de "&ROUND(SUM(D11:G11)-C11,3)&" km")) -> OK
A12: 265 | B12: RODOVIA TO-387 - TRECHO ENTR. TO-040 - TAIPAS DO TOCANTINS | C12: ='265'!I85 -> 67.817857 | D12: ='265'!F82 -> 67.817857 | E12: ='265'!G82 -> 0 | F12: ='265'!H82 -> 0 | G12: ='265'!I82 -> 0 | H12: ='265'!J82 -> 67.817857 | I12: ='265'!K82 -> 0 | J12: ='265'!L82 -> 0 | K12: =IF(SUM(D12:G12)=0,"— não preenchido",IF(ROUND(SUM(D12:G12)-C12,3)=0,"OK","ERRO — dif. de "&ROUND(SUM(D12:G12)-C12,3)&" km")) -> OK
A13: 267 | B13: RODOVIA TO-476 - TRECHO RIO DA CONCEIÇÃO - ENTR. TO-477 | C13: ='267'!I32 -> 14.476203 | D13: ='267'!F29 -> 5 | E13: ='267'!G29 -> 9.4762034 | F13: ='267'!H29 -> 0 | G13: ='267'!I29 -> 0 | H13: ='267'!J29 -> 0 | I13: ='267'!K29 -> 14.476203 | J13: ='267'!L29 -> 0 | K13: =IF(SUM(D13:G13)=0,"— não preenchido",IF(ROUND(SUM(D13:G13)-C13,3)=0,"OK","ERRO — dif. de "&ROUND(SUM(D13:G13)-C13,3)&" km")) -> OK
A14: 268 | B14: RODOVIA TO-477 - TRECHO ALMAS - ENTR. TO-476 | C14: ='268'!I52 -> 34.769106 | D14: ='268'!F49 -> 0 | E14: ='268'!G49 -> 34.769106 | F14: ='268'!H49 -> 0 | G14: ='268'!I49 -> 0 | H14: ='268'!J49 -> 34.769106 | I14: ='268'!K49 -> 0 | J14: ='268'!L49 -> 0 | K14: =IF(SUM(D14:G14)=0,"— não preenchido",IF(ROUND(SUM(D14:G14)-C14,3)=0,"OK","ERRO — dif. de "&ROUND(SUM(D14:G14)-C14,3)&" km")) -> OK
A15: 269 | B15: RODOVIA TO-477 - TRECHO ENTR. BR-010 (POVOADO BONFIM) - ALMAS | C15: ='269'!I92 -> 73.039576 | D15: ='269'!F89 -> 73.039576 | E15: ='269'!G89 -> 0 | F15: ='269'!H89 -> 0 | G15: ='269'!I89 -> 0 | H15: ='269'!J89 -> 11 | I15: ='269'!K89 -> 62.039576 | J15: ='269'!L89 -> 0 | K15: =IF(SUM(D15:G15)=0,"— não preenchido",IF(ROUND(SUM(D15:G15)-C15,3)=0,"OK","ERRO — dif. de "&ROUND(SUM(D15:G15)-C15,3)&" km")) -> OK
A16: 270 | B16: RODOVIA TO-485 - TRECHO TAIPAS DO TOCANTINS - ENTR. TO-110 | C16: ='270'!I123 -> 98.762685 | D16: ='270'!F120 -> 87.643029 | E16: ='270'!G120 -> 11 | F16: ='270'!H120 -> 0 | G16: ='270'!I120 -> 0 | H16: ='270'!J120 -> 60.438444 | I16: ='270'!K120 -> 10.4949 | J16: ='270'!L120 -> 27.709685 | K16: =IF(SUM(D16:G16)=0,"— não preenchido",IF(ROUND(SUM(D16:G16)-C16,3)=0,"OK","ERRO — dif. de "&ROUND(SUM(D16:G16)-C16,3)&" km")) -> ERRO — dif. de -0,12 km
A17: 271 | B17: RODOVIA TO-487 - TRECHO ENTR. TO-485 (MIMOSA DOS MARINS) - ENTR. BR-242 | C17: ='271'!I39 -> 21.62153 | D17: ='271'!F36 -> 21 | E17: ='271'!G36 -> 0 | F17: ='271'!H36 -> 0 | G17: ='271'!I36 -> 0 | H17: ='271'!J36 -> 0 | I17: ='271'!K36 -> 14 | J17: ='271'!L36 -> 7 | K17: =IF(SUM(D17:G17)=0,"— não preenchido",IF(ROUND(SUM(D17:G17)-C17,3)=0,"OK","ERRO — dif. de "&ROUND(SUM(D17:G17)-C17,3)&" km")) -> ERRO — dif. de -0,622 km
A18: 272 | B18: RODOVIA TO-497 - TRECHO ENTR. BR-242 - ENTR. TO-296 (POVOADO JACARÉ) | C18: ='272'!I98 -> 75.786951 | D18: ='272'!F95 -> 75.786951 | E18: ='272'!G95 -> 0 | F18: ='272'!H95 -> 0 | G18: ='272'!I95 -> 0 | H18: ='272'!J95 -> 25.938632 | I18: ='272'!K95 -> 0 | J18: ='272'!L95 -> 49.848319 | K18: =IF(SUM(D18:G18)=0,"— não preenchido",IF(ROUND(SUM(D18:G18)-C18,3)=0,"OK","ERRO — dif. de "&ROUND(SUM(D18:G18)-C18,3)&" km")) -> OK
A19: 273 | B19: RODOVIA TO-499 - TRECHO ENTR. TO-050 - DIVISA TO-GO | C19: ='273'!I29 -> 11.207917 | D19: ='273'!F26 -> 0 | E19: ='273'!G26 -> 11.207917 | F19: ='273'!H26 -> 0 | G19: ='273'!I26 -> 0 | H19: ='273'!J26 -> 11.207917 | I19: ='273'!K26 -> 0 | J19: ='273'!L26 -> 0 | K19: =IF(SUM(D19:G19)=0,"— não preenchido",IF(ROUND(SUM(D19:G19)-C19,3)=0,"OK","ERRO — dif. de "&ROUND(SUM(D19:G19)-C19,3)&" km")) -> OK
B20: TOTAL PERCORRIDO NO MÊS | C20: =SUM(C6:C19) -> 662.8707 | D20: =SUM(D6:D19) -> 410.0688 | E20: =SUM(E6:E19) -> 191.48836 | F20: =SUM(F6:F19) -> 0 | G20: =SUM(G6:G19) -> 3 | H20: =SUM(H6:H19) -> 282.67376 | I20: =SUM(I6:I19) -> 216.3254 | J20: =SUM(J6:J19) -> 92.558004
B21: % DA EXTENSÃO DA MALHA (662.87 km) | D21: =SUM(D20:G20)/662.87 -> 0.91202974 | H21: (soma do grupo 'CONDIÇÃO DA PLATAFORMA' dividida pela malha)

Sheet 245
A1: PROGRAMA DE MANUTENÇÃO RODOVIÁRIA — FICHA DE INSPEÇÃO — RODOVIAS NÃO PAVIMENTADAS | P1: Valores dos gráficos — troca 0 por N/D para a fatia não aparecer. Não editar.
A2: REGIÃO: 13 — DIANÓPOLIS | D2: MÊS / ANO: | G2: DATA: | J2: TÉCNICO: | P2: =IF(F71=0,NA(),F71) -> #N/A | Q2: =IF(G71=0,NA(),G71) -> #N/A | R2: =IF(H71=0,NA(),H71) -> #N/A | S2: =IF(I71=0,NA(),I71) -> #N/A | T2: =IF(J71=0,NA(),J71) -> #N/A | U2: =IF(K71=0,NA(),K71) -> #N/A | V2: =IF(L71=0,NA(),L71) -> #N/A
A3: TRECHO 245 — RODOVIA TO-040 - TRECHO ENTR. TO-369 - ENTR. TO-280 (ALMAS) | K3: EXTENSÃO: 56,716 km · 1 S.R.E.
A4: COMO PREENCHER: uma X em UMA coluna de cada grupo, por linha. Se houver mais de um defeito no mesmo km, marque o PREDOMINANTE e escreva o resto em OBSERVAÇÕES. A quilometragem é contada de 0 até o fim de CADA S.R.E. (não é o marco da rodovia).
A6: S.R.E. | B6: SENT. | C6: INÍCIO (KM) | D6: FIM (KM) | E6: EXT. (KM) | F6: CONDIÇÃO DA PLATAFORMA | J6: DRENAGEM SUPERFICIAL | M6: OBSERVAÇÕES | N6: CONFERÊNCIA (só na tela)
F7: BOM | G7: REGULAR | H7: RUIM | I7: PÉSSIMA | J7: LIMPA | K7: OBSTRUÍDA | L7: AUSENTE
A8: S.R.E. 040ETO0140 | ENTR. TO-369 - ENTR. TO-280 (ALMAS) | EOP · Estadual · 56.716 km · início: -11.163844, -47.299488
A9: 040ETO0140 | B9: C | C9: 0 | D9: 1 | E9: =D9-C9 -> 1 | N9: =IF(COUNTA(F9:L9)=0,"— não preenchido",IF(COUNTIF(F9:I9,"X")<>1,"FALTA/DUPLA: CONDIÇÃO DA PLATAFORMA",IF(COUNTIF(J9:L9,"X")<>1,"FALTA/DUPLA: DRENAGEM SUPERFICIAL","OK"))) -> — não preenchido
A10: 040ETO0140 | B10: C | C10: 1 | D10: 2 | E10: =D10-C10 -> 1 | N10: =IF(COUNTA(F10:L10)=0,"— não preenchido",IF(COUNTIF(F10:I10,"X")<>1,"FALTA/DUPLA: CONDIÇÃO DA PLATAFORMA",IF(COUNTIF(J10:L10,"X")<>1,"FALTA/DUPLA: DRENAGEM SUPERFICIAL","OK"))) -> — não preenchido
A11: 040ETO0140 | B11: C | C11: 2 | D11: 3 | E11: =D11-C11 -> 1 | N11: =IF(COUNTA(F11:L11)=0,"— não preenchido",IF(COUNTIF(F11:I11,"X")<>1,"FALTA/DUPLA: CONDIÇÃO DA PLATAFORMA",IF(COUNTIF(J11:L11,"X")<>1,"FALTA/DUPLA: DRENAGEM SUPERFICIAL","OK"))) -> — não preenchido
A12: 040ETO0140 | B12: C | C12: 3 | D12: 4 | E12: =D12-C12 -> 1 | N12: =IF(COUNTA(F12:L12)=0,"— não preenchido",IF(COUNTIF(F12:I12,"X")<>1,"FALTA/DUPLA: CONDIÇÃO DA PLATAFORMA",IF(COUNTIF(J12:L12,"X")<>1,"FALTA/DUPLA: DRENAGEM SUPERFICIAL","OK"))) -> — não preenchido
A13: 040ETO0140 | B13: C | C13: 4 | D13: 5 | E13: =D13-C13 -> 1 | N13: =IF(COUNTA(F13:L13)=0,"— não preenchido",IF(COUNTIF(F13:I13,"X")<>1,"FALTA/DUPLA: CONDIÇÃO DA PLATAFORMA",IF(COUNTIF(J13:L13,"X")<>1,"FALTA/DUPLA: DRENAGEM SUPERFICIAL","OK"))) -> — não preenchido
A14: 040ETO0140 | B14: C | C14: 5 | D14: 6 | E14: =D14-C14 -> 1 | N14: =IF(COUNTA(F14:L14)=0,"— não preenchido",IF(COUNTIF(F14:I14,"X")<>1,"FALTA/DUPLA: CONDIÇÃO DA PLATAFORMA",IF(COUNTIF(J14:L14,"X")<>1,"FALTA/DUPLA: DRENAGEM SUPERFICIAL","OK"))) -> — não preenchido
A15: 040ETO0140 | B15: C | C15: 6 | D15: 7 | E15: =D15-C15 -> 1 | N15: =IF(COUNTA(F15:L15)=0,"— não preenchido",IF(COUNTIF(F15:I15,"X")<>1,"FALTA/DUPLA: CONDIÇÃO DA PLATAFORMA",IF(COUNTIF(J15:L15,"X")<>1,"FALTA/DUPLA: DRENAGEM SUPERFICIAL","OK"))) -> — não preenchido
A16: 040ETO0140 | B16: C | C16: 7 | D16: 8 | E16: =D16-C16 -> 1 | N16: =IF(COUNTA(F16:L16)=0,"— não preenchido",IF(COUNTIF(F16:I16,"X")<>1,"FALTA/DUPLA: CONDIÇÃO DA PLATAFORMA",IF(COUNTIF(J16:L16,"X")<>1,"FALTA/DUPLA: DRENAGEM SUPERFICIAL","OK"))) -> — não preenchido
A17: 040ETO0140 | B17: C | C17: 8 | D17: 9 | E17: =D17-C17 -> 1 | N17: =IF(COUNTA(F17:L17)=0,"— não preenchido",IF(COUNTIF(F17:I17,"X")<>1,"FALTA/DUPLA: CONDIÇÃO DA PLATAFORMA",IF(COUNTIF(J17:L17,"X")<>1,"FALTA/DUPLA: DRENAGEM SUPERFICIAL","OK"))) -> — não preenchido
A18: 040ETO0140 | B18: C | C18: 9 | D18: 10 | E18: =D18-C18 -> 1 | N18: =IF(COUNTA(F18:L18)=0,"— não preenchido",IF(COUNTIF(F18:I18,"X")<>1,"FALTA/DUPLA: CONDIÇÃO DA PLATAFORMA",IF(COUNTIF(J18:L18,"X")<>1,"FALTA/DUPLA: DRENAGEM SUPERFICIAL","OK"))) -> — não preenchido
A19: 040ETO0140 | B19: C | C19: 10 | D19: 11 | E19: =D19-C19 -> 1 | N19: =IF(COUNTA(F19:L19)=0,"— não preenchido",IF(COUNTIF(F19:I19,"X")<>1,"FALTA/DUPLA: CONDIÇÃO DA PLATAFORMA",IF(COUNTIF(J19:L19,"X")<>1,"FALTA/DUPLA: DRENAGEM SUPERFICIAL","OK"))) -> — não preenchido
A20: 040ETO0140 | B20: C | C20: 11 | D20: 12 | E20: =D20-C20 -> 1 | N20: =IF(COUNTA(F20:L20)=0,"— não preenchido",IF(COUNTIF(F20:I20,"X")<>1,"FALTA/DUPLA: CONDIÇÃO DA PLATAFORMA",IF(COUNTIF(J20:L20,"X")<>1,"FALTA/DUPLA: DRENAGEM SUPERFICIAL","OK"))) -> — não preenchido
... A65: 040ETO0140 | B65: C | C65: 56 | D65: 56.716372 | E65: =D65-C65 -> 0.71637192 | N65: =IF(COUNTA(F65:L65)=0,"— não preenchido",IF(COUNTIF(F65:I65,"X")<>1,"FALTA/DUPLA: CONDIÇÃO DA PLATAFORMA",IF(COUNTIF(J65:L65,"X")<>1,"FALTA/DUPLA: DRENAGEM SUPERFICIAL","OK"))) -> — não preenchido
A67: ____________________________________________ | G67: ____________________________________________
A68: TÉCNICO RESPONSÁVEL PELA INSPEÇÃO | G68: VISTO DA SUPERVISÃO
A70: RESUMO DO TRECHO — KM LANÇADO POR ITEM
A71: KM LANÇADO | F71: =SUMIF(F$9:F$65,"X",$E$9:$E$65) -> 0 | G71: =SUMIF(G$9:G$65,"X",$E$9:$E$65) -> 0 | H71: =SUMIF(H$9:H$65,"X",$E$9:$E$65) -> 0 | I71: =SUMIF(I$9:I$65,"X",$E$9:$E$65) -> 0 | J71: =SUMIF(J$9:J$65,"X",$E$9:$E$65) -> 0 | K71: =SUMIF(K$9:K$65,"X",$E$9:$E$65) -> 0 | L71: =SUMIF(L$9:L$65,"X",$E$9:$E$65) -> 0
A72: % DA EXTENSÃO | F72: =IF($I74=0,0,F71/$I74) -> 0 | G72: =IF($I74=0,0,G71/$I74) -> 0 | H72: =IF($I74=0,0,H71/$I74) -> 0 | I72: =IF($I74=0,0,I71/$I74) -> 0 | J72: =IF($I74=0,0,J71/$I74) -> 0 | K72: =IF($I74=0,0,K71/$I74) -> 0 | L72: =IF($I74=0,0,L71/$I74) -> 0
A73: CONFERÊNCIA POR GRUPO | F73: =IF(SUM(F71:I71)=0,"— não preenchido",IF(ROUND(SUM(F71:I71)-$I74,3)=0,"OK — "&ROUND(SUM(F71:I71),3)&" km","ERRO — dif. de "&ROUND(SUM(F71:I71)-$I74,3)&" km")) -> — não preenchido | J73: =IF(SUM(J71:L71)=0,"— não preenchido",IF(ROUND(SUM(J71:L71)-$I74,3)=0,"OK — "&ROUND(SUM(J71:L71),3)&" km","ERRO — dif. de "&ROUND(SUM(J71:L71)-$I74,3)&" km")) -> — não preenchido
A74: EXTENSÃO TOTAL DO TRECHO | I74: =SUM(E9:E65) -> 56.716372 | M74: =COUNTIF(N9:N65,"OK")&" de "&COUNT($E$9:$E$65)&" linhas conferidas" -> 0 de 57 linhas conferidas
A76: LEGENDA
A77: REGULAR | E77: Até 10 irregularidades por km
A78: RUIM | E78: Mais de 10 irregularidades por km
A79: PÉSSIMA | E79: Atoleiro ou ponto crítico
A80: SIT. | E80: LEN = leito natural · EOP = em obras de pavimentação
A81: FAIXA AZUL | E81: Cabeçalho de cada S.R.E.: descrição, situação, jurisdição, extensão e coordenada de início.
A82: INÍCIO / FIM (KM) | E82: Contados de 0 até o fim de CADA S.R.E. Não é o marco quilométrico da rodovia.
A83: SENT. | E83: C = crescente · D = decrescente
A84: FAIXA CINZA | E84: Segmento fora do escopo do contrato: você passa por ele, mas não preenche.
A85: CÉLULA VERMELHA | E85: Mais de uma X no mesmo grupo. Apague uma delas.
A86: CONFERÊNCIA | E86: Só na tela, não sai impresso. Fica OK com uma X em cada grupo.

Sheet 260
A1: PROGRAMA DE MANUTENÇÃO RODOVIÁRIA — FICHA DE INSPEÇÃO — RODOVIAS NÃO PAVIMENTADAS | P1: Valores dos gráficos — troca 0 por N/D para a fatia não aparecer. Não editar.
A2: REGIÃO: 13 — DIANÓPOLIS | D2: MÊS / ANO: | G2: DATA: | J2: TÉCNICO: | P2: =IF(F68=0,NA(),F68) -> 15.279582 | Q2: =IF(G68=0,NA(),G68) -> 33 | R2: =IF(H68=0,NA(),H68) -> #N/A | S2: =IF(I68=0,NA(),I68) -> 3 | T2: =IF(J68=0,NA(),J68) -> #N/A | U2: =IF(K68=0,NA(),K68) -> 30.279582 | V2: =IF(L68=0,NA(),L68) -> 8
A3: TRECHO 260 — RODOVIA TO-296 - TRECHO ENTR. TO-050 - ENTR. TO-110 (COMBINADO) | K3: EXTENSÃO: 52,136 km · 2 S.R.E.
A4: COMO PREENCHER: uma X em UMA coluna de cada grupo, por linha. Se houver mais de um defeito no mesmo km, marque o PREDOMINANTE e escreva o resto em OBSERVAÇÕES. A quilometragem é contada de 0 até o fim de CADA S.R.E. (não é o marco da rodovia).
A6: S.R.E. | B6: SENT. | C6: INÍCIO (KM) | D6: FIM (KM) | E6: EXT. (KM) | F6: CONDIÇÃO DA PLATAFORMA | J6: DRENAGEM SUPERFICIAL | M6: OBSERVAÇÕES | N6: CONFERÊNCIA (só na tela)
F7: BOM | G7: REGULAR | H7: RUIM | I7: PÉSSIMA | J7: LIMPA | K7: OBSTRUÍDA | L7: AUSENTE
A8: S.R.E. 296ETO0110 | COMBINADO *TRECHO URBANO* - ENTR. TO-497 | LEN · Estadual · 30.280 km · início: -12.81329, -46.554648
A9: 296ETO0110 | B9: C | C9: 0 | D9: 1 | E9: =D9-C9 -> 1 | G9: X | K9: X | N9: =IF(COUNTA(F9:L9)=0,"— não preenchido",IF(COUNTIF(F9:I9,"X")<>1,"FALTA/DUPLA: CONDIÇÃO DA PLATAFORMA",IF(COUNTIF(J9:L9,"X")<>1,"FALTA/DUPLA: DRENAGEM SUPERFICIAL","OK"))) -> OK
A10: 296ETO0110 | B10: C | C10: 1 | D10: 2 | E10: =D10-C10 -> 1 | G10: X | K10: X | N10: =IF(COUNTA(F10:L10)=0,"— não preenchido",IF(COUNTIF(F10:I10,"X")<>1,"FALTA/DUPLA: CONDIÇÃO DA PLATAFORMA",IF(COUNTIF(J10:L10,"X")<>1,"FALTA/DUPLA: DRENAGEM SUPERFICIAL","OK"))) -> OK
A11: 296ETO0110 | B11: C | C11: 2 | D11: 3 | E11: =D11-C11 -> 1 | G11: X | K11: X | N11: =IF(COUNTA(F11:L11)=0,"— não preenchido",IF(COUNTIF(F11:I11,"X")<>1,"FALTA/DUPLA: CONDIÇÃO DA PLATAFORMA",IF(COUNTIF(J11:L11,"X")<>1,"FALTA/DUPLA: DRENAGEM SUPERFICIAL","OK"))) -> OK
A12: 296ETO0110 | B12: C | C12: 3 | D12: 4 | E12: =D12-C12 -> 1 | G12: X | K12: X | N12: =IF(COUNTA(F12:L12)=0,"— não preenchido",IF(COUNTIF(F12:I12,"X")<>1,"FALTA/DUPLA: CONDIÇÃO DA PLATAFORMA",IF(COUNTIF(J12:L12,"X")<>1,"FALTA/DUPLA: DRENAGEM SUPERFICIAL","OK"))) -> OK
A13: 296ETO0110 | B13: C | C13: 4 | D13: 5 | E13: =D13-C13 -> 1 | G13: X | K13: X | N13: =IF(COUNTA(F13:L13)=0,"— não preenchido",IF(COUNTIF(F13:I13,"X")<>1,"FALTA/DUPLA: CONDIÇÃO DA PLATAFORMA",IF(COUNTIF(J13:L13,"X")<>1,"FALTA/DUPLA: DRENAGEM SUPERFICIAL","OK"))) -> OK
A14: 296ETO0110 | B14: C | C14: 5 | D14: 6 | E14: =D14-C14 -> 1 | G14: X | K14: X | N14: =IF(COUNTA(F14:L14)=0,"— não preenchido",IF(COUNTIF(F14:I14,"X")<>1,"FALTA/DUPLA: CONDIÇÃO DA PLATAFORMA",IF(COUNTIF(J14:L14,"X")<>1,"FALTA/DUPLA: DRENAGEM SUPERFICIAL","OK"))) -> OK
A15: 296ETO0110 | B15: C | C15: 6 | D15: 7 | E15: =D15-C15 -> 1 | G15: X | K15: X | N15: =IF(COUNTA(F15:L15)=0,"— não preenchido",IF(COUNTIF(F15:I15,"X")<>1,"FALTA/DUPLA: CONDIÇÃO DA PLATAFORMA",IF(COUNTIF(J15:L15,"X")<>1,"FALTA/DUPLA: DRENAGEM SUPERFICIAL","OK"))) -> OK
A16: 296ETO0110 | B16: C | C16: 7 | D16: 8 | E16: =D16-C16 -> 1 | G16: X | K16: X | N16: =IF(COUNTA(F16:L16)=0,"— não preenchido",IF(COUNTIF(F16:I16,"X")<>1,"FALTA/DUPLA: CONDIÇÃO DA PLATAFORMA",IF(COUNTIF(J16:L16,"X")<>1,"FALTA/DUPLA: DRENAGEM SUPERFICIAL","OK"))) -> OK
A17: 296ETO0110 | B17: C | C17: 8 | D17: 9 | E17: =D17-C17 -> 1 | G17: X | K17: X | N17: =IF(COUNTA(F17:L17)=0,"— não preenchido",IF(COUNTIF(F17:I17,"X")<>1,"FALTA/DUPLA: CONDIÇÃO DA PLATAFORMA",IF(COUNTIF(J17:L17,"X")<>1,"FALTA/DUPLA: DRENAGEM SUPERFICIAL","OK"))) -> OK
A18: 296ETO0110 | B18: C | C18: 9 | D18: 10 | E18: =D18-C18 -> 1 | G18: X | K18: X | N18: =IF(COUNTA(F18:L18)=0,"— não preenchido",IF(COUNTIF(F18:I18,"X")<>1,"FALTA/DUPLA: CONDIÇÃO DA PLATAFORMA",IF(COUNTIF(J18:L18,"X")<>1,"FALTA/DUPLA: DRENAGEM SUPERFICIAL","OK"))) -> OK
A19: 296ETO0110 | B19: C | C19: 10 | D19: 11 | E19: =D19-C19 -> 1 | G19: X | K19: X | N19: =IF(COUNTA(F19:L19)=0,"— não preenchido",IF(COUNTIF(F19:I19,"X")<>1,"FALTA/DUPLA: CONDIÇÃO DA PLATAFORMA",IF(COUNTIF(J19:L19,"X")<>1,"FALTA/DUPLA: DRENAGEM SUPERFICIAL","OK"))) -> OK
A20: 296ETO0110 | B20: C | C20: 11 | D20: 12 | E20: =D20-C20 -> 1 | G20: X | K20: X | N20: =IF(COUNTA(F20:L20)=0,"— não preenchido",IF(COUNTIF(F20:I20,"X")<>1,"FALTA/DUPLA: CONDIÇÃO DA PLATAFORMA",IF(COUNTIF(J20:L20,"X")<>1,"FALTA/DUPLA: DRENAGEM SUPERFICIAL","OK"))) -> OK
... A23: 296ETO0110 | B23: C | C23: 14 | D23: 15 | E23: =D23-C23 -> 1 | G23: X | K23: X | N23: =IF(COUNTA(F23:L23)=0,"— não preenchido",IF(COUNTIF(F23:I23,"X")<>1,"FALTA/DUPLA: CONDIÇÃO DA PLATAFORMA",IF(COUNTIF(J23:L23,"X")<>1,"FALTA/DUPLA: DRENAGEM SUPERFICIAL","OK"))) -> OK
A24: 296ETO0110 | B24: C | C24: 15 | D24: 16 | E24: =D24-C24 -> 1 | F24: X | K24: X | N24: =IF(COUNTA(F24:L24)=0,"— não preenchido",IF(COUNTIF(F24:I24,"X")<>1,"FALTA/DUPLA: CONDIÇÃO DA PLATAFORMA",IF(COUNTIF(J24:L24,"X")<>1,"FALTA/DUPLA: DRENAGEM SUPERFICIAL","OK"))) -> OK
A25: 296ETO0110 | B25: C | C25: 16 | D25: 17 | E25: =D25-C25 -> 1 | F25: X | K25: X | N25: =IF(COUNTA(F25:L25)=0,"— não preenchido",IF(COUNTIF(F25:I25,"X")<>1,"FALTA/DUPLA: CONDIÇÃO DA PLATAFORMA",IF(COUNTIF(J25:L25,"X")<>1,"FALTA/DUPLA: DRENAGEM SUPERFICIAL","OK"))) -> OK
A26: 296ETO0110 | B26: C | C26: 17 | D26: 18 | E26: =D26-C26 -> 1 | F26: X | K26: X | N26: =IF(COUNTA(F26:L26)=0,"— não preenchido",IF(COUNTIF(F26:I26,"X")<>1,"FALTA/DUPLA: CONDIÇÃO DA PLATAFORMA",IF(COUNTIF(J26:L26,"X")<>1,"FALTA/DUPLA: DRENAGEM SUPERFICIAL","OK"))) -> OK
A27: 296ETO0110 | B27: C | C27: 18 | D27: 19 | E27: =D27-C27 -> 1 | F27: X | K27: X | N27: =IF(COUNTA(F27:L27)=0,"— não preenchido",IF(COUNTIF(F27:I27,"X")<>1,"FALTA/DUPLA: CONDIÇÃO DA PLATAFORMA",IF(COUNTIF(J27:L27,"X")<>1,"FALTA/DUPLA: DRENAGEM SUPERFICIAL","OK"))) -> OK
A28: 296ETO0110 | B28: C | C28: 19 | D28: 20 | E28: =D28-C28 -> 1 | F28: X | K28: X | N28: =IF(COUNTA(F28:L28)=0,"— não preenchido",IF(COUNTIF(F28:I28,"X")<>1,"FALTA/DUPLA: CONDIÇÃO DA PLATAFORMA",IF(COUNTIF(J28:L28,"X")<>1,"FALTA/DUPLA: DRENAGEM SUPERFICIAL","OK"))) -> OK
A29: 296ETO0110 | B29: C | C29: 20 | D29: 21 | E29: =D29-C29 -> 1 | F29: X | K29: X | N29: =IF(COUNTA(F29:L29)=0,"— não preenchido",IF(COUNTIF(F29:I29,"X")<>1,"FALTA/DUPLA: CONDIÇÃO DA PLATAFORMA",IF(COUNTIF(J29:L29,"X")<>1,"FALTA/DUPLA: DRENAGEM SUPERFICIAL","OK"))) -> OK
A30: 296ETO0110 | B30: C | C30: 21 | D30: 22 | E30: =D30-C30 -> 1 | F30: X | K30: X | N30: =IF(COUNTA(F30:L30)=0,"— não preenchido",IF(COUNTIF(F30:I30,"X")<>1,"FALTA/DUPLA: CONDIÇÃO DA PLATAFORMA",IF(COUNTIF(J30:L30,"X")<>1,"FALTA/DUPLA: DRENAGEM SUPERFICIAL","OK"))) -> OK
A31: 296ETO0110 | B31: C | C31: 22 | D31: 23 | E31: =D31-C31 -> 1 | F31: X | K31: X | N31: =IF(COUNTA(F31:L31)=0,"— não preenchido",IF(COUNTIF(F31:I31,"X")<>1,"FALTA/DUPLA: CONDIÇÃO DA PLATAFORMA",IF(COUNTIF(J31:L31,"X")<>1,"FALTA/DUPLA: DRENAGEM SUPERFICIAL","OK"))) -> OK
A32: 296ETO0110 | B32: C | C32: 23 | D32: 24 | E32: =D32-C32 -> 1 | F32: X | K32: X | N32: =IF(COUNTA(F32:L32)=0,"— não preenchido",IF(COUNTIF(F32:I32,"X")<>1,"FALTA/DUPLA: CONDIÇÃO DA PLATAFORMA",IF(COUNTIF(J32:L32,"X")<>1,"FALTA/DUPLA: DRENAGEM SUPERFICIAL","OK"))) -> OK
A33: 296ETO0110 | B33: C | C33: 24 | D33: 25 | E33: =D33-C33 -> 1 | F33: X | K33: X | N33: =IF(COUNTA(F33:L33)=0,"— não preenchido",IF(COUNTIF(F33:I33,"X")<>1,"FALTA/DUPLA: CONDIÇÃO DA PLATAFORMA",IF(COUNTIF(J33:L33,"X")<>1,"FALTA/DUPLA: DRENAGEM SUPERFICIAL","OK"))) -> OK
A34: 296ETO0110 | B34: C | C34: 25 | D34: 26 | E34: =D34-C34 -> 1 | F34: X | K34: X | N34: =IF(COUNTA(F34:L34)=0,"— não preenchido",IF(COUNTIF(F34:I34,"X")<>1,"FALTA/DUPLA: CONDIÇÃO DA PLATAFORMA",IF(COUNTIF(J34:L34,"X")<>1,"FALTA/DUPLA: DRENAGEM SUPERFICIAL","OK"))) -> OK
A35: 296ETO0110 | B35: C | C35: 26 | D35: 27 | E35: =D35-C35 -> 1 | F35: X | K35: X | N35: =IF(COUNTA(F35:L35)=0,"— não preenchido",IF(COUNTIF(F35:I35,"X")<>1,"FALTA/DUPLA: CONDIÇÃO DA PLATAFORMA",IF(COUNTIF(J35:L35,"X")<>1,"FALTA/DUPLA: DRENAGEM SUPERFICIAL","OK"))) -> OK
... A39: 296ETO0110 | B39: C | C39: 30 | D39: 30.279582 | E39: =D39-C39 -> 0.27958236 | F39: X | K39: X | N39: =IF(COUNTA(F39:L39)=0,"— não preenchido",IF(COUNTIF(F39:I39,"X")<>1,"FALTA/DUPLA: CONDIÇÃO DA PLATAFORMA",IF(COUNTIF(J39:L39,"X")<>1,"FALTA/DUPLA: DRENAGEM SUPERFICIAL","OK"))) -> OK
A40: S.R.E. 296ETO0120 | ENTR. TO-497 - ENTR. TO-050 | LEN · Estadual · 21.856 km · início: -12.847586, -46.789522
A41: 296ETO0120 | B41: C | C41: 0 | D41: 1 | E41: =D41-C41 -> 1 | I41: X | L41: X | M41: * (21,86 Km) TRECHO CRÍTICO COM MUITAS PEDRAS AFLORADAS - 07 FOTOS | N41: =IF(COUNTA(F41:L41)=0,"— não preenchido",IF(COUNTIF(F41:I41,"X")<>1,"FALTA/DUPLA: CONDIÇÃO DA PLATAFORMA",IF(COUNTIF(J41:L41,"X")<>1,"FALTA/DUPLA: DRENAGEM SUPERFICIAL","OK"))) -> OK
A42: 296ETO0120 | B42: C | C42: 1 | D42: 2 | E42: =D42-C42 -> 1 | I42: X | L42: X | M42: * (21,86 Km) TRECHO CRÍTICO COM MUITAS PEDRAS AFLORADAS - 07 FOTOS | N42: =IF(COUNTA(F42:L42)=0,"— não preenchido",IF(COUNTIF(F42:I42,"X")<>1,"FALTA/DUPLA: CONDIÇÃO DA PLATAFORMA",IF(COUNTIF(J42:L42,"X")<>1,"FALTA/DUPLA: DRENAGEM SUPERFICIAL","OK"))) -> OK
A43: 296ETO0120 | B43: C | C43: 2 | D43: 3 | E43: =D43-C43 -> 1 | I43: X | L43: X | M43: * (21,86 Km) TRECHO CRÍTICO COM MUITAS PEDRAS AFLORADAS - 07 FOTOS | N43: =IF(COUNTA(F43:L43)=0,"— não preenchido",IF(COUNTIF(F43:I43,"X")<>1,"FALTA/DUPLA: CONDIÇÃO DA PLATAFORMA",IF(COUNTIF(J43:L43,"X")<>1,"FALTA/DUPLA: DRENAGEM SUPERFICIAL","OK"))) -> OK
A44: 296ETO0120 | B44: C | C44: 3 | D44: 4 | E44: =D44-C44 -> 1 | G44: X | L44: X | M44: 01 FOTO | N44: =IF(COUNTA(F44:L44)=0,"— não preenchido",IF(COUNTIF(F44:I44,"X")<>1,"FALTA/DUPLA: CONDIÇÃO DA PLATAFORMA",IF(COUNTIF(J44:L44,"X")<>1,"FALTA/DUPLA: DRENAGEM SUPERFICIAL","OK"))) -> OK
A45: 296ETO0120 | B45: C | C45: 4 | D45: 5 | E45: =D45-C45 -> 1 | G45: X | L45: X | M45: AMPLIAÇÃO DE UM BUEIRO CELULAR | N45: =IF(COUNTA(F45:L45)=0,"— não preenchido",IF(COUNTIF(F45:I45,"X")<>1,"FALTA/DUPLA: CONDIÇÃO DA PLATAFORMA",IF(COUNTIF(J45:L45,"X")<>1,"FALTA/DUPLA: DRENAGEM SUPERFICIAL","OK"))) -> OK
A46: 296ETO0120 | B46: C | C46: 5 | D46: 6 | E46: =D46-C46 -> 1 | G46: X | L46: X | M46: AMPLIAÇÃO DE UM BUEIRO CELULAR | N46: =IF(COUNTA(F46:L46)=0,"— não preenchido",IF(COUNTIF(F46:I46,"X")<>1,"FALTA/DUPLA: CONDIÇÃO DA PLATAFORMA",IF(COUNTIF(J46:L46,"X")<>1,"FALTA/DUPLA: DRENAGEM SUPERFICIAL","OK"))) -> OK
A47: 296ETO0120 | B47: C | C47: 6 | D47: 7 | E47: =D47-C47 -> 1 | G47: X | M47: PONTE | N47: =IF(COUNTA(F47:L47)=0,"— não preenchido",IF(COUNTIF(F47:I47,"X")<>1,"FALTA/DUPLA: CONDIÇÃO DA PLATAFORMA",IF(COUNTIF(J47:L47,"X")<>1,"FALTA/DUPLA: DRENAGEM SUPERFICIAL","OK"))) -> FALTA/DUPLA: DRENAGEM SUPERFICIAL
A48: 296ETO0120 | B48: C | C48: 7 | D48: 8 | E48: =D48-C48 -> 1 | G48: X | M48: PONTE | N48: =IF(COUNTA(F48:L48)=0,"— não preenchido",IF(COUNTIF(F48:I48,"X")<>1,"FALTA/DUPLA: CONDIÇÃO DA PLATAFORMA",IF(COUNTIF(J48:L48,"X")<>1,"FALTA/DUPLA: DRENAGEM SUPERFICIAL","OK"))) -> FALTA/DUPLA: DRENAGEM SUPERFICIAL
A49: 296ETO0120 | B49: C | C49: 8 | D49: 9 | E49: =D49-C49 -> 1 | G49: X | M49: PONTE | N49: =IF(COUNTA(F49:L49)=0,"— não preenchido",IF(COUNTIF(F49:I49,"X")<>1,"FALTA/DUPLA: CONDIÇÃO DA PLATAFORMA",IF(COUNTIF(J49:L49,"X")<>1,"FALTA/DUPLA: DRENAGEM SUPERFICIAL","OK"))) -> FALTA/DUPLA: DRENAGEM SUPERFICIAL
A50: 296ETO0120 | B50: C | C50: 9 | D50: 10 | E50: =D50-C50 -> 1 | G50: X | M50: PONTE | N50: =IF(COUNTA(F50:L50)=0,"— não preenchido",IF(COUNTIF(F50:I50,"X")<>1,"FALTA/DUPLA: CONDIÇÃO DA PLATAFORMA",IF(COUNTIF(J50:L50,"X")<>1,"FALTA/DUPLA: DRENAGEM SUPERFICIAL","OK"))) -> FALTA/DUPLA: DRENAGEM SUPERFICIAL
A51: 296ETO0120 | B51: C | C51: 10 | D51: 11 | E51: =D51-C51 -> 1 | G51: X | M51: PONTE | N51: =IF(COUNTA(F51:L51)=0,"— não preenchido",IF(COUNTIF(F51:I51,"X")<>1,"FALTA/DUPLA: CONDIÇÃO DA PLATAFORMA",IF(COUNTIF(J51:L51,"X")<>1,"FALTA/DUPLA: DRENAGEM SUPERFICIAL","OK"))) -> FALTA/DUPLA: DRENAGEM SUPERFICIAL
A52: 296ETO0120 | B52: C | C52: 11 | D52: 12 | E52: =D52-C52 -> 1 | G52: X | M52: PONTE | N52: =IF(COUNTA(F52:L52)=0,"— não preenchido",IF(COUNTIF(F52:I52,"X")<>1,"FALTA/DUPLA: CONDIÇÃO DA PLATAFORMA",IF(COUNTIF(J52:L52,"X")<>1,"FALTA/DUPLA: DRENAGEM SUPERFICIAL","OK"))) -> FALTA/DUPLA: DRENAGEM SUPERFICIAL
A53: 296ETO0120 | B53: C | C53: 12 | D53: 13 | E53: =D53-C53 -> 1 | G53: X | M53: PONTE | N53: =IF(COUNTA(F53:L53)=0,"— não preenchido",IF(COUNTIF(F53:I53,"X")<>1,"FALTA/DUPLA: CONDIÇÃO DA PLATAFORMA",IF(COUNTIF(J53:L53,"X")<>1,"FALTA/DUPLA: DRENAGEM SUPERFICIAL","OK"))) -> FALTA/DUPLA: DRENAGEM SUPERFICIAL
A54: 296ETO0120 | B54: C | C54: 13 | D54: 14 | E54: =D54-C54 -> 1 | G54: X | M54: PONTE | N54: =IF(COUNTA(F54:L54)=0,"— não preenchido",IF(COUNTIF(F54:I54,"X")<>1,"FALTA/DUPLA: CONDIÇÃO DA PLATAFORMA",IF(COUNTIF(J54:L54,"X")<>1,"FALTA/DUPLA: DRENAGEM SUPERFICIAL","OK"))) -> FALTA/DUPLA: DRENAGEM SUPERFICIAL
A55: 296ETO0120 | B55: C | C55: 14 | D55: 15 | E55: =D55-C55 -> 1 | G55: X | M55: PONTE | N55: =IF(COUNTA(F55:L55)=0,"— não preenchido",IF(COUNTIF(F55:I55,"X")<>1,"FALTA/DUPLA: CONDIÇÃO DA PLATAFORMA",IF(COUNTIF(J55:L55,"X")<>1,"FALTA/DUPLA: DRENAGEM SUPERFICIAL","OK"))) -> FALTA/DUPLA: DRENAGEM SUPERFICIAL
A56: 296ETO0120 | B56: C | C56: 15 | D56: 16 | E56: =D56-C56 -> 1 | G56: X | M56: PONTE | N56: =IF(COUNTA(F56:L56)=0,"— não preenchido",IF(COUNTIF(F56:I56,"X")<>1,"FALTA/DUPLA: CONDIÇÃO DA PLATAFORMA",IF(COUNTIF(J56:L56,"X")<>1,"FALTA/DUPLA: DRENAGEM SUPERFICIAL","OK"))) -> FALTA/DUPLA: DRENAGEM SUPERFICIAL
A57: 296ETO0120 | B57: C | C57: 16 | D57: 17 | E57: =D57-C57 -> 1 | G57: X | M57: PONTE | N57: =IF(COUNTA(F57:L57)=0,"— não preenchido",IF(COUNTIF(F57:I57,"X")<>1,"FALTA/DUPLA: CONDIÇÃO DA PLATAFORMA",IF(COUNTIF(J57:L57,"X")<>1,"FALTA/DUPLA: DRENAGEM SUPERFICIAL","OK"))) -> FALTA/DUPLA: DRENAGEM SUPERFICIAL
A58: 296ETO0120 | B58: C | C58: 17 | D58: 18 | E58: =D58-C58 -> 1 | G58: X | M58: PONTE | N58: =IF(COUNTA(F58:L58)=0,"— não preenchido",IF(COUNTIF(F58:I58,"X")<>1,"FALTA/DUPLA: CONDIÇÃO DA PLATAFORMA",IF(COUNTIF(J58:L58,"X")<>1,"FALTA/DUPLA: DRENAGEM SUPERFICIAL","OK"))) -> FALTA/DUPLA: DRENAGEM SUPERFICIAL
A59: 296ETO0120 | B59: C | C59: 18 | D59: 19 | E59: =D59-C59 -> 1 | G59: X | M59: PONTE | N59: =IF(COUNTA(F59:L59)=0,"— não preenchido",IF(COUNTIF(F59:I59,"X")<>1,"FALTA/DUPLA: CONDIÇÃO DA PLATAFORMA",IF(COUNTIF(J59:L59,"X")<>1,"FALTA/DUPLA: DRENAGEM SUPERFICIAL","OK"))) -> FALTA/DUPLA: DRENAGEM SUPERFICIAL
A60: 296ETO0120 | B60: C | C60: 19 | D60: 20 | E60: =D60-C60 -> 1 | G60: X | L60: X | N60: =IF(COUNTA(F60:L60)=0,"— não preenchido",IF(COUNTIF(F60:I60,"X")<>1,"FALTA/DUPLA: CONDIÇÃO DA PLATAFORMA",IF(COUNTIF(J60:L60,"X")<>1,"FALTA/DUPLA: DRENAGEM SUPERFICIAL","OK"))) -> OK
A61: 296ETO0120 | B61: C | C61: 20 | D61: 21 | E61: =D61-C61 -> 1 | G61: X | L61: X | N61: =IF(COUNTA(F61:L61)=0,"— não preenchido",IF(COUNTIF(F61:I61,"X")<>1,"FALTA/DUPLA: CONDIÇÃO DA PLATAFORMA",IF(COUNTIF(J61:L61,"X")<>1,"FALTA/DUPLA: DRENAGEM SUPERFICIAL","OK"))) -> OK
A62: 296ETO0120 | B62: C | C62: 21 | D62: 21.855987 | E62: =D62-C62 -> 0.85598695 | N62: =IF(COUNTA(F62:L62)=0,"— não preenchido",IF(COUNTIF(F62:I62,"X")<>1,"FALTA/DUPLA: CONDIÇÃO DA PLATAFORMA",IF(COUNTIF(J62:L62,"X")<>1,"FALTA/DUPLA: DRENAGEM SUPERFICIAL","OK"))) -> — não preenchido
A64: ____________________________________________ | G64: ____________________________________________
A65: TÉCNICO RESPONSÁVEL PELA INSPEÇÃO | G65: VISTO DA SUPERVISÃO
A67: RESUMO DO TRECHO — KM LANÇADO POR ITEM
A68: KM LANÇADO | F68: =SUMIF(F$9:F$62,"X",$E$9:$E$62) -> 15.279582 | G68: =SUMIF(G$9:G$62,"X",$E$9:$E$62) -> 33 | H68: =SUMIF(H$9:H$62,"X",$E$9:$E$62) -> 0 | I68: =SUMIF(I$9:I$62,"X",$E$9:$E$62) -> 3 | J68: =SUMIF(J$9:J$62,"X",$E$9:$E$62) -> 0 | K68: =SUMIF(K$9:K$62,"X",$E$9:$E$62) -> 30.279582 | L68: =SUMIF(L$9:L$62,"X",$E$9:$E$62) -> 8
A69: % DA EXTENSÃO | F69: =IF($I71=0,0,F68/$I71) -> 0.29307405 | G69: =IF($I71=0,0,G68/$I71) -> 0.63296518 | H69: =IF($I71=0,0,H68/$I71) -> 0 | I69: =IF($I71=0,0,I68/$I71) -> 0.057542289 | J69: =IF($I71=0,0,J68/$I71) -> 0 | K69: =IF($I71=0,0,K68/$I71) -> 0.58078549 | L69: =IF($I71=0,0,L68/$I71) -> 0.1534461
A70: CONFERÊNCIA POR GRUPO | F70: =IF(SUM(F68:I68)=0,"— não preenchido",IF(ROUND(SUM(F68:I68)-$I71,3)=0,"OK — "&ROUND(SUM(F68:I68),3)&" km","ERRO — dif. de "&ROUND(SUM(F68:I68)-$I71,3)&" km")) -> ERRO — dif. de -0,856 km | J70: =IF(SUM(J68:L68)=0,"— não preenchido",IF(ROUND(SUM(J68:L68)-$I71,3)=0,"OK — "&ROUND(SUM(J68:L68),3)&" km","ERRO — dif. de "&ROUND(SUM(J68:L68)-$I71,3)&" km")) -> ERRO — dif. de -13,856 km
A71: EXTENSÃO TOTAL DO TRECHO | I71: =SUM(E9:E62) -> 52.135569 | M71: =COUNTIF(N9:N62,"OK")&" de "&COUNT($E$9:$E$62)&" linhas conferidas" -> 39 de 53 linhas conferidas
A73: LEGENDA
A74: REGULAR | E74: Até 10 irregularidades por km
A75: RUIM | E75: Mais de 10 irregularidades por km
A76: PÉSSIMA | E76: Atoleiro ou ponto crítico
A77: SIT. | E77: LEN = leito natural · EOP = em obras de pavimentação
A78: FAIXA AZUL | E78: Cabeçalho de cada S.R.E.: descrição, situação, jurisdição, extensão e coordenada de início.
A79: INÍCIO / FIM (KM) | E79: Contados de 0 até o fim de CADA S.R.E. Não é o marco quilométrico da rodovia.
A80: SENT. | E80: C = crescente · D = decrescente
A81: FAIXA CINZA | E81: Segmento fora do escopo do contrato: você passa por ele, mas não preenche.
A82: CÉLULA VERMELHA | E82: Mais de uma X no mesmo grupo. Apague uma delas.
A83: CONFERÊNCIA | E83: Só na tela, não sai impresso. Fica OK com uma X em cada grupo.

Sheet 261
A1: PROGRAMA DE MANUTENÇÃO RODOVIÁRIA — FICHA DE INSPEÇÃO — RODOVIAS NÃO PAVIMENTADAS | P1: Valores dos gráficos — troca 0 por N/D para a fatia não aparecer. Não editar.
A2: REGIÃO: 13 — DIANÓPOLIS | D2: MÊS / ANO: | G2: DATA: | J2: TÉCNICO: | P2: =IF(F65=0,NA(),F65) -> #N/A | Q2: =IF(G65=0,NA(),G65) -> 50.619704 | R2: =IF(H65=0,NA(),H65) -> #N/A | S2: =IF(I65=0,NA(),I65) -> #N/A | T2: =IF(J65=0,NA(),J65) -> 22 | U2: =IF(K65=0,NA(),K65) -> 28.619704 | V2: =IF(L65=0,NA(),L65) -> #N/A
A3: TRECHO 261 — RODOVIA TO-296 - TRECHO ENTR. BR-242 (POVOADO SÃO BOM JESUS DAS PALMAS) - ENTR. TO-050 | K3: EXTENSÃO: 50,620 km · 1 S.R.E.
A4: COMO PREENCHER: uma X em UMA coluna de cada grupo, por linha. Se houver mais de um defeito no mesmo km, marque o PREDOMINANTE e escreva o resto em OBSERVAÇÕES. A quilometragem é contada de 0 até o fim de CADA S.R.E. (não é o marco da rodovia).
A6: S.R.E. | B6: SENT. | C6: INÍCIO (KM) | D6: FIM (KM) | E6: EXT. (KM) | F6: CONDIÇÃO DA PLATAFORMA | J6: DRENAGEM SUPERFICIAL | M6: OBSERVAÇÕES | N6: CONFERÊNCIA (só na tela)
F7: BOM | G7: REGULAR | H7: RUIM | I7: PÉSSIMA | J7: LIMPA | K7: OBSTRUÍDA | L7: AUSENTE
A8: S.R.E. 296ETO0170 | ENTR. TO-050 - ENTR. BR-242 | LEN · Estadual · 50.620 km · início: -12.843804, -47.088265
A9: 296ETO0170 | B9: C | C9: 0 | D9: 1 | E9: =D9-C9 -> 1 | G9: X | J9: X | N9: =IF(COUNTA(F9:L9)=0,"— não preenchido",IF(COUNTIF(F9:I9,"X")<>1,"FALTA/DUPLA: CONDIÇÃO DA PLATAFORMA",IF(COUNTIF(J9:L9,"X")<>1,"FALTA/DUPLA: DRENAGEM SUPERFICIAL","OK"))) -> OK
A10: 296ETO0170 | B10: C | C10: 1 | D10: 2 | E10: =D10-C10 -> 1 | G10: X | J10: X | N10: =IF(COUNTA(F10:L10)=0,"— não preenchido",IF(COUNTIF(F10:I10,"X")<>1,"FALTA/DUPLA: CONDIÇÃO DA PLATAFORMA",IF(COUNTIF(J10:L10,"X")<>1,"FALTA/DUPLA: DRENAGEM SUPERFICIAL","OK"))) -> OK
A11: 296ETO0170 | B11: C | C11: 2 | D11: 3 | E11: =D11-C11 -> 1 | G11: X | J11: X | N11: =IF(COUNTA(F11:L11)=0,"— não preenchido",IF(COUNTIF(F11:I11,"X")<>1,"FALTA/DUPLA: CONDIÇÃO DA PLATAFORMA",IF(COUNTIF(J11:L11,"X")<>1,"FALTA/DUPLA: DRENAGEM SUPERFICIAL","OK"))) -> OK
A12: 296ETO0170 | B12: C | C12: 3 | D12: 4 | E12: =D12-C12 -> 1 | G12: X | J12: X | N12: =IF(COUNTA(F12:L12)=0,"— não preenchido",IF(COUNTIF(F12:I12,"X")<>1,"FALTA/DUPLA: CONDIÇÃO DA PLATAFORMA",IF(COUNTIF(J12:L12,"X")<>1,"FALTA/DUPLA: DRENAGEM SUPERFICIAL","OK"))) -> OK
A13: 296ETO0170 | B13: C | C13: 4 | D13: 5 | E13: =D13-C13 -> 1 | G13: X | J13: X | N13: =IF(COUNTA(F13:L13)=0,"— não preenchido",IF(COUNTIF(F13:I13,"X")<>1,"FALTA/DUPLA: CONDIÇÃO DA PLATAFORMA",IF(COUNTIF(J13:L13,"X")<>1,"FALTA/DUPLA: DRENAGEM SUPERFICIAL","OK"))) -> OK
A14: 296ETO0170 | B14: C | C14: 5 | D14: 6 | E14: =D14-C14 -> 1 | G14: X | J14: X | N14: =IF(COUNTA(F14:L14)=0,"— não preenchido",IF(COUNTIF(F14:I14,"X")<>1,"FALTA/DUPLA: CONDIÇÃO DA PLATAFORMA",IF(COUNTIF(J14:L14,"X")<>1,"FALTA/DUPLA: DRENAGEM SUPERFICIAL","OK"))) -> OK
A15: 296ETO0170 | B15: C | C15: 6 | D15: 7 | E15: =D15-C15 -> 1 | G15: X | J15: X | N15: =IF(COUNTA(F15:L15)=0,"— não preenchido",IF(COUNTIF(F15:I15,"X")<>1,"FALTA/DUPLA: CONDIÇÃO DA PLATAFORMA",IF(COUNTIF(J15:L15,"X")<>1,"FALTA/DUPLA: DRENAGEM SUPERFICIAL","OK"))) -> OK
A16: 296ETO0170 | B16: C | C16: 7 | D16: 8 | E16: =D16-C16 -> 1 | G16: X | J16: X | N16: =IF(COUNTA(F16:L16)=0,"— não preenchido",IF(COUNTIF(F16:I16,"X")<>1,"FALTA/DUPLA: CONDIÇÃO DA PLATAFORMA",IF(COUNTIF(J16:L16,"X")<>1,"FALTA/DUPLA: DRENAGEM SUPERFICIAL","OK"))) -> OK
A17: 296ETO0170 | B17: C | C17: 8 | D17: 9 | E17: =D17-C17 -> 1 | G17: X | J17: X | N17: =IF(COUNTA(F17:L17)=0,"— não preenchido",IF(COUNTIF(F17:I17,"X")<>1,"FALTA/DUPLA: CONDIÇÃO DA PLATAFORMA",IF(COUNTIF(J17:L17,"X")<>1,"FALTA/DUPLA: DRENAGEM SUPERFICIAL","OK"))) -> OK
A18: 296ETO0170 | B18: C | C18: 9 | D18: 10 | E18: =D18-C18 -> 1 | G18: X | J18: X | N18: =IF(COUNTA(F18:L18)=0,"— não preenchido",IF(COUNTIF(F18:I18,"X")<>1,"FALTA/DUPLA: CONDIÇÃO DA PLATAFORMA",IF(COUNTIF(J18:L18,"X")<>1,"FALTA/DUPLA: DRENAGEM SUPERFICIAL","OK"))) -> OK
A19: 296ETO0170 | B19: C | C19: 10 | D19: 11 | E19: =D19-C19 -> 1 | G19: X | J19: X | N19: =IF(COUNTA(F19:L19)=0,"— não preenchido",IF(COUNTIF(F19:I19,"X")<>1,"FALTA/DUPLA: CONDIÇÃO DA PLATAFORMA",IF(COUNTIF(J19:L19,"X")<>1,"FALTA/DUPLA: DRENAGEM SUPERFICIAL","OK"))) -> OK
A20: 296ETO0170 | B20: C | C20: 11 | D20: 12 | E20: =D20-C20 -> 1 | G20: X | J20: X | N20: =IF(COUNTA(F20:L20)=0,"— não preenchido",IF(COUNTIF(F20:I20,"X")<>1,"FALTA/DUPLA: CONDIÇÃO DA PLATAFORMA",IF(COUNTIF(J20:L20,"X")<>1,"FALTA/DUPLA: DRENAGEM SUPERFICIAL","OK"))) -> OK
... A30: 296ETO0170 | B30: C | C30: 21 | D30: 22 | E30: =D30-C30 -> 1 | G30: X | J30: X | N30: =IF(COUNTA(F30:L30)=0,"— não preenchido",IF(COUNTIF(F30:I30,"X")<>1,"FALTA/DUPLA: CONDIÇÃO DA PLATAFORMA",IF(COUNTIF(J30:L30,"X")<>1,"FALTA/DUPLA: DRENAGEM SUPERFICIAL","OK"))) -> OK
A31: 296ETO0170 | B31: C | C31: 22 | D31: 23 | E31: =D31-C31 -> 1 | G31: X | K31: X | N31: =IF(COUNTA(F31:L31)=0,"— não preenchido",IF(COUNTIF(F31:I31,"X")<>1,"FALTA/DUPLA: CONDIÇÃO DA PLATAFORMA",IF(COUNTIF(J31:L31,"X")<>1,"FALTA/DUPLA: DRENAGEM SUPERFICIAL","OK"))) -> OK
A32: 296ETO0170 | B32: C | C32: 23 | D32: 24 | E32: =D32-C32 -> 1 | G32: X | K32: X | N32: =IF(COUNTA(F32:L32)=0,"— não preenchido",IF(COUNTIF(F32:I32,"X")<>1,"FALTA/DUPLA: CONDIÇÃO DA PLATAFORMA",IF(COUNTIF(J32:L32,"X")<>1,"FALTA/DUPLA: DRENAGEM SUPERFICIAL","OK"))) -> OK
A33: 296ETO0170 | B33: C | C33: 24 | D33: 25 | E33: =D33-C33 -> 1 | G33: X | K33: X | N33: =IF(COUNTA(F33:L33)=0,"— não preenchido",IF(COUNTIF(F33:I33,"X")<>1,"FALTA/DUPLA: CONDIÇÃO DA PLATAFORMA",IF(COUNTIF(J33:L33,"X")<>1,"FALTA/DUPLA: DRENAGEM SUPERFICIAL","OK"))) -> OK
A34: 296ETO0170 | B34: C | C34: 25 | D34: 26 | E34: =D34-C34 -> 1 | G34: X | K34: X | N34: =IF(COUNTA(F34:L34)=0,"— não preenchido",IF(COUNTIF(F34:I34,"X")<>1,"FALTA/DUPLA: CONDIÇÃO DA PLATAFORMA",IF(COUNTIF(J34:L34,"X")<>1,"FALTA/DUPLA: DRENAGEM SUPERFICIAL","OK"))) -> OK
A35: 296ETO0170 | B35: C | C35: 26 | D35: 27 | E35: =D35-C35 -> 1 | G35: X | K35: X | N35: =IF(COUNTA(F35:L35)=0,"— não preenchido",IF(COUNTIF(F35:I35,"X")<>1,"FALTA/DUPLA: CONDIÇÃO DA PLATAFORMA",IF(COUNTIF(J35:L35,"X")<>1,"FALTA/DUPLA: DRENAGEM SUPERFICIAL","OK"))) -> OK
A36: 296ETO0170 | B36: C | C36: 27 | D36: 28 | E36: =D36-C36 -> 1 | G36: X | K36: X | N36: =IF(COUNTA(F36:L36)=0,"— não preenchido",IF(COUNTIF(F36:I36,"X")<>1,"FALTA/DUPLA: CONDIÇÃO DA PLATAFORMA",IF(COUNTIF(J36:L36,"X")<>1,"FALTA/DUPLA: DRENAGEM SUPERFICIAL","OK"))) -> OK
A37: 296ETO0170 | B37: C | C37: 28 | D37: 29 | E37: =D37-C37 -> 1 | G37: X | K37: X | N37: =IF(COUNTA(F37:L37)=0,"— não preenchido",IF(COUNTIF(F37:I37,"X")<>1,"FALTA/DUPLA: CONDIÇÃO DA PLATAFORMA",IF(COUNTIF(J37:L37,"X")<>1,"FALTA/DUPLA: DRENAGEM SUPERFICIAL","OK"))) -> OK
A38: 296ETO0170 | B38: C | C38: 29 | D38: 30 | E38: =D38-C38 -> 1 | G38: X | K38: X | N38: =IF(COUNTA(F38:L38)=0,"— não preenchido",IF(COUNTIF(F38:I38,"X")<>1,"FALTA/DUPLA: CONDIÇÃO DA PLATAFORMA",IF(COUNTIF(J38:L38,"X")<>1,"FALTA/DUPLA: DRENAGEM SUPERFICIAL","OK"))) -> OK
A39: 296ETO0170 | B39: C | C39: 30 | D39: 31 | E39: =D39-C39 -> 1 | G39: X | K39: X | N39: =IF(COUNTA(F39:L39)=0,"— não preenchido",IF(COUNTIF(F39:I39,"X")<>1,"FALTA/DUPLA: CONDIÇÃO DA PLATAFORMA",IF(COUNTIF(J39:L39,"X")<>1,"FALTA/DUPLA: DRENAGEM SUPERFICIAL","OK"))) -> OK
A40: 296ETO0170 | B40: C | C40: 31 | D40: 32 | E40: =D40-C40 -> 1 | G40: X | K40: X | N40: =IF(COUNTA(F40:L40)=0,"— não preenchido",IF(COUNTIF(F40:I40,"X")<>1,"FALTA/DUPLA: CONDIÇÃO DA PLATAFORMA",IF(COUNTIF(J40:L40,"X")<>1,"FALTA/DUPLA: DRENAGEM SUPERFICIAL","OK"))) -> OK
A41: 296ETO0170 | B41: C | C41: 32 | D41: 33 | E41: =D41-C41 -> 1 | G41: X | K41: X | N41: =IF(COUNTA(F41:L41)=0,"— não preenchido",IF(COUNTIF(F41:I41,"X")<>1,"FALTA/DUPLA: CONDIÇÃO DA PLATAFORMA",IF(COUNTIF(J41:L41,"X")<>1,"FALTA/DUPLA: DRENAGEM SUPERFICIAL","OK"))) -> OK
A42: 296ETO0170 | B42: C | C42: 33 | D42: 34 | E42: =D42-C42 -> 1 | G42: X | K42: X | N42: =IF(COUNTA(F42:L42)=0,"— não preenchido",IF(COUNTIF(F42:I42,"X")<>1,"FALTA/DUPLA: CONDIÇÃO DA PLATAFORMA",IF(COUNTIF(J42:L42,"X")<>1,"FALTA/DUPLA: DRENAGEM SUPERFICIAL","OK"))) -> OK
... A59: 296ETO0170 | B59: C | C59: 50 | D59: 50.619704 | E59: =D59-C59 -> 0.61970428 | G59: X | K59: X | N59: =IF(COUNTA(F59:L59)=0,"— não preenchido",IF(COUNTIF(F59:I59,"X")<>1,"FALTA/DUPLA: CONDIÇÃO DA PLATAFORMA",IF(COUNTIF(J59:L59,"X")<>1,"FALTA/DUPLA: DRENAGEM SUPERFICIAL","OK"))) -> OK
A61: ____________________________________________ | G61: ____________________________________________
A62: TÉCNICO RESPONSÁVEL PELA INSPEÇÃO | G62: VISTO DA SUPERVISÃO
A64: RESUMO DO TRECHO — KM LANÇADO POR ITEM
A65: KM LANÇADO | F65: =SUMIF(F$9:F$59,"X",$E$9:$E$59) -> 0 | G65: =SUMIF(G$9:G$59,"X",$E$9:$E$59) -> 50.619704 | H65: =SUMIF(H$9:H$59,"X",$E$9:$E$59) -> 0 | I65: =SUMIF(I$9:I$59,"X",$E$9:$E$59) -> 0 | J65: =SUMIF(J$9:J$59,"X",$E$9:$E$59) -> 22 | K65: =SUMIF(K$9:K$59,"X",$E$9:$E$59) -> 28.619704 | L65: =SUMIF(L$9:L$59,"X",$E$9:$E$59) -> 0
A66: % DA EXTENSÃO | F66: =IF($I68=0,0,F65/$I68) -> 0 | G66: =IF($I68=0,0,G65/$I68) -> 1 | H66: =IF($I68=0,0,H65/$I68) -> 0 | I66: =IF($I68=0,0,I65/$I68) -> 0 | J66: =IF($I68=0,0,J65/$I68) -> 0.43461336 | K66: =IF($I68=0,0,K65/$I68) -> 0.56538664 | L66: =IF($I68=0,0,L65/$I68) -> 0
A67: CONFERÊNCIA POR GRUPO | F67: =IF(SUM(F65:I65)=0,"— não preenchido",IF(ROUND(SUM(F65:I65)-$I68,3)=0,"OK — "&ROUND(SUM(F65:I65),3)&" km","ERRO — dif. de "&ROUND(SUM(F65:I65)-$I68,3)&" km")) -> OK — 50,62 km | J67: =IF(SUM(J65:L65)=0,"— não preenchido",IF(ROUND(SUM(J65:L65)-$I68,3)=0,"OK — "&ROUND(SUM(J65:L65),3)&" km","ERRO — dif. de "&ROUND(SUM(J65:L65)-$I68,3)&" km")) -> OK — 50,62 km
A68: EXTENSÃO TOTAL DO TRECHO | I68: =SUM(E9:E59) -> 50.619704 | M68: =COUNTIF(N9:N59,"OK")&" de "&COUNT($E$9:$E$59)&" linhas conferidas" -> 51 de 51 linhas conferidas
A70: LEGENDA
A71: REGULAR | E71: Até 10 irregularidades por km
A72: RUIM | E72: Mais de 10 irregularidades por km
A73: PÉSSIMA | E73: Atoleiro ou ponto crítico
A74: SIT. | E74: LEN = leito natural · EOP = em obras de pavimentação
A75: FAIXA AZUL | E75: Cabeçalho de cada S.R.E.: descrição, situação, jurisdição, extensão e coordenada de início.
A76: INÍCIO / FIM (KM) | E76: Contados de 0 até o fim de CADA S.R.E. Não é o marco quilométrico da rodovia.
A77: SENT. | E77: C = crescente · D = decrescente
A78: FAIXA CINZA | E78: Segmento fora do escopo do contrato: você passa por ele, mas não preenche.
A79: CÉLULA VERMELHA | E79: Mais de uma X no mesmo grupo. Apague uma delas.
A80: CONFERÊNCIA | E80: Só na tela, não sai impresso. Fica OK com uma X em cada grupo.

Sheet 262
A1: PROGRAMA DE MANUTENÇÃO RODOVIÁRIA — FICHA DE INSPEÇÃO — RODOVIAS NÃO PAVIMENTADAS | P1: Valores dos gráficos — troca 0 por N/D para a fatia não aparecer. Não editar.
A2: REGIÃO: 13 — DIANÓPOLIS | D2: MÊS / ANO: | G2: DATA: | J2: TÉCNICO: | P2: =IF(F38=0,NA(),F38) -> #N/A | Q2: =IF(G38=0,NA(),G38) -> 23.951037 | R2: =IF(H38=0,NA(),H38) -> #N/A | S2: =IF(I38=0,NA(),I38) -> #N/A | T2: =IF(J38=0,NA(),J38) -> 17 | U2: =IF(K38=0,NA(),K38) -> 6.9510366 | V2: =IF(L38=0,NA(),L38) -> #N/A
A3: TRECHO 262 — RODOVIA TO-369 - TRECHO ENTR. TO-040 - ENTR. TO-476 (FUNIL - RIO SONINHO) | K3: EXTENSÃO: 23,951 km · 1 S.R.E.
A4: COMO PREENCHER: uma X em UMA coluna de cada grupo, por linha. Se houver mais de um defeito no mesmo km, marque o PREDOMINANTE e escreva o resto em OBSERVAÇÕES. A quilometragem é contada de 0 até o fim de CADA S.R.E. (não é o marco da rodovia).
A6: S.R.E. | B6: SENT. | C6: INÍCIO (KM) | D6: FIM (KM) | E6: EXT. (KM) | F6: CONDIÇÃO DA PLATAFORMA | J6: DRENAGEM SUPERFICIAL | M6: OBSERVAÇÕES | N6: CONFERÊNCIA (só na tela)
F7: BOM | G7: REGULAR | H7: RUIM | I7: PÉSSIMA | J7: LIMPA | K7: OBSTRUÍDA | L7: AUSENTE
A8: S.R.E. 369ETO0100 | ENTR. TO-476 - ENTR. TO-040 | LEN · Estadual · 23.951 km · início: -10.98981, -47.228897
A9: 369ETO0100 | B9: C | C9: 0 | D9: 1 | E9: =D9-C9 -> 1 | G9: X | J9: X | N9: =IF(COUNTA(F9:L9)=0,"— não preenchido",IF(COUNTIF(F9:I9,"X")<>1,"FALTA/DUPLA: CONDIÇÃO DA PLATAFORMA",IF(COUNTIF(J9:L9,"X")<>1,"FALTA/DUPLA: DRENAGEM SUPERFICIAL","OK"))) -> OK
A10: 369ETO0100 | B10: C | C10: 1 | D10: 2 | E10: =D10-C10 -> 1 | G10: X | J10: X | N10: =IF(COUNTA(F10:L10)=0,"— não preenchido",IF(COUNTIF(F10:I10,"X")<>1,"FALTA/DUPLA: CONDIÇÃO DA PLATAFORMA",IF(COUNTIF(J10:L10,"X")<>1,"FALTA/DUPLA: DRENAGEM SUPERFICIAL","OK"))) -> OK
A11: 369ETO0100 | B11: C | C11: 2 | D11: 3 | E11: =D11-C11 -> 1 | G11: X | J11: X | N11: =IF(COUNTA(F11:L11)=0,"— não preenchido",IF(COUNTIF(F11:I11,"X")<>1,"FALTA/DUPLA: CONDIÇÃO DA PLATAFORMA",IF(COUNTIF(J11:L11,"X")<>1,"FALTA/DUPLA: DRENAGEM SUPERFICIAL","OK"))) -> OK
A12: 369ETO0100 | B12: C | C12: 3 | D12: 4 | E12: =D12-C12 -> 1 | G12: X | J12: X | N12: =IF(COUNTA(F12:L12)=0,"— não preenchido",IF(COUNTIF(F12:I12,"X")<>1,"FALTA/DUPLA: CONDIÇÃO DA PLATAFORMA",IF(COUNTIF(J12:L12,"X")<>1,"FALTA/DUPLA: DRENAGEM SUPERFICIAL","OK"))) -> OK
A13: 369ETO0100 | B13: C | C13: 4 | D13: 5 | E13: =D13-C13 -> 1 | G13: X | J13: X | N13: =IF(COUNTA(F13:L13)=0,"— não preenchido",IF(COUNTIF(F13:I13,"X")<>1,"FALTA/DUPLA: CONDIÇÃO DA PLATAFORMA",IF(COUNTIF(J13:L13,"X")<>1,"FALTA/DUPLA: DRENAGEM SUPERFICIAL","OK"))) -> OK
A14: 369ETO0100 | B14: C | C14: 5 | D14: 6 | E14: =D14-C14 -> 1 | G14: X | J14: X | N14: =IF(COUNTA(F14:L14)=0,"— não preenchido",IF(COUNTIF(F14:I14,"X")<>1,"FALTA/DUPLA: CONDIÇÃO DA PLATAFORMA",IF(COUNTIF(J14:L14,"X")<>1,"FALTA/DUPLA: DRENAGEM SUPERFICIAL","OK"))) -> OK
A15: 369ETO0100 | B15: C | C15: 6 | D15: 7 | E15: =D15-C15 -> 1 | G15: X | J15: X | N15: =IF(COUNTA(F15:L15)=0,"— não preenchido",IF(COUNTIF(F15:I15,"X")<>1,"FALTA/DUPLA: CONDIÇÃO DA PLATAFORMA",IF(COUNTIF(J15:L15,"X")<>1,"FALTA/DUPLA: DRENAGEM SUPERFICIAL","OK"))) -> OK
A16: 369ETO0100 | B16: C | C16: 7 | D16: 8 | E16: =D16-C16 -> 1 | G16: X | J16: X | N16: =IF(COUNTA(F16:L16)=0,"— não preenchido",IF(COUNTIF(F16:I16,"X")<>1,"FALTA/DUPLA: CONDIÇÃO DA PLATAFORMA",IF(COUNTIF(J16:L16,"X")<>1,"FALTA/DUPLA: DRENAGEM SUPERFICIAL","OK"))) -> OK
A17: 369ETO0100 | B17: C | C17: 8 | D17: 9 | E17: =D17-C17 -> 1 | G17: X | J17: X | N17: =IF(COUNTA(F17:L17)=0,"— não preenchido",IF(COUNTIF(F17:I17,"X")<>1,"FALTA/DUPLA: CONDIÇÃO DA PLATAFORMA",IF(COUNTIF(J17:L17,"X")<>1,"FALTA/DUPLA: DRENAGEM SUPERFICIAL","OK"))) -> OK
A18: 369ETO0100 | B18: C | C18: 9 | D18: 10 | E18: =D18-C18 -> 1 | G18: X | J18: X | N18: =IF(COUNTA(F18:L18)=0,"— não preenchido",IF(COUNTIF(F18:I18,"X")<>1,"FALTA/DUPLA: CONDIÇÃO DA PLATAFORMA",IF(COUNTIF(J18:L18,"X")<>1,"FALTA/DUPLA: DRENAGEM SUPERFICIAL","OK"))) -> OK
A19: 369ETO0100 | B19: C | C19: 10 | D19: 11 | E19: =D19-C19 -> 1 | G19: X | J19: X | N19: =IF(COUNTA(F19:L19)=0,"— não preenchido",IF(COUNTIF(F19:I19,"X")<>1,"FALTA/DUPLA: CONDIÇÃO DA PLATAFORMA",IF(COUNTIF(J19:L19,"X")<>1,"FALTA/DUPLA: DRENAGEM SUPERFICIAL","OK"))) -> OK
A20: 369ETO0100 | B20: C | C20: 11 | D20: 12 | E20: =D20-C20 -> 1 | G20: X | J20: X | N20: =IF(COUNTA(F20:L20)=0,"— não preenchido",IF(COUNTIF(F20:I20,"X")<>1,"FALTA/DUPLA: CONDIÇÃO DA PLATAFORMA",IF(COUNTIF(J20:L20,"X")<>1,"FALTA/DUPLA: DRENAGEM SUPERFICIAL","OK"))) -> OK
... A25: 369ETO0100 | B25: C | C25: 16 | D25: 17 | E25: =D25-C25 -> 1 | G25: X | J25: X | N25: =IF(COUNTA(F25:L25)=0,"— não preenchido",IF(COUNTIF(F25:I25,"X")<>1,"FALTA/DUPLA: CONDIÇÃO DA PLATAFORMA",IF(COUNTIF(J25:L25,"X")<>1,"FALTA/DUPLA: DRENAGEM SUPERFICIAL","OK"))) -> OK
A26: 369ETO0100 | B26: C | C26: 17 | D26: 18 | E26: =D26-C26 -> 1 | G26: X | K26: X | N26: =IF(COUNTA(F26:L26)=0,"— não preenchido",IF(COUNTIF(F26:I26,"X")<>1,"FALTA/DUPLA: CONDIÇÃO DA PLATAFORMA",IF(COUNTIF(J26:L26,"X")<>1,"FALTA/DUPLA: DRENAGEM SUPERFICIAL","OK"))) -> OK
A27: 369ETO0100 | B27: C | C27: 18 | D27: 19 | E27: =D27-C27 -> 1 | G27: X | K27: X | N27: =IF(COUNTA(F27:L27)=0,"— não preenchido",IF(COUNTIF(F27:I27,"X")<>1,"FALTA/DUPLA: CONDIÇÃO DA PLATAFORMA",IF(COUNTIF(J27:L27,"X")<>1,"FALTA/DUPLA: DRENAGEM SUPERFICIAL","OK"))) -> OK
A28: 369ETO0100 | B28: C | C28: 19 | D28: 20 | E28: =D28-C28 -> 1 | G28: X | K28: X | N28: =IF(COUNTA(F28:L28)=0,"— não preenchido",IF(COUNTIF(F28:I28,"X")<>1,"FALTA/DUPLA: CONDIÇÃO DA PLATAFORMA",IF(COUNTIF(J28:L28,"X")<>1,"FALTA/DUPLA: DRENAGEM SUPERFICIAL","OK"))) -> OK
A29: 369ETO0100 | B29: C | C29: 20 | D29: 21 | E29: =D29-C29 -> 1 | G29: X | K29: X | N29: =IF(COUNTA(F29:L29)=0,"— não preenchido",IF(COUNTIF(F29:I29,"X")<>1,"FALTA/DUPLA: CONDIÇÃO DA PLATAFORMA",IF(COUNTIF(J29:L29,"X")<>1,"FALTA/DUPLA: DRENAGEM SUPERFICIAL","OK"))) -> OK
A30: 369ETO0100 | B30: C | C30: 21 | D30: 22 | E30: =D30-C30 -> 1 | G30: X | K30: X | N30: =IF(COUNTA(F30:L30)=0,"— não preenchido",IF(COUNTIF(F30:I30,"X")<>1,"FALTA/DUPLA: CONDIÇÃO DA PLATAFORMA",IF(COUNTIF(J30:L30,"X")<>1,"FALTA/DUPLA: DRENAGEM SUPERFICIAL","OK"))) -> OK
A31: 369ETO0100 | B31: C | C31: 22 | D31: 23 | E31: =D31-C31 -> 1 | G31: X | K31: X | N31: =IF(COUNTA(F31:L31)=0,"— não preenchido",IF(COUNTIF(F31:I31,"X")<>1,"FALTA/DUPLA: CONDIÇÃO DA PLATAFORMA",IF(COUNTIF(J31:L31,"X")<>1,"FALTA/DUPLA: DRENAGEM SUPERFICIAL","OK"))) -> OK
A32: 369ETO0100 | B32: C | C32: 23 | D32: 23.951037 | E32: =D32-C32 -> 0.95103656 | G32: X | K32: X | N32: =IF(COUNTA(F32:L32)=0,"— não preenchido",IF(COUNTIF(F32:I32,"X")<>1,"FALTA/DUPLA: CONDIÇÃO DA PLATAFORMA",IF(COUNTIF(J32:L32,"X")<>1,"FALTA/DUPLA: DRENAGEM SUPERFICIAL","OK"))) -> OK
A34: ____________________________________________ | G34: ____________________________________________
A35: TÉCNICO RESPONSÁVEL PELA INSPEÇÃO | G35: VISTO DA SUPERVISÃO
A37: RESUMO DO TRECHO — KM LANÇADO POR ITEM
A38: KM LANÇADO | F38: =SUMIF(F$9:F$32,"X",$E$9:$E$32) -> 0 | G38: =SUMIF(G$9:G$32,"X",$E$9:$E$32) -> 23.951037 | H38: =SUMIF(H$9:H$32,"X",$E$9:$E$32) -> 0 | I38: =SUMIF(I$9:I$32,"X",$E$9:$E$32) -> 0 | J38: =SUMIF(J$9:J$32,"X",$E$9:$E$32) -> 17 | K38: =SUMIF(K$9:K$32,"X",$E$9:$E$32) -> 6.9510366 | L38: =SUMIF(L$9:L$32,"X",$E$9:$E$32) -> 0
A39: % DA EXTENSÃO | F39: =IF($I41=0,0,F38/$I41) -> 0 | G39: =IF($I41=0,0,G38/$I41) -> 1 | H39: =IF($I41=0,0,H38/$I41) -> 0 | I39: =IF($I41=0,0,I38/$I41) -> 0 | J39: =IF($I41=0,0,J38/$I41) -> 0.70978139 | K39: =IF($I41=0,0,K38/$I41) -> 0.29021861 | L39: =IF($I41=0,0,L38/$I41) -> 0
A40: CONFERÊNCIA POR GRUPO | F40: =IF(SUM(F38:I38)=0,"— não preenchido",IF(ROUND(SUM(F38:I38)-$I41,3)=0,"OK — "&ROUND(SUM(F38:I38),3)&" km","ERRO — dif. de "&ROUND(SUM(F38:I38)-$I41,3)&" km")) -> OK — 23,951 km | J40: =IF(SUM(J38:L38)=0,"— não preenchido",IF(ROUND(SUM(J38:L38)-$I41,3)=0,"OK — "&ROUND(SUM(J38:L38),3)&" km","ERRO — dif. de "&ROUND(SUM(J38:L38)-$I41,3)&" km")) -> OK — 23,951 km
A41: EXTENSÃO TOTAL DO TRECHO | I41: =SUM(E9:E32) -> 23.951037 | M41: =COUNTIF(N9:N32,"OK")&" de "&COUNT($E$9:$E$32)&" linhas conferidas" -> 24 de 24 linhas conferidas
A43: LEGENDA
A44: REGULAR | E44: Até 10 irregularidades por km
A45: RUIM | E45: Mais de 10 irregularidades por km
A46: PÉSSIMA | E46: Atoleiro ou ponto crítico
A47: SIT. | E47: LEN = leito natural · EOP = em obras de pavimentação
A48: FAIXA AZUL | E48: Cabeçalho de cada S.R.E.: descrição, situação, jurisdição, extensão e coordenada de início.
A49: INÍCIO / FIM (KM) | E49: Contados de 0 até o fim de CADA S.R.E. Não é o marco quilométrico da rodovia.
A50: SENT. | E50: C = crescente · D = decrescente
A51: FAIXA CINZA | E51: Segmento fora do escopo do contrato: você passa por ele, mas não preenche.
A52: CÉLULA VERMELHA | E52: Mais de uma X no mesmo grupo. Apague uma delas.
A53: CONFERÊNCIA | E53: Só na tela, não sai impresso. Fica OK com uma X em cada grupo.

Sheet 263
A1: PROGRAMA DE MANUTENÇÃO RODOVIÁRIA — FICHA DE INSPEÇÃO — RODOVIAS NÃO PAVIMENTADAS | P1: Valores dos gráficos — troca 0 por N/D para a fatia não aparecer. Não editar.
A2: REGIÃO: 13 — DIANÓPOLIS | D2: MÊS / ANO: | G2: DATA: | J2: TÉCNICO: | P2: =IF(F54=0,NA(),F54) -> 39.5018 | Q2: =IF(G54=0,NA(),G54) -> #N/A | R2: =IF(H54=0,NA(),H54) -> #N/A | S2: =IF(I54=0,NA(),I54) -> #N/A | T2: =IF(J54=0,NA(),J54) -> 32.5018 | U2: =IF(K54=0,NA(),K54) -> 7 | V2: =IF(L54=0,NA(),L54) -> #N/A
A3: TRECHO 263 — RODOVIA TO-387 - TRECHO CONCEIÇÃO DO TOCANTINS - TAIPAS DO TOCANTINS | K3: EXTENSÃO: 39,502 km · 1 S.R.E.
A4: COMO PREENCHER: uma X em UMA coluna de cada grupo, por linha. Se houver mais de um defeito no mesmo km, marque o PREDOMINANTE e escreva o resto em OBSERVAÇÕES. A quilometragem é contada de 0 até o fim de CADA S.R.E. (não é o marco da rodovia).
A6: S.R.E. | B6: SENT. | C6: INÍCIO (KM) | D6: FIM (KM) | E6: EXT. (KM) | F6: CONDIÇÃO DA PLATAFORMA | J6: DRENAGEM SUPERFICIAL | M6: OBSERVAÇÕES | N6: CONFERÊNCIA (só na tela)
F7: BOM | G7: REGULAR | H7: RUIM | I7: PÉSSIMA | J7: LIMPA | K7: OBSTRUÍDA | L7: AUSENTE
A8: S.R.E. 387ETO0070 | ENTR. TO-485 (TAIPAS) - CONCEIÇÃO DO TOCANTINS *TRECHO URBANO* | LEN · Estadual · 39.502 km · início: -12.205354, -46.990971
A9: 387ETO0070 | B9: C | C9: 0 | D9: 1 | E9: =D9-C9 -> 1 | F9: X | J9: X | N9: =IF(COUNTA(F9:L9)=0,"— não preenchido",IF(COUNTIF(F9:I9,"X")<>1,"FALTA/DUPLA: CONDIÇÃO DA PLATAFORMA",IF(COUNTIF(J9:L9,"X")<>1,"FALTA/DUPLA: DRENAGEM SUPERFICIAL","OK"))) -> OK
A10: 387ETO0070 | B10: C | C10: 1 | D10: 2 | E10: =D10-C10 -> 1 | F10: X | J10: X | N10: =IF(COUNTA(F10:L10)=0,"— não preenchido",IF(COUNTIF(F10:I10,"X")<>1,"FALTA/DUPLA: CONDIÇÃO DA PLATAFORMA",IF(COUNTIF(J10:L10,"X")<>1,"FALTA/DUPLA: DRENAGEM SUPERFICIAL","OK"))) -> OK
A11: 387ETO0070 | B11: C | C11: 2 | D11: 3 | E11: =D11-C11 -> 1 | F11: X | J11: X | N11: =IF(COUNTA(F11:L11)=0,"— não preenchido",IF(COUNTIF(F11:I11,"X")<>1,"FALTA/DUPLA: CONDIÇÃO DA PLATAFORMA",IF(COUNTIF(J11:L11,"X")<>1,"FALTA/DUPLA: DRENAGEM SUPERFICIAL","OK"))) -> OK
A12: 387ETO0070 | B12: C | C12: 3 | D12: 4 | E12: =D12-C12 -> 1 | F12: X | J12: X | N12: =IF(COUNTA(F12:L12)=0,"— não preenchido",IF(COUNTIF(F12:I12,"X")<>1,"FALTA/DUPLA: CONDIÇÃO DA PLATAFORMA",IF(COUNTIF(J12:L12,"X")<>1,"FALTA/DUPLA: DRENAGEM SUPERFICIAL","OK"))) -> OK
A13: 387ETO0070 | B13: C | C13: 4 | D13: 5 | E13: =D13-C13 -> 1 | F13: X | J13: X | N13: =IF(COUNTA(F13:L13)=0,"— não preenchido",IF(COUNTIF(F13:I13,"X")<>1,"FALTA/DUPLA: CONDIÇÃO DA PLATAFORMA",IF(COUNTIF(J13:L13,"X")<>1,"FALTA/DUPLA: DRENAGEM SUPERFICIAL","OK"))) -> OK
A14: 387ETO0070 | B14: C | C14: 5 | D14: 6 | E14: =D14-C14 -> 1 | F14: X | J14: X | N14: =IF(COUNTA(F14:L14)=0,"— não preenchido",IF(COUNTIF(F14:I14,"X")<>1,"FALTA/DUPLA: CONDIÇÃO DA PLATAFORMA",IF(COUNTIF(J14:L14,"X")<>1,"FALTA/DUPLA: DRENAGEM SUPERFICIAL","OK"))) -> OK
A15: 387ETO0070 | B15: C | C15: 6 | D15: 7 | E15: =D15-C15 -> 1 | F15: X | J15: X | N15: =IF(COUNTA(F15:L15)=0,"— não preenchido",IF(COUNTIF(F15:I15,"X")<>1,"FALTA/DUPLA: CONDIÇÃO DA PLATAFORMA",IF(COUNTIF(J15:L15,"X")<>1,"FALTA/DUPLA: DRENAGEM SUPERFICIAL","OK"))) -> OK
A16: 387ETO0070 | B16: C | C16: 7 | D16: 8 | E16: =D16-C16 -> 1 | F16: X | J16: X | N16: =IF(COUNTA(F16:L16)=0,"— não preenchido",IF(COUNTIF(F16:I16,"X")<>1,"FALTA/DUPLA: CONDIÇÃO DA PLATAFORMA",IF(COUNTIF(J16:L16,"X")<>1,"FALTA/DUPLA: DRENAGEM SUPERFICIAL","OK"))) -> OK
A17: 387ETO0070 | B17: C | C17: 8 | D17: 9 | E17: =D17-C17 -> 1 | F17: X | J17: X | N17: =IF(COUNTA(F17:L17)=0,"— não preenchido",IF(COUNTIF(F17:I17,"X")<>1,"FALTA/DUPLA: CONDIÇÃO DA PLATAFORMA",IF(COUNTIF(J17:L17,"X")<>1,"FALTA/DUPLA: DRENAGEM SUPERFICIAL","OK"))) -> OK
A18: 387ETO0070 | B18: C | C18: 9 | D18: 10 | E18: =D18-C18 -> 1 | F18: X | J18: X | N18: =IF(COUNTA(F18:L18)=0,"— não preenchido",IF(COUNTIF(F18:I18,"X")<>1,"FALTA/DUPLA: CONDIÇÃO DA PLATAFORMA",IF(COUNTIF(J18:L18,"X")<>1,"FALTA/DUPLA: DRENAGEM SUPERFICIAL","OK"))) -> OK
A19: 387ETO0070 | B19: C | C19: 10 | D19: 11 | E19: =D19-C19 -> 1 | F19: X | J19: X | N19: =IF(COUNTA(F19:L19)=0,"— não preenchido",IF(COUNTIF(F19:I19,"X")<>1,"FALTA/DUPLA: CONDIÇÃO DA PLATAFORMA",IF(COUNTIF(J19:L19,"X")<>1,"FALTA/DUPLA: DRENAGEM SUPERFICIAL","OK"))) -> OK
A20: 387ETO0070 | B20: C | C20: 11 | D20: 12 | E20: =D20-C20 -> 1 | F20: X | J20: X | N20: =IF(COUNTA(F20:L20)=0,"— não preenchido",IF(COUNTIF(F20:I20,"X")<>1,"FALTA/DUPLA: CONDIÇÃO DA PLATAFORMA",IF(COUNTIF(J20:L20,"X")<>1,"FALTA/DUPLA: DRENAGEM SUPERFICIAL","OK"))) -> OK
... A23: 387ETO0070 | B23: C | C23: 14 | D23: 15 | E23: =D23-C23 -> 1 | F23: X | J23: X | N23: =IF(COUNTA(F23:L23)=0,"— não preenchido",IF(COUNTIF(F23:I23,"X")<>1,"FALTA/DUPLA: CONDIÇÃO DA PLATAFORMA",IF(COUNTIF(J23:L23,"X")<>1,"FALTA/DUPLA: DRENAGEM SUPERFICIAL","OK"))) -> OK
A24: 387ETO0070 | B24: C | C24: 15 | D24: 16 | E24: =D24-C24 -> 1 | F24: X | K24: X | N24: =IF(COUNTA(F24:L24)=0,"— não preenchido",IF(COUNTIF(F24:I24,"X")<>1,"FALTA/DUPLA: CONDIÇÃO DA PLATAFORMA",IF(COUNTIF(J24:L24,"X")<>1,"FALTA/DUPLA: DRENAGEM SUPERFICIAL","OK"))) -> OK
A25: 387ETO0070 | B25: C | C25: 16 | D25: 17 | E25: =D25-C25 -> 1 | F25: X | K25: X | N25: =IF(COUNTA(F25:L25)=0,"— não preenchido",IF(COUNTIF(F25:I25,"X")<>1,"FALTA/DUPLA: CONDIÇÃO DA PLATAFORMA",IF(COUNTIF(J25:L25,"X")<>1,"FALTA/DUPLA: DRENAGEM SUPERFICIAL","OK"))) -> OK
A26: 387ETO0070 | B26: C | C26: 17 | D26: 18 | E26: =D26-C26 -> 1 | F26: X | K26: X | N26: =IF(COUNTA(F26:L26)=0,"— não preenchido",IF(COUNTIF(F26:I26,"X")<>1,"FALTA/DUPLA: CONDIÇÃO DA PLATAFORMA",IF(COUNTIF(J26:L26,"X")<>1,"FALTA/DUPLA: DRENAGEM SUPERFICIAL","OK"))) -> OK
A27: 387ETO0070 | B27: C | C27: 18 | D27: 19 | E27: =D27-C27 -> 1 | F27: X | K27: X | N27: =IF(COUNTA(F27:L27)=0,"— não preenchido",IF(COUNTIF(F27:I27,"X")<>1,"FALTA/DUPLA: CONDIÇÃO DA PLATAFORMA",IF(COUNTIF(J27:L27,"X")<>1,"FALTA/DUPLA: DRENAGEM SUPERFICIAL","OK"))) -> OK
A28: 387ETO0070 | B28: C | C28: 19 | D28: 20 | E28: =D28-C28 -> 1 | F28: X | K28: X | N28: =IF(COUNTA(F28:L28)=0,"— não preenchido",IF(COUNTIF(F28:I28,"X")<>1,"FALTA/DUPLA: CONDIÇÃO DA PLATAFORMA",IF(COUNTIF(J28:L28,"X")<>1,"FALTA/DUPLA: DRENAGEM SUPERFICIAL","OK"))) -> OK
A29: 387ETO0070 | B29: C | C29: 20 | D29: 21 | E29: =D29-C29 -> 1 | F29: X | K29: X | N29: =IF(COUNTA(F29:L29)=0,"— não preenchido",IF(COUNTIF(F29:I29,"X")<>1,"FALTA/DUPLA: CONDIÇÃO DA PLATAFORMA",IF(COUNTIF(J29:L29,"X")<>1,"FALTA/DUPLA: DRENAGEM SUPERFICIAL","OK"))) -> OK
A30: 387ETO0070 | B30: C | C30: 21 | D30: 22 | E30: =D30-C30 -> 1 | F30: X | K30: X | N30: =IF(COUNTA(F30:L30)=0,"— não preenchido",IF(COUNTIF(F30:I30,"X")<>1,"FALTA/DUPLA: CONDIÇÃO DA PLATAFORMA",IF(COUNTIF(J30:L30,"X")<>1,"FALTA/DUPLA: DRENAGEM SUPERFICIAL","OK"))) -> OK
A31: 387ETO0070 | B31: C | C31: 22 | D31: 23 | E31: =D31-C31 -> 1 | F31: X | J31: X | N31: =IF(COUNTA(F31:L31)=0,"— não preenchido",IF(COUNTIF(F31:I31,"X")<>1,"FALTA/DUPLA: CONDIÇÃO DA PLATAFORMA",IF(COUNTIF(J31:L31,"X")<>1,"FALTA/DUPLA: DRENAGEM SUPERFICIAL","OK"))) -> OK
A32: 387ETO0070 | B32: C | C32: 23 | D32: 24 | E32: =D32-C32 -> 1 | F32: X | J32: X | N32: =IF(COUNTA(F32:L32)=0,"— não preenchido",IF(COUNTIF(F32:I32,"X")<>1,"FALTA/DUPLA: CONDIÇÃO DA PLATAFORMA",IF(COUNTIF(J32:L32,"X")<>1,"FALTA/DUPLA: DRENAGEM SUPERFICIAL","OK"))) -> OK
A33: 387ETO0070 | B33: C | C33: 24 | D33: 25 | E33: =D33-C33 -> 1 | F33: X | J33: X | N33: =IF(COUNTA(F33:L33)=0,"— não preenchido",IF(COUNTIF(F33:I33,"X")<>1,"FALTA/DUPLA: CONDIÇÃO DA PLATAFORMA",IF(COUNTIF(J33:L33,"X")<>1,"FALTA/DUPLA: DRENAGEM SUPERFICIAL","OK"))) -> OK
A34: 387ETO0070 | B34: C | C34: 25 | D34: 26 | E34: =D34-C34 -> 1 | F34: X | J34: X | N34: =IF(COUNTA(F34:L34)=0,"— não preenchido",IF(COUNTIF(F34:I34,"X")<>1,"FALTA/DUPLA: CONDIÇÃO DA PLATAFORMA",IF(COUNTIF(J34:L34,"X")<>1,"FALTA/DUPLA: DRENAGEM SUPERFICIAL","OK"))) -> OK
A35: 387ETO0070 | B35: C | C35: 26 | D35: 27 | E35: =D35-C35 -> 1 | F35: X | J35: X | N35: =IF(COUNTA(F35:L35)=0,"— não preenchido",IF(COUNTIF(F35:I35,"X")<>1,"FALTA/DUPLA: CONDIÇÃO DA PLATAFORMA",IF(COUNTIF(J35:L35,"X")<>1,"FALTA/DUPLA: DRENAGEM SUPERFICIAL","OK"))) -> OK
A36: 387ETO0070 | B36: C | C36: 27 | D36: 28 | E36: =D36-C36 -> 1 | F36: X | J36: X | N36: =IF(COUNTA(F36:L36)=0,"— não preenchido",IF(COUNTIF(F36:I36,"X")<>1,"FALTA/DUPLA: CONDIÇÃO DA PLATAFORMA",IF(COUNTIF(J36:L36,"X")<>1,"FALTA/DUPLA: DRENAGEM SUPERFICIAL","OK"))) -> OK
A37: 387ETO0070 | B37: C | C37: 28 | D37: 29 | E37: =D37-C37 -> 1 | F37: X | J37: X | N37: =IF(COUNTA(F37:L37)=0,"— não preenchido",IF(COUNTIF(F37:I37,"X")<>1,"FALTA/DUPLA: CONDIÇÃO DA PLATAFORMA",IF(COUNTIF(J37:L37,"X")<>1,"FALTA/DUPLA: DRENAGEM SUPERFICIAL","OK"))) -> OK
A38: 387ETO0070 | B38: C | C38: 29 | D38: 30 | E38: =D38-C38 -> 1 | F38: X | J38: X | N38: =IF(COUNTA(F38:L38)=0,"— não preenchido",IF(COUNTIF(F38:I38,"X")<>1,"FALTA/DUPLA: CONDIÇÃO DA PLATAFORMA",IF(COUNTIF(J38:L38,"X")<>1,"FALTA/DUPLA: DRENAGEM SUPERFICIAL","OK"))) -> OK
A39: 387ETO0070 | B39: C | C39: 30 | D39: 31 | E39: =D39-C39 -> 1 | F39: X | J39: X | N39: =IF(COUNTA(F39:L39)=0,"— não preenchido",IF(COUNTIF(F39:I39,"X")<>1,"FALTA/DUPLA: CONDIÇÃO DA PLATAFORMA",IF(COUNTIF(J39:L39,"X")<>1,"FALTA/DUPLA: DRENAGEM SUPERFICIAL","OK"))) -> OK
A40: 387ETO0070 | B40: C | C40: 31 | D40: 32 | E40: =D40-C40 -> 1 | F40: X | J40: X | N40: =IF(COUNTA(F40:L40)=0,"— não preenchido",IF(COUNTIF(F40:I40,"X")<>1,"FALTA/DUPLA: CONDIÇÃO DA PLATAFORMA",IF(COUNTIF(J40:L40,"X")<>1,"FALTA/DUPLA: DRENAGEM SUPERFICIAL","OK"))) -> OK
A41: 387ETO0070 | B41: C | C41: 32 | D41: 33 | E41: =D41-C41 -> 1 | F41: X | J41: X | N41: =IF(COUNTA(F41:L41)=0,"— não preenchido",IF(COUNTIF(F41:I41,"X")<>1,"FALTA/DUPLA: CONDIÇÃO DA PLATAFORMA",IF(COUNTIF(J41:L41,"X")<>1,"FALTA/DUPLA: DRENAGEM SUPERFICIAL","OK"))) -> OK
A42: 387ETO0070 | B42: C | C42: 33 | D42: 34 | E42: =D42-C42 -> 1 | F42: X | J42: X | N42: =IF(COUNTA(F42:L42)=0,"— não preenchido",IF(COUNTIF(F42:I42,"X")<>1,"FALTA/DUPLA: CONDIÇÃO DA PLATAFORMA",IF(COUNTIF(J42:L42,"X")<>1,"FALTA/DUPLA: DRENAGEM SUPERFICIAL","OK"))) -> OK
... A48: 387ETO0070 | B48: C | C48: 39 | D48: 39.5018 | E48: =D48-C48 -> 0.50180008 | F48: X | J48: X | N48: =IF(COUNTA(F48:L48)=0,"— não preenchido",IF(COUNTIF(F48:I48,"X")<>1,"FALTA/DUPLA: CONDIÇÃO DA PLATAFORMA",IF(COUNTIF(J48:L48,"X")<>1,"FALTA/DUPLA: DRENAGEM SUPERFICIAL","OK"))) -> OK
A50: ____________________________________________ | G50: ____________________________________________
A51: TÉCNICO RESPONSÁVEL PELA INSPEÇÃO | G51: VISTO DA SUPERVISÃO
A53: RESUMO DO TRECHO — KM LANÇADO POR ITEM
A54: KM LANÇADO | F54: =SUMIF(F$9:F$48,"X",$E$9:$E$48) -> 39.5018 | G54: =SUMIF(G$9:G$48,"X",$E$9:$E$48) -> 0 | H54: =SUMIF(H$9:H$48,"X",$E$9:$E$48) -> 0 | I54: =SUMIF(I$9:I$48,"X",$E$9:$E$48) -> 0 | J54: =SUMIF(J$9:J$48,"X",$E$9:$E$48) -> 32.5018 | K54: =SUMIF(K$9:K$48,"X",$E$9:$E$48) -> 7 | L54: =SUMIF(L$9:L$48,"X",$E$9:$E$48) -> 0
A55: % DA EXTENSÃO | F55: =IF($I57=0,0,F54/$I57) -> 1 | G55: =IF($I57=0,0,G54/$I57) -> 0 | H55: =IF($I57=0,0,H54/$I57) -> 0 | I55: =IF($I57=0,0,I54/$I57) -> 0 | J55: =IF($I57=0,0,J54/$I57) -> 0.82279289 | K55: =IF($I57=0,0,K54/$I57) -> 0.17720711 | L55: =IF($I57=0,0,L54/$I57) -> 0
A56: CONFERÊNCIA POR GRUPO | F56: =IF(SUM(F54:I54)=0,"— não preenchido",IF(ROUND(SUM(F54:I54)-$I57,3)=0,"OK — "&ROUND(SUM(F54:I54),3)&" km","ERRO — dif. de "&ROUND(SUM(F54:I54)-$I57,3)&" km")) -> OK — 39,502 km | J56: =IF(SUM(J54:L54)=0,"— não preenchido",IF(ROUND(SUM(J54:L54)-$I57,3)=0,"OK — "&ROUND(SUM(J54:L54),3)&" km","ERRO — dif. de "&ROUND(SUM(J54:L54)-$I57,3)&" km")) -> OK — 39,502 km
A57: EXTENSÃO TOTAL DO TRECHO | I57: =SUM(E9:E48) -> 39.5018 | M57: =COUNTIF(N9:N48,"OK")&" de "&COUNT($E$9:$E$48)&" linhas conferidas" -> 40 de 40 linhas conferidas
A59: LEGENDA
A60: REGULAR | E60: Até 10 irregularidades por km
A61: RUIM | E61: Mais de 10 irregularidades por km
A62: PÉSSIMA | E62: Atoleiro ou ponto crítico
A63: SIT. | E63: LEN = leito natural · EOP = em obras de pavimentação
A64: FAIXA AZUL | E64: Cabeçalho de cada S.R.E.: descrição, situação, jurisdição, extensão e coordenada de início.
A65: INÍCIO / FIM (KM) | E65: Contados de 0 até o fim de CADA S.R.E. Não é o marco quilométrico da rodovia.
A66: SENT. | E66: C = crescente · D = decrescente
A67: FAIXA CINZA | E67: Segmento fora do escopo do contrato: você passa por ele, mas não preenche.
A68: CÉLULA VERMELHA | E68: Mais de uma X no mesmo grupo. Apague uma delas.
A69: CONFERÊNCIA | E69: Só na tela, não sai impresso. Fica OK com uma X em cada grupo.

Sheet 264
A1: PROGRAMA DE MANUTENÇÃO RODOVIÁRIA — FICHA DE INSPEÇÃO — RODOVIAS NÃO PAVIMENTADAS | P1: Valores dos gráficos — troca 0 por N/D para a fatia não aparecer. Não editar.
A2: REGIÃO: 13 — DIANÓPOLIS | D2: MÊS / ANO: | G2: DATA: | J2: TÉCNICO: | P2: =IF(F57=0,NA(),F57) -> 25 | Q2: =IF(G57=0,NA(),G57) -> 17.464393 | R2: =IF(H57=0,NA(),H57) -> #N/A | S2: =IF(I57=0,NA(),I57) -> #N/A | T2: =IF(J57=0,NA(),J57) -> #N/A | U2: =IF(K57=0,NA(),K57) -> 42.464393 | V2: =IF(L57=0,NA(),L57) -> #N/A
A3: TRECHO 264 — RODOVIA TO-387 - TRECHO ENTR. BR-010 - ENTR. TO-050 (CONCEIÇÃO DO TOCANTINS) | K3: EXTENSÃO: 42,464 km · 1 S.R.E.
A4: COMO PREENCHER: uma X em UMA coluna de cada grupo, por linha. Se houver mais de um defeito no mesmo km, marque o PREDOMINANTE e escreva o resto em OBSERVAÇÕES. A quilometragem é contada de 0 até o fim de CADA S.R.E. (não é o marco da rodovia).
A6: S.R.E. | B6: SENT. | C6: INÍCIO (KM) | D6: FIM (KM) | E6: EXT. (KM) | F6: CONDIÇÃO DA PLATAFORMA | J6: DRENAGEM SUPERFICIAL | M6: OBSERVAÇÕES | N6: CONFERÊNCIA (só na tela)
F7: BOM | G7: REGULAR | H7: RUIM | I7: PÉSSIMA | J7: LIMPA | K7: OBSTRUÍDA | L7: AUSENTE
A8: S.R.E. 387ETO0100 | ENTR. TO-050 - ENTR. TO-130-BR-010 | LEN · Estadual · 42.464 km · início: -12.230213, -47.348306
A9: 387ETO0100 | B9: C | C9: 0 | D9: 1 | E9: =D9-C9 -> 1 | F9: X | K9: X | N9: =IF(COUNTA(F9:L9)=0,"— não preenchido",IF(COUNTIF(F9:I9,"X")<>1,"FALTA/DUPLA: CONDIÇÃO DA PLATAFORMA",IF(COUNTIF(J9:L9,"X")<>1,"FALTA/DUPLA: DRENAGEM SUPERFICIAL","OK"))) -> OK
A10: 387ETO0100 | B10: C | C10: 1 | D10: 2 | E10: =D10-C10 -> 1 | F10: X | K10: X | N10: =IF(COUNTA(F10:L10)=0,"— não preenchido",IF(COUNTIF(F10:I10,"X")<>1,"FALTA/DUPLA: CONDIÇÃO DA PLATAFORMA",IF(COUNTIF(J10:L10,"X")<>1,"FALTA/DUPLA: DRENAGEM SUPERFICIAL","OK"))) -> OK
A11: 387ETO0100 | B11: C | C11: 2 | D11: 3 | E11: =D11-C11 -> 1 | F11: X | K11: X | N11: =IF(COUNTA(F11:L11)=0,"— não preenchido",IF(COUNTIF(F11:I11,"X")<>1,"FALTA/DUPLA: CONDIÇÃO DA PLATAFORMA",IF(COUNTIF(J11:L11,"X")<>1,"FALTA/DUPLA: DRENAGEM SUPERFICIAL","OK"))) -> OK
A12: 387ETO0100 | B12: C | C12: 3 | D12: 4 | E12: =D12-C12 -> 1 | F12: X | K12: X | N12: =IF(COUNTA(F12:L12)=0,"— não preenchido",IF(COUNTIF(F12:I12,"X")<>1,"FALTA/DUPLA: CONDIÇÃO DA PLATAFORMA",IF(COUNTIF(J12:L12,"X")<>1,"FALTA/DUPLA: DRENAGEM SUPERFICIAL","OK"))) -> OK
A13: 387ETO0100 | B13: C | C13: 4 | D13: 5 | E13: =D13-C13 -> 1 | F13: X | K13: X | N13: =IF(COUNTA(F13:L13)=0,"— não preenchido",IF(COUNTIF(F13:I13,"X")<>1,"FALTA/DUPLA: CONDIÇÃO DA PLATAFORMA",IF(COUNTIF(J13:L13,"X")<>1,"FALTA/DUPLA: DRENAGEM SUPERFICIAL","OK"))) -> OK
A14: 387ETO0100 | B14: C | C14: 5 | D14: 6 | E14: =D14-C14 -> 1 | F14: X | K14: X | N14: =IF(COUNTA(F14:L14)=0,"— não preenchido",IF(COUNTIF(F14:I14,"X")<>1,"FALTA/DUPLA: CONDIÇÃO DA PLATAFORMA",IF(COUNTIF(J14:L14,"X")<>1,"FALTA/DUPLA: DRENAGEM SUPERFICIAL","OK"))) -> OK
A15: 387ETO0100 | B15: C | C15: 6 | D15: 7 | E15: =D15-C15 -> 1 | F15: X | K15: X | N15: =IF(COUNTA(F15:L15)=0,"— não preenchido",IF(COUNTIF(F15:I15,"X")<>1,"FALTA/DUPLA: CONDIÇÃO DA PLATAFORMA",IF(COUNTIF(J15:L15,"X")<>1,"FALTA/DUPLA: DRENAGEM SUPERFICIAL","OK"))) -> OK
A16: 387ETO0100 | B16: C | C16: 7 | D16: 8 | E16: =D16-C16 -> 1 | F16: X | K16: X | N16: =IF(COUNTA(F16:L16)=0,"— não preenchido",IF(COUNTIF(F16:I16,"X")<>1,"FALTA/DUPLA: CONDIÇÃO DA PLATAFORMA",IF(COUNTIF(J16:L16,"X")<>1,"FALTA/DUPLA: DRENAGEM SUPERFICIAL","OK"))) -> OK
A17: 387ETO0100 | B17: C | C17: 8 | D17: 9 | E17: =D17-C17 -> 1 | F17: X | K17: X | N17: =IF(COUNTA(F17:L17)=0,"— não preenchido",IF(COUNTIF(F17:I17,"X")<>1,"FALTA/DUPLA: CONDIÇÃO DA PLATAFORMA",IF(COUNTIF(J17:L17,"X")<>1,"FALTA/DUPLA: DRENAGEM SUPERFICIAL","OK"))) -> OK
A18: 387ETO0100 | B18: C | C18: 9 | D18: 10 | E18: =D18-C18 -> 1 | F18: X | K18: X | N18: =IF(COUNTA(F18:L18)=0,"— não preenchido",IF(COUNTIF(F18:I18,"X")<>1,"FALTA/DUPLA: CONDIÇÃO DA PLATAFORMA",IF(COUNTIF(J18:L18,"X")<>1,"FALTA/DUPLA: DRENAGEM SUPERFICIAL","OK"))) -> OK
A19: 387ETO0100 | B19: C | C19: 10 | D19: 11 | E19: =D19-C19 -> 1 | F19: X | K19: X | N19: =IF(COUNTA(F19:L19)=0,"— não preenchido",IF(COUNTIF(F19:I19,"X")<>1,"FALTA/DUPLA: CONDIÇÃO DA PLATAFORMA",IF(COUNTIF(J19:L19,"X")<>1,"FALTA/DUPLA: DRENAGEM SUPERFICIAL","OK"))) -> OK
A20: 387ETO0100 | B20: C | C20: 11 | D20: 12 | E20: =D20-C20 -> 1 | F20: X | K20: X | N20: =IF(COUNTA(F20:L20)=0,"— não preenchido",IF(COUNTIF(F20:I20,"X")<>1,"FALTA/DUPLA: CONDIÇÃO DA PLATAFORMA",IF(COUNTIF(J20:L20,"X")<>1,"FALTA/DUPLA: DRENAGEM SUPERFICIAL","OK"))) -> OK
... A33: 387ETO0100 | B33: C | C33: 24 | D33: 25 | E33: =D33-C33 -> 1 | F33: X | K33: X | N33: =IF(COUNTA(F33:L33)=0,"— não preenchido",IF(COUNTIF(F33:I33,"X")<>1,"FALTA/DUPLA: CONDIÇÃO DA PLATAFORMA",IF(COUNTIF(J33:L33,"X")<>1,"FALTA/DUPLA: DRENAGEM SUPERFICIAL","OK"))) -> OK
A34: 387ETO0100 | B34: C | C34: 25 | D34: 26 | E34: =D34-C34 -> 1 | G34: X | K34: X | N34: =IF(COUNTA(F34:L34)=0,"— não preenchido",IF(COUNTIF(F34:I34,"X")<>1,"FALTA/DUPLA: CONDIÇÃO DA PLATAFORMA",IF(COUNTIF(J34:L34,"X")<>1,"FALTA/DUPLA: DRENAGEM SUPERFICIAL","OK"))) -> OK
A35: 387ETO0100 | B35: C | C35: 26 | D35: 27 | E35: =D35-C35 -> 1 | G35: X | K35: X | N35: =IF(COUNTA(F35:L35)=0,"— não preenchido",IF(COUNTIF(F35:I35,"X")<>1,"FALTA/DUPLA: CONDIÇÃO DA PLATAFORMA",IF(COUNTIF(J35:L35,"X")<>1,"FALTA/DUPLA: DRENAGEM SUPERFICIAL","OK"))) -> OK
A36: 387ETO0100 | B36: C | C36: 27 | D36: 28 | E36: =D36-C36 -> 1 | G36: X | K36: X | N36: =IF(COUNTA(F36:L36)=0,"— não preenchido",IF(COUNTIF(F36:I36,"X")<>1,"FALTA/DUPLA: CONDIÇÃO DA PLATAFORMA",IF(COUNTIF(J36:L36,"X")<>1,"FALTA/DUPLA: DRENAGEM SUPERFICIAL","OK"))) -> OK
A37: 387ETO0100 | B37: C | C37: 28 | D37: 29 | E37: =D37-C37 -> 1 | G37: X | K37: X | N37: =IF(COUNTA(F37:L37)=0,"— não preenchido",IF(COUNTIF(F37:I37,"X")<>1,"FALTA/DUPLA: CONDIÇÃO DA PLATAFORMA",IF(COUNTIF(J37:L37,"X")<>1,"FALTA/DUPLA: DRENAGEM SUPERFICIAL","OK"))) -> OK
A38: 387ETO0100 | B38: C | C38: 29 | D38: 30 | E38: =D38-C38 -> 1 | G38: X | K38: X | N38: =IF(COUNTA(F38:L38)=0,"— não preenchido",IF(COUNTIF(F38:I38,"X")<>1,"FALTA/DUPLA: CONDIÇÃO DA PLATAFORMA",IF(COUNTIF(J38:L38,"X")<>1,"FALTA/DUPLA: DRENAGEM SUPERFICIAL","OK"))) -> OK
A39: 387ETO0100 | B39: C | C39: 30 | D39: 31 | E39: =D39-C39 -> 1 | G39: X | K39: X | N39: =IF(COUNTA(F39:L39)=0,"— não preenchido",IF(COUNTIF(F39:I39,"X")<>1,"FALTA/DUPLA: CONDIÇÃO DA PLATAFORMA",IF(COUNTIF(J39:L39,"X")<>1,"FALTA/DUPLA: DRENAGEM SUPERFICIAL","OK"))) -> OK
A40: 387ETO0100 | B40: C | C40: 31 | D40: 32 | E40: =D40-C40 -> 1 | G40: X | K40: X | N40: =IF(COUNTA(F40:L40)=0,"— não preenchido",IF(COUNTIF(F40:I40,"X")<>1,"FALTA/DUPLA: CONDIÇÃO DA PLATAFORMA",IF(COUNTIF(J40:L40,"X")<>1,"FALTA/DUPLA: DRENAGEM SUPERFICIAL","OK"))) -> OK
A41: 387ETO0100 | B41: C | C41: 32 | D41: 33 | E41: =D41-C41 -> 1 | G41: X | K41: X | N41: =IF(COUNTA(F41:L41)=0,"— não preenchido",IF(COUNTIF(F41:I41,"X")<>1,"FALTA/DUPLA: CONDIÇÃO DA PLATAFORMA",IF(COUNTIF(J41:L41,"X")<>1,"FALTA/DUPLA: DRENAGEM SUPERFICIAL","OK"))) -> OK
A42: 387ETO0100 | B42: C | C42: 33 | D42: 34 | E42: =D42-C42 -> 1 | G42: X | K42: X | N42: =IF(COUNTA(F42:L42)=0,"— não preenchido",IF(COUNTIF(F42:I42,"X")<>1,"FALTA/DUPLA: CONDIÇÃO DA PLATAFORMA",IF(COUNTIF(J42:L42,"X")<>1,"FALTA/DUPLA: DRENAGEM SUPERFICIAL","OK"))) -> OK
A43: 387ETO0100 | B43: C | C43: 34 | D43: 35 | E43: =D43-C43 -> 1 | G43: X | K43: X | N43: =IF(COUNTA(F43:L43)=0,"— não preenchido",IF(COUNTIF(F43:I43,"X")<>1,"FALTA/DUPLA: CONDIÇÃO DA PLATAFORMA",IF(COUNTIF(J43:L43,"X")<>1,"FALTA/DUPLA: DRENAGEM SUPERFICIAL","OK"))) -> OK
A44: 387ETO0100 | B44: C | C44: 35 | D44: 36 | E44: =D44-C44 -> 1 | G44: X | K44: X | N44: =IF(COUNTA(F44:L44)=0,"— não preenchido",IF(COUNTIF(F44:I44,"X")<>1,"FALTA/DUPLA: CONDIÇÃO DA PLATAFORMA",IF(COUNTIF(J44:L44,"X")<>1,"FALTA/DUPLA: DRENAGEM SUPERFICIAL","OK"))) -> OK
A45: 387ETO0100 | B45: C | C45: 36 | D45: 37 | E45: =D45-C45 -> 1 | G45: X | K45: X | N45: =IF(COUNTA(F45:L45)=0,"— não preenchido",IF(COUNTIF(F45:I45,"X")<>1,"FALTA/DUPLA: CONDIÇÃO DA PLATAFORMA",IF(COUNTIF(J45:L45,"X")<>1,"FALTA/DUPLA: DRENAGEM SUPERFICIAL","OK"))) -> OK
... A51: 387ETO0100 | B51: C | C51: 42 | D51: 42.464393 | E51: =D51-C51 -> 0.46439269 | G51: X | K51: X | N51: =IF(COUNTA(F51:L51)=0,"— não preenchido",IF(COUNTIF(F51:I51,"X")<>1,"FALTA/DUPLA: CONDIÇÃO DA PLATAFORMA",IF(COUNTIF(J51:L51,"X")<>1,"FALTA/DUPLA: DRENAGEM SUPERFICIAL","OK"))) -> OK
A53: ____________________________________________ | G53: ____________________________________________
A54: TÉCNICO RESPONSÁVEL PELA INSPEÇÃO | G54: VISTO DA SUPERVISÃO
A56: RESUMO DO TRECHO — KM LANÇADO POR ITEM
A57: KM LANÇADO | F57: =SUMIF(F$9:F$51,"X",$E$9:$E$51) -> 25 | G57: =SUMIF(G$9:G$51,"X",$E$9:$E$51) -> 17.464393 | H57: =SUMIF(H$9:H$51,"X",$E$9:$E$51) -> 0 | I57: =SUMIF(I$9:I$51,"X",$E$9:$E$51) -> 0 | J57: =SUMIF(J$9:J$51,"X",$E$9:$E$51) -> 0 | K57: =SUMIF(K$9:K$51,"X",$E$9:$E$51) -> 42.464393 | L57: =SUMIF(L$9:L$51,"X",$E$9:$E$51) -> 0
A58: % DA EXTENSÃO | F58: =IF($I60=0,0,F57/$I60) -> 0.58872854 | G58: =IF($I60=0,0,G57/$I60) -> 0.41127146 | H58: =IF($I60=0,0,H57/$I60) -> 0 | I58: =IF($I60=0,0,I57/$I60) -> 0 | J58: =IF($I60=0,0,J57/$I60) -> 0 | K58: =IF($I60=0,0,K57/$I60) -> 1 | L58: =IF($I60=0,0,L57/$I60) -> 0
A59: CONFERÊNCIA POR GRUPO | F59: =IF(SUM(F57:I57)=0,"— não preenchido",IF(ROUND(SUM(F57:I57)-$I60,3)=0,"OK — "&ROUND(SUM(F57:I57),3)&" km","ERRO — dif. de "&ROUND(SUM(F57:I57)-$I60,3)&" km")) -> OK — 42,464 km | J59: =IF(SUM(J57:L57)=0,"— não preenchido",IF(ROUND(SUM(J57:L57)-$I60,3)=0,"OK — "&ROUND(SUM(J57:L57),3)&" km","ERRO — dif. de "&ROUND(SUM(J57:L57)-$I60,3)&" km")) -> OK — 42,464 km
A60: EXTENSÃO TOTAL DO TRECHO | I60: =SUM(E9:E51) -> 42.464393 | M60: =COUNTIF(N9:N51,"OK")&" de "&COUNT($E$9:$E$51)&" linhas conferidas" -> 43 de 43 linhas conferidas
A62: LEGENDA
A63: REGULAR | E63: Até 10 irregularidades por km
A64: RUIM | E64: Mais de 10 irregularidades por km
A65: PÉSSIMA | E65: Atoleiro ou ponto crítico
A66: SIT. | E66: LEN = leito natural · EOP = em obras de pavimentação
A67: FAIXA AZUL | E67: Cabeçalho de cada S.R.E.: descrição, situação, jurisdição, extensão e coordenada de início.
A68: INÍCIO / FIM (KM) | E68: Contados de 0 até o fim de CADA S.R.E. Não é o marco quilométrico da rodovia.
A69: SENT. | E69: C = crescente · D = decrescente
A70: FAIXA CINZA | E70: Segmento fora do escopo do contrato: você passa por ele, mas não preenche.
A71: CÉLULA VERMELHA | E71: Mais de uma X no mesmo grupo. Apague uma delas.
A72: CONFERÊNCIA | E72: Só na tela, não sai impresso. Fica OK com uma X em cada grupo.

Sheet 265
A1: PROGRAMA DE MANUTENÇÃO RODOVIÁRIA — FICHA DE INSPEÇÃO — RODOVIAS NÃO PAVIMENTADAS | P1: Valores dos gráficos — troca 0 por N/D para a fatia não aparecer. Não editar.
A2: REGIÃO: 13 — DIANÓPOLIS | D2: MÊS / ANO: | G2: DATA: | J2: TÉCNICO: | P2: =IF(F82=0,NA(),F82) -> 67.817857 | Q2: =IF(G82=0,NA(),G82) -> #N/A | R2: =IF(H82=0,NA(),H82) -> #N/A | S2: =IF(I82=0,NA(),I82) -> #N/A | T2: =IF(J82=0,NA(),J82) -> 67.817857 | U2: =IF(K82=0,NA(),K82) -> #N/A | V2: =IF(L82=0,NA(),L82) -> #N/A
A3: TRECHO 265 — RODOVIA TO-387 - TRECHO ENTR. TO-040 - TAIPAS DO TOCANTINS | K3: EXTENSÃO: 67,818 km · 1 S.R.E.
A4: COMO PREENCHER: uma X em UMA coluna de cada grupo, por linha. Se houver mais de um defeito no mesmo km, marque o PREDOMINANTE e escreva o resto em OBSERVAÇÕES. A quilometragem é contada de 0 até o fim de CADA S.R.E. (não é o marco da rodovia).
A6: S.R.E. | B6: SENT. | C6: INÍCIO (KM) | D6: FIM (KM) | E6: EXT. (KM) | F6: CONDIÇÃO DA PLATAFORMA | J6: DRENAGEM SUPERFICIAL | M6: OBSERVAÇÕES | N6: CONFERÊNCIA (só na tela)
F7: BOM | G7: REGULAR | H7: RUIM | I7: PÉSSIMA | J7: LIMPA | K7: OBSTRUÍDA | L7: AUSENTE
A8: S.R.E. 387ETO0040 | ENTR. TO-040-TO-280 - TAIPAS DO TOCANTINS *TRECHO URBANO* | LEN · Estadual · 67.818 km · início: -12.187431, -46.987309
A9: 387ETO0040 | B9: C | C9: 0 | D9: 1 | E9: =D9-C9 -> 1 | F9: X | J9: X | N9: =IF(COUNTA(F9:L9)=0,"— não preenchido",IF(COUNTIF(F9:I9,"X")<>1,"FALTA/DUPLA: CONDIÇÃO DA PLATAFORMA",IF(COUNTIF(J9:L9,"X")<>1,"FALTA/DUPLA: DRENAGEM SUPERFICIAL","OK"))) -> OK
A10: 387ETO0040 | B10: C | C10: 1 | D10: 2 | E10: =D10-C10 -> 1 | F10: X | J10: X | N10: =IF(COUNTA(F10:L10)=0,"— não preenchido",IF(COUNTIF(F10:I10,"X")<>1,"FALTA/DUPLA: CONDIÇÃO DA PLATAFORMA",IF(COUNTIF(J10:L10,"X")<>1,"FALTA/DUPLA: DRENAGEM SUPERFICIAL","OK"))) -> OK
A11: 387ETO0040 | B11: C | C11: 2 | D11: 3 | E11: =D11-C11 -> 1 | F11: X | J11: X | N11: =IF(COUNTA(F11:L11)=0,"— não preenchido",IF(COUNTIF(F11:I11,"X")<>1,"FALTA/DUPLA: CONDIÇÃO DA PLATAFORMA",IF(COUNTIF(J11:L11,"X")<>1,"FALTA/DUPLA: DRENAGEM SUPERFICIAL","OK"))) -> OK
A12: 387ETO0040 | B12: C | C12: 3 | D12: 4 | E12: =D12-C12 -> 1 | F12: X | J12: X | N12: =IF(COUNTA(F12:L12)=0,"— não preenchido",IF(COUNTIF(F12:I12,"X")<>1,"FALTA/DUPLA: CONDIÇÃO DA PLATAFORMA",IF(COUNTIF(J12:L12,"X")<>1,"FALTA/DUPLA: DRENAGEM SUPERFICIAL","OK"))) -> OK
A13: 387ETO0040 | B13: C | C13: 4 | D13: 5 | E13: =D13-C13 -> 1 | F13: X | J13: X | N13: =IF(COUNTA(F13:L13)=0,"— não preenchido",IF(COUNTIF(F13:I13,"X")<>1,"FALTA/DUPLA: CONDIÇÃO DA PLATAFORMA",IF(COUNTIF(J13:L13,"X")<>1,"FALTA/DUPLA: DRENAGEM SUPERFICIAL","OK"))) -> OK
A14: 387ETO0040 | B14: C | C14: 5 | D14: 6 | E14: =D14-C14 -> 1 | F14: X | J14: X | N14: =IF(COUNTA(F14:L14)=0,"— não preenchido",IF(COUNTIF(F14:I14,"X")<>1,"FALTA/DUPLA: CONDIÇÃO DA PLATAFORMA",IF(COUNTIF(J14:L14,"X")<>1,"FALTA/DUPLA: DRENAGEM SUPERFICIAL","OK"))) -> OK
A15: 387ETO0040 | B15: C | C15: 6 | D15: 7 | E15: =D15-C15 -> 1 | F15: X | J15: X | N15: =IF(COUNTA(F15:L15)=0,"— não preenchido",IF(COUNTIF(F15:I15,"X")<>1,"FALTA/DUPLA: CONDIÇÃO DA PLATAFORMA",IF(COUNTIF(J15:L15,"X")<>1,"FALTA/DUPLA: DRENAGEM SUPERFICIAL","OK"))) -> OK
A16: 387ETO0040 | B16: C | C16: 7 | D16: 8 | E16: =D16-C16 -> 1 | F16: X | J16: X | N16: =IF(COUNTA(F16:L16)=0,"— não preenchido",IF(COUNTIF(F16:I16,"X")<>1,"FALTA/DUPLA: CONDIÇÃO DA PLATAFORMA",IF(COUNTIF(J16:L16,"X")<>1,"FALTA/DUPLA: DRENAGEM SUPERFICIAL","OK"))) -> OK
A17: 387ETO0040 | B17: C | C17: 8 | D17: 9 | E17: =D17-C17 -> 1 | F17: X | J17: X | N17: =IF(COUNTA(F17:L17)=0,"— não preenchido",IF(COUNTIF(F17:I17,"X")<>1,"FALTA/DUPLA: CONDIÇÃO DA PLATAFORMA",IF(COUNTIF(J17:L17,"X")<>1,"FALTA/DUPLA: DRENAGEM SUPERFICIAL","OK"))) -> OK
A18: 387ETO0040 | B18: C | C18: 9 | D18: 10 | E18: =D18-C18 -> 1 | F18: X | J18: X | N18: =IF(COUNTA(F18:L18)=0,"— não preenchido",IF(COUNTIF(F18:I18,"X")<>1,"FALTA/DUPLA: CONDIÇÃO DA PLATAFORMA",IF(COUNTIF(J18:L18,"X")<>1,"FALTA/DUPLA: DRENAGEM SUPERFICIAL","OK"))) -> OK
A19: 387ETO0040 | B19: C | C19: 10 | D19: 11 | E19: =D19-C19 -> 1 | F19: X | J19: X | N19: =IF(COUNTA(F19:L19)=0,"— não preenchido",IF(COUNTIF(F19:I19,"X")<>1,"FALTA/DUPLA: CONDIÇÃO DA PLATAFORMA",IF(COUNTIF(J19:L19,"X")<>1,"FALTA/DUPLA: DRENAGEM SUPERFICIAL","OK"))) -> OK
A20: 387ETO0040 | B20: C | C20: 11 | D20: 12 | E20: =D20-C20 -> 1 | F20: X | J20: X | N20: =IF(COUNTA(F20:L20)=0,"— não preenchido",IF(COUNTIF(F20:I20,"X")<>1,"FALTA/DUPLA: CONDIÇÃO DA PLATAFORMA",IF(COUNTIF(J20:L20,"X")<>1,"FALTA/DUPLA: DRENAGEM SUPERFICIAL","OK"))) -> OK
... A76: 387ETO0040 | B76: C | C76: 67 | D76: 67.817857 | E76: =D76-C76 -> 0.81785746 | F76: X | J76: X | N76: =IF(COUNTA(F76:L76)=0,"— não preenchido",IF(COUNTIF(F76:I76,"X")<>1,"FALTA/DUPLA: CONDIÇÃO DA PLATAFORMA",IF(COUNTIF(J76:L76,"X")<>1,"FALTA/DUPLA: DRENAGEM SUPERFICIAL","OK"))) -> OK
A78: ____________________________________________ | G78: ____________________________________________
A79: TÉCNICO RESPONSÁVEL PELA INSPEÇÃO | G79: VISTO DA SUPERVISÃO
A81: RESUMO DO TRECHO — KM LANÇADO POR ITEM
A82: KM LANÇADO | F82: =SUMIF(F$9:F$76,"X",$E$9:$E$76) -> 67.817857 | G82: =SUMIF(G$9:G$76,"X",$E$9:$E$76) -> 0 | H82: =SUMIF(H$9:H$76,"X",$E$9:$E$76) -> 0 | I82: =SUMIF(I$9:I$76,"X",$E$9:$E$76) -> 0 | J82: =SUMIF(J$9:J$76,"X",$E$9:$E$76) -> 67.817857 | K82: =SUMIF(K$9:K$76,"X",$E$9:$E$76) -> 0 | L82: =SUMIF(L$9:L$76,"X",$E$9:$E$76) -> 0
A83: % DA EXTENSÃO | F83: =IF($I85=0,0,F82/$I85) -> 1 | G83: =IF($I85=0,0,G82/$I85) -> 0 | H83: =IF($I85=0,0,H82/$I85) -> 0 | I83: =IF($I85=0,0,I82/$I85) -> 0 | J83: =IF($I85=0,0,J82/$I85) -> 1 | K83: =IF($I85=0,0,K82/$I85) -> 0 | L83: =IF($I85=0,0,L82/$I85) -> 0
A84: CONFERÊNCIA POR GRUPO | F84: =IF(SUM(F82:I82)=0,"— não preenchido",IF(ROUND(SUM(F82:I82)-$I85,3)=0,"OK — "&ROUND(SUM(F82:I82),3)&" km","ERRO — dif. de "&ROUND(SUM(F82:I82)-$I85,3)&" km")) -> OK — 67,818 km | J84: =IF(SUM(J82:L82)=0,"— não preenchido",IF(ROUND(SUM(J82:L82)-$I85,3)=0,"OK — "&ROUND(SUM(J82:L82),3)&" km","ERRO — dif. de "&ROUND(SUM(J82:L82)-$I85,3)&" km")) -> OK — 67,818 km
A85: EXTENSÃO TOTAL DO TRECHO | I85: =SUM(E9:E76) -> 67.817857 | M85: =COUNTIF(N9:N76,"OK")&" de "&COUNT($E$9:$E$76)&" linhas conferidas" -> 68 de 68 linhas conferidas
A87: LEGENDA
A88: REGULAR | E88: Até 10 irregularidades por km
A89: RUIM | E89: Mais de 10 irregularidades por km
A90: PÉSSIMA | E90: Atoleiro ou ponto crítico
A91: SIT. | E91: LEN = leito natural · EOP = em obras de pavimentação
A92: FAIXA AZUL | E92: Cabeçalho de cada S.R.E.: descrição, situação, jurisdição, extensão e coordenada de início.
A93: INÍCIO / FIM (KM) | E93: Contados de 0 até o fim de CADA S.R.E. Não é o marco quilométrico da rodovia.
A94: SENT. | E94: C = crescente · D = decrescente
A95: FAIXA CINZA | E95: Segmento fora do escopo do contrato: você passa por ele, mas não preenche.
A96: CÉLULA VERMELHA | E96: Mais de uma X no mesmo grupo. Apague uma delas.
A97: CONFERÊNCIA | E97: Só na tela, não sai impresso. Fica OK com uma X em cada grupo.

Sheet 267
A1: PROGRAMA DE MANUTENÇÃO RODOVIÁRIA — FICHA DE INSPEÇÃO — RODOVIAS NÃO PAVIMENTADAS | P1: Valores dos gráficos — troca 0 por N/D para a fatia não aparecer. Não editar.
A2: REGIÃO: 13 — DIANÓPOLIS | D2: MÊS / ANO: | G2: DATA: | J2: TÉCNICO: | P2: =IF(F29=0,NA(),F29) -> 5 | Q2: =IF(G29=0,NA(),G29) -> 9.4762034 | R2: =IF(H29=0,NA(),H29) -> #N/A | S2: =IF(I29=0,NA(),I29) -> #N/A | T2: =IF(J29=0,NA(),J29) -> #N/A | U2: =IF(K29=0,NA(),K29) -> 14.476203 | V2: =IF(L29=0,NA(),L29) -> #N/A
A3: TRECHO 267 — RODOVIA TO-476 - TRECHO RIO DA CONCEIÇÃO - ENTR. TO-477 | K3: EXTENSÃO: 14,476 km · 1 S.R.E.
A4: COMO PREENCHER: uma X em UMA coluna de cada grupo, por linha. Se houver mais de um defeito no mesmo km, marque o PREDOMINANTE e escreva o resto em OBSERVAÇÕES. A quilometragem é contada de 0 até o fim de CADA S.R.E. (não é o marco da rodovia).
A6: S.R.E. | B6: SENT. | C6: INÍCIO (KM) | D6: FIM (KM) | E6: EXT. (KM) | F6: CONDIÇÃO DA PLATAFORMA | J6: DRENAGEM SUPERFICIAL | M6: OBSERVAÇÕES | N6: CONFERÊNCIA (só na tela)
F7: BOM | G7: REGULAR | H7: RUIM | I7: PÉSSIMA | J7: LIMPA | K7: OBSTRUÍDA | L7: AUSENTE
A8: S.R.E. 476ETO0030 | ENTR. TO-477 - RIO DA CONCEIÇÃO *TRECHO URBANO* | LEN · Estadual · 14.476 km · início: -11.39431, -46.890366
A9: 476ETO0030 | B9: C | C9: 0 | D9: 1 | E9: =D9-C9 -> 1 | F9: X | K9: X | N9: =IF(COUNTA(F9:L9)=0,"— não preenchido",IF(COUNTIF(F9:I9,"X")<>1,"FALTA/DUPLA: CONDIÇÃO DA PLATAFORMA",IF(COUNTIF(J9:L9,"X")<>1,"FALTA/DUPLA: DRENAGEM SUPERFICIAL","OK"))) -> OK
A10: 476ETO0030 | B10: C | C10: 1 | D10: 2 | E10: =D10-C10 -> 1 | F10: X | K10: X | N10: =IF(COUNTA(F10:L10)=0,"— não preenchido",IF(COUNTIF(F10:I10,"X")<>1,"FALTA/DUPLA: CONDIÇÃO DA PLATAFORMA",IF(COUNTIF(J10:L10,"X")<>1,"FALTA/DUPLA: DRENAGEM SUPERFICIAL","OK"))) -> OK
A11: 476ETO0030 | B11: C | C11: 2 | D11: 3 | E11: =D11-C11 -> 1 | F11: X | K11: X | N11: =IF(COUNTA(F11:L11)=0,"— não preenchido",IF(COUNTIF(F11:I11,"X")<>1,"FALTA/DUPLA: CONDIÇÃO DA PLATAFORMA",IF(COUNTIF(J11:L11,"X")<>1,"FALTA/DUPLA: DRENAGEM SUPERFICIAL","OK"))) -> OK
A12: 476ETO0030 | B12: C | C12: 3 | D12: 4 | E12: =D12-C12 -> 1 | F12: X | K12: X | N12: =IF(COUNTA(F12:L12)=0,"— não preenchido",IF(COUNTIF(F12:I12,"X")<>1,"FALTA/DUPLA: CONDIÇÃO DA PLATAFORMA",IF(COUNTIF(J12:L12,"X")<>1,"FALTA/DUPLA: DRENAGEM SUPERFICIAL","OK"))) -> OK
A13: 476ETO0030 | B13: C | C13: 4 | D13: 5 | E13: =D13-C13 -> 1 | F13: X | K13: X | N13: =IF(COUNTA(F13:L13)=0,"— não preenchido",IF(COUNTIF(F13:I13,"X")<>1,"FALTA/DUPLA: CONDIÇÃO DA PLATAFORMA",IF(COUNTIF(J13:L13,"X")<>1,"FALTA/DUPLA: DRENAGEM SUPERFICIAL","OK"))) -> OK
A14: 476ETO0030 | B14: C | C14: 5 | D14: 6 | E14: =D14-C14 -> 1 | G14: X | K14: X | N14: =IF(COUNTA(F14:L14)=0,"— não preenchido",IF(COUNTIF(F14:I14,"X")<>1,"FALTA/DUPLA: CONDIÇÃO DA PLATAFORMA",IF(COUNTIF(J14:L14,"X")<>1,"FALTA/DUPLA: DRENAGEM SUPERFICIAL","OK"))) -> OK
A15: 476ETO0030 | B15: C | C15: 6 | D15: 7 | E15: =D15-C15 -> 1 | G15: X | K15: X | N15: =IF(COUNTA(F15:L15)=0,"— não preenchido",IF(COUNTIF(F15:I15,"X")<>1,"FALTA/DUPLA: CONDIÇÃO DA PLATAFORMA",IF(COUNTIF(J15:L15,"X")<>1,"FALTA/DUPLA: DRENAGEM SUPERFICIAL","OK"))) -> OK
A16: 476ETO0030 | B16: C | C16: 7 | D16: 8 | E16: =D16-C16 -> 1 | G16: X | K16: X | N16: =IF(COUNTA(F16:L16)=0,"— não preenchido",IF(COUNTIF(F16:I16,"X")<>1,"FALTA/DUPLA: CONDIÇÃO DA PLATAFORMA",IF(COUNTIF(J16:L16,"X")<>1,"FALTA/DUPLA: DRENAGEM SUPERFICIAL","OK"))) -> OK
A17: 476ETO0030 | B17: C | C17: 8 | D17: 9 | E17: =D17-C17 -> 1 | G17: X | K17: X | N17: =IF(COUNTA(F17:L17)=0,"— não preenchido",IF(COUNTIF(F17:I17,"X")<>1,"FALTA/DUPLA: CONDIÇÃO DA PLATAFORMA",IF(COUNTIF(J17:L17,"X")<>1,"FALTA/DUPLA: DRENAGEM SUPERFICIAL","OK"))) -> OK
A18: 476ETO0030 | B18: C | C18: 9 | D18: 10 | E18: =D18-C18 -> 1 | G18: X | K18: X | N18: =IF(COUNTA(F18:L18)=0,"— não preenchido",IF(COUNTIF(F18:I18,"X")<>1,"FALTA/DUPLA: CONDIÇÃO DA PLATAFORMA",IF(COUNTIF(J18:L18,"X")<>1,"FALTA/DUPLA: DRENAGEM SUPERFICIAL","OK"))) -> OK
A19: 476ETO0030 | B19: C | C19: 10 | D19: 11 | E19: =D19-C19 -> 1 | G19: X | K19: X | N19: =IF(COUNTA(F19:L19)=0,"— não preenchido",IF(COUNTIF(F19:I19,"X")<>1,"FALTA/DUPLA: CONDIÇÃO DA PLATAFORMA",IF(COUNTIF(J19:L19,"X")<>1,"FALTA/DUPLA: DRENAGEM SUPERFICIAL","OK"))) -> OK
A20: 476ETO0030 | B20: C | C20: 11 | D20: 12 | E20: =D20-C20 -> 1 | G20: X | K20: X | N20: =IF(COUNTA(F20:L20)=0,"— não preenchido",IF(COUNTIF(F20:I20,"X")<>1,"FALTA/DUPLA: CONDIÇÃO DA PLATAFORMA",IF(COUNTIF(J20:L20,"X")<>1,"FALTA/DUPLA: DRENAGEM SUPERFICIAL","OK"))) -> OK
A21: 476ETO0030 | B21: C | C21: 12 | D21: 13 | E21: =D21-C21 -> 1 | G21: X | K21: X | N21: =IF(COUNTA(F21:L21)=0,"— não preenchido",IF(COUNTIF(F21:I21,"X")<>1,"FALTA/DUPLA: CONDIÇÃO DA PLATAFORMA",IF(COUNTIF(J21:L21,"X")<>1,"FALTA/DUPLA: DRENAGEM SUPERFICIAL","OK"))) -> OK
A22: 476ETO0030 | B22: C | C22: 13 | D22: 14 | E22: =D22-C22 -> 1 | G22: X | K22: X | N22: =IF(COUNTA(F22:L22)=0,"— não preenchido",IF(COUNTIF(F22:I22,"X")<>1,"FALTA/DUPLA: CONDIÇÃO DA PLATAFORMA",IF(COUNTIF(J22:L22,"X")<>1,"FALTA/DUPLA: DRENAGEM SUPERFICIAL","OK"))) -> OK
A23: 476ETO0030 | B23: C | C23: 14 | D23: 14.476203 | E23: =D23-C23 -> 0.47620338 | G23: X | K23: X | N23: =IF(COUNTA(F23:L23)=0,"— não preenchido",IF(COUNTIF(F23:I23,"X")<>1,"FALTA/DUPLA: CONDIÇÃO DA PLATAFORMA",IF(COUNTIF(J23:L23,"X")<>1,"FALTA/DUPLA: DRENAGEM SUPERFICIAL","OK"))) -> OK
A25: ____________________________________________ | G25: ____________________________________________
A26: TÉCNICO RESPONSÁVEL PELA INSPEÇÃO | G26: VISTO DA SUPERVISÃO
A28: RESUMO DO TRECHO — KM LANÇADO POR ITEM
A29: KM LANÇADO | F29: =SUMIF(F$9:F$23,"X",$E$9:$E$23) -> 5 | G29: =SUMIF(G$9:G$23,"X",$E$9:$E$23) -> 9.4762034 | H29: =SUMIF(H$9:H$23,"X",$E$9:$E$23) -> 0 | I29: =SUMIF(I$9:I$23,"X",$E$9:$E$23) -> 0 | J29: =SUMIF(J$9:J$23,"X",$E$9:$E$23) -> 0 | K29: =SUMIF(K$9:K$23,"X",$E$9:$E$23) -> 14.476203 | L29: =SUMIF(L$9:L$23,"X",$E$9:$E$23) -> 0
A30: % DA EXTENSÃO | F30: =IF($I32=0,0,F29/$I32) -> 0.34539443 | G30: =IF($I32=0,0,G29/$I32) -> 0.65460557 | H30: =IF($I32=0,0,H29/$I32) -> 0 | I30: =IF($I32=0,0,I29/$I32) -> 0 | J30: =IF($I32=0,0,J29/$I32) -> 0 | K30: =IF($I32=0,0,K29/$I32) -> 1 | L30: =IF($I32=0,0,L29/$I32) -> 0
A31: CONFERÊNCIA POR GRUPO | F31: =IF(SUM(F29:I29)=0,"— não preenchido",IF(ROUND(SUM(F29:I29)-$I32,3)=0,"OK — "&ROUND(SUM(F29:I29),3)&" km","ERRO — dif. de "&ROUND(SUM(F29:I29)-$I32,3)&" km")) -> OK — 14,476 km | J31: =IF(SUM(J29:L29)=0,"— não preenchido",IF(ROUND(SUM(J29:L29)-$I32,3)=0,"OK — "&ROUND(SUM(J29:L29),3)&" km","ERRO — dif. de "&ROUND(SUM(J29:L29)-$I32,3)&" km")) -> OK — 14,476 km
A32: EXTENSÃO TOTAL DO TRECHO | I32: =SUM(E9:E23) -> 14.476203 | M32: =COUNTIF(N9:N23,"OK")&" de "&COUNT($E$9:$E$23)&" linhas conferidas" -> 15 de 15 linhas conferidas
A34: LEGENDA
A35: REGULAR | E35: Até 10 irregularidades por km
A36: RUIM | E36: Mais de 10 irregularidades por km
A37: PÉSSIMA | E37: Atoleiro ou ponto crítico
A38: SIT. | E38: LEN = leito natural · EOP = em obras de pavimentação
A39: FAIXA AZUL | E39: Cabeçalho de cada S.R.E.: descrição, situação, jurisdição, extensão e coordenada de início.
A40: INÍCIO / FIM (KM) | E40: Contados de 0 até o fim de CADA S.R.E. Não é o marco quilométrico da rodovia.
A41: SENT. | E41: C = crescente · D = decrescente
A42: FAIXA CINZA | E42: Segmento fora do escopo do contrato: você passa por ele, mas não preenche.
A43: CÉLULA VERMELHA | E43: Mais de uma X no mesmo grupo. Apague uma delas.
A44: CONFERÊNCIA | E44: Só na tela, não sai impresso. Fica OK com uma X em cada grupo.

Sheet 268
A1: PROGRAMA DE MANUTENÇÃO RODOVIÁRIA — FICHA DE INSPEÇÃO — RODOVIAS NÃO PAVIMENTADAS | P1: Valores dos gráficos — troca 0 por N/D para a fatia não aparecer. Não editar.
A2: REGIÃO: 13 — DIANÓPOLIS | D2: MÊS / ANO: | G2: DATA: | J2: TÉCNICO: | P2: =IF(F49=0,NA(),F49) -> #N/A | Q2: =IF(G49=0,NA(),G49) -> 34.769106 | R2: =IF(H49=0,NA(),H49) -> #N/A | S2: =IF(I49=0,NA(),I49) -> #N/A | T2: =IF(J49=0,NA(),J49) -> 34.769106 | U2: =IF(K49=0,NA(),K49) -> #N/A | V2: =IF(L49=0,NA(),L49) -> #N/A
A3: TRECHO 268 — RODOVIA TO-477 - TRECHO ALMAS - ENTR. TO-476 | K3: EXTENSÃO: 34,769 km · 1 S.R.E.
A4: COMO PREENCHER: uma X em UMA coluna de cada grupo, por linha. Se houver mais de um defeito no mesmo km, marque o PREDOMINANTE e escreva o resto em OBSERVAÇÕES. A quilometragem é contada de 0 até o fim de CADA S.R.E. (não é o marco da rodovia).
A6: S.R.E. | B6: SENT. | C6: INÍCIO (KM) | D6: FIM (KM) | E6: EXT. (KM) | F6: CONDIÇÃO DA PLATAFORMA | J6: DRENAGEM SUPERFICIAL | M6: OBSERVAÇÕES | N6: CONFERÊNCIA (só na tela)
F7: BOM | G7: REGULAR | H7: RUIM | I7: PÉSSIMA | J7: LIMPA | K7: OBSTRUÍDA | L7: AUSENTE
A8: S.R.E. 477ETO0020 | ENTR. TO-476 - ENTR. TO-040-TO-280 (ALMAS) | LEN · Estadual · 34.769 km · início: -11.5622, -47.154976
A9: 477ETO0020 | B9: C | C9: 0 | D9: 1 | E9: =D9-C9 -> 1 | G9: X | J9: X | N9: =IF(COUNTA(F9:L9)=0,"— não preenchido",IF(COUNTIF(F9:I9,"X")<>1,"FALTA/DUPLA: CONDIÇÃO DA PLATAFORMA",IF(COUNTIF(J9:L9,"X")<>1,"FALTA/DUPLA: DRENAGEM SUPERFICIAL","OK"))) -> OK
A10: 477ETO0020 | B10: C | C10: 1 | D10: 2 | E10: =D10-C10 -> 1 | G10: X | J10: X | N10: =IF(COUNTA(F10:L10)=0,"— não preenchido",IF(COUNTIF(F10:I10,"X")<>1,"FALTA/DUPLA: CONDIÇÃO DA PLATAFORMA",IF(COUNTIF(J10:L10,"X")<>1,"FALTA/DUPLA: DRENAGEM SUPERFICIAL","OK"))) -> OK
A11: 477ETO0020 | B11: C | C11: 2 | D11: 3 | E11: =D11-C11 -> 1 | G11: X | J11: X | N11: =IF(COUNTA(F11:L11)=0,"— não preenchido",IF(COUNTIF(F11:I11,"X")<>1,"FALTA/DUPLA: CONDIÇÃO DA PLATAFORMA",IF(COUNTIF(J11:L11,"X")<>1,"FALTA/DUPLA: DRENAGEM SUPERFICIAL","OK"))) -> OK
A12: 477ETO0020 | B12: C | C12: 3 | D12: 4 | E12: =D12-C12 -> 1 | G12: X | J12: X | N12: =IF(COUNTA(F12:L12)=0,"— não preenchido",IF(COUNTIF(F12:I12,"X")<>1,"FALTA/DUPLA: CONDIÇÃO DA PLATAFORMA",IF(COUNTIF(J12:L12,"X")<>1,"FALTA/DUPLA: DRENAGEM SUPERFICIAL","OK"))) -> OK
A13: 477ETO0020 | B13: C | C13: 4 | D13: 5 | E13: =D13-C13 -> 1 | G13: X | J13: X | N13: =IF(COUNTA(F13:L13)=0,"— não preenchido",IF(COUNTIF(F13:I13,"X")<>1,"FALTA/DUPLA: CONDIÇÃO DA PLATAFORMA",IF(COUNTIF(J13:L13,"X")<>1,"FALTA/DUPLA: DRENAGEM SUPERFICIAL","OK"))) -> OK
A14: 477ETO0020 | B14: C | C14: 5 | D14: 6 | E14: =D14-C14 -> 1 | G14: X | J14: X | N14: =IF(COUNTA(F14:L14)=0,"— não preenchido",IF(COUNTIF(F14:I14,"X")<>1,"FALTA/DUPLA: CONDIÇÃO DA PLATAFORMA",IF(COUNTIF(J14:L14,"X")<>1,"FALTA/DUPLA: DRENAGEM SUPERFICIAL","OK"))) -> OK
A15: 477ETO0020 | B15: C | C15: 6 | D15: 7 | E15: =D15-C15 -> 1 | G15: X | J15: X | N15: =IF(COUNTA(F15:L15)=0,"— não preenchido",IF(COUNTIF(F15:I15,"X")<>1,"FALTA/DUPLA: CONDIÇÃO DA PLATAFORMA",IF(COUNTIF(J15:L15,"X")<>1,"FALTA/DUPLA: DRENAGEM SUPERFICIAL","OK"))) -> OK
A16: 477ETO0020 | B16: C | C16: 7 | D16: 8 | E16: =D16-C16 -> 1 | G16: X | J16: X | N16: =IF(COUNTA(F16:L16)=0,"— não preenchido",IF(COUNTIF(F16:I16,"X")<>1,"FALTA/DUPLA: CONDIÇÃO DA PLATAFORMA",IF(COUNTIF(J16:L16,"X")<>1,"FALTA/DUPLA: DRENAGEM SUPERFICIAL","OK"))) -> OK
A17: 477ETO0020 | B17: C | C17: 8 | D17: 9 | E17: =D17-C17 -> 1 | G17: X | J17: X | N17: =IF(COUNTA(F17:L17)=0,"— não preenchido",IF(COUNTIF(F17:I17,"X")<>1,"FALTA/DUPLA: CONDIÇÃO DA PLATAFORMA",IF(COUNTIF(J17:L17,"X")<>1,"FALTA/DUPLA: DRENAGEM SUPERFICIAL","OK"))) -> OK
A18: 477ETO0020 | B18: C | C18: 9 | D18: 10 | E18: =D18-C18 -> 1 | G18: X | J18: X | N18: =IF(COUNTA(F18:L18)=0,"— não preenchido",IF(COUNTIF(F18:I18,"X")<>1,"FALTA/DUPLA: CONDIÇÃO DA PLATAFORMA",IF(COUNTIF(J18:L18,"X")<>1,"FALTA/DUPLA: DRENAGEM SUPERFICIAL","OK"))) -> OK
A19: 477ETO0020 | B19: C | C19: 10 | D19: 11 | E19: =D19-C19 -> 1 | G19: X | J19: X | N19: =IF(COUNTA(F19:L19)=0,"— não preenchido",IF(COUNTIF(F19:I19,"X")<>1,"FALTA/DUPLA: CONDIÇÃO DA PLATAFORMA",IF(COUNTIF(J19:L19,"X")<>1,"FALTA/DUPLA: DRENAGEM SUPERFICIAL","OK"))) -> OK
A20: 477ETO0020 | B20: C | C20: 11 | D20: 12 | E20: =D20-C20 -> 1 | G20: X | J20: X | N20: =IF(COUNTA(F20:L20)=0,"— não preenchido",IF(COUNTIF(F20:I20,"X")<>1,"FALTA/DUPLA: CONDIÇÃO DA PLATAFORMA",IF(COUNTIF(J20:L20,"X")<>1,"FALTA/DUPLA: DRENAGEM SUPERFICIAL","OK"))) -> OK
... A43: 477ETO0020 | B43: C | C43: 34 | D43: 34.769106 | E43: =D43-C43 -> 0.7691061 | G43: X | J43: X | N43: =IF(COUNTA(F43:L43)=0,"— não preenchido",IF(COUNTIF(F43:I43,"X")<>1,"FALTA/DUPLA: CONDIÇÃO DA PLATAFORMA",IF(COUNTIF(J43:L43,"X")<>1,"FALTA/DUPLA: DRENAGEM SUPERFICIAL","OK"))) -> OK
A45: ____________________________________________ | G45: ____________________________________________
A46: TÉCNICO RESPONSÁVEL PELA INSPEÇÃO | G46: VISTO DA SUPERVISÃO
A48: RESUMO DO TRECHO — KM LANÇADO POR ITEM
A49: KM LANÇADO | F49: =SUMIF(F$9:F$43,"X",$E$9:$E$43) -> 0 | G49: =SUMIF(G$9:G$43,"X",$E$9:$E$43) -> 34.769106 | H49: =SUMIF(H$9:H$43,"X",$E$9:$E$43) -> 0 | I49: =SUMIF(I$9:I$43,"X",$E$9:$E$43) -> 0 | J49: =SUMIF(J$9:J$43,"X",$E$9:$E$43) -> 34.769106 | K49: =SUMIF(K$9:K$43,"X",$E$9:$E$43) -> 0 | L49: =SUMIF(L$9:L$43,"X",$E$9:$E$43) -> 0
A50: % DA EXTENSÃO | F50: =IF($I52=0,0,F49/$I52) -> 0 | G50: =IF($I52=0,0,G49/$I52) -> 1 | H50: =IF($I52=0,0,H49/$I52) -> 0 | I50: =IF($I52=0,0,I49/$I52) -> 0 | J50: =IF($I52=0,0,J49/$I52) -> 1 | K50: =IF($I52=0,0,K49/$I52) -> 0 | L50: =IF($I52=0,0,L49/$I52) -> 0
A51: CONFERÊNCIA POR GRUPO | F51: =IF(SUM(F49:I49)=0,"— não preenchido",IF(ROUND(SUM(F49:I49)-$I52,3)=0,"OK — "&ROUND(SUM(F49:I49),3)&" km","ERRO — dif. de "&ROUND(SUM(F49:I49)-$I52,3)&" km")) -> OK — 34,769 km | J51: =IF(SUM(J49:L49)=0,"— não preenchido",IF(ROUND(SUM(J49:L49)-$I52,3)=0,"OK — "&ROUND(SUM(J49:L49),3)&" km","ERRO — dif. de "&ROUND(SUM(J49:L49)-$I52,3)&" km")) -> OK — 34,769 km
A52: EXTENSÃO TOTAL DO TRECHO | I52: =SUM(E9:E43) -> 34.769106 | M52: =COUNTIF(N9:N43,"OK")&" de "&COUNT($E$9:$E$43)&" linhas conferidas" -> 35 de 35 linhas conferidas
A54: LEGENDA
A55: REGULAR | E55: Até 10 irregularidades por km
A56: RUIM | E56: Mais de 10 irregularidades por km
A57: PÉSSIMA | E57: Atoleiro ou ponto crítico
A58: SIT. | E58: LEN = leito natural · EOP = em obras de pavimentação
A59: FAIXA AZUL | E59: Cabeçalho de cada S.R.E.: descrição, situação, jurisdição, extensão e coordenada de início.
A60: INÍCIO / FIM (KM) | E60: Contados de 0 até o fim de CADA S.R.E. Não é o marco quilométrico da rodovia.
A61: SENT. | E61: C = crescente · D = decrescente
A62: FAIXA CINZA | E62: Segmento fora do escopo do contrato: você passa por ele, mas não preenche.
A63: CÉLULA VERMELHA | E63: Mais de uma X no mesmo grupo. Apague uma delas.
A64: CONFERÊNCIA | E64: Só na tela, não sai impresso. Fica OK com uma X em cada grupo.

Sheet 269
A1: PROGRAMA DE MANUTENÇÃO RODOVIÁRIA — FICHA DE INSPEÇÃO — RODOVIAS NÃO PAVIMENTADAS | P1: Valores dos gráficos — troca 0 por N/D para a fatia não aparecer. Não editar.
A2: REGIÃO: 13 — DIANÓPOLIS | D2: MÊS / ANO: | G2: DATA: | J2: TÉCNICO: | P2: =IF(F89=0,NA(),F89) -> 73.039576 | Q2: =IF(G89=0,NA(),G89) -> #N/A | R2: =IF(H89=0,NA(),H89) -> #N/A | S2: =IF(I89=0,NA(),I89) -> #N/A | T2: =IF(J89=0,NA(),J89) -> 11 | U2: =IF(K89=0,NA(),K89) -> 62.039576 | V2: =IF(L89=0,NA(),L89) -> #N/A
A3: TRECHO 269 — RODOVIA TO-477 - TRECHO ENTR. BR-010 (POVOADO BONFIM) - ALMAS | K3: EXTENSÃO: 73,040 km · 2 S.R.E.
A4: COMO PREENCHER: uma X em UMA coluna de cada grupo, por linha. Se houver mais de um defeito no mesmo km, marque o PREDOMINANTE e escreva o resto em OBSERVAÇÕES. A quilometragem é contada de 0 até o fim de CADA S.R.E. (não é o marco da rodovia).
A6: S.R.E. | B6: SENT. | C6: INÍCIO (KM) | D6: FIM (KM) | E6: EXT. (KM) | F6: CONDIÇÃO DA PLATAFORMA | J6: DRENAGEM SUPERFICIAL | M6: OBSERVAÇÕES | N6: CONFERÊNCIA (só na tela)
F7: BOM | G7: REGULAR | H7: RUIM | I7: PÉSSIMA | J7: LIMPA | K7: OBSTRUÍDA | L7: AUSENTE
A8: S.R.E. 477ETO0060 | ALMAS *TRECHO URBANO* - BARRA NOVA | LEN · Estadual · 63.075 km · início: -11.582789, -47.176357
A9: 477ETO0060 | B9: C | C9: 0 | D9: 1 | E9: =D9-C9 -> 1 | F9: X | J9: X | N9: =IF(COUNTA(F9:L9)=0,"— não preenchido",IF(COUNTIF(F9:I9,"X")<>1,"FALTA/DUPLA: CONDIÇÃO DA PLATAFORMA",IF(COUNTIF(J9:L9,"X")<>1,"FALTA/DUPLA: DRENAGEM SUPERFICIAL","OK"))) -> OK
A10: 477ETO0060 | B10: C | C10: 1 | D10: 2 | E10: =D10-C10 -> 1 | F10: X | J10: X | N10: =IF(COUNTA(F10:L10)=0,"— não preenchido",IF(COUNTIF(F10:I10,"X")<>1,"FALTA/DUPLA: CONDIÇÃO DA PLATAFORMA",IF(COUNTIF(J10:L10,"X")<>1,"FALTA/DUPLA: DRENAGEM SUPERFICIAL","OK"))) -> OK
A11: 477ETO0060 | B11: C | C11: 2 | D11: 3 | E11: =D11-C11 -> 1 | F11: X | J11: X | N11: =IF(COUNTA(F11:L11)=0,"— não preenchido",IF(COUNTIF(F11:I11,"X")<>1,"FALTA/DUPLA: CONDIÇÃO DA PLATAFORMA",IF(COUNTIF(J11:L11,"X")<>1,"FALTA/DUPLA: DRENAGEM SUPERFICIAL","OK"))) -> OK
A12: 477ETO0060 | B12: C | C12: 3 | D12: 4 | E12: =D12-C12 -> 1 | F12: X | J12: X | N12: =IF(COUNTA(F12:L12)=0,"— não preenchido",IF(COUNTIF(F12:I12,"X")<>1,"FALTA/DUPLA: CONDIÇÃO DA PLATAFORMA",IF(COUNTIF(J12:L12,"X")<>1,"FALTA/DUPLA: DRENAGEM SUPERFICIAL","OK"))) -> OK
A13: 477ETO0060 | B13: C | C13: 4 | D13: 5 | E13: =D13-C13 -> 1 | F13: X | J13: X | N13: =IF(COUNTA(F13:L13)=0,"— não preenchido",IF(COUNTIF(F13:I13,"X")<>1,"FALTA/DUPLA: CONDIÇÃO DA PLATAFORMA",IF(COUNTIF(J13:L13,"X")<>1,"FALTA/DUPLA: DRENAGEM SUPERFICIAL","OK"))) -> OK
A14: 477ETO0060 | B14: C | C14: 5 | D14: 6 | E14: =D14-C14 -> 1 | F14: X | J14: X | N14: =IF(COUNTA(F14:L14)=0,"— não preenchido",IF(COUNTIF(F14:I14,"X")<>1,"FALTA/DUPLA: CONDIÇÃO DA PLATAFORMA",IF(COUNTIF(J14:L14,"X")<>1,"FALTA/DUPLA: DRENAGEM SUPERFICIAL","OK"))) -> OK
A15: 477ETO0060 | B15: C | C15: 6 | D15: 7 | E15: =D15-C15 -> 1 | F15: X | J15: X | N15: =IF(COUNTA(F15:L15)=0,"— não preenchido",IF(COUNTIF(F15:I15,"X")<>1,"FALTA/DUPLA: CONDIÇÃO DA PLATAFORMA",IF(COUNTIF(J15:L15,"X")<>1,"FALTA/DUPLA: DRENAGEM SUPERFICIAL","OK"))) -> OK
A16: 477ETO0060 | B16: C | C16: 7 | D16: 8 | E16: =D16-C16 -> 1 | F16: X | J16: X | N16: =IF(COUNTA(F16:L16)=0,"— não preenchido",IF(COUNTIF(F16:I16,"X")<>1,"FALTA/DUPLA: CONDIÇÃO DA PLATAFORMA",IF(COUNTIF(J16:L16,"X")<>1,"FALTA/DUPLA: DRENAGEM SUPERFICIAL","OK"))) -> OK
A17: 477ETO0060 | B17: C | C17: 8 | D17: 9 | E17: =D17-C17 -> 1 | F17: X | J17: X | N17: =IF(COUNTA(F17:L17)=0,"— não preenchido",IF(COUNTIF(F17:I17,"X")<>1,"FALTA/DUPLA: CONDIÇÃO DA PLATAFORMA",IF(COUNTIF(J17:L17,"X")<>1,"FALTA/DUPLA: DRENAGEM SUPERFICIAL","OK"))) -> OK
A18: 477ETO0060 | B18: C | C18: 9 | D18: 10 | E18: =D18-C18 -> 1 | F18: X | J18: X | N18: =IF(COUNTA(F18:L18)=0,"— não preenchido",IF(COUNTIF(F18:I18,"X")<>1,"FALTA/DUPLA: CONDIÇÃO DA PLATAFORMA",IF(COUNTIF(J18:L18,"X")<>1,"FALTA/DUPLA: DRENAGEM SUPERFICIAL","OK"))) -> OK
A19: 477ETO0060 | B19: C | C19: 10 | D19: 11 | E19: =D19-C19 -> 1 | F19: X | J19: X | N19: =IF(COUNTA(F19:L19)=0,"— não preenchido",IF(COUNTIF(F19:I19,"X")<>1,"FALTA/DUPLA: CONDIÇÃO DA PLATAFORMA",IF(COUNTIF(J19:L19,"X")<>1,"FALTA/DUPLA: DRENAGEM SUPERFICIAL","OK"))) -> OK
A20: 477ETO0060 | B20: C | C20: 11 | D20: 12 | E20: =D20-C20 -> 1 | F20: X | K20: X | N20: =IF(COUNTA(F20:L20)=0,"— não preenchido",IF(COUNTIF(F20:I20,"X")<>1,"FALTA/DUPLA: CONDIÇÃO DA PLATAFORMA",IF(COUNTIF(J20:L20,"X")<>1,"FALTA/DUPLA: DRENAGEM SUPERFICIAL","OK"))) -> OK
A21: 477ETO0060 | B21: C | C21: 12 | D21: 13 | E21: =D21-C21 -> 1 | F21: X | K21: X | N21: =IF(COUNTA(F21:L21)=0,"— não preenchido",IF(COUNTIF(F21:I21,"X")<>1,"FALTA/DUPLA: CONDIÇÃO DA PLATAFORMA",IF(COUNTIF(J21:L21,"X")<>1,"FALTA/DUPLA: DRENAGEM SUPERFICIAL","OK"))) -> OK
A22: 477ETO0060 | B22: C | C22: 13 | D22: 14 | E22: =D22-C22 -> 1 | F22: X | K22: X | N22: =IF(COUNTA(F22:L22)=0,"— não preenchido",IF(COUNTIF(F22:I22,"X")<>1,"FALTA/DUPLA: CONDIÇÃO DA PLATAFORMA",IF(COUNTIF(J22:L22,"X")<>1,"FALTA/DUPLA: DRENAGEM SUPERFICIAL","OK"))) -> OK
A23: 477ETO0060 | B23: C | C23: 14 | D23: 15 | E23: =D23-C23 -> 1 | F23: X | K23: X | N23: =IF(COUNTA(F23:L23)=0,"— não preenchido",IF(COUNTIF(F23:I23,"X")<>1,"FALTA/DUPLA: CONDIÇÃO DA PLATAFORMA",IF(COUNTIF(J23:L23,"X")<>1,"FALTA/DUPLA: DRENAGEM SUPERFICIAL","OK"))) -> OK
A24: 477ETO0060 | B24: C | C24: 15 | D24: 16 | E24: =D24-C24 -> 1 | F24: X | K24: X | N24: =IF(COUNTA(F24:L24)=0,"— não preenchido",IF(COUNTIF(F24:I24,"X")<>1,"FALTA/DUPLA: CONDIÇÃO DA PLATAFORMA",IF(COUNTIF(J24:L24,"X")<>1,"FALTA/DUPLA: DRENAGEM SUPERFICIAL","OK"))) -> OK
A25: 477ETO0060 | B25: C | C25: 16 | D25: 17 | E25: =D25-C25 -> 1 | F25: X | K25: X | N25: =IF(COUNTA(F25:L25)=0,"— não preenchido",IF(COUNTIF(F25:I25,"X")<>1,"FALTA/DUPLA: CONDIÇÃO DA PLATAFORMA",IF(COUNTIF(J25:L25,"X")<>1,"FALTA/DUPLA: DRENAGEM SUPERFICIAL","OK"))) -> OK
A26: 477ETO0060 | B26: C | C26: 17 | D26: 18 | E26: =D26-C26 -> 1 | F26: X | K26: X | N26: =IF(COUNTA(F26:L26)=0,"— não preenchido",IF(COUNTIF(F26:I26,"X")<>1,"FALTA/DUPLA: CONDIÇÃO DA PLATAFORMA",IF(COUNTIF(J26:L26,"X")<>1,"FALTA/DUPLA: DRENAGEM SUPERFICIAL","OK"))) -> OK
A27: 477ETO0060 | B27: C | C27: 18 | D27: 19 | E27: =D27-C27 -> 1 | F27: X | K27: X | N27: =IF(COUNTA(F27:L27)=0,"— não preenchido",IF(COUNTIF(F27:I27,"X")<>1,"FALTA/DUPLA: CONDIÇÃO DA PLATAFORMA",IF(COUNTIF(J27:L27,"X")<>1,"FALTA/DUPLA: DRENAGEM SUPERFICIAL","OK"))) -> OK
A28: 477ETO0060 | B28: C | C28: 19 | D28: 20 | E28: =D28-C28 -> 1 | F28: X | K28: X | N28: =IF(COUNTA(F28:L28)=0,"— não preenchido",IF(COUNTIF(F28:I28,"X")<>1,"FALTA/DUPLA: CONDIÇÃO DA PLATAFORMA",IF(COUNTIF(J28:L28,"X")<>1,"FALTA/DUPLA: DRENAGEM SUPERFICIAL","OK"))) -> OK
A29: 477ETO0060 | B29: C | C29: 20 | D29: 21 | E29: =D29-C29 -> 1 | F29: X | K29: X | N29: =IF(COUNTA(F29:L29)=0,"— não preenchido",IF(COUNTIF(F29:I29,"X")<>1,"FALTA/DUPLA: CONDIÇÃO DA PLATAFORMA",IF(COUNTIF(J29:L29,"X")<>1,"FALTA/DUPLA: DRENAGEM SUPERFICIAL","OK"))) -> OK
A30: 477ETO0060 | B30: C | C30: 21 | D30: 22 | E30: =D30-C30 -> 1 | F30: X | K30: X | N30: =IF(COUNTA(F30:L30)=0,"— não preenchido",IF(COUNTIF(F30:I30,"X")<>1,"FALTA/DUPLA: CONDIÇÃO DA PLATAFORMA",IF(COUNTIF(J30:L30,"X")<>1,"FALTA/DUPLA: DRENAGEM SUPERFICIAL","OK"))) -> OK
A31: 477ETO0060 | B31: C | C31: 22 | D31: 23 | E31: =D31-C31 -> 1 | F31: X | K31: X | N31: =IF(COUNTA(F31:L31)=0,"— não preenchido",IF(COUNTIF(F31:I31,"X")<>1,"FALTA/DUPLA: CONDIÇÃO DA PLATAFORMA",IF(COUNTIF(J31:L31,"X")<>1,"FALTA/DUPLA: DRENAGEM SUPERFICIAL","OK"))) -> OK
... A72: 477ETO0060 | B72: C | C72: 63 | D72: 63.074548 | E72: =D72-C72 -> 0.074548195 | F72: X | K72: X | N72: =IF(COUNTA(F72:L72)=0,"— não preenchido",IF(COUNTIF(F72:I72,"X")<>1,"FALTA/DUPLA: CONDIÇÃO DA PLATAFORMA",IF(COUNTIF(J72:L72,"X")<>1,"FALTA/DUPLA: DRENAGEM SUPERFICIAL","OK"))) -> OK
A73: S.R.E. 477ETO0070 | BARRA NOVA - ENTR. TO-050-BR-010 | LEN · Estadual · 9.965 km · início: -11.884282, -47.539416
A74: 477ETO0070 | B74: C | C74: 0 | D74: 1 | E74: =D74-C74 -> 1 | F74: X | K74: X | N74: =IF(COUNTA(F74:L74)=0,"— não preenchido",IF(COUNTIF(F74:I74,"X")<>1,"FALTA/DUPLA: CONDIÇÃO DA PLATAFORMA",IF(COUNTIF(J74:L74,"X")<>1,"FALTA/DUPLA: DRENAGEM SUPERFICIAL","OK"))) -> OK
A75: 477ETO0070 | B75: C | C75: 1 | D75: 2 | E75: =D75-C75 -> 1 | F75: X | K75: X | N75: =IF(COUNTA(F75:L75)=0,"— não preenchido",IF(COUNTIF(F75:I75,"X")<>1,"FALTA/DUPLA: CONDIÇÃO DA PLATAFORMA",IF(COUNTIF(J75:L75,"X")<>1,"FALTA/DUPLA: DRENAGEM SUPERFICIAL","OK"))) -> OK
A76: 477ETO0070 | B76: C | C76: 2 | D76: 3 | E76: =D76-C76 -> 1 | F76: X | K76: X | N76: =IF(COUNTA(F76:L76)=0,"— não preenchido",IF(COUNTIF(F76:I76,"X")<>1,"FALTA/DUPLA: CONDIÇÃO DA PLATAFORMA",IF(COUNTIF(J76:L76,"X")<>1,"FALTA/DUPLA: DRENAGEM SUPERFICIAL","OK"))) -> OK
A77: 477ETO0070 | B77: C | C77: 3 | D77: 4 | E77: =D77-C77 -> 1 | F77: X | K77: X | N77: =IF(COUNTA(F77:L77)=0,"— não preenchido",IF(COUNTIF(F77:I77,"X")<>1,"FALTA/DUPLA: CONDIÇÃO DA PLATAFORMA",IF(COUNTIF(J77:L77,"X")<>1,"FALTA/DUPLA: DRENAGEM SUPERFICIAL","OK"))) -> OK
A78: 477ETO0070 | B78: C | C78: 4 | D78: 5 | E78: =D78-C78 -> 1 | F78: X | K78: X | N78: =IF(COUNTA(F78:L78)=0,"— não preenchido",IF(COUNTIF(F78:I78,"X")<>1,"FALTA/DUPLA: CONDIÇÃO DA PLATAFORMA",IF(COUNTIF(J78:L78,"X")<>1,"FALTA/DUPLA: DRENAGEM SUPERFICIAL","OK"))) -> OK
A79: 477ETO0070 | B79: C | C79: 5 | D79: 6 | E79: =D79-C79 -> 1 | F79: X | K79: X | N79: =IF(COUNTA(F79:L79)=0,"— não preenchido",IF(COUNTIF(F79:I79,"X")<>1,"FALTA/DUPLA: CONDIÇÃO DA PLATAFORMA",IF(COUNTIF(J79:L79,"X")<>1,"FALTA/DUPLA: DRENAGEM SUPERFICIAL","OK"))) -> OK
A80: 477ETO0070 | B80: C | C80: 6 | D80: 7 | E80: =D80-C80 -> 1 | F80: X | K80: X | N80: =IF(COUNTA(F80:L80)=0,"— não preenchido",IF(COUNTIF(F80:I80,"X")<>1,"FALTA/DUPLA: CONDIÇÃO DA PLATAFORMA",IF(COUNTIF(J80:L80,"X")<>1,"FALTA/DUPLA: DRENAGEM SUPERFICIAL","OK"))) -> OK
A81: 477ETO0070 | B81: C | C81: 7 | D81: 8 | E81: =D81-C81 -> 1 | F81: X | K81: X | N81: =IF(COUNTA(F81:L81)=0,"— não preenchido",IF(COUNTIF(F81:I81,"X")<>1,"FALTA/DUPLA: CONDIÇÃO DA PLATAFORMA",IF(COUNTIF(J81:L81,"X")<>1,"FALTA/DUPLA: DRENAGEM SUPERFICIAL","OK"))) -> OK
A82: 477ETO0070 | B82: C | C82: 8 | D82: 9 | E82: =D82-C82 -> 1 | F82: X | K82: X | N82: =IF(COUNTA(F82:L82)=0,"— não preenchido",IF(COUNTIF(F82:I82,"X")<>1,"FALTA/DUPLA: CONDIÇÃO DA PLATAFORMA",IF(COUNTIF(J82:L82,"X")<>1,"FALTA/DUPLA: DRENAGEM SUPERFICIAL","OK"))) -> OK
A83: 477ETO0070 | B83: C | C83: 9 | D83: 9.9650283 | E83: =D83-C83 -> 0.96502829 | F83: X | K83: X | N83: =IF(COUNTA(F83:L83)=0,"— não preenchido",IF(COUNTIF(F83:I83,"X")<>1,"FALTA/DUPLA: CONDIÇÃO DA PLATAFORMA",IF(COUNTIF(J83:L83,"X")<>1,"FALTA/DUPLA: DRENAGEM SUPERFICIAL","OK"))) -> OK
A85: ____________________________________________ | G85: ____________________________________________
A86: TÉCNICO RESPONSÁVEL PELA INSPEÇÃO | G86: VISTO DA SUPERVISÃO
A88: RESUMO DO TRECHO — KM LANÇADO POR ITEM
A89: KM LANÇADO | F89: =SUMIF(F$9:F$83,"X",$E$9:$E$83) -> 73.039576 | G89: =SUMIF(G$9:G$83,"X",$E$9:$E$83) -> 0 | H89: =SUMIF(H$9:H$83,"X",$E$9:$E$83) -> 0 | I89: =SUMIF(I$9:I$83,"X",$E$9:$E$83) -> 0 | J89: =SUMIF(J$9:J$83,"X",$E$9:$E$83) -> 11 | K89: =SUMIF(K$9:K$83,"X",$E$9:$E$83) -> 62.039576 | L89: =SUMIF(L$9:L$83,"X",$E$9:$E$83) -> 0
A90: % DA EXTENSÃO | F90: =IF($I92=0,0,F89/$I92) -> 1 | G90: =IF($I92=0,0,G89/$I92) -> 0 | H90: =IF($I92=0,0,H89/$I92) -> 0 | I90: =IF($I92=0,0,I89/$I92) -> 0 | J90: =IF($I92=0,0,J89/$I92) -> 0.15060328 | K90: =IF($I92=0,0,K89/$I92) -> 0.84939672 | L90: =IF($I92=0,0,L89/$I92) -> 0
A91: CONFERÊNCIA POR GRUPO | F91: =IF(SUM(F89:I89)=0,"— não preenchido",IF(ROUND(SUM(F89:I89)-$I92,3)=0,"OK — "&ROUND(SUM(F89:I89),3)&" km","ERRO — dif. de "&ROUND(SUM(F89:I89)-$I92,3)&" km")) -> OK — 73,04 km | J91: =IF(SUM(J89:L89)=0,"— não preenchido",IF(ROUND(SUM(J89:L89)-$I92,3)=0,"OK — "&ROUND(SUM(J89:L89),3)&" km","ERRO — dif. de "&ROUND(SUM(J89:L89)-$I92,3)&" km")) -> OK — 73,04 km
A92: EXTENSÃO TOTAL DO TRECHO | I92: =SUM(E9:E83) -> 73.039576 | M92: =COUNTIF(N9:N83,"OK")&" de "&COUNT($E$9:$E$83)&" linhas conferidas" -> 74 de 74 linhas conferidas
A94: LEGENDA
A95: REGULAR | E95: Até 10 irregularidades por km
A96: RUIM | E96: Mais de 10 irregularidades por km
A97: PÉSSIMA | E97: Atoleiro ou ponto crítico
A98: SIT. | E98: LEN = leito natural · EOP = em obras de pavimentação
A99: FAIXA AZUL | E99: Cabeçalho de cada S.R.E.: descrição, situação, jurisdição, extensão e coordenada de início.
A100: INÍCIO / FIM (KM) | E100: Contados de 0 até o fim de CADA S.R.E. Não é o marco quilométrico da rodovia.
A101: SENT. | E101: C = crescente · D = decrescente
A102: FAIXA CINZA | E102: Segmento fora do escopo do contrato: você passa por ele, mas não preenche.
A103: CÉLULA VERMELHA | E103: Mais de uma X no mesmo grupo. Apague uma delas.
A104: CONFERÊNCIA | E104: Só na tela, não sai impresso. Fica OK com uma X em cada grupo.

Sheet 270
A1: PROGRAMA DE MANUTENÇÃO RODOVIÁRIA — FICHA DE INSPEÇÃO — RODOVIAS NÃO PAVIMENTADAS | P1: Valores dos gráficos — troca 0 por N/D para a fatia não aparecer. Não editar.
A2: REGIÃO: 13 — DIANÓPOLIS | D2: MÊS / ANO: | G2: DATA: | J2: TÉCNICO: | P2: =IF(F120=0,NA(),F120) -> 87.643029 | Q2: =IF(G120=0,NA(),G120) -> 11 | R2: =IF(H120=0,NA(),H120) -> #N/A | S2: =IF(I120=0,NA(),I120) -> #N/A | T2: =IF(J120=0,NA(),J120) -> 60.438444 | U2: =IF(K120=0,NA(),K120) -> 10.4949 | V2: =IF(L120=0,NA(),L120) -> 27.709685
A3: TRECHO 270 — RODOVIA TO-485 - TRECHO TAIPAS DO TOCANTINS - ENTR. TO-110 | K3: EXTENSÃO: 98,763 km · 5 S.R.E.
A4: COMO PREENCHER: uma X em UMA coluna de cada grupo, por linha. Se houver mais de um defeito no mesmo km, marque o PREDOMINANTE e escreva o resto em OBSERVAÇÕES. A quilometragem é contada de 0 até o fim de CADA S.R.E. (não é o marco da rodovia).
A6: S.R.E. | B6: SENT. | C6: INÍCIO (KM) | D6: FIM (KM) | E6: EXT. (KM) | F6: CONDIÇÃO DA PLATAFORMA | J6: DRENAGEM SUPERFICIAL | M6: OBSERVAÇÕES | N6: CONFERÊNCIA (só na tela)
F7: BOM | G7: REGULAR | H7: RUIM | I7: PÉSSIMA | J7: LIMPA | K7: OBSTRUÍDA | L7: AUSENTE
A8: S.R.E. 485ETO0010 | ENTR. TO-110 - CARAIBINHA | LEN · Estadual · 21.438 km · início: -12.059836, -46.501594
A9: 485ETO0010 | B9: C | C9: 0 | D9: 1 | E9: =D9-C9 -> 1 | G9: X | J9: X | N9: =IF(COUNTA(F9:L9)=0,"— não preenchido",IF(COUNTIF(F9:I9,"X")<>1,"FALTA/DUPLA: CONDIÇÃO DA PLATAFORMA",IF(COUNTIF(J9:L9,"X")<>1,"FALTA/DUPLA: DRENAGEM SUPERFICIAL","OK"))) -> OK
A10: 485ETO0010 | B10: C | C10: 1 | D10: 2 | E10: =D10-C10 -> 1 | G10: X | J10: X | N10: =IF(COUNTA(F10:L10)=0,"— não preenchido",IF(COUNTIF(F10:I10,"X")<>1,"FALTA/DUPLA: CONDIÇÃO DA PLATAFORMA",IF(COUNTIF(J10:L10,"X")<>1,"FALTA/DUPLA: DRENAGEM SUPERFICIAL","OK"))) -> OK
A11: 485ETO0010 | B11: C | C11: 2 | D11: 3 | E11: =D11-C11 -> 1 | G11: X | J11: X | N11: =IF(COUNTA(F11:L11)=0,"— não preenchido",IF(COUNTIF(F11:I11,"X")<>1,"FALTA/DUPLA: CONDIÇÃO DA PLATAFORMA",IF(COUNTIF(J11:L11,"X")<>1,"FALTA/DUPLA: DRENAGEM SUPERFICIAL","OK"))) -> OK
A12: 485ETO0010 | B12: C | C12: 3 | D12: 4 | E12: =D12-C12 -> 1 | G12: X | J12: X | N12: =IF(COUNTA(F12:L12)=0,"— não preenchido",IF(COUNTIF(F12:I12,"X")<>1,"FALTA/DUPLA: CONDIÇÃO DA PLATAFORMA",IF(COUNTIF(J12:L12,"X")<>1,"FALTA/DUPLA: DRENAGEM SUPERFICIAL","OK"))) -> OK
A13: 485ETO0010 | B13: C | C13: 4 | D13: 5 | E13: =D13-C13 -> 1 | G13: X | J13: X | N13: =IF(COUNTA(F13:L13)=0,"— não preenchido",IF(COUNTIF(F13:I13,"X")<>1,"FALTA/DUPLA: CONDIÇÃO DA PLATAFORMA",IF(COUNTIF(J13:L13,"X")<>1,"FALTA/DUPLA: DRENAGEM SUPERFICIAL","OK"))) -> OK
A14: 485ETO0010 | B14: C | C14: 5 | D14: 6 | E14: =D14-C14 -> 1 | G14: X | J14: X | N14: =IF(COUNTA(F14:L14)=0,"— não preenchido",IF(COUNTIF(F14:I14,"X")<>1,"FALTA/DUPLA: CONDIÇÃO DA PLATAFORMA",IF(COUNTIF(J14:L14,"X")<>1,"FALTA/DUPLA: DRENAGEM SUPERFICIAL","OK"))) -> OK
A15: 485ETO0010 | B15: C | C15: 6 | D15: 7 | E15: =D15-C15 -> 1 | G15: X | J15: X | N15: =IF(COUNTA(F15:L15)=0,"— não preenchido",IF(COUNTIF(F15:I15,"X")<>1,"FALTA/DUPLA: CONDIÇÃO DA PLATAFORMA",IF(COUNTIF(J15:L15,"X")<>1,"FALTA/DUPLA: DRENAGEM SUPERFICIAL","OK"))) -> OK
A16: 485ETO0010 | B16: C | C16: 7 | D16: 8 | E16: =D16-C16 -> 1 | G16: X | J16: X | N16: =IF(COUNTA(F16:L16)=0,"— não preenchido",IF(COUNTIF(F16:I16,"X")<>1,"FALTA/DUPLA: CONDIÇÃO DA PLATAFORMA",IF(COUNTIF(J16:L16,"X")<>1,"FALTA/DUPLA: DRENAGEM SUPERFICIAL","OK"))) -> OK
A17: 485ETO0010 | B17: C | C17: 8 | D17: 9 | E17: =D17-C17 -> 1 | G17: X | J17: X | N17: =IF(COUNTA(F17:L17)=0,"— não preenchido",IF(COUNTIF(F17:I17,"X")<>1,"FALTA/DUPLA: CONDIÇÃO DA PLATAFORMA",IF(COUNTIF(J17:L17,"X")<>1,"FALTA/DUPLA: DRENAGEM SUPERFICIAL","OK"))) -> OK
A18: 485ETO0010 | B18: C | C18: 9 | D18: 10 | E18: =D18-C18 -> 1 | G18: X | J18: X | N18: =IF(COUNTA(F18:L18)=0,"— não preenchido",IF(COUNTIF(F18:I18,"X")<>1,"FALTA/DUPLA: CONDIÇÃO DA PLATAFORMA",IF(COUNTIF(J18:L18,"X")<>1,"FALTA/DUPLA: DRENAGEM SUPERFICIAL","OK"))) -> OK
A19: 485ETO0010 | B19: C | C19: 10 | D19: 11 | E19: =D19-C19 -> 1 | G19: X | J19: X | N19: =IF(COUNTA(F19:L19)=0,"— não preenchido",IF(COUNTIF(F19:I19,"X")<>1,"FALTA/DUPLA: CONDIÇÃO DA PLATAFORMA",IF(COUNTIF(J19:L19,"X")<>1,"FALTA/DUPLA: DRENAGEM SUPERFICIAL","OK"))) -> OK
A20: 485ETO0010 | B20: C | C20: 11 | D20: 12 | E20: =D20-C20 -> 1 | F20: X | J20: X | N20: =IF(COUNTA(F20:L20)=0,"— não preenchido",IF(COUNTIF(F20:I20,"X")<>1,"FALTA/DUPLA: CONDIÇÃO DA PLATAFORMA",IF(COUNTIF(J20:L20,"X")<>1,"FALTA/DUPLA: DRENAGEM SUPERFICIAL","OK"))) -> OK
A21: 485ETO0010 | B21: C | C21: 12 | D21: 13 | E21: =D21-C21 -> 1 | F21: X | J21: X | N21: =IF(COUNTA(F21:L21)=0,"— não preenchido",IF(COUNTIF(F21:I21,"X")<>1,"FALTA/DUPLA: CONDIÇÃO DA PLATAFORMA",IF(COUNTIF(J21:L21,"X")<>1,"FALTA/DUPLA: DRENAGEM SUPERFICIAL","OK"))) -> OK
A22: 485ETO0010 | B22: C | C22: 13 | D22: 14 | E22: =D22-C22 -> 1 | F22: X | J22: X | N22: =IF(COUNTA(F22:L22)=0,"— não preenchido",IF(COUNTIF(F22:I22,"X")<>1,"FALTA/DUPLA: CONDIÇÃO DA PLATAFORMA",IF(COUNTIF(J22:L22,"X")<>1,"FALTA/DUPLA: DRENAGEM SUPERFICIAL","OK"))) -> OK
A23: 485ETO0010 | B23: C | C23: 14 | D23: 15 | E23: =D23-C23 -> 1 | F23: X | J23: X | N23: =IF(COUNTA(F23:L23)=0,"— não preenchido",IF(COUNTIF(F23:I23,"X")<>1,"FALTA/DUPLA: CONDIÇÃO DA PLATAFORMA",IF(COUNTIF(J23:L23,"X")<>1,"FALTA/DUPLA: DRENAGEM SUPERFICIAL","OK"))) -> OK
A24: 485ETO0010 | B24: C | C24: 15 | D24: 16 | E24: =D24-C24 -> 1 | F24: X | J24: X | N24: =IF(COUNTA(F24:L24)=0,"— não preenchido",IF(COUNTIF(F24:I24,"X")<>1,"FALTA/DUPLA: CONDIÇÃO DA PLATAFORMA",IF(COUNTIF(J24:L24,"X")<>1,"FALTA/DUPLA: DRENAGEM SUPERFICIAL","OK"))) -> OK
A25: 485ETO0010 | B25: C | C25: 16 | D25: 17 | E25: =D25-C25 -> 1 | F25: X | J25: X | N25: =IF(COUNTA(F25:L25)=0,"— não preenchido",IF(COUNTIF(F25:I25,"X")<>1,"FALTA/DUPLA: CONDIÇÃO DA PLATAFORMA",IF(COUNTIF(J25:L25,"X")<>1,"FALTA/DUPLA: DRENAGEM SUPERFICIAL","OK"))) -> OK
A26: 485ETO0010 | B26: C | C26: 17 | D26: 18 | E26: =D26-C26 -> 1 | F26: X | J26: X | N26: =IF(COUNTA(F26:L26)=0,"— não preenchido",IF(COUNTIF(F26:I26,"X")<>1,"FALTA/DUPLA: CONDIÇÃO DA PLATAFORMA",IF(COUNTIF(J26:L26,"X")<>1,"FALTA/DUPLA: DRENAGEM SUPERFICIAL","OK"))) -> OK
A27: 485ETO0010 | B27: C | C27: 18 | D27: 19 | E27: =D27-C27 -> 1 | F27: X | J27: X | N27: =IF(COUNTA(F27:L27)=0,"— não preenchido",IF(COUNTIF(F27:I27,"X")<>1,"FALTA/DUPLA: CONDIÇÃO DA PLATAFORMA",IF(COUNTIF(J27:L27,"X")<>1,"FALTA/DUPLA: DRENAGEM SUPERFICIAL","OK"))) -> OK
A28: 485ETO0010 | B28: C | C28: 19 | D28: 20 | E28: =D28-C28 -> 1 | F28: X | J28: X | N28: =IF(COUNTA(F28:L28)=0,"— não preenchido",IF(COUNTIF(F28:I28,"X")<>1,"FALTA/DUPLA: CONDIÇÃO DA PLATAFORMA",IF(COUNTIF(J28:L28,"X")<>1,"FALTA/DUPLA: DRENAGEM SUPERFICIAL","OK"))) -> OK
A29: 485ETO0010 | B29: C | C29: 20 | D29: 21 | E29: =D29-C29 -> 1 | F29: X | J29: X | N29: =IF(COUNTA(F29:L29)=0,"— não preenchido",IF(COUNTIF(F29:I29,"X")<>1,"FALTA/DUPLA: CONDIÇÃO DA PLATAFORMA",IF(COUNTIF(J29:L29,"X")<>1,"FALTA/DUPLA: DRENAGEM SUPERFICIAL","OK"))) -> OK
A30: 485ETO0010 | B30: C | C30: 21 | D30: 21.438444 | E30: =D30-C30 -> 0.43844362 | F30: X | J30: X | N30: =IF(COUNTA(F30:L30)=0,"— não preenchido",IF(COUNTIF(F30:I30,"X")<>1,"FALTA/DUPLA: CONDIÇÃO DA PLATAFORMA",IF(COUNTIF(J30:L30,"X")<>1,"FALTA/DUPLA: DRENAGEM SUPERFICIAL","OK"))) -> OK
A31: S.R.E. 485ETO0020 | CARAIBINHA - POV. BURITI | LEN · Estadual · 10.495 km · início: -12.056942, -46.658053
A32: 485ETO0020 | B32: C | C32: 0 | D32: 1 | E32: =D32-C32 -> 1 | F32: X | K32: X | N32: =IF(COUNTA(F32:L32)=0,"— não preenchido",IF(COUNTIF(F32:I32,"X")<>1,"FALTA/DUPLA: CONDIÇÃO DA PLATAFORMA",IF(COUNTIF(J32:L32,"X")<>1,"FALTA/DUPLA: DRENAGEM SUPERFICIAL","OK"))) -> OK
A33: 485ETO0020 | B33: C | C33: 1 | D33: 2 | E33: =D33-C33 -> 1 | F33: X | K33: X | N33: =IF(COUNTA(F33:L33)=0,"— não preenchido",IF(COUNTIF(F33:I33,"X")<>1,"FALTA/DUPLA: CONDIÇÃO DA PLATAFORMA",IF(COUNTIF(J33:L33,"X")<>1,"FALTA/DUPLA: DRENAGEM SUPERFICIAL","OK"))) -> OK
A34: 485ETO0020 | B34: C | C34: 2 | D34: 3 | E34: =D34-C34 -> 1 | F34: X | K34: X | N34: =IF(COUNTA(F34:L34)=0,"— não preenchido",IF(COUNTIF(F34:I34,"X")<>1,"FALTA/DUPLA: CONDIÇÃO DA PLATAFORMA",IF(COUNTIF(J34:L34,"X")<>1,"FALTA/DUPLA: DRENAGEM SUPERFICIAL","OK"))) -> OK
A35: 485ETO0020 | B35: C | C35: 3 | D35: 4 | E35: =D35-C35 -> 1 | F35: X | K35: X | N35: =IF(COUNTA(F35:L35)=0,"— não preenchido",IF(COUNTIF(F35:I35,"X")<>1,"FALTA/DUPLA: CONDIÇÃO DA PLATAFORMA",IF(COUNTIF(J35:L35,"X")<>1,"FALTA/DUPLA: DRENAGEM SUPERFICIAL","OK"))) -> OK
A36: 485ETO0020 | B36: C | C36: 4 | D36: 5 | E36: =D36-C36 -> 1 | F36: X | K36: X | N36: =IF(COUNTA(F36:L36)=0,"— não preenchido",IF(COUNTIF(F36:I36,"X")<>1,"FALTA/DUPLA: CONDIÇÃO DA PLATAFORMA",IF(COUNTIF(J36:L36,"X")<>1,"FALTA/DUPLA: DRENAGEM SUPERFICIAL","OK"))) -> OK
A37: 485ETO0020 | B37: C | C37: 5 | D37: 6 | E37: =D37-C37 -> 1 | F37: X | K37: X | N37: =IF(COUNTA(F37:L37)=0,"— não preenchido",IF(COUNTIF(F37:I37,"X")<>1,"FALTA/DUPLA: CONDIÇÃO DA PLATAFORMA",IF(COUNTIF(J37:L37,"X")<>1,"FALTA/DUPLA: DRENAGEM SUPERFICIAL","OK"))) -> OK
A38: 485ETO0020 | B38: C | C38: 6 | D38: 7 | E38: =D38-C38 -> 1 | F38: X | K38: X | N38: =IF(COUNTA(F38:L38)=0,"— não preenchido",IF(COUNTIF(F38:I38,"X")<>1,"FALTA/DUPLA: CONDIÇÃO DA PLATAFORMA",IF(COUNTIF(J38:L38,"X")<>1,"FALTA/DUPLA: DRENAGEM SUPERFICIAL","OK"))) -> OK
A39: 485ETO0020 | B39: C | C39: 7 | D39: 8 | E39: =D39-C39 -> 1 | F39: X | K39: X | N39: =IF(COUNTA(F39:L39)=0,"— não preenchido",IF(COUNTIF(F39:I39,"X")<>1,"FALTA/DUPLA: CONDIÇÃO DA PLATAFORMA",IF(COUNTIF(J39:L39,"X")<>1,"FALTA/DUPLA: DRENAGEM SUPERFICIAL","OK"))) -> OK
A40: 485ETO0020 | B40: C | C40: 8 | D40: 9 | E40: =D40-C40 -> 1 | F40: X | K40: X | N40: =IF(COUNTA(F40:L40)=0,"— não preenchido",IF(COUNTIF(F40:I40,"X")<>1,"FALTA/DUPLA: CONDIÇÃO DA PLATAFORMA",IF(COUNTIF(J40:L40,"X")<>1,"FALTA/DUPLA: DRENAGEM SUPERFICIAL","OK"))) -> OK
A41: 485ETO0020 | B41: C | C41: 9 | D41: 10 | E41: =D41-C41 -> 1 | F41: X | K41: X | N41: =IF(COUNTA(F41:L41)=0,"— não preenchido",IF(COUNTIF(F41:I41,"X")<>1,"FALTA/DUPLA: CONDIÇÃO DA PLATAFORMA",IF(COUNTIF(J41:L41,"X")<>1,"FALTA/DUPLA: DRENAGEM SUPERFICIAL","OK"))) -> OK
A42: 485ETO0020 | B42: C | C42: 10 | D42: 10.4949 | E42: =D42-C42 -> 0.49490049 | F42: X | K42: X | N42: =IF(COUNTA(F42:L42)=0,"— não preenchido",IF(COUNTIF(F42:I42,"X")<>1,"FALTA/DUPLA: CONDIÇÃO DA PLATAFORMA",IF(COUNTIF(J42:L42,"X")<>1,"FALTA/DUPLA: DRENAGEM SUPERFICIAL","OK"))) -> OK
A43: S.R.E. 485ETO0030 | BURITI - ENTR. TO-487 (MIMOSA DOS MARINS) | LEN · Estadual · 18.120 km · início: -12.124254, -46.616581
A44: 485ETO0030 | B44: C | C44: 0 | D44: 1 | E44: =D44-C44 -> 1 | F44: X | J44: X | N44: =IF(COUNTA(F44:L44)=0,"— não preenchido",IF(COUNTIF(F44:I44,"X")<>1,"FALTA/DUPLA: CONDIÇÃO DA PLATAFORMA",IF(COUNTIF(J44:L44,"X")<>1,"FALTA/DUPLA: DRENAGEM SUPERFICIAL","OK"))) -> OK
A45: 485ETO0030 | B45: C | C45: 1 | D45: 2 | E45: =D45-C45 -> 1 | F45: X | J45: X | N45: =IF(COUNTA(F45:L45)=0,"— não preenchido",IF(COUNTIF(F45:I45,"X")<>1,"FALTA/DUPLA: CONDIÇÃO DA PLATAFORMA",IF(COUNTIF(J45:L45,"X")<>1,"FALTA/DUPLA: DRENAGEM SUPERFICIAL","OK"))) -> OK
A46: 485ETO0030 | B46: C | C46: 2 | D46: 3 | E46: =D46-C46 -> 1 | F46: X | J46: X | N46: =IF(COUNTA(F46:L46)=0,"— não preenchido",IF(COUNTIF(F46:I46,"X")<>1,"FALTA/DUPLA: CONDIÇÃO DA PLATAFORMA",IF(COUNTIF(J46:L46,"X")<>1,"FALTA/DUPLA: DRENAGEM SUPERFICIAL","OK"))) -> OK
A47: 485ETO0030 | B47: C | C47: 3 | D47: 4 | E47: =D47-C47 -> 1 | F47: X | J47: X | N47: =IF(COUNTA(F47:L47)=0,"— não preenchido",IF(COUNTIF(F47:I47,"X")<>1,"FALTA/DUPLA: CONDIÇÃO DA PLATAFORMA",IF(COUNTIF(J47:L47,"X")<>1,"FALTA/DUPLA: DRENAGEM SUPERFICIAL","OK"))) -> OK
A48: 485ETO0030 | B48: C | C48: 4 | D48: 5 | E48: =D48-C48 -> 1 | F48: X | J48: X | N48: =IF(COUNTA(F48:L48)=0,"— não preenchido",IF(COUNTIF(F48:I48,"X")<>1,"FALTA/DUPLA: CONDIÇÃO DA PLATAFORMA",IF(COUNTIF(J48:L48,"X")<>1,"FALTA/DUPLA: DRENAGEM SUPERFICIAL","OK"))) -> OK
A49: 485ETO0030 | B49: C | C49: 5 | D49: 6 | E49: =D49-C49 -> 1 | F49: X | J49: X | N49: =IF(COUNTA(F49:L49)=0,"— não preenchido",IF(COUNTIF(F49:I49,"X")<>1,"FALTA/DUPLA: CONDIÇÃO DA PLATAFORMA",IF(COUNTIF(J49:L49,"X")<>1,"FALTA/DUPLA: DRENAGEM SUPERFICIAL","OK"))) -> OK
A50: 485ETO0030 | B50: C | C50: 6 | D50: 7 | E50: =D50-C50 -> 1 | F50: X | J50: X | N50: =IF(COUNTA(F50:L50)=0,"— não preenchido",IF(COUNTIF(F50:I50,"X")<>1,"FALTA/DUPLA: CONDIÇÃO DA PLATAFORMA",IF(COUNTIF(J50:L50,"X")<>1,"FALTA/DUPLA: DRENAGEM SUPERFICIAL","OK"))) -> OK
A51: 485ETO0030 | B51: C | C51: 7 | D51: 8 | E51: =D51-C51 -> 1 | F51: X | J51: X | N51: =IF(COUNTA(F51:L51)=0,"— não preenchido",IF(COUNTIF(F51:I51,"X")<>1,"FALTA/DUPLA: CONDIÇÃO DA PLATAFORMA",IF(COUNTIF(J51:L51,"X")<>1,"FALTA/DUPLA: DRENAGEM SUPERFICIAL","OK"))) -> OK
A52: 485ETO0030 | B52: C | C52: 8 | D52: 9 | E52: =D52-C52 -> 1 | F52: X | J52: X | N52: =IF(COUNTA(F52:L52)=0,"— não preenchido",IF(COUNTIF(F52:I52,"X")<>1,"FALTA/DUPLA: CONDIÇÃO DA PLATAFORMA",IF(COUNTIF(J52:L52,"X")<>1,"FALTA/DUPLA: DRENAGEM SUPERFICIAL","OK"))) -> OK
A53: 485ETO0030 | B53: C | C53: 9 | D53: 10 | E53: =D53-C53 -> 1 | F53: X | J53: X | N53: =IF(COUNTA(F53:L53)=0,"— não preenchido",IF(COUNTIF(F53:I53,"X")<>1,"FALTA/DUPLA: CONDIÇÃO DA PLATAFORMA",IF(COUNTIF(J53:L53,"X")<>1,"FALTA/DUPLA: DRENAGEM SUPERFICIAL","OK"))) -> OK
A54: 485ETO0030 | B54: C | C54: 10 | D54: 11 | E54: =D54-C54 -> 1 | F54: X | J54: X | N54: =IF(COUNTA(F54:L54)=0,"— não preenchido",IF(COUNTIF(F54:I54,"X")<>1,"FALTA/DUPLA: CONDIÇÃO DA PLATAFORMA",IF(COUNTIF(J54:L54,"X")<>1,"FALTA/DUPLA: DRENAGEM SUPERFICIAL","OK"))) -> OK
A55: 485ETO0030 | B55: C | C55: 11 | D55: 12 | E55: =D55-C55 -> 1 | F55: X | J55: X | N55: =IF(COUNTA(F55:L55)=0,"— não preenchido",IF(COUNTIF(F55:I55,"X")<>1,"FALTA/DUPLA: CONDIÇÃO DA PLATAFORMA",IF(COUNTIF(J55:L55,"X")<>1,"FALTA/DUPLA: DRENAGEM SUPERFICIAL","OK"))) -> OK
... A61: 485ETO0030 | B61: C | C61: 17 | D61: 18 | E61: =D61-C61 -> 1 | F61: X | J61: X | N61: =IF(COUNTA(F61:L61)=0,"— não preenchido",IF(COUNTIF(F61:I61,"X")<>1,"FALTA/DUPLA: CONDIÇÃO DA PLATAFORMA",IF(COUNTIF(J61:L61,"X")<>1,"FALTA/DUPLA: DRENAGEM SUPERFICIAL","OK"))) -> OK
A62: 485ETO0030 | B62: C | C62: 18 | D62: 18.119656 | E62: =D62-C62 -> 0.11965592 | N62: =IF(COUNTA(F62:L62)=0,"— não preenchido",IF(COUNTIF(F62:I62,"X")<>1,"FALTA/DUPLA: CONDIÇÃO DA PLATAFORMA",IF(COUNTIF(J62:L62,"X")<>1,"FALTA/DUPLA: DRENAGEM SUPERFICIAL","OK"))) -> — não preenchido
A63: S.R.E. 485ETO0040 | ENTR. TO-487 (MIMOSA DOS MARINS) - LIMOEIRO | LEN · Estadual · 24.006 km · início: -12.250709, -46.664968
A64: 485ETO0040 | B64: C | C64: 0 | D64: 1 | E64: =D64-C64 -> 1 | F64: X | L64: X | N64: =IF(COUNTA(F64:L64)=0,"— não preenchido",IF(COUNTIF(F64:I64,"X")<>1,"FALTA/DUPLA: CONDIÇÃO DA PLATAFORMA",IF(COUNTIF(J64:L64,"X")<>1,"FALTA/DUPLA: DRENAGEM SUPERFICIAL","OK"))) -> OK
A65: 485ETO0040 | B65: C | C65: 1 | D65: 2 | E65: =D65-C65 -> 1 | F65: X | L65: X | N65: =IF(COUNTA(F65:L65)=0,"— não preenchido",IF(COUNTIF(F65:I65,"X")<>1,"FALTA/DUPLA: CONDIÇÃO DA PLATAFORMA",IF(COUNTIF(J65:L65,"X")<>1,"FALTA/DUPLA: DRENAGEM SUPERFICIAL","OK"))) -> OK
A66: 485ETO0040 | B66: C | C66: 2 | D66: 3 | E66: =D66-C66 -> 1 | F66: X | L66: X | N66: =IF(COUNTA(F66:L66)=0,"— não preenchido",IF(COUNTIF(F66:I66,"X")<>1,"FALTA/DUPLA: CONDIÇÃO DA PLATAFORMA",IF(COUNTIF(J66:L66,"X")<>1,"FALTA/DUPLA: DRENAGEM SUPERFICIAL","OK"))) -> OK
A67: 485ETO0040 | B67: C | C67: 3 | D67: 4 | E67: =D67-C67 -> 1 | F67: X | L67: X | N67: =IF(COUNTA(F67:L67)=0,"— não preenchido",IF(COUNTIF(F67:I67,"X")<>1,"FALTA/DUPLA: CONDIÇÃO DA PLATAFORMA",IF(COUNTIF(J67:L67,"X")<>1,"FALTA/DUPLA: DRENAGEM SUPERFICIAL","OK"))) -> OK
A68: 485ETO0040 | B68: C | C68: 4 | D68: 5 | E68: =D68-C68 -> 1 | F68: X | L68: X | N68: =IF(COUNTA(F68:L68)=0,"— não preenchido",IF(COUNTIF(F68:I68,"X")<>1,"FALTA/DUPLA: CONDIÇÃO DA PLATAFORMA",IF(COUNTIF(J68:L68,"X")<>1,"FALTA/DUPLA: DRENAGEM SUPERFICIAL","OK"))) -> OK
A69: 485ETO0040 | B69: C | C69: 5 | D69: 6 | E69: =D69-C69 -> 1 | F69: X | L69: X | N69: =IF(COUNTA(F69:L69)=0,"— não preenchido",IF(COUNTIF(F69:I69,"X")<>1,"FALTA/DUPLA: CONDIÇÃO DA PLATAFORMA",IF(COUNTIF(J69:L69,"X")<>1,"FALTA/DUPLA: DRENAGEM SUPERFICIAL","OK"))) -> OK
A70: 485ETO0040 | B70: C | C70: 6 | D70: 7 | E70: =D70-C70 -> 1 | F70: X | L70: X | N70: =IF(COUNTA(F70:L70)=0,"— não preenchido",IF(COUNTIF(F70:I70,"X")<>1,"FALTA/DUPLA: CONDIÇÃO DA PLATAFORMA",IF(COUNTIF(J70:L70,"X")<>1,"FALTA/DUPLA: DRENAGEM SUPERFICIAL","OK"))) -> OK
A71: 485ETO0040 | B71: C | C71: 7 | D71: 8 | E71: =D71-C71 -> 1 | F71: X | L71: X | N71: =IF(COUNTA(F71:L71)=0,"— não preenchido",IF(COUNTIF(F71:I71,"X")<>1,"FALTA/DUPLA: CONDIÇÃO DA PLATAFORMA",IF(COUNTIF(J71:L71,"X")<>1,"FALTA/DUPLA: DRENAGEM SUPERFICIAL","OK"))) -> OK
A72: 485ETO0040 | B72: C | C72: 8 | D72: 9 | E72: =D72-C72 -> 1 | F72: X | J72: X | N72: =IF(COUNTA(F72:L72)=0,"— não preenchido",IF(COUNTIF(F72:I72,"X")<>1,"FALTA/DUPLA: CONDIÇÃO DA PLATAFORMA",IF(COUNTIF(J72:L72,"X")<>1,"FALTA/DUPLA: DRENAGEM SUPERFICIAL","OK"))) -> OK
A73: 485ETO0040 | B73: C | C73: 9 | D73: 10 | E73: =D73-C73 -> 1 | F73: X | J73: X | N73: =IF(COUNTA(F73:L73)=0,"— não preenchido",IF(COUNTIF(F73:I73,"X")<>1,"FALTA/DUPLA: CONDIÇÃO DA PLATAFORMA",IF(COUNTIF(J73:L73,"X")<>1,"FALTA/DUPLA: DRENAGEM SUPERFICIAL","OK"))) -> OK
A74: 485ETO0040 | B74: C | C74: 10 | D74: 11 | E74: =D74-C74 -> 1 | F74: X | J74: X | N74: =IF(COUNTA(F74:L74)=0,"— não preenchido",IF(COUNTIF(F74:I74,"X")<>1,"FALTA/DUPLA: CONDIÇÃO DA PLATAFORMA",IF(COUNTIF(J74:L74,"X")<>1,"FALTA/DUPLA: DRENAGEM SUPERFICIAL","OK"))) -> OK
A75: 485ETO0040 | B75: C | C75: 11 | D75: 12 | E75: =D75-C75 -> 1 | F75: X | J75: X | N75: =IF(COUNTA(F75:L75)=0,"— não preenchido",IF(COUNTIF(F75:I75,"X")<>1,"FALTA/DUPLA: CONDIÇÃO DA PLATAFORMA",IF(COUNTIF(J75:L75,"X")<>1,"FALTA/DUPLA: DRENAGEM SUPERFICIAL","OK"))) -> OK
A76: 485ETO0040 | B76: C | C76: 12 | D76: 13 | E76: =D76-C76 -> 1 | F76: X | J76: X | N76: =IF(COUNTA(F76:L76)=0,"— não preenchido",IF(COUNTIF(F76:I76,"X")<>1,"FALTA/DUPLA: CONDIÇÃO DA PLATAFORMA",IF(COUNTIF(J76:L76,"X")<>1,"FALTA/DUPLA: DRENAGEM SUPERFICIAL","OK"))) -> OK
A77: 485ETO0040 | B77: C | C77: 13 | D77: 14 | E77: =D77-C77 -> 1 | F77: X | J77: X | N77: =IF(COUNTA(F77:L77)=0,"— não preenchido",IF(COUNTIF(F77:I77,"X")<>1,"FALTA/DUPLA: CONDIÇÃO DA PLATAFORMA",IF(COUNTIF(J77:L77,"X")<>1,"FALTA/DUPLA: DRENAGEM SUPERFICIAL","OK"))) -> OK
A78: 485ETO0040 | B78: C | C78: 14 | D78: 15 | E78: =D78-C78 -> 1 | F78: X | L78: X | N78: =IF(COUNTA(F78:L78)=0,"— não preenchido",IF(COUNTIF(F78:I78,"X")<>1,"FALTA/DUPLA: CONDIÇÃO DA PLATAFORMA",IF(COUNTIF(J78:L78,"X")<>1,"FALTA/DUPLA: DRENAGEM SUPERFICIAL","OK"))) -> OK
A79: 485ETO0040 | B79: C | C79: 15 | D79: 16 | E79: =D79-C79 -> 1 | F79: X | L79: X | N79: =IF(COUNTA(F79:L79)=0,"— não preenchido",IF(COUNTIF(F79:I79,"X")<>1,"FALTA/DUPLA: CONDIÇÃO DA PLATAFORMA",IF(COUNTIF(J79:L79,"X")<>1,"FALTA/DUPLA: DRENAGEM SUPERFICIAL","OK"))) -> OK
A80: 485ETO0040 | B80: C | C80: 16 | D80: 17 | E80: =D80-C80 -> 1 | F80: X | L80: X | N80: =IF(COUNTA(F80:L80)=0,"— não preenchido",IF(COUNTIF(F80:I80,"X")<>1,"FALTA/DUPLA: CONDIÇÃO DA PLATAFORMA",IF(COUNTIF(J80:L80,"X")<>1,"FALTA/DUPLA: DRENAGEM SUPERFICIAL","OK"))) -> OK
A81: 485ETO0040 | B81: C | C81: 17 | D81: 18 | E81: =D81-C81 -> 1 | F81: X | L81: X | N81: =IF(COUNTA(F81:L81)=0,"— não preenchido",IF(COUNTIF(F81:I81,"X")<>1,"FALTA/DUPLA: CONDIÇÃO DA PLATAFORMA",IF(COUNTIF(J81:L81,"X")<>1,"FALTA/DUPLA: DRENAGEM SUPERFICIAL","OK"))) -> OK
A82: 485ETO0040 | B82: C | C82: 18 | D82: 19 | E82: =D82-C82 -> 1 | F82: X | L82: X | N82: =IF(COUNTA(F82:L82)=0,"— não preenchido",IF(COUNTIF(F82:I82,"X")<>1,"FALTA/DUPLA: CONDIÇÃO DA PLATAFORMA",IF(COUNTIF(J82:L82,"X")<>1,"FALTA/DUPLA: DRENAGEM SUPERFICIAL","OK"))) -> OK
A83: 485ETO0040 | B83: C | C83: 19 | D83: 20 | E83: =D83-C83 -> 1 | F83: X | L83: X | N83: =IF(COUNTA(F83:L83)=0,"— não preenchido",IF(COUNTIF(F83:I83,"X")<>1,"FALTA/DUPLA: CONDIÇÃO DA PLATAFORMA",IF(COUNTIF(J83:L83,"X")<>1,"FALTA/DUPLA: DRENAGEM SUPERFICIAL","OK"))) -> OK
A84: 485ETO0040 | B84: C | C84: 20 | D84: 21 | E84: =D84-C84 -> 1 | F84: X | L84: X | N84: =IF(COUNTA(F84:L84)=0,"— não preenchido",IF(COUNTIF(F84:I84,"X")<>1,"FALTA/DUPLA: CONDIÇÃO DA PLATAFORMA",IF(COUNTIF(J84:L84,"X")<>1,"FALTA/DUPLA: DRENAGEM SUPERFICIAL","OK"))) -> OK
A85: 485ETO0040 | B85: C | C85: 21 | D85: 22 | E85: =D85-C85 -> 1 | F85: X | L85: X | N85: =IF(COUNTA(F85:L85)=0,"— não preenchido",IF(COUNTIF(F85:I85,"X")<>1,"FALTA/DUPLA: CONDIÇÃO DA PLATAFORMA",IF(COUNTIF(J85:L85,"X")<>1,"FALTA/DUPLA: DRENAGEM SUPERFICIAL","OK"))) -> OK
A86: 485ETO0040 | B86: C | C86: 22 | D86: 23 | E86: =D86-C86 -> 1 | F86: X | L86: X | N86: =IF(COUNTA(F86:L86)=0,"— não preenchido",IF(COUNTIF(F86:I86,"X")<>1,"FALTA/DUPLA: CONDIÇÃO DA PLATAFORMA",IF(COUNTIF(J86:L86,"X")<>1,"FALTA/DUPLA: DRENAGEM SUPERFICIAL","OK"))) -> OK
A87: 485ETO0040 | B87: C | C87: 23 | D87: 24 | E87: =D87-C87 -> 1 | F87: X | L87: X | N87: =IF(COUNTA(F87:L87)=0,"— não preenchido",IF(COUNTIF(F87:I87,"X")<>1,"FALTA/DUPLA: CONDIÇÃO DA PLATAFORMA",IF(COUNTIF(J87:L87,"X")<>1,"FALTA/DUPLA: DRENAGEM SUPERFICIAL","OK"))) -> OK
A88: 485ETO0040 | B88: C | C88: 24 | D88: 24.00573 | E88: =D88-C88 -> 0.0057300356 | F88: X | L88: X | N88: =IF(COUNTA(F88:L88)=0,"— não preenchido",IF(COUNTIF(F88:I88,"X")<>1,"FALTA/DUPLA: CONDIÇÃO DA PLATAFORMA",IF(COUNTIF(J88:L88,"X")<>1,"FALTA/DUPLA: DRENAGEM SUPERFICIAL","OK"))) -> OK
A89: S.R.E. 485ETO0050 | LIMOEIRO - ENTR. TO-387 (TAIPAS DO TOCANTINS) | LEN · Estadual · 24.704 km · início: -12.30999, -46.847801
A90: 485ETO0050 | B90: C | C90: 0 | D90: 1 | E90: =D90-C90 -> 1 | F90: X | J90: X | N90: =IF(COUNTA(F90:L90)=0,"— não preenchido",IF(COUNTIF(F90:I90,"X")<>1,"FALTA/DUPLA: CONDIÇÃO DA PLATAFORMA",IF(COUNTIF(J90:L90,"X")<>1,"FALTA/DUPLA: DRENAGEM SUPERFICIAL","OK"))) -> OK
A91: 485ETO0050 | B91: C | C91: 1 | D91: 2 | E91: =D91-C91 -> 1 | F91: X | J91: X | N91: =IF(COUNTA(F91:L91)=0,"— não preenchido",IF(COUNTIF(F91:I91,"X")<>1,"FALTA/DUPLA: CONDIÇÃO DA PLATAFORMA",IF(COUNTIF(J91:L91,"X")<>1,"FALTA/DUPLA: DRENAGEM SUPERFICIAL","OK"))) -> OK
A92: 485ETO0050 | B92: C | C92: 2 | D92: 3 | E92: =D92-C92 -> 1 | F92: X | J92: X | N92: =IF(COUNTA(F92:L92)=0,"— não preenchido",IF(COUNTIF(F92:I92,"X")<>1,"FALTA/DUPLA: CONDIÇÃO DA PLATAFORMA",IF(COUNTIF(J92:L92,"X")<>1,"FALTA/DUPLA: DRENAGEM SUPERFICIAL","OK"))) -> OK
A93: 485ETO0050 | B93: C | C93: 3 | D93: 4 | E93: =D93-C93 -> 1 | F93: X | J93: X | N93: =IF(COUNTA(F93:L93)=0,"— não preenchido",IF(COUNTIF(F93:I93,"X")<>1,"FALTA/DUPLA: CONDIÇÃO DA PLATAFORMA",IF(COUNTIF(J93:L93,"X")<>1,"FALTA/DUPLA: DRENAGEM SUPERFICIAL","OK"))) -> OK
A94: 485ETO0050 | B94: C | C94: 4 | D94: 5 | E94: =D94-C94 -> 1 | F94: X | J94: X | N94: =IF(COUNTA(F94:L94)=0,"— não preenchido",IF(COUNTIF(F94:I94,"X")<>1,"FALTA/DUPLA: CONDIÇÃO DA PLATAFORMA",IF(COUNTIF(J94:L94,"X")<>1,"FALTA/DUPLA: DRENAGEM SUPERFICIAL","OK"))) -> OK
A95: 485ETO0050 | B95: C | C95: 5 | D95: 6 | E95: =D95-C95 -> 1 | F95: X | J95: X | N95: =IF(COUNTA(F95:L95)=0,"— não preenchido",IF(COUNTIF(F95:I95,"X")<>1,"FALTA/DUPLA: CONDIÇÃO DA PLATAFORMA",IF(COUNTIF(J95:L95,"X")<>1,"FALTA/DUPLA: DRENAGEM SUPERFICIAL","OK"))) -> OK
A96: 485ETO0050 | B96: C | C96: 6 | D96: 7 | E96: =D96-C96 -> 1 | F96: X | J96: X | N96: =IF(COUNTA(F96:L96)=0,"— não preenchido",IF(COUNTIF(F96:I96,"X")<>1,"FALTA/DUPLA: CONDIÇÃO DA PLATAFORMA",IF(COUNTIF(J96:L96,"X")<>1,"FALTA/DUPLA: DRENAGEM SUPERFICIAL","OK"))) -> OK
A97: 485ETO0050 | B97: C | C97: 7 | D97: 8 | E97: =D97-C97 -> 1 | F97: X | J97: X | N97: =IF(COUNTA(F97:L97)=0,"— não preenchido",IF(COUNTIF(F97:I97,"X")<>1,"FALTA/DUPLA: CONDIÇÃO DA PLATAFORMA",IF(COUNTIF(J97:L97,"X")<>1,"FALTA/DUPLA: DRENAGEM SUPERFICIAL","OK"))) -> OK
A98: 485ETO0050 | B98: C | C98: 8 | D98: 9 | E98: =D98-C98 -> 1 | F98: X | J98: X | N98: =IF(COUNTA(F98:L98)=0,"— não preenchido",IF(COUNTIF(F98:I98,"X")<>1,"FALTA/DUPLA: CONDIÇÃO DA PLATAFORMA",IF(COUNTIF(J98:L98,"X")<>1,"FALTA/DUPLA: DRENAGEM SUPERFICIAL","OK"))) -> OK
A99: 485ETO0050 | B99: C | C99: 9 | D99: 10 | E99: =D99-C99 -> 1 | F99: X | J99: X | N99: =IF(COUNTA(F99:L99)=0,"— não preenchido",IF(COUNTIF(F99:I99,"X")<>1,"FALTA/DUPLA: CONDIÇÃO DA PLATAFORMA",IF(COUNTIF(J99:L99,"X")<>1,"FALTA/DUPLA: DRENAGEM SUPERFICIAL","OK"))) -> OK
A100: 485ETO0050 | B100: C | C100: 10 | D100: 11 | E100: =D100-C100 -> 1 | F100: X | J100: X | N100: =IF(COUNTA(F100:L100)=0,"— não preenchido",IF(COUNTIF(F100:I100,"X")<>1,"FALTA/DUPLA: CONDIÇÃO DA PLATAFORMA",IF(COUNTIF(J100:L100,"X")<>1,"FALTA/DUPLA: DRENAGEM SUPERFICIAL","OK"))) -> OK
A101: 485ETO0050 | B101: C | C101: 11 | D101: 12 | E101: =D101-C101 -> 1 | F101: X | J101: X | N101: =IF(COUNTA(F101:L101)=0,"— não preenchido",IF(COUNTIF(F101:I101,"X")<>1,"FALTA/DUPLA: CONDIÇÃO DA PLATAFORMA",IF(COUNTIF(J101:L101,"X")<>1,"FALTA/DUPLA: DRENAGEM SUPERFICIAL","OK"))) -> OK
... A104: 485ETO0050 | B104: C | C104: 14 | D104: 15 | E104: =D104-C104 -> 1 | F104: X | J104: X | N104: =IF(COUNTA(F104:L104)=0,"— não preenchido",IF(COUNTIF(F104:I104,"X")<>1,"FALTA/DUPLA: CONDIÇÃO DA PLATAFORMA",IF(COUNTIF(J104:L104,"X")<>1,"FALTA/DUPLA: DRENAGEM SUPERFICIAL","OK"))) -> OK
A105: 485ETO0050 | B105: C | C105: 15 | D105: 16 | E105: =D105-C105 -> 1 | F105: X | L105: X | N105: =IF(COUNTA(F105:L105)=0,"— não preenchido",IF(COUNTIF(F105:I105,"X")<>1,"FALTA/DUPLA: CONDIÇÃO DA PLATAFORMA",IF(COUNTIF(J105:L105,"X")<>1,"FALTA/DUPLA: DRENAGEM SUPERFICIAL","OK"))) -> OK
A106: 485ETO0050 | B106: C | C106: 16 | D106: 17 | E106: =D106-C106 -> 1 | F106: X | L106: X | N106: =IF(COUNTA(F106:L106)=0,"— não preenchido",IF(COUNTIF(F106:I106,"X")<>1,"FALTA/DUPLA: CONDIÇÃO DA PLATAFORMA",IF(COUNTIF(J106:L106,"X")<>1,"FALTA/DUPLA: DRENAGEM SUPERFICIAL","OK"))) -> OK
A107: 485ETO0050 | B107: C | C107: 17 | D107: 18 | E107: =D107-C107 -> 1 | F107: X | L107: X | N107: =IF(COUNTA(F107:L107)=0,"— não preenchido",IF(COUNTIF(F107:I107,"X")<>1,"FALTA/DUPLA: CONDIÇÃO DA PLATAFORMA",IF(COUNTIF(J107:L107,"X")<>1,"FALTA/DUPLA: DRENAGEM SUPERFICIAL","OK"))) -> OK
A108: 485ETO0050 | B108: C | C108: 18 | D108: 19 | E108: =D108-C108 -> 1 | F108: X | L108: X | N108: =IF(COUNTA(F108:L108)=0,"— não preenchido",IF(COUNTIF(F108:I108,"X")<>1,"FALTA/DUPLA: CONDIÇÃO DA PLATAFORMA",IF(COUNTIF(J108:L108,"X")<>1,"FALTA/DUPLA: DRENAGEM SUPERFICIAL","OK"))) -> OK
...

Sheet 271
A1: PROGRAMA DE MANUTENÇÃO RODOVIÁRIA — FICHA DE INSPEÇÃO — RODOVIAS NÃO PAVIMENTADAS | P1: Valores dos gráficos — troca 0 por N/D para a fatia não aparecer. Não editar.
A2: REGIÃO: 13 — DIANÓPOLIS | D2: MÊS / ANO: | G2: DATA: | J2: TÉCNICO: | P2: =IF(F36=0,NA(),F36) -> 21 | Q2: =IF(G36=0,NA(),G36) -> #N/A | R2: =IF(H36=0,NA(),H36) -> #N/A | S2: =IF(I36=0,NA(),I36) -> #N/A | T2: =IF(J36=0,NA(),J36) -> #N/A | U2: =IF(K36=0,NA(),K36) -> 14 | V2: =IF(L36=0,NA(),L36) -> 7
A3: TRECHO 271 — RODOVIA TO-487 - TRECHO ENTR. TO-485 (MIMOSA DOS MARINS) - ENTR. BR-242 | K3: EXTENSÃO: 21,622 km · 1 S.R.E.
A4: COMO PREENCHER: uma X em UMA coluna de cada grupo, por linha. Se houver mais de um defeito no mesmo km, marque o PREDOMINANTE e escreva o resto em OBSERVAÇÕES. A quilometragem é contada de 0 até o fim de CADA S.R.E. (não é o marco da rodovia).
A6: S.R.E. | B6: SENT. | C6: INÍCIO (KM) | D6: FIM (KM) | E6: EXT. (KM) | F6: CONDIÇÃO DA PLATAFORMA | J6: DRENAGEM SUPERFICIAL | M6: OBSERVAÇÕES | N6: CONFERÊNCIA (só na tela)
F7: BOM | G7: REGULAR | H7: RUIM | I7: PÉSSIMA | J7: LIMPA | K7: OBSTRUÍDA | L7: AUSENTE
A8: S.R.E. 487ETO0010 | ENTR. TO 485 (MIMOSA) - ENTR. BR-242 | LEN · Estadual · 21.622 km · início: -12.376424, -46.543226
A9: 487ETO0010 | B9: C | C9: 0 | D9: 1 | E9: =D9-C9 -> 1 | F9: X | K9: X | N9: =IF(COUNTA(F9:L9)=0,"— não preenchido",IF(COUNTIF(F9:I9,"X")<>1,"FALTA/DUPLA: CONDIÇÃO DA PLATAFORMA",IF(COUNTIF(J9:L9,"X")<>1,"FALTA/DUPLA: DRENAGEM SUPERFICIAL","OK"))) -> OK
A10: 487ETO0010 | B10: C | C10: 1 | D10: 2 | E10: =D10-C10 -> 1 | F10: X | K10: X | N10: =IF(COUNTA(F10:L10)=0,"— não preenchido",IF(COUNTIF(F10:I10,"X")<>1,"FALTA/DUPLA: CONDIÇÃO DA PLATAFORMA",IF(COUNTIF(J10:L10,"X")<>1,"FALTA/DUPLA: DRENAGEM SUPERFICIAL","OK"))) -> OK
A11: 487ETO0010 | B11: C | C11: 2 | D11: 3 | E11: =D11-C11 -> 1 | F11: X | K11: X | N11: =IF(COUNTA(F11:L11)=0,"— não preenchido",IF(COUNTIF(F11:I11,"X")<>1,"FALTA/DUPLA: CONDIÇÃO DA PLATAFORMA",IF(COUNTIF(J11:L11,"X")<>1,"FALTA/DUPLA: DRENAGEM SUPERFICIAL","OK"))) -> OK
A12: 487ETO0010 | B12: C | C12: 3 | D12: 4 | E12: =D12-C12 -> 1 | F12: X | K12: X | N12: =IF(COUNTA(F12:L12)=0,"— não preenchido",IF(COUNTIF(F12:I12,"X")<>1,"FALTA/DUPLA: CONDIÇÃO DA PLATAFORMA",IF(COUNTIF(J12:L12,"X")<>1,"FALTA/DUPLA: DRENAGEM SUPERFICIAL","OK"))) -> OK
A13: 487ETO0010 | B13: C | C13: 4 | D13: 5 | E13: =D13-C13 -> 1 | F13: X | K13: X | N13: =IF(COUNTA(F13:L13)=0,"— não preenchido",IF(COUNTIF(F13:I13,"X")<>1,"FALTA/DUPLA: CONDIÇÃO DA PLATAFORMA",IF(COUNTIF(J13:L13,"X")<>1,"FALTA/DUPLA: DRENAGEM SUPERFICIAL","OK"))) -> OK
A14: 487ETO0010 | B14: C | C14: 5 | D14: 6 | E14: =D14-C14 -> 1 | F14: X | K14: X | N14: =IF(COUNTA(F14:L14)=0,"— não preenchido",IF(COUNTIF(F14:I14,"X")<>1,"FALTA/DUPLA: CONDIÇÃO DA PLATAFORMA",IF(COUNTIF(J14:L14,"X")<>1,"FALTA/DUPLA: DRENAGEM SUPERFICIAL","OK"))) -> OK
A15: 487ETO0010 | B15: C | C15: 6 | D15: 7 | E15: =D15-C15 -> 1 | F15: X | K15: X | N15: =IF(COUNTA(F15:L15)=0,"— não preenchido",IF(COUNTIF(F15:I15,"X")<>1,"FALTA/DUPLA: CONDIÇÃO DA PLATAFORMA",IF(COUNTIF(J15:L15,"X")<>1,"FALTA/DUPLA: DRENAGEM SUPERFICIAL","OK"))) -> OK
A16: 487ETO0010 | B16: C | C16: 7 | D16: 8 | E16: =D16-C16 -> 1 | F16: X | K16: X | N16: =IF(COUNTA(F16:L16)=0,"— não preenchido",IF(COUNTIF(F16:I16,"X")<>1,"FALTA/DUPLA: CONDIÇÃO DA PLATAFORMA",IF(COUNTIF(J16:L16,"X")<>1,"FALTA/DUPLA: DRENAGEM SUPERFICIAL","OK"))) -> OK
A17: 487ETO0010 | B17: C | C17: 8 | D17: 9 | E17: =D17-C17 -> 1 | F17: X | K17: X | N17: =IF(COUNTA(F17:L17)=0,"— não preenchido",IF(COUNTIF(F17:I17,"X")<>1,"FALTA/DUPLA: CONDIÇÃO DA PLATAFORMA",IF(COUNTIF(J17:L17,"X")<>1,"FALTA/DUPLA: DRENAGEM SUPERFICIAL","OK"))) -> OK
A18: 487ETO0010 | B18: C | C18: 9 | D18: 10 | E18: =D18-C18 -> 1 | F18: X | K18: X | N18: =IF(COUNTA(F18:L18)=0,"— não preenchido",IF(COUNTIF(F18:I18,"X")<>1,"FALTA/DUPLA: CONDIÇÃO DA PLATAFORMA",IF(COUNTIF(J18:L18,"X")<>1,"FALTA/DUPLA: DRENAGEM SUPERFICIAL","OK"))) -> OK
A19: 487ETO0010 | B19: C | C19: 10 | D19: 11 | E19: =D19-C19 -> 1 | F19: X | K19: X | N19: =IF(COUNTA(F19:L19)=0,"— não preenchido",IF(COUNTIF(F19:I19,"X")<>1,"FALTA/DUPLA: CONDIÇÃO DA PLATAFORMA",IF(COUNTIF(J19:L19,"X")<>1,"FALTA/DUPLA: DRENAGEM SUPERFICIAL","OK"))) -> OK
A20: 487ETO0010 | B20: C | C20: 11 | D20: 12 | E20: =D20-C20 -> 1 | F20: X | K20: X | N20: =IF(COUNTA(F20:L20)=0,"— não preenchido",IF(COUNTIF(F20:I20,"X")<>1,"FALTA/DUPLA: CONDIÇÃO DA PLATAFORMA",IF(COUNTIF(J20:L20,"X")<>1,"FALTA/DUPLA: DRENAGEM SUPERFICIAL","OK"))) -> OK
A21: 487ETO0010 | B21: C | C21: 12 | D21: 13 | E21: =D21-C21 -> 1 | F21: X | L21: X | N21: =IF(COUNTA(F21:L21)=0,"— não preenchido",IF(COUNTIF(F21:I21,"X")<>1,"FALTA/DUPLA: CONDIÇÃO DA PLATAFORMA",IF(COUNTIF(J21:L21,"X")<>1,"FALTA/DUPLA: DRENAGEM SUPERFICIAL","OK"))) -> OK
A22: 487ETO0010 | B22: C | C22: 13 | D22: 14 | E22: =D22-C22 -> 1 | F22: X | L22: X | N22: =IF(COUNTA(F22:L22)=0,"— não preenchido",IF(COUNTIF(F22:I22,"X")<>1,"FALTA/DUPLA: CONDIÇÃO DA PLATAFORMA",IF(COUNTIF(J22:L22,"X")<>1,"FALTA/DUPLA: DRENAGEM SUPERFICIAL","OK"))) -> OK
A23: 487ETO0010 | B23: C | C23: 14 | D23: 15 | E23: =D23-C23 -> 1 | F23: X | L23: X | N23: =IF(COUNTA(F23:L23)=0,"— não preenchido",IF(COUNTIF(F23:I23,"X")<>1,"FALTA/DUPLA: CONDIÇÃO DA PLATAFORMA",IF(COUNTIF(J23:L23,"X")<>1,"FALTA/DUPLA: DRENAGEM SUPERFICIAL","OK"))) -> OK
A24: 487ETO0010 | B24: C | C24: 15 | D24: 16 | E24: =D24-C24 -> 1 | F24: X | L24: X | N24: =IF(COUNTA(F24:L24)=0,"— não preenchido",IF(COUNTIF(F24:I24,"X")<>1,"FALTA/DUPLA: CONDIÇÃO DA PLATAFORMA",IF(COUNTIF(J24:L24,"X")<>1,"FALTA/DUPLA: DRENAGEM SUPERFICIAL","OK"))) -> OK
A25: 487ETO0010 | B25: C | C25: 16 | D25: 17 | E25: =D25-C25 -> 1 | F25: X | L25: X | N25: =IF(COUNTA(F25:L25)=0,"— não preenchido",IF(COUNTIF(F25:I25,"X")<>1,"FALTA/DUPLA: CONDIÇÃO DA PLATAFORMA",IF(COUNTIF(J25:L25,"X")<>1,"FALTA/DUPLA: DRENAGEM SUPERFICIAL","OK"))) -> OK
A26: 487ETO0010 | B26: C | C26: 17 | D26: 18 | E26: =D26-C26 -> 1 | F26: X | L26: X | N26: =IF(COUNTA(F26:L26)=0,"— não preenchido",IF(COUNTIF(F26:I26,"X")<>1,"FALTA/DUPLA: CONDIÇÃO DA PLATAFORMA",IF(COUNTIF(J26:L26,"X")<>1,"FALTA/DUPLA: DRENAGEM SUPERFICIAL","OK"))) -> OK
A27: 487ETO0010 | B27: C | C27: 18 | D27: 19 | E27: =D27-C27 -> 1 | F27: X | L27: X | N27: =IF(COUNTA(F27:L27)=0,"— não preenchido",IF(COUNTIF(F27:I27,"X")<>1,"FALTA/DUPLA: CONDIÇÃO DA PLATAFORMA",IF(COUNTIF(J27:L27,"X")<>1,"FALTA/DUPLA: DRENAGEM SUPERFICIAL","OK"))) -> OK
A28: 487ETO0010 | B28: C | C28: 19 | D28: 20 | E28: =D28-C28 -> 1 | F28: X | K28: X | N28: =IF(COUNTA(F28:L28)=0,"— não preenchido",IF(COUNTIF(F28:I28,"X")<>1,"FALTA/DUPLA: CONDIÇÃO DA PLATAFORMA",IF(COUNTIF(J28:L28,"X")<>1,"FALTA/DUPLA: DRENAGEM SUPERFICIAL","OK"))) -> OK
A29: 487ETO0010 | B29: C | C29: 20 | D29: 21 | E29: =D29-C29 -> 1 | F29: X | K29: X | N29: =IF(COUNTA(F29:L29)=0,"— não preenchido",IF(COUNTIF(F29:I29,"X")<>1,"FALTA/DUPLA: CONDIÇÃO DA PLATAFORMA",IF(COUNTIF(J29:L29,"X")<>1,"FALTA/DUPLA: DRENAGEM SUPERFICIAL","OK"))) -> OK
A30: 487ETO0010 | B30: C | C30: 21 | D30: 21.62153 | E30: =D30-C30 -> 0.62153042 | N30: =IF(COUNTA(F30:L30)=0,"— não preenchido",IF(COUNTIF(F30:I30,"X")<>1,"FALTA/DUPLA: CONDIÇÃO DA PLATAFORMA",IF(COUNTIF(J30:L30,"X")<>1,"FALTA/DUPLA: DRENAGEM SUPERFICIAL","OK"))) -> — não preenchido
A32: ____________________________________________ | G32: ____________________________________________
A33: TÉCNICO RESPONSÁVEL PELA INSPEÇÃO | G33: VISTO DA SUPERVISÃO
A35: RESUMO DO TRECHO — KM LANÇADO POR ITEM
A36: KM LANÇADO | F36: =SUMIF(F$9:F$30,"X",$E$9:$E$30) -> 21 | G36: =SUMIF(G$9:G$30,"X",$E$9:$E$30) -> 0 | H36: =SUMIF(H$9:H$30,"X",$E$9:$E$30) -> 0 | I36: =SUMIF(I$9:I$30,"X",$E$9:$E$30) -> 0 | J36: =SUMIF(J$9:J$30,"X",$E$9:$E$30) -> 0 | K36: =SUMIF(K$9:K$30,"X",$E$9:$E$30) -> 14 | L36: =SUMIF(L$9:L$30,"X",$E$9:$E$30) -> 7
A37: % DA EXTENSÃO | F37: =IF($I39=0,0,F36/$I39) -> 0.9712541 | G37: =IF($I39=0,0,G36/$I39) -> 0 | H37: =IF($I39=0,0,H36/$I39) -> 0 | I37: =IF($I39=0,0,I36/$I39) -> 0 | J37: =IF($I39=0,0,J36/$I39) -> 0 | K37: =IF($I39=0,0,K36/$I39) -> 0.64750273 | L37: =IF($I39=0,0,L36/$I39) -> 0.32375137
A38: CONFERÊNCIA POR GRUPO | F38: =IF(SUM(F36:I36)=0,"— não preenchido",IF(ROUND(SUM(F36:I36)-$I39,3)=0,"OK — "&ROUND(SUM(F36:I36),3)&" km","ERRO — dif. de "&ROUND(SUM(F36:I36)-$I39,3)&" km")) -> ERRO — dif. de -0,622 km | J38: =IF(SUM(J36:L36)=0,"— não preenchido",IF(ROUND(SUM(J36:L36)-$I39,3)=0,"OK — "&ROUND(SUM(J36:L36),3)&" km","ERRO — dif. de "&ROUND(SUM(J36:L36)-$I39,3)&" km")) -> ERRO — dif. de -0,622 km
A39: EXTENSÃO TOTAL DO TRECHO | I39: =SUM(E9:E30) -> 21.62153 | M39: =COUNTIF(N9:N30,"OK")&" de "&COUNT($E$9:$E$30)&" linhas conferidas" -> 21 de 22 linhas conferidas
A41: LEGENDA
A42: REGULAR | E42: Até 10 irregularidades por km
A43: RUIM | E43: Mais de 10 irregularidades por km
A44: PÉSSIMA | E44: Atoleiro ou ponto crítico
A45: SIT. | E45: LEN = leito natural · EOP = em obras de pavimentação
A46: FAIXA AZUL | E46: Cabeçalho de cada S.R.E.: descrição, situação, jurisdição, extensão e coordenada de início.
A47: INÍCIO / FIM (KM) | E47: Contados de 0 até o fim de CADA S.R.E. Não é o marco quilométrico da rodovia.
A48: SENT. | E48: C = crescente · D = decrescente
A49: FAIXA CINZA | E49: Segmento fora do escopo do contrato: você passa por ele, mas não preenche.
A50: CÉLULA VERMELHA | E50: Mais de uma X no mesmo grupo. Apague uma delas.
A51: CONFERÊNCIA | E51: Só na tela, não sai impresso. Fica OK com uma X em cada grupo.

Sheet 272
A1: PROGRAMA DE MANUTENÇÃO RODOVIÁRIA — FICHA DE INSPEÇÃO — RODOVIAS NÃO PAVIMENTADAS | P1: Valores dos gráficos — troca 0 por N/D para a fatia não aparecer. Não editar.
A2: REGIÃO: 13 — DIANÓPOLIS | D2: MÊS / ANO: | G2: DATA: | J2: TÉCNICO: | P2: =IF(F95=0,NA(),F95) -> 75.786951 | Q2: =IF(G95=0,NA(),G95) -> #N/A | R2: =IF(H95=0,NA(),H95) -> #N/A | S2: =IF(I95=0,NA(),I95) -> #N/A | T2: =IF(J95=0,NA(),J95) -> 25.938632 | U2: =IF(K95=0,NA(),K95) -> #N/A | V2: =IF(L95=0,NA(),L95) -> 49.848319
A3: TRECHO 272 — RODOVIA TO-497 - TRECHO ENTR. BR-242 - ENTR. TO-296 (POVOADO JACARÉ) | K3: EXTENSÃO: 75,787 km · 4 S.R.E.
A4: COMO PREENCHER: uma X em UMA coluna de cada grupo, por linha. Se houver mais de um defeito no mesmo km, marque o PREDOMINANTE e escreva o resto em OBSERVAÇÕES. A quilometragem é contada de 0 até o fim de CADA S.R.E. (não é o marco da rodovia).
A6: S.R.E. | B6: SENT. | C6: INÍCIO (KM) | D6: FIM (KM) | E6: EXT. (KM) | F6: CONDIÇÃO DA PLATAFORMA | J6: DRENAGEM SUPERFICIAL | M6: OBSERVAÇÕES | N6: CONFERÊNCIA (só na tela)
F7: BOM | G7: REGULAR | H7: RUIM | I7: PÉSSIMA | J7: LIMPA | K7: OBSTRUÍDA | L7: AUSENTE
A8: S.R.E. 497ETO0010 | ENTR. BR-242 (TAGUATINGA) - MIMOSA | LEN · Estadual · 15.939 km · início: -12.425769, -46.471445
A9: 497ETO0010 | B9: C | C9: 0 | D9: 1 | E9: =D9-C9 -> 1 | F9: X | J9: X | M9: * (15,94 Km) 03 FOTOS | N9: =IF(COUNTA(F9:L9)=0,"— não preenchido",IF(COUNTIF(F9:I9,"X")<>1,"FALTA/DUPLA: CONDIÇÃO DA PLATAFORMA",IF(COUNTIF(J9:L9,"X")<>1,"FALTA/DUPLA: DRENAGEM SUPERFICIAL","OK"))) -> OK
A10: 497ETO0010 | B10: C | C10: 1 | D10: 2 | E10: =D10-C10 -> 1 | F10: X | J10: X | M10: 02 FOTOS | N10: =IF(COUNTA(F10:L10)=0,"— não preenchido",IF(COUNTIF(F10:I10,"X")<>1,"FALTA/DUPLA: CONDIÇÃO DA PLATAFORMA",IF(COUNTIF(J10:L10,"X")<>1,"FALTA/DUPLA: DRENAGEM SUPERFICIAL","OK"))) -> OK
A11: 497ETO0010 | B11: C | C11: 2 | D11: 3 | E11: =D11-C11 -> 1 | F11: X | J11: X | M11: PONTO BAIXO - POSSÍVEL ATOLEIRO - 02 FOTOS | N11: =IF(COUNTA(F11:L11)=0,"— não preenchido",IF(COUNTIF(F11:I11,"X")<>1,"FALTA/DUPLA: CONDIÇÃO DA PLATAFORMA",IF(COUNTIF(J11:L11,"X")<>1,"FALTA/DUPLA: DRENAGEM SUPERFICIAL","OK"))) -> OK
A12: 497ETO0010 | B12: C | C12: 3 | D12: 4 | E12: =D12-C12 -> 1 | F12: X | J12: X | M12: PREFEITURA TRABALHANDO NO LOCAL - 07 FOTOS | N12: =IF(COUNTA(F12:L12)=0,"— não preenchido",IF(COUNTIF(F12:I12,"X")<>1,"FALTA/DUPLA: CONDIÇÃO DA PLATAFORMA",IF(COUNTIF(J12:L12,"X")<>1,"FALTA/DUPLA: DRENAGEM SUPERFICIAL","OK"))) -> OK
A13: 497ETO0010 | B13: C | C13: 4 | D13: 5 | E13: =D13-C13 -> 1 | F13: X | J13: X | M13: PREFEITURA TRABALHANDO NO LOCAL - 07 FOTOS | N13: =IF(COUNTA(F13:L13)=0,"— não preenchido",IF(COUNTIF(F13:I13,"X")<>1,"FALTA/DUPLA: CONDIÇÃO DA PLATAFORMA",IF(COUNTIF(J13:L13,"X")<>1,"FALTA/DUPLA: DRENAGEM SUPERFICIAL","OK"))) -> OK
A14: 497ETO0010 | B14: C | C14: 5 | D14: 6 | E14: =D14-C14 -> 1 | F14: X | J14: X | M14: PREFEITURA TRABALHANDO NO LOCAL - 07 FOTOS | N14: =IF(COUNTA(F14:L14)=0,"— não preenchido",IF(COUNTIF(F14:I14,"X")<>1,"FALTA/DUPLA: CONDIÇÃO DA PLATAFORMA",IF(COUNTIF(J14:L14,"X")<>1,"FALTA/DUPLA: DRENAGEM SUPERFICIAL","OK"))) -> OK
A15: 497ETO0010 | B15: C | C15: 6 | D15: 7 | E15: =D15-C15 -> 1 | F15: X | J15: X | M15: PREFEITURA TRABALHOU NO LOCAL - 09 FOTOS | N15: =IF(COUNTA(F15:L15)=0,"— não preenchido",IF(COUNTIF(F15:I15,"X")<>1,"FALTA/DUPLA: CONDIÇÃO DA PLATAFORMA",IF(COUNTIF(J15:L15,"X")<>1,"FALTA/DUPLA: DRENAGEM SUPERFICIAL","OK"))) -> OK
A16: 497ETO0010 | B16: C | C16: 7 | D16: 8 | E16: =D16-C16 -> 1 | F16: X | J16: X | M16: PREFEITURA TRABALHOU NO LOCAL - 09 FOTOS | N16: =IF(COUNTA(F16:L16)=0,"— não preenchido",IF(COUNTIF(F16:I16,"X")<>1,"FALTA/DUPLA: CONDIÇÃO DA PLATAFORMA",IF(COUNTIF(J16:L16,"X")<>1,"FALTA/DUPLA: DRENAGEM SUPERFICIAL","OK"))) -> OK
A17: 497ETO0010 | B17: C | C17: 8 | D17: 9 | E17: =D17-C17 -> 1 | F17: X | J17: X | M17: PREFEITURA TRABALHOU NO LOCAL - 09 FOTOS | N17: =IF(COUNTA(F17:L17)=0,"— não preenchido",IF(COUNTIF(F17:I17,"X")<>1,"FALTA/DUPLA: CONDIÇÃO DA PLATAFORMA",IF(COUNTIF(J17:L17,"X")<>1,"FALTA/DUPLA: DRENAGEM SUPERFICIAL","OK"))) -> OK
A18: 497ETO0010 | B18: C | C18: 9 | D18: 10 | E18: =D18-C18 -> 1 | F18: X | J18: X | M18: PREFEITURA TRABALHOU NO LOCAL - 09 FOTOS | N18: =IF(COUNTA(F18:L18)=0,"— não preenchido",IF(COUNTIF(F18:I18,"X")<>1,"FALTA/DUPLA: CONDIÇÃO DA PLATAFORMA",IF(COUNTIF(J18:L18,"X")<>1,"FALTA/DUPLA: DRENAGEM SUPERFICIAL","OK"))) -> OK
A19: 497ETO0010 | B19: C | C19: 10 | D19: 11 | E19: =D19-C19 -> 1 | F19: X | J19: X | M19: PREFEITURA TRABALHOU NO LOCAL - 09 FOTOS | N19: =IF(COUNTA(F19:L19)=0,"— não preenchido",IF(COUNTIF(F19:I19,"X")<>1,"FALTA/DUPLA: CONDIÇÃO DA PLATAFORMA",IF(COUNTIF(J19:L19,"X")<>1,"FALTA/DUPLA: DRENAGEM SUPERFICIAL","OK"))) -> OK
A20: 497ETO0010 | B20: C | C20: 11 | D20: 12 | E20: =D20-C20 -> 1 | F20: X | J20: X | M20: PREFEITURA TRABALHOU NO LOCAL - 09 FOTOS | N20: =IF(COUNTA(F20:L20)=0,"— não preenchido",IF(COUNTIF(F20:I20,"X")<>1,"FALTA/DUPLA: CONDIÇÃO DA PLATAFORMA",IF(COUNTIF(J20:L20,"X")<>1,"FALTA/DUPLA: DRENAGEM SUPERFICIAL","OK"))) -> OK
... A24: 497ETO0010 | B24: C | C24: 15 | D24: 15.938632 | E24: =D24-C24 -> 0.93863247 | F24: X | J24: X | M24: PREFEITURA TRABALHOU NO LOCAL - 09 FOTOS | N24: =IF(COUNTA(F24:L24)=0,"— não preenchido",IF(COUNTIF(F24:I24,"X")<>1,"FALTA/DUPLA: CONDIÇÃO DA PLATAFORMA",IF(COUNTIF(J24:L24,"X")<>1,"FALTA/DUPLA: DRENAGEM SUPERFICIAL","OK"))) -> OK
A25: S.R.E. 497ETO0020 | MIMOSA - DEPASA | LEN · Estadual · 27.240 km · início: -12.469229, -46.569347
A26: 497ETO0020 | B26: C | C26: 0 | D26: 1 | E26: =D26-C26 -> 1 | F26: X | J26: X | M26: * (27,24 Km) TRECHO BASTANTE ESTREITO - 04 FOTOS | N26: =IF(COUNTA(F26:L26)=0,"— não preenchido",IF(COUNTIF(F26:I26,"X")<>1,"FALTA/DUPLA: CONDIÇÃO DA PLATAFORMA",IF(COUNTIF(J26:L26,"X")<>1,"FALTA/DUPLA: DRENAGEM SUPERFICIAL","OK"))) -> OK
A27: 497ETO0020 | B27: C | C27: 1 | D27: 2 | E27: =D27-C27 -> 1 | F27: X | J27: X | M27: * (27,24 Km) TRECHO BASTANTE ESTREITO - 04 FOTOS | N27: =IF(COUNTA(F27:L27)=0,"— não preenchido",IF(COUNTIF(F27:I27,"X")<>1,"FALTA/DUPLA: CONDIÇÃO DA PLATAFORMA",IF(COUNTIF(J27:L27,"X")<>1,"FALTA/DUPLA: DRENAGEM SUPERFICIAL","OK"))) -> OK
A28: 497ETO0020 | B28: C | C28: 2 | D28: 3 | E28: =D28-C28 -> 1 | F28: X | J28: X | M28: * (27,24 Km) TRECHO BASTANTE ESTREITO - 04 FOTOS | N28: =IF(COUNTA(F28:L28)=0,"— não preenchido",IF(COUNTIF(F28:I28,"X")<>1,"FALTA/DUPLA: CONDIÇÃO DA PLATAFORMA",IF(COUNTIF(J28:L28,"X")<>1,"FALTA/DUPLA: DRENAGEM SUPERFICIAL","OK"))) -> OK
A29: 497ETO0020 | B29: C | C29: 3 | D29: 4 | E29: =D29-C29 -> 1 | F29: X | J29: X | M29: * (27,24 Km) TRECHO BASTANTE ESTREITO - 04 FOTOS | N29: =IF(COUNTA(F29:L29)=0,"— não preenchido",IF(COUNTIF(F29:I29,"X")<>1,"FALTA/DUPLA: CONDIÇÃO DA PLATAFORMA",IF(COUNTIF(J29:L29,"X")<>1,"FALTA/DUPLA: DRENAGEM SUPERFICIAL","OK"))) -> OK
A30: 497ETO0020 | B30: C | C30: 4 | D30: 5 | E30: =D30-C30 -> 1 | F30: X | J30: X | M30: TRECHO CRÍTICO - 01 FOTO | N30: =IF(COUNTA(F30:L30)=0,"— não preenchido",IF(COUNTIF(F30:I30,"X")<>1,"FALTA/DUPLA: CONDIÇÃO DA PLATAFORMA",IF(COUNTIF(J30:L30,"X")<>1,"FALTA/DUPLA: DRENAGEM SUPERFICIAL","OK"))) -> OK
A31: 497ETO0020 | B31: C | C31: 5 | D31: 6 | E31: =D31-C31 -> 1 | F31: X | J31: X | M31: TRECHO CRÍTICO, LOCAL COM BASTANTE AREIA NA PISTA - 02 FOTOS | N31: =IF(COUNTA(F31:L31)=0,"— não preenchido",IF(COUNTIF(F31:I31,"X")<>1,"FALTA/DUPLA: CONDIÇÃO DA PLATAFORMA",IF(COUNTIF(J31:L31,"X")<>1,"FALTA/DUPLA: DRENAGEM SUPERFICIAL","OK"))) -> OK
A32: 497ETO0020 | B32: C | C32: 6 | D32: 7 | E32: =D32-C32 -> 1 | F32: X | J32: X | M32: TRECHO CRÍTICO, LOCAL COM BASTANTE AREIA NA PISTA - 01 FOTO | N32: =IF(COUNTA(F32:L32)=0,"— não preenchido",IF(COUNTIF(F32:I32,"X")<>1,"FALTA/DUPLA: CONDIÇÃO DA PLATAFORMA",IF(COUNTIF(J32:L32,"X")<>1,"FALTA/DUPLA: DRENAGEM SUPERFICIAL","OK"))) -> OK
A33: 497ETO0020 | B33: C | C33: 7 | D33: 8 | E33: =D33-C33 -> 1 | F33: X | J33: X | M33: TRECHO CRÍTICO, LOCAL COM BASTANTE AREIA NA PISTA - 01 FOTO | N33: =IF(COUNTA(F33:L33)=0,"— não preenchido",IF(COUNTIF(F33:I33,"X")<>1,"FALTA/DUPLA: CONDIÇÃO DA PLATAFORMA",IF(COUNTIF(J33:L33,"X")<>1,"FALTA/DUPLA: DRENAGEM SUPERFICIAL","OK"))) -> OK
A34: 497ETO0020 | B34: C | C34: 8 | D34: 9 | E34: =D34-C34 -> 1 | F34: X | J34: X | N34: =IF(COUNTA(F34:L34)=0,"— não preenchido",IF(COUNTIF(F34:I34,"X")<>1,"FALTA/DUPLA: CONDIÇÃO DA PLATAFORMA",IF(COUNTIF(J34:L34,"X")<>1,"FALTA/DUPLA: DRENAGEM SUPERFICIAL","OK"))) -> OK
A35: 497ETO0020 | B35: C | C35: 9 | D35: 10 | E35: =D35-C35 -> 1 | F35: X | J35: X | N35: =IF(COUNTA(F35:L35)=0,"— não preenchido",IF(COUNTIF(F35:I35,"X")<>1,"FALTA/DUPLA: CONDIÇÃO DA PLATAFORMA",IF(COUNTIF(J35:L35,"X")<>1,"FALTA/DUPLA: DRENAGEM SUPERFICIAL","OK"))) -> OK
A36: 497ETO0020 | B36: C | C36: 10 | D36: 11 | E36: =D36-C36 -> 1 | F36: X | L36: X | M36: TRECHO CRÍTICO, LOCAL COM BASTANTE AREIA, SOB INTERVENÇÃO/PREFEITURA - 04 FOTOS | N36: =IF(COUNTA(F36:L36)=0,"— não preenchido",IF(COUNTIF(F36:I36,"X")<>1,"FALTA/DUPLA: CONDIÇÃO DA PLATAFORMA",IF(COUNTIF(J36:L36,"X")<>1,"FALTA/DUPLA: DRENAGEM SUPERFICIAL","OK"))) -> OK
A37: 497ETO0020 | B37: C | C37: 11 | D37: 12 | E37: =D37-C37 -> 1 | F37: X | L37: X | M37: TRECHO CRÍTICO, LOCAL COM BASTANTE AREIA, SOB INTERVENÇÃO/PREFEITURA - 04 FOTOS | N37: =IF(COUNTA(F37:L37)=0,"— não preenchido",IF(COUNTIF(F37:I37,"X")<>1,"FALTA/DUPLA: CONDIÇÃO DA PLATAFORMA",IF(COUNTIF(J37:L37,"X")<>1,"FALTA/DUPLA: DRENAGEM SUPERFICIAL","OK"))) -> OK
A38: 497ETO0020 | B38: C | C38: 12 | D38: 13 | E38: =D38-C38 -> 1 | F38: X | L38: X | M38: TRECHO CRÍTICO, LOCAL COM BASTANTE AREIA, SOB INTERVENÇÃO/PREFEITURA - 04 FOTOS | N38: =IF(COUNTA(F38:L38)=0,"— não preenchido",IF(COUNTIF(F38:I38,"X")<>1,"FALTA/DUPLA: CONDIÇÃO DA PLATAFORMA",IF(COUNTIF(J38:L38,"X")<>1,"FALTA/DUPLA: DRENAGEM SUPERFICIAL","OK"))) -> OK
A39: 497ETO0020 | B39: C | C39: 13 | D39: 14 | E39: =D39-C39 -> 1 | F39: X | L39: X | M39: TRECHO CRÍTICO, LOCAL COM BASTANTE AREIA, SOB INTERVENÇÃO/PREFEITURA - 04 FOTOS | N39: =IF(COUNTA(F39:L39)=0,"— não preenchido",IF(COUNTIF(F39:I39,"X")<>1,"FALTA/DUPLA: CONDIÇÃO DA PLATAFORMA",IF(COUNTIF(J39:L39,"X")<>1,"FALTA/DUPLA: DRENAGEM SUPERFICIAL","OK"))) -> OK
A40: 497ETO0020 | B40: C | C40: 14 | D40: 15 | E40: =D40-C40 -> 1 | F40: X | L40: X | M40: TRECHO CRÍTICO, LOCAL COM BASTANTE AREIA, SOB INTERVENÇÃO/PREFEITURA - 04 FOTOS | N40: =IF(COUNTA(F40:L40)=0,"— não preenchido",IF(COUNTIF(F40:I40,"X")<>1,"FALTA/DUPLA: CONDIÇÃO DA PLATAFORMA",IF(COUNTIF(J40:L40,"X")<>1,"FALTA/DUPLA: DRENAGEM SUPERFICIAL","OK"))) -> OK
A41: 497ETO0020 | B41: C | C41: 15 | D41: 16 | E41: =D41-C41 -> 1 | F41: X | L41: X | M41: TRECHO CRÍTICO, LOCAL COM BASTANTE AREIA, SOB INTERVENÇÃO/PREFEITURA - 04 FOTOS | N41: =IF(COUNTA(F41:L41)=0,"— não preenchido",IF(COUNTIF(F41:I41,"X")<>1,"FALTA/DUPLA: CONDIÇÃO DA PLATAFORMA",IF(COUNTIF(J41:L41,"X")<>1,"FALTA/DUPLA: DRENAGEM SUPERFICIAL","OK"))) -> OK
A42: 497ETO0020 | B42: C | C42: 16 | D42: 17 | E42: =D42-C42 -> 1 | F42: X | L42: X | M42: TRECHO CRÍTICO, LOCAL COM BASTANTE AREIA, SOB INTERVENÇÃO/PREFEITURA - 04 FOTOS | N42: =IF(COUNTA(F42:L42)=0,"— não preenchido",IF(COUNTIF(F42:I42,"X")<>1,"FALTA/DUPLA: CONDIÇÃO DA PLATAFORMA",IF(COUNTIF(J42:L42,"X")<>1,"FALTA/DUPLA: DRENAGEM SUPERFICIAL","OK"))) -> OK
A43: 497ETO0020 | B43: C | C43: 17 | D43: 18 | E43: =D43-C43 -> 1 | F43: X | L43: X | M43: PONTO CRÍTICO SENDO ATACADO - 02 FOTOS | N43: =IF(COUNTA(F43:L43)=0,"— não preenchido",IF(COUNTIF(F43:I43,"X")<>1,"FALTA/DUPLA: CONDIÇÃO DA PLATAFORMA",IF(COUNTIF(J43:L43,"X")<>1,"FALTA/DUPLA: DRENAGEM SUPERFICIAL","OK"))) -> OK
A44: 497ETO0020 | B44: C | C44: 18 | D44: 19 | E44: =D44-C44 -> 1 | F44: X | L44: X | M44: PONTO CRÍTICO SENDO ATACADO - 02 FOTOS | N44: =IF(COUNTA(F44:L44)=0,"— não preenchido",IF(COUNTIF(F44:I44,"X")<>1,"FALTA/DUPLA: CONDIÇÃO DA PLATAFORMA",IF(COUNTIF(J44:L44,"X")<>1,"FALTA/DUPLA: DRENAGEM SUPERFICIAL","OK"))) -> OK
A45: 497ETO0020 | B45: C | C45: 19 | D45: 20 | E45: =D45-C45 -> 1 | F45: X | L45: X | M45: PONTO CRÍTICO SENDO ATACADO - 01 FOTO | N45: =IF(COUNTA(F45:L45)=0,"— não preenchido",IF(COUNTIF(F45:I45,"X")<>1,"FALTA/DUPLA: CONDIÇÃO DA PLATAFORMA",IF(COUNTIF(J45:L45,"X")<>1,"FALTA/DUPLA: DRENAGEM SUPERFICIAL","OK"))) -> OK
A46: 497ETO0020 | B46: C | C46: 20 | D46: 21 | E46: =D46-C46 -> 1 | F46: X | L46: X | M46: TRECHO CRÍTICO, LOCAL COM BASTANTE AREIA NA PISTA - 04 FOTOS | N46: =IF(COUNTA(F46:L46)=0,"— não preenchido",IF(COUNTIF(F46:I46,"X")<>1,"FALTA/DUPLA: CONDIÇÃO DA PLATAFORMA",IF(COUNTIF(J46:L46,"X")<>1,"FALTA/DUPLA: DRENAGEM SUPERFICIAL","OK"))) -> OK
A47: 497ETO0020 | B47: C | C47: 21 | D47: 22 | E47: =D47-C47 -> 1 | F47: X | L47: X | M47: TRECHO CRÍTICO, LOCAL COM BASTANTE AREIA NA PISTA - 04 FOTOS | N47: =IF(COUNTA(F47:L47)=0,"— não preenchido",IF(COUNTIF(F47:I47,"X")<>1,"FALTA/DUPLA: CONDIÇÃO DA PLATAFORMA",IF(COUNTIF(J47:L47,"X")<>1,"FALTA/DUPLA: DRENAGEM SUPERFICIAL","OK"))) -> OK
A48: 497ETO0020 | B48: C | C48: 22 | D48: 23 | E48: =D48-C48 -> 1 | F48: X | L48: X | N48: =IF(COUNTA(F48:L48)=0,"— não preenchido",IF(COUNTIF(F48:I48,"X")<>1,"FALTA/DUPLA: CONDIÇÃO DA PLATAFORMA",IF(COUNTIF(J48:L48,"X")<>1,"FALTA/DUPLA: DRENAGEM SUPERFICIAL","OK"))) -> OK
A49: 497ETO0020 | B49: C | C49: 23 | D49: 24 | E49: =D49-C49 -> 1 | F49: X | L49: X | M49: TRECHO CRÍTICO, LOCAL COM BASTANTE AREIA, SOB INTERVENÇÃO/PREFEITURA - 01 FOTO | N49: =IF(COUNTA(F49:L49)=0,"— não preenchido",IF(COUNTIF(F49:I49,"X")<>1,"FALTA/DUPLA: CONDIÇÃO DA PLATAFORMA",IF(COUNTIF(J49:L49,"X")<>1,"FALTA/DUPLA: DRENAGEM SUPERFICIAL","OK"))) -> OK
A50: 497ETO0020 | B50: C | C50: 24 | D50: 25 | E50: =D50-C50 -> 1 | F50: X | L50: X | M50: EXECUÇÃO NECESSÁRIA DE UM BUEIRO DE PASSAGEM DE ÁGUAS PLUVIAIS - 04 FOTOS | N50: =IF(COUNTA(F50:L50)=0,"— não preenchido",IF(COUNTIF(F50:I50,"X")<>1,"FALTA/DUPLA: CONDIÇÃO DA PLATAFORMA",IF(COUNTIF(J50:L50,"X")<>1,"FALTA/DUPLA: DRENAGEM SUPERFICIAL","OK"))) -> OK
A51: 497ETO0020 | B51: C | C51: 25 | D51: 26 | E51: =D51-C51 -> 1 | F51: X | L51: X | M51: FINAL DO TRECHO - 03 FOTOS | N51: =IF(COUNTA(F51:L51)=0,"— não preenchido",IF(COUNTIF(F51:I51,"X")<>1,"FALTA/DUPLA: CONDIÇÃO DA PLATAFORMA",IF(COUNTIF(J51:L51,"X")<>1,"FALTA/DUPLA: DRENAGEM SUPERFICIAL","OK"))) -> OK
A52: 497ETO0020 | B52: C | C52: 26 | D52: 27 | E52: =D52-C52 -> 1 | F52: X | L52: X | M52: FINAL DO TRECHO - 03 FOTOS | N52: =IF(COUNTA(F52:L52)=0,"— não preenchido",IF(COUNTIF(F52:I52,"X")<>1,"FALTA/DUPLA: CONDIÇÃO DA PLATAFORMA",IF(COUNTIF(J52:L52,"X")<>1,"FALTA/DUPLA: DRENAGEM SUPERFICIAL","OK"))) -> OK
A53: 497ETO0020 | B53: C | C53: 27 | D53: 27.240276 | E53: =D53-C53 -> 0.24027567 | F53: X | L53: X | M53: FINAL DO TRECHO - 03 FOTOS | N53: =IF(COUNTA(F53:L53)=0,"— não preenchido",IF(COUNTIF(F53:I53,"X")<>1,"FALTA/DUPLA: CONDIÇÃO DA PLATAFORMA",IF(COUNTIF(J53:L53,"X")<>1,"FALTA/DUPLA: DRENAGEM SUPERFICIAL","OK"))) -> OK
A54: S.R.E. 497ETO0030 | DEPASA - POV . JACARE | LEN · Estadual · 28.421 km · início: -12.599722, -46.746722
A55: 497ETO0030 | B55: C | C55: 0 | D55: 1 | E55: =D55-C55 -> 1 | F55: X | L55: X | M55: * (28,42 Km) - 03 FOTOS | N55: =IF(COUNTA(F55:L55)=0,"— não preenchido",IF(COUNTIF(F55:I55,"X")<>1,"FALTA/DUPLA: CONDIÇÃO DA PLATAFORMA",IF(COUNTIF(J55:L55,"X")<>1,"FALTA/DUPLA: DRENAGEM SUPERFICIAL","OK"))) -> OK
A56: 497ETO0030 | B56: C | C56: 1 | D56: 2 | E56: =D56-C56 -> 1 | F56: X | L56: X | M56: * (28,42 Km) - 03 FOTOS | N56: =IF(COUNTA(F56:L56)=0,"— não preenchido",IF(COUNTIF(F56:I56,"X")<>1,"FALTA/DUPLA: CONDIÇÃO DA PLATAFORMA",IF(COUNTIF(J56:L56,"X")<>1,"FALTA/DUPLA: DRENAGEM SUPERFICIAL","OK"))) -> OK
A57: 497ETO0030 | B57: C | C57: 2 | D57: 3 | E57: =D57-C57 -> 1 | F57: X | L57: X | M57: * (28,42 Km) - 03 FOTOS | N57: =IF(COUNTA(F57:L57)=0,"— não preenchido",IF(COUNTIF(F57:I57,"X")<>1,"FALTA/DUPLA: CONDIÇÃO DA PLATAFORMA",IF(COUNTIF(J57:L57,"X")<>1,"FALTA/DUPLA: DRENAGEM SUPERFICIAL","OK"))) -> OK
A58: 497ETO0030 | B58: C | C58: 3 | D58: 4 | E58: =D58-C58 -> 1 | F58: X | L58: X | M58: * (28,42 Km) - 03 FOTOS | N58: =IF(COUNTA(F58:L58)=0,"— não preenchido",IF(COUNTIF(F58:I58,"X")<>1,"FALTA/DUPLA: CONDIÇÃO DA PLATAFORMA",IF(COUNTIF(J58:L58,"X")<>1,"FALTA/DUPLA: DRENAGEM SUPERFICIAL","OK"))) -> OK
A59: 497ETO0030 | B59: C | C59: 4 | D59: 5 | E59: =D59-C59 -> 1 | F59: X | L59: X | M59: 01 FOTO | N59: =IF(COUNTA(F59:L59)=0,"— não preenchido",IF(COUNTIF(F59:I59,"X")<>1,"FALTA/DUPLA: CONDIÇÃO DA PLATAFORMA",IF(COUNTIF(J59:L59,"X")<>1,"FALTA/DUPLA: DRENAGEM SUPERFICIAL","OK"))) -> OK
A60: 497ETO0030 | B60: C | C60: 5 | D60: 6 | E60: =D60-C60 -> 1 | F60: X | L60: X | M60: 01 FOTO | N60: =IF(COUNTA(F60:L60)=0,"— não preenchido",IF(COUNTIF(F60:I60,"X")<>1,"FALTA/DUPLA: CONDIÇÃO DA PLATAFORMA",IF(COUNTIF(J60:L60,"X")<>1,"FALTA/DUPLA: DRENAGEM SUPERFICIAL","OK"))) -> OK
A61: 497ETO0030 | B61: C | C61: 6 | D61: 7 | E61: =D61-C61 -> 1 | F61: X | L61: X | M61: 01 FOTO | N61: =IF(COUNTA(F61:L61)=0,"— não preenchido",IF(COUNTIF(F61:I61,"X")<>1,"FALTA/DUPLA: CONDIÇÃO DA PLATAFORMA",IF(COUNTIF(J61:L61,"X")<>1,"FALTA/DUPLA: DRENAGEM SUPERFICIAL","OK"))) -> OK
A62: 497ETO0030 | B62: C | C62: 7 | D62: 8 | E62: =D62-C62 -> 1 | F62: X | L62: X | M62: 01 FOTO | N62: =IF(COUNTA(F62:L62)=0,"— não preenchido",IF(COUNTIF(F62:I62,"X")<>1,"FALTA/DUPLA: CONDIÇÃO DA PLATAFORMA",IF(COUNTIF(J62:L62,"X")<>1,"FALTA/DUPLA: DRENAGEM SUPERFICIAL","OK"))) -> OK
A63: 497ETO0030 | B63: C | C63: 8 | D63: 9 | E63: =D63-C63 -> 1 | F63: X | L63: X | M63: EXTREITAMENTO DA PISTA + MUITAS PEDRAS AFLORADAS NA PISTA- 03 FOTO | N63: =IF(COUNTA(F63:L63)=0,"— não preenchido",IF(COUNTIF(F63:I63,"X")<>1,"FALTA/DUPLA: CONDIÇÃO DA PLATAFORMA",IF(COUNTIF(J63:L63,"X")<>1,"FALTA/DUPLA: DRENAGEM SUPERFICIAL","OK"))) -> OK
A64: 497ETO0030 | B64: C | C64: 9 | D64: 10 | E64: =D64-C64 -> 1 | F64: X | L64: X | M64: EXTREITAMENTO DA PISTA + MUITAS PEDRAS AFLORADAS NA PISTA- 03 FOTO | N64: =IF(COUNTA(F64:L64)=0,"— não preenchido",IF(COUNTIF(F64:I64,"X")<>1,"FALTA/DUPLA: CONDIÇÃO DA PLATAFORMA",IF(COUNTIF(J64:L64,"X")<>1,"FALTA/DUPLA: DRENAGEM SUPERFICIAL","OK"))) -> OK
A65: 497ETO0030 | B65: C | C65: 10 | D65: 11 | E65: =D65-C65 -> 1 | F65: X | L65: X | M65: EXTREITAMENTO DA PISTA + MUITAS PEDRAS AFLORADAS NA PISTA- 03 FOTO | N65: =IF(COUNTA(F65:L65)=0,"— não preenchido",IF(COUNTIF(F65:I65,"X")<>1,"FALTA/DUPLA: CONDIÇÃO DA PLATAFORMA",IF(COUNTIF(J65:L65,"X")<>1,"FALTA/DUPLA: DRENAGEM SUPERFICIAL","OK"))) -> OK
A66: 497ETO0030 | B66: C | C66: 11 | D66: 12 | E66: =D66-C66 -> 1 | F66: X | L66: X | M66: EXTREITAMENTO DA PISTA + MUITAS PEDRAS AFLORADAS NA PISTA- 03 FOTO | N66: =IF(COUNTA(F66:L66)=0,"— não preenchido",IF(COUNTIF(F66:I66,"X")<>1,"FALTA/DUPLA: CONDIÇÃO DA PLATAFORMA",IF(COUNTIF(J66:L66,"X")<>1,"FALTA/DUPLA: DRENAGEM SUPERFICIAL","OK"))) -> OK
... A83: 497ETO0030 | B83: C | C83: 28 | D83: 28.420724 | E83: =D83-C83 -> 0.42072374 | F83: X | L83: X | M83: FINAL DO TRECHO - 02 FOTOS | N83: =IF(COUNTA(F83:L83)=0,"— não preenchido",IF(COUNTIF(F83:I83,"X")<>1,"FALTA/DUPLA: CONDIÇÃO DA PLATAFORMA",IF(COUNTIF(J83:L83,"X")<>1,"FALTA/DUPLA: DRENAGEM SUPERFICIAL","OK"))) -> OK
A84: S.R.E. 497ETO0050 | POV JACARÉ - ENTR. TO-296 | LEN · Estadual · 4.187 km · início: -12.816938, -46.781758
A85: 497ETO0050 | B85: C | C85: 0 | D85: 1 | E85: =D85-C85 -> 1 | F85: X | L85: X | M85: * (4,19 Km) EXECUÇÃO DE BUEIRO TUBULAR (04 FOTOS) | N85: =IF(COUNTA(F85:L85)=0,"— não preenchido",IF(COUNTIF(F85:I85,"X")<>1,"FALTA/DUPLA: CONDIÇÃO DA PLATAFORMA",IF(COUNTIF(J85:L85,"X")<>1,"FALTA/DUPLA: DRENAGEM SUPERFICIAL","OK"))) -> OK
A86: 497ETO0050 | B86: C | C86: 1 | D86: 2 | E86: =D86-C86 -> 1 | F86: X | L86: X | M86: TRECHO CRÍTICO COM MUITAS PEDRAS AFLORADAS - 07 FOTOS | N86: =IF(COUNTA(F86:L86)=0,"— não preenchido",IF(COUNTIF(F86:I86,"X")<>1,"FALTA/DUPLA: CONDIÇÃO DA PLATAFORMA",IF(COUNTIF(J86:L86,"X")<>1,"FALTA/DUPLA: DRENAGEM SUPERFICIAL","OK"))) -> OK
A87: 497ETO0050 | B87: C | C87: 2 | D87: 3 | E87: =D87-C87 -> 1 | F87: X | L87: X | M87: TRECHO CRÍTICO COM MUITAS PEDRAS AFLORADAS - 07 FOTOS | N87: =IF(COUNTA(F87:L87)=0,"— não preenchido",IF(COUNTIF(F87:I87,"X")<>1,"FALTA/DUPLA: CONDIÇÃO DA PLATAFORMA",IF(COUNTIF(J87:L87,"X")<>1,"FALTA/DUPLA: DRENAGEM SUPERFICIAL","OK"))) -> OK
A88: 497ETO0050 | B88: C | C88: 3 | D88: 4 | E88: =D88-C88 -> 1 | F88: X | L88: X | M88: FINAL DO TRECHO - 02 FOTOS | N88: =IF(COUNTA(F88:L88)=0,"— não preenchido",IF(COUNTIF(F88:I88,"X")<>1,"FALTA/DUPLA: CONDIÇÃO DA PLATAFORMA",IF(COUNTIF(J88:L88,"X")<>1,"FALTA/DUPLA: DRENAGEM SUPERFICIAL","OK"))) -> OK
A89: 497ETO0050 | B89: C | C89: 4 | D89: 4.1873192 | E89: =D89-C89 -> 0.18731921 | F89: X | L89: X | M89: FINAL DO TRECHO - 02 FOTOS | N89: =IF(COUNTA(F89:L89)=0,"— não preenchido",IF(COUNTIF(F89:I89,"X")<>1,"FALTA/DUPLA: CONDIÇÃO DA PLATAFORMA",IF(COUNTIF(J89:L89,"X")<>1,"FALTA/DUPLA: DRENAGEM SUPERFICIAL","OK"))) -> OK
A91: ____________________________________________ | G91: ____________________________________________
A92: TÉCNICO RESPONSÁVEL PELA INSPEÇÃO | G92: VISTO DA SUPERVISÃO
A94: RESUMO DO TRECHO — KM LANÇADO POR ITEM
A95: KM LANÇADO | F95: =SUMIF(F$9:F$89,"X",$E$9:$E$89) -> 75.786951 | G95: =SUMIF(G$9:G$89,"X",$E$9:$E$89) -> 0 | H95: =SUMIF(H$9:H$89,"X",$E$9:$E$89) -> 0 | I95: =SUMIF(I$9:I$89,"X",$E$9:$E$89) -> 0 | J95: =SUMIF(J$9:J$89,"X",$E$9:$E$89) -> 25.938632 | K95: =SUMIF(K$9:K$89,"X",$E$9:$E$89) -> 0 | L95: =SUMIF(L$9:L$89,"X",$E$9:$E$89) -> 49.848319
A96: % DA EXTENSÃO | F96: =IF($I98=0,0,F95/$I98) -> 1 | G96: =IF($I98=0,0,G95/$I98) -> 0 | H96: =IF($I98=0,0,H95/$I98) -> 0 | I96: =IF($I98=0,0,I95/$I98) -> 0 | J96: =IF($I98=0,0,J95/$I98) -> 0.34225724 | K96: =IF($I98=0,0,K95/$I98) -> 0 | L96: =IF($I98=0,0,L95/$I98) -> 0.65774276
A97: CONFERÊNCIA POR GRUPO | F97: =IF(SUM(F95:I95)=0,"— não preenchido",IF(ROUND(SUM(F95:I95)-$I98,3)=0,"OK — "&ROUND(SUM(F95:I95),3)&" km","ERRO — dif. de "&ROUND(SUM(F95:I95)-$I98,3)&" km")) -> OK — 75,787 km | J97: =IF(SUM(J95:L95)=0,"— não preenchido",IF(ROUND(SUM(J95:L95)-$I98,3)=0,"OK — "&ROUND(SUM(J95:L95),3)&" km","ERRO — dif. de "&ROUND(SUM(J95:L95)-$I98,3)&" km")) -> OK — 75,787 km
A98: EXTENSÃO TOTAL DO TRECHO | I98: =SUM(E9:E89) -> 75.786951 | M98: =COUNTIF(N9:N89,"OK")&" de "&COUNT($E$9:$E$89)&" linhas conferidas" -> 78 de 78 linhas conferidas
A100: LEGENDA
A101: REGULAR | E101: Até 10 irregularidades por km
A102: RUIM | E102: Mais de 10 irregularidades por km
A103: PÉSSIMA | E103: Atoleiro ou ponto crítico
A104: SIT. | E104: LEN = leito natural · EOP = em obras de pavimentação
A105: FAIXA AZUL | E105: Cabeçalho de cada S.R.E.: descrição, situação, jurisdição, extensão e coordenada de início.
A106: INÍCIO / FIM (KM) | E106: Contados de 0 até o fim de CADA S.R.E. Não é o marco quilométrico da rodovia.
A107: SENT. | E107: C = crescente · D = decrescente
A108: FAIXA CINZA | E108: Segmento fora do escopo do contrato: você passa por ele, mas não preenche.
A109: CÉLULA VERMELHA | E109: Mais de uma X no mesmo grupo. Apague uma delas.
A110: CONFERÊNCIA | E110: Só na tela, não sai impresso. Fica OK com uma X em cada grupo.

Sheet 273
A1: PROGRAMA DE MANUTENÇÃO RODOVIÁRIA — FICHA DE INSPEÇÃO — RODOVIAS NÃO PAVIMENTADAS | P1: Valores dos gráficos — troca 0 por N/D para a fatia não aparecer. Não editar.
A2: REGIÃO: 13 — DIANÓPOLIS | D2: MÊS / ANO: | G2: DATA: | J2: TÉCNICO: | P2: =IF(F26=0,NA(),F26) -> #N/A | Q2: =IF(G26=0,NA(),G26) -> 11.207917 | R2: =IF(H26=0,NA(),H26) -> #N/A | S2: =IF(I26=0,NA(),I26) -> #N/A | T2: =IF(J26=0,NA(),J26) -> 11.207917 | U2: =IF(K26=0,NA(),K26) -> #N/A | V2: =IF(L26=0,NA(),L26) -> #N/A
A3: TRECHO 273 — RODOVIA TO-499 - TRECHO ENTR. TO-050 - DIVISA TO-GO | K3: EXTENSÃO: 11,208 km · 1 S.R.E.
A4: COMO PREENCHER: uma X em UMA coluna de cada grupo, por linha. Se houver mais de um defeito no mesmo km, marque o PREDOMINANTE e escreva o resto em OBSERVAÇÕES. A quilometragem é contada de 0 até o fim de CADA S.R.E. (não é o marco da rodovia).
A6: S.R.E. | B6: SENT. | C6: INÍCIO (KM) | D6: FIM (KM) | E6: EXT. (KM) | F6: CONDIÇÃO DA PLATAFORMA | J6: DRENAGEM SUPERFICIAL | M6: OBSERVAÇÕES | N6: CONFERÊNCIA (só na tela)
F7: BOM | G7: REGULAR | H7: RUIM | I7: PÉSSIMA | J7: LIMPA | K7: OBSTRUÍDA | L7: AUSENTE
A8: S.R.E. 499ETO0010 | ENTR. TO-050 - DIV TO-GO | LEN · Estadual · 11.208 km · início: -13.062404, -46.869862
A9: 499ETO0010 | B9: C | C9: 0 | D9: 1 | E9: =D9-C9 -> 1 | G9: X | J9: X | N9: =IF(COUNTA(F9:L9)=0,"— não preenchido",IF(COUNTIF(F9:I9,"X")<>1,"FALTA/DUPLA: CONDIÇÃO DA PLATAFORMA",IF(COUNTIF(J9:L9,"X")<>1,"FALTA/DUPLA: DRENAGEM SUPERFICIAL","OK"))) -> OK
A10: 499ETO0010 | B10: C | C10: 1 | D10: 2 | E10: =D10-C10 -> 1 | G10: X | J10: X | N10: =IF(COUNTA(F10:L10)=0,"— não preenchido",IF(COUNTIF(F10:I10,"X")<>1,"FALTA/DUPLA: CONDIÇÃO DA PLATAFORMA",IF(COUNTIF(J10:L10,"X")<>1,"FALTA/DUPLA: DRENAGEM SUPERFICIAL","OK"))) -> OK
A11: 499ETO0010 | B11: C | C11: 2 | D11: 3 | E11: =D11-C11 -> 1 | G11: X | J11: X | N11: =IF(COUNTA(F11:L11)=0,"— não preenchido",IF(COUNTIF(F11:I11,"X")<>1,"FALTA/DUPLA: CONDIÇÃO DA PLATAFORMA",IF(COUNTIF(J11:L11,"X")<>1,"FALTA/DUPLA: DRENAGEM SUPERFICIAL","OK"))) -> OK
A12: 499ETO0010 | B12: C | C12: 3 | D12: 4 | E12: =D12-C12 -> 1 | G12: X | J12: X | N12: =IF(COUNTA(F12:L12)=0,"— não preenchido",IF(COUNTIF(F12:I12,"X")<>1,"FALTA/DUPLA: CONDIÇÃO DA PLATAFORMA",IF(COUNTIF(J12:L12,"X")<>1,"FALTA/DUPLA: DRENAGEM SUPERFICIAL","OK"))) -> OK
A13: 499ETO0010 | B13: C | C13: 4 | D13: 5 | E13: =D13-C13 -> 1 | G13: X | J13: X | N13: =IF(COUNTA(F13:L13)=0,"— não preenchido",IF(COUNTIF(F13:I13,"X")<>1,"FALTA/DUPLA: CONDIÇÃO DA PLATAFORMA",IF(COUNTIF(J13:L13,"X")<>1,"FALTA/DUPLA: DRENAGEM SUPERFICIAL","OK"))) -> OK
A14: 499ETO0010 | B14: C | C14: 5 | D14: 6 | E14: =D14-C14 -> 1 | G14: X | J14: X | N14: =IF(COUNTA(F14:L14)=0,"— não preenchido",IF(COUNTIF(F14:I14,"X")<>1,"FALTA/DUPLA: CONDIÇÃO DA PLATAFORMA",IF(COUNTIF(J14:L14,"X")<>1,"FALTA/DUPLA: DRENAGEM SUPERFICIAL","OK"))) -> OK
A15: 499ETO0010 | B15: C | C15: 6 | D15: 7 | E15: =D15-C15 -> 1 | G15: X | J15: X | N15: =IF(COUNTA(F15:L15)=0,"— não preenchido",IF(COUNTIF(F15:I15,"X")<>1,"FALTA/DUPLA: CONDIÇÃO DA PLATAFORMA",IF(COUNTIF(J15:L15,"X")<>1,"FALTA/DUPLA: DRENAGEM SUPERFICIAL","OK"))) -> OK
A16: 499ETO0010 | B16: C | C16: 7 | D16: 8 | E16: =D16-C16 -> 1 | G16: X | J16: X | N16: =IF(COUNTA(F16:L16)=0,"— não preenchido",IF(COUNTIF(F16:I16,"X")<>1,"FALTA/DUPLA: CONDIÇÃO DA PLATAFORMA",IF(COUNTIF(J16:L16,"X")<>1,"FALTA/DUPLA: DRENAGEM SUPERFICIAL","OK"))) -> OK
A17: 499ETO0010 | B17: C | C17: 8 | D17: 9 | E17: =D17-C17 -> 1 | G17: X | J17: X | N17: =IF(COUNTA(F17:L17)=0,"— não preenchido",IF(COUNTIF(F17:I17,"X")<>1,"FALTA/DUPLA: CONDIÇÃO DA PLATAFORMA",IF(COUNTIF(J17:L17,"X")<>1,"FALTA/DUPLA: DRENAGEM SUPERFICIAL","OK"))) -> OK
A18: 499ETO0010 | B18: C | C18: 9 | D18: 10 | E18: =D18-C18 -> 1 | G18: X | J18: X | N18: =IF(COUNTA(F18:L18)=0,"— não preenchido",IF(COUNTIF(F18:I18,"X")<>1,"FALTA/DUPLA: CONDIÇÃO DA PLATAFORMA",IF(COUNTIF(J18:L18,"X")<>1,"FALTA/DUPLA: DRENAGEM SUPERFICIAL","OK"))) -> OK
A19: 499ETO0010 | B19: C | C19: 10 | D19: 11 | E19: =D19-C19 -> 1 | G19: X | J19: X | N19: =IF(COUNTA(F19:L19)=0,"— não preenchido",IF(COUNTIF(F19:I19,"X")<>1,"FALTA/DUPLA: CONDIÇÃO DA PLATAFORMA",IF(COUNTIF(J19:L19,"X")<>1,"FALTA/DUPLA: DRENAGEM SUPERFICIAL","OK"))) -> OK
A20: 499ETO0010 | B20: C | C20: 11 | D20: 11.207917 | E20: =D20-C20 -> 0.20791709 | G20: X | J20: X | N20: =IF(COUNTA(F20:L20)=0,"— não preenchido",IF(COUNTIF(F20:I20,"X")<>1,"FALTA/DUPLA: CONDIÇÃO DA PLATAFORMA",IF(COUNTIF(J20:L20,"X")<>1,"FALTA/DUPLA: DRENAGEM SUPERFICIAL","OK"))) -> OK
A22: ____________________________________________ | G22: ____________________________________________
A23: TÉCNICO RESPONSÁVEL PELA INSPEÇÃO | G23: VISTO DA SUPERVISÃO
A25: RESUMO DO TRECHO — KM LANÇADO POR ITEM
A26: KM LANÇADO | F26: =SUMIF(F$9:F$20,"X",$E$9:$E$20) -> 0 | G26: =SUMIF(G$9:G$20,"X",$E$9:$E$20) -> 11.207917 | H26: =SUMIF(H$9:H$20,"X",$E$9:$E$20) -> 0 | I26: =SUMIF(I$9:I$20,"X",$E$9:$E$20) -> 0 | J26: =SUMIF(J$9:J$20,"X",$E$9:$E$20) -> 11.207917 | K26: =SUMIF(K$9:K$20,"X",$E$9:$E$20) -> 0 | L26: =SUMIF(L$9:L$20,"X",$E$9:$E$20) -> 0
A27: % DA EXTENSÃO | F27: =IF($I29=0,0,F26/$I29) -> 0 | G27: =IF($I29=0,0,G26/$I29) -> 1 | H27: =IF($I29=0,0,H26/$I29) -> 0 | I27: =IF($I29=0,0,I26/$I29) -> 0 | J27: =IF($I29=0,0,J26/$I29) -> 1 | K27: =IF($I29=0,0,K26/$I29) -> 0 | L27: =IF($I29=0,0,L26/$I29) -> 0
A28: CONFERÊNCIA POR GRUPO | F28: =IF(SUM(F26:I26)=0,"— não preenchido",IF(ROUND(SUM(F26:I26)-$I29,3)=0,"OK — "&ROUND(SUM(F26:I26),3)&" km","ERRO — dif. de "&ROUND(SUM(F26:I26)-$I29,3)&" km")) -> OK — 11,208 km | J28: =IF(SUM(J26:L26)=0,"— não preenchido",IF(ROUND(SUM(J26:L26)-$I29,3)=0,"OK — "&ROUND(SUM(J26:L26),3)&" km","ERRO — dif. de "&ROUND(SUM(J26:L26)-$I29,3)&" km")) -> OK — 11,208 km
A29: EXTENSÃO TOTAL DO TRECHO | I29: =SUM(E9:E20) -> 11.207917 | M29: =COUNTIF(N9:N20,"OK")&" de "&COUNT($E$9:$E$20)&" linhas conferidas" -> 12 de 12 linhas conferidas
A31: LEGENDA
A32: REGULAR | E32: Até 10 irregularidades por km
A33: RUIM | E33: Mais de 10 irregularidades por km
A34: PÉSSIMA | E34: Atoleiro ou ponto crítico
A35: SIT. | E35: LEN = leito natural · EOP = em obras de pavimentação
A36: FAIXA AZUL | E36: Cabeçalho de cada S.R.E.: descrição, situação, jurisdição, extensão e coordenada de início.
A37: INÍCIO / FIM (KM) | E37: Contados de 0 até o fim de CADA S.R.E. Não é o marco quilométrico da rodovia.
A38: SENT. | E38: C = crescente · D = decrescente
A39: FAIXA CINZA | E39: Segmento fora do escopo do contrato: você passa por ele, mas não preenche.
A40: CÉLULA VERMELHA | E40: Mais de uma X no mesmo grupo. Apague uma delas.
A41: CONFERÊNCIA | E41: Só na tela, não sai impresso. Fica OK com uma X em cada grupo.

Sheet LISTAS
A1: TÉCNICOS
A2: ENG. VINÍCIUS RODRIGUES FERREIRA DE OLIVEIRA
A3: LABORATORISTA CLAUDIOMIRO VIEIRA LOPES
