Workbook

Sheet OS SETEMBRO
A1: ORDENS DE SERVIÇO MEDIDAS EM SETEMBRO/2026
A2: REGIÃO 13 — RODOVIAS PAVIMENTADAS · Fonte: Geoportal RTA-MSI (geoportal-ordens-servico.vercel.app), consultado em 02/10/2026
A3: Os trechos abaixo estão com a ABA EM LARANJA e uma nota no título do trecho (A3). As condições desta ficha foram copiadas de AGOSTO/2026: atualizar em campo, com atenção especial a estes trechos.
A5: TRECHO (ABA) | B5: RODOVIA / TRECHO | C5: OSP | D5: CONTRATO | E5: TIPO | F5: SERVIÇOS (resumo do geoportal) | G5: SITUAÇÃO | H5: MEDIÇÃO DO MÊS | I5: VALOR MEDIDO NO MÊS | J5: % EXEC. DA OS | K5: PRAZO LIMITE
A6: 246 | B6: RODOVIA TO-040 - TRECHO ALMAS - PORTO ALEGRE DO TOCANTINS | C6: 155 | D6: 051.2024 | E6: Manutenção | F6: Roçada com roçadeira costal (Segmentos Rod... / Roçada mecanizada com roçadeira articulada... (+18 itens) | G6: Em andamento | H6: nº 19 — 01/09/2026 a 30/09/2026 | I6: 73574.55 | J6: 83.4 | K6: Dezembro/2026
A7: 247 | B7: RODOVIA TO-040 - TRECHO DIANÓPOLIS - NOVO JARDIM | C7: 156 | D7: 051.2024 | E7: Manutenção | F7: Roçada com roçadeira costal (Segmentos Rod... / Limpeza de valeta (Segmentos Urbanos e Rod... | G7: Concluída | H7: nº 19 — 01/09/2026 a 30/09/2026 | I7: 18908.43 | J7: 96.6 | K7: Novembro/2026
A8: 249 | B8: RODOVIA TO-040 - TRECHO PORTO ALEGRE DO TOCANTINS - DIANÓPOLIS | C8: 144 | D8: 051.2024 | E8: Manutenção | F8: Roçada mecanizada com roçadeira articulada... / Limpeza manual de Bueiro (Segmentos Urbano... (+2 itens) | G8: Em andamento | H8: nº 19 — 01/09/2026 a 30/09/2026 | I8: 45206.94 | J8: 69.8 | K8: Novembro/2026
A9: 249 | B9: RODOVIA TO-040 - TRECHO PORTO ALEGRE DO TOCANTINS - DIANÓPOLIS | C9: 157 | D9: 051.2024 | E9: Manutenção | F9: Roçada com roçadeira costal (Segmentos Rod... / G2 - Tapa Buraco PMF Classe 1 e 2 (Segment... (+20 itens) | G9: Concluída | H9: nº 19 — 01/09/2026 a 30/09/2026 | I9: 18331.12 | J9: 99.6 | K9: Novembro/2026
A10: 252 | B10: RODOVIA TO-050 - TRECHO ENTR. BR-010 (POVOADO PRÍNCIPE) - CONCEIÇÃO DO TOCANTINS | C10: 151 | D10: 051.2024 | E10: Manutenção | F10: Roçada com roçadeira costal (Segmentos Rod... / Limpeza de valeta (Segmentos Urbanos e Rod... (+17 itens) | G10: Em andamento | H10: nº 19 — 01/09/2026 a 30/09/2026 | I10: 26900.47 | J10: 52.3 | K10: Dezembro/2026
A11: 253 | B11: RODOVIA TO-110 - TRECHO AURORA DO TOCANTINS - LAVANDEIRA | C11: 3 | D11: 1151.2026 | E11: Restauração | F11: Reciclagem com adição de brita comercial e... / Brita 1 (+26 itens) | G11: Concluída | H11: nº 3 — 01/09/2026 a 30/09/2026 | I11: 1747140.4 | J11: 98.2 | K11: Dezembro/2026
A12: 253 | B12: RODOVIA TO-110 - TRECHO AURORA DO TOCANTINS - LAVANDEIRA | C12: 142 | D12: 051.2024 | E12: Manutenção | F12: Roçada com roçadeira costal (Segmentos Rod... / Limpeza de valeta (Segmentos Urbanos e Rod... (+17 itens) | G12: Concluída | H12: nº 19 — 01/09/2026 a 30/09/2026 | I12: 36542.98 | J12: 99.4 | K12: Outubro/2026
A13: 254 | B13: RODOVIA TO-110 - TRECHO COMBINADO - NOVO ALEGRE - DIVISA TO-GO | C13: 5 | D13: 1151.2026 | E13: Restauração | F13: Reciclagem com adição de brita comercial e... / Brita 1 (+26 itens) | G13: Em andamento | H13: nº 3 — 01/09/2026 a 30/09/2026 | I13: 4044134.2 | J13: 65.3 | K13: Novembro/2026
A14: 254 | B14: RODOVIA TO-110 - TRECHO COMBINADO - NOVO ALEGRE - DIVISA TO-GO | C14: 143 | D14: 051.2024 | E14: Manutenção | F14: Roçada com roçadeira costal (Segmentos Rod... / Limpeza de valeta (Segmentos Urbanos e Rod... (+16 itens) | G14: Concluída | H14: nº 19 — 01/09/2026 a 30/09/2026 | I14: 47267.48 | J14: 99.4 | K14: Outubro/2026
A15: 255 | B15: RODOVIA TO-110 - TRECHO ENTR. TO-040 (DIANÓPOLIS) - DIVISA TO-BA (GARGANTA) | C15: 152 | D15: 051.2024 | E15: Manutenção | F15: Roçada com roçadeira costal (Segmentos Rod... | G15: Concluída | H15: nº 19 — 01/09/2026 a 30/09/2026 | I15: 30147.05 | J15: 100 | K15: Dezembro/2026
A16: 257 | B16: RODOVIA TO-110 - TRECHO LAVANDEIRA - COMBINADO | C16: 141 | D16: 051.2024 | E16: Manutenção | F16: Roçada com roçadeira costal (Segmentos Rod... / Limpeza de valeta (Segmentos Urbanos e Rod... (+17 itens) | G16: Concluída | H16: nº 19 — 01/09/2026 a 30/09/2026 | I16: 17807.28 | J16: 98.6 | K16: Outubro/2026
A17: 259 | B17: RODOVIA TO-110 - TRECHO TAGUATINGA - AURORA DO TOCANTINS | C17: 6 | D17: 1151.2026 | E17: Restauração | F17: Carga, manobra e descarga de agregados ou... / Carga, manobra e descarga de cimento ou ca... (+4 itens) | G17: Concluída | H17: nº 3 — 01/09/2026 a 30/09/2026 | I17: 208176.32 | J17: 100 | K17: Outubro/2026
... A19: 266 | B19: RODOVIA TO-476 - TRECHO RIO DA CONCEIÇÃO - DIANÓPOLIS | C19: 148 | D19: 051.2024 | E19: Manutenção | F19: Roçada com roçadeira costal (Segmentos Rod... / Roçada mecanizada com roçadeira articulada... (+3 itens) | G19: Em andamento | H19: nº 19 — 01/09/2026 a 30/09/2026 | I19: 31346.65 | J19: 71.2 | K19: Dezembro/2026
H20: TOTAL MEDIDO NO MÊS | I20: =SUM(I6:I19) -> 6526469.2

Sheet RESUMO
A1: RESUMO CONSOLIDADO — REGIÃO 1 — RODOVIAS PAVIMENTADAS | V1: Valores dos gráficos — troca 0 por N/D para a fatia não aparecer. Não editar.
A2: Todos os números vêm das abas dos trechos por referência direta. Não digite nada aqui. A coluna CONFERÊNCIA acusa qualquer trecho em que a soma das marcações não fecha com a extensão. | V2: =IF(D22=0,NA(),D22) -> 226.57299 | W2: =IF(E22=0,NA(),E22) -> 173.01589 | X2: =IF(F22=0,NA(),F22) -> 134.93539 | Y2: =IF(G22=0,NA(),G22) -> 10 | Z2: =IF(H22=0,NA(),H22) -> 4 | AA2: =IF(I22=0,NA(),I22) -> 533.52427 | AB2: =IF(J22=0,NA(),J22) -> 15 | AC2: =IF(K22=0,NA(),K22) -> 127.13179 | ... AK2: =IF(S22=0,NA(),S22) -> #N/A
A4: Nº TRECHO | B4: TRECHO | C4: EXTENSÃO (KM) | D4: CONDIÇÃO DO PAVIMENTO | I4: VEGETAÇÃO | K4: ELEM. DE DRENAGEM | N4: SIN. HORIZ. | Q4: SIN. VERTICAL | T4: CONFERÊNCIA
D5: BOM | E5: REM. I. | F5: REM. L. | G5: BUR. I. | H5: BUR. L. | I5: ADEQ. | J5: INAD. | K5: LIMPOS | L5: SUJOS | M5: DAN. | N5: BOM | O5: REG. | P5: INEXIST. | Q5: BOM | R5: POUCAS | S5: INEXIST.
A6: 246 | B6: RODOVIA TO-040 - TRECHO ALMAS - PORTO ALEGRE DO TOCANTINS | C6: ='246'!R34 -> 14.893612 | D6: ='246'!F31 -> 4 | E6: ='246'!G31 -> 0 | F6: ='246'!H31 -> 10.893612 | G6: ='246'!I31 -> 0 | H6: ='246'!J31 -> 0 | I6: ='246'!K31 -> 14.893612 | J6: ='246'!L31 -> 0 | K6: ='246'!M31 -> 4 | ... S6: ='246'!U31 -> 0 | T6: =IF(SUM(D6:H6)=0,"— não preenchido",IF(ROUND(SUM(D6:H6)-C6,3)=0,"OK","ERRO — dif. de "&ROUND(SUM(D6:H6)-C6,3)&" km")) -> OK
A7: 247 | B7: RODOVIA TO-040 - TRECHO DIANÓPOLIS - NOVO JARDIM | C7: ='247'!R57 -> 36.046509 | D7: ='247'!F54 -> 0 | E7: ='247'!G54 -> 16.481209 | F7: ='247'!H54 -> 19.5653 | G7: ='247'!I54 -> 0 | H7: ='247'!J54 -> 0 | I7: ='247'!K54 -> 36.046509 | J7: ='247'!L54 -> 0 | K7: ='247'!M54 -> 6.4812088 | ... S7: ='247'!U54 -> 0 | T7: =IF(SUM(D7:H7)=0,"— não preenchido",IF(ROUND(SUM(D7:H7)-C7,3)=0,"OK","ERRO — dif. de "&ROUND(SUM(D7:H7)-C7,3)&" km")) -> OK
A8: 248 | B8: RODOVIA TO-040 - TRECHO NOVO JARDIM - DIVISA TO-BA | C8: ='248'!R62 -> 43.005991 | D8: ='248'!F59 -> 28.187731 | E8: ='248'!G59 -> 5.8182596 | F8: ='248'!H59 -> 9 | G8: ='248'!I59 -> 0 | H8: ='248'!J59 -> 0 | I8: ='248'!K59 -> 43.005991 | J8: ='248'!L59 -> 0 | K8: ='248'!M59 -> 0 | ... S8: ='248'!U59 -> 0 | T8: =IF(SUM(D8:H8)=0,"— não preenchido",IF(ROUND(SUM(D8:H8)-C8,3)=0,"OK","ERRO — dif. de "&ROUND(SUM(D8:H8)-C8,3)&" km")) -> OK
A9: 249 | B9: RODOVIA TO-040 - TRECHO PORTO ALEGRE DO TOCANTINS - DIANÓPOLIS | C9: ='249'!R56 -> 34.935267 | D9: ='249'!F53 -> 12.68404 | E9: ='249'!G53 -> 0 | F9: ='249'!H53 -> 22.251227 | G9: ='249'!I53 -> 0 | H9: ='249'!J53 -> 0 | I9: ='249'!K53 -> 34.935267 | J9: ='249'!L53 -> 0 | K9: ='249'!M53 -> 34.935267 | ... S9: ='249'!U53 -> 0 | T9: =IF(SUM(D9:H9)=0,"— não preenchido",IF(ROUND(SUM(D9:H9)-C9,3)=0,"OK","ERRO — dif. de "&ROUND(SUM(D9:H9)-C9,3)&" km")) -> OK
A10: 250 | B10: RODOVIA TO-050 - TRECHO ARRAIAS - DIVISA TO-GO | C10: ='250'!R35 -> 15.388408 | D10: ='250'!F32 -> 1.8568038 | E10: ='250'!G32 -> 13.531604 | F10: ='250'!H32 -> 0 | G10: ='250'!I32 -> 0 | H10: ='250'!J32 -> 0 | I10: ='250'!K32 -> 15.388408 | J10: ='250'!L32 -> 0 | K10: ='250'!M32 -> 0 | ... S10: ='250'!U32 -> 0 | T10: =IF(SUM(D10:H10)=0,"— não preenchido",IF(ROUND(SUM(D10:H10)-C10,3)=0,"OK","ERRO — dif. de "&ROUND(SUM(D10:H10)-C10,3)&" km")) -> OK
A11: 251 | B11: RODOVIA TO-050 - TRECHO CONCEIÇÃO DO TOCANTINS - ARRAIAS | C11: ='251'!R125 -> 104.51176 | D11: ='251'!F122 -> 59.648839 | E11: ='251'!G122 -> 24.862925 | F11: ='251'!H122 -> 20 | G11: ='251'!I122 -> 0 | H11: ='251'!J122 -> 0 | I11: ='251'!K122 -> 104.51176 | J11: ='251'!L122 -> 0 | K11: ='251'!M122 -> 3.648839 | ... S11: ='251'!U122 -> 0 | T11: =IF(SUM(D11:H11)=0,"— não preenchido",IF(ROUND(SUM(D11:H11)-C11,3)=0,"OK","ERRO — dif. de "&ROUND(SUM(D11:H11)-C11,3)&" km")) -> OK
A12: 252 | B12: RODOVIA TO-050 - TRECHO ENTR. BR-010 (POVOADO PRÍNCIPE) - CONCEIÇÃO DO TOCANTINS | C12: ='252'!R74 -> 52.672671 | D12: ='252'!F71 -> 6.9203392 | E12: ='252'!G71 -> 22.752332 | F12: ='252'!H71 -> 23 | G12: ='252'!I71 -> 0 | H12: ='252'!J71 -> 0 | I12: ='252'!K71 -> 52.672671 | J12: ='252'!L71 -> 0 | K12: ='252'!M71 -> 27.402307 | ... S12: ='252'!U71 -> 0 | T12: =IF(SUM(D12:H12)=0,"— não preenchido",IF(ROUND(SUM(D12:H12)-C12,3)=0,"OK","ERRO — dif. de "&ROUND(SUM(D12:H12)-C12,3)&" km")) -> OK
A13: 253 | B13: RODOVIA TO-110 - TRECHO AURORA DO TOCANTINS - LAVANDEIRA | C13: ='253'!R33 -> 15.560727 | D13: ='253'!F30 -> 15.560727 | E13: ='253'!G30 -> 0 | F13: ='253'!H30 -> 0 | G13: ='253'!I30 -> 0 | H13: ='253'!J30 -> 0 | I13: ='253'!K30 -> 15.560727 | J13: ='253'!L30 -> 0 | K13: ='253'!M30 -> 11 | ... S13: ='253'!U30 -> 0 | T13: =IF(SUM(D13:H13)=0,"— não preenchido",IF(ROUND(SUM(D13:H13)-C13,3)=0,"OK","ERRO — dif. de "&ROUND(SUM(D13:H13)-C13,3)&" km")) -> OK
A14: 254 | B14: RODOVIA TO-110 - TRECHO COMBINADO - NOVO ALEGRE - DIVISA TO-GO | C14: ='254'!R40 -> 17.978238 | D14: ='254'!F37 -> 17.978238 | E14: ='254'!G37 -> 0 | F14: ='254'!H37 -> 0 | G14: ='254'!I37 -> 0 | H14: ='254'!J37 -> 0 | I14: ='254'!K37 -> 17.978238 | J14: ='254'!L37 -> 0 | K14: ='254'!M37 -> 2.4557659 | ... S14: ='254'!U37 -> 0 | T14: =IF(SUM(D14:H14)=0,"— não preenchido",IF(ROUND(SUM(D14:H14)-C14,3)=0,"OK","ERRO — dif. de "&ROUND(SUM(D14:H14)-C14,3)&" km")) -> OK
A15: 255 | B15: RODOVIA TO-110 - TRECHO ENTR. TO-040 (DIANÓPOLIS) - DIVISA TO-BA (GARGANTA) | C15: ='255'!R75 -> 57.452309 | D15: ='255'!F72 -> 10 | E15: ='255'!G72 -> 42.452309 | F15: ='255'!H72 -> 5 | G15: ='255'!I72 -> 0 | H15: ='255'!J72 -> 0 | I15: ='255'!K72 -> 57.452309 | J15: ='255'!L72 -> 0 | K15: ='255'!M72 -> 8 | ... S15: ='255'!U72 -> 0 | T15: =IF(SUM(D15:H15)=0,"— não preenchido",IF(ROUND(SUM(D15:H15)-C15,3)=0,"OK","ERRO — dif. de "&ROUND(SUM(D15:H15)-C15,3)&" km")) -> OK
A16: 256 | B16: RODOVIA TO-110 - TRECHO ENTR. TO-040 - PONTE ALTA DO BOM JESUS | C16: ='256'!R61 -> 38.006085 | D16: ='256'!F58 -> 11 | E16: ='256'!G58 -> 8.235733 | F16: ='256'!H58 -> 8.7703519 | G16: ='256'!I58 -> 10 | H16: ='256'!J58 -> 0 | I16: ='256'!K58 -> 28.006085 | J16: ='256'!L58 -> 10 | K16: ='256'!M58 -> 0 | ... S16: ='256'!U58 -> 0 | T16: =IF(SUM(D16:H16)=0,"— não preenchido",IF(ROUND(SUM(D16:H16)-C16,3)=0,"OK","ERRO — dif. de "&ROUND(SUM(D16:H16)-C16,3)&" km")) -> OK
A17: 257 | B17: RODOVIA TO-110 - TRECHO LAVANDEIRA - COMBINADO | C17: ='257'!R24 -> 6.3844721 | D17: ='257'!F21 -> 4 | E17: ='257'!G21 -> 2.3844721 | F17: ='257'!H21 -> 0 | G17: ='257'!I21 -> 0 | H17: ='257'!J21 -> 0 | I17: ='257'!K21 -> 6.3844721 | J17: ='257'!L21 -> 0 | K17: ='257'!M21 -> 1.3844721 | ... S17: ='257'!U21 -> 0 | T17: =IF(SUM(D17:H17)=0,"— não preenchido",IF(ROUND(SUM(D17:H17)-C17,3)=0,"OK","ERRO — dif. de "&ROUND(SUM(D17:H17)-C17,3)&" km")) -> OK
A18: 258 | B18: RODOVIA TO-110 - TRECHO PONTE ALTA DO BOM JESUS - ENTR. BR-242(TAGUATINGA) | C18: ='258'!R57 -> 35.496799 | D18: ='258'!F54 -> 25 | E18: ='258'!G54 -> 2.0180993 | F18: ='258'!H54 -> 6.4786997 | G18: ='258'!I54 -> 0 | H18: ='258'!J54 -> 2 | I18: ='258'!K54 -> 35.496799 | J18: ='258'!L54 -> 0 | K18: ='258'!M54 -> 0 | ... S18: ='258'!U54 -> 0 | T18: =IF(SUM(D18:H18)=0,"— não preenchido",IF(ROUND(SUM(D18:H18)-C18,3)=0,"OK","ERRO — dif. de "&ROUND(SUM(D18:H18)-C18,3)&" km")) -> OK
A19: 259 | B19: RODOVIA TO-110 - TRECHO TAGUATINGA - AURORA DO TOCANTINS | C19: ='259'!R73 -> 48.367488 | D19: ='259'!F70 -> 29.73627 | E19: ='259'!G70 -> 9.6312181 | F19: ='259'!H70 -> 7 | G19: ='259'!I70 -> 0 | H19: ='259'!J70 -> 2 | I19: ='259'!K70 -> 48.367488 | J19: ='259'!L70 -> 0 | K19: ='259'!M70 -> 0 | ... S19: ='259'!U70 -> 0 | T19: =IF(SUM(D19:H19)=0,"— não preenchido",IF(ROUND(SUM(D19:H19)-C19,3)=0,"OK","ERRO — dif. de "&ROUND(SUM(D19:H19)-C19,3)&" km")) -> OK
A20: 265 | B20: RODOVIA TO-387 - TRECHO ENTR. TO-040 - TAIPAS DO TOCANTINS | C20: ='265'!R19 -> 1.0866111 | D20: ='265'!F16 -> 0 | E20: ='265'!G16 -> 1.0866111 | F20: ='265'!H16 -> 0 | G20: ='265'!I16 -> 0 | H20: ='265'!J16 -> 0 | I20: ='265'!K16 -> 1.0866111 | J20: ='265'!L16 -> 0 | K20: ='265'!M16 -> 1.0866111 | ... S20: ='265'!U16 -> 0 | T20: =IF(SUM(D20:H20)=0,"— não preenchido",IF(ROUND(SUM(D20:H20)-C20,3)=0,"OK","ERRO — dif. de "&ROUND(SUM(D20:H20)-C20,3)&" km")) -> OK
A21: 266 | B21: RODOVIA TO-476 - TRECHO RIO DA CONCEIÇÃO - DIANÓPOLIS | C21: ='266'!R45 -> 26.737321 | D21: ='266'!F42 -> 0 | E21: ='266'!G42 -> 23.761116 | F21: ='266'!H42 -> 2.9762043 | G21: ='266'!I42 -> 0 | H21: ='266'!J42 -> 0 | I21: ='266'!K42 -> 21.737321 | J21: ='266'!L42 -> 5 | K21: ='266'!M42 -> 26.737321 | ... S21: ='266'!U42 -> 0 | T21: =IF(SUM(D21:H21)=0,"— não preenchido",IF(ROUND(SUM(D21:H21)-C21,3)=0,"OK","ERRO — dif. de "&ROUND(SUM(D21:H21)-C21,3)&" km")) -> OK
B22: TOTAL PERCORRIDO NO MÊS | C22: =SUM(C6:C21) -> 548.52427 | D22: =SUM(D6:D21) -> 226.57299 | E22: =SUM(E6:E21) -> 173.01589 | F22: =SUM(F6:F21) -> 134.93539 | G22: =SUM(G6:G21) -> 10 | H22: =SUM(H6:H21) -> 4 | I22: =SUM(I6:I21) -> 533.52427 | J22: =SUM(J6:J21) -> 15 | ... S22: =SUM(S6:S21) -> 0
B23: % DA EXTENSÃO DA MALHA (548.52 km) | D23: =SUM(D22:H22)/548.52 -> 1.0000078 | I23: (soma do grupo 'CONDIÇÃO DO PAVIMENTO' dividida pela malha)

Sheet 246
A1: PROGRAMA DE MANUTENÇÃO RODOVIÁRIA — FICHA DE INSPEÇÃO — RODOVIAS PAVIMENTADAS | Y1: Valores dos gráficos — troca 0 por N/D para a fatia não aparecer. Não editar.
A2: REGIÃO: 13 — DIANÓPOLIS | G2: MÊS / ANO: | I2: 46266 | K2: DATA: | P2: TÉCNICO: | R2: ENG. THIAGO BORGES TORQUATO | Y2: =IF(F31=0,NA(),F31) -> 4 | Z2: =IF(G31=0,NA(),G31) -> #N/A | AA2: =IF(H31=0,NA(),H31) -> 10.893612 | AB2: =IF(I31=0,NA(),I31) -> #N/A | AC2: =IF(J31=0,NA(),J31) -> #N/A | AD2: =IF(K31=0,NA(),K31) -> 14.893612 | AE2: =IF(L31=0,NA(),L31) -> #N/A | AF2: =IF(M31=0,NA(),M31) -> 4 | ... AN2: =IF(U31=0,NA(),U31) -> #N/A
A3: TRECHO 246 — RODOVIA TO-040 - TRECHO ALMAS - PORTO ALEGRE DO TOCANTINS | T3: EXTENSÃO: 14,894 km · 2 S.R.E.
A4: COMO PREENCHER: uma X em UMA coluna de cada grupo, por linha. Se houver mais de um defeito no mesmo km, marque o PREDOMINANTE e escreva o resto em OBSERVAÇÕES. A quilometragem é contada de 0 até o fim de CADA S.R.E. (não é o marco da rodovia).
A6: S.R.E. | B6: SENT. | C6: INÍCIO (KM) | D6: FIM (KM) | E6: EXT. (KM) | F6: CONDIÇÃO DO PAVIMENTO | K6: VEGETAÇÃO | M6: ELEM. DE DRENAGEM | P6: SIN. HORIZ. | S6: SIN. VERTICAL | V6: OBSERVAÇÕES | W6: CONFERÊNCIA (só na tela)
F7: BOM | G7: REM. I. | H7: REM. L. | I7: BUR. I. | J7: BUR. L. | K7: ADEQ. | L7: INAD. | M7: LIMPOS | N7: SUJOS | O7: DAN. | P7: BOM | Q7: REG. | R7: INEXIST. | S7: BOM | T7: POUCAS | U7: INEXIST.
A8: S.R.E. 040ETO0150 | ENTR. TO-280 (ALMAS) - ENTR. TO-477 | PPS · Estadual · 1.570 km · início: -11.560857, -47.168445
A9: 040ETO0150 | B9: C | C9: 0 | D9: 1 | E9: =D9-C9 -> 1 | H9: X | K9: X | N9: X | Q9: X | T9: X | W9: =IF(COUNTA(F9:U9)=0,"— não preenchido",IF(COUNTIF(F9:J9,"X")<>1,"FALTA/DUPLA: CONDIÇÃO DO PAVIMENTO",IF(COUNTIF(K9:L9,"X")<>1,"FALTA/DUPLA: VEGETAÇÃO",IF(COUNTIF(M9:O9,"X")<>1,"FALTA/DUPLA: ELEM. DE DRENAGEM",IF(COUNTIF(P9:R9,"X")<>1,"FALTA/DUPLA: SIN. HORIZ.",IF(COUNTIF(S9:U9,"X")<>1,"FALTA/DUPLA: SIN. VERTICAL","OK")))))) -> OK
A10: 040ETO0150 | B10: C | C10: 1 | D10: 1.5702205 | E10: =D10-C10 -> 0.57022047 | H10: X | K10: X | N10: X | Q10: X | T10: X | W10: =IF(COUNTA(F10:U10)=0,"— não preenchido",IF(COUNTIF(F10:J10,"X")<>1,"FALTA/DUPLA: CONDIÇÃO DO PAVIMENTO",IF(COUNTIF(K10:L10,"X")<>1,"FALTA/DUPLA: VEGETAÇÃO",IF(COUNTIF(M10:O10,"X")<>1,"FALTA/DUPLA: ELEM. DE DRENAGEM",IF(COUNTIF(P10:R10,"X")<>1,"FALTA/DUPLA: SIN. HORIZ.",IF(COUNTIF(S10:U10,"X")<>1,"FALTA/DUPLA: SIN. VERTICAL","OK")))))) -> OK
A11: S.R.E. 040ETO0160 | ENTR. TO-477 - PORTO ALEGRE DO TOCANTINS | PPS · Estadual · 13.323 km · início: -11.562467, -47.154838
A12: 040ETO0160 | B12: C | C12: 0 | D12: 1 | E12: =D12-C12 -> 1 | H12: X | K12: X | N12: X | Q12: X | T12: X | W12: =IF(COUNTA(F12:U12)=0,"— não preenchido",IF(COUNTIF(F12:J12,"X")<>1,"FALTA/DUPLA: CONDIÇÃO DO PAVIMENTO",IF(COUNTIF(K12:L12,"X")<>1,"FALTA/DUPLA: VEGETAÇÃO",IF(COUNTIF(M12:O12,"X")<>1,"FALTA/DUPLA: ELEM. DE DRENAGEM",IF(COUNTIF(P12:R12,"X")<>1,"FALTA/DUPLA: SIN. HORIZ.",IF(COUNTIF(S12:U12,"X")<>1,"FALTA/DUPLA: SIN. VERTICAL","OK")))))) -> OK
A13: 040ETO0160 | B13: C | C13: 1 | D13: 2 | E13: =D13-C13 -> 1 | H13: X | K13: X | M13: X | Q13: X | T13: X | W13: =IF(COUNTA(F13:U13)=0,"— não preenchido",IF(COUNTIF(F13:J13,"X")<>1,"FALTA/DUPLA: CONDIÇÃO DO PAVIMENTO",IF(COUNTIF(K13:L13,"X")<>1,"FALTA/DUPLA: VEGETAÇÃO",IF(COUNTIF(M13:O13,"X")<>1,"FALTA/DUPLA: ELEM. DE DRENAGEM",IF(COUNTIF(P13:R13,"X")<>1,"FALTA/DUPLA: SIN. HORIZ.",IF(COUNTIF(S13:U13,"X")<>1,"FALTA/DUPLA: SIN. VERTICAL","OK")))))) -> OK
A14: 040ETO0160 | B14: C | C14: 2 | D14: 3 | E14: =D14-C14 -> 1 | F14: X | K14: X | M14: X | Q14: X | T14: X | W14: =IF(COUNTA(F14:U14)=0,"— não preenchido",IF(COUNTIF(F14:J14,"X")<>1,"FALTA/DUPLA: CONDIÇÃO DO PAVIMENTO",IF(COUNTIF(K14:L14,"X")<>1,"FALTA/DUPLA: VEGETAÇÃO",IF(COUNTIF(M14:O14,"X")<>1,"FALTA/DUPLA: ELEM. DE DRENAGEM",IF(COUNTIF(P14:R14,"X")<>1,"FALTA/DUPLA: SIN. HORIZ.",IF(COUNTIF(S14:U14,"X")<>1,"FALTA/DUPLA: SIN. VERTICAL","OK")))))) -> OK
A15: 040ETO0160 | B15: C | C15: 3 | D15: 4 | E15: =D15-C15 -> 1 | F15: X | K15: X | M15: X | Q15: X | T15: X | W15: =IF(COUNTA(F15:U15)=0,"— não preenchido",IF(COUNTIF(F15:J15,"X")<>1,"FALTA/DUPLA: CONDIÇÃO DO PAVIMENTO",IF(COUNTIF(K15:L15,"X")<>1,"FALTA/DUPLA: VEGETAÇÃO",IF(COUNTIF(M15:O15,"X")<>1,"FALTA/DUPLA: ELEM. DE DRENAGEM",IF(COUNTIF(P15:R15,"X")<>1,"FALTA/DUPLA: SIN. HORIZ.",IF(COUNTIF(S15:U15,"X")<>1,"FALTA/DUPLA: SIN. VERTICAL","OK")))))) -> OK
A16: 040ETO0160 | B16: C | C16: 4 | D16: 5 | E16: =D16-C16 -> 1 | F16: X | K16: X | M16: X | Q16: X | T16: X | W16: =IF(COUNTA(F16:U16)=0,"— não preenchido",IF(COUNTIF(F16:J16,"X")<>1,"FALTA/DUPLA: CONDIÇÃO DO PAVIMENTO",IF(COUNTIF(K16:L16,"X")<>1,"FALTA/DUPLA: VEGETAÇÃO",IF(COUNTIF(M16:O16,"X")<>1,"FALTA/DUPLA: ELEM. DE DRENAGEM",IF(COUNTIF(P16:R16,"X")<>1,"FALTA/DUPLA: SIN. HORIZ.",IF(COUNTIF(S16:U16,"X")<>1,"FALTA/DUPLA: SIN. VERTICAL","OK")))))) -> OK
A17: 040ETO0160 | B17: C | C17: 5 | D17: 6 | E17: =D17-C17 -> 1 | F17: X | K17: X | N17: X | Q17: X | T17: X | W17: =IF(COUNTA(F17:U17)=0,"— não preenchido",IF(COUNTIF(F17:J17,"X")<>1,"FALTA/DUPLA: CONDIÇÃO DO PAVIMENTO",IF(COUNTIF(K17:L17,"X")<>1,"FALTA/DUPLA: VEGETAÇÃO",IF(COUNTIF(M17:O17,"X")<>1,"FALTA/DUPLA: ELEM. DE DRENAGEM",IF(COUNTIF(P17:R17,"X")<>1,"FALTA/DUPLA: SIN. HORIZ.",IF(COUNTIF(S17:U17,"X")<>1,"FALTA/DUPLA: SIN. VERTICAL","OK")))))) -> OK
A18: 040ETO0160 | B18: C | C18: 6 | D18: 7 | E18: =D18-C18 -> 1 | H18: X | K18: X | N18: X | Q18: X | T18: X | W18: =IF(COUNTA(F18:U18)=0,"— não preenchido",IF(COUNTIF(F18:J18,"X")<>1,"FALTA/DUPLA: CONDIÇÃO DO PAVIMENTO",IF(COUNTIF(K18:L18,"X")<>1,"FALTA/DUPLA: VEGETAÇÃO",IF(COUNTIF(M18:O18,"X")<>1,"FALTA/DUPLA: ELEM. DE DRENAGEM",IF(COUNTIF(P18:R18,"X")<>1,"FALTA/DUPLA: SIN. HORIZ.",IF(COUNTIF(S18:U18,"X")<>1,"FALTA/DUPLA: SIN. VERTICAL","OK")))))) -> OK
A19: 040ETO0160 | B19: C | C19: 7 | D19: 8 | E19: =D19-C19 -> 1 | H19: X | K19: X | N19: X | Q19: X | T19: X | W19: =IF(COUNTA(F19:U19)=0,"— não preenchido",IF(COUNTIF(F19:J19,"X")<>1,"FALTA/DUPLA: CONDIÇÃO DO PAVIMENTO",IF(COUNTIF(K19:L19,"X")<>1,"FALTA/DUPLA: VEGETAÇÃO",IF(COUNTIF(M19:O19,"X")<>1,"FALTA/DUPLA: ELEM. DE DRENAGEM",IF(COUNTIF(P19:R19,"X")<>1,"FALTA/DUPLA: SIN. HORIZ.",IF(COUNTIF(S19:U19,"X")<>1,"FALTA/DUPLA: SIN. VERTICAL","OK")))))) -> OK
A20: 040ETO0160 | B20: C | C20: 8 | D20: 9 | E20: =D20-C20 -> 1 | H20: X | K20: X | N20: X | Q20: X | T20: X | W20: =IF(COUNTA(F20:U20)=0,"— não preenchido",IF(COUNTIF(F20:J20,"X")<>1,"FALTA/DUPLA: CONDIÇÃO DO PAVIMENTO",IF(COUNTIF(K20:L20,"X")<>1,"FALTA/DUPLA: VEGETAÇÃO",IF(COUNTIF(M20:O20,"X")<>1,"FALTA/DUPLA: ELEM. DE DRENAGEM",IF(COUNTIF(P20:R20,"X")<>1,"FALTA/DUPLA: SIN. HORIZ.",IF(COUNTIF(S20:U20,"X")<>1,"FALTA/DUPLA: SIN. VERTICAL","OK")))))) -> OK
A21: 040ETO0160 | B21: C | C21: 9 | D21: 10 | E21: =D21-C21 -> 1 | H21: X | K21: X | N21: X | Q21: X | T21: X | W21: =IF(COUNTA(F21:U21)=0,"— não preenchido",IF(COUNTIF(F21:J21,"X")<>1,"FALTA/DUPLA: CONDIÇÃO DO PAVIMENTO",IF(COUNTIF(K21:L21,"X")<>1,"FALTA/DUPLA: VEGETAÇÃO",IF(COUNTIF(M21:O21,"X")<>1,"FALTA/DUPLA: ELEM. DE DRENAGEM",IF(COUNTIF(P21:R21,"X")<>1,"FALTA/DUPLA: SIN. HORIZ.",IF(COUNTIF(S21:U21,"X")<>1,"FALTA/DUPLA: SIN. VERTICAL","OK")))))) -> OK
A22: 040ETO0160 | B22: C | C22: 10 | D22: 11 | E22: =D22-C22 -> 1 | H22: X | K22: X | N22: X | Q22: X | T22: X | W22: =IF(COUNTA(F22:U22)=0,"— não preenchido",IF(COUNTIF(F22:J22,"X")<>1,"FALTA/DUPLA: CONDIÇÃO DO PAVIMENTO",IF(COUNTIF(K22:L22,"X")<>1,"FALTA/DUPLA: VEGETAÇÃO",IF(COUNTIF(M22:O22,"X")<>1,"FALTA/DUPLA: ELEM. DE DRENAGEM",IF(COUNTIF(P22:R22,"X")<>1,"FALTA/DUPLA: SIN. HORIZ.",IF(COUNTIF(S22:U22,"X")<>1,"FALTA/DUPLA: SIN. VERTICAL","OK")))))) -> OK
A23: 040ETO0160 | B23: C | C23: 11 | D23: 12 | E23: =D23-C23 -> 1 | H23: X | K23: X | N23: X | Q23: X | T23: X | W23: =IF(COUNTA(F23:U23)=0,"— não preenchido",IF(COUNTIF(F23:J23,"X")<>1,"FALTA/DUPLA: CONDIÇÃO DO PAVIMENTO",IF(COUNTIF(K23:L23,"X")<>1,"FALTA/DUPLA: VEGETAÇÃO",IF(COUNTIF(M23:O23,"X")<>1,"FALTA/DUPLA: ELEM. DE DRENAGEM",IF(COUNTIF(P23:R23,"X")<>1,"FALTA/DUPLA: SIN. HORIZ.",IF(COUNTIF(S23:U23,"X")<>1,"FALTA/DUPLA: SIN. VERTICAL","OK")))))) -> OK
A24: 040ETO0160 | B24: C | C24: 12 | D24: 13 | E24: =D24-C24 -> 1 | H24: X | K24: X | N24: X | Q24: X | T24: X | W24: =IF(COUNTA(F24:U24)=0,"— não preenchido",IF(COUNTIF(F24:J24,"X")<>1,"FALTA/DUPLA: CONDIÇÃO DO PAVIMENTO",IF(COUNTIF(K24:L24,"X")<>1,"FALTA/DUPLA: VEGETAÇÃO",IF(COUNTIF(M24:O24,"X")<>1,"FALTA/DUPLA: ELEM. DE DRENAGEM",IF(COUNTIF(P24:R24,"X")<>1,"FALTA/DUPLA: SIN. HORIZ.",IF(COUNTIF(S24:U24,"X")<>1,"FALTA/DUPLA: SIN. VERTICAL","OK")))))) -> OK
A25: 040ETO0160 | B25: C | C25: 13 | D25: 13.323392 | E25: =D25-C25 -> 0.3233917 | H25: X | K25: X | N25: X | Q25: X | T25: X | W25: =IF(COUNTA(F25:U25)=0,"— não preenchido",IF(COUNTIF(F25:J25,"X")<>1,"FALTA/DUPLA: CONDIÇÃO DO PAVIMENTO",IF(COUNTIF(K25:L25,"X")<>1,"FALTA/DUPLA: VEGETAÇÃO",IF(COUNTIF(M25:O25,"X")<>1,"FALTA/DUPLA: ELEM. DE DRENAGEM",IF(COUNTIF(P25:R25,"X")<>1,"FALTA/DUPLA: SIN. HORIZ.",IF(COUNTIF(S25:U25,"X")<>1,"FALTA/DUPLA: SIN. VERTICAL","OK")))))) -> OK
A27: ____________________________________________ | G27: ____________________________________________
A28: TÉCNICO RESPONSÁVEL PELA INSPEÇÃO | G28: VISTO DA SUPERVISÃO
A30: RESUMO DO TRECHO — KM LANÇADO POR ITEM
A31: KM LANÇADO | F31: =SUMIF(F$9:F$25,"X",$E$9:$E$25) -> 4 | G31: =SUMIF(G$9:G$25,"X",$E$9:$E$25) -> 0 | H31: =SUMIF(H$9:H$25,"X",$E$9:$E$25) -> 10.893612 | I31: =SUMIF(I$9:I$25,"X",$E$9:$E$25) -> 0 | J31: =SUMIF(J$9:J$25,"X",$E$9:$E$25) -> 0 | K31: =SUMIF(K$9:K$25,"X",$E$9:$E$25) -> 14.893612 | L31: =SUMIF(L$9:L$25,"X",$E$9:$E$25) -> 0 | M31: =SUMIF(M$9:M$25,"X",$E$9:$E$25) -> 4 | ... U31: =SUMIF(U$9:U$25,"X",$E$9:$E$25) -> 0
A32: % DA EXTENSÃO | F32: =IF($R34=0,0,F31/$R34) -> 0.26857152 | G32: =IF($R34=0,0,G31/$R34) -> 0 | H32: =IF($R34=0,0,H31/$R34) -> 0.73142848 | I32: =IF($R34=0,0,I31/$R34) -> 0 | J32: =IF($R34=0,0,J31/$R34) -> 0 | K32: =IF($R34=0,0,K31/$R34) -> 1 | L32: =IF($R34=0,0,L31/$R34) -> 0 | M32: =IF($R34=0,0,M31/$R34) -> 0.26857152 | ... U32: =IF($R34=0,0,U31/$R34) -> 0
A33: CONFERÊNCIA POR GRUPO | F33: =IF(SUM(F31:J31)=0,"— não preenchido",IF(ROUND(SUM(F31:J31)-$R34,3)=0,"OK — "&ROUND(SUM(F31:J31),3)&" km","ERRO — dif. de "&ROUND(SUM(F31:J31)-$R34,3)&" km")) -> OK — 14,894 km | K33: =IF(SUM(K31:L31)=0,"— não preenchido",IF(ROUND(SUM(K31:L31)-$R34,3)=0,"OK — "&ROUND(SUM(K31:L31),3)&" km","ERRO — dif. de "&ROUND(SUM(K31:L31)-$R34,3)&" km")) -> OK — 14,894 km | M33: =IF(SUM(M31:O31)=0,"— não preenchido",IF(ROUND(SUM(M31:O31)-$R34,3)=0,"OK — "&ROUND(SUM(M31:O31),3)&" km","ERRO — dif. de "&ROUND(SUM(M31:O31)-$R34,3)&" km")) -> OK — 14,894 km | P33: =IF(SUM(P31:R31)=0,"— não preenchido",IF(ROUND(SUM(P31:R31)-$R34,3)=0,"OK — "&ROUND(SUM(P31:R31),3)&" km","ERRO — dif. de "&ROUND(SUM(P31:R31)-$R34,3)&" km")) -> OK — 14,894 km | S33: =IF(SUM(S31:U31)=0,"— não preenchido",IF(ROUND(SUM(S31:U31)-$R34,3)=0,"OK — "&ROUND(SUM(S31:U31),3)&" km","ERRO — dif. de "&ROUND(SUM(S31:U31)-$R34,3)&" km")) -> OK — 14,894 km
A34: EXTENSÃO TOTAL DO TRECHO | R34: =SUM(E9:E25) -> 14.893612 | V34: =COUNTIF(W9:W25,"OK")&" de "&COUNT($E$9:$E$25)&" linhas conferidas" -> 16 de 16 linhas conferidas
A36: LEGENDA
A37: REM. I. / REM. L. | E37: Remendos isolados (até 10 por km) · Remendos ao longo (mais de 10 por km)
A38: BUR. I. / BUR. L. | E38: Buracos isolados (até 5 por km) · Buracos ao longo (mais de 5 por km)
A39: SIT. | E39: PPS = pista simples · PSU = simples urbana · PDU = duplicada
A40: FAIXA AZUL | E40: Cabeçalho de cada S.R.E.: descrição, situação, jurisdição, extensão e coordenada de início.
A41: INÍCIO / FIM (KM) | E41: Contados de 0 até o fim de CADA S.R.E. Não é o marco quilométrico da rodovia.
A42: SENT. | E42: C = crescente · D = decrescente
A43: FAIXA CINZA | E43: Segmento fora do escopo do contrato: você passa por ele, mas não preenche.
A44: CÉLULA VERMELHA | E44: Mais de uma X no mesmo grupo. Apague uma delas.
A45: CONFERÊNCIA | E45: Só na tela, não sai impresso. Fica OK com uma X em cada grupo.

Sheet 247
A1: PROGRAMA DE MANUTENÇÃO RODOVIÁRIA — FICHA DE INSPEÇÃO — RODOVIAS PAVIMENTADAS | Y1: Valores dos gráficos — troca 0 por N/D para a fatia não aparecer. Não editar.
A2: REGIÃO: 13 — DIANÓPOLIS | G2: MÊS / ANO: | I2: 46266 | K2: DATA: | P2: TÉCNICO: | R2: ENG. THIAGO BORGES TORQUATO | Y2: =IF(F54=0,NA(),F54) -> #N/A | Z2: =IF(G54=0,NA(),G54) -> 16.481209 | AA2: =IF(H54=0,NA(),H54) -> 19.5653 | AB2: =IF(I54=0,NA(),I54) -> #N/A | AC2: =IF(J54=0,NA(),J54) -> #N/A | AD2: =IF(K54=0,NA(),K54) -> 36.046509 | AE2: =IF(L54=0,NA(),L54) -> #N/A | AF2: =IF(M54=0,NA(),M54) -> 6.4812088 | ... AN2: =IF(U54=0,NA(),U54) -> #N/A
A3: TRECHO 247 — RODOVIA TO-040 - TRECHO DIANÓPOLIS - NOVO JARDIM | T3: EXTENSÃO: 36,047 km · 3 S.R.E.
A4: COMO PREENCHER: uma X em UMA coluna de cada grupo, por linha. Se houver mais de um defeito no mesmo km, marque o PREDOMINANTE e escreva o resto em OBSERVAÇÕES. A quilometragem é contada de 0 até o fim de CADA S.R.E. (não é o marco da rodovia).
A6: S.R.E. | B6: SENT. | C6: INÍCIO (KM) | D6: FIM (KM) | E6: EXT. (KM) | F6: CONDIÇÃO DO PAVIMENTO | K6: VEGETAÇÃO | M6: ELEM. DE DRENAGEM | P6: SIN. HORIZ. | S6: SIN. VERTICAL | V6: OBSERVAÇÕES | W6: CONFERÊNCIA (só na tela)
F7: BOM | G7: REM. I. | H7: REM. L. | I7: BUR. I. | J7: BUR. L. | K7: ADEQ. | L7: INAD. | M7: LIMPOS | N7: SUJOS | O7: DAN. | P7: BOM | Q7: REG. | R7: INEXIST. | S7: BOM | T7: POUCAS | U7: INEXIST.
A8: S.R.E. 040ETO0190 | ENTR. TO-476 (DIANÓPOLIS) - ENTR. TO-387-TO-110 | PPS · Estadual · 6.295 km · início: -11.613246, -46.82411
A9: 040ETO0190 | B9: C | C9: 0 | D9: 1 | E9: =D9-C9 -> 1 | G9: X | K9: X | N9: X | Q9: X | T9: X | W9: =IF(COUNTA(F9:U9)=0,"— não preenchido",IF(COUNTIF(F9:J9,"X")<>1,"FALTA/DUPLA: CONDIÇÃO DO PAVIMENTO",IF(COUNTIF(K9:L9,"X")<>1,"FALTA/DUPLA: VEGETAÇÃO",IF(COUNTIF(M9:O9,"X")<>1,"FALTA/DUPLA: ELEM. DE DRENAGEM",IF(COUNTIF(P9:R9,"X")<>1,"FALTA/DUPLA: SIN. HORIZ.",IF(COUNTIF(S9:U9,"X")<>1,"FALTA/DUPLA: SIN. VERTICAL","OK")))))) -> OK
A10: 040ETO0190 | B10: C | C10: 1 | D10: 2 | E10: =D10-C10 -> 1 | G10: X | K10: X | N10: X | Q10: X | T10: X | W10: =IF(COUNTA(F10:U10)=0,"— não preenchido",IF(COUNTIF(F10:J10,"X")<>1,"FALTA/DUPLA: CONDIÇÃO DO PAVIMENTO",IF(COUNTIF(K10:L10,"X")<>1,"FALTA/DUPLA: VEGETAÇÃO",IF(COUNTIF(M10:O10,"X")<>1,"FALTA/DUPLA: ELEM. DE DRENAGEM",IF(COUNTIF(P10:R10,"X")<>1,"FALTA/DUPLA: SIN. HORIZ.",IF(COUNTIF(S10:U10,"X")<>1,"FALTA/DUPLA: SIN. VERTICAL","OK")))))) -> OK
A11: 040ETO0190 | B11: C | C11: 2 | D11: 3 | E11: =D11-C11 -> 1 | G11: X | K11: X | M11: X | Q11: X | T11: X | W11: =IF(COUNTA(F11:U11)=0,"— não preenchido",IF(COUNTIF(F11:J11,"X")<>1,"FALTA/DUPLA: CONDIÇÃO DO PAVIMENTO",IF(COUNTIF(K11:L11,"X")<>1,"FALTA/DUPLA: VEGETAÇÃO",IF(COUNTIF(M11:O11,"X")<>1,"FALTA/DUPLA: ELEM. DE DRENAGEM",IF(COUNTIF(P11:R11,"X")<>1,"FALTA/DUPLA: SIN. HORIZ.",IF(COUNTIF(S11:U11,"X")<>1,"FALTA/DUPLA: SIN. VERTICAL","OK")))))) -> OK
A12: 040ETO0190 | B12: C | C12: 3 | D12: 4 | E12: =D12-C12 -> 1 | G12: X | K12: X | M12: X | Q12: X | T12: X | W12: =IF(COUNTA(F12:U12)=0,"— não preenchido",IF(COUNTIF(F12:J12,"X")<>1,"FALTA/DUPLA: CONDIÇÃO DO PAVIMENTO",IF(COUNTIF(K12:L12,"X")<>1,"FALTA/DUPLA: VEGETAÇÃO",IF(COUNTIF(M12:O12,"X")<>1,"FALTA/DUPLA: ELEM. DE DRENAGEM",IF(COUNTIF(P12:R12,"X")<>1,"FALTA/DUPLA: SIN. HORIZ.",IF(COUNTIF(S12:U12,"X")<>1,"FALTA/DUPLA: SIN. VERTICAL","OK")))))) -> OK
A13: 040ETO0190 | B13: C | C13: 4 | D13: 5 | E13: =D13-C13 -> 1 | G13: X | K13: X | N13: X | Q13: X | T13: X | W13: =IF(COUNTA(F13:U13)=0,"— não preenchido",IF(COUNTIF(F13:J13,"X")<>1,"FALTA/DUPLA: CONDIÇÃO DO PAVIMENTO",IF(COUNTIF(K13:L13,"X")<>1,"FALTA/DUPLA: VEGETAÇÃO",IF(COUNTIF(M13:O13,"X")<>1,"FALTA/DUPLA: ELEM. DE DRENAGEM",IF(COUNTIF(P13:R13,"X")<>1,"FALTA/DUPLA: SIN. HORIZ.",IF(COUNTIF(S13:U13,"X")<>1,"FALTA/DUPLA: SIN. VERTICAL","OK")))))) -> OK
A14: 040ETO0190 | B14: C | C14: 5 | D14: 6 | E14: =D14-C14 -> 1 | H14: X | K14: X | N14: X | Q14: X | T14: X | W14: =IF(COUNTA(F14:U14)=0,"— não preenchido",IF(COUNTIF(F14:J14,"X")<>1,"FALTA/DUPLA: CONDIÇÃO DO PAVIMENTO",IF(COUNTIF(K14:L14,"X")<>1,"FALTA/DUPLA: VEGETAÇÃO",IF(COUNTIF(M14:O14,"X")<>1,"FALTA/DUPLA: ELEM. DE DRENAGEM",IF(COUNTIF(P14:R14,"X")<>1,"FALTA/DUPLA: SIN. HORIZ.",IF(COUNTIF(S14:U14,"X")<>1,"FALTA/DUPLA: SIN. VERTICAL","OK")))))) -> OK
A15: 040ETO0190 | B15: C | C15: 6 | D15: 6.2949204 | E15: =D15-C15 -> 0.29492043 | H15: X | K15: X | N15: X | Q15: X | T15: X | W15: =IF(COUNTA(F15:U15)=0,"— não preenchido",IF(COUNTIF(F15:J15,"X")<>1,"FALTA/DUPLA: CONDIÇÃO DO PAVIMENTO",IF(COUNTIF(K15:L15,"X")<>1,"FALTA/DUPLA: VEGETAÇÃO",IF(COUNTIF(M15:O15,"X")<>1,"FALTA/DUPLA: ELEM. DE DRENAGEM",IF(COUNTIF(P15:R15,"X")<>1,"FALTA/DUPLA: SIN. HORIZ.",IF(COUNTIF(S15:U15,"X")<>1,"FALTA/DUPLA: SIN. VERTICAL","OK")))))) -> OK
A16: S.R.E. 040ETO0200 | ENTR. TO-387-TO-110 - AMARALINA | PPS · Estadual · 11.481 km · início: -11.627861, -46.77819
A17: 040ETO0200 | B17: C | C17: 0 | D17: 1 | E17: =D17-C17 -> 1 | G17: X | K17: X | N17: X | Q17: X | T17: X | W17: =IF(COUNTA(F17:U17)=0,"— não preenchido",IF(COUNTIF(F17:J17,"X")<>1,"FALTA/DUPLA: CONDIÇÃO DO PAVIMENTO",IF(COUNTIF(K17:L17,"X")<>1,"FALTA/DUPLA: VEGETAÇÃO",IF(COUNTIF(M17:O17,"X")<>1,"FALTA/DUPLA: ELEM. DE DRENAGEM",IF(COUNTIF(P17:R17,"X")<>1,"FALTA/DUPLA: SIN. HORIZ.",IF(COUNTIF(S17:U17,"X")<>1,"FALTA/DUPLA: SIN. VERTICAL","OK")))))) -> OK
A18: 040ETO0200 | B18: C | C18: 1 | D18: 2 | E18: =D18-C18 -> 1 | G18: X | K18: X | N18: X | Q18: X | T18: X | W18: =IF(COUNTA(F18:U18)=0,"— não preenchido",IF(COUNTIF(F18:J18,"X")<>1,"FALTA/DUPLA: CONDIÇÃO DO PAVIMENTO",IF(COUNTIF(K18:L18,"X")<>1,"FALTA/DUPLA: VEGETAÇÃO",IF(COUNTIF(M18:O18,"X")<>1,"FALTA/DUPLA: ELEM. DE DRENAGEM",IF(COUNTIF(P18:R18,"X")<>1,"FALTA/DUPLA: SIN. HORIZ.",IF(COUNTIF(S18:U18,"X")<>1,"FALTA/DUPLA: SIN. VERTICAL","OK")))))) -> OK
A19: 040ETO0200 | B19: C | C19: 2 | D19: 3 | E19: =D19-C19 -> 1 | G19: X | K19: X | N19: X | Q19: X | T19: X | W19: =IF(COUNTA(F19:U19)=0,"— não preenchido",IF(COUNTIF(F19:J19,"X")<>1,"FALTA/DUPLA: CONDIÇÃO DO PAVIMENTO",IF(COUNTIF(K19:L19,"X")<>1,"FALTA/DUPLA: VEGETAÇÃO",IF(COUNTIF(M19:O19,"X")<>1,"FALTA/DUPLA: ELEM. DE DRENAGEM",IF(COUNTIF(P19:R19,"X")<>1,"FALTA/DUPLA: SIN. HORIZ.",IF(COUNTIF(S19:U19,"X")<>1,"FALTA/DUPLA: SIN. VERTICAL","OK")))))) -> OK
A20: 040ETO0200 | B20: C | C20: 3 | D20: 4 | E20: =D20-C20 -> 1 | G20: X | K20: X | N20: X | Q20: X | T20: X | W20: =IF(COUNTA(F20:U20)=0,"— não preenchido",IF(COUNTIF(F20:J20,"X")<>1,"FALTA/DUPLA: CONDIÇÃO DO PAVIMENTO",IF(COUNTIF(K20:L20,"X")<>1,"FALTA/DUPLA: VEGETAÇÃO",IF(COUNTIF(M20:O20,"X")<>1,"FALTA/DUPLA: ELEM. DE DRENAGEM",IF(COUNTIF(P20:R20,"X")<>1,"FALTA/DUPLA: SIN. HORIZ.",IF(COUNTIF(S20:U20,"X")<>1,"FALTA/DUPLA: SIN. VERTICAL","OK")))))) -> OK
A21: 040ETO0200 | B21: C | C21: 4 | D21: 5 | E21: =D21-C21 -> 1 | G21: X | K21: X | N21: X | Q21: X | T21: X | W21: =IF(COUNTA(F21:U21)=0,"— não preenchido",IF(COUNTIF(F21:J21,"X")<>1,"FALTA/DUPLA: CONDIÇÃO DO PAVIMENTO",IF(COUNTIF(K21:L21,"X")<>1,"FALTA/DUPLA: VEGETAÇÃO",IF(COUNTIF(M21:O21,"X")<>1,"FALTA/DUPLA: ELEM. DE DRENAGEM",IF(COUNTIF(P21:R21,"X")<>1,"FALTA/DUPLA: SIN. HORIZ.",IF(COUNTIF(S21:U21,"X")<>1,"FALTA/DUPLA: SIN. VERTICAL","OK")))))) -> OK
A22: 040ETO0200 | B22: C | C22: 5 | D22: 6 | E22: =D22-C22 -> 1 | G22: X | K22: X | N22: X | Q22: X | T22: X | W22: =IF(COUNTA(F22:U22)=0,"— não preenchido",IF(COUNTIF(F22:J22,"X")<>1,"FALTA/DUPLA: CONDIÇÃO DO PAVIMENTO",IF(COUNTIF(K22:L22,"X")<>1,"FALTA/DUPLA: VEGETAÇÃO",IF(COUNTIF(M22:O22,"X")<>1,"FALTA/DUPLA: ELEM. DE DRENAGEM",IF(COUNTIF(P22:R22,"X")<>1,"FALTA/DUPLA: SIN. HORIZ.",IF(COUNTIF(S22:U22,"X")<>1,"FALTA/DUPLA: SIN. VERTICAL","OK")))))) -> OK
A23: 040ETO0200 | B23: C | C23: 6 | D23: 7 | E23: =D23-C23 -> 1 | G23: X | K23: X | N23: X | Q23: X | T23: X | W23: =IF(COUNTA(F23:U23)=0,"— não preenchido",IF(COUNTIF(F23:J23,"X")<>1,"FALTA/DUPLA: CONDIÇÃO DO PAVIMENTO",IF(COUNTIF(K23:L23,"X")<>1,"FALTA/DUPLA: VEGETAÇÃO",IF(COUNTIF(M23:O23,"X")<>1,"FALTA/DUPLA: ELEM. DE DRENAGEM",IF(COUNTIF(P23:R23,"X")<>1,"FALTA/DUPLA: SIN. HORIZ.",IF(COUNTIF(S23:U23,"X")<>1,"FALTA/DUPLA: SIN. VERTICAL","OK")))))) -> OK
A24: 040ETO0200 | B24: C | C24: 7 | D24: 8 | E24: =D24-C24 -> 1 | G24: X | K24: X | M24: X | Q24: X | T24: X | W24: =IF(COUNTA(F24:U24)=0,"— não preenchido",IF(COUNTIF(F24:J24,"X")<>1,"FALTA/DUPLA: CONDIÇÃO DO PAVIMENTO",IF(COUNTIF(K24:L24,"X")<>1,"FALTA/DUPLA: VEGETAÇÃO",IF(COUNTIF(M24:O24,"X")<>1,"FALTA/DUPLA: ELEM. DE DRENAGEM",IF(COUNTIF(P24:R24,"X")<>1,"FALTA/DUPLA: SIN. HORIZ.",IF(COUNTIF(S24:U24,"X")<>1,"FALTA/DUPLA: SIN. VERTICAL","OK")))))) -> OK
A25: 040ETO0200 | B25: C | C25: 8 | D25: 9 | E25: =D25-C25 -> 1 | G25: X | K25: X | M25: X | Q25: X | T25: X | W25: =IF(COUNTA(F25:U25)=0,"— não preenchido",IF(COUNTIF(F25:J25,"X")<>1,"FALTA/DUPLA: CONDIÇÃO DO PAVIMENTO",IF(COUNTIF(K25:L25,"X")<>1,"FALTA/DUPLA: VEGETAÇÃO",IF(COUNTIF(M25:O25,"X")<>1,"FALTA/DUPLA: ELEM. DE DRENAGEM",IF(COUNTIF(P25:R25,"X")<>1,"FALTA/DUPLA: SIN. HORIZ.",IF(COUNTIF(S25:U25,"X")<>1,"FALTA/DUPLA: SIN. VERTICAL","OK")))))) -> OK
A26: 040ETO0200 | B26: C | C26: 9 | D26: 10 | E26: =D26-C26 -> 1 | G26: X | K26: X | M26: X | Q26: X | T26: X | W26: =IF(COUNTA(F26:U26)=0,"— não preenchido",IF(COUNTIF(F26:J26,"X")<>1,"FALTA/DUPLA: CONDIÇÃO DO PAVIMENTO",IF(COUNTIF(K26:L26,"X")<>1,"FALTA/DUPLA: VEGETAÇÃO",IF(COUNTIF(M26:O26,"X")<>1,"FALTA/DUPLA: ELEM. DE DRENAGEM",IF(COUNTIF(P26:R26,"X")<>1,"FALTA/DUPLA: SIN. HORIZ.",IF(COUNTIF(S26:U26,"X")<>1,"FALTA/DUPLA: SIN. VERTICAL","OK")))))) -> OK
A27: 040ETO0200 | B27: C | C27: 10 | D27: 11 | E27: =D27-C27 -> 1 | G27: X | K27: X | M27: X | Q27: X | T27: X | W27: =IF(COUNTA(F27:U27)=0,"— não preenchido",IF(COUNTIF(F27:J27,"X")<>1,"FALTA/DUPLA: CONDIÇÃO DO PAVIMENTO",IF(COUNTIF(K27:L27,"X")<>1,"FALTA/DUPLA: VEGETAÇÃO",IF(COUNTIF(M27:O27,"X")<>1,"FALTA/DUPLA: ELEM. DE DRENAGEM",IF(COUNTIF(P27:R27,"X")<>1,"FALTA/DUPLA: SIN. HORIZ.",IF(COUNTIF(S27:U27,"X")<>1,"FALTA/DUPLA: SIN. VERTICAL","OK")))))) -> OK
A28: 040ETO0200 | B28: C | C28: 11 | D28: 11.481209 | E28: =D28-C28 -> 0.48120884 | G28: X | K28: X | M28: X | Q28: X | T28: X | W28: =IF(COUNTA(F28:U28)=0,"— não preenchido",IF(COUNTIF(F28:J28,"X")<>1,"FALTA/DUPLA: CONDIÇÃO DO PAVIMENTO",IF(COUNTIF(K28:L28,"X")<>1,"FALTA/DUPLA: VEGETAÇÃO",IF(COUNTIF(M28:O28,"X")<>1,"FALTA/DUPLA: ELEM. DE DRENAGEM",IF(COUNTIF(P28:R28,"X")<>1,"FALTA/DUPLA: SIN. HORIZ.",IF(COUNTIF(S28:U28,"X")<>1,"FALTA/DUPLA: SIN. VERTICAL","OK")))))) -> OK
A29: S.R.E. 040ETO0210 | AMARALINA - NOVO JARDIM | PPS · Estadual · 18.270 km · início: -11.720146, -46.741074
A30: 040ETO0210 | B30: C | C30: 0 | D30: 1 | E30: =D30-C30 -> 1 | H30: X | K30: X | N30: X | Q30: X | T30: X | W30: =IF(COUNTA(F30:U30)=0,"— não preenchido",IF(COUNTIF(F30:J30,"X")<>1,"FALTA/DUPLA: CONDIÇÃO DO PAVIMENTO",IF(COUNTIF(K30:L30,"X")<>1,"FALTA/DUPLA: VEGETAÇÃO",IF(COUNTIF(M30:O30,"X")<>1,"FALTA/DUPLA: ELEM. DE DRENAGEM",IF(COUNTIF(P30:R30,"X")<>1,"FALTA/DUPLA: SIN. HORIZ.",IF(COUNTIF(S30:U30,"X")<>1,"FALTA/DUPLA: SIN. VERTICAL","OK")))))) -> OK
A31: 040ETO0210 | B31: C | C31: 1 | D31: 2 | E31: =D31-C31 -> 1 | H31: X | K31: X | N31: X | Q31: X | T31: X | W31: =IF(COUNTA(F31:U31)=0,"— não preenchido",IF(COUNTIF(F31:J31,"X")<>1,"FALTA/DUPLA: CONDIÇÃO DO PAVIMENTO",IF(COUNTIF(K31:L31,"X")<>1,"FALTA/DUPLA: VEGETAÇÃO",IF(COUNTIF(M31:O31,"X")<>1,"FALTA/DUPLA: ELEM. DE DRENAGEM",IF(COUNTIF(P31:R31,"X")<>1,"FALTA/DUPLA: SIN. HORIZ.",IF(COUNTIF(S31:U31,"X")<>1,"FALTA/DUPLA: SIN. VERTICAL","OK")))))) -> OK
A32: 040ETO0210 | B32: C | C32: 2 | D32: 3 | E32: =D32-C32 -> 1 | H32: X | K32: X | N32: X | Q32: X | T32: X | W32: =IF(COUNTA(F32:U32)=0,"— não preenchido",IF(COUNTIF(F32:J32,"X")<>1,"FALTA/DUPLA: CONDIÇÃO DO PAVIMENTO",IF(COUNTIF(K32:L32,"X")<>1,"FALTA/DUPLA: VEGETAÇÃO",IF(COUNTIF(M32:O32,"X")<>1,"FALTA/DUPLA: ELEM. DE DRENAGEM",IF(COUNTIF(P32:R32,"X")<>1,"FALTA/DUPLA: SIN. HORIZ.",IF(COUNTIF(S32:U32,"X")<>1,"FALTA/DUPLA: SIN. VERTICAL","OK")))))) -> OK
A33: 040ETO0210 | B33: C | C33: 3 | D33: 4 | E33: =D33-C33 -> 1 | H33: X | K33: X | N33: X | Q33: X | T33: X | W33: =IF(COUNTA(F33:U33)=0,"— não preenchido",IF(COUNTIF(F33:J33,"X")<>1,"FALTA/DUPLA: CONDIÇÃO DO PAVIMENTO",IF(COUNTIF(K33:L33,"X")<>1,"FALTA/DUPLA: VEGETAÇÃO",IF(COUNTIF(M33:O33,"X")<>1,"FALTA/DUPLA: ELEM. DE DRENAGEM",IF(COUNTIF(P33:R33,"X")<>1,"FALTA/DUPLA: SIN. HORIZ.",IF(COUNTIF(S33:U33,"X")<>1,"FALTA/DUPLA: SIN. VERTICAL","OK")))))) -> OK
A34: 040ETO0210 | B34: C | C34: 4 | D34: 5 | E34: =D34-C34 -> 1 | H34: X | K34: X | N34: X | Q34: X | T34: X | W34: =IF(COUNTA(F34:U34)=0,"— não preenchido",IF(COUNTIF(F34:J34,"X")<>1,"FALTA/DUPLA: CONDIÇÃO DO PAVIMENTO",IF(COUNTIF(K34:L34,"X")<>1,"FALTA/DUPLA: VEGETAÇÃO",IF(COUNTIF(M34:O34,"X")<>1,"FALTA/DUPLA: ELEM. DE DRENAGEM",IF(COUNTIF(P34:R34,"X")<>1,"FALTA/DUPLA: SIN. HORIZ.",IF(COUNTIF(S34:U34,"X")<>1,"FALTA/DUPLA: SIN. VERTICAL","OK")))))) -> OK
A35: 040ETO0210 | B35: C | C35: 5 | D35: 6 | E35: =D35-C35 -> 1 | H35: X | K35: X | N35: X | Q35: X | T35: X | W35: =IF(COUNTA(F35:U35)=0,"— não preenchido",IF(COUNTIF(F35:J35,"X")<>1,"FALTA/DUPLA: CONDIÇÃO DO PAVIMENTO",IF(COUNTIF(K35:L35,"X")<>1,"FALTA/DUPLA: VEGETAÇÃO",IF(COUNTIF(M35:O35,"X")<>1,"FALTA/DUPLA: ELEM. DE DRENAGEM",IF(COUNTIF(P35:R35,"X")<>1,"FALTA/DUPLA: SIN. HORIZ.",IF(COUNTIF(S35:U35,"X")<>1,"FALTA/DUPLA: SIN. VERTICAL","OK")))))) -> OK
A36: 040ETO0210 | B36: C | C36: 6 | D36: 7 | E36: =D36-C36 -> 1 | H36: X | K36: X | N36: X | Q36: X | T36: X | W36: =IF(COUNTA(F36:U36)=0,"— não preenchido",IF(COUNTIF(F36:J36,"X")<>1,"FALTA/DUPLA: CONDIÇÃO DO PAVIMENTO",IF(COUNTIF(K36:L36,"X")<>1,"FALTA/DUPLA: VEGETAÇÃO",IF(COUNTIF(M36:O36,"X")<>1,"FALTA/DUPLA: ELEM. DE DRENAGEM",IF(COUNTIF(P36:R36,"X")<>1,"FALTA/DUPLA: SIN. HORIZ.",IF(COUNTIF(S36:U36,"X")<>1,"FALTA/DUPLA: SIN. VERTICAL","OK")))))) -> OK
A37: 040ETO0210 | B37: C | C37: 7 | D37: 8 | E37: =D37-C37 -> 1 | H37: X | K37: X | N37: X | Q37: X | T37: X | W37: =IF(COUNTA(F37:U37)=0,"— não preenchido",IF(COUNTIF(F37:J37,"X")<>1,"FALTA/DUPLA: CONDIÇÃO DO PAVIMENTO",IF(COUNTIF(K37:L37,"X")<>1,"FALTA/DUPLA: VEGETAÇÃO",IF(COUNTIF(M37:O37,"X")<>1,"FALTA/DUPLA: ELEM. DE DRENAGEM",IF(COUNTIF(P37:R37,"X")<>1,"FALTA/DUPLA: SIN. HORIZ.",IF(COUNTIF(S37:U37,"X")<>1,"FALTA/DUPLA: SIN. VERTICAL","OK")))))) -> OK
A38: 040ETO0210 | B38: C | C38: 8 | D38: 9 | E38: =D38-C38 -> 1 | H38: X | K38: X | N38: X | Q38: X | T38: X | W38: =IF(COUNTA(F38:U38)=0,"— não preenchido",IF(COUNTIF(F38:J38,"X")<>1,"FALTA/DUPLA: CONDIÇÃO DO PAVIMENTO",IF(COUNTIF(K38:L38,"X")<>1,"FALTA/DUPLA: VEGETAÇÃO",IF(COUNTIF(M38:O38,"X")<>1,"FALTA/DUPLA: ELEM. DE DRENAGEM",IF(COUNTIF(P38:R38,"X")<>1,"FALTA/DUPLA: SIN. HORIZ.",IF(COUNTIF(S38:U38,"X")<>1,"FALTA/DUPLA: SIN. VERTICAL","OK")))))) -> OK
A39: 040ETO0210 | B39: C | C39: 9 | D39: 10 | E39: =D39-C39 -> 1 | H39: X | K39: X | N39: X | Q39: X | T39: X | W39: =IF(COUNTA(F39:U39)=0,"— não preenchido",IF(COUNTIF(F39:J39,"X")<>1,"FALTA/DUPLA: CONDIÇÃO DO PAVIMENTO",IF(COUNTIF(K39:L39,"X")<>1,"FALTA/DUPLA: VEGETAÇÃO",IF(COUNTIF(M39:O39,"X")<>1,"FALTA/DUPLA: ELEM. DE DRENAGEM",IF(COUNTIF(P39:R39,"X")<>1,"FALTA/DUPLA: SIN. HORIZ.",IF(COUNTIF(S39:U39,"X")<>1,"FALTA/DUPLA: SIN. VERTICAL","OK")))))) -> OK
A40: 040ETO0210 | B40: C | C40: 10 | D40: 11 | E40: =D40-C40 -> 1 | H40: X | K40: X | N40: X | Q40: X | T40: X | W40: =IF(COUNTA(F40:U40)=0,"— não preenchido",IF(COUNTIF(F40:J40,"X")<>1,"FALTA/DUPLA: CONDIÇÃO DO PAVIMENTO",IF(COUNTIF(K40:L40,"X")<>1,"FALTA/DUPLA: VEGETAÇÃO",IF(COUNTIF(M40:O40,"X")<>1,"FALTA/DUPLA: ELEM. DE DRENAGEM",IF(COUNTIF(P40:R40,"X")<>1,"FALTA/DUPLA: SIN. HORIZ.",IF(COUNTIF(S40:U40,"X")<>1,"FALTA/DUPLA: SIN. VERTICAL","OK")))))) -> OK
A41: 040ETO0210 | B41: C | C41: 11 | D41: 12 | E41: =D41-C41 -> 1 | H41: X | K41: X | N41: X | Q41: X | T41: X | W41: =IF(COUNTA(F41:U41)=0,"— não preenchido",IF(COUNTIF(F41:J41,"X")<>1,"FALTA/DUPLA: CONDIÇÃO DO PAVIMENTO",IF(COUNTIF(K41:L41,"X")<>1,"FALTA/DUPLA: VEGETAÇÃO",IF(COUNTIF(M41:O41,"X")<>1,"FALTA/DUPLA: ELEM. DE DRENAGEM",IF(COUNTIF(P41:R41,"X")<>1,"FALTA/DUPLA: SIN. HORIZ.",IF(COUNTIF(S41:U41,"X")<>1,"FALTA/DUPLA: SIN. VERTICAL","OK")))))) -> OK
... A48: 040ETO0210 | B48: C | C48: 18 | D48: 18.27038 | E48: =D48-C48 -> 0.27037977 | H48: X | K48: X | N48: X | Q48: X | T48: X | W48: =IF(COUNTA(F48:U48)=0,"— não preenchido",IF(COUNTIF(F48:J48,"X")<>1,"FALTA/DUPLA: CONDIÇÃO DO PAVIMENTO",IF(COUNTIF(K48:L48,"X")<>1,"FALTA/DUPLA: VEGETAÇÃO",IF(COUNTIF(M48:O48,"X")<>1,"FALTA/DUPLA: ELEM. DE DRENAGEM",IF(COUNTIF(P48:R48,"X")<>1,"FALTA/DUPLA: SIN. HORIZ.",IF(COUNTIF(S48:U48,"X")<>1,"FALTA/DUPLA: SIN. VERTICAL","OK")))))) -> OK
A50: ____________________________________________ | G50: ____________________________________________
A51: TÉCNICO RESPONSÁVEL PELA INSPEÇÃO | G51: VISTO DA SUPERVISÃO
A53: RESUMO DO TRECHO — KM LANÇADO POR ITEM
A54: KM LANÇADO | F54: =SUMIF(F$9:F$48,"X",$E$9:$E$48) -> 0 | G54: =SUMIF(G$9:G$48,"X",$E$9:$E$48) -> 16.481209 | H54: =SUMIF(H$9:H$48,"X",$E$9:$E$48) -> 19.5653 | I54: =SUMIF(I$9:I$48,"X",$E$9:$E$48) -> 0 | J54: =SUMIF(J$9:J$48,"X",$E$9:$E$48) -> 0 | K54: =SUMIF(K$9:K$48,"X",$E$9:$E$48) -> 36.046509 | L54: =SUMIF(L$9:L$48,"X",$E$9:$E$48) -> 0 | M54: =SUMIF(M$9:M$48,"X",$E$9:$E$48) -> 6.4812088 | ... U54: =SUMIF(U$9:U$48,"X",$E$9:$E$48) -> 0
A55: % DA EXTENSÃO | F55: =IF($R57=0,0,F54/$R57) -> 0 | G55: =IF($R57=0,0,G54/$R57) -> 0.45722067 | H55: =IF($R57=0,0,H54/$R57) -> 0.54277933 | I55: =IF($R57=0,0,I54/$R57) -> 0 | J55: =IF($R57=0,0,J54/$R57) -> 0 | K55: =IF($R57=0,0,K54/$R57) -> 1 | L55: =IF($R57=0,0,L54/$R57) -> 0 | M55: =IF($R57=0,0,M54/$R57) -> 0.17980129 | ... U55: =IF($R57=0,0,U54/$R57) -> 0
A56: CONFERÊNCIA POR GRUPO | F56: =IF(SUM(F54:J54)=0,"— não preenchido",IF(ROUND(SUM(F54:J54)-$R57,3)=0,"OK — "&ROUND(SUM(F54:J54),3)&" km","ERRO — dif. de "&ROUND(SUM(F54:J54)-$R57,3)&" km")) -> OK — 36,047 km | K56: =IF(SUM(K54:L54)=0,"— não preenchido",IF(ROUND(SUM(K54:L54)-$R57,3)=0,"OK — "&ROUND(SUM(K54:L54),3)&" km","ERRO — dif. de "&ROUND(SUM(K54:L54)-$R57,3)&" km")) -> OK — 36,047 km | M56: =IF(SUM(M54:O54)=0,"— não preenchido",IF(ROUND(SUM(M54:O54)-$R57,3)=0,"OK — "&ROUND(SUM(M54:O54),3)&" km","ERRO — dif. de "&ROUND(SUM(M54:O54)-$R57,3)&" km")) -> OK — 36,047 km | P56: =IF(SUM(P54:R54)=0,"— não preenchido",IF(ROUND(SUM(P54:R54)-$R57,3)=0,"OK — "&ROUND(SUM(P54:R54),3)&" km","ERRO — dif. de "&ROUND(SUM(P54:R54)-$R57,3)&" km")) -> OK — 36,047 km | S56: =IF(SUM(S54:U54)=0,"— não preenchido",IF(ROUND(SUM(S54:U54)-$R57,3)=0,"OK — "&ROUND(SUM(S54:U54),3)&" km","ERRO — dif. de "&ROUND(SUM(S54:U54)-$R57,3)&" km")) -> OK — 36,047 km
A57: EXTENSÃO TOTAL DO TRECHO | R57: =SUM(E9:E48) -> 36.046509 | V57: =COUNTIF(W9:W48,"OK")&" de "&COUNT($E$9:$E$48)&" linhas conferidas" -> 38 de 38 linhas conferidas
A59: LEGENDA
A60: REM. I. / REM. L. | E60: Remendos isolados (até 10 por km) · Remendos ao longo (mais de 10 por km)
A61: BUR. I. / BUR. L. | E61: Buracos isolados (até 5 por km) · Buracos ao longo (mais de 5 por km)
A62: SIT. | E62: PPS = pista simples · PSU = simples urbana · PDU = duplicada
A63: FAIXA AZUL | E63: Cabeçalho de cada S.R.E.: descrição, situação, jurisdição, extensão e coordenada de início.
A64: INÍCIO / FIM (KM) | E64: Contados de 0 até o fim de CADA S.R.E. Não é o marco quilométrico da rodovia.
A65: SENT. | E65: C = crescente · D = decrescente
A66: FAIXA CINZA | E66: Segmento fora do escopo do contrato: você passa por ele, mas não preenche.
A67: CÉLULA VERMELHA | E67: Mais de uma X no mesmo grupo. Apague uma delas.
A68: CONFERÊNCIA | E68: Só na tela, não sai impresso. Fica OK com uma X em cada grupo.

Sheet 248
A1: PROGRAMA DE MANUTENÇÃO RODOVIÁRIA — FICHA DE INSPEÇÃO — RODOVIAS PAVIMENTADAS | Y1: Valores dos gráficos — troca 0 por N/D para a fatia não aparecer. Não editar.
A2: REGIÃO: 13 — DIANÓPOLIS | G2: MÊS / ANO: | I2: 46266 | K2: DATA: | P2: TÉCNICO: | R2: ENG. THIAGO BORGES TORQUATO | Y2: =IF(F59=0,NA(),F59) -> 28.187731 | Z2: =IF(G59=0,NA(),G59) -> 5.8182596 | AA2: =IF(H59=0,NA(),H59) -> 9 | AB2: =IF(I59=0,NA(),I59) -> #N/A | AC2: =IF(J59=0,NA(),J59) -> #N/A | AD2: =IF(K59=0,NA(),K59) -> 43.005991 | AE2: =IF(L59=0,NA(),L59) -> #N/A | AF2: =IF(M59=0,NA(),M59) -> #N/A | ... AN2: =IF(U59=0,NA(),U59) -> #N/A
A3: TRECHO 248 — RODOVIA TO-040 - TRECHO NOVO JARDIM - DIVISA TO-BA | T3: EXTENSÃO: 43,006 km · 2 S.R.E.
A4: COMO PREENCHER: uma X em UMA coluna de cada grupo, por linha. Se houver mais de um defeito no mesmo km, marque o PREDOMINANTE e escreva o resto em OBSERVAÇÕES. A quilometragem é contada de 0 até o fim de CADA S.R.E. (não é o marco da rodovia).
A6: S.R.E. | B6: SENT. | C6: INÍCIO (KM) | D6: FIM (KM) | E6: EXT. (KM) | F6: CONDIÇÃO DO PAVIMENTO | K6: VEGETAÇÃO | M6: ELEM. DE DRENAGEM | P6: SIN. HORIZ. | S6: SIN. VERTICAL | V6: OBSERVAÇÕES | W6: CONFERÊNCIA (só na tela)
F7: BOM | G7: REM. I. | H7: REM. L. | I7: BUR. I. | J7: BUR. L. | K7: ADEQ. | L7: INAD. | M7: LIMPOS | N7: SUJOS | O7: DAN. | P7: BOM | Q7: REG. | R7: INEXIST. | S7: BOM | T7: POUCAS | U7: INEXIST.
A8: S.R.E. 040ETO0220 | NOVO JARDIM - ENTR. TO-110 | PPS · Estadual · 5.818 km · início: -11.821038, -46.621003
A9: 040ETO0220 | B9: C | C9: 0 | D9: 1 | E9: =D9-C9 -> 1 | G9: X | K9: X | N9: X | Q9: X | T9: X | W9: =IF(COUNTA(F9:U9)=0,"— não preenchido",IF(COUNTIF(F9:J9,"X")<>1,"FALTA/DUPLA: CONDIÇÃO DO PAVIMENTO",IF(COUNTIF(K9:L9,"X")<>1,"FALTA/DUPLA: VEGETAÇÃO",IF(COUNTIF(M9:O9,"X")<>1,"FALTA/DUPLA: ELEM. DE DRENAGEM",IF(COUNTIF(P9:R9,"X")<>1,"FALTA/DUPLA: SIN. HORIZ.",IF(COUNTIF(S9:U9,"X")<>1,"FALTA/DUPLA: SIN. VERTICAL","OK")))))) -> OK
A10: 040ETO0220 | B10: C | C10: 1 | D10: 2 | E10: =D10-C10 -> 1 | G10: X | K10: X | N10: X | Q10: X | T10: X | W10: =IF(COUNTA(F10:U10)=0,"— não preenchido",IF(COUNTIF(F10:J10,"X")<>1,"FALTA/DUPLA: CONDIÇÃO DO PAVIMENTO",IF(COUNTIF(K10:L10,"X")<>1,"FALTA/DUPLA: VEGETAÇÃO",IF(COUNTIF(M10:O10,"X")<>1,"FALTA/DUPLA: ELEM. DE DRENAGEM",IF(COUNTIF(P10:R10,"X")<>1,"FALTA/DUPLA: SIN. HORIZ.",IF(COUNTIF(S10:U10,"X")<>1,"FALTA/DUPLA: SIN. VERTICAL","OK")))))) -> OK
A11: 040ETO0220 | B11: C | C11: 2 | D11: 3 | E11: =D11-C11 -> 1 | G11: X | K11: X | N11: X | Q11: X | T11: X | W11: =IF(COUNTA(F11:U11)=0,"— não preenchido",IF(COUNTIF(F11:J11,"X")<>1,"FALTA/DUPLA: CONDIÇÃO DO PAVIMENTO",IF(COUNTIF(K11:L11,"X")<>1,"FALTA/DUPLA: VEGETAÇÃO",IF(COUNTIF(M11:O11,"X")<>1,"FALTA/DUPLA: ELEM. DE DRENAGEM",IF(COUNTIF(P11:R11,"X")<>1,"FALTA/DUPLA: SIN. HORIZ.",IF(COUNTIF(S11:U11,"X")<>1,"FALTA/DUPLA: SIN. VERTICAL","OK")))))) -> OK
A12: 040ETO0220 | B12: C | C12: 3 | D12: 4 | E12: =D12-C12 -> 1 | G12: X | K12: X | N12: X | Q12: X | T12: X | W12: =IF(COUNTA(F12:U12)=0,"— não preenchido",IF(COUNTIF(F12:J12,"X")<>1,"FALTA/DUPLA: CONDIÇÃO DO PAVIMENTO",IF(COUNTIF(K12:L12,"X")<>1,"FALTA/DUPLA: VEGETAÇÃO",IF(COUNTIF(M12:O12,"X")<>1,"FALTA/DUPLA: ELEM. DE DRENAGEM",IF(COUNTIF(P12:R12,"X")<>1,"FALTA/DUPLA: SIN. HORIZ.",IF(COUNTIF(S12:U12,"X")<>1,"FALTA/DUPLA: SIN. VERTICAL","OK")))))) -> OK
A13: 040ETO0220 | B13: C | C13: 4 | D13: 5 | E13: =D13-C13 -> 1 | G13: X | K13: X | N13: X | Q13: X | T13: X | W13: =IF(COUNTA(F13:U13)=0,"— não preenchido",IF(COUNTIF(F13:J13,"X")<>1,"FALTA/DUPLA: CONDIÇÃO DO PAVIMENTO",IF(COUNTIF(K13:L13,"X")<>1,"FALTA/DUPLA: VEGETAÇÃO",IF(COUNTIF(M13:O13,"X")<>1,"FALTA/DUPLA: ELEM. DE DRENAGEM",IF(COUNTIF(P13:R13,"X")<>1,"FALTA/DUPLA: SIN. HORIZ.",IF(COUNTIF(S13:U13,"X")<>1,"FALTA/DUPLA: SIN. VERTICAL","OK")))))) -> OK
A14: 040ETO0220 | B14: C | C14: 5 | D14: 5.8182596 | E14: =D14-C14 -> 0.81825962 | G14: X | K14: X | N14: X | Q14: X | T14: X | W14: =IF(COUNTA(F14:U14)=0,"— não preenchido",IF(COUNTIF(F14:J14,"X")<>1,"FALTA/DUPLA: CONDIÇÃO DO PAVIMENTO",IF(COUNTIF(K14:L14,"X")<>1,"FALTA/DUPLA: VEGETAÇÃO",IF(COUNTIF(M14:O14,"X")<>1,"FALTA/DUPLA: ELEM. DE DRENAGEM",IF(COUNTIF(P14:R14,"X")<>1,"FALTA/DUPLA: SIN. HORIZ.",IF(COUNTIF(S14:U14,"X")<>1,"FALTA/DUPLA: SIN. VERTICAL","OK")))))) -> OK
A15: S.R.E. 040ETO0230 | ENTR. TO-110 - DIV TO-BA | PPS · Estadual · 37.188 km · início: -11.832466, -46.580968
A16: 040ETO0230 | B16: C | C16: 0 | D16: 1 | E16: =D16-C16 -> 1 | F16: X | K16: X | N16: X | Q16: X | T16: X | V16: 37,19 km | W16: =IF(COUNTA(F16:U16)=0,"— não preenchido",IF(COUNTIF(F16:J16,"X")<>1,"FALTA/DUPLA: CONDIÇÃO DO PAVIMENTO",IF(COUNTIF(K16:L16,"X")<>1,"FALTA/DUPLA: VEGETAÇÃO",IF(COUNTIF(M16:O16,"X")<>1,"FALTA/DUPLA: ELEM. DE DRENAGEM",IF(COUNTIF(P16:R16,"X")<>1,"FALTA/DUPLA: SIN. HORIZ.",IF(COUNTIF(S16:U16,"X")<>1,"FALTA/DUPLA: SIN. VERTICAL","OK")))))) -> OK
A17: 040ETO0230 | B17: C | C17: 1 | D17: 2 | E17: =D17-C17 -> 1 | F17: X | K17: X | N17: X | Q17: X | T17: X | V17: 37,19 km | W17: =IF(COUNTA(F17:U17)=0,"— não preenchido",IF(COUNTIF(F17:J17,"X")<>1,"FALTA/DUPLA: CONDIÇÃO DO PAVIMENTO",IF(COUNTIF(K17:L17,"X")<>1,"FALTA/DUPLA: VEGETAÇÃO",IF(COUNTIF(M17:O17,"X")<>1,"FALTA/DUPLA: ELEM. DE DRENAGEM",IF(COUNTIF(P17:R17,"X")<>1,"FALTA/DUPLA: SIN. HORIZ.",IF(COUNTIF(S17:U17,"X")<>1,"FALTA/DUPLA: SIN. VERTICAL","OK")))))) -> OK
A18: 040ETO0230 | B18: C | C18: 2 | D18: 3 | E18: =D18-C18 -> 1 | F18: X | K18: X | N18: X | Q18: X | T18: X | V18: 37,19 km | W18: =IF(COUNTA(F18:U18)=0,"— não preenchido",IF(COUNTIF(F18:J18,"X")<>1,"FALTA/DUPLA: CONDIÇÃO DO PAVIMENTO",IF(COUNTIF(K18:L18,"X")<>1,"FALTA/DUPLA: VEGETAÇÃO",IF(COUNTIF(M18:O18,"X")<>1,"FALTA/DUPLA: ELEM. DE DRENAGEM",IF(COUNTIF(P18:R18,"X")<>1,"FALTA/DUPLA: SIN. HORIZ.",IF(COUNTIF(S18:U18,"X")<>1,"FALTA/DUPLA: SIN. VERTICAL","OK")))))) -> OK
A19: 040ETO0230 | B19: C | C19: 3 | D19: 4 | E19: =D19-C19 -> 1 | F19: X | K19: X | N19: X | Q19: X | T19: X | W19: =IF(COUNTA(F19:U19)=0,"— não preenchido",IF(COUNTIF(F19:J19,"X")<>1,"FALTA/DUPLA: CONDIÇÃO DO PAVIMENTO",IF(COUNTIF(K19:L19,"X")<>1,"FALTA/DUPLA: VEGETAÇÃO",IF(COUNTIF(M19:O19,"X")<>1,"FALTA/DUPLA: ELEM. DE DRENAGEM",IF(COUNTIF(P19:R19,"X")<>1,"FALTA/DUPLA: SIN. HORIZ.",IF(COUNTIF(S19:U19,"X")<>1,"FALTA/DUPLA: SIN. VERTICAL","OK")))))) -> OK
A20: 040ETO0230 | B20: C | C20: 4 | D20: 5 | E20: =D20-C20 -> 1 | F20: X | K20: X | N20: X | Q20: X | T20: X | W20: =IF(COUNTA(F20:U20)=0,"— não preenchido",IF(COUNTIF(F20:J20,"X")<>1,"FALTA/DUPLA: CONDIÇÃO DO PAVIMENTO",IF(COUNTIF(K20:L20,"X")<>1,"FALTA/DUPLA: VEGETAÇÃO",IF(COUNTIF(M20:O20,"X")<>1,"FALTA/DUPLA: ELEM. DE DRENAGEM",IF(COUNTIF(P20:R20,"X")<>1,"FALTA/DUPLA: SIN. HORIZ.",IF(COUNTIF(S20:U20,"X")<>1,"FALTA/DUPLA: SIN. VERTICAL","OK")))))) -> OK
A21: 040ETO0230 | B21: C | C21: 5 | D21: 6 | E21: =D21-C21 -> 1 | F21: X | K21: X | N21: X | Q21: X | T21: X | W21: =IF(COUNTA(F21:U21)=0,"— não preenchido",IF(COUNTIF(F21:J21,"X")<>1,"FALTA/DUPLA: CONDIÇÃO DO PAVIMENTO",IF(COUNTIF(K21:L21,"X")<>1,"FALTA/DUPLA: VEGETAÇÃO",IF(COUNTIF(M21:O21,"X")<>1,"FALTA/DUPLA: ELEM. DE DRENAGEM",IF(COUNTIF(P21:R21,"X")<>1,"FALTA/DUPLA: SIN. HORIZ.",IF(COUNTIF(S21:U21,"X")<>1,"FALTA/DUPLA: SIN. VERTICAL","OK")))))) -> OK
A22: 040ETO0230 | B22: C | C22: 6 | D22: 7 | E22: =D22-C22 -> 1 | F22: X | K22: X | N22: X | Q22: X | T22: X | W22: =IF(COUNTA(F22:U22)=0,"— não preenchido",IF(COUNTIF(F22:J22,"X")<>1,"FALTA/DUPLA: CONDIÇÃO DO PAVIMENTO",IF(COUNTIF(K22:L22,"X")<>1,"FALTA/DUPLA: VEGETAÇÃO",IF(COUNTIF(M22:O22,"X")<>1,"FALTA/DUPLA: ELEM. DE DRENAGEM",IF(COUNTIF(P22:R22,"X")<>1,"FALTA/DUPLA: SIN. HORIZ.",IF(COUNTIF(S22:U22,"X")<>1,"FALTA/DUPLA: SIN. VERTICAL","OK")))))) -> OK
A23: 040ETO0230 | B23: C | C23: 7 | D23: 8 | E23: =D23-C23 -> 1 | H23: X | K23: X | N23: X | Q23: X | T23: X | W23: =IF(COUNTA(F23:U23)=0,"— não preenchido",IF(COUNTIF(F23:J23,"X")<>1,"FALTA/DUPLA: CONDIÇÃO DO PAVIMENTO",IF(COUNTIF(K23:L23,"X")<>1,"FALTA/DUPLA: VEGETAÇÃO",IF(COUNTIF(M23:O23,"X")<>1,"FALTA/DUPLA: ELEM. DE DRENAGEM",IF(COUNTIF(P23:R23,"X")<>1,"FALTA/DUPLA: SIN. HORIZ.",IF(COUNTIF(S23:U23,"X")<>1,"FALTA/DUPLA: SIN. VERTICAL","OK")))))) -> OK
A24: 040ETO0230 | B24: C | C24: 8 | D24: 9 | E24: =D24-C24 -> 1 | F24: X | K24: X | N24: X | Q24: X | T24: X | W24: =IF(COUNTA(F24:U24)=0,"— não preenchido",IF(COUNTIF(F24:J24,"X")<>1,"FALTA/DUPLA: CONDIÇÃO DO PAVIMENTO",IF(COUNTIF(K24:L24,"X")<>1,"FALTA/DUPLA: VEGETAÇÃO",IF(COUNTIF(M24:O24,"X")<>1,"FALTA/DUPLA: ELEM. DE DRENAGEM",IF(COUNTIF(P24:R24,"X")<>1,"FALTA/DUPLA: SIN. HORIZ.",IF(COUNTIF(S24:U24,"X")<>1,"FALTA/DUPLA: SIN. VERTICAL","OK")))))) -> OK
A25: 040ETO0230 | B25: C | C25: 9 | D25: 10 | E25: =D25-C25 -> 1 | F25: X | K25: X | N25: X | Q25: X | T25: X | W25: =IF(COUNTA(F25:U25)=0,"— não preenchido",IF(COUNTIF(F25:J25,"X")<>1,"FALTA/DUPLA: CONDIÇÃO DO PAVIMENTO",IF(COUNTIF(K25:L25,"X")<>1,"FALTA/DUPLA: VEGETAÇÃO",IF(COUNTIF(M25:O25,"X")<>1,"FALTA/DUPLA: ELEM. DE DRENAGEM",IF(COUNTIF(P25:R25,"X")<>1,"FALTA/DUPLA: SIN. HORIZ.",IF(COUNTIF(S25:U25,"X")<>1,"FALTA/DUPLA: SIN. VERTICAL","OK")))))) -> OK
A26: 040ETO0230 | B26: C | C26: 10 | D26: 11 | E26: =D26-C26 -> 1 | F26: X | K26: X | N26: X | Q26: X | T26: X | W26: =IF(COUNTA(F26:U26)=0,"— não preenchido",IF(COUNTIF(F26:J26,"X")<>1,"FALTA/DUPLA: CONDIÇÃO DO PAVIMENTO",IF(COUNTIF(K26:L26,"X")<>1,"FALTA/DUPLA: VEGETAÇÃO",IF(COUNTIF(M26:O26,"X")<>1,"FALTA/DUPLA: ELEM. DE DRENAGEM",IF(COUNTIF(P26:R26,"X")<>1,"FALTA/DUPLA: SIN. HORIZ.",IF(COUNTIF(S26:U26,"X")<>1,"FALTA/DUPLA: SIN. VERTICAL","OK")))))) -> OK
A27: 040ETO0230 | B27: C | C27: 11 | D27: 12 | E27: =D27-C27 -> 1 | H27: X | K27: X | N27: X | Q27: X | T27: X | W27: =IF(COUNTA(F27:U27)=0,"— não preenchido",IF(COUNTIF(F27:J27,"X")<>1,"FALTA/DUPLA: CONDIÇÃO DO PAVIMENTO",IF(COUNTIF(K27:L27,"X")<>1,"FALTA/DUPLA: VEGETAÇÃO",IF(COUNTIF(M27:O27,"X")<>1,"FALTA/DUPLA: ELEM. DE DRENAGEM",IF(COUNTIF(P27:R27,"X")<>1,"FALTA/DUPLA: SIN. HORIZ.",IF(COUNTIF(S27:U27,"X")<>1,"FALTA/DUPLA: SIN. VERTICAL","OK")))))) -> OK
A28: 040ETO0230 | B28: C | C28: 12 | D28: 13 | E28: =D28-C28 -> 1 | F28: X | K28: X | N28: X | Q28: X | T28: X | W28: =IF(COUNTA(F28:U28)=0,"— não preenchido",IF(COUNTIF(F28:J28,"X")<>1,"FALTA/DUPLA: CONDIÇÃO DO PAVIMENTO",IF(COUNTIF(K28:L28,"X")<>1,"FALTA/DUPLA: VEGETAÇÃO",IF(COUNTIF(M28:O28,"X")<>1,"FALTA/DUPLA: ELEM. DE DRENAGEM",IF(COUNTIF(P28:R28,"X")<>1,"FALTA/DUPLA: SIN. HORIZ.",IF(COUNTIF(S28:U28,"X")<>1,"FALTA/DUPLA: SIN. VERTICAL","OK")))))) -> OK
A29: 040ETO0230 | B29: C | C29: 13 | D29: 14 | E29: =D29-C29 -> 1 | F29: X | K29: X | N29: X | Q29: X | T29: X | W29: =IF(COUNTA(F29:U29)=0,"— não preenchido",IF(COUNTIF(F29:J29,"X")<>1,"FALTA/DUPLA: CONDIÇÃO DO PAVIMENTO",IF(COUNTIF(K29:L29,"X")<>1,"FALTA/DUPLA: VEGETAÇÃO",IF(COUNTIF(M29:O29,"X")<>1,"FALTA/DUPLA: ELEM. DE DRENAGEM",IF(COUNTIF(P29:R29,"X")<>1,"FALTA/DUPLA: SIN. HORIZ.",IF(COUNTIF(S29:U29,"X")<>1,"FALTA/DUPLA: SIN. VERTICAL","OK")))))) -> OK
A30: 040ETO0230 | B30: C | C30: 14 | D30: 15 | E30: =D30-C30 -> 1 | F30: X | K30: X | N30: X | Q30: X | T30: X | W30: =IF(COUNTA(F30:U30)=0,"— não preenchido",IF(COUNTIF(F30:J30,"X")<>1,"FALTA/DUPLA: CONDIÇÃO DO PAVIMENTO",IF(COUNTIF(K30:L30,"X")<>1,"FALTA/DUPLA: VEGETAÇÃO",IF(COUNTIF(M30:O30,"X")<>1,"FALTA/DUPLA: ELEM. DE DRENAGEM",IF(COUNTIF(P30:R30,"X")<>1,"FALTA/DUPLA: SIN. HORIZ.",IF(COUNTIF(S30:U30,"X")<>1,"FALTA/DUPLA: SIN. VERTICAL","OK")))))) -> OK
A31: 040ETO0230 | B31: C | C31: 15 | D31: 16 | E31: =D31-C31 -> 1 | F31: X | K31: X | N31: X | Q31: X | T31: X | W31: =IF(COUNTA(F31:U31)=0,"— não preenchido",IF(COUNTIF(F31:J31,"X")<>1,"FALTA/DUPLA: CONDIÇÃO DO PAVIMENTO",IF(COUNTIF(K31:L31,"X")<>1,"FALTA/DUPLA: VEGETAÇÃO",IF(COUNTIF(M31:O31,"X")<>1,"FALTA/DUPLA: ELEM. DE DRENAGEM",IF(COUNTIF(P31:R31,"X")<>1,"FALTA/DUPLA: SIN. HORIZ.",IF(COUNTIF(S31:U31,"X")<>1,"FALTA/DUPLA: SIN. VERTICAL","OK")))))) -> OK
A32: 040ETO0230 | B32: C | C32: 16 | D32: 17 | E32: =D32-C32 -> 1 | F32: X | K32: X | N32: X | Q32: X | T32: X | W32: =IF(COUNTA(F32:U32)=0,"— não preenchido",IF(COUNTIF(F32:J32,"X")<>1,"FALTA/DUPLA: CONDIÇÃO DO PAVIMENTO",IF(COUNTIF(K32:L32,"X")<>1,"FALTA/DUPLA: VEGETAÇÃO",IF(COUNTIF(M32:O32,"X")<>1,"FALTA/DUPLA: ELEM. DE DRENAGEM",IF(COUNTIF(P32:R32,"X")<>1,"FALTA/DUPLA: SIN. HORIZ.",IF(COUNTIF(S32:U32,"X")<>1,"FALTA/DUPLA: SIN. VERTICAL","OK")))))) -> OK
A33: 040ETO0230 | B33: C | C33: 17 | D33: 18 | E33: =D33-C33 -> 1 | F33: X | K33: X | N33: X | Q33: X | T33: X | W33: =IF(COUNTA(F33:U33)=0,"— não preenchido",IF(COUNTIF(F33:J33,"X")<>1,"FALTA/DUPLA: CONDIÇÃO DO PAVIMENTO",IF(COUNTIF(K33:L33,"X")<>1,"FALTA/DUPLA: VEGETAÇÃO",IF(COUNTIF(M33:O33,"X")<>1,"FALTA/DUPLA: ELEM. DE DRENAGEM",IF(COUNTIF(P33:R33,"X")<>1,"FALTA/DUPLA: SIN. HORIZ.",IF(COUNTIF(S33:U33,"X")<>1,"FALTA/DUPLA: SIN. VERTICAL","OK")))))) -> OK
A34: 040ETO0230 | B34: C | C34: 18 | D34: 19 | E34: =D34-C34 -> 1 | F34: X | K34: X | N34: X | Q34: X | T34: X | W34: =IF(COUNTA(F34:U34)=0,"— não preenchido",IF(COUNTIF(F34:J34,"X")<>1,"FALTA/DUPLA: CONDIÇÃO DO PAVIMENTO",IF(COUNTIF(K34:L34,"X")<>1,"FALTA/DUPLA: VEGETAÇÃO",IF(COUNTIF(M34:O34,"X")<>1,"FALTA/DUPLA: ELEM. DE DRENAGEM",IF(COUNTIF(P34:R34,"X")<>1,"FALTA/DUPLA: SIN. HORIZ.",IF(COUNTIF(S34:U34,"X")<>1,"FALTA/DUPLA: SIN. VERTICAL","OK")))))) -> OK
A35: 040ETO0230 | B35: C | C35: 19 | D35: 20 | E35: =D35-C35 -> 1 | H35: X | K35: X | N35: X | Q35: X | T35: X | W35: =IF(COUNTA(F35:U35)=0,"— não preenchido",IF(COUNTIF(F35:J35,"X")<>1,"FALTA/DUPLA: CONDIÇÃO DO PAVIMENTO",IF(COUNTIF(K35:L35,"X")<>1,"FALTA/DUPLA: VEGETAÇÃO",IF(COUNTIF(M35:O35,"X")<>1,"FALTA/DUPLA: ELEM. DE DRENAGEM",IF(COUNTIF(P35:R35,"X")<>1,"FALTA/DUPLA: SIN. HORIZ.",IF(COUNTIF(S35:U35,"X")<>1,"FALTA/DUPLA: SIN. VERTICAL","OK")))))) -> OK
A36: 040ETO0230 | B36: C | C36: 20 | D36: 21 | E36: =D36-C36 -> 1 | H36: X | K36: X | N36: X | Q36: X | T36: X | W36: =IF(COUNTA(F36:U36)=0,"— não preenchido",IF(COUNTIF(F36:J36,"X")<>1,"FALTA/DUPLA: CONDIÇÃO DO PAVIMENTO",IF(COUNTIF(K36:L36,"X")<>1,"FALTA/DUPLA: VEGETAÇÃO",IF(COUNTIF(M36:O36,"X")<>1,"FALTA/DUPLA: ELEM. DE DRENAGEM",IF(COUNTIF(P36:R36,"X")<>1,"FALTA/DUPLA: SIN. HORIZ.",IF(COUNTIF(S36:U36,"X")<>1,"FALTA/DUPLA: SIN. VERTICAL","OK")))))) -> OK
A37: 040ETO0230 | B37: C | C37: 21 | D37: 22 | E37: =D37-C37 -> 1 | H37: X | K37: X | N37: X | Q37: X | T37: X | W37: =IF(COUNTA(F37:U37)=0,"— não preenchido",IF(COUNTIF(F37:J37,"X")<>1,"FALTA/DUPLA: CONDIÇÃO DO PAVIMENTO",IF(COUNTIF(K37:L37,"X")<>1,"FALTA/DUPLA: VEGETAÇÃO",IF(COUNTIF(M37:O37,"X")<>1,"FALTA/DUPLA: ELEM. DE DRENAGEM",IF(COUNTIF(P37:R37,"X")<>1,"FALTA/DUPLA: SIN. HORIZ.",IF(COUNTIF(S37:U37,"X")<>1,"FALTA/DUPLA: SIN. VERTICAL","OK")))))) -> OK
A38: 040ETO0230 | B38: C | C38: 22 | D38: 23 | E38: =D38-C38 -> 1 | H38: X | K38: X | N38: X | Q38: X | T38: X | W38: =IF(COUNTA(F38:U38)=0,"— não preenchido",IF(COUNTIF(F38:J38,"X")<>1,"FALTA/DUPLA: CONDIÇÃO DO PAVIMENTO",IF(COUNTIF(K38:L38,"X")<>1,"FALTA/DUPLA: VEGETAÇÃO",IF(COUNTIF(M38:O38,"X")<>1,"FALTA/DUPLA: ELEM. DE DRENAGEM",IF(COUNTIF(P38:R38,"X")<>1,"FALTA/DUPLA: SIN. HORIZ.",IF(COUNTIF(S38:U38,"X")<>1,"FALTA/DUPLA: SIN. VERTICAL","OK")))))) -> OK
A39: 040ETO0230 | B39: C | C39: 23 | D39: 24 | E39: =D39-C39 -> 1 | H39: X | K39: X | N39: X | Q39: X | T39: X | W39: =IF(COUNTA(F39:U39)=0,"— não preenchido",IF(COUNTIF(F39:J39,"X")<>1,"FALTA/DUPLA: CONDIÇÃO DO PAVIMENTO",IF(COUNTIF(K39:L39,"X")<>1,"FALTA/DUPLA: VEGETAÇÃO",IF(COUNTIF(M39:O39,"X")<>1,"FALTA/DUPLA: ELEM. DE DRENAGEM",IF(COUNTIF(P39:R39,"X")<>1,"FALTA/DUPLA: SIN. HORIZ.",IF(COUNTIF(S39:U39,"X")<>1,"FALTA/DUPLA: SIN. VERTICAL","OK")))))) -> OK
A40: 040ETO0230 | B40: C | C40: 24 | D40: 25 | E40: =D40-C40 -> 1 | H40: X | K40: X | N40: X | Q40: X | T40: X | W40: =IF(COUNTA(F40:U40)=0,"— não preenchido",IF(COUNTIF(F40:J40,"X")<>1,"FALTA/DUPLA: CONDIÇÃO DO PAVIMENTO",IF(COUNTIF(K40:L40,"X")<>1,"FALTA/DUPLA: VEGETAÇÃO",IF(COUNTIF(M40:O40,"X")<>1,"FALTA/DUPLA: ELEM. DE DRENAGEM",IF(COUNTIF(P40:R40,"X")<>1,"FALTA/DUPLA: SIN. HORIZ.",IF(COUNTIF(S40:U40,"X")<>1,"FALTA/DUPLA: SIN. VERTICAL","OK")))))) -> OK
A41: 040ETO0230 | B41: C | C41: 25 | D41: 26 | E41: =D41-C41 -> 1 | H41: X | K41: X | N41: X | Q41: X | T41: X | W41: =IF(COUNTA(F41:U41)=0,"— não preenchido",IF(COUNTIF(F41:J41,"X")<>1,"FALTA/DUPLA: CONDIÇÃO DO PAVIMENTO",IF(COUNTIF(K41:L41,"X")<>1,"FALTA/DUPLA: VEGETAÇÃO",IF(COUNTIF(M41:O41,"X")<>1,"FALTA/DUPLA: ELEM. DE DRENAGEM",IF(COUNTIF(P41:R41,"X")<>1,"FALTA/DUPLA: SIN. HORIZ.",IF(COUNTIF(S41:U41,"X")<>1,"FALTA/DUPLA: SIN. VERTICAL","OK")))))) -> OK
A42: 040ETO0230 | B42: C | C42: 26 | D42: 27 | E42: =D42-C42 -> 1 | F42: X | K42: X | N42: X | Q42: X | T42: X | W42: =IF(COUNTA(F42:U42)=0,"— não preenchido",IF(COUNTIF(F42:J42,"X")<>1,"FALTA/DUPLA: CONDIÇÃO DO PAVIMENTO",IF(COUNTIF(K42:L42,"X")<>1,"FALTA/DUPLA: VEGETAÇÃO",IF(COUNTIF(M42:O42,"X")<>1,"FALTA/DUPLA: ELEM. DE DRENAGEM",IF(COUNTIF(P42:R42,"X")<>1,"FALTA/DUPLA: SIN. HORIZ.",IF(COUNTIF(S42:U42,"X")<>1,"FALTA/DUPLA: SIN. VERTICAL","OK")))))) -> OK
A43: 040ETO0230 | B43: C | C43: 27 | D43: 28 | E43: =D43-C43 -> 1 | F43: X | K43: X | N43: X | Q43: X | T43: X | W43: =IF(COUNTA(F43:U43)=0,"— não preenchido",IF(COUNTIF(F43:J43,"X")<>1,"FALTA/DUPLA: CONDIÇÃO DO PAVIMENTO",IF(COUNTIF(K43:L43,"X")<>1,"FALTA/DUPLA: VEGETAÇÃO",IF(COUNTIF(M43:O43,"X")<>1,"FALTA/DUPLA: ELEM. DE DRENAGEM",IF(COUNTIF(P43:R43,"X")<>1,"FALTA/DUPLA: SIN. HORIZ.",IF(COUNTIF(S43:U43,"X")<>1,"FALTA/DUPLA: SIN. VERTICAL","OK")))))) -> OK
A44: 040ETO0230 | B44: C | C44: 28 | D44: 29 | E44: =D44-C44 -> 1 | F44: X | K44: X | N44: X | Q44: X | T44: X | W44: =IF(COUNTA(F44:U44)=0,"— não preenchido",IF(COUNTIF(F44:J44,"X")<>1,"FALTA/DUPLA: CONDIÇÃO DO PAVIMENTO",IF(COUNTIF(K44:L44,"X")<>1,"FALTA/DUPLA: VEGETAÇÃO",IF(COUNTIF(M44:O44,"X")<>1,"FALTA/DUPLA: ELEM. DE DRENAGEM",IF(COUNTIF(P44:R44,"X")<>1,"FALTA/DUPLA: SIN. HORIZ.",IF(COUNTIF(S44:U44,"X")<>1,"FALTA/DUPLA: SIN. VERTICAL","OK")))))) -> OK
A45: 040ETO0230 | B45: C | C45: 29 | D45: 30 | E45: =D45-C45 -> 1 | F45: X | K45: X | N45: X | Q45: X | T45: X | W45: =IF(COUNTA(F45:U45)=0,"— não preenchido",IF(COUNTIF(F45:J45,"X")<>1,"FALTA/DUPLA: CONDIÇÃO DO PAVIMENTO",IF(COUNTIF(K45:L45,"X")<>1,"FALTA/DUPLA: VEGETAÇÃO",IF(COUNTIF(M45:O45,"X")<>1,"FALTA/DUPLA: ELEM. DE DRENAGEM",IF(COUNTIF(P45:R45,"X")<>1,"FALTA/DUPLA: SIN. HORIZ.",IF(COUNTIF(S45:U45,"X")<>1,"FALTA/DUPLA: SIN. VERTICAL","OK")))))) -> OK
A46: 040ETO0230 | B46: C | C46: 30 | D46: 31 | E46: =D46-C46 -> 1 | F46: X | K46: X | N46: X | Q46: X | T46: X | W46: =IF(COUNTA(F46:U46)=0,"— não preenchido",IF(COUNTIF(F46:J46,"X")<>1,"FALTA/DUPLA: CONDIÇÃO DO PAVIMENTO",IF(COUNTIF(K46:L46,"X")<>1,"FALTA/DUPLA: VEGETAÇÃO",IF(COUNTIF(M46:O46,"X")<>1,"FALTA/DUPLA: ELEM. DE DRENAGEM",IF(COUNTIF(P46:R46,"X")<>1,"FALTA/DUPLA: SIN. HORIZ.",IF(COUNTIF(S46:U46,"X")<>1,"FALTA/DUPLA: SIN. VERTICAL","OK")))))) -> OK
A47: 040ETO0230 | B47: C | C47: 31 | D47: 32 | E47: =D47-C47 -> 1 | F47: X | K47: X | N47: X | Q47: X | T47: X | W47: =IF(COUNTA(F47:U47)=0,"— não preenchido",IF(COUNTIF(F47:J47,"X")<>1,"FALTA/DUPLA: CONDIÇÃO DO PAVIMENTO",IF(COUNTIF(K47:L47,"X")<>1,"FALTA/DUPLA: VEGETAÇÃO",IF(COUNTIF(M47:O47,"X")<>1,"FALTA/DUPLA: ELEM. DE DRENAGEM",IF(COUNTIF(P47:R47,"X")<>1,"FALTA/DUPLA: SIN. HORIZ.",IF(COUNTIF(S47:U47,"X")<>1,"FALTA/DUPLA: SIN. VERTICAL","OK")))))) -> OK
A48: 040ETO0230 | B48: C | C48: 32 | D48: 33 | E48: =D48-C48 -> 1 | F48: X | K48: X | N48: X | Q48: X | T48: X | W48: =IF(COUNTA(F48:U48)=0,"— não preenchido",IF(COUNTIF(F48:J48,"X")<>1,"FALTA/DUPLA: CONDIÇÃO DO PAVIMENTO",IF(COUNTIF(K48:L48,"X")<>1,"FALTA/DUPLA: VEGETAÇÃO",IF(COUNTIF(M48:O48,"X")<>1,"FALTA/DUPLA: ELEM. DE DRENAGEM",IF(COUNTIF(P48:R48,"X")<>1,"FALTA/DUPLA: SIN. HORIZ.",IF(COUNTIF(S48:U48,"X")<>1,"FALTA/DUPLA: SIN. VERTICAL","OK")))))) -> OK
A49: 040ETO0230 | B49: C | C49: 33 | D49: 34 | E49: =D49-C49 -> 1 | F49: X | K49: X | N49: X | Q49: X | T49: X | W49: =IF(COUNTA(F49:U49)=0,"— não preenchido",IF(COUNTIF(F49:J49,"X")<>1,"FALTA/DUPLA: CONDIÇÃO DO PAVIMENTO",IF(COUNTIF(K49:L49,"X")<>1,"FALTA/DUPLA: VEGETAÇÃO",IF(COUNTIF(M49:O49,"X")<>1,"FALTA/DUPLA: ELEM. DE DRENAGEM",IF(COUNTIF(P49:R49,"X")<>1,"FALTA/DUPLA: SIN. HORIZ.",IF(COUNTIF(S49:U49,"X")<>1,"FALTA/DUPLA: SIN. VERTICAL","OK")))))) -> OK
A50: 040ETO0230 | B50: C | C50: 34 | D50: 35 | E50: =D50-C50 -> 1 | F50: X | K50: X | N50: X | Q50: X | T50: X | W50: =IF(COUNTA(F50:U50)=0,"— não preenchido",IF(COUNTIF(F50:J50,"X")<>1,"FALTA/DUPLA: CONDIÇÃO DO PAVIMENTO",IF(COUNTIF(K50:L50,"X")<>1,"FALTA/DUPLA: VEGETAÇÃO",IF(COUNTIF(M50:O50,"X")<>1,"FALTA/DUPLA: ELEM. DE DRENAGEM",IF(COUNTIF(P50:R50,"X")<>1,"FALTA/DUPLA: SIN. HORIZ.",IF(COUNTIF(S50:U50,"X")<>1,"FALTA/DUPLA: SIN. VERTICAL","OK")))))) -> OK
A51: 040ETO0230 | B51: C | C51: 35 | D51: 36 | E51: =D51-C51 -> 1 | F51: X | K51: X | N51: X | Q51: X | T51: X | W51: =IF(COUNTA(F51:U51)=0,"— não preenchido",IF(COUNTIF(F51:J51,"X")<>1,"FALTA/DUPLA: CONDIÇÃO DO PAVIMENTO",IF(COUNTIF(K51:L51,"X")<>1,"FALTA/DUPLA: VEGETAÇÃO",IF(COUNTIF(M51:O51,"X")<>1,"FALTA/DUPLA: ELEM. DE DRENAGEM",IF(COUNTIF(P51:R51,"X")<>1,"FALTA/DUPLA: SIN. HORIZ.",IF(COUNTIF(S51:U51,"X")<>1,"FALTA/DUPLA: SIN. VERTICAL","OK")))))) -> OK
A52: 040ETO0230 | B52: C | C52: 36 | D52: 37 | E52: =D52-C52 -> 1 | F52: X | K52: X | N52: X | Q52: X | T52: X | W52: =IF(COUNTA(F52:U52)=0,"— não preenchido",IF(COUNTIF(F52:J52,"X")<>1,"FALTA/DUPLA: CONDIÇÃO DO PAVIMENTO",IF(COUNTIF(K52:L52,"X")<>1,"FALTA/DUPLA: VEGETAÇÃO",IF(COUNTIF(M52:O52,"X")<>1,"FALTA/DUPLA: ELEM. DE DRENAGEM",IF(COUNTIF(P52:R52,"X")<>1,"FALTA/DUPLA: SIN. HORIZ.",IF(COUNTIF(S52:U52,"X")<>1,"FALTA/DUPLA: SIN. VERTICAL","OK")))))) -> OK
A53: 040ETO0230 | B53: C | C53: 37 | D53: 37.187731 | E53: =D53-C53 -> 0.18773142 | F53: X | K53: X | N53: X | Q53: X | T53: X | W53: =IF(COUNTA(F53:U53)=0,"— não preenchido",IF(COUNTIF(F53:J53,"X")<>1,"FALTA/DUPLA: CONDIÇÃO DO PAVIMENTO",IF(COUNTIF(K53:L53,"X")<>1,"FALTA/DUPLA: VEGETAÇÃO",IF(COUNTIF(M53:O53,"X")<>1,"FALTA/DUPLA: ELEM. DE DRENAGEM",IF(COUNTIF(P53:R53,"X")<>1,"FALTA/DUPLA: SIN. HORIZ.",IF(COUNTIF(S53:U53,"X")<>1,"FALTA/DUPLA: SIN. VERTICAL","OK")))))) -> OK
A55: ____________________________________________ | G55: ____________________________________________
A56: TÉCNICO RESPONSÁVEL PELA INSPEÇÃO | G56: VISTO DA SUPERVISÃO
A58: RESUMO DO TRECHO — KM LANÇADO POR ITEM
A59: KM LANÇADO | F59: =SUMIF(F$9:F$53,"X",$E$9:$E$53) -> 28.187731 | G59: =SUMIF(G$9:G$53,"X",$E$9:$E$53) -> 5.8182596 | H59: =SUMIF(H$9:H$53,"X",$E$9:$E$53) -> 9 | I59: =SUMIF(I$9:I$53,"X",$E$9:$E$53) -> 0 | J59: =SUMIF(J$9:J$53,"X",$E$9:$E$53) -> 0 | K59: =SUMIF(K$9:K$53,"X",$E$9:$E$53) -> 43.005991 | L59: =SUMIF(L$9:L$53,"X",$E$9:$E$53) -> 0 | M59: =SUMIF(M$9:M$53,"X",$E$9:$E$53) -> 0 | ... U59: =SUMIF(U$9:U$53,"X",$E$9:$E$53) -> 0
A60: % DA EXTENSÃO | F60: =IF($R62=0,0,F59/$R62) -> 0.65543732 | G60: =IF($R62=0,0,G59/$R62) -> 0.13528951 | H60: =IF($R62=0,0,H59/$R62) -> 0.20927317 | I60: =IF($R62=0,0,I59/$R62) -> 0 | J60: =IF($R62=0,0,J59/$R62) -> 0 | K60: =IF($R62=0,0,K59/$R62) -> 1 | L60: =IF($R62=0,0,L59/$R62) -> 0 | M60: =IF($R62=0,0,M59/$R62) -> 0 | ... U60: =IF($R62=0,0,U59/$R62) -> 0
A61: CONFERÊNCIA POR GRUPO | F61: =IF(SUM(F59:J59)=0,"— não preenchido",IF(ROUND(SUM(F59:J59)-$R62,3)=0,"OK — "&ROUND(SUM(F59:J59),3)&" km","ERRO — dif. de "&ROUND(SUM(F59:J59)-$R62,3)&" km")) -> OK — 43,006 km | K61: =IF(SUM(K59:L59)=0,"— não preenchido",IF(ROUND(SUM(K59:L59)-$R62,3)=0,"OK — "&ROUND(SUM(K59:L59),3)&" km","ERRO — dif. de "&ROUND(SUM(K59:L59)-$R62,3)&" km")) -> OK — 43,006 km | M61: =IF(SUM(M59:O59)=0,"— não preenchido",IF(ROUND(SUM(M59:O59)-$R62,3)=0,"OK — "&ROUND(SUM(M59:O59),3)&" km","ERRO — dif. de "&ROUND(SUM(M59:O59)-$R62,3)&" km")) -> OK — 43,006 km | P61: =IF(SUM(P59:R59)=0,"— não preenchido",IF(ROUND(SUM(P59:R59)-$R62,3)=0,"OK — "&ROUND(SUM(P59:R59),3)&" km","ERRO — dif. de "&ROUND(SUM(P59:R59)-$R62,3)&" km")) -> OK — 43,006 km | S61: =IF(SUM(S59:U59)=0,"— não preenchido",IF(ROUND(SUM(S59:U59)-$R62,3)=0,"OK — "&ROUND(SUM(S59:U59),3)&" km","ERRO — dif. de "&ROUND(SUM(S59:U59)-$R62,3)&" km")) -> OK — 43,006 km
A62: EXTENSÃO TOTAL DO TRECHO | R62: =SUM(E9:E53) -> 43.005991 | V62: =COUNTIF(W9:W53,"OK")&" de "&COUNT($E$9:$E$53)&" linhas conferidas" -> 44 de 44 linhas conferidas
A64: LEGENDA
A65: REM. I. / REM. L. | E65: Remendos isolados (até 10 por km) · Remendos ao longo (mais de 10 por km)
A66: BUR. I. / BUR. L. | E66: Buracos isolados (até 5 por km) · Buracos ao longo (mais de 5 por km)
A67: SIT. | E67: PPS = pista simples · PSU = simples urbana · PDU = duplicada
A68: FAIXA AZUL | E68: Cabeçalho de cada S.R.E.: descrição, situação, jurisdição, extensão e coordenada de início.
A69: INÍCIO / FIM (KM) | E69: Contados de 0 até o fim de CADA S.R.E. Não é o marco quilométrico da rodovia.
A70: SENT. | E70: C = crescente · D = decrescente
A71: FAIXA CINZA | E71: Segmento fora do escopo do contrato: você passa por ele, mas não preenche.
A72: CÉLULA VERMELHA | E72: Mais de uma X no mesmo grupo. Apague uma delas.
A73: CONFERÊNCIA | E73: Só na tela, não sai impresso. Fica OK com uma X em cada grupo.

Sheet 249
A1: PROGRAMA DE MANUTENÇÃO RODOVIÁRIA — FICHA DE INSPEÇÃO — RODOVIAS PAVIMENTADAS | Y1: Valores dos gráficos — troca 0 por N/D para a fatia não aparecer. Não editar.
A2: REGIÃO: 13 — DIANÓPOLIS | G2: MÊS / ANO: | I2: 46266 | K2: DATA: | P2: TÉCNICO: | R2: ENG. THIAGO BORGES TORQUATO | Y2: =IF(F53=0,NA(),F53) -> 12.68404 | Z2: =IF(G53=0,NA(),G53) -> #N/A | AA2: =IF(H53=0,NA(),H53) -> 22.251227 | AB2: =IF(I53=0,NA(),I53) -> #N/A | AC2: =IF(J53=0,NA(),J53) -> #N/A | AD2: =IF(K53=0,NA(),K53) -> 34.935267 | AE2: =IF(L53=0,NA(),L53) -> #N/A | AF2: =IF(M53=0,NA(),M53) -> 34.935267 | ... AN2: =IF(U53=0,NA(),U53) -> #N/A
A3: TRECHO 249 — RODOVIA TO-040 - TRECHO PORTO ALEGRE DO TOCANTINS - DIANÓPOLIS | T3: EXTENSÃO: 34,935 km · 3 S.R.E.
A4: COMO PREENCHER: uma X em UMA coluna de cada grupo, por linha. Se houver mais de um defeito no mesmo km, marque o PREDOMINANTE e escreva o resto em OBSERVAÇÕES. A quilometragem é contada de 0 até o fim de CADA S.R.E. (não é o marco da rodovia).
A6: S.R.E. | B6: SENT. | C6: INÍCIO (KM) | D6: FIM (KM) | E6: EXT. (KM) | F6: CONDIÇÃO DO PAVIMENTO | K6: VEGETAÇÃO | M6: ELEM. DE DRENAGEM | P6: SIN. HORIZ. | S6: SIN. VERTICAL | V6: OBSERVAÇÕES | W6: CONFERÊNCIA (só na tela)
F7: BOM | G7: REM. I. | H7: REM. L. | I7: BUR. I. | J7: BUR. L. | K7: ADEQ. | L7: INAD. | M7: LIMPOS | N7: SUJOS | O7: DAN. | P7: BOM | Q7: REG. | R7: INEXIST. | S7: BOM | T7: POUCAS | U7: INEXIST.
A8: S.R.E. 040ETO0170 | PORTO ALEGRE DO TOCANTINS - ENTR.TO-387 | PPS · Estadual · 15.046 km · início: -11.617986, -47.012691
A9: 040ETO0170 | B9: C | C9: 0 | D9: 1 | E9: =D9-C9 -> 1 | H9: X | K9: X | M9: X | Q9: X | T9: X | W9: =IF(COUNTA(F9:U9)=0,"— não preenchido",IF(COUNTIF(F9:J9,"X")<>1,"FALTA/DUPLA: CONDIÇÃO DO PAVIMENTO",IF(COUNTIF(K9:L9,"X")<>1,"FALTA/DUPLA: VEGETAÇÃO",IF(COUNTIF(M9:O9,"X")<>1,"FALTA/DUPLA: ELEM. DE DRENAGEM",IF(COUNTIF(P9:R9,"X")<>1,"FALTA/DUPLA: SIN. HORIZ.",IF(COUNTIF(S9:U9,"X")<>1,"FALTA/DUPLA: SIN. VERTICAL","OK")))))) -> OK
A10: 040ETO0170 | B10: C | C10: 1 | D10: 2 | E10: =D10-C10 -> 1 | H10: X | K10: X | M10: X | Q10: X | T10: X | W10: =IF(COUNTA(F10:U10)=0,"— não preenchido",IF(COUNTIF(F10:J10,"X")<>1,"FALTA/DUPLA: CONDIÇÃO DO PAVIMENTO",IF(COUNTIF(K10:L10,"X")<>1,"FALTA/DUPLA: VEGETAÇÃO",IF(COUNTIF(M10:O10,"X")<>1,"FALTA/DUPLA: ELEM. DE DRENAGEM",IF(COUNTIF(P10:R10,"X")<>1,"FALTA/DUPLA: SIN. HORIZ.",IF(COUNTIF(S10:U10,"X")<>1,"FALTA/DUPLA: SIN. VERTICAL","OK")))))) -> OK
A11: 040ETO0170 | B11: C | C11: 2 | D11: 3 | E11: =D11-C11 -> 1 | H11: X | K11: X | M11: X | Q11: X | T11: X | W11: =IF(COUNTA(F11:U11)=0,"— não preenchido",IF(COUNTIF(F11:J11,"X")<>1,"FALTA/DUPLA: CONDIÇÃO DO PAVIMENTO",IF(COUNTIF(K11:L11,"X")<>1,"FALTA/DUPLA: VEGETAÇÃO",IF(COUNTIF(M11:O11,"X")<>1,"FALTA/DUPLA: ELEM. DE DRENAGEM",IF(COUNTIF(P11:R11,"X")<>1,"FALTA/DUPLA: SIN. HORIZ.",IF(COUNTIF(S11:U11,"X")<>1,"FALTA/DUPLA: SIN. VERTICAL","OK")))))) -> OK
A12: 040ETO0170 | B12: C | C12: 3 | D12: 4 | E12: =D12-C12 -> 1 | H12: X | K12: X | M12: X | Q12: X | T12: X | W12: =IF(COUNTA(F12:U12)=0,"— não preenchido",IF(COUNTIF(F12:J12,"X")<>1,"FALTA/DUPLA: CONDIÇÃO DO PAVIMENTO",IF(COUNTIF(K12:L12,"X")<>1,"FALTA/DUPLA: VEGETAÇÃO",IF(COUNTIF(M12:O12,"X")<>1,"FALTA/DUPLA: ELEM. DE DRENAGEM",IF(COUNTIF(P12:R12,"X")<>1,"FALTA/DUPLA: SIN. HORIZ.",IF(COUNTIF(S12:U12,"X")<>1,"FALTA/DUPLA: SIN. VERTICAL","OK")))))) -> OK
A13: 040ETO0170 | B13: C | C13: 4 | D13: 5 | E13: =D13-C13 -> 1 | F13: X | K13: X | M13: X | Q13: X | T13: X | W13: =IF(COUNTA(F13:U13)=0,"— não preenchido",IF(COUNTIF(F13:J13,"X")<>1,"FALTA/DUPLA: CONDIÇÃO DO PAVIMENTO",IF(COUNTIF(K13:L13,"X")<>1,"FALTA/DUPLA: VEGETAÇÃO",IF(COUNTIF(M13:O13,"X")<>1,"FALTA/DUPLA: ELEM. DE DRENAGEM",IF(COUNTIF(P13:R13,"X")<>1,"FALTA/DUPLA: SIN. HORIZ.",IF(COUNTIF(S13:U13,"X")<>1,"FALTA/DUPLA: SIN. VERTICAL","OK")))))) -> OK
A14: 040ETO0170 | B14: C | C14: 5 | D14: 6 | E14: =D14-C14 -> 1 | F14: X | K14: X | M14: X | Q14: X | T14: X | W14: =IF(COUNTA(F14:U14)=0,"— não preenchido",IF(COUNTIF(F14:J14,"X")<>1,"FALTA/DUPLA: CONDIÇÃO DO PAVIMENTO",IF(COUNTIF(K14:L14,"X")<>1,"FALTA/DUPLA: VEGETAÇÃO",IF(COUNTIF(M14:O14,"X")<>1,"FALTA/DUPLA: ELEM. DE DRENAGEM",IF(COUNTIF(P14:R14,"X")<>1,"FALTA/DUPLA: SIN. HORIZ.",IF(COUNTIF(S14:U14,"X")<>1,"FALTA/DUPLA: SIN. VERTICAL","OK")))))) -> OK
A15: 040ETO0170 | B15: C | C15: 6 | D15: 7 | E15: =D15-C15 -> 1 | F15: X | K15: X | M15: X | Q15: X | T15: X | W15: =IF(COUNTA(F15:U15)=0,"— não preenchido",IF(COUNTIF(F15:J15,"X")<>1,"FALTA/DUPLA: CONDIÇÃO DO PAVIMENTO",IF(COUNTIF(K15:L15,"X")<>1,"FALTA/DUPLA: VEGETAÇÃO",IF(COUNTIF(M15:O15,"X")<>1,"FALTA/DUPLA: ELEM. DE DRENAGEM",IF(COUNTIF(P15:R15,"X")<>1,"FALTA/DUPLA: SIN. HORIZ.",IF(COUNTIF(S15:U15,"X")<>1,"FALTA/DUPLA: SIN. VERTICAL","OK")))))) -> OK
A16: 040ETO0170 | B16: C | C16: 7 | D16: 8 | E16: =D16-C16 -> 1 | F16: X | K16: X | M16: X | Q16: X | T16: X | W16: =IF(COUNTA(F16:U16)=0,"— não preenchido",IF(COUNTIF(F16:J16,"X")<>1,"FALTA/DUPLA: CONDIÇÃO DO PAVIMENTO",IF(COUNTIF(K16:L16,"X")<>1,"FALTA/DUPLA: VEGETAÇÃO",IF(COUNTIF(M16:O16,"X")<>1,"FALTA/DUPLA: ELEM. DE DRENAGEM",IF(COUNTIF(P16:R16,"X")<>1,"FALTA/DUPLA: SIN. HORIZ.",IF(COUNTIF(S16:U16,"X")<>1,"FALTA/DUPLA: SIN. VERTICAL","OK")))))) -> OK
A17: 040ETO0170 | B17: C | C17: 8 | D17: 9 | E17: =D17-C17 -> 1 | H17: X | K17: X | M17: X | Q17: X | T17: X | W17: =IF(COUNTA(F17:U17)=0,"— não preenchido",IF(COUNTIF(F17:J17,"X")<>1,"FALTA/DUPLA: CONDIÇÃO DO PAVIMENTO",IF(COUNTIF(K17:L17,"X")<>1,"FALTA/DUPLA: VEGETAÇÃO",IF(COUNTIF(M17:O17,"X")<>1,"FALTA/DUPLA: ELEM. DE DRENAGEM",IF(COUNTIF(P17:R17,"X")<>1,"FALTA/DUPLA: SIN. HORIZ.",IF(COUNTIF(S17:U17,"X")<>1,"FALTA/DUPLA: SIN. VERTICAL","OK")))))) -> OK
A18: 040ETO0170 | B18: C | C18: 9 | D18: 10 | E18: =D18-C18 -> 1 | H18: X | K18: X | M18: X | Q18: X | T18: X | W18: =IF(COUNTA(F18:U18)=0,"— não preenchido",IF(COUNTIF(F18:J18,"X")<>1,"FALTA/DUPLA: CONDIÇÃO DO PAVIMENTO",IF(COUNTIF(K18:L18,"X")<>1,"FALTA/DUPLA: VEGETAÇÃO",IF(COUNTIF(M18:O18,"X")<>1,"FALTA/DUPLA: ELEM. DE DRENAGEM",IF(COUNTIF(P18:R18,"X")<>1,"FALTA/DUPLA: SIN. HORIZ.",IF(COUNTIF(S18:U18,"X")<>1,"FALTA/DUPLA: SIN. VERTICAL","OK")))))) -> OK
A19: 040ETO0170 | B19: C | C19: 10 | D19: 11 | E19: =D19-C19 -> 1 | H19: X | K19: X | M19: X | Q19: X | T19: X | W19: =IF(COUNTA(F19:U19)=0,"— não preenchido",IF(COUNTIF(F19:J19,"X")<>1,"FALTA/DUPLA: CONDIÇÃO DO PAVIMENTO",IF(COUNTIF(K19:L19,"X")<>1,"FALTA/DUPLA: VEGETAÇÃO",IF(COUNTIF(M19:O19,"X")<>1,"FALTA/DUPLA: ELEM. DE DRENAGEM",IF(COUNTIF(P19:R19,"X")<>1,"FALTA/DUPLA: SIN. HORIZ.",IF(COUNTIF(S19:U19,"X")<>1,"FALTA/DUPLA: SIN. VERTICAL","OK")))))) -> OK
A20: 040ETO0170 | B20: C | C20: 11 | D20: 12 | E20: =D20-C20 -> 1 | H20: X | K20: X | M20: X | Q20: X | T20: X | W20: =IF(COUNTA(F20:U20)=0,"— não preenchido",IF(COUNTIF(F20:J20,"X")<>1,"FALTA/DUPLA: CONDIÇÃO DO PAVIMENTO",IF(COUNTIF(K20:L20,"X")<>1,"FALTA/DUPLA: VEGETAÇÃO",IF(COUNTIF(M20:O20,"X")<>1,"FALTA/DUPLA: ELEM. DE DRENAGEM",IF(COUNTIF(P20:R20,"X")<>1,"FALTA/DUPLA: SIN. HORIZ.",IF(COUNTIF(S20:U20,"X")<>1,"FALTA/DUPLA: SIN. VERTICAL","OK")))))) -> OK
A21: 040ETO0170 | B21: C | C21: 12 | D21: 13 | E21: =D21-C21 -> 1 | H21: X | K21: X | M21: X | Q21: X | T21: X | W21: =IF(COUNTA(F21:U21)=0,"— não preenchido",IF(COUNTIF(F21:J21,"X")<>1,"FALTA/DUPLA: CONDIÇÃO DO PAVIMENTO",IF(COUNTIF(K21:L21,"X")<>1,"FALTA/DUPLA: VEGETAÇÃO",IF(COUNTIF(M21:O21,"X")<>1,"FALTA/DUPLA: ELEM. DE DRENAGEM",IF(COUNTIF(P21:R21,"X")<>1,"FALTA/DUPLA: SIN. HORIZ.",IF(COUNTIF(S21:U21,"X")<>1,"FALTA/DUPLA: SIN. VERTICAL","OK")))))) -> OK
A22: 040ETO0170 | B22: C | C22: 13 | D22: 14 | E22: =D22-C22 -> 1 | H22: X | K22: X | M22: X | Q22: X | T22: X | W22: =IF(COUNTA(F22:U22)=0,"— não preenchido",IF(COUNTIF(F22:J22,"X")<>1,"FALTA/DUPLA: CONDIÇÃO DO PAVIMENTO",IF(COUNTIF(K22:L22,"X")<>1,"FALTA/DUPLA: VEGETAÇÃO",IF(COUNTIF(M22:O22,"X")<>1,"FALTA/DUPLA: ELEM. DE DRENAGEM",IF(COUNTIF(P22:R22,"X")<>1,"FALTA/DUPLA: SIN. HORIZ.",IF(COUNTIF(S22:U22,"X")<>1,"FALTA/DUPLA: SIN. VERTICAL","OK")))))) -> OK
A23: 040ETO0170 | B23: C | C23: 14 | D23: 15 | E23: =D23-C23 -> 1 | H23: X | K23: X | M23: X | Q23: X | T23: X | W23: =IF(COUNTA(F23:U23)=0,"— não preenchido",IF(COUNTIF(F23:J23,"X")<>1,"FALTA/DUPLA: CONDIÇÃO DO PAVIMENTO",IF(COUNTIF(K23:L23,"X")<>1,"FALTA/DUPLA: VEGETAÇÃO",IF(COUNTIF(M23:O23,"X")<>1,"FALTA/DUPLA: ELEM. DE DRENAGEM",IF(COUNTIF(P23:R23,"X")<>1,"FALTA/DUPLA: SIN. HORIZ.",IF(COUNTIF(S23:U23,"X")<>1,"FALTA/DUPLA: SIN. VERTICAL","OK")))))) -> OK
A24: 040ETO0170 | B24: C | C24: 15 | D24: 15.045976 | E24: =D24-C24 -> 0.045976034 | H24: X | K24: X | M24: X | Q24: X | T24: X | W24: =IF(COUNTA(F24:U24)=0,"— não preenchido",IF(COUNTIF(F24:J24,"X")<>1,"FALTA/DUPLA: CONDIÇÃO DO PAVIMENTO",IF(COUNTIF(K24:L24,"X")<>1,"FALTA/DUPLA: VEGETAÇÃO",IF(COUNTIF(M24:O24,"X")<>1,"FALTA/DUPLA: ELEM. DE DRENAGEM",IF(COUNTIF(P24:R24,"X")<>1,"FALTA/DUPLA: SIN. HORIZ.",IF(COUNTIF(S24:U24,"X")<>1,"FALTA/DUPLA: SIN. VERTICAL","OK")))))) -> OK
A25: S.R.E. 040ETO0180 | ENTR.TO-387 - ENTR.TO-476 (DIANÓPOLIS) | PPS · Estadual · 11.205 km · início: -11.629206, -46.925092
A26: 040ETO0180 | B26: C | C26: 0 | D26: 1 | E26: =D26-C26 -> 1 | H26: X | K26: X | M26: X | Q26: X | T26: X | W26: =IF(COUNTA(F26:U26)=0,"— não preenchido",IF(COUNTIF(F26:J26,"X")<>1,"FALTA/DUPLA: CONDIÇÃO DO PAVIMENTO",IF(COUNTIF(K26:L26,"X")<>1,"FALTA/DUPLA: VEGETAÇÃO",IF(COUNTIF(M26:O26,"X")<>1,"FALTA/DUPLA: ELEM. DE DRENAGEM",IF(COUNTIF(P26:R26,"X")<>1,"FALTA/DUPLA: SIN. HORIZ.",IF(COUNTIF(S26:U26,"X")<>1,"FALTA/DUPLA: SIN. VERTICAL","OK")))))) -> OK
A27: 040ETO0180 | B27: C | C27: 1 | D27: 2 | E27: =D27-C27 -> 1 | H27: X | K27: X | M27: X | Q27: X | T27: X | W27: =IF(COUNTA(F27:U27)=0,"— não preenchido",IF(COUNTIF(F27:J27,"X")<>1,"FALTA/DUPLA: CONDIÇÃO DO PAVIMENTO",IF(COUNTIF(K27:L27,"X")<>1,"FALTA/DUPLA: VEGETAÇÃO",IF(COUNTIF(M27:O27,"X")<>1,"FALTA/DUPLA: ELEM. DE DRENAGEM",IF(COUNTIF(P27:R27,"X")<>1,"FALTA/DUPLA: SIN. HORIZ.",IF(COUNTIF(S27:U27,"X")<>1,"FALTA/DUPLA: SIN. VERTICAL","OK")))))) -> OK
A28: 040ETO0180 | B28: C | C28: 2 | D28: 3 | E28: =D28-C28 -> 1 | H28: X | K28: X | M28: X | Q28: X | T28: X | W28: =IF(COUNTA(F28:U28)=0,"— não preenchido",IF(COUNTIF(F28:J28,"X")<>1,"FALTA/DUPLA: CONDIÇÃO DO PAVIMENTO",IF(COUNTIF(K28:L28,"X")<>1,"FALTA/DUPLA: VEGETAÇÃO",IF(COUNTIF(M28:O28,"X")<>1,"FALTA/DUPLA: ELEM. DE DRENAGEM",IF(COUNTIF(P28:R28,"X")<>1,"FALTA/DUPLA: SIN. HORIZ.",IF(COUNTIF(S28:U28,"X")<>1,"FALTA/DUPLA: SIN. VERTICAL","OK")))))) -> OK
A29: 040ETO0180 | B29: C | C29: 3 | D29: 4 | E29: =D29-C29 -> 1 | H29: X | K29: X | M29: X | Q29: X | T29: X | W29: =IF(COUNTA(F29:U29)=0,"— não preenchido",IF(COUNTIF(F29:J29,"X")<>1,"FALTA/DUPLA: CONDIÇÃO DO PAVIMENTO",IF(COUNTIF(K29:L29,"X")<>1,"FALTA/DUPLA: VEGETAÇÃO",IF(COUNTIF(M29:O29,"X")<>1,"FALTA/DUPLA: ELEM. DE DRENAGEM",IF(COUNTIF(P29:R29,"X")<>1,"FALTA/DUPLA: SIN. HORIZ.",IF(COUNTIF(S29:U29,"X")<>1,"FALTA/DUPLA: SIN. VERTICAL","OK")))))) -> OK
A30: 040ETO0180 | B30: C | C30: 4 | D30: 5 | E30: =D30-C30 -> 1 | H30: X | K30: X | M30: X | Q30: X | T30: X | W30: =IF(COUNTA(F30:U30)=0,"— não preenchido",IF(COUNTIF(F30:J30,"X")<>1,"FALTA/DUPLA: CONDIÇÃO DO PAVIMENTO",IF(COUNTIF(K30:L30,"X")<>1,"FALTA/DUPLA: VEGETAÇÃO",IF(COUNTIF(M30:O30,"X")<>1,"FALTA/DUPLA: ELEM. DE DRENAGEM",IF(COUNTIF(P30:R30,"X")<>1,"FALTA/DUPLA: SIN. HORIZ.",IF(COUNTIF(S30:U30,"X")<>1,"FALTA/DUPLA: SIN. VERTICAL","OK")))))) -> OK
A31: 040ETO0180 | B31: C | C31: 5 | D31: 6 | E31: =D31-C31 -> 1 | H31: X | K31: X | M31: X | Q31: X | T31: X | W31: =IF(COUNTA(F31:U31)=0,"— não preenchido",IF(COUNTIF(F31:J31,"X")<>1,"FALTA/DUPLA: CONDIÇÃO DO PAVIMENTO",IF(COUNTIF(K31:L31,"X")<>1,"FALTA/DUPLA: VEGETAÇÃO",IF(COUNTIF(M31:O31,"X")<>1,"FALTA/DUPLA: ELEM. DE DRENAGEM",IF(COUNTIF(P31:R31,"X")<>1,"FALTA/DUPLA: SIN. HORIZ.",IF(COUNTIF(S31:U31,"X")<>1,"FALTA/DUPLA: SIN. VERTICAL","OK")))))) -> OK
A32: 040ETO0180 | B32: C | C32: 6 | D32: 7 | E32: =D32-C32 -> 1 | H32: X | K32: X | M32: X | Q32: X | T32: X | W32: =IF(COUNTA(F32:U32)=0,"— não preenchido",IF(COUNTIF(F32:J32,"X")<>1,"FALTA/DUPLA: CONDIÇÃO DO PAVIMENTO",IF(COUNTIF(K32:L32,"X")<>1,"FALTA/DUPLA: VEGETAÇÃO",IF(COUNTIF(M32:O32,"X")<>1,"FALTA/DUPLA: ELEM. DE DRENAGEM",IF(COUNTIF(P32:R32,"X")<>1,"FALTA/DUPLA: SIN. HORIZ.",IF(COUNTIF(S32:U32,"X")<>1,"FALTA/DUPLA: SIN. VERTICAL","OK")))))) -> OK
A33: 040ETO0180 | B33: C | C33: 7 | D33: 8 | E33: =D33-C33 -> 1 | H33: X | K33: X | M33: X | Q33: X | T33: X | W33: =IF(COUNTA(F33:U33)=0,"— não preenchido",IF(COUNTIF(F33:J33,"X")<>1,"FALTA/DUPLA: CONDIÇÃO DO PAVIMENTO",IF(COUNTIF(K33:L33,"X")<>1,"FALTA/DUPLA: VEGETAÇÃO",IF(COUNTIF(M33:O33,"X")<>1,"FALTA/DUPLA: ELEM. DE DRENAGEM",IF(COUNTIF(P33:R33,"X")<>1,"FALTA/DUPLA: SIN. HORIZ.",IF(COUNTIF(S33:U33,"X")<>1,"FALTA/DUPLA: SIN. VERTICAL","OK")))))) -> OK
A34: 040ETO0180 | B34: C | C34: 8 | D34: 9 | E34: =D34-C34 -> 1 | H34: X | K34: X | M34: X | Q34: X | T34: X | W34: =IF(COUNTA(F34:U34)=0,"— não preenchido",IF(COUNTIF(F34:J34,"X")<>1,"FALTA/DUPLA: CONDIÇÃO DO PAVIMENTO",IF(COUNTIF(K34:L34,"X")<>1,"FALTA/DUPLA: VEGETAÇÃO",IF(COUNTIF(M34:O34,"X")<>1,"FALTA/DUPLA: ELEM. DE DRENAGEM",IF(COUNTIF(P34:R34,"X")<>1,"FALTA/DUPLA: SIN. HORIZ.",IF(COUNTIF(S34:U34,"X")<>1,"FALTA/DUPLA: SIN. VERTICAL","OK")))))) -> OK
A35: 040ETO0180 | B35: C | C35: 9 | D35: 10 | E35: =D35-C35 -> 1 | H35: X | K35: X | M35: X | Q35: X | T35: X | W35: =IF(COUNTA(F35:U35)=0,"— não preenchido",IF(COUNTIF(F35:J35,"X")<>1,"FALTA/DUPLA: CONDIÇÃO DO PAVIMENTO",IF(COUNTIF(K35:L35,"X")<>1,"FALTA/DUPLA: VEGETAÇÃO",IF(COUNTIF(M35:O35,"X")<>1,"FALTA/DUPLA: ELEM. DE DRENAGEM",IF(COUNTIF(P35:R35,"X")<>1,"FALTA/DUPLA: SIN. HORIZ.",IF(COUNTIF(S35:U35,"X")<>1,"FALTA/DUPLA: SIN. VERTICAL","OK")))))) -> OK
A36: 040ETO0180 | B36: C | C36: 10 | D36: 11 | E36: =D36-C36 -> 1 | H36: X | K36: X | M36: X | Q36: X | T36: X | W36: =IF(COUNTA(F36:U36)=0,"— não preenchido",IF(COUNTIF(F36:J36,"X")<>1,"FALTA/DUPLA: CONDIÇÃO DO PAVIMENTO",IF(COUNTIF(K36:L36,"X")<>1,"FALTA/DUPLA: VEGETAÇÃO",IF(COUNTIF(M36:O36,"X")<>1,"FALTA/DUPLA: ELEM. DE DRENAGEM",IF(COUNTIF(P36:R36,"X")<>1,"FALTA/DUPLA: SIN. HORIZ.",IF(COUNTIF(S36:U36,"X")<>1,"FALTA/DUPLA: SIN. VERTICAL","OK")))))) -> OK
A37: 040ETO0180 | B37: C | C37: 11 | D37: 11.205251 | E37: =D37-C37 -> 0.20525068 | H37: X | K37: X | M37: X | Q37: X | T37: X | W37: =IF(COUNTA(F37:U37)=0,"— não preenchido",IF(COUNTIF(F37:J37,"X")<>1,"FALTA/DUPLA: CONDIÇÃO DO PAVIMENTO",IF(COUNTIF(K37:L37,"X")<>1,"FALTA/DUPLA: VEGETAÇÃO",IF(COUNTIF(M37:O37,"X")<>1,"FALTA/DUPLA: ELEM. DE DRENAGEM",IF(COUNTIF(P37:R37,"X")<>1,"FALTA/DUPLA: SIN. HORIZ.",IF(COUNTIF(S37:U37,"X")<>1,"FALTA/DUPLA: SIN. VERTICAL","OK")))))) -> OK
A38: S.R.E. ACESSO01 | ENTR. TO-040 - PROJETO MANOEL ALVES (código antigo: ACESSO) | PPS · Outros · 8.684 km · início: -11.552548, -46.987098
A39: ACESSO01 | B39: C | C39: 0 | D39: 1 | E39: =D39-C39 -> 1 | F39: X | K39: X | M39: X | Q39: X | T39: X | W39: =IF(COUNTA(F39:U39)=0,"— não preenchido",IF(COUNTIF(F39:J39,"X")<>1,"FALTA/DUPLA: CONDIÇÃO DO PAVIMENTO",IF(COUNTIF(K39:L39,"X")<>1,"FALTA/DUPLA: VEGETAÇÃO",IF(COUNTIF(M39:O39,"X")<>1,"FALTA/DUPLA: ELEM. DE DRENAGEM",IF(COUNTIF(P39:R39,"X")<>1,"FALTA/DUPLA: SIN. HORIZ.",IF(COUNTIF(S39:U39,"X")<>1,"FALTA/DUPLA: SIN. VERTICAL","OK")))))) -> OK
A40: ACESSO01 | B40: C | C40: 1 | D40: 2 | E40: =D40-C40 -> 1 | F40: X | K40: X | M40: X | Q40: X | T40: X | W40: =IF(COUNTA(F40:U40)=0,"— não preenchido",IF(COUNTIF(F40:J40,"X")<>1,"FALTA/DUPLA: CONDIÇÃO DO PAVIMENTO",IF(COUNTIF(K40:L40,"X")<>1,"FALTA/DUPLA: VEGETAÇÃO",IF(COUNTIF(M40:O40,"X")<>1,"FALTA/DUPLA: ELEM. DE DRENAGEM",IF(COUNTIF(P40:R40,"X")<>1,"FALTA/DUPLA: SIN. HORIZ.",IF(COUNTIF(S40:U40,"X")<>1,"FALTA/DUPLA: SIN. VERTICAL","OK")))))) -> OK
A41: ACESSO01 | B41: C | C41: 2 | D41: 3 | E41: =D41-C41 -> 1 | F41: X | K41: X | M41: X | Q41: X | T41: X | W41: =IF(COUNTA(F41:U41)=0,"— não preenchido",IF(COUNTIF(F41:J41,"X")<>1,"FALTA/DUPLA: CONDIÇÃO DO PAVIMENTO",IF(COUNTIF(K41:L41,"X")<>1,"FALTA/DUPLA: VEGETAÇÃO",IF(COUNTIF(M41:O41,"X")<>1,"FALTA/DUPLA: ELEM. DE DRENAGEM",IF(COUNTIF(P41:R41,"X")<>1,"FALTA/DUPLA: SIN. HORIZ.",IF(COUNTIF(S41:U41,"X")<>1,"FALTA/DUPLA: SIN. VERTICAL","OK")))))) -> OK
A42: ACESSO01 | B42: C | C42: 3 | D42: 4 | E42: =D42-C42 -> 1 | F42: X | K42: X | M42: X | Q42: X | T42: X | W42: =IF(COUNTA(F42:U42)=0,"— não preenchido",IF(COUNTIF(F42:J42,"X")<>1,"FALTA/DUPLA: CONDIÇÃO DO PAVIMENTO",IF(COUNTIF(K42:L42,"X")<>1,"FALTA/DUPLA: VEGETAÇÃO",IF(COUNTIF(M42:O42,"X")<>1,"FALTA/DUPLA: ELEM. DE DRENAGEM",IF(COUNTIF(P42:R42,"X")<>1,"FALTA/DUPLA: SIN. HORIZ.",IF(COUNTIF(S42:U42,"X")<>1,"FALTA/DUPLA: SIN. VERTICAL","OK")))))) -> OK
A43: ACESSO01 | B43: C | C43: 4 | D43: 5 | E43: =D43-C43 -> 1 | F43: X | K43: X | M43: X | Q43: X | T43: X | W43: =IF(COUNTA(F43:U43)=0,"— não preenchido",IF(COUNTIF(F43:J43,"X")<>1,"FALTA/DUPLA: CONDIÇÃO DO PAVIMENTO",IF(COUNTIF(K43:L43,"X")<>1,"FALTA/DUPLA: VEGETAÇÃO",IF(COUNTIF(M43:O43,"X")<>1,"FALTA/DUPLA: ELEM. DE DRENAGEM",IF(COUNTIF(P43:R43,"X")<>1,"FALTA/DUPLA: SIN. HORIZ.",IF(COUNTIF(S43:U43,"X")<>1,"FALTA/DUPLA: SIN. VERTICAL","OK")))))) -> OK
A44: ACESSO01 | B44: C | C44: 5 | D44: 6 | E44: =D44-C44 -> 1 | F44: X | K44: X | M44: X | Q44: X | T44: X | W44: =IF(COUNTA(F44:U44)=0,"— não preenchido",IF(COUNTIF(F44:J44,"X")<>1,"FALTA/DUPLA: CONDIÇÃO DO PAVIMENTO",IF(COUNTIF(K44:L44,"X")<>1,"FALTA/DUPLA: VEGETAÇÃO",IF(COUNTIF(M44:O44,"X")<>1,"FALTA/DUPLA: ELEM. DE DRENAGEM",IF(COUNTIF(P44:R44,"X")<>1,"FALTA/DUPLA: SIN. HORIZ.",IF(COUNTIF(S44:U44,"X")<>1,"FALTA/DUPLA: SIN. VERTICAL","OK")))))) -> OK
A45: ACESSO01 | B45: C | C45: 6 | D45: 7 | E45: =D45-C45 -> 1 | F45: X | K45: X | M45: X | Q45: X | T45: X | W45: =IF(COUNTA(F45:U45)=0,"— não preenchido",IF(COUNTIF(F45:J45,"X")<>1,"FALTA/DUPLA: CONDIÇÃO DO PAVIMENTO",IF(COUNTIF(K45:L45,"X")<>1,"FALTA/DUPLA: VEGETAÇÃO",IF(COUNTIF(M45:O45,"X")<>1,"FALTA/DUPLA: ELEM. DE DRENAGEM",IF(COUNTIF(P45:R45,"X")<>1,"FALTA/DUPLA: SIN. HORIZ.",IF(COUNTIF(S45:U45,"X")<>1,"FALTA/DUPLA: SIN. VERTICAL","OK")))))) -> OK
A46: ACESSO01 | B46: C | C46: 7 | D46: 8 | E46: =D46-C46 -> 1 | F46: X | K46: X | M46: X | Q46: X | T46: X | W46: =IF(COUNTA(F46:U46)=0,"— não preenchido",IF(COUNTIF(F46:J46,"X")<>1,"FALTA/DUPLA: CONDIÇÃO DO PAVIMENTO",IF(COUNTIF(K46:L46,"X")<>1,"FALTA/DUPLA: VEGETAÇÃO",IF(COUNTIF(M46:O46,"X")<>1,"FALTA/DUPLA: ELEM. DE DRENAGEM",IF(COUNTIF(P46:R46,"X")<>1,"FALTA/DUPLA: SIN. HORIZ.",IF(COUNTIF(S46:U46,"X")<>1,"FALTA/DUPLA: SIN. VERTICAL","OK")))))) -> OK
A47: ACESSO01 | B47: C | C47: 8 | D47: 8.6840399 | E47: =D47-C47 -> 0.68403994 | F47: X | K47: X | M47: X | Q47: X | T47: X | W47: =IF(COUNTA(F47:U47)=0,"— não preenchido",IF(COUNTIF(F47:J47,"X")<>1,"FALTA/DUPLA: CONDIÇÃO DO PAVIMENTO",IF(COUNTIF(K47:L47,"X")<>1,"FALTA/DUPLA: VEGETAÇÃO",IF(COUNTIF(M47:O47,"X")<>1,"FALTA/DUPLA: ELEM. DE DRENAGEM",IF(COUNTIF(P47:R47,"X")<>1,"FALTA/DUPLA: SIN. HORIZ.",IF(COUNTIF(S47:U47,"X")<>1,"FALTA/DUPLA: SIN. VERTICAL","OK")))))) -> OK
A49: ____________________________________________ | G49: ____________________________________________
A50: TÉCNICO RESPONSÁVEL PELA INSPEÇÃO | G50: VISTO DA SUPERVISÃO
A52: RESUMO DO TRECHO — KM LANÇADO POR ITEM
A53: KM LANÇADO | F53: =SUMIF(F$9:F$47,"X",$E$9:$E$47) -> 12.68404 | G53: =SUMIF(G$9:G$47,"X",$E$9:$E$47) -> 0 | H53: =SUMIF(H$9:H$47,"X",$E$9:$E$47) -> 22.251227 | I53: =SUMIF(I$9:I$47,"X",$E$9:$E$47) -> 0 | J53: =SUMIF(J$9:J$47,"X",$E$9:$E$47) -> 0 | K53: =SUMIF(K$9:K$47,"X",$E$9:$E$47) -> 34.935267 | L53: =SUMIF(L$9:L$47,"X",$E$9:$E$47) -> 0 | M53: =SUMIF(M$9:M$47,"X",$E$9:$E$47) -> 34.935267 | ... U53: =SUMIF(U$9:U$47,"X",$E$9:$E$47) -> 0
A54: % DA EXTENSÃO | F54: =IF($R56=0,0,F53/$R56) -> 0.36307265 | G54: =IF($R56=0,0,G53/$R56) -> 0 | H54: =IF($R56=0,0,H53/$R56) -> 0.63692735 | I54: =IF($R56=0,0,I53/$R56) -> 0 | J54: =IF($R56=0,0,J53/$R56) -> 0 | K54: =IF($R56=0,0,K53/$R56) -> 1 | L54: =IF($R56=0,0,L53/$R56) -> 0 | M54: =IF($R56=0,0,M53/$R56) -> 1 | ... U54: =IF($R56=0,0,U53/$R56) -> 0
A55: CONFERÊNCIA POR GRUPO | F55: =IF(SUM(F53:J53)=0,"— não preenchido",IF(ROUND(SUM(F53:J53)-$R56,3)=0,"OK — "&ROUND(SUM(F53:J53),3)&" km","ERRO — dif. de "&ROUND(SUM(F53:J53)-$R56,3)&" km")) -> OK — 34,935 km | K55: =IF(SUM(K53:L53)=0,"— não preenchido",IF(ROUND(SUM(K53:L53)-$R56,3)=0,"OK — "&ROUND(SUM(K53:L53),3)&" km","ERRO — dif. de "&ROUND(SUM(K53:L53)-$R56,3)&" km")) -> OK — 34,935 km | M55: =IF(SUM(M53:O53)=0,"— não preenchido",IF(ROUND(SUM(M53:O53)-$R56,3)=0,"OK — "&ROUND(SUM(M53:O53),3)&" km","ERRO — dif. de "&ROUND(SUM(M53:O53)-$R56,3)&" km")) -> OK — 34,935 km | P55: =IF(SUM(P53:R53)=0,"— não preenchido",IF(ROUND(SUM(P53:R53)-$R56,3)=0,"OK — "&ROUND(SUM(P53:R53),3)&" km","ERRO — dif. de "&ROUND(SUM(P53:R53)-$R56,3)&" km")) -> OK — 34,935 km | S55: =IF(SUM(S53:U53)=0,"— não preenchido",IF(ROUND(SUM(S53:U53)-$R56,3)=0,"OK — "&ROUND(SUM(S53:U53),3)&" km","ERRO — dif. de "&ROUND(SUM(S53:U53)-$R56,3)&" km")) -> OK — 34,935 km
A56: EXTENSÃO TOTAL DO TRECHO | R56: =SUM(E9:E47) -> 34.935267 | V56: =COUNTIF(W9:W47,"OK")&" de "&COUNT($E$9:$E$47)&" linhas conferidas" -> 37 de 37 linhas conferidas
A58: LEGENDA
A59: REM. I. / REM. L. | E59: Remendos isolados (até 10 por km) · Remendos ao longo (mais de 10 por km)
A60: BUR. I. / BUR. L. | E60: Buracos isolados (até 5 por km) · Buracos ao longo (mais de 5 por km)
A61: SIT. | E61: PPS = pista simples · PSU = simples urbana · PDU = duplicada
A62: FAIXA AZUL | E62: Cabeçalho de cada S.R.E.: descrição, situação, jurisdição, extensão e coordenada de início.
A63: INÍCIO / FIM (KM) | E63: Contados de 0 até o fim de CADA S.R.E. Não é o marco quilométrico da rodovia.
A64: SENT. | E64: C = crescente · D = decrescente
A65: FAIXA CINZA | E65: Segmento fora do escopo do contrato: você passa por ele, mas não preenche.
A66: CÉLULA VERMELHA | E66: Mais de uma X no mesmo grupo. Apague uma delas.
A67: CONFERÊNCIA | E67: Só na tela, não sai impresso. Fica OK com uma X em cada grupo.

Sheet 250
A1: PROGRAMA DE MANUTENÇÃO RODOVIÁRIA — FICHA DE INSPEÇÃO — RODOVIAS PAVIMENTADAS | Y1: Valores dos gráficos — troca 0 por N/D para a fatia não aparecer. Não editar.
A2: REGIÃO: 13 — DIANÓPOLIS | G2: MÊS / ANO: | I2: 46266 | K2: DATA: | P2: TÉCNICO: | R2: ENG. THIAGO BORGES TORQUATO | Y2: =IF(F32=0,NA(),F32) -> 1.8568038 | Z2: =IF(G32=0,NA(),G32) -> 13.531604 | AA2: =IF(H32=0,NA(),H32) -> #N/A | AB2: =IF(I32=0,NA(),I32) -> #N/A | AC2: =IF(J32=0,NA(),J32) -> #N/A | AD2: =IF(K32=0,NA(),K32) -> 15.388408 | AE2: =IF(L32=0,NA(),L32) -> #N/A | AF2: =IF(M32=0,NA(),M32) -> #N/A | ... AN2: =IF(U32=0,NA(),U32) -> #N/A
A3: TRECHO 250 — RODOVIA TO-050 - TRECHO ARRAIAS - DIVISA TO-GO | T3: EXTENSÃO: 15,388 km · 3 S.R.E.
A4: COMO PREENCHER: uma X em UMA coluna de cada grupo, por linha. Se houver mais de um defeito no mesmo km, marque o PREDOMINANTE e escreva o resto em OBSERVAÇÕES. A quilometragem é contada de 0 até o fim de CADA S.R.E. (não é o marco da rodovia).
A6: S.R.E. | B6: SENT. | C6: INÍCIO (KM) | D6: FIM (KM) | E6: EXT. (KM) | F6: CONDIÇÃO DO PAVIMENTO | K6: VEGETAÇÃO | M6: ELEM. DE DRENAGEM | P6: SIN. HORIZ. | S6: SIN. VERTICAL | V6: OBSERVAÇÕES | W6: CONFERÊNCIA (só na tela)
F7: BOM | G7: REM. I. | H7: REM. L. | I7: BUR. I. | J7: BUR. L. | K7: ADEQ. | L7: INAD. | M7: LIMPOS | N7: SUJOS | O7: DAN. | P7: BOM | Q7: REG. | R7: INEXIST. | S7: BOM | T7: POUCAS | U7: INEXIST.
A8: S.R.E. 050ETO0270 | ARRAIAS (ACESSO SUL) - ENTR. TO-499 | PPS · Estadual · 4.984 km · início: -12.94198, -46.932922
A9: 050ETO0270 | B9: C | C9: 0 | D9: 1 | E9: =D9-C9 -> 1 | G9: X | K9: X | N9: X | Q9: X | S9: X | W9: =IF(COUNTA(F9:U9)=0,"— não preenchido",IF(COUNTIF(F9:J9,"X")<>1,"FALTA/DUPLA: CONDIÇÃO DO PAVIMENTO",IF(COUNTIF(K9:L9,"X")<>1,"FALTA/DUPLA: VEGETAÇÃO",IF(COUNTIF(M9:O9,"X")<>1,"FALTA/DUPLA: ELEM. DE DRENAGEM",IF(COUNTIF(P9:R9,"X")<>1,"FALTA/DUPLA: SIN. HORIZ.",IF(COUNTIF(S9:U9,"X")<>1,"FALTA/DUPLA: SIN. VERTICAL","OK")))))) -> OK
A10: 050ETO0270 | B10: C | C10: 1 | D10: 2 | E10: =D10-C10 -> 1 | G10: X | K10: X | N10: X | Q10: X | S10: X | W10: =IF(COUNTA(F10:U10)=0,"— não preenchido",IF(COUNTIF(F10:J10,"X")<>1,"FALTA/DUPLA: CONDIÇÃO DO PAVIMENTO",IF(COUNTIF(K10:L10,"X")<>1,"FALTA/DUPLA: VEGETAÇÃO",IF(COUNTIF(M10:O10,"X")<>1,"FALTA/DUPLA: ELEM. DE DRENAGEM",IF(COUNTIF(P10:R10,"X")<>1,"FALTA/DUPLA: SIN. HORIZ.",IF(COUNTIF(S10:U10,"X")<>1,"FALTA/DUPLA: SIN. VERTICAL","OK")))))) -> OK
A11: 050ETO0270 | B11: C | C11: 2 | D11: 3 | E11: =D11-C11 -> 1 | G11: X | K11: X | N11: X | Q11: X | S11: X | W11: =IF(COUNTA(F11:U11)=0,"— não preenchido",IF(COUNTIF(F11:J11,"X")<>1,"FALTA/DUPLA: CONDIÇÃO DO PAVIMENTO",IF(COUNTIF(K11:L11,"X")<>1,"FALTA/DUPLA: VEGETAÇÃO",IF(COUNTIF(M11:O11,"X")<>1,"FALTA/DUPLA: ELEM. DE DRENAGEM",IF(COUNTIF(P11:R11,"X")<>1,"FALTA/DUPLA: SIN. HORIZ.",IF(COUNTIF(S11:U11,"X")<>1,"FALTA/DUPLA: SIN. VERTICAL","OK")))))) -> OK
A12: 050ETO0270 | B12: C | C12: 3 | D12: 4 | E12: =D12-C12 -> 1 | G12: X | K12: X | N12: X | Q12: X | S12: X | W12: =IF(COUNTA(F12:U12)=0,"— não preenchido",IF(COUNTIF(F12:J12,"X")<>1,"FALTA/DUPLA: CONDIÇÃO DO PAVIMENTO",IF(COUNTIF(K12:L12,"X")<>1,"FALTA/DUPLA: VEGETAÇÃO",IF(COUNTIF(M12:O12,"X")<>1,"FALTA/DUPLA: ELEM. DE DRENAGEM",IF(COUNTIF(P12:R12,"X")<>1,"FALTA/DUPLA: SIN. HORIZ.",IF(COUNTIF(S12:U12,"X")<>1,"FALTA/DUPLA: SIN. VERTICAL","OK")))))) -> OK
A13: 050ETO0270 | B13: C | C13: 4 | D13: 4.9837539 | E13: =D13-C13 -> 0.98375391 | G13: X | K13: X | N13: X | Q13: X | S13: X | W13: =IF(COUNTA(F13:U13)=0,"— não preenchido",IF(COUNTIF(F13:J13,"X")<>1,"FALTA/DUPLA: CONDIÇÃO DO PAVIMENTO",IF(COUNTIF(K13:L13,"X")<>1,"FALTA/DUPLA: VEGETAÇÃO",IF(COUNTIF(M13:O13,"X")<>1,"FALTA/DUPLA: ELEM. DE DRENAGEM",IF(COUNTIF(P13:R13,"X")<>1,"FALTA/DUPLA: SIN. HORIZ.",IF(COUNTIF(S13:U13,"X")<>1,"FALTA/DUPLA: SIN. VERTICAL","OK")))))) -> OK
A14: S.R.E. 050ETO0280 | ENTR. TO-499 - ENTR. TO-296 | PPS · Estadual · 1.857 km · início: -12.972246, -46.902353
A15: 050ETO0280 | B15: C | C15: 0 | D15: 1 | E15: =D15-C15 -> 1 | F15: X | K15: X | N15: X | Q15: X | S15: X | W15: =IF(COUNTA(F15:U15)=0,"— não preenchido",IF(COUNTIF(F15:J15,"X")<>1,"FALTA/DUPLA: CONDIÇÃO DO PAVIMENTO",IF(COUNTIF(K15:L15,"X")<>1,"FALTA/DUPLA: VEGETAÇÃO",IF(COUNTIF(M15:O15,"X")<>1,"FALTA/DUPLA: ELEM. DE DRENAGEM",IF(COUNTIF(P15:R15,"X")<>1,"FALTA/DUPLA: SIN. HORIZ.",IF(COUNTIF(S15:U15,"X")<>1,"FALTA/DUPLA: SIN. VERTICAL","OK")))))) -> OK
A16: 050ETO0280 | B16: C | C16: 1 | D16: 1.8568038 | E16: =D16-C16 -> 0.85680377 | F16: X | K16: X | N16: X | Q16: X | S16: X | W16: =IF(COUNTA(F16:U16)=0,"— não preenchido",IF(COUNTIF(F16:J16,"X")<>1,"FALTA/DUPLA: CONDIÇÃO DO PAVIMENTO",IF(COUNTIF(K16:L16,"X")<>1,"FALTA/DUPLA: VEGETAÇÃO",IF(COUNTIF(M16:O16,"X")<>1,"FALTA/DUPLA: ELEM. DE DRENAGEM",IF(COUNTIF(P16:R16,"X")<>1,"FALTA/DUPLA: SIN. HORIZ.",IF(COUNTIF(S16:U16,"X")<>1,"FALTA/DUPLA: SIN. VERTICAL","OK")))))) -> OK
A17: S.R.E. 050ETO0290 | ENTR. TO-296 - DIV TO-GO | PPS · Estadual · 8.548 km · início: -12.974772, -46.885864
A18: 050ETO0290 | B18: C | C18: 0 | D18: 1 | E18: =D18-C18 -> 1 | G18: X | K18: X | N18: X | Q18: X | S18: X | W18: =IF(COUNTA(F18:U18)=0,"— não preenchido",IF(COUNTIF(F18:J18,"X")<>1,"FALTA/DUPLA: CONDIÇÃO DO PAVIMENTO",IF(COUNTIF(K18:L18,"X")<>1,"FALTA/DUPLA: VEGETAÇÃO",IF(COUNTIF(M18:O18,"X")<>1,"FALTA/DUPLA: ELEM. DE DRENAGEM",IF(COUNTIF(P18:R18,"X")<>1,"FALTA/DUPLA: SIN. HORIZ.",IF(COUNTIF(S18:U18,"X")<>1,"FALTA/DUPLA: SIN. VERTICAL","OK")))))) -> OK
A19: 050ETO0290 | B19: C | C19: 1 | D19: 2 | E19: =D19-C19 -> 1 | G19: X | K19: X | N19: X | Q19: X | S19: X | W19: =IF(COUNTA(F19:U19)=0,"— não preenchido",IF(COUNTIF(F19:J19,"X")<>1,"FALTA/DUPLA: CONDIÇÃO DO PAVIMENTO",IF(COUNTIF(K19:L19,"X")<>1,"FALTA/DUPLA: VEGETAÇÃO",IF(COUNTIF(M19:O19,"X")<>1,"FALTA/DUPLA: ELEM. DE DRENAGEM",IF(COUNTIF(P19:R19,"X")<>1,"FALTA/DUPLA: SIN. HORIZ.",IF(COUNTIF(S19:U19,"X")<>1,"FALTA/DUPLA: SIN. VERTICAL","OK")))))) -> OK
A20: 050ETO0290 | B20: C | C20: 2 | D20: 3 | E20: =D20-C20 -> 1 | G20: X | K20: X | N20: X | Q20: X | S20: X | W20: =IF(COUNTA(F20:U20)=0,"— não preenchido",IF(COUNTIF(F20:J20,"X")<>1,"FALTA/DUPLA: CONDIÇÃO DO PAVIMENTO",IF(COUNTIF(K20:L20,"X")<>1,"FALTA/DUPLA: VEGETAÇÃO",IF(COUNTIF(M20:O20,"X")<>1,"FALTA/DUPLA: ELEM. DE DRENAGEM",IF(COUNTIF(P20:R20,"X")<>1,"FALTA/DUPLA: SIN. HORIZ.",IF(COUNTIF(S20:U20,"X")<>1,"FALTA/DUPLA: SIN. VERTICAL","OK")))))) -> OK
A21: 050ETO0290 | B21: C | C21: 3 | D21: 4 | E21: =D21-C21 -> 1 | G21: X | K21: X | N21: X | Q21: X | S21: X | W21: =IF(COUNTA(F21:U21)=0,"— não preenchido",IF(COUNTIF(F21:J21,"X")<>1,"FALTA/DUPLA: CONDIÇÃO DO PAVIMENTO",IF(COUNTIF(K21:L21,"X")<>1,"FALTA/DUPLA: VEGETAÇÃO",IF(COUNTIF(M21:O21,"X")<>1,"FALTA/DUPLA: ELEM. DE DRENAGEM",IF(COUNTIF(P21:R21,"X")<>1,"FALTA/DUPLA: SIN. HORIZ.",IF(COUNTIF(S21:U21,"X")<>1,"FALTA/DUPLA: SIN. VERTICAL","OK")))))) -> OK
A22: 050ETO0290 | B22: C | C22: 4 | D22: 5 | E22: =D22-C22 -> 1 | G22: X | K22: X | N22: X | Q22: X | S22: X | W22: =IF(COUNTA(F22:U22)=0,"— não preenchido",IF(COUNTIF(F22:J22,"X")<>1,"FALTA/DUPLA: CONDIÇÃO DO PAVIMENTO",IF(COUNTIF(K22:L22,"X")<>1,"FALTA/DUPLA: VEGETAÇÃO",IF(COUNTIF(M22:O22,"X")<>1,"FALTA/DUPLA: ELEM. DE DRENAGEM",IF(COUNTIF(P22:R22,"X")<>1,"FALTA/DUPLA: SIN. HORIZ.",IF(COUNTIF(S22:U22,"X")<>1,"FALTA/DUPLA: SIN. VERTICAL","OK")))))) -> OK
A23: 050ETO0290 | B23: C | C23: 5 | D23: 6 | E23: =D23-C23 -> 1 | G23: X | K23: X | N23: X | Q23: X | S23: X | W23: =IF(COUNTA(F23:U23)=0,"— não preenchido",IF(COUNTIF(F23:J23,"X")<>1,"FALTA/DUPLA: CONDIÇÃO DO PAVIMENTO",IF(COUNTIF(K23:L23,"X")<>1,"FALTA/DUPLA: VEGETAÇÃO",IF(COUNTIF(M23:O23,"X")<>1,"FALTA/DUPLA: ELEM. DE DRENAGEM",IF(COUNTIF(P23:R23,"X")<>1,"FALTA/DUPLA: SIN. HORIZ.",IF(COUNTIF(S23:U23,"X")<>1,"FALTA/DUPLA: SIN. VERTICAL","OK")))))) -> OK
A24: 050ETO0290 | B24: C | C24: 6 | D24: 7 | E24: =D24-C24 -> 1 | G24: X | K24: X | N24: X | Q24: X | S24: X | W24: =IF(COUNTA(F24:U24)=0,"— não preenchido",IF(COUNTIF(F24:J24,"X")<>1,"FALTA/DUPLA: CONDIÇÃO DO PAVIMENTO",IF(COUNTIF(K24:L24,"X")<>1,"FALTA/DUPLA: VEGETAÇÃO",IF(COUNTIF(M24:O24,"X")<>1,"FALTA/DUPLA: ELEM. DE DRENAGEM",IF(COUNTIF(P24:R24,"X")<>1,"FALTA/DUPLA: SIN. HORIZ.",IF(COUNTIF(S24:U24,"X")<>1,"FALTA/DUPLA: SIN. VERTICAL","OK")))))) -> OK
A25: 050ETO0290 | B25: C | C25: 7 | D25: 8 | E25: =D25-C25 -> 1 | G25: X | K25: X | N25: X | Q25: X | S25: X | W25: =IF(COUNTA(F25:U25)=0,"— não preenchido",IF(COUNTIF(F25:J25,"X")<>1,"FALTA/DUPLA: CONDIÇÃO DO PAVIMENTO",IF(COUNTIF(K25:L25,"X")<>1,"FALTA/DUPLA: VEGETAÇÃO",IF(COUNTIF(M25:O25,"X")<>1,"FALTA/DUPLA: ELEM. DE DRENAGEM",IF(COUNTIF(P25:R25,"X")<>1,"FALTA/DUPLA: SIN. HORIZ.",IF(COUNTIF(S25:U25,"X")<>1,"FALTA/DUPLA: SIN. VERTICAL","OK")))))) -> OK
A26: 050ETO0290 | B26: C | C26: 8 | D26: 8.5478498 | E26: =D26-C26 -> 0.54784982 | G26: X | K26: X | N26: X | Q26: X | S26: X | W26: =IF(COUNTA(F26:U26)=0,"— não preenchido",IF(COUNTIF(F26:J26,"X")<>1,"FALTA/DUPLA: CONDIÇÃO DO PAVIMENTO",IF(COUNTIF(K26:L26,"X")<>1,"FALTA/DUPLA: VEGETAÇÃO",IF(COUNTIF(M26:O26,"X")<>1,"FALTA/DUPLA: ELEM. DE DRENAGEM",IF(COUNTIF(P26:R26,"X")<>1,"FALTA/DUPLA: SIN. HORIZ.",IF(COUNTIF(S26:U26,"X")<>1,"FALTA/DUPLA: SIN. VERTICAL","OK")))))) -> OK
A28: ____________________________________________ | G28: ____________________________________________
A29: TÉCNICO RESPONSÁVEL PELA INSPEÇÃO | G29: VISTO DA SUPERVISÃO
A31: RESUMO DO TRECHO — KM LANÇADO POR ITEM
A32: KM LANÇADO | F32: =SUMIF(F$9:F$26,"X",$E$9:$E$26) -> 1.8568038 | G32: =SUMIF(G$9:G$26,"X",$E$9:$E$26) -> 13.531604 | H32: =SUMIF(H$9:H$26,"X",$E$9:$E$26) -> 0 | I32: =SUMIF(I$9:I$26,"X",$E$9:$E$26) -> 0 | J32: =SUMIF(J$9:J$26,"X",$E$9:$E$26) -> 0 | K32: =SUMIF(K$9:K$26,"X",$E$9:$E$26) -> 15.388408 | L32: =SUMIF(L$9:L$26,"X",$E$9:$E$26) -> 0 | M32: =SUMIF(M$9:M$26,"X",$E$9:$E$26) -> 0 | ... U32: =SUMIF(U$9:U$26,"X",$E$9:$E$26) -> 0
A33: % DA EXTENSÃO | F33: =IF($R35=0,0,F32/$R35) -> 0.1206625 | G33: =IF($R35=0,0,G32/$R35) -> 0.8793375 | H33: =IF($R35=0,0,H32/$R35) -> 0 | I33: =IF($R35=0,0,I32/$R35) -> 0 | J33: =IF($R35=0,0,J32/$R35) -> 0 | K33: =IF($R35=0,0,K32/$R35) -> 1 | L33: =IF($R35=0,0,L32/$R35) -> 0 | M33: =IF($R35=0,0,M32/$R35) -> 0 | ... U33: =IF($R35=0,0,U32/$R35) -> 0
A34: CONFERÊNCIA POR GRUPO | F34: =IF(SUM(F32:J32)=0,"— não preenchido",IF(ROUND(SUM(F32:J32)-$R35,3)=0,"OK — "&ROUND(SUM(F32:J32),3)&" km","ERRO — dif. de "&ROUND(SUM(F32:J32)-$R35,3)&" km")) -> OK — 15,388 km | K34: =IF(SUM(K32:L32)=0,"— não preenchido",IF(ROUND(SUM(K32:L32)-$R35,3)=0,"OK — "&ROUND(SUM(K32:L32),3)&" km","ERRO — dif. de "&ROUND(SUM(K32:L32)-$R35,3)&" km")) -> OK — 15,388 km | M34: =IF(SUM(M32:O32)=0,"— não preenchido",IF(ROUND(SUM(M32:O32)-$R35,3)=0,"OK — "&ROUND(SUM(M32:O32),3)&" km","ERRO — dif. de "&ROUND(SUM(M32:O32)-$R35,3)&" km")) -> OK — 15,388 km | P34: =IF(SUM(P32:R32)=0,"— não preenchido",IF(ROUND(SUM(P32:R32)-$R35,3)=0,"OK — "&ROUND(SUM(P32:R32),3)&" km","ERRO — dif. de "&ROUND(SUM(P32:R32)-$R35,3)&" km")) -> OK — 15,388 km | S34: =IF(SUM(S32:U32)=0,"— não preenchido",IF(ROUND(SUM(S32:U32)-$R35,3)=0,"OK — "&ROUND(SUM(S32:U32),3)&" km","ERRO — dif. de "&ROUND(SUM(S32:U32)-$R35,3)&" km")) -> OK — 15,388 km
A35: EXTENSÃO TOTAL DO TRECHO | R35: =SUM(E9:E26) -> 15.388408 | V35: =COUNTIF(W9:W26,"OK")&" de "&COUNT($E$9:$E$26)&" linhas conferidas" -> 16 de 16 linhas conferidas
A37: LEGENDA
A38: REM. I. / REM. L. | E38: Remendos isolados (até 10 por km) · Remendos ao longo (mais de 10 por km)
A39: BUR. I. / BUR. L. | E39: Buracos isolados (até 5 por km) · Buracos ao longo (mais de 5 por km)
A40: SIT. | E40: PPS = pista simples · PSU = simples urbana · PDU = duplicada
A41: FAIXA AZUL | E41: Cabeçalho de cada S.R.E.: descrição, situação, jurisdição, extensão e coordenada de início.
A42: INÍCIO / FIM (KM) | E42: Contados de 0 até o fim de CADA S.R.E. Não é o marco quilométrico da rodovia.
A43: SENT. | E43: C = crescente · D = decrescente
A44: FAIXA CINZA | E44: Segmento fora do escopo do contrato: você passa por ele, mas não preenche.
A45: CÉLULA VERMELHA | E45: Mais de uma X no mesmo grupo. Apague uma delas.
A46: CONFERÊNCIA | E46: Só na tela, não sai impresso. Fica OK com uma X em cada grupo.

Sheet 251
A1: PROGRAMA DE MANUTENÇÃO RODOVIÁRIA — FICHA DE INSPEÇÃO — RODOVIAS PAVIMENTADAS | Y1: Valores dos gráficos — troca 0 por N/D para a fatia não aparecer. Não editar.
A2: REGIÃO: 13 — DIANÓPOLIS | G2: MÊS / ANO: | I2: 46266 | K2: DATA: | P2: TÉCNICO: | R2: ENG. THIAGO BORGES TORQUATO | Y2: =IF(F122=0,NA(),F122) -> 59.648839 | Z2: =IF(G122=0,NA(),G122) -> 24.862925 | AA2: =IF(H122=0,NA(),H122) -> 20 | AB2: =IF(I122=0,NA(),I122) -> #N/A | AC2: =IF(J122=0,NA(),J122) -> #N/A | AD2: =IF(K122=0,NA(),K122) -> 104.51176 | AE2: =IF(L122=0,NA(),L122) -> #N/A | AF2: =IF(M122=0,NA(),M122) -> 3.648839 | ... AN2: =IF(U122=0,NA(),U122) -> #N/A
A3: TRECHO 251 — RODOVIA TO-050 - TRECHO CONCEIÇÃO DO TOCANTINS - ARRAIAS | T3: EXTENSÃO: 104,512 km · 4 S.R.E.
A4: COMO PREENCHER: uma X em UMA coluna de cada grupo, por linha. Se houver mais de um defeito no mesmo km, marque o PREDOMINANTE e escreva o resto em OBSERVAÇÕES. A quilometragem é contada de 0 até o fim de CADA S.R.E. (não é o marco da rodovia).
A6: S.R.E. | B6: SENT. | C6: INÍCIO (KM) | D6: FIM (KM) | E6: EXT. (KM) | F6: CONDIÇÃO DO PAVIMENTO | K6: VEGETAÇÃO | M6: ELEM. DE DRENAGEM | P6: SIN. HORIZ. | S6: SIN. VERTICAL | V6: OBSERVAÇÕES | W6: CONFERÊNCIA (só na tela)
F7: BOM | G7: REM. I. | H7: REM. L. | I7: BUR. I. | J7: BUR. L. | K7: ADEQ. | L7: INAD. | M7: LIMPOS | N7: SUJOS | O7: DAN. | P7: BOM | Q7: REG. | R7: INEXIST. | S7: BOM | T7: POUCAS | U7: INEXIST.
A8: S.R.E. 050ETO0230 | CONCEIÇÃO DO TOCANTINS - ENTR. BR-242 | PPS · Estadual · 33.954 km · início: -12.229553, -47.296176
A9: 050ETO0230 | B9: C | C9: 0 | D9: 1 | E9: =D9-C9 -> 1 | F9: X | K9: X | N9: X | Q9: X | T9: X | V9: 33,95 km | W9: =IF(COUNTA(F9:U9)=0,"— não preenchido",IF(COUNTIF(F9:J9,"X")<>1,"FALTA/DUPLA: CONDIÇÃO DO PAVIMENTO",IF(COUNTIF(K9:L9,"X")<>1,"FALTA/DUPLA: VEGETAÇÃO",IF(COUNTIF(M9:O9,"X")<>1,"FALTA/DUPLA: ELEM. DE DRENAGEM",IF(COUNTIF(P9:R9,"X")<>1,"FALTA/DUPLA: SIN. HORIZ.",IF(COUNTIF(S9:U9,"X")<>1,"FALTA/DUPLA: SIN. VERTICAL","OK")))))) -> OK
A10: 050ETO0230 | B10: C | C10: 1 | D10: 2 | E10: =D10-C10 -> 1 | F10: X | K10: X | N10: X | Q10: X | T10: X | V10: 33,95 km | W10: =IF(COUNTA(F10:U10)=0,"— não preenchido",IF(COUNTIF(F10:J10,"X")<>1,"FALTA/DUPLA: CONDIÇÃO DO PAVIMENTO",IF(COUNTIF(K10:L10,"X")<>1,"FALTA/DUPLA: VEGETAÇÃO",IF(COUNTIF(M10:O10,"X")<>1,"FALTA/DUPLA: ELEM. DE DRENAGEM",IF(COUNTIF(P10:R10,"X")<>1,"FALTA/DUPLA: SIN. HORIZ.",IF(COUNTIF(S10:U10,"X")<>1,"FALTA/DUPLA: SIN. VERTICAL","OK")))))) -> OK
A11: 050ETO0230 | B11: C | C11: 2 | D11: 3 | E11: =D11-C11 -> 1 | F11: X | K11: X | N11: X | Q11: X | T11: X | V11: 33,95 km | W11: =IF(COUNTA(F11:U11)=0,"— não preenchido",IF(COUNTIF(F11:J11,"X")<>1,"FALTA/DUPLA: CONDIÇÃO DO PAVIMENTO",IF(COUNTIF(K11:L11,"X")<>1,"FALTA/DUPLA: VEGETAÇÃO",IF(COUNTIF(M11:O11,"X")<>1,"FALTA/DUPLA: ELEM. DE DRENAGEM",IF(COUNTIF(P11:R11,"X")<>1,"FALTA/DUPLA: SIN. HORIZ.",IF(COUNTIF(S11:U11,"X")<>1,"FALTA/DUPLA: SIN. VERTICAL","OK")))))) -> OK
A12: 050ETO0230 | B12: C | C12: 3 | D12: 4 | E12: =D12-C12 -> 1 | F12: X | K12: X | N12: X | Q12: X | T12: X | V12: 33,95 km | W12: =IF(COUNTA(F12:U12)=0,"— não preenchido",IF(COUNTIF(F12:J12,"X")<>1,"FALTA/DUPLA: CONDIÇÃO DO PAVIMENTO",IF(COUNTIF(K12:L12,"X")<>1,"FALTA/DUPLA: VEGETAÇÃO",IF(COUNTIF(M12:O12,"X")<>1,"FALTA/DUPLA: ELEM. DE DRENAGEM",IF(COUNTIF(P12:R12,"X")<>1,"FALTA/DUPLA: SIN. HORIZ.",IF(COUNTIF(S12:U12,"X")<>1,"FALTA/DUPLA: SIN. VERTICAL","OK")))))) -> OK
A13: 050ETO0230 | B13: C | C13: 4 | D13: 5 | E13: =D13-C13 -> 1 | F13: X | K13: X | N13: X | Q13: X | T13: X | V13: 33,95 km | W13: =IF(COUNTA(F13:U13)=0,"— não preenchido",IF(COUNTIF(F13:J13,"X")<>1,"FALTA/DUPLA: CONDIÇÃO DO PAVIMENTO",IF(COUNTIF(K13:L13,"X")<>1,"FALTA/DUPLA: VEGETAÇÃO",IF(COUNTIF(M13:O13,"X")<>1,"FALTA/DUPLA: ELEM. DE DRENAGEM",IF(COUNTIF(P13:R13,"X")<>1,"FALTA/DUPLA: SIN. HORIZ.",IF(COUNTIF(S13:U13,"X")<>1,"FALTA/DUPLA: SIN. VERTICAL","OK")))))) -> OK
A14: 050ETO0230 | B14: C | C14: 5 | D14: 6 | E14: =D14-C14 -> 1 | F14: X | K14: X | N14: X | Q14: X | T14: X | V14: 33,95 km | W14: =IF(COUNTA(F14:U14)=0,"— não preenchido",IF(COUNTIF(F14:J14,"X")<>1,"FALTA/DUPLA: CONDIÇÃO DO PAVIMENTO",IF(COUNTIF(K14:L14,"X")<>1,"FALTA/DUPLA: VEGETAÇÃO",IF(COUNTIF(M14:O14,"X")<>1,"FALTA/DUPLA: ELEM. DE DRENAGEM",IF(COUNTIF(P14:R14,"X")<>1,"FALTA/DUPLA: SIN. HORIZ.",IF(COUNTIF(S14:U14,"X")<>1,"FALTA/DUPLA: SIN. VERTICAL","OK")))))) -> OK
A15: 050ETO0230 | B15: C | C15: 6 | D15: 7 | E15: =D15-C15 -> 1 | F15: X | K15: X | N15: X | Q15: X | T15: X | V15: 33,95 km | W15: =IF(COUNTA(F15:U15)=0,"— não preenchido",IF(COUNTIF(F15:J15,"X")<>1,"FALTA/DUPLA: CONDIÇÃO DO PAVIMENTO",IF(COUNTIF(K15:L15,"X")<>1,"FALTA/DUPLA: VEGETAÇÃO",IF(COUNTIF(M15:O15,"X")<>1,"FALTA/DUPLA: ELEM. DE DRENAGEM",IF(COUNTIF(P15:R15,"X")<>1,"FALTA/DUPLA: SIN. HORIZ.",IF(COUNTIF(S15:U15,"X")<>1,"FALTA/DUPLA: SIN. VERTICAL","OK")))))) -> OK
A16: 050ETO0230 | B16: C | C16: 7 | D16: 8 | E16: =D16-C16 -> 1 | F16: X | K16: X | N16: X | Q16: X | T16: X | V16: 33,95 km | W16: =IF(COUNTA(F16:U16)=0,"— não preenchido",IF(COUNTIF(F16:J16,"X")<>1,"FALTA/DUPLA: CONDIÇÃO DO PAVIMENTO",IF(COUNTIF(K16:L16,"X")<>1,"FALTA/DUPLA: VEGETAÇÃO",IF(COUNTIF(M16:O16,"X")<>1,"FALTA/DUPLA: ELEM. DE DRENAGEM",IF(COUNTIF(P16:R16,"X")<>1,"FALTA/DUPLA: SIN. HORIZ.",IF(COUNTIF(S16:U16,"X")<>1,"FALTA/DUPLA: SIN. VERTICAL","OK")))))) -> OK
A17: 050ETO0230 | B17: C | C17: 8 | D17: 9 | E17: =D17-C17 -> 1 | F17: X | K17: X | N17: X | Q17: X | T17: X | V17: 33,95 km | W17: =IF(COUNTA(F17:U17)=0,"— não preenchido",IF(COUNTIF(F17:J17,"X")<>1,"FALTA/DUPLA: CONDIÇÃO DO PAVIMENTO",IF(COUNTIF(K17:L17,"X")<>1,"FALTA/DUPLA: VEGETAÇÃO",IF(COUNTIF(M17:O17,"X")<>1,"FALTA/DUPLA: ELEM. DE DRENAGEM",IF(COUNTIF(P17:R17,"X")<>1,"FALTA/DUPLA: SIN. HORIZ.",IF(COUNTIF(S17:U17,"X")<>1,"FALTA/DUPLA: SIN. VERTICAL","OK")))))) -> OK
A18: 050ETO0230 | B18: C | C18: 9 | D18: 10 | E18: =D18-C18 -> 1 | F18: X | K18: X | N18: X | Q18: X | T18: X | V18: 33,95 km | W18: =IF(COUNTA(F18:U18)=0,"— não preenchido",IF(COUNTIF(F18:J18,"X")<>1,"FALTA/DUPLA: CONDIÇÃO DO PAVIMENTO",IF(COUNTIF(K18:L18,"X")<>1,"FALTA/DUPLA: VEGETAÇÃO",IF(COUNTIF(M18:O18,"X")<>1,"FALTA/DUPLA: ELEM. DE DRENAGEM",IF(COUNTIF(P18:R18,"X")<>1,"FALTA/DUPLA: SIN. HORIZ.",IF(COUNTIF(S18:U18,"X")<>1,"FALTA/DUPLA: SIN. VERTICAL","OK")))))) -> OK
A19: 050ETO0230 | B19: C | C19: 10 | D19: 11 | E19: =D19-C19 -> 1 | G19: X | K19: X | N19: X | Q19: X | T19: X | W19: =IF(COUNTA(F19:U19)=0,"— não preenchido",IF(COUNTIF(F19:J19,"X")<>1,"FALTA/DUPLA: CONDIÇÃO DO PAVIMENTO",IF(COUNTIF(K19:L19,"X")<>1,"FALTA/DUPLA: VEGETAÇÃO",IF(COUNTIF(M19:O19,"X")<>1,"FALTA/DUPLA: ELEM. DE DRENAGEM",IF(COUNTIF(P19:R19,"X")<>1,"FALTA/DUPLA: SIN. HORIZ.",IF(COUNTIF(S19:U19,"X")<>1,"FALTA/DUPLA: SIN. VERTICAL","OK")))))) -> OK
A20: 050ETO0230 | B20: C | C20: 11 | D20: 12 | E20: =D20-C20 -> 1 | F20: X | K20: X | N20: X | Q20: X | T20: X | W20: =IF(COUNTA(F20:U20)=0,"— não preenchido",IF(COUNTIF(F20:J20,"X")<>1,"FALTA/DUPLA: CONDIÇÃO DO PAVIMENTO",IF(COUNTIF(K20:L20,"X")<>1,"FALTA/DUPLA: VEGETAÇÃO",IF(COUNTIF(M20:O20,"X")<>1,"FALTA/DUPLA: ELEM. DE DRENAGEM",IF(COUNTIF(P20:R20,"X")<>1,"FALTA/DUPLA: SIN. HORIZ.",IF(COUNTIF(S20:U20,"X")<>1,"FALTA/DUPLA: SIN. VERTICAL","OK")))))) -> OK
A21: 050ETO0230 | B21: C | C21: 12 | D21: 13 | E21: =D21-C21 -> 1 | F21: X | K21: X | N21: X | Q21: X | T21: X | W21: =IF(COUNTA(F21:U21)=0,"— não preenchido",IF(COUNTIF(F21:J21,"X")<>1,"FALTA/DUPLA: CONDIÇÃO DO PAVIMENTO",IF(COUNTIF(K21:L21,"X")<>1,"FALTA/DUPLA: VEGETAÇÃO",IF(COUNTIF(M21:O21,"X")<>1,"FALTA/DUPLA: ELEM. DE DRENAGEM",IF(COUNTIF(P21:R21,"X")<>1,"FALTA/DUPLA: SIN. HORIZ.",IF(COUNTIF(S21:U21,"X")<>1,"FALTA/DUPLA: SIN. VERTICAL","OK")))))) -> OK
A22: 050ETO0230 | B22: C | C22: 13 | D22: 14 | E22: =D22-C22 -> 1 | F22: X | K22: X | N22: X | Q22: X | T22: X | W22: =IF(COUNTA(F22:U22)=0,"— não preenchido",IF(COUNTIF(F22:J22,"X")<>1,"FALTA/DUPLA: CONDIÇÃO DO PAVIMENTO",IF(COUNTIF(K22:L22,"X")<>1,"FALTA/DUPLA: VEGETAÇÃO",IF(COUNTIF(M22:O22,"X")<>1,"FALTA/DUPLA: ELEM. DE DRENAGEM",IF(COUNTIF(P22:R22,"X")<>1,"FALTA/DUPLA: SIN. HORIZ.",IF(COUNTIF(S22:U22,"X")<>1,"FALTA/DUPLA: SIN. VERTICAL","OK")))))) -> OK
A23: 050ETO0230 | B23: C | C23: 14 | D23: 15 | E23: =D23-C23 -> 1 | F23: X | K23: X | N23: X | Q23: X | T23: X | W23: =IF(COUNTA(F23:U23)=0,"— não preenchido",IF(COUNTIF(F23:J23,"X")<>1,"FALTA/DUPLA: CONDIÇÃO DO PAVIMENTO",IF(COUNTIF(K23:L23,"X")<>1,"FALTA/DUPLA: VEGETAÇÃO",IF(COUNTIF(M23:O23,"X")<>1,"FALTA/DUPLA: ELEM. DE DRENAGEM",IF(COUNTIF(P23:R23,"X")<>1,"FALTA/DUPLA: SIN. HORIZ.",IF(COUNTIF(S23:U23,"X")<>1,"FALTA/DUPLA: SIN. VERTICAL","OK")))))) -> OK
A24: 050ETO0230 | B24: C | C24: 15 | D24: 16 | E24: =D24-C24 -> 1 | F24: X | K24: X | N24: X | Q24: X | T24: X | W24: =IF(COUNTA(F24:U24)=0,"— não preenchido",IF(COUNTIF(F24:J24,"X")<>1,"FALTA/DUPLA: CONDIÇÃO DO PAVIMENTO",IF(COUNTIF(K24:L24,"X")<>1,"FALTA/DUPLA: VEGETAÇÃO",IF(COUNTIF(M24:O24,"X")<>1,"FALTA/DUPLA: ELEM. DE DRENAGEM",IF(COUNTIF(P24:R24,"X")<>1,"FALTA/DUPLA: SIN. HORIZ.",IF(COUNTIF(S24:U24,"X")<>1,"FALTA/DUPLA: SIN. VERTICAL","OK")))))) -> OK
A25: 050ETO0230 | B25: C | C25: 16 | D25: 17 | E25: =D25-C25 -> 1 | F25: X | K25: X | N25: X | Q25: X | T25: X | W25: =IF(COUNTA(F25:U25)=0,"— não preenchido",IF(COUNTIF(F25:J25,"X")<>1,"FALTA/DUPLA: CONDIÇÃO DO PAVIMENTO",IF(COUNTIF(K25:L25,"X")<>1,"FALTA/DUPLA: VEGETAÇÃO",IF(COUNTIF(M25:O25,"X")<>1,"FALTA/DUPLA: ELEM. DE DRENAGEM",IF(COUNTIF(P25:R25,"X")<>1,"FALTA/DUPLA: SIN. HORIZ.",IF(COUNTIF(S25:U25,"X")<>1,"FALTA/DUPLA: SIN. VERTICAL","OK")))))) -> OK
A26: 050ETO0230 | B26: C | C26: 17 | D26: 18 | E26: =D26-C26 -> 1 | F26: X | K26: X | N26: X | Q26: X | T26: X | W26: =IF(COUNTA(F26:U26)=0,"— não preenchido",IF(COUNTIF(F26:J26,"X")<>1,"FALTA/DUPLA: CONDIÇÃO DO PAVIMENTO",IF(COUNTIF(K26:L26,"X")<>1,"FALTA/DUPLA: VEGETAÇÃO",IF(COUNTIF(M26:O26,"X")<>1,"FALTA/DUPLA: ELEM. DE DRENAGEM",IF(COUNTIF(P26:R26,"X")<>1,"FALTA/DUPLA: SIN. HORIZ.",IF(COUNTIF(S26:U26,"X")<>1,"FALTA/DUPLA: SIN. VERTICAL","OK")))))) -> OK
A27: 050ETO0230 | B27: C | C27: 18 | D27: 19 | E27: =D27-C27 -> 1 | F27: X | K27: X | N27: X | Q27: X | T27: X | W27: =IF(COUNTA(F27:U27)=0,"— não preenchido",IF(COUNTIF(F27:J27,"X")<>1,"FALTA/DUPLA: CONDIÇÃO DO PAVIMENTO",IF(COUNTIF(K27:L27,"X")<>1,"FALTA/DUPLA: VEGETAÇÃO",IF(COUNTIF(M27:O27,"X")<>1,"FALTA/DUPLA: ELEM. DE DRENAGEM",IF(COUNTIF(P27:R27,"X")<>1,"FALTA/DUPLA: SIN. HORIZ.",IF(COUNTIF(S27:U27,"X")<>1,"FALTA/DUPLA: SIN. VERTICAL","OK")))))) -> OK
A28: 050ETO0230 | B28: C | C28: 19 | D28: 20 | E28: =D28-C28 -> 1 | H28: X | K28: X | N28: X | Q28: X | T28: X | W28: =IF(COUNTA(F28:U28)=0,"— não preenchido",IF(COUNTIF(F28:J28,"X")<>1,"FALTA/DUPLA: CONDIÇÃO DO PAVIMENTO",IF(COUNTIF(K28:L28,"X")<>1,"FALTA/DUPLA: VEGETAÇÃO",IF(COUNTIF(M28:O28,"X")<>1,"FALTA/DUPLA: ELEM. DE DRENAGEM",IF(COUNTIF(P28:R28,"X")<>1,"FALTA/DUPLA: SIN. HORIZ.",IF(COUNTIF(S28:U28,"X")<>1,"FALTA/DUPLA: SIN. VERTICAL","OK")))))) -> OK
A29: 050ETO0230 | B29: C | C29: 20 | D29: 21 | E29: =D29-C29 -> 1 | F29: X | K29: X | N29: X | Q29: X | T29: X | W29: =IF(COUNTA(F29:U29)=0,"— não preenchido",IF(COUNTIF(F29:J29,"X")<>1,"FALTA/DUPLA: CONDIÇÃO DO PAVIMENTO",IF(COUNTIF(K29:L29,"X")<>1,"FALTA/DUPLA: VEGETAÇÃO",IF(COUNTIF(M29:O29,"X")<>1,"FALTA/DUPLA: ELEM. DE DRENAGEM",IF(COUNTIF(P29:R29,"X")<>1,"FALTA/DUPLA: SIN. HORIZ.",IF(COUNTIF(S29:U29,"X")<>1,"FALTA/DUPLA: SIN. VERTICAL","OK")))))) -> OK
A30: 050ETO0230 | B30: C | C30: 21 | D30: 22 | E30: =D30-C30 -> 1 | F30: X | K30: X | N30: X | Q30: X | T30: X | W30: =IF(COUNTA(F30:U30)=0,"— não preenchido",IF(COUNTIF(F30:J30,"X")<>1,"FALTA/DUPLA: CONDIÇÃO DO PAVIMENTO",IF(COUNTIF(K30:L30,"X")<>1,"FALTA/DUPLA: VEGETAÇÃO",IF(COUNTIF(M30:O30,"X")<>1,"FALTA/DUPLA: ELEM. DE DRENAGEM",IF(COUNTIF(P30:R30,"X")<>1,"FALTA/DUPLA: SIN. HORIZ.",IF(COUNTIF(S30:U30,"X")<>1,"FALTA/DUPLA: SIN. VERTICAL","OK")))))) -> OK
A31: 050ETO0230 | B31: C | C31: 22 | D31: 23 | E31: =D31-C31 -> 1 | F31: X | K31: X | N31: X | Q31: X | T31: X | W31: =IF(COUNTA(F31:U31)=0,"— não preenchido",IF(COUNTIF(F31:J31,"X")<>1,"FALTA/DUPLA: CONDIÇÃO DO PAVIMENTO",IF(COUNTIF(K31:L31,"X")<>1,"FALTA/DUPLA: VEGETAÇÃO",IF(COUNTIF(M31:O31,"X")<>1,"FALTA/DUPLA: ELEM. DE DRENAGEM",IF(COUNTIF(P31:R31,"X")<>1,"FALTA/DUPLA: SIN. HORIZ.",IF(COUNTIF(S31:U31,"X")<>1,"FALTA/DUPLA: SIN. VERTICAL","OK")))))) -> OK
A32: 050ETO0230 | B32: C | C32: 23 | D32: 24 | E32: =D32-C32 -> 1 | F32: X | K32: X | N32: X | Q32: X | T32: X | W32: =IF(COUNTA(F32:U32)=0,"— não preenchido",IF(COUNTIF(F32:J32,"X")<>1,"FALTA/DUPLA: CONDIÇÃO DO PAVIMENTO",IF(COUNTIF(K32:L32,"X")<>1,"FALTA/DUPLA: VEGETAÇÃO",IF(COUNTIF(M32:O32,"X")<>1,"FALTA/DUPLA: ELEM. DE DRENAGEM",IF(COUNTIF(P32:R32,"X")<>1,"FALTA/DUPLA: SIN. HORIZ.",IF(COUNTIF(S32:U32,"X")<>1,"FALTA/DUPLA: SIN. VERTICAL","OK")))))) -> OK
A33: 050ETO0230 | B33: C | C33: 24 | D33: 25 | E33: =D33-C33 -> 1 | F33: X | K33: X | N33: X | Q33: X | T33: X | W33: =IF(COUNTA(F33:U33)=0,"— não preenchido",IF(COUNTIF(F33:J33,"X")<>1,"FALTA/DUPLA: CONDIÇÃO DO PAVIMENTO",IF(COUNTIF(K33:L33,"X")<>1,"FALTA/DUPLA: VEGETAÇÃO",IF(COUNTIF(M33:O33,"X")<>1,"FALTA/DUPLA: ELEM. DE DRENAGEM",IF(COUNTIF(P33:R33,"X")<>1,"FALTA/DUPLA: SIN. HORIZ.",IF(COUNTIF(S33:U33,"X")<>1,"FALTA/DUPLA: SIN. VERTICAL","OK")))))) -> OK
A34: 050ETO0230 | B34: C | C34: 25 | D34: 26 | E34: =D34-C34 -> 1 | F34: X | K34: X | N34: X | Q34: X | T34: X | W34: =IF(COUNTA(F34:U34)=0,"— não preenchido",IF(COUNTIF(F34:J34,"X")<>1,"FALTA/DUPLA: CONDIÇÃO DO PAVIMENTO",IF(COUNTIF(K34:L34,"X")<>1,"FALTA/DUPLA: VEGETAÇÃO",IF(COUNTIF(M34:O34,"X")<>1,"FALTA/DUPLA: ELEM. DE DRENAGEM",IF(COUNTIF(P34:R34,"X")<>1,"FALTA/DUPLA: SIN. HORIZ.",IF(COUNTIF(S34:U34,"X")<>1,"FALTA/DUPLA: SIN. VERTICAL","OK")))))) -> OK
A35: 050ETO0230 | B35: C | C35: 26 | D35: 27 | E35: =D35-C35 -> 1 | F35: X | K35: X | N35: X | Q35: X | T35: X | W35: =IF(COUNTA(F35:U35)=0,"— não preenchido",IF(COUNTIF(F35:J35,"X")<>1,"FALTA/DUPLA: CONDIÇÃO DO PAVIMENTO",IF(COUNTIF(K35:L35,"X")<>1,"FALTA/DUPLA: VEGETAÇÃO",IF(COUNTIF(M35:O35,"X")<>1,"FALTA/DUPLA: ELEM. DE DRENAGEM",IF(COUNTIF(P35:R35,"X")<>1,"FALTA/DUPLA: SIN. HORIZ.",IF(COUNTIF(S35:U35,"X")<>1,"FALTA/DUPLA: SIN. VERTICAL","OK")))))) -> OK
A36: 050ETO0230 | B36: C | C36: 27 | D36: 28 | E36: =D36-C36 -> 1 | F36: X | K36: X | N36: X | Q36: X | T36: X | W36: =IF(COUNTA(F36:U36)=0,"— não preenchido",IF(COUNTIF(F36:J36,"X")<>1,"FALTA/DUPLA: CONDIÇÃO DO PAVIMENTO",IF(COUNTIF(K36:L36,"X")<>1,"FALTA/DUPLA: VEGETAÇÃO",IF(COUNTIF(M36:O36,"X")<>1,"FALTA/DUPLA: ELEM. DE DRENAGEM",IF(COUNTIF(P36:R36,"X")<>1,"FALTA/DUPLA: SIN. HORIZ.",IF(COUNTIF(S36:U36,"X")<>1,"FALTA/DUPLA: SIN. VERTICAL","OK")))))) -> OK
A37: 050ETO0230 | B37: C | C37: 28 | D37: 29 | E37: =D37-C37 -> 1 | F37: X | K37: X | N37: X | Q37: X | T37: X | W37: =IF(COUNTA(F37:U37)=0,"— não preenchido",IF(COUNTIF(F37:J37,"X")<>1,"FALTA/DUPLA: CONDIÇÃO DO PAVIMENTO",IF(COUNTIF(K37:L37,"X")<>1,"FALTA/DUPLA: VEGETAÇÃO",IF(COUNTIF(M37:O37,"X")<>1,"FALTA/DUPLA: ELEM. DE DRENAGEM",IF(COUNTIF(P37:R37,"X")<>1,"FALTA/DUPLA: SIN. HORIZ.",IF(COUNTIF(S37:U37,"X")<>1,"FALTA/DUPLA: SIN. VERTICAL","OK")))))) -> OK
A38: 050ETO0230 | B38: C | C38: 29 | D38: 30 | E38: =D38-C38 -> 1 | F38: X | K38: X | N38: X | Q38: X | T38: X | W38: =IF(COUNTA(F38:U38)=0,"— não preenchido",IF(COUNTIF(F38:J38,"X")<>1,"FALTA/DUPLA: CONDIÇÃO DO PAVIMENTO",IF(COUNTIF(K38:L38,"X")<>1,"FALTA/DUPLA: VEGETAÇÃO",IF(COUNTIF(M38:O38,"X")<>1,"FALTA/DUPLA: ELEM. DE DRENAGEM",IF(COUNTIF(P38:R38,"X")<>1,"FALTA/DUPLA: SIN. HORIZ.",IF(COUNTIF(S38:U38,"X")<>1,"FALTA/DUPLA: SIN. VERTICAL","OK")))))) -> OK
A39: 050ETO0230 | B39: C | C39: 30 | D39: 31 | E39: =D39-C39 -> 1 | G39: X | K39: X | N39: X | Q39: X | T39: X | W39: =IF(COUNTA(F39:U39)=0,"— não preenchido",IF(COUNTIF(F39:J39,"X")<>1,"FALTA/DUPLA: CONDIÇÃO DO PAVIMENTO",IF(COUNTIF(K39:L39,"X")<>1,"FALTA/DUPLA: VEGETAÇÃO",IF(COUNTIF(M39:O39,"X")<>1,"FALTA/DUPLA: ELEM. DE DRENAGEM",IF(COUNTIF(P39:R39,"X")<>1,"FALTA/DUPLA: SIN. HORIZ.",IF(COUNTIF(S39:U39,"X")<>1,"FALTA/DUPLA: SIN. VERTICAL","OK")))))) -> OK
A40: 050ETO0230 | B40: C | C40: 31 | D40: 32 | E40: =D40-C40 -> 1 | G40: X | K40: X | N40: X | Q40: X | T40: X | W40: =IF(COUNTA(F40:U40)=0,"— não preenchido",IF(COUNTIF(F40:J40,"X")<>1,"FALTA/DUPLA: CONDIÇÃO DO PAVIMENTO",IF(COUNTIF(K40:L40,"X")<>1,"FALTA/DUPLA: VEGETAÇÃO",IF(COUNTIF(M40:O40,"X")<>1,"FALTA/DUPLA: ELEM. DE DRENAGEM",IF(COUNTIF(P40:R40,"X")<>1,"FALTA/DUPLA: SIN. HORIZ.",IF(COUNTIF(S40:U40,"X")<>1,"FALTA/DUPLA: SIN. VERTICAL","OK")))))) -> OK
A41: 050ETO0230 | B41: C | C41: 32 | D41: 33 | E41: =D41-C41 -> 1 | G41: X | K41: X | N41: X | Q41: X | T41: X | W41: =IF(COUNTA(F41:U41)=0,"— não preenchido",IF(COUNTIF(F41:J41,"X")<>1,"FALTA/DUPLA: CONDIÇÃO DO PAVIMENTO",IF(COUNTIF(K41:L41,"X")<>1,"FALTA/DUPLA: VEGETAÇÃO",IF(COUNTIF(M41:O41,"X")<>1,"FALTA/DUPLA: ELEM. DE DRENAGEM",IF(COUNTIF(P41:R41,"X")<>1,"FALTA/DUPLA: SIN. HORIZ.",IF(COUNTIF(S41:U41,"X")<>1,"FALTA/DUPLA: SIN. VERTICAL","OK")))))) -> OK
A42: 050ETO0230 | B42: C | C42: 33 | D42: 33.953785 | E42: =D42-C42 -> 0.9537849 | G42: X | K42: X | N42: X | Q42: X | T42: X | W42: =IF(COUNTA(F42:U42)=0,"— não preenchido",IF(COUNTIF(F42:J42,"X")<>1,"FALTA/DUPLA: CONDIÇÃO DO PAVIMENTO",IF(COUNTIF(K42:L42,"X")<>1,"FALTA/DUPLA: VEGETAÇÃO",IF(COUNTIF(M42:O42,"X")<>1,"FALTA/DUPLA: ELEM. DE DRENAGEM",IF(COUNTIF(P42:R42,"X")<>1,"FALTA/DUPLA: SIN. HORIZ.",IF(COUNTIF(S42:U42,"X")<>1,"FALTA/DUPLA: SIN. VERTICAL","OK")))))) -> OK
A43: S.R.E. 050ETO0240 | ENTR. BR-242 - ENTR. TO-296 | PPS · Estadual · 47.950 km · início: -12.499814, -47.203716
A44: 050ETO0240 | B44: C | C44: 0 | D44: 1 | E44: =D44-C44 -> 1 | F44: X | K44: X | N44: X | Q44: X | T44: X | V44: 47,95 km | W44: =IF(COUNTA(F44:U44)=0,"— não preenchido",IF(COUNTIF(F44:J44,"X")<>1,"FALTA/DUPLA: CONDIÇÃO DO PAVIMENTO",IF(COUNTIF(K44:L44,"X")<>1,"FALTA/DUPLA: VEGETAÇÃO",IF(COUNTIF(M44:O44,"X")<>1,"FALTA/DUPLA: ELEM. DE DRENAGEM",IF(COUNTIF(P44:R44,"X")<>1,"FALTA/DUPLA: SIN. HORIZ.",IF(COUNTIF(S44:U44,"X")<>1,"FALTA/DUPLA: SIN. VERTICAL","OK")))))) -> OK
A45: 050ETO0240 | B45: C | C45: 1 | D45: 2 | E45: =D45-C45 -> 1 | F45: X | K45: X | N45: X | Q45: X | T45: X | V45: 47,95 km | W45: =IF(COUNTA(F45:U45)=0,"— não preenchido",IF(COUNTIF(F45:J45,"X")<>1,"FALTA/DUPLA: CONDIÇÃO DO PAVIMENTO",IF(COUNTIF(K45:L45,"X")<>1,"FALTA/DUPLA: VEGETAÇÃO",IF(COUNTIF(M45:O45,"X")<>1,"FALTA/DUPLA: ELEM. DE DRENAGEM",IF(COUNTIF(P45:R45,"X")<>1,"FALTA/DUPLA: SIN. HORIZ.",IF(COUNTIF(S45:U45,"X")<>1,"FALTA/DUPLA: SIN. VERTICAL","OK")))))) -> OK
A46: 050ETO0240 | B46: C | C46: 2 | D46: 3 | E46: =D46-C46 -> 1 | F46: X | K46: X | N46: X | Q46: X | T46: X | V46: 47,95 km | W46: =IF(COUNTA(F46:U46)=0,"— não preenchido",IF(COUNTIF(F46:J46,"X")<>1,"FALTA/DUPLA: CONDIÇÃO DO PAVIMENTO",IF(COUNTIF(K46:L46,"X")<>1,"FALTA/DUPLA: VEGETAÇÃO",IF(COUNTIF(M46:O46,"X")<>1,"FALTA/DUPLA: ELEM. DE DRENAGEM",IF(COUNTIF(P46:R46,"X")<>1,"FALTA/DUPLA: SIN. HORIZ.",IF(COUNTIF(S46:U46,"X")<>1,"FALTA/DUPLA: SIN. VERTICAL","OK")))))) -> OK
A47: 050ETO0240 | B47: C | C47: 3 | D47: 4 | E47: =D47-C47 -> 1 | F47: X | K47: X | N47: X | Q47: X | T47: X | V47: 47,95 km | W47: =IF(COUNTA(F47:U47)=0,"— não preenchido",IF(COUNTIF(F47:J47,"X")<>1,"FALTA/DUPLA: CONDIÇÃO DO PAVIMENTO",IF(COUNTIF(K47:L47,"X")<>1,"FALTA/DUPLA: VEGETAÇÃO",IF(COUNTIF(M47:O47,"X")<>1,"FALTA/DUPLA: ELEM. DE DRENAGEM",IF(COUNTIF(P47:R47,"X")<>1,"FALTA/DUPLA: SIN. HORIZ.",IF(COUNTIF(S47:U47,"X")<>1,"FALTA/DUPLA: SIN. VERTICAL","OK")))))) -> OK
A48: 050ETO0240 | B48: C | C48: 4 | D48: 5 | E48: =D48-C48 -> 1 | F48: X | K48: X | N48: X | Q48: X | T48: X | V48: 47,95 km | W48: =IF(COUNTA(F48:U48)=0,"— não preenchido",IF(COUNTIF(F48:J48,"X")<>1,"FALTA/DUPLA: CONDIÇÃO DO PAVIMENTO",IF(COUNTIF(K48:L48,"X")<>1,"FALTA/DUPLA: VEGETAÇÃO",IF(COUNTIF(M48:O48,"X")<>1,"FALTA/DUPLA: ELEM. DE DRENAGEM",IF(COUNTIF(P48:R48,"X")<>1,"FALTA/DUPLA: SIN. HORIZ.",IF(COUNTIF(S48:U48,"X")<>1,"FALTA/DUPLA: SIN. VERTICAL","OK")))))) -> OK
A49: 050ETO0240 | B49: C | C49: 5 | D49: 6 | E49: =D49-C49 -> 1 | F49: X | K49: X | N49: X | Q49: X | T49: X | V49: 47,95 km | W49: =IF(COUNTA(F49:U49)=0,"— não preenchido",IF(COUNTIF(F49:J49,"X")<>1,"FALTA/DUPLA: CONDIÇÃO DO PAVIMENTO",IF(COUNTIF(K49:L49,"X")<>1,"FALTA/DUPLA: VEGETAÇÃO",IF(COUNTIF(M49:O49,"X")<>1,"FALTA/DUPLA: ELEM. DE DRENAGEM",IF(COUNTIF(P49:R49,"X")<>1,"FALTA/DUPLA: SIN. HORIZ.",IF(COUNTIF(S49:U49,"X")<>1,"FALTA/DUPLA: SIN. VERTICAL","OK")))))) -> OK
A50: 050ETO0240 | B50: C | C50: 6 | D50: 7 | E50: =D50-C50 -> 1 | F50: X | K50: X | N50: X | Q50: X | T50: X | V50: 47,95 km | W50: =IF(COUNTA(F50:U50)=0,"— não preenchido",IF(COUNTIF(F50:J50,"X")<>1,"FALTA/DUPLA: CONDIÇÃO DO PAVIMENTO",IF(COUNTIF(K50:L50,"X")<>1,"FALTA/DUPLA: VEGETAÇÃO",IF(COUNTIF(M50:O50,"X")<>1,"FALTA/DUPLA: ELEM. DE DRENAGEM",IF(COUNTIF(P50:R50,"X")<>1,"FALTA/DUPLA: SIN. HORIZ.",IF(COUNTIF(S50:U50,"X")<>1,"FALTA/DUPLA: SIN. VERTICAL","OK")))))) -> OK
A51: 050ETO0240 | B51: C | C51: 7 | D51: 8 | E51: =D51-C51 -> 1 | F51: X | K51: X | N51: X | Q51: X | T51: X | V51: 47,95 km | W51: =IF(COUNTA(F51:U51)=0,"— não preenchido",IF(COUNTIF(F51:J51,"X")<>1,"FALTA/DUPLA: CONDIÇÃO DO PAVIMENTO",IF(COUNTIF(K51:L51,"X")<>1,"FALTA/DUPLA: VEGETAÇÃO",IF(COUNTIF(M51:O51,"X")<>1,"FALTA/DUPLA: ELEM. DE DRENAGEM",IF(COUNTIF(P51:R51,"X")<>1,"FALTA/DUPLA: SIN. HORIZ.",IF(COUNTIF(S51:U51,"X")<>1,"FALTA/DUPLA: SIN. VERTICAL","OK")))))) -> OK
A52: 050ETO0240 | B52: C | C52: 8 | D52: 9 | E52: =D52-C52 -> 1 | F52: X | K52: X | N52: X | Q52: X | T52: X | V52: 47,95 km | W52: =IF(COUNTA(F52:U52)=0,"— não preenchido",IF(COUNTIF(F52:J52,"X")<>1,"FALTA/DUPLA: CONDIÇÃO DO PAVIMENTO",IF(COUNTIF(K52:L52,"X")<>1,"FALTA/DUPLA: VEGETAÇÃO",IF(COUNTIF(M52:O52,"X")<>1,"FALTA/DUPLA: ELEM. DE DRENAGEM",IF(COUNTIF(P52:R52,"X")<>1,"FALTA/DUPLA: SIN. HORIZ.",IF(COUNTIF(S52:U52,"X")<>1,"FALTA/DUPLA: SIN. VERTICAL","OK")))))) -> OK
A53: 050ETO0240 | B53: C | C53: 9 | D53: 10 | E53: =D53-C53 -> 1 | F53: X | K53: X | N53: X | Q53: X | T53: X | V53: 47,95 km | W53: =IF(COUNTA(F53:U53)=0,"— não preenchido",IF(COUNTIF(F53:J53,"X")<>1,"FALTA/DUPLA: CONDIÇÃO DO PAVIMENTO",IF(COUNTIF(K53:L53,"X")<>1,"FALTA/DUPLA: VEGETAÇÃO",IF(COUNTIF(M53:O53,"X")<>1,"FALTA/DUPLA: ELEM. DE DRENAGEM",IF(COUNTIF(P53:R53,"X")<>1,"FALTA/DUPLA: SIN. HORIZ.",IF(COUNTIF(S53:U53,"X")<>1,"FALTA/DUPLA: SIN. VERTICAL","OK")))))) -> OK
A54: 050ETO0240 | B54: C | C54: 10 | D54: 11 | E54: =D54-C54 -> 1 | F54: X | K54: X | N54: X | Q54: X | T54: X | V54: 47,95 km | W54: =IF(COUNTA(F54:U54)=0,"— não preenchido",IF(COUNTIF(F54:J54,"X")<>1,"FALTA/DUPLA: CONDIÇÃO DO PAVIMENTO",IF(COUNTIF(K54:L54,"X")<>1,"FALTA/DUPLA: VEGETAÇÃO",IF(COUNTIF(M54:O54,"X")<>1,"FALTA/DUPLA: ELEM. DE DRENAGEM",IF(COUNTIF(P54:R54,"X")<>1,"FALTA/DUPLA: SIN. HORIZ.",IF(COUNTIF(S54:U54,"X")<>1,"FALTA/DUPLA: SIN. VERTICAL","OK")))))) -> OK
A55: 050ETO0240 | B55: C | C55: 11 | D55: 12 | E55: =D55-C55 -> 1 | F55: X | K55: X | N55: X | Q55: X | T55: X | V55: 47,95 km | W55: =IF(COUNTA(F55:U55)=0,"— não preenchido",IF(COUNTIF(F55:J55,"X")<>1,"FALTA/DUPLA: CONDIÇÃO DO PAVIMENTO",IF(COUNTIF(K55:L55,"X")<>1,"FALTA/DUPLA: VEGETAÇÃO",IF(COUNTIF(M55:O55,"X")<>1,"FALTA/DUPLA: ELEM. DE DRENAGEM",IF(COUNTIF(P55:R55,"X")<>1,"FALTA/DUPLA: SIN. HORIZ.",IF(COUNTIF(S55:U55,"X")<>1,"FALTA/DUPLA: SIN. VERTICAL","OK")))))) -> OK
... A58: 050ETO0240 | B58: C | C58: 14 | D58: 15 | E58: =D58-C58 -> 1 | F58: X | K58: X | N58: X | Q58: X | T58: X | V58: 47,95 km | W58: =IF(COUNTA(F58:U58)=0,"— não preenchido",IF(COUNTIF(F58:J58,"X")<>1,"FALTA/DUPLA: CONDIÇÃO DO PAVIMENTO",IF(COUNTIF(K58:L58,"X")<>1,"FALTA/DUPLA: VEGETAÇÃO",IF(COUNTIF(M58:O58,"X")<>1,"FALTA/DUPLA: ELEM. DE DRENAGEM",IF(COUNTIF(P58:R58,"X")<>1,"FALTA/DUPLA: SIN. HORIZ.",IF(COUNTIF(S58:U58,"X")<>1,"FALTA/DUPLA: SIN. VERTICAL","OK")))))) -> OK
A59: 050ETO0240 | B59: C | C59: 15 | D59: 16 | E59: =D59-C59 -> 1 | G59: X | K59: X | O59: X | Q59: X | T59: X | W59: =IF(COUNTA(F59:U59)=0,"— não preenchido",IF(COUNTIF(F59:J59,"X")<>1,"FALTA/DUPLA: CONDIÇÃO DO PAVIMENTO",IF(COUNTIF(K59:L59,"X")<>1,"FALTA/DUPLA: VEGETAÇÃO",IF(COUNTIF(M59:O59,"X")<>1,"FALTA/DUPLA: ELEM. DE DRENAGEM",IF(COUNTIF(P59:R59,"X")<>1,"FALTA/DUPLA: SIN. HORIZ.",IF(COUNTIF(S59:U59,"X")<>1,"FALTA/DUPLA: SIN. VERTICAL","OK")))))) -> OK
A60: 050ETO0240 | B60: C | C60: 16 | D60: 17 | E60: =D60-C60 -> 1 | G60: X | K60: X | O60: X | Q60: X | T60: X | W60: =IF(COUNTA(F60:U60)=0,"— não preenchido",IF(COUNTIF(F60:J60,"X")<>1,"FALTA/DUPLA: CONDIÇÃO DO PAVIMENTO",IF(COUNTIF(K60:L60,"X")<>1,"FALTA/DUPLA: VEGETAÇÃO",IF(COUNTIF(M60:O60,"X")<>1,"FALTA/DUPLA: ELEM. DE DRENAGEM",IF(COUNTIF(P60:R60,"X")<>1,"FALTA/DUPLA: SIN. HORIZ.",IF(COUNTIF(S60:U60,"X")<>1,"FALTA/DUPLA: SIN. VERTICAL","OK")))))) -> OK
A61: 050ETO0240 | B61: C | C61: 17 | D61: 18 | E61: =D61-C61 -> 1 | G61: X | K61: X | O61: X | Q61: X | T61: X | W61: =IF(COUNTA(F61:U61)=0,"— não preenchido",IF(COUNTIF(F61:J61,"X")<>1,"FALTA/DUPLA: CONDIÇÃO DO PAVIMENTO",IF(COUNTIF(K61:L61,"X")<>1,"FALTA/DUPLA: VEGETAÇÃO",IF(COUNTIF(M61:O61,"X")<>1,"FALTA/DUPLA: ELEM. DE DRENAGEM",IF(COUNTIF(P61:R61,"X")<>1,"FALTA/DUPLA: SIN. HORIZ.",IF(COUNTIF(S61:U61,"X")<>1,"FALTA/DUPLA: SIN. VERTICAL","OK")))))) -> OK
A62: 050ETO0240 | B62: C | C62: 18 | D62: 19 | E62: =D62-C62 -> 1 | G62: X | K62: X | O62: X | Q62: X | T62: X | W62: =IF(COUNTA(F62:U62)=0,"— não preenchido",IF(COUNTIF(F62:J62,"X")<>1,"FALTA/DUPLA: CONDIÇÃO DO PAVIMENTO",IF(COUNTIF(K62:L62,"X")<>1,"FALTA/DUPLA: VEGETAÇÃO",IF(COUNTIF(M62:O62,"X")<>1,"FALTA/DUPLA: ELEM. DE DRENAGEM",IF(COUNTIF(P62:R62,"X")<>1,"FALTA/DUPLA: SIN. HORIZ.",IF(COUNTIF(S62:U62,"X")<>1,"FALTA/DUPLA: SIN. VERTICAL","OK")))))) -> OK
A63: 050ETO0240 | B63: C | C63: 19 | D63: 20 | E63: =D63-C63 -> 1 | G63: X | K63: X | O63: X | Q63: X | T63: X | W63: =IF(COUNTA(F63:U63)=0,"— não preenchido",IF(COUNTIF(F63:J63,"X")<>1,"FALTA/DUPLA: CONDIÇÃO DO PAVIMENTO",IF(COUNTIF(K63:L63,"X")<>1,"FALTA/DUPLA: VEGETAÇÃO",IF(COUNTIF(M63:O63,"X")<>1,"FALTA/DUPLA: ELEM. DE DRENAGEM",IF(COUNTIF(P63:R63,"X")<>1,"FALTA/DUPLA: SIN. HORIZ.",IF(COUNTIF(S63:U63,"X")<>1,"FALTA/DUPLA: SIN. VERTICAL","OK")))))) -> OK
A64: 050ETO0240 | B64: C | C64: 20 | D64: 21 | E64: =D64-C64 -> 1 | G64: X | K64: X | O64: X | Q64: X | T64: X | W64: =IF(COUNTA(F64:U64)=0,"— não preenchido",IF(COUNTIF(F64:J64,"X")<>1,"FALTA/DUPLA: CONDIÇÃO DO PAVIMENTO",IF(COUNTIF(K64:L64,"X")<>1,"FALTA/DUPLA: VEGETAÇÃO",IF(COUNTIF(M64:O64,"X")<>1,"FALTA/DUPLA: ELEM. DE DRENAGEM",IF(COUNTIF(P64:R64,"X")<>1,"FALTA/DUPLA: SIN. HORIZ.",IF(COUNTIF(S64:U64,"X")<>1,"FALTA/DUPLA: SIN. VERTICAL","OK")))))) -> OK
A65: 050ETO0240 | B65: C | C65: 21 | D65: 22 | E65: =D65-C65 -> 1 | G65: X | K65: X | O65: X | Q65: X | T65: X | W65: =IF(COUNTA(F65:U65)=0,"— não preenchido",IF(COUNTIF(F65:J65,"X")<>1,"FALTA/DUPLA: CONDIÇÃO DO PAVIMENTO",IF(COUNTIF(K65:L65,"X")<>1,"FALTA/DUPLA: VEGETAÇÃO",IF(COUNTIF(M65:O65,"X")<>1,"FALTA/DUPLA: ELEM. DE DRENAGEM",IF(COUNTIF(P65:R65,"X")<>1,"FALTA/DUPLA: SIN. HORIZ.",IF(COUNTIF(S65:U65,"X")<>1,"FALTA/DUPLA: SIN. VERTICAL","OK")))))) -> OK
A66: 050ETO0240 | B66: C | C66: 22 | D66: 23 | E66: =D66-C66 -> 1 | G66: X | K66: X | O66: X | Q66: X | T66: X | W66: =IF(COUNTA(F66:U66)=0,"— não preenchido",IF(COUNTIF(F66:J66,"X")<>1,"FALTA/DUPLA: CONDIÇÃO DO PAVIMENTO",IF(COUNTIF(K66:L66,"X")<>1,"FALTA/DUPLA: VEGETAÇÃO",IF(COUNTIF(M66:O66,"X")<>1,"FALTA/DUPLA: ELEM. DE DRENAGEM",IF(COUNTIF(P66:R66,"X")<>1,"FALTA/DUPLA: SIN. HORIZ.",IF(COUNTIF(S66:U66,"X")<>1,"FALTA/DUPLA: SIN. VERTICAL","OK")))))) -> OK
A67: 050ETO0240 | B67: C | C67: 23 | D67: 24 | E67: =D67-C67 -> 1 | F67: X | K67: X | N67: X | Q67: X | T67: X | W67: =IF(COUNTA(F67:U67)=0,"— não preenchido",IF(COUNTIF(F67:J67,"X")<>1,"FALTA/DUPLA: CONDIÇÃO DO PAVIMENTO",IF(COUNTIF(K67:L67,"X")<>1,"FALTA/DUPLA: VEGETAÇÃO",IF(COUNTIF(M67:O67,"X")<>1,"FALTA/DUPLA: ELEM. DE DRENAGEM",IF(COUNTIF(P67:R67,"X")<>1,"FALTA/DUPLA: SIN. HORIZ.",IF(COUNTIF(S67:U67,"X")<>1,"FALTA/DUPLA: SIN. VERTICAL","OK")))))) -> OK
A68: 050ETO0240 | B68: C | C68: 24 | D68: 25 | E68: =D68-C68 -> 1 | F68: X | K68: X | N68: X | Q68: X | T68: X | W68: =IF(COUNTA(F68:U68)=0,"— não preenchido",IF(COUNTIF(F68:J68,"X")<>1,"FALTA/DUPLA: CONDIÇÃO DO PAVIMENTO",IF(COUNTIF(K68:L68,"X")<>1,"FALTA/DUPLA: VEGETAÇÃO",IF(COUNTIF(M68:O68,"X")<>1,"FALTA/DUPLA: ELEM. DE DRENAGEM",IF(COUNTIF(P68:R68,"X")<>1,"FALTA/DUPLA: SIN. HORIZ.",IF(COUNTIF(S68:U68,"X")<>1,"FALTA/DUPLA: SIN. VERTICAL","OK")))))) -> OK
A69: 050ETO0240 | B69: C | C69: 25 | D69: 26 | E69: =D69-C69 -> 1 | F69: X | K69: X | N69: X | Q69: X | T69: X | W69: =IF(COUNTA(F69:U69)=0,"— não preenchido",IF(COUNTIF(F69:J69,"X")<>1,"FALTA/DUPLA: CONDIÇÃO DO PAVIMENTO",IF(COUNTIF(K69:L69,"X")<>1,"FALTA/DUPLA: VEGETAÇÃO",IF(COUNTIF(M69:O69,"X")<>1,"FALTA/DUPLA: ELEM. DE DRENAGEM",IF(COUNTIF(P69:R69,"X")<>1,"FALTA/DUPLA: SIN. HORIZ.",IF(COUNTIF(S69:U69,"X")<>1,"FALTA/DUPLA: SIN. VERTICAL","OK")))))) -> OK
A70: 050ETO0240 | B70: C | C70: 26 | D70: 27 | E70: =D70-C70 -> 1 | H70: X | K70: X | N70: X | Q70: X | T70: X | W70: =IF(COUNTA(F70:U70)=0,"— não preenchido",IF(COUNTIF(F70:J70,"X")<>1,"FALTA/DUPLA: CONDIÇÃO DO PAVIMENTO",IF(COUNTIF(K70:L70,"X")<>1,"FALTA/DUPLA: VEGETAÇÃO",IF(COUNTIF(M70:O70,"X")<>1,"FALTA/DUPLA: ELEM. DE DRENAGEM",IF(COUNTIF(P70:R70,"X")<>1,"FALTA/DUPLA: SIN. HORIZ.",IF(COUNTIF(S70:U70,"X")<>1,"FALTA/DUPLA: SIN. VERTICAL","OK")))))) -> OK
A71: 050ETO0240 | B71: C | C71: 27 | D71: 28 | E71: =D71-C71 -> 1 | H71: X | K71: X | N71: X | Q71: X | T71: X | W71: =IF(COUNTA(F71:U71)=0,"— não preenchido",IF(COUNTIF(F71:J71,"X")<>1,"FALTA/DUPLA: CONDIÇÃO DO PAVIMENTO",IF(COUNTIF(K71:L71,"X")<>1,"FALTA/DUPLA: VEGETAÇÃO",IF(COUNTIF(M71:O71,"X")<>1,"FALTA/DUPLA: ELEM. DE DRENAGEM",IF(COUNTIF(P71:R71,"X")<>1,"FALTA/DUPLA: SIN. HORIZ.",IF(COUNTIF(S71:U71,"X")<>1,"FALTA/DUPLA: SIN. VERTICAL","OK")))))) -> OK
A72: 050ETO0240 | B72: C | C72: 28 | D72: 29 | E72: =D72-C72 -> 1 | H72: X | K72: X | N72: X | Q72: X | T72: X | W72: =IF(COUNTA(F72:U72)=0,"— não preenchido",IF(COUNTIF(F72:J72,"X")<>1,"FALTA/DUPLA: CONDIÇÃO DO PAVIMENTO",IF(COUNTIF(K72:L72,"X")<>1,"FALTA/DUPLA: VEGETAÇÃO",IF(COUNTIF(M72:O72,"X")<>1,"FALTA/DUPLA: ELEM. DE DRENAGEM",IF(COUNTIF(P72:R72,"X")<>1,"FALTA/DUPLA: SIN. HORIZ.",IF(COUNTIF(S72:U72,"X")<>1,"FALTA/DUPLA: SIN. VERTICAL","OK")))))) -> OK
A73: 050ETO0240 | B73: C | C73: 29 | D73: 30 | E73: =D73-C73 -> 1 | H73: X | K73: X | N73: X | Q73: X | T73: X | W73: =IF(COUNTA(F73:U73)=0,"— não preenchido",IF(COUNTIF(F73:J73,"X")<>1,"FALTA/DUPLA: CONDIÇÃO DO PAVIMENTO",IF(COUNTIF(K73:L73,"X")<>1,"FALTA/DUPLA: VEGETAÇÃO",IF(COUNTIF(M73:O73,"X")<>1,"FALTA/DUPLA: ELEM. DE DRENAGEM",IF(COUNTIF(P73:R73,"X")<>1,"FALTA/DUPLA: SIN. HORIZ.",IF(COUNTIF(S73:U73,"X")<>1,"FALTA/DUPLA: SIN. VERTICAL","OK")))))) -> OK
A74: 050ETO0240 | B74: C | C74: 30 | D74: 31 | E74: =D74-C74 -> 1 | H74: X | K74: X | N74: X | Q74: X | T74: X | W74: =IF(COUNTA(F74:U74)=0,"— não preenchido",IF(COUNTIF(F74:J74,"X")<>1,"FALTA/DUPLA: CONDIÇÃO DO PAVIMENTO",IF(COUNTIF(K74:L74,"X")<>1,"FALTA/DUPLA: VEGETAÇÃO",IF(COUNTIF(M74:O74,"X")<>1,"FALTA/DUPLA: ELEM. DE DRENAGEM",IF(COUNTIF(P74:R74,"X")<>1,"FALTA/DUPLA: SIN. HORIZ.",IF(COUNTIF(S74:U74,"X")<>1,"FALTA/DUPLA: SIN. VERTICAL","OK")))))) -> OK
A75: 050ETO0240 | B75: C | C75: 31 | D75: 32 | E75: =D75-C75 -> 1 | H75: X | K75: X | N75: X | Q75: X | T75: X | W75: =IF(COUNTA(F75:U75)=0,"— não preenchido",IF(COUNTIF(F75:J75,"X")<>1,"FALTA/DUPLA: CONDIÇÃO DO PAVIMENTO",IF(COUNTIF(K75:L75,"X")<>1,"FALTA/DUPLA: VEGETAÇÃO",IF(COUNTIF(M75:O75,"X")<>1,"FALTA/DUPLA: ELEM. DE DRENAGEM",IF(COUNTIF(P75:R75,"X")<>1,"FALTA/DUPLA: SIN. HORIZ.",IF(COUNTIF(S75:U75,"X")<>1,"FALTA/DUPLA: SIN. VERTICAL","OK")))))) -> OK
A76: 050ETO0240 | B76: C | C76: 32 | D76: 33 | E76: =D76-C76 -> 1 | H76: X | K76: X | N76: X | Q76: X | T76: X | W76: =IF(COUNTA(F76:U76)=0,"— não preenchido",IF(COUNTIF(F76:J76,"X")<>1,"FALTA/DUPLA: CONDIÇÃO DO PAVIMENTO",IF(COUNTIF(K76:L76,"X")<>1,"FALTA/DUPLA: VEGETAÇÃO",IF(COUNTIF(M76:O76,"X")<>1,"FALTA/DUPLA: ELEM. DE DRENAGEM",IF(COUNTIF(P76:R76,"X")<>1,"FALTA/DUPLA: SIN. HORIZ.",IF(COUNTIF(S76:U76,"X")<>1,"FALTA/DUPLA: SIN. VERTICAL","OK")))))) -> OK
A77: 050ETO0240 | B77: C | C77: 33 | D77: 34 | E77: =D77-C77 -> 1 | H77: X | K77: X | N77: X | Q77: X | T77: X | W77: =IF(COUNTA(F77:U77)=0,"— não preenchido",IF(COUNTIF(F77:J77,"X")<>1,"FALTA/DUPLA: CONDIÇÃO DO PAVIMENTO",IF(COUNTIF(K77:L77,"X")<>1,"FALTA/DUPLA: VEGETAÇÃO",IF(COUNTIF(M77:O77,"X")<>1,"FALTA/DUPLA: ELEM. DE DRENAGEM",IF(COUNTIF(P77:R77,"X")<>1,"FALTA/DUPLA: SIN. HORIZ.",IF(COUNTIF(S77:U77,"X")<>1,"FALTA/DUPLA: SIN. VERTICAL","OK")))))) -> OK
A78: 050ETO0240 | B78: C | C78: 34 | D78: 35 | E78: =D78-C78 -> 1 | H78: X | K78: X | N78: X | Q78: X | T78: X | W78: =IF(COUNTA(F78:U78)=0,"— não preenchido",IF(COUNTIF(F78:J78,"X")<>1,"FALTA/DUPLA: CONDIÇÃO DO PAVIMENTO",IF(COUNTIF(K78:L78,"X")<>1,"FALTA/DUPLA: VEGETAÇÃO",IF(COUNTIF(M78:O78,"X")<>1,"FALTA/DUPLA: ELEM. DE DRENAGEM",IF(COUNTIF(P78:R78,"X")<>1,"FALTA/DUPLA: SIN. HORIZ.",IF(COUNTIF(S78:U78,"X")<>1,"FALTA/DUPLA: SIN. VERTICAL","OK")))))) -> OK
A79: 050ETO0240 | B79: C | C79: 35 | D79: 36 | E79: =D79-C79 -> 1 | H79: X | K79: X | N79: X | Q79: X | T79: X | W79: =IF(COUNTA(F79:U79)=0,"— não preenchido",IF(COUNTIF(F79:J79,"X")<>1,"FALTA/DUPLA: CONDIÇÃO DO PAVIMENTO",IF(COUNTIF(K79:L79,"X")<>1,"FALTA/DUPLA: VEGETAÇÃO",IF(COUNTIF(M79:O79,"X")<>1,"FALTA/DUPLA: ELEM. DE DRENAGEM",IF(COUNTIF(P79:R79,"X")<>1,"FALTA/DUPLA: SIN. HORIZ.",IF(COUNTIF(S79:U79,"X")<>1,"FALTA/DUPLA: SIN. VERTICAL","OK")))))) -> OK
A80: 050ETO0240 | B80: C | C80: 36 | D80: 37 | E80: =D80-C80 -> 1 | H80: X | K80: X | N80: X | Q80: X | T80: X | W80: =IF(COUNTA(F80:U80)=0,"— não preenchido",IF(COUNTIF(F80:J80,"X")<>1,"FALTA/DUPLA: CONDIÇÃO DO PAVIMENTO",IF(COUNTIF(K80:L80,"X")<>1,"FALTA/DUPLA: VEGETAÇÃO",IF(COUNTIF(M80:O80,"X")<>1,"FALTA/DUPLA: ELEM. DE DRENAGEM",IF(COUNTIF(P80:R80,"X")<>1,"FALTA/DUPLA: SIN. HORIZ.",IF(COUNTIF(S80:U80,"X")<>1,"FALTA/DUPLA: SIN. VERTICAL","OK")))))) -> OK
A81: 050ETO0240 | B81: C | C81: 37 | D81: 38 | E81: =D81-C81 -> 1 | H81: X | K81: X | N81: X | Q81: X | T81: X | W81: =IF(COUNTA(F81:U81)=0,"— não preenchido",IF(COUNTIF(F81:J81,"X")<>1,"FALTA/DUPLA: CONDIÇÃO DO PAVIMENTO",IF(COUNTIF(K81:L81,"X")<>1,"FALTA/DUPLA: VEGETAÇÃO",IF(COUNTIF(M81:O81,"X")<>1,"FALTA/DUPLA: ELEM. DE DRENAGEM",IF(COUNTIF(P81:R81,"X")<>1,"FALTA/DUPLA: SIN. HORIZ.",IF(COUNTIF(S81:U81,"X")<>1,"FALTA/DUPLA: SIN. VERTICAL","OK")))))) -> OK
... A85: 050ETO0240 | B85: C | C85: 41 | D85: 42 | E85: =D85-C85 -> 1 | H85: X | K85: X | N85: X | Q85: X | T85: X | W85: =IF(COUNTA(F85:U85)=0,"— não preenchido",IF(COUNTIF(F85:J85,"X")<>1,"FALTA/DUPLA: CONDIÇÃO DO PAVIMENTO",IF(COUNTIF(K85:L85,"X")<>1,"FALTA/DUPLA: VEGETAÇÃO",IF(COUNTIF(M85:O85,"X")<>1,"FALTA/DUPLA: ELEM. DE DRENAGEM",IF(COUNTIF(P85:R85,"X")<>1,"FALTA/DUPLA: SIN. HORIZ.",IF(COUNTIF(S85:U85,"X")<>1,"FALTA/DUPLA: SIN. VERTICAL","OK")))))) -> OK
A86: 050ETO0240 | B86: C | C86: 42 | D86: 43 | E86: =D86-C86 -> 1 | G86: X | K86: X | N86: X | Q86: X | T86: X | W86: =IF(COUNTA(F86:U86)=0,"— não preenchido",IF(COUNTIF(F86:J86,"X")<>1,"FALTA/DUPLA: CONDIÇÃO DO PAVIMENTO",IF(COUNTIF(K86:L86,"X")<>1,"FALTA/DUPLA: VEGETAÇÃO",IF(COUNTIF(M86:O86,"X")<>1,"FALTA/DUPLA: ELEM. DE DRENAGEM",IF(COUNTIF(P86:R86,"X")<>1,"FALTA/DUPLA: SIN. HORIZ.",IF(COUNTIF(S86:U86,"X")<>1,"FALTA/DUPLA: SIN. VERTICAL","OK")))))) -> OK
A87: 050ETO0240 | B87: C | C87: 43 | D87: 44 | E87: =D87-C87 -> 1 | G87: X | K87: X | N87: X | Q87: X | T87: X | W87: =IF(COUNTA(F87:U87)=0,"— não preenchido",IF(COUNTIF(F87:J87,"X")<>1,"FALTA/DUPLA: CONDIÇÃO DO PAVIMENTO",IF(COUNTIF(K87:L87,"X")<>1,"FALTA/DUPLA: VEGETAÇÃO",IF(COUNTIF(M87:O87,"X")<>1,"FALTA/DUPLA: ELEM. DE DRENAGEM",IF(COUNTIF(P87:R87,"X")<>1,"FALTA/DUPLA: SIN. HORIZ.",IF(COUNTIF(S87:U87,"X")<>1,"FALTA/DUPLA: SIN. VERTICAL","OK")))))) -> OK
A88: 050ETO0240 | B88: C | C88: 44 | D88: 45 | E88: =D88-C88 -> 1 | G88: X | K88: X | N88: X | Q88: X | T88: X | W88: =IF(COUNTA(F88:U88)=0,"— não preenchido",IF(COUNTIF(F88:J88,"X")<>1,"FALTA/DUPLA: CONDIÇÃO DO PAVIMENTO",IF(COUNTIF(K88:L88,"X")<>1,"FALTA/DUPLA: VEGETAÇÃO",IF(COUNTIF(M88:O88,"X")<>1,"FALTA/DUPLA: ELEM. DE DRENAGEM",IF(COUNTIF(P88:R88,"X")<>1,"FALTA/DUPLA: SIN. HORIZ.",IF(COUNTIF(S88:U88,"X")<>1,"FALTA/DUPLA: SIN. VERTICAL","OK")))))) -> OK
A89: 050ETO0240 | B89: C | C89: 45 | D89: 46 | E89: =D89-C89 -> 1 | G89: X | K89: X | N89: X | Q89: X | T89: X | W89: =IF(COUNTA(F89:U89)=0,"— não preenchido",IF(COUNTIF(F89:J89,"X")<>1,"FALTA/DUPLA: CONDIÇÃO DO PAVIMENTO",IF(COUNTIF(K89:L89,"X")<>1,"FALTA/DUPLA: VEGETAÇÃO",IF(COUNTIF(M89:O89,"X")<>1,"FALTA/DUPLA: ELEM. DE DRENAGEM",IF(COUNTIF(P89:R89,"X")<>1,"FALTA/DUPLA: SIN. HORIZ.",IF(COUNTIF(S89:U89,"X")<>1,"FALTA/DUPLA: SIN. VERTICAL","OK")))))) -> OK
A90: 050ETO0240 | B90: C | C90: 46 | D90: 47 | E90: =D90-C90 -> 1 | G90: X | K90: X | N90: X | Q90: X | T90: X | W90: =IF(COUNTA(F90:U90)=0,"— não preenchido",IF(COUNTIF(F90:J90,"X")<>1,"FALTA/DUPLA: CONDIÇÃO DO PAVIMENTO",IF(COUNTIF(K90:L90,"X")<>1,"FALTA/DUPLA: VEGETAÇÃO",IF(COUNTIF(M90:O90,"X")<>1,"FALTA/DUPLA: ELEM. DE DRENAGEM",IF(COUNTIF(P90:R90,"X")<>1,"FALTA/DUPLA: SIN. HORIZ.",IF(COUNTIF(S90:U90,"X")<>1,"FALTA/DUPLA: SIN. VERTICAL","OK")))))) -> OK
A91: 050ETO0240 | B91: C | C91: 47 | D91: 47.950062 | E91: =D91-C91 -> 0.95006245 | G91: X | K91: X | N91: X | Q91: X | T91: X | W91: =IF(COUNTA(F91:U91)=0,"— não preenchido",IF(COUNTIF(F91:J91,"X")<>1,"FALTA/DUPLA: CONDIÇÃO DO PAVIMENTO",IF(COUNTIF(K91:L91,"X")<>1,"FALTA/DUPLA: VEGETAÇÃO",IF(COUNTIF(M91:O91,"X")<>1,"FALTA/DUPLA: ELEM. DE DRENAGEM",IF(COUNTIF(P91:R91,"X")<>1,"FALTA/DUPLA: SIN. HORIZ.",IF(COUNTIF(S91:U91,"X")<>1,"FALTA/DUPLA: SIN. VERTICAL","OK")))))) -> OK
A92: S.R.E. 050ETO0250 | ENTR. TO-296 - ARRAIAS (ACESSO NORTE) | PPS · Estadual · 18.959 km · início: -12.843804, -47.088265
A93: 050ETO0250 | B93: C | C93: 0 | D93: 1 | E93: =D93-C93 -> 1 | F93: X | K93: X | N93: X | Q93: X | T93: X | W93: =IF(COUNTA(F93:U93)=0,"— não preenchido",IF(COUNTIF(F93:J93,"X")<>1,"FALTA/DUPLA: CONDIÇÃO DO PAVIMENTO",IF(COUNTIF(K93:L93,"X")<>1,"FALTA/DUPLA: VEGETAÇÃO",IF(COUNTIF(M93:O93,"X")<>1,"FALTA/DUPLA: ELEM. DE DRENAGEM",IF(COUNTIF(P93:R93,"X")<>1,"FALTA/DUPLA: SIN. HORIZ.",IF(COUNTIF(S93:U93,"X")<>1,"FALTA/DUPLA: SIN. VERTICAL","OK")))))) -> OK
A94: 050ETO0250 | B94: C | C94: 1 | D94: 2 | E94: =D94-C94 -> 1 | F94: X | K94: X | N94: X | Q94: X | T94: X | W94: =IF(COUNTA(F94:U94)=0,"— não preenchido",IF(COUNTIF(F94:J94,"X")<>1,"FALTA/DUPLA: CONDIÇÃO DO PAVIMENTO",IF(COUNTIF(K94:L94,"X")<>1,"FALTA/DUPLA: VEGETAÇÃO",IF(COUNTIF(M94:O94,"X")<>1,"FALTA/DUPLA: ELEM. DE DRENAGEM",IF(COUNTIF(P94:R94,"X")<>1,"FALTA/DUPLA: SIN. HORIZ.",IF(COUNTIF(S94:U94,"X")<>1,"FALTA/DUPLA: SIN. VERTICAL","OK")))))) -> OK
A95: 050ETO0250 | B95: C | C95: 2 | D95: 3 | E95: =D95-C95 -> 1 | F95: X | K95: X | N95: X | Q95: X | T95: X | W95: =IF(COUNTA(F95:U95)=0,"— não preenchido",IF(COUNTIF(F95:J95,"X")<>1,"FALTA/DUPLA: CONDIÇÃO DO PAVIMENTO",IF(COUNTIF(K95:L95,"X")<>1,"FALTA/DUPLA: VEGETAÇÃO",IF(COUNTIF(M95:O95,"X")<>1,"FALTA/DUPLA: ELEM. DE DRENAGEM",IF(COUNTIF(P95:R95,"X")<>1,"FALTA/DUPLA: SIN. HORIZ.",IF(COUNTIF(S95:U95,"X")<>1,"FALTA/DUPLA: SIN. VERTICAL","OK")))))) -> OK
A96: 050ETO0250 | B96: C | C96: 3 | D96: 4 | E96: =D96-C96 -> 1 | G96: X | K96: X | N96: X | Q96: X | T96: X | W96: =IF(COUNTA(F96:U96)=0,"— não preenchido",IF(COUNTIF(F96:J96,"X")<>1,"FALTA/DUPLA: CONDIÇÃO DO PAVIMENTO",IF(COUNTIF(K96:L96,"X")<>1,"FALTA/DUPLA: VEGETAÇÃO",IF(COUNTIF(M96:O96,"X")<>1,"FALTA/DUPLA: ELEM. DE DRENAGEM",IF(COUNTIF(P96:R96,"X")<>1,"FALTA/DUPLA: SIN. HORIZ.",IF(COUNTIF(S96:U96,"X")<>1,"FALTA/DUPLA: SIN. VERTICAL","OK")))))) -> OK
A97: 050ETO0250 | B97: C | C97: 4 | D97: 5 | E97: =D97-C97 -> 1 | G97: X | K97: X | N97: X | Q97: X | T97: X | W97: =IF(COUNTA(F97:U97)=0,"— não preenchido",IF(COUNTIF(F97:J97,"X")<>1,"FALTA/DUPLA: CONDIÇÃO DO PAVIMENTO",IF(COUNTIF(K97:L97,"X")<>1,"FALTA/DUPLA: VEGETAÇÃO",IF(COUNTIF(M97:O97,"X")<>1,"FALTA/DUPLA: ELEM. DE DRENAGEM",IF(COUNTIF(P97:R97,"X")<>1,"FALTA/DUPLA: SIN. HORIZ.",IF(COUNTIF(S97:U97,"X")<>1,"FALTA/DUPLA: SIN. VERTICAL","OK")))))) -> OK
A98: 050ETO0250 | B98: C | C98: 5 | D98: 6 | E98: =D98-C98 -> 1 | F98: X | K98: X | N98: X | Q98: X | T98: X | W98: =IF(COUNTA(F98:U98)=0,"— não preenchido",IF(COUNTIF(F98:J98,"X")<>1,"FALTA/DUPLA: CONDIÇÃO DO PAVIMENTO",IF(COUNTIF(K98:L98,"X")<>1,"FALTA/DUPLA: VEGETAÇÃO",IF(COUNTIF(M98:O98,"X")<>1,"FALTA/DUPLA: ELEM. DE DRENAGEM",IF(COUNTIF(P98:R98,"X")<>1,"FALTA/DUPLA: SIN. HORIZ.",IF(COUNTIF(S98:U98,"X")<>1,"FALTA/DUPLA: SIN. VERTICAL","OK")))))) -> OK
A99: 050ETO0250 | B99: C | C99: 6 | D99: 7 | E99: =D99-C99 -> 1 | F99: X | K99: X | N99: X | Q99: X | T99: X | W99: =IF(COUNTA(F99:U99)=0,"— não preenchido",IF(COUNTIF(F99:J99,"X")<>1,"FALTA/DUPLA: CONDIÇÃO DO PAVIMENTO",IF(COUNTIF(K99:L99,"X")<>1,"FALTA/DUPLA: VEGETAÇÃO",IF(COUNTIF(M99:O99,"X")<>1,"FALTA/DUPLA: ELEM. DE DRENAGEM",IF(COUNTIF(P99:R99,"X")<>1,"FALTA/DUPLA: SIN. HORIZ.",IF(COUNTIF(S99:U99,"X")<>1,"FALTA/DUPLA: SIN. VERTICAL","OK")))))) -> OK
A100: 050ETO0250 | B100: C | C100: 7 | D100: 8 | E100: =D100-C100 -> 1 | H100: X | K100: X | N100: X | Q100: X | T100: X | W100: =IF(COUNTA(F100:U100)=0,"— não preenchido",IF(COUNTIF(F100:J100,"X")<>1,"FALTA/DUPLA: CONDIÇÃO DO PAVIMENTO",IF(COUNTIF(K100:L100,"X")<>1,"FALTA/DUPLA: VEGETAÇÃO",IF(COUNTIF(M100:O100,"X")<>1,"FALTA/DUPLA: ELEM. DE DRENAGEM",IF(COUNTIF(P100:R100,"X")<>1,"FALTA/DUPLA: SIN. HORIZ.",IF(COUNTIF(S100:U100,"X")<>1,"FALTA/DUPLA: SIN. VERTICAL","OK")))))) -> OK
A101: 050ETO0250 | B101: C | C101: 8 | D101: 9 | E101: =D101-C101 -> 1 | H101: X | K101: X | N101: X | Q101: X | T101: X | W101: =IF(COUNTA(F101:U101)=0,"— não preenchido",IF(COUNTIF(F101:J101,"X")<>1,"FALTA/DUPLA: CONDIÇÃO DO PAVIMENTO",IF(COUNTIF(K101:L101,"X")<>1,"FALTA/DUPLA: VEGETAÇÃO",IF(COUNTIF(M101:O101,"X")<>1,"FALTA/DUPLA: ELEM. DE DRENAGEM",IF(COUNTIF(P101:R101,"X")<>1,"FALTA/DUPLA: SIN. HORIZ.",IF(COUNTIF(S101:U101,"X")<>1,"FALTA/DUPLA: SIN. VERTICAL","OK")))))) -> OK
A102: 050ETO0250 | B102: C | C102: 9 | D102: 10 | E102: =D102-C102 -> 1 | H102: X | K102: X | N102: X | Q102: X | T102: X | W102: =IF(COUNTA(F102:U102)=0,"— não preenchido",IF(COUNTIF(F102:J102,"X")<>1,"FALTA/DUPLA: CONDIÇÃO DO PAVIMENTO",IF(COUNTIF(K102:L102,"X")<>1,"FALTA/DUPLA: VEGETAÇÃO",IF(COUNTIF(M102:O102,"X")<>1,"FALTA/DUPLA: ELEM. DE DRENAGEM",IF(COUNTIF(P102:R102,"X")<>1,"FALTA/DUPLA: SIN. HORIZ.",IF(COUNTIF(S102:U102,"X")<>1,"FALTA/DUPLA: SIN. VERTICAL","OK")))))) -> OK
A103: 050ETO0250 | B103: C | C103: 10 | D103: 11 | E103: =D103-C103 -> 1 | F103: X | K103: X | N103: X | Q103: X | T103: X | W103: =IF(COUNTA(F103:U103)=0,"— não preenchido",IF(COUNTIF(F103:J103,"X")<>1,"FALTA/DUPLA: CONDIÇÃO DO PAVIMENTO",IF(COUNTIF(K103:L103,"X")<>1,"FALTA/DUPLA: VEGETAÇÃO",IF(COUNTIF(M103:O103,"X")<>1,"FALTA/DUPLA: ELEM. DE DRENAGEM",IF(COUNTIF(P103:R103,"X")<>1,"FALTA/DUPLA: SIN. HORIZ.",IF(COUNTIF(S103:U103,"X")<>1,"FALTA/DUPLA: SIN. VERTICAL","OK")))))) -> OK
A104: 050ETO0250 | B104: C | C104: 11 | D104: 12 | E104: =D104-C104 -> 1 | F104: X | K104: X | N104: X | Q104: X | T104: X | W104: =IF(COUNTA(F104:U104)=0,"— não preenchido",IF(COUNTIF(F104:J104,"X")<>1,"FALTA/DUPLA: CONDIÇÃO DO PAVIMENTO",IF(COUNTIF(K104:L104,"X")<>1,"FALTA/DUPLA: VEGETAÇÃO",IF(COUNTIF(M104:O104,"X")<>1,"FALTA/DUPLA: ELEM. DE DRENAGEM",IF(COUNTIF(P104:R104,"X")<>1,"FALTA/DUPLA: SIN. HORIZ.",IF(COUNTIF(S104:U104,"X")<>1,"FALTA/DUPLA: SIN. VERTICAL","OK")))))) -> OK
A105: 050ETO0250 | B105: C | C105: 12 | D105: 13 | E105: =D105-C105 -> 1 | F105: X | K105: X | N105: X | Q105: X | T105: X | W105: =IF(COUNTA(F105:U105)=0,"— não preenchido",IF(COUNTIF(F105:J105,"X")<>1,"FALTA/DUPLA: CONDIÇÃO DO PAVIMENTO",IF(COUNTIF(K105:L105,"X")<>1,"FALTA/DUPLA: VEGETAÇÃO",IF(COUNTIF(M105:O105,"X")<>1,"FALTA/DUPLA: ELEM. DE DRENAGEM",IF(COUNTIF(P105:R105,"X")<>1,"FALTA/DUPLA: SIN. HORIZ.",IF(COUNTIF(S105:U105,"X")<>1,"FALTA/DUPLA: SIN. VERTICAL","OK")))))) -> OK
A106: 050ETO0250 | B106: C | C106: 13 | D106: 14 | E106: =D106-C106 -> 1 | F106: X | K106: X | N106: X | Q106: X | T106: X | W106: =IF(COUNTA(F106:U106)=0,"— não preenchido",IF(COUNTIF(F106:J106,"X")<>1,"FALTA/DUPLA: CONDIÇÃO DO PAVIMENTO",IF(COUNTIF(K106:L106,"X")<>1,"FALTA/DUPLA: VEGETAÇÃO",IF(COUNTIF(M106:O106,"X")<>1,"FALTA/DUPLA: ELEM. DE DRENAGEM",IF(COUNTIF(P106:R106,"X")<>1,"FALTA/DUPLA: SIN. HORIZ.",IF(COUNTIF(S106:U106,"X")<>1,"FALTA/DUPLA: SIN. VERTICAL","OK")))))) -> OK
...

Sheet 252
A1: PROGRAMA DE MANUTENÇÃO RODOVIÁRIA — FICHA DE INSPEÇÃO — RODOVIAS PAVIMENTADAS | Y1: Valores dos gráficos — troca 0 por N/D para a fatia não aparecer. Não editar.
A2: REGIÃO: 13 — DIANÓPOLIS | G2: MÊS / ANO: | I2: 46266 | K2: DATA: | P2: TÉCNICO: | R2: ENG. THIAGO BORGES TORQUATO | Y2: =IF(F71=0,NA(),F71) -> 6.9203392 | Z2: =IF(G71=0,NA(),G71) -> 22.752332 | AA2: =IF(H71=0,NA(),H71) -> 23 | AB2: =IF(I71=0,NA(),I71) -> #N/A | AC2: =IF(J71=0,NA(),J71) -> #N/A | AD2: =IF(K71=0,NA(),K71) -> 52.672671 | AE2: =IF(L71=0,NA(),L71) -> #N/A | AF2: =IF(M71=0,NA(),M71) -> 27.402307 | ... AN2: =IF(U71=0,NA(),U71) -> #N/A
A3: TRECHO 252 — RODOVIA TO-050 - TRECHO ENTR. BR-010 (POVOADO PRÍNCIPE) - CONCEIÇÃO DO TOCANTINS | T3: EXTENSÃO: 52,673 km · 3 S.R.E.
A4: COMO PREENCHER: uma X em UMA coluna de cada grupo, por linha. Se houver mais de um defeito no mesmo km, marque o PREDOMINANTE e escreva o resto em OBSERVAÇÕES. A quilometragem é contada de 0 até o fim de CADA S.R.E. (não é o marco da rodovia).
A6: S.R.E. | B6: SENT. | C6: INÍCIO (KM) | D6: FIM (KM) | E6: EXT. (KM) | F6: CONDIÇÃO DO PAVIMENTO | K6: VEGETAÇÃO | M6: ELEM. DE DRENAGEM | P6: SIN. HORIZ. | S6: SIN. VERTICAL | V6: OBSERVAÇÕES | W6: CONFERÊNCIA (só na tela)
F7: BOM | G7: REM. I. | H7: REM. L. | I7: BUR. I. | J7: BUR. L. | K7: ADEQ. | L7: INAD. | M7: LIMPOS | N7: SUJOS | O7: DAN. | P7: BOM | Q7: REG. | R7: INEXIST. | S7: BOM | T7: POUCAS | U7: INEXIST.
A8: S.R.E. 387ETO0071 | CONCEIÇÃO DO TOCANTINS *TRECHO URBANO* | PSU · Municipal · 1.402 km · início: -12.214971, -47.290492
A9: 387ETO0071 | B9: C | C9: 0 | D9: 1 | E9: =D9-C9 -> 1 | F9: X | K9: X | M9: X | Q9: X | S9: X | V9: 1,40 km | W9: =IF(COUNTA(F9:U9)=0,"— não preenchido",IF(COUNTIF(F9:J9,"X")<>1,"FALTA/DUPLA: CONDIÇÃO DO PAVIMENTO",IF(COUNTIF(K9:L9,"X")<>1,"FALTA/DUPLA: VEGETAÇÃO",IF(COUNTIF(M9:O9,"X")<>1,"FALTA/DUPLA: ELEM. DE DRENAGEM",IF(COUNTIF(P9:R9,"X")<>1,"FALTA/DUPLA: SIN. HORIZ.",IF(COUNTIF(S9:U9,"X")<>1,"FALTA/DUPLA: SIN. VERTICAL","OK")))))) -> OK
A10: 387ETO0071 | B10: C | C10: 1 | D10: 1.4023074 | E10: =D10-C10 -> 0.40230744 | F10: X | K10: X | M10: X | Q10: X | S10: X | V10: 1,40 km | W10: =IF(COUNTA(F10:U10)=0,"— não preenchido",IF(COUNTIF(F10:J10,"X")<>1,"FALTA/DUPLA: CONDIÇÃO DO PAVIMENTO",IF(COUNTIF(K10:L10,"X")<>1,"FALTA/DUPLA: VEGETAÇÃO",IF(COUNTIF(M10:O10,"X")<>1,"FALTA/DUPLA: ELEM. DE DRENAGEM",IF(COUNTIF(P10:R10,"X")<>1,"FALTA/DUPLA: SIN. HORIZ.",IF(COUNTIF(S10:U10,"X")<>1,"FALTA/DUPLA: SIN. VERTICAL","OK")))))) -> OK
A11: ▲ AQUI HÁ 78.847 km FORA DO ESCOPO DO CONTRATO (perímetro urbano de jurisdição municipal). Você passa por ele, mas NÃO preenche.
A12: S.R.E. 050ETO0210 | ENTR. BR-010 (PRÍNCIPE) - ENTR. TO-387 | PPS · Estadual · 45.752 km · início: -12.230213, -47.348306
A13: 050ETO0210 | B13: C | C13: 0 | D13: 1 | E13: =D13-C13 -> 1 | H13: X | K13: X | M13: X | Q13: X | T13: X | W13: =IF(COUNTA(F13:U13)=0,"— não preenchido",IF(COUNTIF(F13:J13,"X")<>1,"FALTA/DUPLA: CONDIÇÃO DO PAVIMENTO",IF(COUNTIF(K13:L13,"X")<>1,"FALTA/DUPLA: VEGETAÇÃO",IF(COUNTIF(M13:O13,"X")<>1,"FALTA/DUPLA: ELEM. DE DRENAGEM",IF(COUNTIF(P13:R13,"X")<>1,"FALTA/DUPLA: SIN. HORIZ.",IF(COUNTIF(S13:U13,"X")<>1,"FALTA/DUPLA: SIN. VERTICAL","OK")))))) -> OK
A14: 050ETO0210 | B14: C | C14: 1 | D14: 2 | E14: =D14-C14 -> 1 | H14: X | K14: X | M14: X | Q14: X | T14: X | W14: =IF(COUNTA(F14:U14)=0,"— não preenchido",IF(COUNTIF(F14:J14,"X")<>1,"FALTA/DUPLA: CONDIÇÃO DO PAVIMENTO",IF(COUNTIF(K14:L14,"X")<>1,"FALTA/DUPLA: VEGETAÇÃO",IF(COUNTIF(M14:O14,"X")<>1,"FALTA/DUPLA: ELEM. DE DRENAGEM",IF(COUNTIF(P14:R14,"X")<>1,"FALTA/DUPLA: SIN. HORIZ.",IF(COUNTIF(S14:U14,"X")<>1,"FALTA/DUPLA: SIN. VERTICAL","OK")))))) -> OK
A15: 050ETO0210 | B15: C | C15: 2 | D15: 3 | E15: =D15-C15 -> 1 | H15: X | K15: X | M15: X | Q15: X | T15: X | W15: =IF(COUNTA(F15:U15)=0,"— não preenchido",IF(COUNTIF(F15:J15,"X")<>1,"FALTA/DUPLA: CONDIÇÃO DO PAVIMENTO",IF(COUNTIF(K15:L15,"X")<>1,"FALTA/DUPLA: VEGETAÇÃO",IF(COUNTIF(M15:O15,"X")<>1,"FALTA/DUPLA: ELEM. DE DRENAGEM",IF(COUNTIF(P15:R15,"X")<>1,"FALTA/DUPLA: SIN. HORIZ.",IF(COUNTIF(S15:U15,"X")<>1,"FALTA/DUPLA: SIN. VERTICAL","OK")))))) -> OK
A16: 050ETO0210 | B16: C | C16: 3 | D16: 4 | E16: =D16-C16 -> 1 | H16: X | K16: X | M16: X | Q16: X | T16: X | W16: =IF(COUNTA(F16:U16)=0,"— não preenchido",IF(COUNTIF(F16:J16,"X")<>1,"FALTA/DUPLA: CONDIÇÃO DO PAVIMENTO",IF(COUNTIF(K16:L16,"X")<>1,"FALTA/DUPLA: VEGETAÇÃO",IF(COUNTIF(M16:O16,"X")<>1,"FALTA/DUPLA: ELEM. DE DRENAGEM",IF(COUNTIF(P16:R16,"X")<>1,"FALTA/DUPLA: SIN. HORIZ.",IF(COUNTIF(S16:U16,"X")<>1,"FALTA/DUPLA: SIN. VERTICAL","OK")))))) -> OK
A17: 050ETO0210 | B17: C | C17: 4 | D17: 5 | E17: =D17-C17 -> 1 | H17: X | K17: X | M17: X | Q17: X | T17: X | W17: =IF(COUNTA(F17:U17)=0,"— não preenchido",IF(COUNTIF(F17:J17,"X")<>1,"FALTA/DUPLA: CONDIÇÃO DO PAVIMENTO",IF(COUNTIF(K17:L17,"X")<>1,"FALTA/DUPLA: VEGETAÇÃO",IF(COUNTIF(M17:O17,"X")<>1,"FALTA/DUPLA: ELEM. DE DRENAGEM",IF(COUNTIF(P17:R17,"X")<>1,"FALTA/DUPLA: SIN. HORIZ.",IF(COUNTIF(S17:U17,"X")<>1,"FALTA/DUPLA: SIN. VERTICAL","OK")))))) -> OK
A18: 050ETO0210 | B18: C | C18: 5 | D18: 6 | E18: =D18-C18 -> 1 | H18: X | K18: X | M18: X | Q18: X | T18: X | W18: =IF(COUNTA(F18:U18)=0,"— não preenchido",IF(COUNTIF(F18:J18,"X")<>1,"FALTA/DUPLA: CONDIÇÃO DO PAVIMENTO",IF(COUNTIF(K18:L18,"X")<>1,"FALTA/DUPLA: VEGETAÇÃO",IF(COUNTIF(M18:O18,"X")<>1,"FALTA/DUPLA: ELEM. DE DRENAGEM",IF(COUNTIF(P18:R18,"X")<>1,"FALTA/DUPLA: SIN. HORIZ.",IF(COUNTIF(S18:U18,"X")<>1,"FALTA/DUPLA: SIN. VERTICAL","OK")))))) -> OK
A19: 050ETO0210 | B19: C | C19: 6 | D19: 7 | E19: =D19-C19 -> 1 | H19: X | K19: X | M19: X | Q19: X | T19: X | W19: =IF(COUNTA(F19:U19)=0,"— não preenchido",IF(COUNTIF(F19:J19,"X")<>1,"FALTA/DUPLA: CONDIÇÃO DO PAVIMENTO",IF(COUNTIF(K19:L19,"X")<>1,"FALTA/DUPLA: VEGETAÇÃO",IF(COUNTIF(M19:O19,"X")<>1,"FALTA/DUPLA: ELEM. DE DRENAGEM",IF(COUNTIF(P19:R19,"X")<>1,"FALTA/DUPLA: SIN. HORIZ.",IF(COUNTIF(S19:U19,"X")<>1,"FALTA/DUPLA: SIN. VERTICAL","OK")))))) -> OK
A20: 050ETO0210 | B20: C | C20: 7 | D20: 8 | E20: =D20-C20 -> 1 | H20: X | K20: X | M20: X | Q20: X | T20: X | W20: =IF(COUNTA(F20:U20)=0,"— não preenchido",IF(COUNTIF(F20:J20,"X")<>1,"FALTA/DUPLA: CONDIÇÃO DO PAVIMENTO",IF(COUNTIF(K20:L20,"X")<>1,"FALTA/DUPLA: VEGETAÇÃO",IF(COUNTIF(M20:O20,"X")<>1,"FALTA/DUPLA: ELEM. DE DRENAGEM",IF(COUNTIF(P20:R20,"X")<>1,"FALTA/DUPLA: SIN. HORIZ.",IF(COUNTIF(S20:U20,"X")<>1,"FALTA/DUPLA: SIN. VERTICAL","OK")))))) -> OK
A21: 050ETO0210 | B21: C | C21: 8 | D21: 9 | E21: =D21-C21 -> 1 | G21: X | K21: X | M21: X | Q21: X | T21: X | W21: =IF(COUNTA(F21:U21)=0,"— não preenchido",IF(COUNTIF(F21:J21,"X")<>1,"FALTA/DUPLA: CONDIÇÃO DO PAVIMENTO",IF(COUNTIF(K21:L21,"X")<>1,"FALTA/DUPLA: VEGETAÇÃO",IF(COUNTIF(M21:O21,"X")<>1,"FALTA/DUPLA: ELEM. DE DRENAGEM",IF(COUNTIF(P21:R21,"X")<>1,"FALTA/DUPLA: SIN. HORIZ.",IF(COUNTIF(S21:U21,"X")<>1,"FALTA/DUPLA: SIN. VERTICAL","OK")))))) -> OK
A22: 050ETO0210 | B22: C | C22: 9 | D22: 10 | E22: =D22-C22 -> 1 | G22: X | K22: X | M22: X | Q22: X | T22: X | W22: =IF(COUNTA(F22:U22)=0,"— não preenchido",IF(COUNTIF(F22:J22,"X")<>1,"FALTA/DUPLA: CONDIÇÃO DO PAVIMENTO",IF(COUNTIF(K22:L22,"X")<>1,"FALTA/DUPLA: VEGETAÇÃO",IF(COUNTIF(M22:O22,"X")<>1,"FALTA/DUPLA: ELEM. DE DRENAGEM",IF(COUNTIF(P22:R22,"X")<>1,"FALTA/DUPLA: SIN. HORIZ.",IF(COUNTIF(S22:U22,"X")<>1,"FALTA/DUPLA: SIN. VERTICAL","OK")))))) -> OK
A23: 050ETO0210 | B23: C | C23: 10 | D23: 11 | E23: =D23-C23 -> 1 | G23: X | K23: X | M23: X | Q23: X | T23: X | W23: =IF(COUNTA(F23:U23)=0,"— não preenchido",IF(COUNTIF(F23:J23,"X")<>1,"FALTA/DUPLA: CONDIÇÃO DO PAVIMENTO",IF(COUNTIF(K23:L23,"X")<>1,"FALTA/DUPLA: VEGETAÇÃO",IF(COUNTIF(M23:O23,"X")<>1,"FALTA/DUPLA: ELEM. DE DRENAGEM",IF(COUNTIF(P23:R23,"X")<>1,"FALTA/DUPLA: SIN. HORIZ.",IF(COUNTIF(S23:U23,"X")<>1,"FALTA/DUPLA: SIN. VERTICAL","OK")))))) -> OK
A24: 050ETO0210 | B24: C | C24: 11 | D24: 12 | E24: =D24-C24 -> 1 | G24: X | K24: X | M24: X | Q24: X | T24: X | W24: =IF(COUNTA(F24:U24)=0,"— não preenchido",IF(COUNTIF(F24:J24,"X")<>1,"FALTA/DUPLA: CONDIÇÃO DO PAVIMENTO",IF(COUNTIF(K24:L24,"X")<>1,"FALTA/DUPLA: VEGETAÇÃO",IF(COUNTIF(M24:O24,"X")<>1,"FALTA/DUPLA: ELEM. DE DRENAGEM",IF(COUNTIF(P24:R24,"X")<>1,"FALTA/DUPLA: SIN. HORIZ.",IF(COUNTIF(S24:U24,"X")<>1,"FALTA/DUPLA: SIN. VERTICAL","OK")))))) -> OK
A25: 050ETO0210 | B25: C | C25: 12 | D25: 13 | E25: =D25-C25 -> 1 | G25: X | K25: X | M25: X | Q25: X | T25: X | W25: =IF(COUNTA(F25:U25)=0,"— não preenchido",IF(COUNTIF(F25:J25,"X")<>1,"FALTA/DUPLA: CONDIÇÃO DO PAVIMENTO",IF(COUNTIF(K25:L25,"X")<>1,"FALTA/DUPLA: VEGETAÇÃO",IF(COUNTIF(M25:O25,"X")<>1,"FALTA/DUPLA: ELEM. DE DRENAGEM",IF(COUNTIF(P25:R25,"X")<>1,"FALTA/DUPLA: SIN. HORIZ.",IF(COUNTIF(S25:U25,"X")<>1,"FALTA/DUPLA: SIN. VERTICAL","OK")))))) -> OK
A26: 050ETO0210 | B26: C | C26: 13 | D26: 14 | E26: =D26-C26 -> 1 | G26: X | K26: X | M26: X | Q26: X | T26: X | W26: =IF(COUNTA(F26:U26)=0,"— não preenchido",IF(COUNTIF(F26:J26,"X")<>1,"FALTA/DUPLA: CONDIÇÃO DO PAVIMENTO",IF(COUNTIF(K26:L26,"X")<>1,"FALTA/DUPLA: VEGETAÇÃO",IF(COUNTIF(M26:O26,"X")<>1,"FALTA/DUPLA: ELEM. DE DRENAGEM",IF(COUNTIF(P26:R26,"X")<>1,"FALTA/DUPLA: SIN. HORIZ.",IF(COUNTIF(S26:U26,"X")<>1,"FALTA/DUPLA: SIN. VERTICAL","OK")))))) -> OK
A27: 050ETO0210 | B27: C | C27: 14 | D27: 15 | E27: =D27-C27 -> 1 | G27: X | K27: X | M27: X | Q27: X | T27: X | W27: =IF(COUNTA(F27:U27)=0,"— não preenchido",IF(COUNTIF(F27:J27,"X")<>1,"FALTA/DUPLA: CONDIÇÃO DO PAVIMENTO",IF(COUNTIF(K27:L27,"X")<>1,"FALTA/DUPLA: VEGETAÇÃO",IF(COUNTIF(M27:O27,"X")<>1,"FALTA/DUPLA: ELEM. DE DRENAGEM",IF(COUNTIF(P27:R27,"X")<>1,"FALTA/DUPLA: SIN. HORIZ.",IF(COUNTIF(S27:U27,"X")<>1,"FALTA/DUPLA: SIN. VERTICAL","OK")))))) -> OK
A28: 050ETO0210 | B28: C | C28: 15 | D28: 16 | E28: =D28-C28 -> 1 | G28: X | K28: X | M28: X | Q28: X | T28: X | W28: =IF(COUNTA(F28:U28)=0,"— não preenchido",IF(COUNTIF(F28:J28,"X")<>1,"FALTA/DUPLA: CONDIÇÃO DO PAVIMENTO",IF(COUNTIF(K28:L28,"X")<>1,"FALTA/DUPLA: VEGETAÇÃO",IF(COUNTIF(M28:O28,"X")<>1,"FALTA/DUPLA: ELEM. DE DRENAGEM",IF(COUNTIF(P28:R28,"X")<>1,"FALTA/DUPLA: SIN. HORIZ.",IF(COUNTIF(S28:U28,"X")<>1,"FALTA/DUPLA: SIN. VERTICAL","OK")))))) -> OK
A29: 050ETO0210 | B29: C | C29: 16 | D29: 17 | E29: =D29-C29 -> 1 | H29: X | K29: X | N29: X | Q29: X | T29: X | W29: =IF(COUNTA(F29:U29)=0,"— não preenchido",IF(COUNTIF(F29:J29,"X")<>1,"FALTA/DUPLA: CONDIÇÃO DO PAVIMENTO",IF(COUNTIF(K29:L29,"X")<>1,"FALTA/DUPLA: VEGETAÇÃO",IF(COUNTIF(M29:O29,"X")<>1,"FALTA/DUPLA: ELEM. DE DRENAGEM",IF(COUNTIF(P29:R29,"X")<>1,"FALTA/DUPLA: SIN. HORIZ.",IF(COUNTIF(S29:U29,"X")<>1,"FALTA/DUPLA: SIN. VERTICAL","OK")))))) -> OK
A30: 050ETO0210 | B30: C | C30: 17 | D30: 18 | E30: =D30-C30 -> 1 | H30: X | K30: X | N30: X | Q30: X | T30: X | W30: =IF(COUNTA(F30:U30)=0,"— não preenchido",IF(COUNTIF(F30:J30,"X")<>1,"FALTA/DUPLA: CONDIÇÃO DO PAVIMENTO",IF(COUNTIF(K30:L30,"X")<>1,"FALTA/DUPLA: VEGETAÇÃO",IF(COUNTIF(M30:O30,"X")<>1,"FALTA/DUPLA: ELEM. DE DRENAGEM",IF(COUNTIF(P30:R30,"X")<>1,"FALTA/DUPLA: SIN. HORIZ.",IF(COUNTIF(S30:U30,"X")<>1,"FALTA/DUPLA: SIN. VERTICAL","OK")))))) -> OK
A31: 050ETO0210 | B31: C | C31: 18 | D31: 19 | E31: =D31-C31 -> 1 | H31: X | K31: X | N31: X | Q31: X | T31: X | W31: =IF(COUNTA(F31:U31)=0,"— não preenchido",IF(COUNTIF(F31:J31,"X")<>1,"FALTA/DUPLA: CONDIÇÃO DO PAVIMENTO",IF(COUNTIF(K31:L31,"X")<>1,"FALTA/DUPLA: VEGETAÇÃO",IF(COUNTIF(M31:O31,"X")<>1,"FALTA/DUPLA: ELEM. DE DRENAGEM",IF(COUNTIF(P31:R31,"X")<>1,"FALTA/DUPLA: SIN. HORIZ.",IF(COUNTIF(S31:U31,"X")<>1,"FALTA/DUPLA: SIN. VERTICAL","OK")))))) -> OK
A32: 050ETO0210 | B32: C | C32: 19 | D32: 20 | E32: =D32-C32 -> 1 | H32: X | K32: X | N32: X | Q32: X | T32: X | W32: =IF(COUNTA(F32:U32)=0,"— não preenchido",IF(COUNTIF(F32:J32,"X")<>1,"FALTA/DUPLA: CONDIÇÃO DO PAVIMENTO",IF(COUNTIF(K32:L32,"X")<>1,"FALTA/DUPLA: VEGETAÇÃO",IF(COUNTIF(M32:O32,"X")<>1,"FALTA/DUPLA: ELEM. DE DRENAGEM",IF(COUNTIF(P32:R32,"X")<>1,"FALTA/DUPLA: SIN. HORIZ.",IF(COUNTIF(S32:U32,"X")<>1,"FALTA/DUPLA: SIN. VERTICAL","OK")))))) -> OK
A33: 050ETO0210 | B33: C | C33: 20 | D33: 21 | E33: =D33-C33 -> 1 | H33: X | K33: X | N33: X | Q33: X | T33: X | W33: =IF(COUNTA(F33:U33)=0,"— não preenchido",IF(COUNTIF(F33:J33,"X")<>1,"FALTA/DUPLA: CONDIÇÃO DO PAVIMENTO",IF(COUNTIF(K33:L33,"X")<>1,"FALTA/DUPLA: VEGETAÇÃO",IF(COUNTIF(M33:O33,"X")<>1,"FALTA/DUPLA: ELEM. DE DRENAGEM",IF(COUNTIF(P33:R33,"X")<>1,"FALTA/DUPLA: SIN. HORIZ.",IF(COUNTIF(S33:U33,"X")<>1,"FALTA/DUPLA: SIN. VERTICAL","OK")))))) -> OK
A34: 050ETO0210 | B34: C | C34: 21 | D34: 22 | E34: =D34-C34 -> 1 | H34: X | K34: X | N34: X | Q34: X | T34: X | W34: =IF(COUNTA(F34:U34)=0,"— não preenchido",IF(COUNTIF(F34:J34,"X")<>1,"FALTA/DUPLA: CONDIÇÃO DO PAVIMENTO",IF(COUNTIF(K34:L34,"X")<>1,"FALTA/DUPLA: VEGETAÇÃO",IF(COUNTIF(M34:O34,"X")<>1,"FALTA/DUPLA: ELEM. DE DRENAGEM",IF(COUNTIF(P34:R34,"X")<>1,"FALTA/DUPLA: SIN. HORIZ.",IF(COUNTIF(S34:U34,"X")<>1,"FALTA/DUPLA: SIN. VERTICAL","OK")))))) -> OK
A35: 050ETO0210 | B35: C | C35: 22 | D35: 23 | E35: =D35-C35 -> 1 | H35: X | K35: X | M35: X | Q35: X | T35: X | W35: =IF(COUNTA(F35:U35)=0,"— não preenchido",IF(COUNTIF(F35:J35,"X")<>1,"FALTA/DUPLA: CONDIÇÃO DO PAVIMENTO",IF(COUNTIF(K35:L35,"X")<>1,"FALTA/DUPLA: VEGETAÇÃO",IF(COUNTIF(M35:O35,"X")<>1,"FALTA/DUPLA: ELEM. DE DRENAGEM",IF(COUNTIF(P35:R35,"X")<>1,"FALTA/DUPLA: SIN. HORIZ.",IF(COUNTIF(S35:U35,"X")<>1,"FALTA/DUPLA: SIN. VERTICAL","OK")))))) -> OK
A36: 050ETO0210 | B36: C | C36: 23 | D36: 24 | E36: =D36-C36 -> 1 | H36: X | K36: X | M36: X | Q36: X | T36: X | W36: =IF(COUNTA(F36:U36)=0,"— não preenchido",IF(COUNTIF(F36:J36,"X")<>1,"FALTA/DUPLA: CONDIÇÃO DO PAVIMENTO",IF(COUNTIF(K36:L36,"X")<>1,"FALTA/DUPLA: VEGETAÇÃO",IF(COUNTIF(M36:O36,"X")<>1,"FALTA/DUPLA: ELEM. DE DRENAGEM",IF(COUNTIF(P36:R36,"X")<>1,"FALTA/DUPLA: SIN. HORIZ.",IF(COUNTIF(S36:U36,"X")<>1,"FALTA/DUPLA: SIN. VERTICAL","OK")))))) -> OK
A37: 050ETO0210 | B37: C | C37: 24 | D37: 25 | E37: =D37-C37 -> 1 | H37: X | K37: X | M37: X | Q37: X | T37: X | W37: =IF(COUNTA(F37:U37)=0,"— não preenchido",IF(COUNTIF(F37:J37,"X")<>1,"FALTA/DUPLA: CONDIÇÃO DO PAVIMENTO",IF(COUNTIF(K37:L37,"X")<>1,"FALTA/DUPLA: VEGETAÇÃO",IF(COUNTIF(M37:O37,"X")<>1,"FALTA/DUPLA: ELEM. DE DRENAGEM",IF(COUNTIF(P37:R37,"X")<>1,"FALTA/DUPLA: SIN. HORIZ.",IF(COUNTIF(S37:U37,"X")<>1,"FALTA/DUPLA: SIN. VERTICAL","OK")))))) -> OK
A38: 050ETO0210 | B38: C | C38: 25 | D38: 26 | E38: =D38-C38 -> 1 | H38: X | K38: X | M38: X | Q38: X | T38: X | W38: =IF(COUNTA(F38:U38)=0,"— não preenchido",IF(COUNTIF(F38:J38,"X")<>1,"FALTA/DUPLA: CONDIÇÃO DO PAVIMENTO",IF(COUNTIF(K38:L38,"X")<>1,"FALTA/DUPLA: VEGETAÇÃO",IF(COUNTIF(M38:O38,"X")<>1,"FALTA/DUPLA: ELEM. DE DRENAGEM",IF(COUNTIF(P38:R38,"X")<>1,"FALTA/DUPLA: SIN. HORIZ.",IF(COUNTIF(S38:U38,"X")<>1,"FALTA/DUPLA: SIN. VERTICAL","OK")))))) -> OK
A39: 050ETO0210 | B39: C | C39: 26 | D39: 27 | E39: =D39-C39 -> 1 | G39: X | K39: X | M39: X | Q39: X | T39: X | W39: =IF(COUNTA(F39:U39)=0,"— não preenchido",IF(COUNTIF(F39:J39,"X")<>1,"FALTA/DUPLA: CONDIÇÃO DO PAVIMENTO",IF(COUNTIF(K39:L39,"X")<>1,"FALTA/DUPLA: VEGETAÇÃO",IF(COUNTIF(M39:O39,"X")<>1,"FALTA/DUPLA: ELEM. DE DRENAGEM",IF(COUNTIF(P39:R39,"X")<>1,"FALTA/DUPLA: SIN. HORIZ.",IF(COUNTIF(S39:U39,"X")<>1,"FALTA/DUPLA: SIN. VERTICAL","OK")))))) -> OK
A40: 050ETO0210 | B40: C | C40: 27 | D40: 28 | E40: =D40-C40 -> 1 | G40: X | K40: X | M40: X | Q40: X | T40: X | W40: =IF(COUNTA(F40:U40)=0,"— não preenchido",IF(COUNTIF(F40:J40,"X")<>1,"FALTA/DUPLA: CONDIÇÃO DO PAVIMENTO",IF(COUNTIF(K40:L40,"X")<>1,"FALTA/DUPLA: VEGETAÇÃO",IF(COUNTIF(M40:O40,"X")<>1,"FALTA/DUPLA: ELEM. DE DRENAGEM",IF(COUNTIF(P40:R40,"X")<>1,"FALTA/DUPLA: SIN. HORIZ.",IF(COUNTIF(S40:U40,"X")<>1,"FALTA/DUPLA: SIN. VERTICAL","OK")))))) -> OK
A41: 050ETO0210 | B41: C | C41: 28 | D41: 29 | E41: =D41-C41 -> 1 | G41: X | K41: X | M41: X | Q41: X | T41: X | W41: =IF(COUNTA(F41:U41)=0,"— não preenchido",IF(COUNTIF(F41:J41,"X")<>1,"FALTA/DUPLA: CONDIÇÃO DO PAVIMENTO",IF(COUNTIF(K41:L41,"X")<>1,"FALTA/DUPLA: VEGETAÇÃO",IF(COUNTIF(M41:O41,"X")<>1,"FALTA/DUPLA: ELEM. DE DRENAGEM",IF(COUNTIF(P41:R41,"X")<>1,"FALTA/DUPLA: SIN. HORIZ.",IF(COUNTIF(S41:U41,"X")<>1,"FALTA/DUPLA: SIN. VERTICAL","OK")))))) -> OK
A42: 050ETO0210 | B42: C | C42: 29 | D42: 30 | E42: =D42-C42 -> 1 | G42: X | K42: X | M42: X | Q42: X | T42: X | W42: =IF(COUNTA(F42:U42)=0,"— não preenchido",IF(COUNTIF(F42:J42,"X")<>1,"FALTA/DUPLA: CONDIÇÃO DO PAVIMENTO",IF(COUNTIF(K42:L42,"X")<>1,"FALTA/DUPLA: VEGETAÇÃO",IF(COUNTIF(M42:O42,"X")<>1,"FALTA/DUPLA: ELEM. DE DRENAGEM",IF(COUNTIF(P42:R42,"X")<>1,"FALTA/DUPLA: SIN. HORIZ.",IF(COUNTIF(S42:U42,"X")<>1,"FALTA/DUPLA: SIN. VERTICAL","OK")))))) -> OK
A43: 050ETO0210 | B43: C | C43: 30 | D43: 31 | E43: =D43-C43 -> 1 | G43: X | K43: X | M43: X | Q43: X | T43: X | W43: =IF(COUNTA(F43:U43)=0,"— não preenchido",IF(COUNTIF(F43:J43,"X")<>1,"FALTA/DUPLA: CONDIÇÃO DO PAVIMENTO",IF(COUNTIF(K43:L43,"X")<>1,"FALTA/DUPLA: VEGETAÇÃO",IF(COUNTIF(M43:O43,"X")<>1,"FALTA/DUPLA: ELEM. DE DRENAGEM",IF(COUNTIF(P43:R43,"X")<>1,"FALTA/DUPLA: SIN. HORIZ.",IF(COUNTIF(S43:U43,"X")<>1,"FALTA/DUPLA: SIN. VERTICAL","OK")))))) -> OK
A44: 050ETO0210 | B44: C | C44: 31 | D44: 32 | E44: =D44-C44 -> 1 | G44: X | K44: X | M44: X | Q44: X | T44: X | W44: =IF(COUNTA(F44:U44)=0,"— não preenchido",IF(COUNTIF(F44:J44,"X")<>1,"FALTA/DUPLA: CONDIÇÃO DO PAVIMENTO",IF(COUNTIF(K44:L44,"X")<>1,"FALTA/DUPLA: VEGETAÇÃO",IF(COUNTIF(M44:O44,"X")<>1,"FALTA/DUPLA: ELEM. DE DRENAGEM",IF(COUNTIF(P44:R44,"X")<>1,"FALTA/DUPLA: SIN. HORIZ.",IF(COUNTIF(S44:U44,"X")<>1,"FALTA/DUPLA: SIN. VERTICAL","OK")))))) -> OK
A45: 050ETO0210 | B45: C | C45: 32 | D45: 33 | E45: =D45-C45 -> 1 | G45: X | K45: X | N45: X | Q45: X | T45: X | W45: =IF(COUNTA(F45:U45)=0,"— não preenchido",IF(COUNTIF(F45:J45,"X")<>1,"FALTA/DUPLA: CONDIÇÃO DO PAVIMENTO",IF(COUNTIF(K45:L45,"X")<>1,"FALTA/DUPLA: VEGETAÇÃO",IF(COUNTIF(M45:O45,"X")<>1,"FALTA/DUPLA: ELEM. DE DRENAGEM",IF(COUNTIF(P45:R45,"X")<>1,"FALTA/DUPLA: SIN. HORIZ.",IF(COUNTIF(S45:U45,"X")<>1,"FALTA/DUPLA: SIN. VERTICAL","OK")))))) -> OK
A46: 050ETO0210 | B46: C | C46: 33 | D46: 34 | E46: =D46-C46 -> 1 | H46: X | K46: X | N46: X | Q46: X | T46: X | W46: =IF(COUNTA(F46:U46)=0,"— não preenchido",IF(COUNTIF(F46:J46,"X")<>1,"FALTA/DUPLA: CONDIÇÃO DO PAVIMENTO",IF(COUNTIF(K46:L46,"X")<>1,"FALTA/DUPLA: VEGETAÇÃO",IF(COUNTIF(M46:O46,"X")<>1,"FALTA/DUPLA: ELEM. DE DRENAGEM",IF(COUNTIF(P46:R46,"X")<>1,"FALTA/DUPLA: SIN. HORIZ.",IF(COUNTIF(S46:U46,"X")<>1,"FALTA/DUPLA: SIN. VERTICAL","OK")))))) -> OK
A47: 050ETO0210 | B47: C | C47: 34 | D47: 35 | E47: =D47-C47 -> 1 | H47: X | K47: X | N47: X | Q47: X | T47: X | W47: =IF(COUNTA(F47:U47)=0,"— não preenchido",IF(COUNTIF(F47:J47,"X")<>1,"FALTA/DUPLA: CONDIÇÃO DO PAVIMENTO",IF(COUNTIF(K47:L47,"X")<>1,"FALTA/DUPLA: VEGETAÇÃO",IF(COUNTIF(M47:O47,"X")<>1,"FALTA/DUPLA: ELEM. DE DRENAGEM",IF(COUNTIF(P47:R47,"X")<>1,"FALTA/DUPLA: SIN. HORIZ.",IF(COUNTIF(S47:U47,"X")<>1,"FALTA/DUPLA: SIN. VERTICAL","OK")))))) -> OK
A48: 050ETO0210 | B48: C | C48: 35 | D48: 36 | E48: =D48-C48 -> 1 | H48: X | K48: X | N48: X | Q48: X | T48: X | W48: =IF(COUNTA(F48:U48)=0,"— não preenchido",IF(COUNTIF(F48:J48,"X")<>1,"FALTA/DUPLA: CONDIÇÃO DO PAVIMENTO",IF(COUNTIF(K48:L48,"X")<>1,"FALTA/DUPLA: VEGETAÇÃO",IF(COUNTIF(M48:O48,"X")<>1,"FALTA/DUPLA: ELEM. DE DRENAGEM",IF(COUNTIF(P48:R48,"X")<>1,"FALTA/DUPLA: SIN. HORIZ.",IF(COUNTIF(S48:U48,"X")<>1,"FALTA/DUPLA: SIN. VERTICAL","OK")))))) -> OK
A49: 050ETO0210 | B49: C | C49: 36 | D49: 37 | E49: =D49-C49 -> 1 | H49: X | K49: X | N49: X | Q49: X | T49: X | W49: =IF(COUNTA(F49:U49)=0,"— não preenchido",IF(COUNTIF(F49:J49,"X")<>1,"FALTA/DUPLA: CONDIÇÃO DO PAVIMENTO",IF(COUNTIF(K49:L49,"X")<>1,"FALTA/DUPLA: VEGETAÇÃO",IF(COUNTIF(M49:O49,"X")<>1,"FALTA/DUPLA: ELEM. DE DRENAGEM",IF(COUNTIF(P49:R49,"X")<>1,"FALTA/DUPLA: SIN. HORIZ.",IF(COUNTIF(S49:U49,"X")<>1,"FALTA/DUPLA: SIN. VERTICAL","OK")))))) -> OK
A50: 050ETO0210 | B50: C | C50: 37 | D50: 38 | E50: =D50-C50 -> 1 | H50: X | K50: X | N50: X | Q50: X | T50: X | W50: =IF(COUNTA(F50:U50)=0,"— não preenchido",IF(COUNTIF(F50:J50,"X")<>1,"FALTA/DUPLA: CONDIÇÃO DO PAVIMENTO",IF(COUNTIF(K50:L50,"X")<>1,"FALTA/DUPLA: VEGETAÇÃO",IF(COUNTIF(M50:O50,"X")<>1,"FALTA/DUPLA: ELEM. DE DRENAGEM",IF(COUNTIF(P50:R50,"X")<>1,"FALTA/DUPLA: SIN. HORIZ.",IF(COUNTIF(S50:U50,"X")<>1,"FALTA/DUPLA: SIN. VERTICAL","OK")))))) -> OK
A51: 050ETO0210 | B51: C | C51: 38 | D51: 39 | E51: =D51-C51 -> 1 | G51: X | K51: X | N51: X | Q51: X | T51: X | W51: =IF(COUNTA(F51:U51)=0,"— não preenchido",IF(COUNTIF(F51:J51,"X")<>1,"FALTA/DUPLA: CONDIÇÃO DO PAVIMENTO",IF(COUNTIF(K51:L51,"X")<>1,"FALTA/DUPLA: VEGETAÇÃO",IF(COUNTIF(M51:O51,"X")<>1,"FALTA/DUPLA: ELEM. DE DRENAGEM",IF(COUNTIF(P51:R51,"X")<>1,"FALTA/DUPLA: SIN. HORIZ.",IF(COUNTIF(S51:U51,"X")<>1,"FALTA/DUPLA: SIN. VERTICAL","OK")))))) -> OK
A52: 050ETO0210 | B52: C | C52: 39 | D52: 40 | E52: =D52-C52 -> 1 | G52: X | K52: X | N52: X | Q52: X | T52: X | W52: =IF(COUNTA(F52:U52)=0,"— não preenchido",IF(COUNTIF(F52:J52,"X")<>1,"FALTA/DUPLA: CONDIÇÃO DO PAVIMENTO",IF(COUNTIF(K52:L52,"X")<>1,"FALTA/DUPLA: VEGETAÇÃO",IF(COUNTIF(M52:O52,"X")<>1,"FALTA/DUPLA: ELEM. DE DRENAGEM",IF(COUNTIF(P52:R52,"X")<>1,"FALTA/DUPLA: SIN. HORIZ.",IF(COUNTIF(S52:U52,"X")<>1,"FALTA/DUPLA: SIN. VERTICAL","OK")))))) -> OK
A53: 050ETO0210 | B53: C | C53: 40 | D53: 41 | E53: =D53-C53 -> 1 | G53: X | K53: X | N53: X | Q53: X | T53: X | W53: =IF(COUNTA(F53:U53)=0,"— não preenchido",IF(COUNTIF(F53:J53,"X")<>1,"FALTA/DUPLA: CONDIÇÃO DO PAVIMENTO",IF(COUNTIF(K53:L53,"X")<>1,"FALTA/DUPLA: VEGETAÇÃO",IF(COUNTIF(M53:O53,"X")<>1,"FALTA/DUPLA: ELEM. DE DRENAGEM",IF(COUNTIF(P53:R53,"X")<>1,"FALTA/DUPLA: SIN. HORIZ.",IF(COUNTIF(S53:U53,"X")<>1,"FALTA/DUPLA: SIN. VERTICAL","OK")))))) -> OK
A54: 050ETO0210 | B54: C | C54: 41 | D54: 42 | E54: =D54-C54 -> 1 | G54: X | K54: X | N54: X | Q54: X | T54: X | W54: =IF(COUNTA(F54:U54)=0,"— não preenchido",IF(COUNTIF(F54:J54,"X")<>1,"FALTA/DUPLA: CONDIÇÃO DO PAVIMENTO",IF(COUNTIF(K54:L54,"X")<>1,"FALTA/DUPLA: VEGETAÇÃO",IF(COUNTIF(M54:O54,"X")<>1,"FALTA/DUPLA: ELEM. DE DRENAGEM",IF(COUNTIF(P54:R54,"X")<>1,"FALTA/DUPLA: SIN. HORIZ.",IF(COUNTIF(S54:U54,"X")<>1,"FALTA/DUPLA: SIN. VERTICAL","OK")))))) -> OK
A55: 050ETO0210 | B55: C | C55: 42 | D55: 43 | E55: =D55-C55 -> 1 | G55: X | K55: X | N55: X | Q55: X | T55: X | W55: =IF(COUNTA(F55:U55)=0,"— não preenchido",IF(COUNTIF(F55:J55,"X")<>1,"FALTA/DUPLA: CONDIÇÃO DO PAVIMENTO",IF(COUNTIF(K55:L55,"X")<>1,"FALTA/DUPLA: VEGETAÇÃO",IF(COUNTIF(M55:O55,"X")<>1,"FALTA/DUPLA: ELEM. DE DRENAGEM",IF(COUNTIF(P55:R55,"X")<>1,"FALTA/DUPLA: SIN. HORIZ.",IF(COUNTIF(S55:U55,"X")<>1,"FALTA/DUPLA: SIN. VERTICAL","OK")))))) -> OK
A56: 050ETO0210 | B56: C | C56: 43 | D56: 44 | E56: =D56-C56 -> 1 | G56: X | K56: X | N56: X | Q56: X | T56: X | W56: =IF(COUNTA(F56:U56)=0,"— não preenchido",IF(COUNTIF(F56:J56,"X")<>1,"FALTA/DUPLA: CONDIÇÃO DO PAVIMENTO",IF(COUNTIF(K56:L56,"X")<>1,"FALTA/DUPLA: VEGETAÇÃO",IF(COUNTIF(M56:O56,"X")<>1,"FALTA/DUPLA: ELEM. DE DRENAGEM",IF(COUNTIF(P56:R56,"X")<>1,"FALTA/DUPLA: SIN. HORIZ.",IF(COUNTIF(S56:U56,"X")<>1,"FALTA/DUPLA: SIN. VERTICAL","OK")))))) -> OK
A57: 050ETO0210 | B57: C | C57: 44 | D57: 45 | E57: =D57-C57 -> 1 | G57: X | K57: X | N57: X | Q57: X | T57: X | W57: =IF(COUNTA(F57:U57)=0,"— não preenchido",IF(COUNTIF(F57:J57,"X")<>1,"FALTA/DUPLA: CONDIÇÃO DO PAVIMENTO",IF(COUNTIF(K57:L57,"X")<>1,"FALTA/DUPLA: VEGETAÇÃO",IF(COUNTIF(M57:O57,"X")<>1,"FALTA/DUPLA: ELEM. DE DRENAGEM",IF(COUNTIF(P57:R57,"X")<>1,"FALTA/DUPLA: SIN. HORIZ.",IF(COUNTIF(S57:U57,"X")<>1,"FALTA/DUPLA: SIN. VERTICAL","OK")))))) -> OK
A58: 050ETO0210 | B58: C | C58: 45 | D58: 45.752332 | E58: =D58-C58 -> 0.7523322 | G58: X | K58: X | N58: X | Q58: X | T58: X | W58: =IF(COUNTA(F58:U58)=0,"— não preenchido",IF(COUNTIF(F58:J58,"X")<>1,"FALTA/DUPLA: CONDIÇÃO DO PAVIMENTO",IF(COUNTIF(K58:L58,"X")<>1,"FALTA/DUPLA: VEGETAÇÃO",IF(COUNTIF(M58:O58,"X")<>1,"FALTA/DUPLA: ELEM. DE DRENAGEM",IF(COUNTIF(P58:R58,"X")<>1,"FALTA/DUPLA: SIN. HORIZ.",IF(COUNTIF(S58:U58,"X")<>1,"FALTA/DUPLA: SIN. VERTICAL","OK")))))) -> OK
A59: S.R.E. 050ETO0220 | ENTR. TO-387 - CONCEIÇÃO DO TOCANTINS | PPS · Estadual · 5.518 km · início: -12.230213, -47.348306
A60: 050ETO0220 | B60: C | C60: 0 | D60: 1 | E60: =D60-C60 -> 1 | F60: X | K60: X | N60: X | Q60: X | T60: X | V60: 5,52 km | W60: =IF(COUNTA(F60:U60)=0,"— não preenchido",IF(COUNTIF(F60:J60,"X")<>1,"FALTA/DUPLA: CONDIÇÃO DO PAVIMENTO",IF(COUNTIF(K60:L60,"X")<>1,"FALTA/DUPLA: VEGETAÇÃO",IF(COUNTIF(M60:O60,"X")<>1,"FALTA/DUPLA: ELEM. DE DRENAGEM",IF(COUNTIF(P60:R60,"X")<>1,"FALTA/DUPLA: SIN. HORIZ.",IF(COUNTIF(S60:U60,"X")<>1,"FALTA/DUPLA: SIN. VERTICAL","OK")))))) -> OK
A61: 050ETO0220 | B61: C | C61: 1 | D61: 2 | E61: =D61-C61 -> 1 | F61: X | K61: X | N61: X | Q61: X | T61: X | V61: 5,52 km | W61: =IF(COUNTA(F61:U61)=0,"— não preenchido",IF(COUNTIF(F61:J61,"X")<>1,"FALTA/DUPLA: CONDIÇÃO DO PAVIMENTO",IF(COUNTIF(K61:L61,"X")<>1,"FALTA/DUPLA: VEGETAÇÃO",IF(COUNTIF(M61:O61,"X")<>1,"FALTA/DUPLA: ELEM. DE DRENAGEM",IF(COUNTIF(P61:R61,"X")<>1,"FALTA/DUPLA: SIN. HORIZ.",IF(COUNTIF(S61:U61,"X")<>1,"FALTA/DUPLA: SIN. VERTICAL","OK")))))) -> OK
A62: 050ETO0220 | B62: C | C62: 2 | D62: 3 | E62: =D62-C62 -> 1 | F62: X | K62: X | N62: X | Q62: X | T62: X | V62: 5,52 km | W62: =IF(COUNTA(F62:U62)=0,"— não preenchido",IF(COUNTIF(F62:J62,"X")<>1,"FALTA/DUPLA: CONDIÇÃO DO PAVIMENTO",IF(COUNTIF(K62:L62,"X")<>1,"FALTA/DUPLA: VEGETAÇÃO",IF(COUNTIF(M62:O62,"X")<>1,"FALTA/DUPLA: ELEM. DE DRENAGEM",IF(COUNTIF(P62:R62,"X")<>1,"FALTA/DUPLA: SIN. HORIZ.",IF(COUNTIF(S62:U62,"X")<>1,"FALTA/DUPLA: SIN. VERTICAL","OK")))))) -> OK
A63: 050ETO0220 | B63: C | C63: 3 | D63: 4 | E63: =D63-C63 -> 1 | F63: X | K63: X | N63: X | Q63: X | T63: X | V63: 5,52 km | W63: =IF(COUNTA(F63:U63)=0,"— não preenchido",IF(COUNTIF(F63:J63,"X")<>1,"FALTA/DUPLA: CONDIÇÃO DO PAVIMENTO",IF(COUNTIF(K63:L63,"X")<>1,"FALTA/DUPLA: VEGETAÇÃO",IF(COUNTIF(M63:O63,"X")<>1,"FALTA/DUPLA: ELEM. DE DRENAGEM",IF(COUNTIF(P63:R63,"X")<>1,"FALTA/DUPLA: SIN. HORIZ.",IF(COUNTIF(S63:U63,"X")<>1,"FALTA/DUPLA: SIN. VERTICAL","OK")))))) -> OK
A64: 050ETO0220 | B64: C | C64: 4 | D64: 5 | E64: =D64-C64 -> 1 | F64: X | K64: X | N64: X | Q64: X | T64: X | V64: 5,52 km | W64: =IF(COUNTA(F64:U64)=0,"— não preenchido",IF(COUNTIF(F64:J64,"X")<>1,"FALTA/DUPLA: CONDIÇÃO DO PAVIMENTO",IF(COUNTIF(K64:L64,"X")<>1,"FALTA/DUPLA: VEGETAÇÃO",IF(COUNTIF(M64:O64,"X")<>1,"FALTA/DUPLA: ELEM. DE DRENAGEM",IF(COUNTIF(P64:R64,"X")<>1,"FALTA/DUPLA: SIN. HORIZ.",IF(COUNTIF(S64:U64,"X")<>1,"FALTA/DUPLA: SIN. VERTICAL","OK")))))) -> OK
A65: 050ETO0220 | B65: C | C65: 5 | D65: 5.5180318 | E65: =D65-C65 -> 0.51803176 | F65: X | K65: X | N65: X | Q65: X | T65: X | V65: 5,52 km | W65: =IF(COUNTA(F65:U65)=0,"— não preenchido",IF(COUNTIF(F65:J65,"X")<>1,"FALTA/DUPLA: CONDIÇÃO DO PAVIMENTO",IF(COUNTIF(K65:L65,"X")<>1,"FALTA/DUPLA: VEGETAÇÃO",IF(COUNTIF(M65:O65,"X")<>1,"FALTA/DUPLA: ELEM. DE DRENAGEM",IF(COUNTIF(P65:R65,"X")<>1,"FALTA/DUPLA: SIN. HORIZ.",IF(COUNTIF(S65:U65,"X")<>1,"FALTA/DUPLA: SIN. VERTICAL","OK")))))) -> OK
A67: ____________________________________________ | G67: ____________________________________________
A68: TÉCNICO RESPONSÁVEL PELA INSPEÇÃO | G68: VISTO DA SUPERVISÃO
A70: RESUMO DO TRECHO — KM LANÇADO POR ITEM
A71: KM LANÇADO | F71: =SUMIF(F$9:F$65,"X",$E$9:$E$65) -> 6.9203392 | G71: =SUMIF(G$9:G$65,"X",$E$9:$E$65) -> 22.752332 | H71: =SUMIF(H$9:H$65,"X",$E$9:$E$65) -> 23 | I71: =SUMIF(I$9:I$65,"X",$E$9:$E$65) -> 0 | J71: =SUMIF(J$9:J$65,"X",$E$9:$E$65) -> 0 | K71: =SUMIF(K$9:K$65,"X",$E$9:$E$65) -> 52.672671 | L71: =SUMIF(L$9:L$65,"X",$E$9:$E$65) -> 0 | M71: =SUMIF(M$9:M$65,"X",$E$9:$E$65) -> 27.402307 | ... U71: =SUMIF(U$9:U$65,"X",$E$9:$E$65) -> 0
A72: % DA EXTENSÃO | F72: =IF($R74=0,0,F71/$R74) -> 0.13138387 | G72: =IF($R74=0,0,G71/$R74) -> 0.43195706 | H72: =IF($R74=0,0,H71/$R74) -> 0.43665908 | I72: =IF($R74=0,0,I71/$R74) -> 0 | J72: =IF($R74=0,0,J71/$R74) -> 0 | K72: =IF($R74=0,0,K71/$R74) -> 1 | L72: =IF($R74=0,0,L71/$R74) -> 0 | M72: =IF($R74=0,0,M71/$R74) -> 0.52023766 | ... U72: =IF($R74=0,0,U71/$R74) -> 0
A73: CONFERÊNCIA POR GRUPO | F73: =IF(SUM(F71:J71)=0,"— não preenchido",IF(ROUND(SUM(F71:J71)-$R74,3)=0,"OK — "&ROUND(SUM(F71:J71),3)&" km","ERRO — dif. de "&ROUND(SUM(F71:J71)-$R74,3)&" km")) -> OK — 52,673 km | K73: =IF(SUM(K71:L71)=0,"— não preenchido",IF(ROUND(SUM(K71:L71)-$R74,3)=0,"OK — "&ROUND(SUM(K71:L71),3)&" km","ERRO — dif. de "&ROUND(SUM(K71:L71)-$R74,3)&" km")) -> OK — 52,673 km | M73: =IF(SUM(M71:O71)=0,"— não preenchido",IF(ROUND(SUM(M71:O71)-$R74,3)=0,"OK — "&ROUND(SUM(M71:O71),3)&" km","ERRO — dif. de "&ROUND(SUM(M71:O71)-$R74,3)&" km")) -> OK — 52,673 km | P73: =IF(SUM(P71:R71)=0,"— não preenchido",IF(ROUND(SUM(P71:R71)-$R74,3)=0,"OK — "&ROUND(SUM(P71:R71),3)&" km","ERRO — dif. de "&ROUND(SUM(P71:R71)-$R74,3)&" km")) -> OK — 52,673 km | S73: =IF(SUM(S71:U71)=0,"— não preenchido",IF(ROUND(SUM(S71:U71)-$R74,3)=0,"OK — "&ROUND(SUM(S71:U71),3)&" km","ERRO — dif. de "&ROUND(SUM(S71:U71)-$R74,3)&" km")) -> OK — 52,673 km
A74: EXTENSÃO TOTAL DO TRECHO | R74: =SUM(E9:E65) -> 52.672671 | V74: =COUNTIF(W9:W65,"OK")&" de "&COUNT($E$9:$E$65)&" linhas conferidas" -> 54 de 54 linhas conferidas
A76: LEGENDA
A77: REM. I. / REM. L. | E77: Remendos isolados (até 10 por km) · Remendos ao longo (mais de 10 por km)
A78: BUR. I. / BUR. L. | E78: Buracos isolados (até 5 por km) · Buracos ao longo (mais de 5 por km)
A79: SIT. | E79: PPS = pista simples · PSU = simples urbana · PDU = duplicada
A80: FAIXA AZUL | E80: Cabeçalho de cada S.R.E.: descrição, situação, jurisdição, extensão e coordenada de início.
A81: INÍCIO / FIM (KM) | E81: Contados de 0 até o fim de CADA S.R.E. Não é o marco quilométrico da rodovia.
A82: SENT. | E82: C = crescente · D = decrescente
A83: FAIXA CINZA | E83: Segmento fora do escopo do contrato: você passa por ele, mas não preenche.
A84: CÉLULA VERMELHA | E84: Mais de uma X no mesmo grupo. Apague uma delas.
A85: CONFERÊNCIA | E85: Só na tela, não sai impresso. Fica OK com uma X em cada grupo.

Sheet 253
A1: PROGRAMA DE MANUTENÇÃO RODOVIÁRIA — FICHA DE INSPEÇÃO — RODOVIAS PAVIMENTADAS | Y1: Valores dos gráficos — troca 0 por N/D para a fatia não aparecer. Não editar.
A2: REGIÃO: 13 — DIANÓPOLIS | G2: MÊS / ANO: | I2: 46266 | K2: DATA: | P2: TÉCNICO: | R2: ENG. THIAGO BORGES TORQUATO | Y2: =IF(F30=0,NA(),F30) -> 15.560727 | Z2: =IF(G30=0,NA(),G30) -> #N/A | AA2: =IF(H30=0,NA(),H30) -> #N/A | AB2: =IF(I30=0,NA(),I30) -> #N/A | AC2: =IF(J30=0,NA(),J30) -> #N/A | AD2: =IF(K30=0,NA(),K30) -> 15.560727 | AE2: =IF(L30=0,NA(),L30) -> #N/A | AF2: =IF(M30=0,NA(),M30) -> 11 | ... AN2: =IF(U30=0,NA(),U30) -> #N/A
A3: TRECHO 253 — RODOVIA TO-110 - TRECHO AURORA DO TOCANTINS - LAVANDEIRA | T3: EXTENSÃO: 15,561 km · 1 S.R.E.
A4: COMO PREENCHER: uma X em UMA coluna de cada grupo, por linha. Se houver mais de um defeito no mesmo km, marque o PREDOMINANTE e escreva o resto em OBSERVAÇÕES. A quilometragem é contada de 0 até o fim de CADA S.R.E. (não é o marco da rodovia).
A6: S.R.E. | B6: SENT. | C6: INÍCIO (KM) | D6: FIM (KM) | E6: EXT. (KM) | F6: CONDIÇÃO DO PAVIMENTO | K6: VEGETAÇÃO | M6: ELEM. DE DRENAGEM | P6: SIN. HORIZ. | S6: SIN. VERTICAL | V6: OBSERVAÇÕES | W6: CONFERÊNCIA (só na tela)
F7: BOM | G7: REM. I. | H7: REM. L. | I7: BUR. I. | J7: BUR. L. | K7: ADEQ. | L7: INAD. | M7: LIMPOS | N7: SUJOS | O7: DAN. | P7: BOM | Q7: REG. | R7: INEXIST. | S7: BOM | T7: POUCAS | U7: INEXIST.
A8: S.R.E. 110ETO0330 | AURORA DO TOCANTINS *TRECHO URBANO* - LAVANDEIRA | PPS · Estadual · 15.561 km · início: -12.713506, -46.414397
A9: 110ETO0330 | B9: C | C9: 0 | D9: 1 | E9: =D9-C9 -> 1 | F9: X | K9: X | O9: X | R9: X | T9: X | V9: 15,56 km | W9: =IF(COUNTA(F9:U9)=0,"— não preenchido",IF(COUNTIF(F9:J9,"X")<>1,"FALTA/DUPLA: CONDIÇÃO DO PAVIMENTO",IF(COUNTIF(K9:L9,"X")<>1,"FALTA/DUPLA: VEGETAÇÃO",IF(COUNTIF(M9:O9,"X")<>1,"FALTA/DUPLA: ELEM. DE DRENAGEM",IF(COUNTIF(P9:R9,"X")<>1,"FALTA/DUPLA: SIN. HORIZ.",IF(COUNTIF(S9:U9,"X")<>1,"FALTA/DUPLA: SIN. VERTICAL","OK")))))) -> OK
A10: 110ETO0330 | B10: C | C10: 1 | D10: 2 | E10: =D10-C10 -> 1 | F10: X | K10: X | O10: X | R10: X | T10: X | V10: 15,56 km | W10: =IF(COUNTA(F10:U10)=0,"— não preenchido",IF(COUNTIF(F10:J10,"X")<>1,"FALTA/DUPLA: CONDIÇÃO DO PAVIMENTO",IF(COUNTIF(K10:L10,"X")<>1,"FALTA/DUPLA: VEGETAÇÃO",IF(COUNTIF(M10:O10,"X")<>1,"FALTA/DUPLA: ELEM. DE DRENAGEM",IF(COUNTIF(P10:R10,"X")<>1,"FALTA/DUPLA: SIN. HORIZ.",IF(COUNTIF(S10:U10,"X")<>1,"FALTA/DUPLA: SIN. VERTICAL","OK")))))) -> OK
A11: 110ETO0330 | B11: C | C11: 2 | D11: 3 | E11: =D11-C11 -> 1 | F11: X | K11: X | M11: X | P11: X | T11: X | W11: =IF(COUNTA(F11:U11)=0,"— não preenchido",IF(COUNTIF(F11:J11,"X")<>1,"FALTA/DUPLA: CONDIÇÃO DO PAVIMENTO",IF(COUNTIF(K11:L11,"X")<>1,"FALTA/DUPLA: VEGETAÇÃO",IF(COUNTIF(M11:O11,"X")<>1,"FALTA/DUPLA: ELEM. DE DRENAGEM",IF(COUNTIF(P11:R11,"X")<>1,"FALTA/DUPLA: SIN. HORIZ.",IF(COUNTIF(S11:U11,"X")<>1,"FALTA/DUPLA: SIN. VERTICAL","OK")))))) -> OK
A12: 110ETO0330 | B12: C | C12: 3 | D12: 4 | E12: =D12-C12 -> 1 | F12: X | K12: X | M12: X | P12: X | T12: X | W12: =IF(COUNTA(F12:U12)=0,"— não preenchido",IF(COUNTIF(F12:J12,"X")<>1,"FALTA/DUPLA: CONDIÇÃO DO PAVIMENTO",IF(COUNTIF(K12:L12,"X")<>1,"FALTA/DUPLA: VEGETAÇÃO",IF(COUNTIF(M12:O12,"X")<>1,"FALTA/DUPLA: ELEM. DE DRENAGEM",IF(COUNTIF(P12:R12,"X")<>1,"FALTA/DUPLA: SIN. HORIZ.",IF(COUNTIF(S12:U12,"X")<>1,"FALTA/DUPLA: SIN. VERTICAL","OK")))))) -> OK
A13: 110ETO0330 | B13: C | C13: 4 | D13: 5 | E13: =D13-C13 -> 1 | F13: X | K13: X | M13: X | P13: X | T13: X | W13: =IF(COUNTA(F13:U13)=0,"— não preenchido",IF(COUNTIF(F13:J13,"X")<>1,"FALTA/DUPLA: CONDIÇÃO DO PAVIMENTO",IF(COUNTIF(K13:L13,"X")<>1,"FALTA/DUPLA: VEGETAÇÃO",IF(COUNTIF(M13:O13,"X")<>1,"FALTA/DUPLA: ELEM. DE DRENAGEM",IF(COUNTIF(P13:R13,"X")<>1,"FALTA/DUPLA: SIN. HORIZ.",IF(COUNTIF(S13:U13,"X")<>1,"FALTA/DUPLA: SIN. VERTICAL","OK")))))) -> OK
A14: 110ETO0330 | B14: C | C14: 5 | D14: 6 | E14: =D14-C14 -> 1 | F14: X | K14: X | M14: X | P14: X | T14: X | W14: =IF(COUNTA(F14:U14)=0,"— não preenchido",IF(COUNTIF(F14:J14,"X")<>1,"FALTA/DUPLA: CONDIÇÃO DO PAVIMENTO",IF(COUNTIF(K14:L14,"X")<>1,"FALTA/DUPLA: VEGETAÇÃO",IF(COUNTIF(M14:O14,"X")<>1,"FALTA/DUPLA: ELEM. DE DRENAGEM",IF(COUNTIF(P14:R14,"X")<>1,"FALTA/DUPLA: SIN. HORIZ.",IF(COUNTIF(S14:U14,"X")<>1,"FALTA/DUPLA: SIN. VERTICAL","OK")))))) -> OK
A15: 110ETO0330 | B15: C | C15: 6 | D15: 7 | E15: =D15-C15 -> 1 | F15: X | K15: X | M15: X | P15: X | T15: X | W15: =IF(COUNTA(F15:U15)=0,"— não preenchido",IF(COUNTIF(F15:J15,"X")<>1,"FALTA/DUPLA: CONDIÇÃO DO PAVIMENTO",IF(COUNTIF(K15:L15,"X")<>1,"FALTA/DUPLA: VEGETAÇÃO",IF(COUNTIF(M15:O15,"X")<>1,"FALTA/DUPLA: ELEM. DE DRENAGEM",IF(COUNTIF(P15:R15,"X")<>1,"FALTA/DUPLA: SIN. HORIZ.",IF(COUNTIF(S15:U15,"X")<>1,"FALTA/DUPLA: SIN. VERTICAL","OK")))))) -> OK
A16: 110ETO0330 | B16: C | C16: 7 | D16: 8 | E16: =D16-C16 -> 1 | F16: X | K16: X | M16: X | P16: X | T16: X | W16: =IF(COUNTA(F16:U16)=0,"— não preenchido",IF(COUNTIF(F16:J16,"X")<>1,"FALTA/DUPLA: CONDIÇÃO DO PAVIMENTO",IF(COUNTIF(K16:L16,"X")<>1,"FALTA/DUPLA: VEGETAÇÃO",IF(COUNTIF(M16:O16,"X")<>1,"FALTA/DUPLA: ELEM. DE DRENAGEM",IF(COUNTIF(P16:R16,"X")<>1,"FALTA/DUPLA: SIN. HORIZ.",IF(COUNTIF(S16:U16,"X")<>1,"FALTA/DUPLA: SIN. VERTICAL","OK")))))) -> OK
A17: 110ETO0330 | B17: C | C17: 8 | D17: 9 | E17: =D17-C17 -> 1 | F17: X | K17: X | M17: X | P17: X | T17: X | W17: =IF(COUNTA(F17:U17)=0,"— não preenchido",IF(COUNTIF(F17:J17,"X")<>1,"FALTA/DUPLA: CONDIÇÃO DO PAVIMENTO",IF(COUNTIF(K17:L17,"X")<>1,"FALTA/DUPLA: VEGETAÇÃO",IF(COUNTIF(M17:O17,"X")<>1,"FALTA/DUPLA: ELEM. DE DRENAGEM",IF(COUNTIF(P17:R17,"X")<>1,"FALTA/DUPLA: SIN. HORIZ.",IF(COUNTIF(S17:U17,"X")<>1,"FALTA/DUPLA: SIN. VERTICAL","OK")))))) -> OK
A18: 110ETO0330 | B18: C | C18: 9 | D18: 10 | E18: =D18-C18 -> 1 | F18: X | K18: X | M18: X | P18: X | T18: X | W18: =IF(COUNTA(F18:U18)=0,"— não preenchido",IF(COUNTIF(F18:J18,"X")<>1,"FALTA/DUPLA: CONDIÇÃO DO PAVIMENTO",IF(COUNTIF(K18:L18,"X")<>1,"FALTA/DUPLA: VEGETAÇÃO",IF(COUNTIF(M18:O18,"X")<>1,"FALTA/DUPLA: ELEM. DE DRENAGEM",IF(COUNTIF(P18:R18,"X")<>1,"FALTA/DUPLA: SIN. HORIZ.",IF(COUNTIF(S18:U18,"X")<>1,"FALTA/DUPLA: SIN. VERTICAL","OK")))))) -> OK
A19: 110ETO0330 | B19: C | C19: 10 | D19: 11 | E19: =D19-C19 -> 1 | F19: X | K19: X | M19: X | P19: X | T19: X | W19: =IF(COUNTA(F19:U19)=0,"— não preenchido",IF(COUNTIF(F19:J19,"X")<>1,"FALTA/DUPLA: CONDIÇÃO DO PAVIMENTO",IF(COUNTIF(K19:L19,"X")<>1,"FALTA/DUPLA: VEGETAÇÃO",IF(COUNTIF(M19:O19,"X")<>1,"FALTA/DUPLA: ELEM. DE DRENAGEM",IF(COUNTIF(P19:R19,"X")<>1,"FALTA/DUPLA: SIN. HORIZ.",IF(COUNTIF(S19:U19,"X")<>1,"FALTA/DUPLA: SIN. VERTICAL","OK")))))) -> OK
A20: 110ETO0330 | B20: C | C20: 11 | D20: 12 | E20: =D20-C20 -> 1 | F20: X | K20: X | M20: X | P20: X | T20: X | W20: =IF(COUNTA(F20:U20)=0,"— não preenchido",IF(COUNTIF(F20:J20,"X")<>1,"FALTA/DUPLA: CONDIÇÃO DO PAVIMENTO",IF(COUNTIF(K20:L20,"X")<>1,"FALTA/DUPLA: VEGETAÇÃO",IF(COUNTIF(M20:O20,"X")<>1,"FALTA/DUPLA: ELEM. DE DRENAGEM",IF(COUNTIF(P20:R20,"X")<>1,"FALTA/DUPLA: SIN. HORIZ.",IF(COUNTIF(S20:U20,"X")<>1,"FALTA/DUPLA: SIN. VERTICAL","OK")))))) -> OK
A21: 110ETO0330 | B21: C | C21: 12 | D21: 13 | E21: =D21-C21 -> 1 | F21: X | K21: X | M21: X | P21: X | T21: X | W21: =IF(COUNTA(F21:U21)=0,"— não preenchido",IF(COUNTIF(F21:J21,"X")<>1,"FALTA/DUPLA: CONDIÇÃO DO PAVIMENTO",IF(COUNTIF(K21:L21,"X")<>1,"FALTA/DUPLA: VEGETAÇÃO",IF(COUNTIF(M21:O21,"X")<>1,"FALTA/DUPLA: ELEM. DE DRENAGEM",IF(COUNTIF(P21:R21,"X")<>1,"FALTA/DUPLA: SIN. HORIZ.",IF(COUNTIF(S21:U21,"X")<>1,"FALTA/DUPLA: SIN. VERTICAL","OK")))))) -> OK
A22: 110ETO0330 | B22: C | C22: 13 | D22: 14 | E22: =D22-C22 -> 1 | F22: X | K22: X | O22: X | Q22: X | T22: X | W22: =IF(COUNTA(F22:U22)=0,"— não preenchido",IF(COUNTIF(F22:J22,"X")<>1,"FALTA/DUPLA: CONDIÇÃO DO PAVIMENTO",IF(COUNTIF(K22:L22,"X")<>1,"FALTA/DUPLA: VEGETAÇÃO",IF(COUNTIF(M22:O22,"X")<>1,"FALTA/DUPLA: ELEM. DE DRENAGEM",IF(COUNTIF(P22:R22,"X")<>1,"FALTA/DUPLA: SIN. HORIZ.",IF(COUNTIF(S22:U22,"X")<>1,"FALTA/DUPLA: SIN. VERTICAL","OK")))))) -> OK
A23: 110ETO0330 | B23: C | C23: 14 | D23: 15 | E23: =D23-C23 -> 1 | F23: X | K23: X | O23: X | Q23: X | T23: X | W23: =IF(COUNTA(F23:U23)=0,"— não preenchido",IF(COUNTIF(F23:J23,"X")<>1,"FALTA/DUPLA: CONDIÇÃO DO PAVIMENTO",IF(COUNTIF(K23:L23,"X")<>1,"FALTA/DUPLA: VEGETAÇÃO",IF(COUNTIF(M23:O23,"X")<>1,"FALTA/DUPLA: ELEM. DE DRENAGEM",IF(COUNTIF(P23:R23,"X")<>1,"FALTA/DUPLA: SIN. HORIZ.",IF(COUNTIF(S23:U23,"X")<>1,"FALTA/DUPLA: SIN. VERTICAL","OK")))))) -> OK
A24: 110ETO0330 | B24: C | C24: 15 | D24: 15.560727 | E24: =D24-C24 -> 0.56072736 | F24: X | K24: X | O24: X | Q24: X | T24: X | W24: =IF(COUNTA(F24:U24)=0,"— não preenchido",IF(COUNTIF(F24:J24,"X")<>1,"FALTA/DUPLA: CONDIÇÃO DO PAVIMENTO",IF(COUNTIF(K24:L24,"X")<>1,"FALTA/DUPLA: VEGETAÇÃO",IF(COUNTIF(M24:O24,"X")<>1,"FALTA/DUPLA: ELEM. DE DRENAGEM",IF(COUNTIF(P24:R24,"X")<>1,"FALTA/DUPLA: SIN. HORIZ.",IF(COUNTIF(S24:U24,"X")<>1,"FALTA/DUPLA: SIN. VERTICAL","OK")))))) -> OK
A26: ____________________________________________ | G26: ____________________________________________
A27: TÉCNICO RESPONSÁVEL PELA INSPEÇÃO | G27: VISTO DA SUPERVISÃO
A29: RESUMO DO TRECHO — KM LANÇADO POR ITEM
A30: KM LANÇADO | F30: =SUMIF(F$9:F$24,"X",$E$9:$E$24) -> 15.560727 | G30: =SUMIF(G$9:G$24,"X",$E$9:$E$24) -> 0 | H30: =SUMIF(H$9:H$24,"X",$E$9:$E$24) -> 0 | I30: =SUMIF(I$9:I$24,"X",$E$9:$E$24) -> 0 | J30: =SUMIF(J$9:J$24,"X",$E$9:$E$24) -> 0 | K30: =SUMIF(K$9:K$24,"X",$E$9:$E$24) -> 15.560727 | L30: =SUMIF(L$9:L$24,"X",$E$9:$E$24) -> 0 | M30: =SUMIF(M$9:M$24,"X",$E$9:$E$24) -> 11 | ... U30: =SUMIF(U$9:U$24,"X",$E$9:$E$24) -> 0
A31: % DA EXTENSÃO | F31: =IF($R33=0,0,F30/$R33) -> 1 | G31: =IF($R33=0,0,G30/$R33) -> 0 | H31: =IF($R33=0,0,H30/$R33) -> 0 | I31: =IF($R33=0,0,I30/$R33) -> 0 | J31: =IF($R33=0,0,J30/$R33) -> 0 | K31: =IF($R33=0,0,K30/$R33) -> 1 | L31: =IF($R33=0,0,L30/$R33) -> 0 | M31: =IF($R33=0,0,M30/$R33) -> 0.70690783 | ... U31: =IF($R33=0,0,U30/$R33) -> 0
A32: CONFERÊNCIA POR GRUPO | F32: =IF(SUM(F30:J30)=0,"— não preenchido",IF(ROUND(SUM(F30:J30)-$R33,3)=0,"OK — "&ROUND(SUM(F30:J30),3)&" km","ERRO — dif. de "&ROUND(SUM(F30:J30)-$R33,3)&" km")) -> OK — 15,561 km | K32: =IF(SUM(K30:L30)=0,"— não preenchido",IF(ROUND(SUM(K30:L30)-$R33,3)=0,"OK — "&ROUND(SUM(K30:L30),3)&" km","ERRO — dif. de "&ROUND(SUM(K30:L30)-$R33,3)&" km")) -> OK — 15,561 km | M32: =IF(SUM(M30:O30)=0,"— não preenchido",IF(ROUND(SUM(M30:O30)-$R33,3)=0,"OK — "&ROUND(SUM(M30:O30),3)&" km","ERRO — dif. de "&ROUND(SUM(M30:O30)-$R33,3)&" km")) -> OK — 15,561 km | P32: =IF(SUM(P30:R30)=0,"— não preenchido",IF(ROUND(SUM(P30:R30)-$R33,3)=0,"OK — "&ROUND(SUM(P30:R30),3)&" km","ERRO — dif. de "&ROUND(SUM(P30:R30)-$R33,3)&" km")) -> OK — 15,561 km | S32: =IF(SUM(S30:U30)=0,"— não preenchido",IF(ROUND(SUM(S30:U30)-$R33,3)=0,"OK — "&ROUND(SUM(S30:U30),3)&" km","ERRO — dif. de "&ROUND(SUM(S30:U30)-$R33,3)&" km")) -> OK — 15,561 km
A33: EXTENSÃO TOTAL DO TRECHO | R33: =SUM(E9:E24) -> 15.560727 | V33: =COUNTIF(W9:W24,"OK")&" de "&COUNT($E$9:$E$24)&" linhas conferidas" -> 16 de 16 linhas conferidas
A35: LEGENDA
A36: REM. I. / REM. L. | E36: Remendos isolados (até 10 por km) · Remendos ao longo (mais de 10 por km)
A37: BUR. I. / BUR. L. | E37: Buracos isolados (até 5 por km) · Buracos ao longo (mais de 5 por km)
A38: SIT. | E38: PPS = pista simples · PSU = simples urbana · PDU = duplicada
A39: FAIXA AZUL | E39: Cabeçalho de cada S.R.E.: descrição, situação, jurisdição, extensão e coordenada de início.
A40: INÍCIO / FIM (KM) | E40: Contados de 0 até o fim de CADA S.R.E. Não é o marco quilométrico da rodovia.
A41: SENT. | E41: C = crescente · D = decrescente
A42: FAIXA CINZA | E42: Segmento fora do escopo do contrato: você passa por ele, mas não preenche.
A43: CÉLULA VERMELHA | E43: Mais de uma X no mesmo grupo. Apague uma delas.
A44: CONFERÊNCIA | E44: Só na tela, não sai impresso. Fica OK com uma X em cada grupo.

Sheet 254
A1: PROGRAMA DE MANUTENÇÃO RODOVIÁRIA — FICHA DE INSPEÇÃO — RODOVIAS PAVIMENTADAS | Y1: Valores dos gráficos — troca 0 por N/D para a fatia não aparecer. Não editar.
A2: REGIÃO: 13 — DIANÓPOLIS | G2: MÊS / ANO: | I2: 46266 | K2: DATA: | P2: TÉCNICO: | R2: ENG. THIAGO BORGES TORQUATO | Y2: =IF(F37=0,NA(),F37) -> 17.978238 | Z2: =IF(G37=0,NA(),G37) -> #N/A | AA2: =IF(H37=0,NA(),H37) -> #N/A | AB2: =IF(I37=0,NA(),I37) -> #N/A | AC2: =IF(J37=0,NA(),J37) -> #N/A | AD2: =IF(K37=0,NA(),K37) -> 17.978238 | AE2: =IF(L37=0,NA(),L37) -> #N/A | AF2: =IF(M37=0,NA(),M37) -> 2.4557659 | ... AN2: =IF(U37=0,NA(),U37) -> #N/A
A3: TRECHO 254 — RODOVIA TO-110 - TRECHO COMBINADO - NOVO ALEGRE - DIVISA TO-GO | T3: EXTENSÃO: 17,978 km · 3 S.R.E.
A4: COMO PREENCHER: uma X em UMA coluna de cada grupo, por linha. Se houver mais de um defeito no mesmo km, marque o PREDOMINANTE e escreva o resto em OBSERVAÇÕES. A quilometragem é contada de 0 até o fim de CADA S.R.E. (não é o marco da rodovia).
A6: S.R.E. | B6: SENT. | C6: INÍCIO (KM) | D6: FIM (KM) | E6: EXT. (KM) | F6: CONDIÇÃO DO PAVIMENTO | K6: VEGETAÇÃO | M6: ELEM. DE DRENAGEM | P6: SIN. HORIZ. | S6: SIN. VERTICAL | V6: OBSERVAÇÕES | W6: CONFERÊNCIA (só na tela)
F7: BOM | G7: REM. I. | H7: REM. L. | I7: BUR. I. | J7: BUR. L. | K7: ADEQ. | L7: INAD. | M7: LIMPOS | N7: SUJOS | O7: DAN. | P7: BOM | Q7: REG. | R7: INEXIST. | S7: BOM | T7: POUCAS | U7: INEXIST.
A8: S.R.E. 110ETO0341 | COMBINADO *TRECHO URBANO* | PSU · Municipal · 1.165 km · início: -12.804859, -46.54413
A9: 110ETO0341 | B9: C | C9: 0 | D9: 1 | E9: =D9-C9 -> 1 | F9: X | K9: X | M9: X | R9: X | T9: X | V9: 1,17 km | W9: =IF(COUNTA(F9:U9)=0,"— não preenchido",IF(COUNTIF(F9:J9,"X")<>1,"FALTA/DUPLA: CONDIÇÃO DO PAVIMENTO",IF(COUNTIF(K9:L9,"X")<>1,"FALTA/DUPLA: VEGETAÇÃO",IF(COUNTIF(M9:O9,"X")<>1,"FALTA/DUPLA: ELEM. DE DRENAGEM",IF(COUNTIF(P9:R9,"X")<>1,"FALTA/DUPLA: SIN. HORIZ.",IF(COUNTIF(S9:U9,"X")<>1,"FALTA/DUPLA: SIN. VERTICAL","OK")))))) -> OK
A10: 110ETO0341 | B10: C | C10: 1 | D10: 1.165205 | E10: =D10-C10 -> 0.16520505 | F10: X | K10: X | M10: X | R10: X | T10: X | V10: 1,17 km | W10: =IF(COUNTA(F10:U10)=0,"— não preenchido",IF(COUNTIF(F10:J10,"X")<>1,"FALTA/DUPLA: CONDIÇÃO DO PAVIMENTO",IF(COUNTIF(K10:L10,"X")<>1,"FALTA/DUPLA: VEGETAÇÃO",IF(COUNTIF(M10:O10,"X")<>1,"FALTA/DUPLA: ELEM. DE DRENAGEM",IF(COUNTIF(P10:R10,"X")<>1,"FALTA/DUPLA: SIN. HORIZ.",IF(COUNTIF(S10:U10,"X")<>1,"FALTA/DUPLA: SIN. VERTICAL","OK")))))) -> OK
A11: S.R.E. 110ETO0370 | COMBINADO *TRECHO URBANO* - NOVO ALEGRE *TRECHO URBANO* | PPS · Estadual · 10.291 km · início: -12.823829, -46.549716
A12: 110ETO0370 | B12: C | C12: 0 | D12: 1 | E12: =D12-C12 -> 1 | F12: X | K12: X | N12: X | Q12: X | T12: X | V12: 10,29 km | W12: =IF(COUNTA(F12:U12)=0,"— não preenchido",IF(COUNTIF(F12:J12,"X")<>1,"FALTA/DUPLA: CONDIÇÃO DO PAVIMENTO",IF(COUNTIF(K12:L12,"X")<>1,"FALTA/DUPLA: VEGETAÇÃO",IF(COUNTIF(M12:O12,"X")<>1,"FALTA/DUPLA: ELEM. DE DRENAGEM",IF(COUNTIF(P12:R12,"X")<>1,"FALTA/DUPLA: SIN. HORIZ.",IF(COUNTIF(S12:U12,"X")<>1,"FALTA/DUPLA: SIN. VERTICAL","OK")))))) -> OK
A13: 110ETO0370 | B13: C | C13: 1 | D13: 2 | E13: =D13-C13 -> 1 | F13: X | K13: X | N13: X | Q13: X | T13: X | W13: =IF(COUNTA(F13:U13)=0,"— não preenchido",IF(COUNTIF(F13:J13,"X")<>1,"FALTA/DUPLA: CONDIÇÃO DO PAVIMENTO",IF(COUNTIF(K13:L13,"X")<>1,"FALTA/DUPLA: VEGETAÇÃO",IF(COUNTIF(M13:O13,"X")<>1,"FALTA/DUPLA: ELEM. DE DRENAGEM",IF(COUNTIF(P13:R13,"X")<>1,"FALTA/DUPLA: SIN. HORIZ.",IF(COUNTIF(S13:U13,"X")<>1,"FALTA/DUPLA: SIN. VERTICAL","OK")))))) -> OK
A14: 110ETO0370 | B14: C | C14: 2 | D14: 3 | E14: =D14-C14 -> 1 | F14: X | K14: X | N14: X | Q14: X | T14: X | W14: =IF(COUNTA(F14:U14)=0,"— não preenchido",IF(COUNTIF(F14:J14,"X")<>1,"FALTA/DUPLA: CONDIÇÃO DO PAVIMENTO",IF(COUNTIF(K14:L14,"X")<>1,"FALTA/DUPLA: VEGETAÇÃO",IF(COUNTIF(M14:O14,"X")<>1,"FALTA/DUPLA: ELEM. DE DRENAGEM",IF(COUNTIF(P14:R14,"X")<>1,"FALTA/DUPLA: SIN. HORIZ.",IF(COUNTIF(S14:U14,"X")<>1,"FALTA/DUPLA: SIN. VERTICAL","OK")))))) -> OK
A15: 110ETO0370 | B15: C | C15: 3 | D15: 4 | E15: =D15-C15 -> 1 | F15: X | K15: X | N15: X | Q15: X | T15: X | W15: =IF(COUNTA(F15:U15)=0,"— não preenchido",IF(COUNTIF(F15:J15,"X")<>1,"FALTA/DUPLA: CONDIÇÃO DO PAVIMENTO",IF(COUNTIF(K15:L15,"X")<>1,"FALTA/DUPLA: VEGETAÇÃO",IF(COUNTIF(M15:O15,"X")<>1,"FALTA/DUPLA: ELEM. DE DRENAGEM",IF(COUNTIF(P15:R15,"X")<>1,"FALTA/DUPLA: SIN. HORIZ.",IF(COUNTIF(S15:U15,"X")<>1,"FALTA/DUPLA: SIN. VERTICAL","OK")))))) -> OK
A16: 110ETO0370 | B16: C | C16: 4 | D16: 5 | E16: =D16-C16 -> 1 | F16: X | K16: X | N16: X | Q16: X | T16: X | W16: =IF(COUNTA(F16:U16)=0,"— não preenchido",IF(COUNTIF(F16:J16,"X")<>1,"FALTA/DUPLA: CONDIÇÃO DO PAVIMENTO",IF(COUNTIF(K16:L16,"X")<>1,"FALTA/DUPLA: VEGETAÇÃO",IF(COUNTIF(M16:O16,"X")<>1,"FALTA/DUPLA: ELEM. DE DRENAGEM",IF(COUNTIF(P16:R16,"X")<>1,"FALTA/DUPLA: SIN. HORIZ.",IF(COUNTIF(S16:U16,"X")<>1,"FALTA/DUPLA: SIN. VERTICAL","OK")))))) -> OK
A17: 110ETO0370 | B17: C | C17: 5 | D17: 6 | E17: =D17-C17 -> 1 | F17: X | K17: X | N17: X | Q17: X | T17: X | W17: =IF(COUNTA(F17:U17)=0,"— não preenchido",IF(COUNTIF(F17:J17,"X")<>1,"FALTA/DUPLA: CONDIÇÃO DO PAVIMENTO",IF(COUNTIF(K17:L17,"X")<>1,"FALTA/DUPLA: VEGETAÇÃO",IF(COUNTIF(M17:O17,"X")<>1,"FALTA/DUPLA: ELEM. DE DRENAGEM",IF(COUNTIF(P17:R17,"X")<>1,"FALTA/DUPLA: SIN. HORIZ.",IF(COUNTIF(S17:U17,"X")<>1,"FALTA/DUPLA: SIN. VERTICAL","OK")))))) -> OK
A18: 110ETO0370 | B18: C | C18: 6 | D18: 7 | E18: =D18-C18 -> 1 | F18: X | K18: X | N18: X | Q18: X | T18: X | W18: =IF(COUNTA(F18:U18)=0,"— não preenchido",IF(COUNTIF(F18:J18,"X")<>1,"FALTA/DUPLA: CONDIÇÃO DO PAVIMENTO",IF(COUNTIF(K18:L18,"X")<>1,"FALTA/DUPLA: VEGETAÇÃO",IF(COUNTIF(M18:O18,"X")<>1,"FALTA/DUPLA: ELEM. DE DRENAGEM",IF(COUNTIF(P18:R18,"X")<>1,"FALTA/DUPLA: SIN. HORIZ.",IF(COUNTIF(S18:U18,"X")<>1,"FALTA/DUPLA: SIN. VERTICAL","OK")))))) -> OK
A19: 110ETO0370 | B19: C | C19: 7 | D19: 8 | E19: =D19-C19 -> 1 | F19: X | K19: X | N19: X | Q19: X | T19: X | W19: =IF(COUNTA(F19:U19)=0,"— não preenchido",IF(COUNTIF(F19:J19,"X")<>1,"FALTA/DUPLA: CONDIÇÃO DO PAVIMENTO",IF(COUNTIF(K19:L19,"X")<>1,"FALTA/DUPLA: VEGETAÇÃO",IF(COUNTIF(M19:O19,"X")<>1,"FALTA/DUPLA: ELEM. DE DRENAGEM",IF(COUNTIF(P19:R19,"X")<>1,"FALTA/DUPLA: SIN. HORIZ.",IF(COUNTIF(S19:U19,"X")<>1,"FALTA/DUPLA: SIN. VERTICAL","OK")))))) -> OK
A20: 110ETO0370 | B20: C | C20: 8 | D20: 9 | E20: =D20-C20 -> 1 | F20: X | K20: X | N20: X | Q20: X | T20: X | W20: =IF(COUNTA(F20:U20)=0,"— não preenchido",IF(COUNTIF(F20:J20,"X")<>1,"FALTA/DUPLA: CONDIÇÃO DO PAVIMENTO",IF(COUNTIF(K20:L20,"X")<>1,"FALTA/DUPLA: VEGETAÇÃO",IF(COUNTIF(M20:O20,"X")<>1,"FALTA/DUPLA: ELEM. DE DRENAGEM",IF(COUNTIF(P20:R20,"X")<>1,"FALTA/DUPLA: SIN. HORIZ.",IF(COUNTIF(S20:U20,"X")<>1,"FALTA/DUPLA: SIN. VERTICAL","OK")))))) -> OK
A21: 110ETO0370 | B21: C | C21: 9 | D21: 10 | E21: =D21-C21 -> 1 | F21: X | K21: X | M21: X | P21: X | T21: X | W21: =IF(COUNTA(F21:U21)=0,"— não preenchido",IF(COUNTIF(F21:J21,"X")<>1,"FALTA/DUPLA: CONDIÇÃO DO PAVIMENTO",IF(COUNTIF(K21:L21,"X")<>1,"FALTA/DUPLA: VEGETAÇÃO",IF(COUNTIF(M21:O21,"X")<>1,"FALTA/DUPLA: ELEM. DE DRENAGEM",IF(COUNTIF(P21:R21,"X")<>1,"FALTA/DUPLA: SIN. HORIZ.",IF(COUNTIF(S21:U21,"X")<>1,"FALTA/DUPLA: SIN. VERTICAL","OK")))))) -> OK
A22: 110ETO0370 | B22: C | C22: 10 | D22: 10.290561 | E22: =D22-C22 -> 0.29056086 | F22: X | K22: X | M22: X | P22: X | T22: X | W22: =IF(COUNTA(F22:U22)=0,"— não preenchido",IF(COUNTIF(F22:J22,"X")<>1,"FALTA/DUPLA: CONDIÇÃO DO PAVIMENTO",IF(COUNTIF(K22:L22,"X")<>1,"FALTA/DUPLA: VEGETAÇÃO",IF(COUNTIF(M22:O22,"X")<>1,"FALTA/DUPLA: ELEM. DE DRENAGEM",IF(COUNTIF(P22:R22,"X")<>1,"FALTA/DUPLA: SIN. HORIZ.",IF(COUNTIF(S22:U22,"X")<>1,"FALTA/DUPLA: SIN. VERTICAL","OK")))))) -> OK
A23: ▲ AQUI HÁ 1.626 km FORA DO ESCOPO DO CONTRATO (perímetro urbano de jurisdição municipal). Você passa por ele, mas NÃO preenche.
A24: S.R.E. 110ETO0390 | NOVO ALEGRE *TRECHO URBANO* - DIV TO-GO | PPS · Estadual · 6.522 km · início: -12.917976, -46.572274
A25: 110ETO0390 | B25: C | C25: 0 | D25: 1 | E25: =D25-C25 -> 1 | F25: X | K25: X | N25: X | Q25: X | T25: X | V25: 6,52 km | W25: =IF(COUNTA(F25:U25)=0,"— não preenchido",IF(COUNTIF(F25:J25,"X")<>1,"FALTA/DUPLA: CONDIÇÃO DO PAVIMENTO",IF(COUNTIF(K25:L25,"X")<>1,"FALTA/DUPLA: VEGETAÇÃO",IF(COUNTIF(M25:O25,"X")<>1,"FALTA/DUPLA: ELEM. DE DRENAGEM",IF(COUNTIF(P25:R25,"X")<>1,"FALTA/DUPLA: SIN. HORIZ.",IF(COUNTIF(S25:U25,"X")<>1,"FALTA/DUPLA: SIN. VERTICAL","OK")))))) -> OK
A26: 110ETO0390 | B26: C | C26: 1 | D26: 2 | E26: =D26-C26 -> 1 | F26: X | K26: X | N26: X | Q26: X | T26: X | V26: 6,52 km | W26: =IF(COUNTA(F26:U26)=0,"— não preenchido",IF(COUNTIF(F26:J26,"X")<>1,"FALTA/DUPLA: CONDIÇÃO DO PAVIMENTO",IF(COUNTIF(K26:L26,"X")<>1,"FALTA/DUPLA: VEGETAÇÃO",IF(COUNTIF(M26:O26,"X")<>1,"FALTA/DUPLA: ELEM. DE DRENAGEM",IF(COUNTIF(P26:R26,"X")<>1,"FALTA/DUPLA: SIN. HORIZ.",IF(COUNTIF(S26:U26,"X")<>1,"FALTA/DUPLA: SIN. VERTICAL","OK")))))) -> OK
A27: 110ETO0390 | B27: C | C27: 2 | D27: 3 | E27: =D27-C27 -> 1 | F27: X | K27: X | N27: X | Q27: X | T27: X | V27: 6,52 km | W27: =IF(COUNTA(F27:U27)=0,"— não preenchido",IF(COUNTIF(F27:J27,"X")<>1,"FALTA/DUPLA: CONDIÇÃO DO PAVIMENTO",IF(COUNTIF(K27:L27,"X")<>1,"FALTA/DUPLA: VEGETAÇÃO",IF(COUNTIF(M27:O27,"X")<>1,"FALTA/DUPLA: ELEM. DE DRENAGEM",IF(COUNTIF(P27:R27,"X")<>1,"FALTA/DUPLA: SIN. HORIZ.",IF(COUNTIF(S27:U27,"X")<>1,"FALTA/DUPLA: SIN. VERTICAL","OK")))))) -> OK
