Workbook

Sheet OS SETEMBRO
A1: ORDENS DE SERVIÇO MEDIDAS EM SETEMBRO/2026
A2: REGIÃO 11 — RODOVIAS PAVIMENTADAS · Fonte: Geoportal RTA-MSI (geoportal-ordens-servico.vercel.app), consultado em 02/10/2026
A3: Os trechos abaixo estão com a ABA EM LARANJA e uma nota no título do trecho (A3). As condições desta ficha foram copiadas de AGOSTO/2026: atualizar em campo, com atenção especial a estes trechos.
A5: TRECHO (ABA) | B5: RODOVIA / TRECHO | C5: OSP | D5: CONTRATO | E5: TIPO | F5: SERVIÇOS (resumo do geoportal) | G5: SITUAÇÃO | H5: MEDIÇÃO DO MÊS | I5: VALOR MEDIDO NO MÊS | J5: % EXEC. DA OS | K5: PRAZO LIMITE
A6: 209 | B6: RODOVIA TO-181 - TRECHO FAZENDA COBRAPE - ENTR. BR-242 | C6: 6 | D6: 042.2025 | E6: Restauração | F6: Reciclagem com adição de brita comercial e... / Brita 1 (+23 itens) | G6: Em andamento | H6: nº 4 — 01/09/2026 a 30/09/2026 | I6: 3030639.6 | J6: 36.3 | K6: Novembro/2026
H7: TOTAL MEDIDO NO MÊS | I7: =SUM(I6:I6) -> 3030639.6

Sheet RESUMO
A1: RESUMO CONSOLIDADO — REGIÃO 1 — RODOVIAS PAVIMENTADAS | V1: Valores dos gráficos — troca 0 por N/D para a fatia não aparecer. Não editar.
A2: Todos os números vêm das abas dos trechos por referência direta. Não digite nada aqui. A coluna CONFERÊNCIA acusa qualquer trecho em que a soma das marcações não fecha com a extensão. | V2: =IF(D19=0,NA(),D19) -> 210.44531 | W2: =IF(E19=0,NA(),E19) -> 258.41381 | X2: =IF(F19=0,NA(),F19) -> 88.536188 | Y2: =IF(G19=0,NA(),G19) -> 6 | Z2: =IF(H19=0,NA(),H19) -> #N/A | AA2: =IF(I19=0,NA(),I19) -> 485.17607 | AB2: =IF(J19=0,NA(),J19) -> 78.21924 | AC2: =IF(K19=0,NA(),K19) -> 23.666004 | ... AK2: =IF(S19=0,NA(),S19) -> 137.21243
A4: Nº TRECHO | B4: TRECHO | C4: EXTENSÃO (KM) | D4: CONDIÇÃO DO PAVIMENTO | I4: VEGETAÇÃO | K4: ELEM. DE DRENAGEM | N4: SIN. HORIZ. | Q4: SIN. VERTICAL | T4: CONFERÊNCIA
D5: BOM | E5: REM. I. | F5: REM. L. | G5: BUR. I. | H5: BUR. L. | I5: ADEQ. | J5: INAD. | K5: LIMPOS | L5: SUJOS | M5: DAN. | N5: BOM | O5: REG. | P5: INEXIST. | Q5: BOM | R5: POUCAS | S5: INEXIST.
A6: 202 | B6: RODOVIA TO-070 - TRECHO SANDOLÂNDIA - FORMOSO DO ARAGUAIA | C6: ='202'!R126 -> 102.39693 | D6: ='202'!F123 -> 0 | E6: ='202'!G123 -> 81.396931 | F6: ='202'!H123 -> 19 | G6: ='202'!I123 -> 2 | H6: ='202'!J123 -> 0 | I6: ='202'!K123 -> 25.15782 | J6: ='202'!L123 -> 77.239111 | K6: ='202'!M123 -> 0 | ... S6: ='202'!U123 -> 0 | T6: =IF(SUM(D6:H6)=0,"— não preenchido",IF(ROUND(SUM(D6:H6)-C6,3)=0,"OK","ERRO — dif. de "&ROUND(SUM(D6:H6)-C6,3)&" km")) -> OK
A7: 203 | B7: RODOVIA TO-373 - TRECHO ALVORADA - ARAGUAÇU - PERÍMETRO URBANO | C7: ='203'!R18 -> 0.99985589 | D7: ='203'!F15 -> 0 | E7: ='203'!G15 -> 0 | F7: ='203'!H15 -> 0.99985589 | G7: ='203'!I15 -> 0 | H7: ='203'!J15 -> 0 | I7: ='203'!K15 -> 0.99985589 | J7: ='203'!L15 -> 0 | K7: ='203'!M15 -> 0.99985589 | ... S7: ='203'!U15 -> 0 | T7: =IF(SUM(D7:H7)=0,"— não preenchido",IF(ROUND(SUM(D7:H7)-C7,3)=0,"OK","ERRO — dif. de "&ROUND(SUM(D7:H7)-C7,3)&" km")) -> OK
A8: 204 | B8: RODOVIA TO-070 - TRECHO ALIANÇA DO TOCANTINS - BREJINHO DE NAZARÉ | C8: ='204'!R78 -> 59.745612 | D8: ='204'!F75 -> 0 | E8: ='204'!G75 -> 56 | F8: ='204'!H75 -> 3.7456118 | G8: ='204'!I75 -> 0 | H8: ='204'!J75 -> 0 | I8: ='204'!K75 -> 59.745612 | J8: ='204'!L75 -> 0 | K8: ='204'!M75 -> 0.99026288 | ... S8: ='204'!U75 -> 0 | T8: =IF(SUM(D8:H8)=0,"— não preenchido",IF(ROUND(SUM(D8:H8)-C8,3)=0,"OK","ERRO — dif. de "&ROUND(SUM(D8:H8)-C8,3)&" km")) -> OK
A9: 205 | B9: RODOVIA TO-070 - TRECHO DUERÉ - ALIANÇA DO TOCANTINS | C9: ='205'!R67 -> 46.836116 | D9: ='205'!F64 -> 27.836116 | E9: ='205'!G64 -> 9 | F9: ='205'!H64 -> 10 | G9: ='205'!I64 -> 0 | H9: ='205'!J64 -> 0 | I9: ='205'!K64 -> 46.836116 | J9: ='205'!L64 -> 0 | K9: ='205'!M64 -> 0 | ... S9: ='205'!U64 -> 0 | T9: =IF(SUM(D9:H9)=0,"— não preenchido",IF(ROUND(SUM(D9:H9)-C9,3)=0,"OK","ERRO — dif. de "&ROUND(SUM(D9:H9)-C9,3)&" km")) -> OK
A10: 206 | B10: RODOVIA TO-070 - TRECHO FORMOSO DO ARAGUAIA - DUERÉ | C10: ='206'!R86 -> 64.925691 | D10: ='206'!F83 -> 6 | E10: ='206'!G83 -> 48.790985 | F10: ='206'!H83 -> 10.134706 | G10: ='206'!I83 -> 0 | H10: ='206'!J83 -> 0 | I10: ='206'!K83 -> 64.925691 | J10: ='206'!L83 -> 0 | K10: ='206'!M83 -> 0 | ... S10: ='206'!U83 -> 3.1347063 | T10: =IF(SUM(D10:H10)=0,"— não preenchido",IF(ROUND(SUM(D10:H10)-C10,3)=0,"OK","ERRO — dif. de "&ROUND(SUM(D10:H10)-C10,3)&" km")) -> OK
A11: 209 | B11: RODOVIA TO-181 - TRECHO FAZENDA COBRAPE - ENTR. BR-242 | C11: ='209'!R55 -> 35.675885 | D11: ='209'!F52 -> 13 | E11: ='209'!G52 -> 6 | F11: ='209'!H52 -> 16.675885 | G11: ='209'!I52 -> 0 | H11: ='209'!J52 -> 0 | I11: ='209'!K52 -> 35.675885 | J11: ='209'!L52 -> 0 | K11: ='209'!M52 -> 19.675885 | ... S11: ='209'!U52 -> 35.675885 | T11: =IF(SUM(D11:H11)=0,"— não preenchido",IF(ROUND(SUM(D11:H11)-C11,3)=0,"OK","ERRO — dif. de "&ROUND(SUM(D11:H11)-C11,3)&" km")) -> OK
A12: 210 | B12: RODOVIA TO-181 - TRECHO ENTR. BR-242 - FUNDAÇÃO BRADESCO | C12: ='210'!R44 -> 26.160325 | D12: ='210'!F41 -> 1 | E12: ='210'!G41 -> 9.1603248 | F12: ='210'!H41 -> 16 | G12: ='210'!I41 -> 0 | H12: ='210'!J41 -> 0 | I12: ='210'!K41 -> 26.160325 | J12: ='210'!L41 -> 0 | K12: ='210'!M41 -> 1 | ... S12: ='210'!U41 -> 25 | T12: =IF(SUM(D12:H12)=0,"— não preenchido",IF(ROUND(SUM(D12:H12)-C12,3)=0,"OK","ERRO — dif. de "&ROUND(SUM(D12:H12)-C12,3)&" km")) -> OK
A13: 212 | B13: RODOVIA TO-181 - TRECHO ARAGUAÇU - SANDOLÂNDIA | C13: ='212'!R66 -> 48.649724 | D13: ='212'!F63 -> 0 | E13: ='212'!G63 -> 35.649724 | F13: ='212'!H63 -> 9 | G13: ='212'!I63 -> 4 | H13: ='212'!J63 -> 0 | I13: ='212'!K63 -> 48.649724 | J13: ='212'!L63 -> 0 | K13: ='212'!M63 -> 0 | ... S13: ='212'!U63 -> 0 | T13: =IF(SUM(D13:H13)=0,"— não preenchido",IF(ROUND(SUM(D13:H13)-C13,3)=0,"OK","ERRO — dif. de "&ROUND(SUM(D13:H13)-C13,3)&" km")) -> OK
A14: 214 | B14: RODOVIA TO-362 - TRECHO SANTA RITA DO TOCANTINS - BREJINHO DE NAZARÉ | C14: ='214'!R18 -> 0.37470222 | D14: ='214'!F15 -> 0 | E14: ='214'!G15 -> 0.37470222 | F14: ='214'!H15 -> 0 | G14: ='214'!I15 -> 0 | H14: ='214'!J15 -> 0 | I14: ='214'!K15 -> 0.37470222 | J14: ='214'!L15 -> 0 | K14: ='214'!M15 -> 0 | ... S14: ='214'!U15 -> 0 | T14: =IF(SUM(D14:H14)=0,"— não preenchido",IF(ROUND(SUM(D14:H14)-C14,3)=0,"OK","ERRO — dif. de "&ROUND(SUM(D14:H14)-C14,3)&" km")) -> OK
A15: 218 | B15: RODOVIA TO-373 - TRECHO ALVORADA - ARAGUAÇU - DIVISA TO-GO | C15: ='218'!R133 -> 112.30914 | D15: ='218'!F130 -> 112.30914 | E15: ='218'!G130 -> 0 | F15: ='218'!H130 -> 0 | G15: ='218'!I130 -> 0 | H15: ='218'!J130 -> 0 | I15: ='218'!K130 -> 112.30914 | J15: ='218'!L130 -> 0 | K15: ='218'!M130 -> 0 | ... S15: ='218'!U130 -> 17.060642 | T15: =IF(SUM(D15:H15)=0,"— não preenchido",IF(ROUND(SUM(D15:H15)-C15,3)=0,"OK","ERRO — dif. de "&ROUND(SUM(D15:H15)-C15,3)&" km")) -> OK
A16: 219 | B16: RODOVIA TO-374 - TRECHO DUERÉ - GURUPI | C16: ='219'!R68 -> 50.300052 | D16: ='219'!F65 -> 50.300052 | E16: ='219'!G65 -> 0 | F16: ='219'!H65 -> 0 | G16: ='219'!I65 -> 0 | H16: ='219'!J65 -> 0 | I16: ='219'!K65 -> 50.300052 | J16: ='219'!L65 -> 0 | K16: ='219'!M65 -> 0 | ... S16: ='219'!U65 -> 46.300052 | T16: =IF(SUM(D16:H16)=0,"— não preenchido",IF(ROUND(SUM(D16:H16)-C16,3)=0,"OK","ERRO — dif. de "&ROUND(SUM(D16:H16)-C16,3)&" km")) -> OK
A17: 220 | B17: RODOVIA TO-460 - TRECHO BR-242 (VILA QUIXABA) - SUCUPIRA | C17: ='220'!R32 -> 14.041142 | D17: ='220'!F29 -> 0 | E17: ='220'!G29 -> 12.041142 | F17: ='220'!H29 -> 2 | G17: ='220'!I29 -> 0 | H17: ='220'!J29 -> 0 | I17: ='220'!K29 -> 14.041142 | J17: ='220'!L29 -> 0 | K17: ='220'!M29 -> 1 | ... S17: ='220'!U29 -> 10.041142 | T17: =IF(SUM(D17:H17)=0,"— não preenchido",IF(ROUND(SUM(D17:H17)-C17,3)=0,"OK","ERRO — dif. de "&ROUND(SUM(D17:H17)-C17,3)&" km")) -> OK
A18: 222 | B18: RODOVIA TO-483 - TRECHO SUCUPIRA - FIGUEIRÓPOLIS | C18: ='222'!R18 -> 0.98012925 | D18: ='222'!F15 -> 0 | E18: ='222'!G15 -> 0 | F18: ='222'!H15 -> 0.98012925 | G18: ='222'!I15 -> 0 | H18: ='222'!J15 -> 0 | I18: ='222'!K15 -> 0 | J18: ='222'!L15 -> 0.98012925 | K18: ='222'!M15 -> 0 | ... S18: ='222'!U15 -> 0 | T18: =IF(SUM(D18:H18)=0,"— não preenchido",IF(ROUND(SUM(D18:H18)-C18,3)=0,"OK","ERRO — dif. de "&ROUND(SUM(D18:H18)-C18,3)&" km")) -> OK
B19: TOTAL PERCORRIDO NO MÊS | C19: =SUM(C6:C18) -> 563.39531 | D19: =SUM(D6:D18) -> 210.44531 | E19: =SUM(E6:E18) -> 258.41381 | F19: =SUM(F6:F18) -> 88.536188 | G19: =SUM(G6:G18) -> 6 | H19: =SUM(H6:H18) -> 0 | I19: =SUM(I6:I18) -> 485.17607 | J19: =SUM(J6:J18) -> 78.21924 | ... S19: =SUM(S6:S18) -> 137.21243
B20: % DA EXTENSÃO DA MALHA (563.40 km) | D20: =SUM(D19:H19)/563.4 -> 0.99999168 | I20: (soma do grupo 'CONDIÇÃO DO PAVIMENTO' dividida pela malha)

Sheet 202
A1: PROGRAMA DE MANUTENÇÃO RODOVIÁRIA — FICHA DE INSPEÇÃO — RODOVIAS PAVIMENTADAS | Y1: Valores dos gráficos — troca 0 por N/D para a fatia não aparecer. Não editar.
A2: REGIÃO: 11 — GURUPI | G2: MÊS / ANO: | I2: 46266 | K2: DATA: | P2: TÉCNICO: | R2: ENG. THIAGO BORGES TORQUATO | Y2: =IF(F123=0,NA(),F123) -> #N/A | Z2: =IF(G123=0,NA(),G123) -> 81.396931 | AA2: =IF(H123=0,NA(),H123) -> 19 | AB2: =IF(I123=0,NA(),I123) -> 2 | AC2: =IF(J123=0,NA(),J123) -> #N/A | AD2: =IF(K123=0,NA(),K123) -> 25.15782 | AE2: =IF(L123=0,NA(),L123) -> 77.239111 | AF2: =IF(M123=0,NA(),M123) -> #N/A | ... AN2: =IF(U123=0,NA(),U123) -> #N/A
A3: TRECHO 202 — RODOVIA TO-070 - TRECHO SANDOLÂNDIA - FORMOSO DO ARAGUAIA | T3: EXTENSÃO: 102,397 km · 4 S.R.E.
A4: COMO PREENCHER: uma X em UMA coluna de cada grupo, por linha. Se houver mais de um defeito no mesmo km, marque o PREDOMINANTE e escreva o resto em OBSERVAÇÕES. A quilometragem é contada de 0 até o fim de CADA S.R.E. (não é o marco da rodovia).
A6: S.R.E. | B6: SENT. | C6: INÍCIO (KM) | D6: FIM (KM) | E6: EXT. (KM) | F6: CONDIÇÃO DO PAVIMENTO | K6: VEGETAÇÃO | M6: ELEM. DE DRENAGEM | P6: SIN. HORIZ. | S6: SIN. VERTICAL | V6: OBSERVAÇÕES | W6: CONFERÊNCIA (só na tela)
F7: BOM | G7: REM. I. | H7: REM. L. | I7: BUR. I. | J7: BUR. L. | K7: ADEQ. | L7: INAD. | M7: LIMPOS | N7: SUJOS | O7: DAN. | P7: BOM | Q7: REG. | R7: INEXIST. | S7: BOM | T7: POUCAS | U7: INEXIST.
A8: S.R.E. 181ETO0171 | PERÍMETRO URBANO DE SANDOLÂNDIA | PSU · Municipal · 1.147 km · sem coordenada no shape
A9: 181ETO0171 | B9: C | C9: 0 | D9: 1 | E9: =D9-C9 -> 1 | G9: X | K9: X | N9: X | Q9: X | T9: X | W9: =IF(COUNTA(F9:U9)=0,"— não preenchido",IF(COUNTIF(F9:J9,"X")<>1,"FALTA/DUPLA: CONDIÇÃO DO PAVIMENTO",IF(COUNTIF(K9:L9,"X")<>1,"FALTA/DUPLA: VEGETAÇÃO",IF(COUNTIF(M9:O9,"X")<>1,"FALTA/DUPLA: ELEM. DE DRENAGEM",IF(COUNTIF(P9:R9,"X")<>1,"FALTA/DUPLA: SIN. HORIZ.",IF(COUNTIF(S9:U9,"X")<>1,"FALTA/DUPLA: SIN. VERTICAL","OK")))))) -> OK
A10: 181ETO0171 | B10: C | C10: 1 | D10: 1.1468163 | E10: =D10-C10 -> 0.14681629 | G10: X | K10: X | N10: X | Q10: X | T10: X | W10: =IF(COUNTA(F10:U10)=0,"— não preenchido",IF(COUNTIF(F10:J10,"X")<>1,"FALTA/DUPLA: CONDIÇÃO DO PAVIMENTO",IF(COUNTIF(K10:L10,"X")<>1,"FALTA/DUPLA: VEGETAÇÃO",IF(COUNTIF(M10:O10,"X")<>1,"FALTA/DUPLA: ELEM. DE DRENAGEM",IF(COUNTIF(P10:R10,"X")<>1,"FALTA/DUPLA: SIN. HORIZ.",IF(COUNTIF(S10:U10,"X")<>1,"FALTA/DUPLA: SIN. VERTICAL","OK")))))) -> OK
A11: ▲ AQUI HÁ 5.577 km FORA DO ESCOPO DO CONTRATO (perímetro urbano de jurisdição municipal). Você passa por ele, mas NÃO preenche.
A12: S.R.E. 070ETO0230 | ENTR. BR-242 (FORMOSO DO ARAGUAIA ) - DORILÂNDIA | PPS · Estadual · 59.748 km · início: -11.809321, -49.533811
A13: 070ETO0230 | B13: C | C13: 0 | D13: 1 | E13: =D13-C13 -> 1 | G13: X | L13: X | N13: X | Q13: X | T13: X | W13: =IF(COUNTA(F13:U13)=0,"— não preenchido",IF(COUNTIF(F13:J13,"X")<>1,"FALTA/DUPLA: CONDIÇÃO DO PAVIMENTO",IF(COUNTIF(K13:L13,"X")<>1,"FALTA/DUPLA: VEGETAÇÃO",IF(COUNTIF(M13:O13,"X")<>1,"FALTA/DUPLA: ELEM. DE DRENAGEM",IF(COUNTIF(P13:R13,"X")<>1,"FALTA/DUPLA: SIN. HORIZ.",IF(COUNTIF(S13:U13,"X")<>1,"FALTA/DUPLA: SIN. VERTICAL","OK")))))) -> OK
A14: 070ETO0230 | B14: C | C14: 1 | D14: 2 | E14: =D14-C14 -> 1 | G14: X | L14: X | N14: X | Q14: X | T14: X | W14: =IF(COUNTA(F14:U14)=0,"— não preenchido",IF(COUNTIF(F14:J14,"X")<>1,"FALTA/DUPLA: CONDIÇÃO DO PAVIMENTO",IF(COUNTIF(K14:L14,"X")<>1,"FALTA/DUPLA: VEGETAÇÃO",IF(COUNTIF(M14:O14,"X")<>1,"FALTA/DUPLA: ELEM. DE DRENAGEM",IF(COUNTIF(P14:R14,"X")<>1,"FALTA/DUPLA: SIN. HORIZ.",IF(COUNTIF(S14:U14,"X")<>1,"FALTA/DUPLA: SIN. VERTICAL","OK")))))) -> OK
A15: 070ETO0230 | B15: C | C15: 2 | D15: 3 | E15: =D15-C15 -> 1 | H15: X | L15: X | N15: X | Q15: X | T15: X | W15: =IF(COUNTA(F15:U15)=0,"— não preenchido",IF(COUNTIF(F15:J15,"X")<>1,"FALTA/DUPLA: CONDIÇÃO DO PAVIMENTO",IF(COUNTIF(K15:L15,"X")<>1,"FALTA/DUPLA: VEGETAÇÃO",IF(COUNTIF(M15:O15,"X")<>1,"FALTA/DUPLA: ELEM. DE DRENAGEM",IF(COUNTIF(P15:R15,"X")<>1,"FALTA/DUPLA: SIN. HORIZ.",IF(COUNTIF(S15:U15,"X")<>1,"FALTA/DUPLA: SIN. VERTICAL","OK")))))) -> OK
A16: 070ETO0230 | B16: C | C16: 3 | D16: 4 | E16: =D16-C16 -> 1 | G16: X | L16: X | N16: X | Q16: X | T16: X | W16: =IF(COUNTA(F16:U16)=0,"— não preenchido",IF(COUNTIF(F16:J16,"X")<>1,"FALTA/DUPLA: CONDIÇÃO DO PAVIMENTO",IF(COUNTIF(K16:L16,"X")<>1,"FALTA/DUPLA: VEGETAÇÃO",IF(COUNTIF(M16:O16,"X")<>1,"FALTA/DUPLA: ELEM. DE DRENAGEM",IF(COUNTIF(P16:R16,"X")<>1,"FALTA/DUPLA: SIN. HORIZ.",IF(COUNTIF(S16:U16,"X")<>1,"FALTA/DUPLA: SIN. VERTICAL","OK")))))) -> OK
A17: 070ETO0230 | B17: C | C17: 4 | D17: 5 | E17: =D17-C17 -> 1 | H17: X | L17: X | N17: X | Q17: X | T17: X | W17: =IF(COUNTA(F17:U17)=0,"— não preenchido",IF(COUNTIF(F17:J17,"X")<>1,"FALTA/DUPLA: CONDIÇÃO DO PAVIMENTO",IF(COUNTIF(K17:L17,"X")<>1,"FALTA/DUPLA: VEGETAÇÃO",IF(COUNTIF(M17:O17,"X")<>1,"FALTA/DUPLA: ELEM. DE DRENAGEM",IF(COUNTIF(P17:R17,"X")<>1,"FALTA/DUPLA: SIN. HORIZ.",IF(COUNTIF(S17:U17,"X")<>1,"FALTA/DUPLA: SIN. VERTICAL","OK")))))) -> OK
A18: 070ETO0230 | B18: C | C18: 5 | D18: 6 | E18: =D18-C18 -> 1 | G18: X | L18: X | N18: X | Q18: X | T18: X | W18: =IF(COUNTA(F18:U18)=0,"— não preenchido",IF(COUNTIF(F18:J18,"X")<>1,"FALTA/DUPLA: CONDIÇÃO DO PAVIMENTO",IF(COUNTIF(K18:L18,"X")<>1,"FALTA/DUPLA: VEGETAÇÃO",IF(COUNTIF(M18:O18,"X")<>1,"FALTA/DUPLA: ELEM. DE DRENAGEM",IF(COUNTIF(P18:R18,"X")<>1,"FALTA/DUPLA: SIN. HORIZ.",IF(COUNTIF(S18:U18,"X")<>1,"FALTA/DUPLA: SIN. VERTICAL","OK")))))) -> OK
A19: 070ETO0230 | B19: C | C19: 6 | D19: 7 | E19: =D19-C19 -> 1 | G19: X | L19: X | N19: X | Q19: X | T19: X | W19: =IF(COUNTA(F19:U19)=0,"— não preenchido",IF(COUNTIF(F19:J19,"X")<>1,"FALTA/DUPLA: CONDIÇÃO DO PAVIMENTO",IF(COUNTIF(K19:L19,"X")<>1,"FALTA/DUPLA: VEGETAÇÃO",IF(COUNTIF(M19:O19,"X")<>1,"FALTA/DUPLA: ELEM. DE DRENAGEM",IF(COUNTIF(P19:R19,"X")<>1,"FALTA/DUPLA: SIN. HORIZ.",IF(COUNTIF(S19:U19,"X")<>1,"FALTA/DUPLA: SIN. VERTICAL","OK")))))) -> OK
A20: 070ETO0230 | B20: C | C20: 7 | D20: 8 | E20: =D20-C20 -> 1 | I20: X | L20: X | N20: X | Q20: X | T20: X | W20: =IF(COUNTA(F20:U20)=0,"— não preenchido",IF(COUNTIF(F20:J20,"X")<>1,"FALTA/DUPLA: CONDIÇÃO DO PAVIMENTO",IF(COUNTIF(K20:L20,"X")<>1,"FALTA/DUPLA: VEGETAÇÃO",IF(COUNTIF(M20:O20,"X")<>1,"FALTA/DUPLA: ELEM. DE DRENAGEM",IF(COUNTIF(P20:R20,"X")<>1,"FALTA/DUPLA: SIN. HORIZ.",IF(COUNTIF(S20:U20,"X")<>1,"FALTA/DUPLA: SIN. VERTICAL","OK")))))) -> OK
A21: 070ETO0230 | B21: C | C21: 8 | D21: 9 | E21: =D21-C21 -> 1 | G21: X | L21: X | N21: X | Q21: X | T21: X | W21: =IF(COUNTA(F21:U21)=0,"— não preenchido",IF(COUNTIF(F21:J21,"X")<>1,"FALTA/DUPLA: CONDIÇÃO DO PAVIMENTO",IF(COUNTIF(K21:L21,"X")<>1,"FALTA/DUPLA: VEGETAÇÃO",IF(COUNTIF(M21:O21,"X")<>1,"FALTA/DUPLA: ELEM. DE DRENAGEM",IF(COUNTIF(P21:R21,"X")<>1,"FALTA/DUPLA: SIN. HORIZ.",IF(COUNTIF(S21:U21,"X")<>1,"FALTA/DUPLA: SIN. VERTICAL","OK")))))) -> OK
A22: 070ETO0230 | B22: C | C22: 9 | D22: 10 | E22: =D22-C22 -> 1 | G22: X | L22: X | N22: X | Q22: X | T22: X | W22: =IF(COUNTA(F22:U22)=0,"— não preenchido",IF(COUNTIF(F22:J22,"X")<>1,"FALTA/DUPLA: CONDIÇÃO DO PAVIMENTO",IF(COUNTIF(K22:L22,"X")<>1,"FALTA/DUPLA: VEGETAÇÃO",IF(COUNTIF(M22:O22,"X")<>1,"FALTA/DUPLA: ELEM. DE DRENAGEM",IF(COUNTIF(P22:R22,"X")<>1,"FALTA/DUPLA: SIN. HORIZ.",IF(COUNTIF(S22:U22,"X")<>1,"FALTA/DUPLA: SIN. VERTICAL","OK")))))) -> OK
A23: 070ETO0230 | B23: C | C23: 10 | D23: 11 | E23: =D23-C23 -> 1 | G23: X | L23: X | N23: X | Q23: X | T23: X | W23: =IF(COUNTA(F23:U23)=0,"— não preenchido",IF(COUNTIF(F23:J23,"X")<>1,"FALTA/DUPLA: CONDIÇÃO DO PAVIMENTO",IF(COUNTIF(K23:L23,"X")<>1,"FALTA/DUPLA: VEGETAÇÃO",IF(COUNTIF(M23:O23,"X")<>1,"FALTA/DUPLA: ELEM. DE DRENAGEM",IF(COUNTIF(P23:R23,"X")<>1,"FALTA/DUPLA: SIN. HORIZ.",IF(COUNTIF(S23:U23,"X")<>1,"FALTA/DUPLA: SIN. VERTICAL","OK")))))) -> OK
A24: 070ETO0230 | B24: C | C24: 11 | D24: 12 | E24: =D24-C24 -> 1 | I24: X | L24: X | N24: X | Q24: X | T24: X | W24: =IF(COUNTA(F24:U24)=0,"— não preenchido",IF(COUNTIF(F24:J24,"X")<>1,"FALTA/DUPLA: CONDIÇÃO DO PAVIMENTO",IF(COUNTIF(K24:L24,"X")<>1,"FALTA/DUPLA: VEGETAÇÃO",IF(COUNTIF(M24:O24,"X")<>1,"FALTA/DUPLA: ELEM. DE DRENAGEM",IF(COUNTIF(P24:R24,"X")<>1,"FALTA/DUPLA: SIN. HORIZ.",IF(COUNTIF(S24:U24,"X")<>1,"FALTA/DUPLA: SIN. VERTICAL","OK")))))) -> OK
A25: 070ETO0230 | B25: C | C25: 12 | D25: 13 | E25: =D25-C25 -> 1 | G25: X | L25: X | N25: X | Q25: X | T25: X | W25: =IF(COUNTA(F25:U25)=0,"— não preenchido",IF(COUNTIF(F25:J25,"X")<>1,"FALTA/DUPLA: CONDIÇÃO DO PAVIMENTO",IF(COUNTIF(K25:L25,"X")<>1,"FALTA/DUPLA: VEGETAÇÃO",IF(COUNTIF(M25:O25,"X")<>1,"FALTA/DUPLA: ELEM. DE DRENAGEM",IF(COUNTIF(P25:R25,"X")<>1,"FALTA/DUPLA: SIN. HORIZ.",IF(COUNTIF(S25:U25,"X")<>1,"FALTA/DUPLA: SIN. VERTICAL","OK")))))) -> OK
A26: 070ETO0230 | B26: C | C26: 13 | D26: 14 | E26: =D26-C26 -> 1 | G26: X | L26: X | N26: X | Q26: X | T26: X | W26: =IF(COUNTA(F26:U26)=0,"— não preenchido",IF(COUNTIF(F26:J26,"X")<>1,"FALTA/DUPLA: CONDIÇÃO DO PAVIMENTO",IF(COUNTIF(K26:L26,"X")<>1,"FALTA/DUPLA: VEGETAÇÃO",IF(COUNTIF(M26:O26,"X")<>1,"FALTA/DUPLA: ELEM. DE DRENAGEM",IF(COUNTIF(P26:R26,"X")<>1,"FALTA/DUPLA: SIN. HORIZ.",IF(COUNTIF(S26:U26,"X")<>1,"FALTA/DUPLA: SIN. VERTICAL","OK")))))) -> OK
A27: 070ETO0230 | B27: C | C27: 14 | D27: 15 | E27: =D27-C27 -> 1 | G27: X | L27: X | N27: X | Q27: X | T27: X | W27: =IF(COUNTA(F27:U27)=0,"— não preenchido",IF(COUNTIF(F27:J27,"X")<>1,"FALTA/DUPLA: CONDIÇÃO DO PAVIMENTO",IF(COUNTIF(K27:L27,"X")<>1,"FALTA/DUPLA: VEGETAÇÃO",IF(COUNTIF(M27:O27,"X")<>1,"FALTA/DUPLA: ELEM. DE DRENAGEM",IF(COUNTIF(P27:R27,"X")<>1,"FALTA/DUPLA: SIN. HORIZ.",IF(COUNTIF(S27:U27,"X")<>1,"FALTA/DUPLA: SIN. VERTICAL","OK")))))) -> OK
A28: 070ETO0230 | B28: C | C28: 15 | D28: 16 | E28: =D28-C28 -> 1 | G28: X | L28: X | N28: X | Q28: X | T28: X | W28: =IF(COUNTA(F28:U28)=0,"— não preenchido",IF(COUNTIF(F28:J28,"X")<>1,"FALTA/DUPLA: CONDIÇÃO DO PAVIMENTO",IF(COUNTIF(K28:L28,"X")<>1,"FALTA/DUPLA: VEGETAÇÃO",IF(COUNTIF(M28:O28,"X")<>1,"FALTA/DUPLA: ELEM. DE DRENAGEM",IF(COUNTIF(P28:R28,"X")<>1,"FALTA/DUPLA: SIN. HORIZ.",IF(COUNTIF(S28:U28,"X")<>1,"FALTA/DUPLA: SIN. VERTICAL","OK")))))) -> OK
A29: 070ETO0230 | B29: C | C29: 16 | D29: 17 | E29: =D29-C29 -> 1 | G29: X | L29: X | N29: X | Q29: X | T29: X | W29: =IF(COUNTA(F29:U29)=0,"— não preenchido",IF(COUNTIF(F29:J29,"X")<>1,"FALTA/DUPLA: CONDIÇÃO DO PAVIMENTO",IF(COUNTIF(K29:L29,"X")<>1,"FALTA/DUPLA: VEGETAÇÃO",IF(COUNTIF(M29:O29,"X")<>1,"FALTA/DUPLA: ELEM. DE DRENAGEM",IF(COUNTIF(P29:R29,"X")<>1,"FALTA/DUPLA: SIN. HORIZ.",IF(COUNTIF(S29:U29,"X")<>1,"FALTA/DUPLA: SIN. VERTICAL","OK")))))) -> OK
A30: 070ETO0230 | B30: C | C30: 17 | D30: 18 | E30: =D30-C30 -> 1 | G30: X | L30: X | N30: X | Q30: X | T30: X | W30: =IF(COUNTA(F30:U30)=0,"— não preenchido",IF(COUNTIF(F30:J30,"X")<>1,"FALTA/DUPLA: CONDIÇÃO DO PAVIMENTO",IF(COUNTIF(K30:L30,"X")<>1,"FALTA/DUPLA: VEGETAÇÃO",IF(COUNTIF(M30:O30,"X")<>1,"FALTA/DUPLA: ELEM. DE DRENAGEM",IF(COUNTIF(P30:R30,"X")<>1,"FALTA/DUPLA: SIN. HORIZ.",IF(COUNTIF(S30:U30,"X")<>1,"FALTA/DUPLA: SIN. VERTICAL","OK")))))) -> OK
A31: 070ETO0230 | B31: C | C31: 18 | D31: 19 | E31: =D31-C31 -> 1 | G31: X | L31: X | N31: X | Q31: X | T31: X | W31: =IF(COUNTA(F31:U31)=0,"— não preenchido",IF(COUNTIF(F31:J31,"X")<>1,"FALTA/DUPLA: CONDIÇÃO DO PAVIMENTO",IF(COUNTIF(K31:L31,"X")<>1,"FALTA/DUPLA: VEGETAÇÃO",IF(COUNTIF(M31:O31,"X")<>1,"FALTA/DUPLA: ELEM. DE DRENAGEM",IF(COUNTIF(P31:R31,"X")<>1,"FALTA/DUPLA: SIN. HORIZ.",IF(COUNTIF(S31:U31,"X")<>1,"FALTA/DUPLA: SIN. VERTICAL","OK")))))) -> OK
A32: 070ETO0230 | B32: C | C32: 19 | D32: 20 | E32: =D32-C32 -> 1 | G32: X | L32: X | N32: X | Q32: X | T32: X | W32: =IF(COUNTA(F32:U32)=0,"— não preenchido",IF(COUNTIF(F32:J32,"X")<>1,"FALTA/DUPLA: CONDIÇÃO DO PAVIMENTO",IF(COUNTIF(K32:L32,"X")<>1,"FALTA/DUPLA: VEGETAÇÃO",IF(COUNTIF(M32:O32,"X")<>1,"FALTA/DUPLA: ELEM. DE DRENAGEM",IF(COUNTIF(P32:R32,"X")<>1,"FALTA/DUPLA: SIN. HORIZ.",IF(COUNTIF(S32:U32,"X")<>1,"FALTA/DUPLA: SIN. VERTICAL","OK")))))) -> OK
A33: 070ETO0230 | B33: C | C33: 20 | D33: 21 | E33: =D33-C33 -> 1 | G33: X | L33: X | N33: X | Q33: X | T33: X | W33: =IF(COUNTA(F33:U33)=0,"— não preenchido",IF(COUNTIF(F33:J33,"X")<>1,"FALTA/DUPLA: CONDIÇÃO DO PAVIMENTO",IF(COUNTIF(K33:L33,"X")<>1,"FALTA/DUPLA: VEGETAÇÃO",IF(COUNTIF(M33:O33,"X")<>1,"FALTA/DUPLA: ELEM. DE DRENAGEM",IF(COUNTIF(P33:R33,"X")<>1,"FALTA/DUPLA: SIN. HORIZ.",IF(COUNTIF(S33:U33,"X")<>1,"FALTA/DUPLA: SIN. VERTICAL","OK")))))) -> OK
A34: 070ETO0230 | B34: C | C34: 21 | D34: 22 | E34: =D34-C34 -> 1 | G34: X | L34: X | N34: X | Q34: X | T34: X | W34: =IF(COUNTA(F34:U34)=0,"— não preenchido",IF(COUNTIF(F34:J34,"X")<>1,"FALTA/DUPLA: CONDIÇÃO DO PAVIMENTO",IF(COUNTIF(K34:L34,"X")<>1,"FALTA/DUPLA: VEGETAÇÃO",IF(COUNTIF(M34:O34,"X")<>1,"FALTA/DUPLA: ELEM. DE DRENAGEM",IF(COUNTIF(P34:R34,"X")<>1,"FALTA/DUPLA: SIN. HORIZ.",IF(COUNTIF(S34:U34,"X")<>1,"FALTA/DUPLA: SIN. VERTICAL","OK")))))) -> OK
A35: 070ETO0230 | B35: C | C35: 22 | D35: 23 | E35: =D35-C35 -> 1 | G35: X | L35: X | N35: X | Q35: X | T35: X | W35: =IF(COUNTA(F35:U35)=0,"— não preenchido",IF(COUNTIF(F35:J35,"X")<>1,"FALTA/DUPLA: CONDIÇÃO DO PAVIMENTO",IF(COUNTIF(K35:L35,"X")<>1,"FALTA/DUPLA: VEGETAÇÃO",IF(COUNTIF(M35:O35,"X")<>1,"FALTA/DUPLA: ELEM. DE DRENAGEM",IF(COUNTIF(P35:R35,"X")<>1,"FALTA/DUPLA: SIN. HORIZ.",IF(COUNTIF(S35:U35,"X")<>1,"FALTA/DUPLA: SIN. VERTICAL","OK")))))) -> OK
A36: 070ETO0230 | B36: C | C36: 23 | D36: 24 | E36: =D36-C36 -> 1 | G36: X | L36: X | N36: X | Q36: X | T36: X | W36: =IF(COUNTA(F36:U36)=0,"— não preenchido",IF(COUNTIF(F36:J36,"X")<>1,"FALTA/DUPLA: CONDIÇÃO DO PAVIMENTO",IF(COUNTIF(K36:L36,"X")<>1,"FALTA/DUPLA: VEGETAÇÃO",IF(COUNTIF(M36:O36,"X")<>1,"FALTA/DUPLA: ELEM. DE DRENAGEM",IF(COUNTIF(P36:R36,"X")<>1,"FALTA/DUPLA: SIN. HORIZ.",IF(COUNTIF(S36:U36,"X")<>1,"FALTA/DUPLA: SIN. VERTICAL","OK")))))) -> OK
... A45: 070ETO0230 | B45: C | C45: 32 | D45: 33 | E45: =D45-C45 -> 1 | G45: X | L45: X | N45: X | Q45: X | T45: X | W45: =IF(COUNTA(F45:U45)=0,"— não preenchido",IF(COUNTIF(F45:J45,"X")<>1,"FALTA/DUPLA: CONDIÇÃO DO PAVIMENTO",IF(COUNTIF(K45:L45,"X")<>1,"FALTA/DUPLA: VEGETAÇÃO",IF(COUNTIF(M45:O45,"X")<>1,"FALTA/DUPLA: ELEM. DE DRENAGEM",IF(COUNTIF(P45:R45,"X")<>1,"FALTA/DUPLA: SIN. HORIZ.",IF(COUNTIF(S45:U45,"X")<>1,"FALTA/DUPLA: SIN. VERTICAL","OK")))))) -> OK
A46: 070ETO0230 | B46: C | C46: 33 | D46: 34 | E46: =D46-C46 -> 1 | H46: X | L46: X | N46: X | Q46: X | T46: X | W46: =IF(COUNTA(F46:U46)=0,"— não preenchido",IF(COUNTIF(F46:J46,"X")<>1,"FALTA/DUPLA: CONDIÇÃO DO PAVIMENTO",IF(COUNTIF(K46:L46,"X")<>1,"FALTA/DUPLA: VEGETAÇÃO",IF(COUNTIF(M46:O46,"X")<>1,"FALTA/DUPLA: ELEM. DE DRENAGEM",IF(COUNTIF(P46:R46,"X")<>1,"FALTA/DUPLA: SIN. HORIZ.",IF(COUNTIF(S46:U46,"X")<>1,"FALTA/DUPLA: SIN. VERTICAL","OK")))))) -> OK
A47: 070ETO0230 | B47: C | C47: 34 | D47: 35 | E47: =D47-C47 -> 1 | G47: X | L47: X | N47: X | Q47: X | T47: X | W47: =IF(COUNTA(F47:U47)=0,"— não preenchido",IF(COUNTIF(F47:J47,"X")<>1,"FALTA/DUPLA: CONDIÇÃO DO PAVIMENTO",IF(COUNTIF(K47:L47,"X")<>1,"FALTA/DUPLA: VEGETAÇÃO",IF(COUNTIF(M47:O47,"X")<>1,"FALTA/DUPLA: ELEM. DE DRENAGEM",IF(COUNTIF(P47:R47,"X")<>1,"FALTA/DUPLA: SIN. HORIZ.",IF(COUNTIF(S47:U47,"X")<>1,"FALTA/DUPLA: SIN. VERTICAL","OK")))))) -> OK
A48: 070ETO0230 | B48: C | C48: 35 | D48: 36 | E48: =D48-C48 -> 1 | G48: X | L48: X | N48: X | Q48: X | T48: X | W48: =IF(COUNTA(F48:U48)=0,"— não preenchido",IF(COUNTIF(F48:J48,"X")<>1,"FALTA/DUPLA: CONDIÇÃO DO PAVIMENTO",IF(COUNTIF(K48:L48,"X")<>1,"FALTA/DUPLA: VEGETAÇÃO",IF(COUNTIF(M48:O48,"X")<>1,"FALTA/DUPLA: ELEM. DE DRENAGEM",IF(COUNTIF(P48:R48,"X")<>1,"FALTA/DUPLA: SIN. HORIZ.",IF(COUNTIF(S48:U48,"X")<>1,"FALTA/DUPLA: SIN. VERTICAL","OK")))))) -> OK
A49: 070ETO0230 | B49: C | C49: 36 | D49: 37 | E49: =D49-C49 -> 1 | G49: X | L49: X | N49: X | Q49: X | T49: X | W49: =IF(COUNTA(F49:U49)=0,"— não preenchido",IF(COUNTIF(F49:J49,"X")<>1,"FALTA/DUPLA: CONDIÇÃO DO PAVIMENTO",IF(COUNTIF(K49:L49,"X")<>1,"FALTA/DUPLA: VEGETAÇÃO",IF(COUNTIF(M49:O49,"X")<>1,"FALTA/DUPLA: ELEM. DE DRENAGEM",IF(COUNTIF(P49:R49,"X")<>1,"FALTA/DUPLA: SIN. HORIZ.",IF(COUNTIF(S49:U49,"X")<>1,"FALTA/DUPLA: SIN. VERTICAL","OK")))))) -> OK
A50: 070ETO0230 | B50: C | C50: 37 | D50: 38 | E50: =D50-C50 -> 1 | G50: X | L50: X | N50: X | Q50: X | T50: X | W50: =IF(COUNTA(F50:U50)=0,"— não preenchido",IF(COUNTIF(F50:J50,"X")<>1,"FALTA/DUPLA: CONDIÇÃO DO PAVIMENTO",IF(COUNTIF(K50:L50,"X")<>1,"FALTA/DUPLA: VEGETAÇÃO",IF(COUNTIF(M50:O50,"X")<>1,"FALTA/DUPLA: ELEM. DE DRENAGEM",IF(COUNTIF(P50:R50,"X")<>1,"FALTA/DUPLA: SIN. HORIZ.",IF(COUNTIF(S50:U50,"X")<>1,"FALTA/DUPLA: SIN. VERTICAL","OK")))))) -> OK
A51: 070ETO0230 | B51: C | C51: 38 | D51: 39 | E51: =D51-C51 -> 1 | G51: X | L51: X | N51: X | Q51: X | T51: X | W51: =IF(COUNTA(F51:U51)=0,"— não preenchido",IF(COUNTIF(F51:J51,"X")<>1,"FALTA/DUPLA: CONDIÇÃO DO PAVIMENTO",IF(COUNTIF(K51:L51,"X")<>1,"FALTA/DUPLA: VEGETAÇÃO",IF(COUNTIF(M51:O51,"X")<>1,"FALTA/DUPLA: ELEM. DE DRENAGEM",IF(COUNTIF(P51:R51,"X")<>1,"FALTA/DUPLA: SIN. HORIZ.",IF(COUNTIF(S51:U51,"X")<>1,"FALTA/DUPLA: SIN. VERTICAL","OK")))))) -> OK
A52: 070ETO0230 | B52: C | C52: 39 | D52: 40 | E52: =D52-C52 -> 1 | G52: X | L52: X | N52: X | Q52: X | T52: X | W52: =IF(COUNTA(F52:U52)=0,"— não preenchido",IF(COUNTIF(F52:J52,"X")<>1,"FALTA/DUPLA: CONDIÇÃO DO PAVIMENTO",IF(COUNTIF(K52:L52,"X")<>1,"FALTA/DUPLA: VEGETAÇÃO",IF(COUNTIF(M52:O52,"X")<>1,"FALTA/DUPLA: ELEM. DE DRENAGEM",IF(COUNTIF(P52:R52,"X")<>1,"FALTA/DUPLA: SIN. HORIZ.",IF(COUNTIF(S52:U52,"X")<>1,"FALTA/DUPLA: SIN. VERTICAL","OK")))))) -> OK
A53: 070ETO0230 | B53: C | C53: 40 | D53: 41 | E53: =D53-C53 -> 1 | G53: X | L53: X | N53: X | Q53: X | T53: X | W53: =IF(COUNTA(F53:U53)=0,"— não preenchido",IF(COUNTIF(F53:J53,"X")<>1,"FALTA/DUPLA: CONDIÇÃO DO PAVIMENTO",IF(COUNTIF(K53:L53,"X")<>1,"FALTA/DUPLA: VEGETAÇÃO",IF(COUNTIF(M53:O53,"X")<>1,"FALTA/DUPLA: ELEM. DE DRENAGEM",IF(COUNTIF(P53:R53,"X")<>1,"FALTA/DUPLA: SIN. HORIZ.",IF(COUNTIF(S53:U53,"X")<>1,"FALTA/DUPLA: SIN. VERTICAL","OK")))))) -> OK
A54: 070ETO0230 | B54: C | C54: 41 | D54: 42 | E54: =D54-C54 -> 1 | G54: X | L54: X | N54: X | Q54: X | T54: X | W54: =IF(COUNTA(F54:U54)=0,"— não preenchido",IF(COUNTIF(F54:J54,"X")<>1,"FALTA/DUPLA: CONDIÇÃO DO PAVIMENTO",IF(COUNTIF(K54:L54,"X")<>1,"FALTA/DUPLA: VEGETAÇÃO",IF(COUNTIF(M54:O54,"X")<>1,"FALTA/DUPLA: ELEM. DE DRENAGEM",IF(COUNTIF(P54:R54,"X")<>1,"FALTA/DUPLA: SIN. HORIZ.",IF(COUNTIF(S54:U54,"X")<>1,"FALTA/DUPLA: SIN. VERTICAL","OK")))))) -> OK
A55: 070ETO0230 | B55: C | C55: 42 | D55: 43 | E55: =D55-C55 -> 1 | G55: X | L55: X | N55: X | Q55: X | T55: X | W55: =IF(COUNTA(F55:U55)=0,"— não preenchido",IF(COUNTIF(F55:J55,"X")<>1,"FALTA/DUPLA: CONDIÇÃO DO PAVIMENTO",IF(COUNTIF(K55:L55,"X")<>1,"FALTA/DUPLA: VEGETAÇÃO",IF(COUNTIF(M55:O55,"X")<>1,"FALTA/DUPLA: ELEM. DE DRENAGEM",IF(COUNTIF(P55:R55,"X")<>1,"FALTA/DUPLA: SIN. HORIZ.",IF(COUNTIF(S55:U55,"X")<>1,"FALTA/DUPLA: SIN. VERTICAL","OK")))))) -> OK
A56: 070ETO0230 | B56: C | C56: 43 | D56: 44 | E56: =D56-C56 -> 1 | G56: X | L56: X | N56: X | Q56: X | T56: X | W56: =IF(COUNTA(F56:U56)=0,"— não preenchido",IF(COUNTIF(F56:J56,"X")<>1,"FALTA/DUPLA: CONDIÇÃO DO PAVIMENTO",IF(COUNTIF(K56:L56,"X")<>1,"FALTA/DUPLA: VEGETAÇÃO",IF(COUNTIF(M56:O56,"X")<>1,"FALTA/DUPLA: ELEM. DE DRENAGEM",IF(COUNTIF(P56:R56,"X")<>1,"FALTA/DUPLA: SIN. HORIZ.",IF(COUNTIF(S56:U56,"X")<>1,"FALTA/DUPLA: SIN. VERTICAL","OK")))))) -> OK
A57: 070ETO0230 | B57: C | C57: 44 | D57: 45 | E57: =D57-C57 -> 1 | G57: X | L57: X | N57: X | Q57: X | T57: X | W57: =IF(COUNTA(F57:U57)=0,"— não preenchido",IF(COUNTIF(F57:J57,"X")<>1,"FALTA/DUPLA: CONDIÇÃO DO PAVIMENTO",IF(COUNTIF(K57:L57,"X")<>1,"FALTA/DUPLA: VEGETAÇÃO",IF(COUNTIF(M57:O57,"X")<>1,"FALTA/DUPLA: ELEM. DE DRENAGEM",IF(COUNTIF(P57:R57,"X")<>1,"FALTA/DUPLA: SIN. HORIZ.",IF(COUNTIF(S57:U57,"X")<>1,"FALTA/DUPLA: SIN. VERTICAL","OK")))))) -> OK
A58: 070ETO0230 | B58: C | C58: 45 | D58: 46 | E58: =D58-C58 -> 1 | G58: X | L58: X | N58: X | Q58: X | T58: X | W58: =IF(COUNTA(F58:U58)=0,"— não preenchido",IF(COUNTIF(F58:J58,"X")<>1,"FALTA/DUPLA: CONDIÇÃO DO PAVIMENTO",IF(COUNTIF(K58:L58,"X")<>1,"FALTA/DUPLA: VEGETAÇÃO",IF(COUNTIF(M58:O58,"X")<>1,"FALTA/DUPLA: ELEM. DE DRENAGEM",IF(COUNTIF(P58:R58,"X")<>1,"FALTA/DUPLA: SIN. HORIZ.",IF(COUNTIF(S58:U58,"X")<>1,"FALTA/DUPLA: SIN. VERTICAL","OK")))))) -> OK
... A72: 070ETO0230 | B72: C | C72: 59 | D72: 59.748298 | E72: =D72-C72 -> 0.74829801 | G72: X | L72: X | N72: X | Q72: X | T72: X | W72: =IF(COUNTA(F72:U72)=0,"— não preenchido",IF(COUNTIF(F72:J72,"X")<>1,"FALTA/DUPLA: CONDIÇÃO DO PAVIMENTO",IF(COUNTIF(K72:L72,"X")<>1,"FALTA/DUPLA: VEGETAÇÃO",IF(COUNTIF(M72:O72,"X")<>1,"FALTA/DUPLA: ELEM. DE DRENAGEM",IF(COUNTIF(P72:R72,"X")<>1,"FALTA/DUPLA: SIN. HORIZ.",IF(COUNTIF(S72:U72,"X")<>1,"FALTA/DUPLA: SIN. VERTICAL","OK")))))) -> OK
A73: S.R.E. 070ETO0240 | DORILÂNDIA - ENTR. TO-181 | PPS · Estadual · 9.491 km · início: -12.246573, -49.747334
A74: 070ETO0240 | B74: C | C74: 0 | D74: 1 | E74: =D74-C74 -> 1 | G74: X | L74: X | N74: X | Q74: X | T74: X | W74: =IF(COUNTA(F74:U74)=0,"— não preenchido",IF(COUNTIF(F74:J74,"X")<>1,"FALTA/DUPLA: CONDIÇÃO DO PAVIMENTO",IF(COUNTIF(K74:L74,"X")<>1,"FALTA/DUPLA: VEGETAÇÃO",IF(COUNTIF(M74:O74,"X")<>1,"FALTA/DUPLA: ELEM. DE DRENAGEM",IF(COUNTIF(P74:R74,"X")<>1,"FALTA/DUPLA: SIN. HORIZ.",IF(COUNTIF(S74:U74,"X")<>1,"FALTA/DUPLA: SIN. VERTICAL","OK")))))) -> OK
A75: 070ETO0240 | B75: C | C75: 1 | D75: 2 | E75: =D75-C75 -> 1 | G75: X | L75: X | N75: X | Q75: X | T75: X | W75: =IF(COUNTA(F75:U75)=0,"— não preenchido",IF(COUNTIF(F75:J75,"X")<>1,"FALTA/DUPLA: CONDIÇÃO DO PAVIMENTO",IF(COUNTIF(K75:L75,"X")<>1,"FALTA/DUPLA: VEGETAÇÃO",IF(COUNTIF(M75:O75,"X")<>1,"FALTA/DUPLA: ELEM. DE DRENAGEM",IF(COUNTIF(P75:R75,"X")<>1,"FALTA/DUPLA: SIN. HORIZ.",IF(COUNTIF(S75:U75,"X")<>1,"FALTA/DUPLA: SIN. VERTICAL","OK")))))) -> OK
A76: 070ETO0240 | B76: C | C76: 2 | D76: 3 | E76: =D76-C76 -> 1 | G76: X | L76: X | N76: X | Q76: X | T76: X | W76: =IF(COUNTA(F76:U76)=0,"— não preenchido",IF(COUNTIF(F76:J76,"X")<>1,"FALTA/DUPLA: CONDIÇÃO DO PAVIMENTO",IF(COUNTIF(K76:L76,"X")<>1,"FALTA/DUPLA: VEGETAÇÃO",IF(COUNTIF(M76:O76,"X")<>1,"FALTA/DUPLA: ELEM. DE DRENAGEM",IF(COUNTIF(P76:R76,"X")<>1,"FALTA/DUPLA: SIN. HORIZ.",IF(COUNTIF(S76:U76,"X")<>1,"FALTA/DUPLA: SIN. VERTICAL","OK")))))) -> OK
A77: 070ETO0240 | B77: C | C77: 3 | D77: 4 | E77: =D77-C77 -> 1 | G77: X | L77: X | N77: X | Q77: X | T77: X | W77: =IF(COUNTA(F77:U77)=0,"— não preenchido",IF(COUNTIF(F77:J77,"X")<>1,"FALTA/DUPLA: CONDIÇÃO DO PAVIMENTO",IF(COUNTIF(K77:L77,"X")<>1,"FALTA/DUPLA: VEGETAÇÃO",IF(COUNTIF(M77:O77,"X")<>1,"FALTA/DUPLA: ELEM. DE DRENAGEM",IF(COUNTIF(P77:R77,"X")<>1,"FALTA/DUPLA: SIN. HORIZ.",IF(COUNTIF(S77:U77,"X")<>1,"FALTA/DUPLA: SIN. VERTICAL","OK")))))) -> OK
A78: 070ETO0240 | B78: C | C78: 4 | D78: 5 | E78: =D78-C78 -> 1 | G78: X | L78: X | N78: X | Q78: X | T78: X | W78: =IF(COUNTA(F78:U78)=0,"— não preenchido",IF(COUNTIF(F78:J78,"X")<>1,"FALTA/DUPLA: CONDIÇÃO DO PAVIMENTO",IF(COUNTIF(K78:L78,"X")<>1,"FALTA/DUPLA: VEGETAÇÃO",IF(COUNTIF(M78:O78,"X")<>1,"FALTA/DUPLA: ELEM. DE DRENAGEM",IF(COUNTIF(P78:R78,"X")<>1,"FALTA/DUPLA: SIN. HORIZ.",IF(COUNTIF(S78:U78,"X")<>1,"FALTA/DUPLA: SIN. VERTICAL","OK")))))) -> OK
A79: 070ETO0240 | B79: C | C79: 5 | D79: 6 | E79: =D79-C79 -> 1 | G79: X | L79: X | N79: X | Q79: X | T79: X | W79: =IF(COUNTA(F79:U79)=0,"— não preenchido",IF(COUNTIF(F79:J79,"X")<>1,"FALTA/DUPLA: CONDIÇÃO DO PAVIMENTO",IF(COUNTIF(K79:L79,"X")<>1,"FALTA/DUPLA: VEGETAÇÃO",IF(COUNTIF(M79:O79,"X")<>1,"FALTA/DUPLA: ELEM. DE DRENAGEM",IF(COUNTIF(P79:R79,"X")<>1,"FALTA/DUPLA: SIN. HORIZ.",IF(COUNTIF(S79:U79,"X")<>1,"FALTA/DUPLA: SIN. VERTICAL","OK")))))) -> OK
A80: 070ETO0240 | B80: C | C80: 6 | D80: 7 | E80: =D80-C80 -> 1 | G80: X | L80: X | N80: X | Q80: X | T80: X | W80: =IF(COUNTA(F80:U80)=0,"— não preenchido",IF(COUNTIF(F80:J80,"X")<>1,"FALTA/DUPLA: CONDIÇÃO DO PAVIMENTO",IF(COUNTIF(K80:L80,"X")<>1,"FALTA/DUPLA: VEGETAÇÃO",IF(COUNTIF(M80:O80,"X")<>1,"FALTA/DUPLA: ELEM. DE DRENAGEM",IF(COUNTIF(P80:R80,"X")<>1,"FALTA/DUPLA: SIN. HORIZ.",IF(COUNTIF(S80:U80,"X")<>1,"FALTA/DUPLA: SIN. VERTICAL","OK")))))) -> OK
A81: 070ETO0240 | B81: C | C81: 7 | D81: 8 | E81: =D81-C81 -> 1 | G81: X | L81: X | N81: X | Q81: X | T81: X | W81: =IF(COUNTA(F81:U81)=0,"— não preenchido",IF(COUNTIF(F81:J81,"X")<>1,"FALTA/DUPLA: CONDIÇÃO DO PAVIMENTO",IF(COUNTIF(K81:L81,"X")<>1,"FALTA/DUPLA: VEGETAÇÃO",IF(COUNTIF(M81:O81,"X")<>1,"FALTA/DUPLA: ELEM. DE DRENAGEM",IF(COUNTIF(P81:R81,"X")<>1,"FALTA/DUPLA: SIN. HORIZ.",IF(COUNTIF(S81:U81,"X")<>1,"FALTA/DUPLA: SIN. VERTICAL","OK")))))) -> OK
A82: 070ETO0240 | B82: C | C82: 8 | D82: 9 | E82: =D82-C82 -> 1 | G82: X | L82: X | N82: X | Q82: X | T82: X | W82: =IF(COUNTA(F82:U82)=0,"— não preenchido",IF(COUNTIF(F82:J82,"X")<>1,"FALTA/DUPLA: CONDIÇÃO DO PAVIMENTO",IF(COUNTIF(K82:L82,"X")<>1,"FALTA/DUPLA: VEGETAÇÃO",IF(COUNTIF(M82:O82,"X")<>1,"FALTA/DUPLA: ELEM. DE DRENAGEM",IF(COUNTIF(P82:R82,"X")<>1,"FALTA/DUPLA: SIN. HORIZ.",IF(COUNTIF(S82:U82,"X")<>1,"FALTA/DUPLA: SIN. VERTICAL","OK")))))) -> OK
A83: 070ETO0240 | B83: C | C83: 9 | D83: 9.4908128 | E83: =D83-C83 -> 0.49081284 | G83: X | L83: X | N83: X | Q83: X | T83: X | W83: =IF(COUNTA(F83:U83)=0,"— não preenchido",IF(COUNTIF(F83:J83,"X")<>1,"FALTA/DUPLA: CONDIÇÃO DO PAVIMENTO",IF(COUNTIF(K83:L83,"X")<>1,"FALTA/DUPLA: VEGETAÇÃO",IF(COUNTIF(M83:O83,"X")<>1,"FALTA/DUPLA: ELEM. DE DRENAGEM",IF(COUNTIF(P83:R83,"X")<>1,"FALTA/DUPLA: SIN. HORIZ.",IF(COUNTIF(S83:U83,"X")<>1,"FALTA/DUPLA: SIN. VERTICAL","OK")))))) -> OK
A84: S.R.E. 070ETO0250 | ENTR. TO-181 - SANDOLÂNDIA *TRECHO URBANO* | PPS · Estadual · 32.011 km · início: -12.282216, -49.82553
A85: 070ETO0250 | B85: C | C85: 0 | D85: 1 | E85: =D85-C85 -> 1 | H85: X | L85: X | N85: X | Q85: X | T85: X | W85: =IF(COUNTA(F85:U85)=0,"— não preenchido",IF(COUNTIF(F85:J85,"X")<>1,"FALTA/DUPLA: CONDIÇÃO DO PAVIMENTO",IF(COUNTIF(K85:L85,"X")<>1,"FALTA/DUPLA: VEGETAÇÃO",IF(COUNTIF(M85:O85,"X")<>1,"FALTA/DUPLA: ELEM. DE DRENAGEM",IF(COUNTIF(P85:R85,"X")<>1,"FALTA/DUPLA: SIN. HORIZ.",IF(COUNTIF(S85:U85,"X")<>1,"FALTA/DUPLA: SIN. VERTICAL","OK")))))) -> OK
A86: 070ETO0250 | B86: C | C86: 1 | D86: 2 | E86: =D86-C86 -> 1 | H86: X | L86: X | N86: X | Q86: X | T86: X | W86: =IF(COUNTA(F86:U86)=0,"— não preenchido",IF(COUNTIF(F86:J86,"X")<>1,"FALTA/DUPLA: CONDIÇÃO DO PAVIMENTO",IF(COUNTIF(K86:L86,"X")<>1,"FALTA/DUPLA: VEGETAÇÃO",IF(COUNTIF(M86:O86,"X")<>1,"FALTA/DUPLA: ELEM. DE DRENAGEM",IF(COUNTIF(P86:R86,"X")<>1,"FALTA/DUPLA: SIN. HORIZ.",IF(COUNTIF(S86:U86,"X")<>1,"FALTA/DUPLA: SIN. VERTICAL","OK")))))) -> OK
A87: 070ETO0250 | B87: C | C87: 2 | D87: 3 | E87: =D87-C87 -> 1 | H87: X | L87: X | N87: X | Q87: X | T87: X | W87: =IF(COUNTA(F87:U87)=0,"— não preenchido",IF(COUNTIF(F87:J87,"X")<>1,"FALTA/DUPLA: CONDIÇÃO DO PAVIMENTO",IF(COUNTIF(K87:L87,"X")<>1,"FALTA/DUPLA: VEGETAÇÃO",IF(COUNTIF(M87:O87,"X")<>1,"FALTA/DUPLA: ELEM. DE DRENAGEM",IF(COUNTIF(P87:R87,"X")<>1,"FALTA/DUPLA: SIN. HORIZ.",IF(COUNTIF(S87:U87,"X")<>1,"FALTA/DUPLA: SIN. VERTICAL","OK")))))) -> OK
A88: 070ETO0250 | B88: C | C88: 3 | D88: 4 | E88: =D88-C88 -> 1 | H88: X | L88: X | N88: X | Q88: X | T88: X | W88: =IF(COUNTA(F88:U88)=0,"— não preenchido",IF(COUNTIF(F88:J88,"X")<>1,"FALTA/DUPLA: CONDIÇÃO DO PAVIMENTO",IF(COUNTIF(K88:L88,"X")<>1,"FALTA/DUPLA: VEGETAÇÃO",IF(COUNTIF(M88:O88,"X")<>1,"FALTA/DUPLA: ELEM. DE DRENAGEM",IF(COUNTIF(P88:R88,"X")<>1,"FALTA/DUPLA: SIN. HORIZ.",IF(COUNTIF(S88:U88,"X")<>1,"FALTA/DUPLA: SIN. VERTICAL","OK")))))) -> OK
A89: 070ETO0250 | B89: C | C89: 4 | D89: 5 | E89: =D89-C89 -> 1 | H89: X | L89: X | N89: X | Q89: X | T89: X | W89: =IF(COUNTA(F89:U89)=0,"— não preenchido",IF(COUNTIF(F89:J89,"X")<>1,"FALTA/DUPLA: CONDIÇÃO DO PAVIMENTO",IF(COUNTIF(K89:L89,"X")<>1,"FALTA/DUPLA: VEGETAÇÃO",IF(COUNTIF(M89:O89,"X")<>1,"FALTA/DUPLA: ELEM. DE DRENAGEM",IF(COUNTIF(P89:R89,"X")<>1,"FALTA/DUPLA: SIN. HORIZ.",IF(COUNTIF(S89:U89,"X")<>1,"FALTA/DUPLA: SIN. VERTICAL","OK")))))) -> OK
A90: 070ETO0250 | B90: C | C90: 5 | D90: 6 | E90: =D90-C90 -> 1 | G90: X | L90: X | N90: X | Q90: X | T90: X | W90: =IF(COUNTA(F90:U90)=0,"— não preenchido",IF(COUNTIF(F90:J90,"X")<>1,"FALTA/DUPLA: CONDIÇÃO DO PAVIMENTO",IF(COUNTIF(K90:L90,"X")<>1,"FALTA/DUPLA: VEGETAÇÃO",IF(COUNTIF(M90:O90,"X")<>1,"FALTA/DUPLA: ELEM. DE DRENAGEM",IF(COUNTIF(P90:R90,"X")<>1,"FALTA/DUPLA: SIN. HORIZ.",IF(COUNTIF(S90:U90,"X")<>1,"FALTA/DUPLA: SIN. VERTICAL","OK")))))) -> OK
A91: 070ETO0250 | B91: C | C91: 6 | D91: 7 | E91: =D91-C91 -> 1 | G91: X | L91: X | N91: X | Q91: X | T91: X | W91: =IF(COUNTA(F91:U91)=0,"— não preenchido",IF(COUNTIF(F91:J91,"X")<>1,"FALTA/DUPLA: CONDIÇÃO DO PAVIMENTO",IF(COUNTIF(K91:L91,"X")<>1,"FALTA/DUPLA: VEGETAÇÃO",IF(COUNTIF(M91:O91,"X")<>1,"FALTA/DUPLA: ELEM. DE DRENAGEM",IF(COUNTIF(P91:R91,"X")<>1,"FALTA/DUPLA: SIN. HORIZ.",IF(COUNTIF(S91:U91,"X")<>1,"FALTA/DUPLA: SIN. VERTICAL","OK")))))) -> OK
A92: 070ETO0250 | B92: C | C92: 7 | D92: 8 | E92: =D92-C92 -> 1 | H92: X | L92: X | N92: X | Q92: X | T92: X | W92: =IF(COUNTA(F92:U92)=0,"— não preenchido",IF(COUNTIF(F92:J92,"X")<>1,"FALTA/DUPLA: CONDIÇÃO DO PAVIMENTO",IF(COUNTIF(K92:L92,"X")<>1,"FALTA/DUPLA: VEGETAÇÃO",IF(COUNTIF(M92:O92,"X")<>1,"FALTA/DUPLA: ELEM. DE DRENAGEM",IF(COUNTIF(P92:R92,"X")<>1,"FALTA/DUPLA: SIN. HORIZ.",IF(COUNTIF(S92:U92,"X")<>1,"FALTA/DUPLA: SIN. VERTICAL","OK")))))) -> OK
A93: 070ETO0250 | B93: C | C93: 8 | D93: 9 | E93: =D93-C93 -> 1 | G93: X | K93: X | N93: X | Q93: X | T93: X | W93: =IF(COUNTA(F93:U93)=0,"— não preenchido",IF(COUNTIF(F93:J93,"X")<>1,"FALTA/DUPLA: CONDIÇÃO DO PAVIMENTO",IF(COUNTIF(K93:L93,"X")<>1,"FALTA/DUPLA: VEGETAÇÃO",IF(COUNTIF(M93:O93,"X")<>1,"FALTA/DUPLA: ELEM. DE DRENAGEM",IF(COUNTIF(P93:R93,"X")<>1,"FALTA/DUPLA: SIN. HORIZ.",IF(COUNTIF(S93:U93,"X")<>1,"FALTA/DUPLA: SIN. VERTICAL","OK")))))) -> OK
A94: 070ETO0250 | B94: C | C94: 9 | D94: 10 | E94: =D94-C94 -> 1 | H94: X | K94: X | N94: X | Q94: X | T94: X | W94: =IF(COUNTA(F94:U94)=0,"— não preenchido",IF(COUNTIF(F94:J94,"X")<>1,"FALTA/DUPLA: CONDIÇÃO DO PAVIMENTO",IF(COUNTIF(K94:L94,"X")<>1,"FALTA/DUPLA: VEGETAÇÃO",IF(COUNTIF(M94:O94,"X")<>1,"FALTA/DUPLA: ELEM. DE DRENAGEM",IF(COUNTIF(P94:R94,"X")<>1,"FALTA/DUPLA: SIN. HORIZ.",IF(COUNTIF(S94:U94,"X")<>1,"FALTA/DUPLA: SIN. VERTICAL","OK")))))) -> OK
A95: 070ETO0250 | B95: C | C95: 10 | D95: 11 | E95: =D95-C95 -> 1 | H95: X | K95: X | N95: X | Q95: X | T95: X | W95: =IF(COUNTA(F95:U95)=0,"— não preenchido",IF(COUNTIF(F95:J95,"X")<>1,"FALTA/DUPLA: CONDIÇÃO DO PAVIMENTO",IF(COUNTIF(K95:L95,"X")<>1,"FALTA/DUPLA: VEGETAÇÃO",IF(COUNTIF(M95:O95,"X")<>1,"FALTA/DUPLA: ELEM. DE DRENAGEM",IF(COUNTIF(P95:R95,"X")<>1,"FALTA/DUPLA: SIN. HORIZ.",IF(COUNTIF(S95:U95,"X")<>1,"FALTA/DUPLA: SIN. VERTICAL","OK")))))) -> OK
A96: 070ETO0250 | B96: C | C96: 11 | D96: 12 | E96: =D96-C96 -> 1 | G96: X | K96: X | N96: X | Q96: X | T96: X | W96: =IF(COUNTA(F96:U96)=0,"— não preenchido",IF(COUNTIF(F96:J96,"X")<>1,"FALTA/DUPLA: CONDIÇÃO DO PAVIMENTO",IF(COUNTIF(K96:L96,"X")<>1,"FALTA/DUPLA: VEGETAÇÃO",IF(COUNTIF(M96:O96,"X")<>1,"FALTA/DUPLA: ELEM. DE DRENAGEM",IF(COUNTIF(P96:R96,"X")<>1,"FALTA/DUPLA: SIN. HORIZ.",IF(COUNTIF(S96:U96,"X")<>1,"FALTA/DUPLA: SIN. VERTICAL","OK")))))) -> OK
A97: 070ETO0250 | B97: C | C97: 12 | D97: 13 | E97: =D97-C97 -> 1 | H97: X | K97: X | N97: X | Q97: X | T97: X | W97: =IF(COUNTA(F97:U97)=0,"— não preenchido",IF(COUNTIF(F97:J97,"X")<>1,"FALTA/DUPLA: CONDIÇÃO DO PAVIMENTO",IF(COUNTIF(K97:L97,"X")<>1,"FALTA/DUPLA: VEGETAÇÃO",IF(COUNTIF(M97:O97,"X")<>1,"FALTA/DUPLA: ELEM. DE DRENAGEM",IF(COUNTIF(P97:R97,"X")<>1,"FALTA/DUPLA: SIN. HORIZ.",IF(COUNTIF(S97:U97,"X")<>1,"FALTA/DUPLA: SIN. VERTICAL","OK")))))) -> OK
A98: 070ETO0250 | B98: C | C98: 13 | D98: 14 | E98: =D98-C98 -> 1 | H98: X | K98: X | N98: X | Q98: X | T98: X | W98: =IF(COUNTA(F98:U98)=0,"— não preenchido",IF(COUNTIF(F98:J98,"X")<>1,"FALTA/DUPLA: CONDIÇÃO DO PAVIMENTO",IF(COUNTIF(K98:L98,"X")<>1,"FALTA/DUPLA: VEGETAÇÃO",IF(COUNTIF(M98:O98,"X")<>1,"FALTA/DUPLA: ELEM. DE DRENAGEM",IF(COUNTIF(P98:R98,"X")<>1,"FALTA/DUPLA: SIN. HORIZ.",IF(COUNTIF(S98:U98,"X")<>1,"FALTA/DUPLA: SIN. VERTICAL","OK")))))) -> OK
A99: 070ETO0250 | B99: C | C99: 14 | D99: 15 | E99: =D99-C99 -> 1 | H99: X | K99: X | N99: X | Q99: X | T99: X | W99: =IF(COUNTA(F99:U99)=0,"— não preenchido",IF(COUNTIF(F99:J99,"X")<>1,"FALTA/DUPLA: CONDIÇÃO DO PAVIMENTO",IF(COUNTIF(K99:L99,"X")<>1,"FALTA/DUPLA: VEGETAÇÃO",IF(COUNTIF(M99:O99,"X")<>1,"FALTA/DUPLA: ELEM. DE DRENAGEM",IF(COUNTIF(P99:R99,"X")<>1,"FALTA/DUPLA: SIN. HORIZ.",IF(COUNTIF(S99:U99,"X")<>1,"FALTA/DUPLA: SIN. VERTICAL","OK")))))) -> OK
A100: 070ETO0250 | B100: C | C100: 15 | D100: 16 | E100: =D100-C100 -> 1 | G100: X | K100: X | N100: X | Q100: X | T100: X | W100: =IF(COUNTA(F100:U100)=0,"— não preenchido",IF(COUNTIF(F100:J100,"X")<>1,"FALTA/DUPLA: CONDIÇÃO DO PAVIMENTO",IF(COUNTIF(K100:L100,"X")<>1,"FALTA/DUPLA: VEGETAÇÃO",IF(COUNTIF(M100:O100,"X")<>1,"FALTA/DUPLA: ELEM. DE DRENAGEM",IF(COUNTIF(P100:R100,"X")<>1,"FALTA/DUPLA: SIN. HORIZ.",IF(COUNTIF(S100:U100,"X")<>1,"FALTA/DUPLA: SIN. VERTICAL","OK")))))) -> OK
A101: 070ETO0250 | B101: C | C101: 16 | D101: 17 | E101: =D101-C101 -> 1 | G101: X | K101: X | N101: X | Q101: X | T101: X | W101: =IF(COUNTA(F101:U101)=0,"— não preenchido",IF(COUNTIF(F101:J101,"X")<>1,"FALTA/DUPLA: CONDIÇÃO DO PAVIMENTO",IF(COUNTIF(K101:L101,"X")<>1,"FALTA/DUPLA: VEGETAÇÃO",IF(COUNTIF(M101:O101,"X")<>1,"FALTA/DUPLA: ELEM. DE DRENAGEM",IF(COUNTIF(P101:R101,"X")<>1,"FALTA/DUPLA: SIN. HORIZ.",IF(COUNTIF(S101:U101,"X")<>1,"FALTA/DUPLA: SIN. VERTICAL","OK")))))) -> OK
A102: 070ETO0250 | B102: C | C102: 17 | D102: 18 | E102: =D102-C102 -> 1 | G102: X | K102: X | N102: X | Q102: X | T102: X | W102: =IF(COUNTA(F102:U102)=0,"— não preenchido",IF(COUNTIF(F102:J102,"X")<>1,"FALTA/DUPLA: CONDIÇÃO DO PAVIMENTO",IF(COUNTIF(K102:L102,"X")<>1,"FALTA/DUPLA: VEGETAÇÃO",IF(COUNTIF(M102:O102,"X")<>1,"FALTA/DUPLA: ELEM. DE DRENAGEM",IF(COUNTIF(P102:R102,"X")<>1,"FALTA/DUPLA: SIN. HORIZ.",IF(COUNTIF(S102:U102,"X")<>1,"FALTA/DUPLA: SIN. VERTICAL","OK")))))) -> OK
A103: 070ETO0250 | B103: C | C103: 18 | D103: 19 | E103: =D103-C103 -> 1 | G103: X | K103: X | N103: X | Q103: X | T103: X | W103: =IF(COUNTA(F103:U103)=0,"— não preenchido",IF(COUNTIF(F103:J103,"X")<>1,"FALTA/DUPLA: CONDIÇÃO DO PAVIMENTO",IF(COUNTIF(K103:L103,"X")<>1,"FALTA/DUPLA: VEGETAÇÃO",IF(COUNTIF(M103:O103,"X")<>1,"FALTA/DUPLA: ELEM. DE DRENAGEM",IF(COUNTIF(P103:R103,"X")<>1,"FALTA/DUPLA: SIN. HORIZ.",IF(COUNTIF(S103:U103,"X")<>1,"FALTA/DUPLA: SIN. VERTICAL","OK")))))) -> OK
A104: 070ETO0250 | B104: C | C104: 19 | D104: 20 | E104: =D104-C104 -> 1 | G104: X | K104: X | N104: X | Q104: X | T104: X | W104: =IF(COUNTA(F104:U104)=0,"— não preenchido",IF(COUNTIF(F104:J104,"X")<>1,"FALTA/DUPLA: CONDIÇÃO DO PAVIMENTO",IF(COUNTIF(K104:L104,"X")<>1,"FALTA/DUPLA: VEGETAÇÃO",IF(COUNTIF(M104:O104,"X")<>1,"FALTA/DUPLA: ELEM. DE DRENAGEM",IF(COUNTIF(P104:R104,"X")<>1,"FALTA/DUPLA: SIN. HORIZ.",IF(COUNTIF(S104:U104,"X")<>1,"FALTA/DUPLA: SIN. VERTICAL","OK")))))) -> OK
A105: 070ETO0250 | B105: C | C105: 20 | D105: 21 | E105: =D105-C105 -> 1 | G105: X | K105: X | N105: X | Q105: X | T105: X | W105: =IF(COUNTA(F105:U105)=0,"— não preenchido",IF(COUNTIF(F105:J105,"X")<>1,"FALTA/DUPLA: CONDIÇÃO DO PAVIMENTO",IF(COUNTIF(K105:L105,"X")<>1,"FALTA/DUPLA: VEGETAÇÃO",IF(COUNTIF(M105:O105,"X")<>1,"FALTA/DUPLA: ELEM. DE DRENAGEM",IF(COUNTIF(P105:R105,"X")<>1,"FALTA/DUPLA: SIN. HORIZ.",IF(COUNTIF(S105:U105,"X")<>1,"FALTA/DUPLA: SIN. VERTICAL","OK")))))) -> OK
A106: 070ETO0250 | B106: C | C106: 21 | D106: 22 | E106: =D106-C106 -> 1 | H106: X | K106: X | N106: X | Q106: X | T106: X | W106: =IF(COUNTA(F106:U106)=0,"— não preenchido",IF(COUNTIF(F106:J106,"X")<>1,"FALTA/DUPLA: CONDIÇÃO DO PAVIMENTO",IF(COUNTIF(K106:L106,"X")<>1,"FALTA/DUPLA: VEGETAÇÃO",IF(COUNTIF(M106:O106,"X")<>1,"FALTA/DUPLA: ELEM. DE DRENAGEM",IF(COUNTIF(P106:R106,"X")<>1,"FALTA/DUPLA: SIN. HORIZ.",IF(COUNTIF(S106:U106,"X")<>1,"FALTA/DUPLA: SIN. VERTICAL","OK")))))) -> OK
A107: 070ETO0250 | B107: C | C107: 22 | D107: 23 | E107: =D107-C107 -> 1 | H107: X | K107: X | N107: X | Q107: X | T107: X | W107: =IF(COUNTA(F107:U107)=0,"— não preenchido",IF(COUNTIF(F107:J107,"X")<>1,"FALTA/DUPLA: CONDIÇÃO DO PAVIMENTO",IF(COUNTIF(K107:L107,"X")<>1,"FALTA/DUPLA: VEGETAÇÃO",IF(COUNTIF(M107:O107,"X")<>1,"FALTA/DUPLA: ELEM. DE DRENAGEM",IF(COUNTIF(P107:R107,"X")<>1,"FALTA/DUPLA: SIN. HORIZ.",IF(COUNTIF(S107:U107,"X")<>1,"FALTA/DUPLA: SIN. VERTICAL","OK")))))) -> OK
A108: 070ETO0250 | B108: C | C108: 23 | D108: 24 | E108: =D108-C108 -> 1 | H108: X | K108: X | N108: X | Q108: X | T108: X | W108: =IF(COUNTA(F108:U108)=0,"— não preenchido",IF(COUNTIF(F108:J108,"X")<>1,"FALTA/DUPLA: CONDIÇÃO DO PAVIMENTO",IF(COUNTIF(K108:L108,"X")<>1,"FALTA/DUPLA: VEGETAÇÃO",IF(COUNTIF(M108:O108,"X")<>1,"FALTA/DUPLA: ELEM. DE DRENAGEM",IF(COUNTIF(P108:R108,"X")<>1,"FALTA/DUPLA: SIN. HORIZ.",IF(COUNTIF(S108:U108,"X")<>1,"FALTA/DUPLA: SIN. VERTICAL","OK")))))) -> OK
A109: 070ETO0250 | B109: C | C109: 24 | D109: 25 | E109: =D109-C109 -> 1 | H109: X | K109: X | N109: X | Q109: X | T109: X | W109: =IF(COUNTA(F109:U109)=0,"— não preenchido",IF(COUNTIF(F109:J109,"X")<>1,"FALTA/DUPLA: CONDIÇÃO DO PAVIMENTO",IF(COUNTIF(K109:L109,"X")<>1,"FALTA/DUPLA: VEGETAÇÃO",IF(COUNTIF(M109:O109,"X")<>1,"FALTA/DUPLA: ELEM. DE DRENAGEM",IF(COUNTIF(P109:R109,"X")<>1,"FALTA/DUPLA: SIN. HORIZ.",IF(COUNTIF(S109:U109,"X")<>1,"FALTA/DUPLA: SIN. VERTICAL","OK")))))) -> OK
A110: 070ETO0250 | B110: C | C110: 25 | D110: 26 | E110: =D110-C110 -> 1 | H110: X | K110: X | N110: X | Q110: X | T110: X | W110: =IF(COUNTA(F110:U110)=0,"— não preenchido",IF(COUNTIF(F110:J110,"X")<>1,"FALTA/DUPLA: CONDIÇÃO DO PAVIMENTO",IF(COUNTIF(K110:L110,"X")<>1,"FALTA/DUPLA: VEGETAÇÃO",IF(COUNTIF(M110:O110,"X")<>1,"FALTA/DUPLA: ELEM. DE DRENAGEM",IF(COUNTIF(P110:R110,"X")<>1,"FALTA/DUPLA: SIN. HORIZ.",IF(COUNTIF(S110:U110,"X")<>1,"FALTA/DUPLA: SIN. VERTICAL","OK")))))) -> OK
A111: 070ETO0250 | B111: C | C111: 26 | D111: 27 | E111: =D111-C111 -> 1 | G111: X | K111: X | N111: X | Q111: X | T111: X | W111: =IF(COUNTA(F111:U111)=0,"— não preenchido",IF(COUNTIF(F111:J111,"X")<>1,"FALTA/DUPLA: CONDIÇÃO DO PAVIMENTO",IF(COUNTIF(K111:L111,"X")<>1,"FALTA/DUPLA: VEGETAÇÃO",IF(COUNTIF(M111:O111,"X")<>1,"FALTA/DUPLA: ELEM. DE DRENAGEM",IF(COUNTIF(P111:R111,"X")<>1,"FALTA/DUPLA: SIN. HORIZ.",IF(COUNTIF(S111:U111,"X")<>1,"FALTA/DUPLA: SIN. VERTICAL","OK")))))) -> OK
A112: 070ETO0250 | B112: C | C112: 27 | D112: 28 | E112: =D112-C112 -> 1 | G112: X | K112: X | N112: X | Q112: X | T112: X | W112: =IF(COUNTA(F112:U112)=0,"— não preenchido",IF(COUNTIF(F112:J112,"X")<>1,"FALTA/DUPLA: CONDIÇÃO DO PAVIMENTO",IF(COUNTIF(K112:L112,"X")<>1,"FALTA/DUPLA: VEGETAÇÃO",IF(COUNTIF(M112:O112,"X")<>1,"FALTA/DUPLA: ELEM. DE DRENAGEM",IF(COUNTIF(P112:R112,"X")<>1,"FALTA/DUPLA: SIN. HORIZ.",IF(COUNTIF(S112:U112,"X")<>1,"FALTA/DUPLA: SIN. VERTICAL","OK")))))) -> OK
A113: 070ETO0250 | B113: C | C113: 28 | D113: 29 | E113: =D113-C113 -> 1 | G113: X | K113: X | N113: X | Q113: X | T113: X | W113: =IF(COUNTA(F113:U113)=0,"— não preenchido",IF(COUNTIF(F113:J113,"X")<>1,"FALTA/DUPLA: CONDIÇÃO DO PAVIMENTO",IF(COUNTIF(K113:L113,"X")<>1,"FALTA/DUPLA: VEGETAÇÃO",IF(COUNTIF(M113:O113,"X")<>1,"FALTA/DUPLA: ELEM. DE DRENAGEM",IF(COUNTIF(P113:R113,"X")<>1,"FALTA/DUPLA: SIN. HORIZ.",IF(COUNTIF(S113:U113,"X")<>1,"FALTA/DUPLA: SIN. VERTICAL","OK")))))) -> OK
A114: 070ETO0250 | B114: C | C114: 29 | D114: 30 | E114: =D114-C114 -> 1 | G114: X | K114: X | N114: X | Q114: X | T114: X | W114: =IF(COUNTA(F114:U114)=0,"— não preenchido",IF(COUNTIF(F114:J114,"X")<>1,"FALTA/DUPLA: CONDIÇÃO DO PAVIMENTO",IF(COUNTIF(K114:L114,"X")<>1,"FALTA/DUPLA: VEGETAÇÃO",IF(COUNTIF(M114:O114,"X")<>1,"FALTA/DUPLA: ELEM. DE DRENAGEM",IF(COUNTIF(P114:R114,"X")<>1,"FALTA/DUPLA: SIN. HORIZ.",IF(COUNTIF(S114:U114,"X")<>1,"FALTA/DUPLA: SIN. VERTICAL","OK")))))) -> OK
A115: 070ETO0250 | B115: C | C115: 30 | D115: 31 | E115: =D115-C115 -> 1 | G115: X | K115: X | N115: X | Q115: X | T115: X | W115: =IF(COUNTA(F115:U115)=0,"— não preenchido",IF(COUNTIF(F115:J115,"X")<>1,"FALTA/DUPLA: CONDIÇÃO DO PAVIMENTO",IF(COUNTIF(K115:L115,"X")<>1,"FALTA/DUPLA: VEGETAÇÃO",IF(COUNTIF(M115:O115,"X")<>1,"FALTA/DUPLA: ELEM. DE DRENAGEM",IF(COUNTIF(P115:R115,"X")<>1,"FALTA/DUPLA: SIN. HORIZ.",IF(COUNTIF(S115:U115,"X")<>1,"FALTA/DUPLA: SIN. VERTICAL","OK")))))) -> OK
A116: 070ETO0250 | B116: C | C116: 31 | D116: 32 | E116: =D116-C116 -> 1 | G116: X | K116: X | N116: X | Q116: X | T116: X | W116: =IF(COUNTA(F116:U116)=0,"— não preenchido",IF(COUNTIF(F116:J116,"X")<>1,"FALTA/DUPLA: CONDIÇÃO DO PAVIMENTO",IF(COUNTIF(K116:L116,"X")<>1,"FALTA/DUPLA: VEGETAÇÃO",IF(COUNTIF(M116:O116,"X")<>1,"FALTA/DUPLA: ELEM. DE DRENAGEM",IF(COUNTIF(P116:R116,"X")<>1,"FALTA/DUPLA: SIN. HORIZ.",IF(COUNTIF(S116:U116,"X")<>1,"FALTA/DUPLA: SIN. VERTICAL","OK")))))) -> OK
A117: 070ETO0250 | B117: C | C117: 32 | D117: 32.011004 | E117: =D117-C117 -> 0.011003798 | G117: X | K117: X | N117: X | Q117: X | T117: X | W117: =IF(COUNTA(F117:U117)=0,"— não preenchido",IF(COUNTIF(F117:J117,"X")<>1,"FALTA/DUPLA: CONDIÇÃO DO PAVIMENTO",IF(COUNTIF(K117:L117,"X")<>1,"FALTA/DUPLA: VEGETAÇÃO",IF(COUNTIF(M117:O117,"X")<>1,"FALTA/DUPLA: ELEM. DE DRENAGEM",IF(COUNTIF(P117:R117,"X")<>1,"FALTA/DUPLA: SIN. HORIZ.",IF(COUNTIF(S117:U117,"X")<>1,"FALTA/DUPLA: SIN. VERTICAL","OK")))))) -> OK
A119: ____________________________________________ | G119: ____________________________________________
A120: TÉCNICO RESPONSÁVEL PELA INSPEÇÃO | G120: VISTO DA SUPERVISÃO
A122: RESUMO DO TRECHO — KM LANÇADO POR ITEM
A123: KM LANÇADO | F123: =SUMIF(F$9:F$117,"X",$E$9:$E$117) -> 0 | G123: =SUMIF(G$9:G$117,"X",$E$9:$E$117) -> 81.396931 | H123: =SUMIF(H$9:H$117,"X",$E$9:$E$117) -> 19 | I123: =SUMIF(I$9:I$117,"X",$E$9:$E$117) -> 2 | J123: =SUMIF(J$9:J$117,"X",$E$9:$E$117) -> 0 | K123: =SUMIF(K$9:K$117,"X",$E$9:$E$117) -> 25.15782 | L123: =SUMIF(L$9:L$117,"X",$E$9:$E$117) -> 77.239111 | M123: =SUMIF(M$9:M$117,"X",$E$9:$E$117) -> 0 | ... U123: =SUMIF(U$9:U$117,"X",$E$9:$E$117) -> 0
A124: % DA EXTENSÃO | F124: =IF($R126=0,0,F123/$R126) -> 0 | G124: =IF($R126=0,0,G123/$R126) -> 0.79491573 | H124: =IF($R126=0,0,H123/$R126) -> 0.18555244 | I124: =IF($R126=0,0,I123/$R126) -> 0.019531835 | J124: =IF($R126=0,0,J123/$R126) -> 0 | K124: =IF($R126=0,0,K123/$R126) -> 0.2456892 | L124: =IF($R126=0,0,L123/$R126) -> 0.7543108 | M124: =IF($R126=0,0,M123/$R126) -> 0 | ... U124: =IF($R126=0,0,U123/$R126) -> 0
...

Sheet 203
A1: PROGRAMA DE MANUTENÇÃO RODOVIÁRIA — FICHA DE INSPEÇÃO — RODOVIAS PAVIMENTADAS | Y1: Valores dos gráficos — troca 0 por N/D para a fatia não aparecer. Não editar.
A2: REGIÃO: 11 — GURUPI | G2: MÊS / ANO: | I2: 46266 | K2: DATA: | P2: TÉCNICO: | R2: ENG. THIAGO BORGES TORQUATO | Y2: =IF(F15=0,NA(),F15) -> #N/A | Z2: =IF(G15=0,NA(),G15) -> #N/A | AA2: =IF(H15=0,NA(),H15) -> 0.99985589 | AB2: =IF(I15=0,NA(),I15) -> #N/A | AC2: =IF(J15=0,NA(),J15) -> #N/A | AD2: =IF(K15=0,NA(),K15) -> 0.99985589 | AE2: =IF(L15=0,NA(),L15) -> #N/A | AF2: =IF(M15=0,NA(),M15) -> 0.99985589 | ... AN2: =IF(U15=0,NA(),U15) -> #N/A
A3: TRECHO 203 — RODOVIA TO-373 - TRECHO ALVORADA - ARAGUAÇU - PERÍMETRO URBANO | T3: EXTENSÃO: 1,000 km · 1 S.R.E.
A4: COMO PREENCHER: uma X em UMA coluna de cada grupo, por linha. Se houver mais de um defeito no mesmo km, marque o PREDOMINANTE e escreva o resto em OBSERVAÇÕES. A quilometragem é contada de 0 até o fim de CADA S.R.E. (não é o marco da rodovia).
A6: S.R.E. | B6: SENT. | C6: INÍCIO (KM) | D6: FIM (KM) | E6: EXT. (KM) | F6: CONDIÇÃO DO PAVIMENTO | K6: VEGETAÇÃO | M6: ELEM. DE DRENAGEM | P6: SIN. HORIZ. | S6: SIN. VERTICAL | V6: OBSERVAÇÕES | W6: CONFERÊNCIA (só na tela)
F7: BOM | G7: REM. I. | H7: REM. L. | I7: BUR. I. | J7: BUR. L. | K7: ADEQ. | L7: INAD. | M7: LIMPOS | N7: SUJOS | O7: DAN. | P7: BOM | Q7: REG. | R7: INEXIST. | S7: BOM | T7: POUCAS | U7: INEXIST.
A8: S.R.E. 373ETO0221 | ALVORADA *TRECHO URBANO* | PSU · Municipal · 1.000 km · início: -12.4898, -49.12822
A9: 373ETO0221 | B9: C | C9: 0 | D9: 0.99985589 | E9: =D9-C9 -> 0.99985589 | H9: X | K9: X | M9: X | Q9: X | T9: X | W9: =IF(COUNTA(F9:U9)=0,"— não preenchido",IF(COUNTIF(F9:J9,"X")<>1,"FALTA/DUPLA: CONDIÇÃO DO PAVIMENTO",IF(COUNTIF(K9:L9,"X")<>1,"FALTA/DUPLA: VEGETAÇÃO",IF(COUNTIF(M9:O9,"X")<>1,"FALTA/DUPLA: ELEM. DE DRENAGEM",IF(COUNTIF(P9:R9,"X")<>1,"FALTA/DUPLA: SIN. HORIZ.",IF(COUNTIF(S9:U9,"X")<>1,"FALTA/DUPLA: SIN. VERTICAL","OK")))))) -> OK
A11: ____________________________________________ | G11: ____________________________________________
A12: TÉCNICO RESPONSÁVEL PELA INSPEÇÃO | G12: VISTO DA SUPERVISÃO
A14: RESUMO DO TRECHO — KM LANÇADO POR ITEM
A15: KM LANÇADO | F15: =SUMIF(F$9:F$9,"X",$E$9:$E$9) -> 0 | G15: =SUMIF(G$9:G$9,"X",$E$9:$E$9) -> 0 | H15: =SUMIF(H$9:H$9,"X",$E$9:$E$9) -> 0.99985589 | I15: =SUMIF(I$9:I$9,"X",$E$9:$E$9) -> 0 | J15: =SUMIF(J$9:J$9,"X",$E$9:$E$9) -> 0 | K15: =SUMIF(K$9:K$9,"X",$E$9:$E$9) -> 0.99985589 | L15: =SUMIF(L$9:L$9,"X",$E$9:$E$9) -> 0 | M15: =SUMIF(M$9:M$9,"X",$E$9:$E$9) -> 0.99985589 | ... U15: =SUMIF(U$9:U$9,"X",$E$9:$E$9) -> 0
A16: % DA EXTENSÃO | F16: =IF($R18=0,0,F15/$R18) -> 0 | G16: =IF($R18=0,0,G15/$R18) -> 0 | H16: =IF($R18=0,0,H15/$R18) -> 1 | I16: =IF($R18=0,0,I15/$R18) -> 0 | J16: =IF($R18=0,0,J15/$R18) -> 0 | K16: =IF($R18=0,0,K15/$R18) -> 1 | L16: =IF($R18=0,0,L15/$R18) -> 0 | M16: =IF($R18=0,0,M15/$R18) -> 1 | ... U16: =IF($R18=0,0,U15/$R18) -> 0
A17: CONFERÊNCIA POR GRUPO | F17: =IF(SUM(F15:J15)=0,"— não preenchido",IF(ROUND(SUM(F15:J15)-$R18,3)=0,"OK — "&ROUND(SUM(F15:J15),3)&" km","ERRO — dif. de "&ROUND(SUM(F15:J15)-$R18,3)&" km")) -> OK — 1 km | K17: =IF(SUM(K15:L15)=0,"— não preenchido",IF(ROUND(SUM(K15:L15)-$R18,3)=0,"OK — "&ROUND(SUM(K15:L15),3)&" km","ERRO — dif. de "&ROUND(SUM(K15:L15)-$R18,3)&" km")) -> OK — 1 km | M17: =IF(SUM(M15:O15)=0,"— não preenchido",IF(ROUND(SUM(M15:O15)-$R18,3)=0,"OK — "&ROUND(SUM(M15:O15),3)&" km","ERRO — dif. de "&ROUND(SUM(M15:O15)-$R18,3)&" km")) -> OK — 1 km | P17: =IF(SUM(P15:R15)=0,"— não preenchido",IF(ROUND(SUM(P15:R15)-$R18,3)=0,"OK — "&ROUND(SUM(P15:R15),3)&" km","ERRO — dif. de "&ROUND(SUM(P15:R15)-$R18,3)&" km")) -> OK — 1 km | S17: =IF(SUM(S15:U15)=0,"— não preenchido",IF(ROUND(SUM(S15:U15)-$R18,3)=0,"OK — "&ROUND(SUM(S15:U15),3)&" km","ERRO — dif. de "&ROUND(SUM(S15:U15)-$R18,3)&" km")) -> OK — 1 km
A18: EXTENSÃO TOTAL DO TRECHO | R18: =SUM(E9:E9) -> 0.99985589 | V18: =COUNTIF(W9:W9,"OK")&" de "&COUNT($E$9:$E$9)&" linhas conferidas" -> 1 de 1 linhas conferidas
A20: LEGENDA
A21: REM. I. / REM. L. | E21: Remendos isolados (até 10 por km) · Remendos ao longo (mais de 10 por km)
A22: BUR. I. / BUR. L. | E22: Buracos isolados (até 5 por km) · Buracos ao longo (mais de 5 por km)
A23: SIT. | E23: PPS = pista simples · PSU = simples urbana · PDU = duplicada
A24: FAIXA AZUL | E24: Cabeçalho de cada S.R.E.: descrição, situação, jurisdição, extensão e coordenada de início.
A25: INÍCIO / FIM (KM) | E25: Contados de 0 até o fim de CADA S.R.E. Não é o marco quilométrico da rodovia.
A26: SENT. | E26: C = crescente · D = decrescente
A27: FAIXA CINZA | E27: Segmento fora do escopo do contrato: você passa por ele, mas não preenche.
A28: CÉLULA VERMELHA | E28: Mais de uma X no mesmo grupo. Apague uma delas.
A29: CONFERÊNCIA | E29: Só na tela, não sai impresso. Fica OK com uma X em cada grupo.

Sheet 204
A1: PROGRAMA DE MANUTENÇÃO RODOVIÁRIA — FICHA DE INSPEÇÃO — RODOVIAS PAVIMENTADAS | Y1: Valores dos gráficos — troca 0 por N/D para a fatia não aparecer. Não editar.
A2: REGIÃO: 11 — GURUPI | G2: MÊS / ANO: | I2: 46266 | K2: DATA: | P2: TÉCNICO: | R2: ENG. THIAGO BORGES TORQUATO | Y2: =IF(F75=0,NA(),F75) -> #N/A | Z2: =IF(G75=0,NA(),G75) -> 56 | AA2: =IF(H75=0,NA(),H75) -> 3.7456118 | AB2: =IF(I75=0,NA(),I75) -> #N/A | AC2: =IF(J75=0,NA(),J75) -> #N/A | AD2: =IF(K75=0,NA(),K75) -> 59.745612 | AE2: =IF(L75=0,NA(),L75) -> #N/A | AF2: =IF(M75=0,NA(),M75) -> 0.99026288 | ... AN2: =IF(U75=0,NA(),U75) -> #N/A
A3: TRECHO 204 — RODOVIA TO-070 - TRECHO ALIANÇA DO TOCANTINS - BREJINHO DE NAZARÉ | T3: EXTENSÃO: 59,746 km · 2 S.R.E.
A4: COMO PREENCHER: uma X em UMA coluna de cada grupo, por linha. Se houver mais de um defeito no mesmo km, marque o PREDOMINANTE e escreva o resto em OBSERVAÇÕES. A quilometragem é contada de 0 até o fim de CADA S.R.E. (não é o marco da rodovia).
A6: S.R.E. | B6: SENT. | C6: INÍCIO (KM) | D6: FIM (KM) | E6: EXT. (KM) | F6: CONDIÇÃO DO PAVIMENTO | K6: VEGETAÇÃO | M6: ELEM. DE DRENAGEM | P6: SIN. HORIZ. | S6: SIN. VERTICAL | V6: OBSERVAÇÕES | W6: CONFERÊNCIA (só na tela)
F7: BOM | G7: REM. I. | H7: REM. L. | I7: BUR. I. | J7: BUR. L. | K7: ADEQ. | L7: INAD. | M7: LIMPOS | N7: SUJOS | O7: DAN. | P7: BOM | Q7: REG. | R7: INEXIST. | S7: BOM | T7: POUCAS | U7: INEXIST.
A8: S.R.E. 070ETO0120 | BREJINHO DE NAZARÉ *TRECHO URBANO* - ALIANCA *TRECHO URBANO* | PPS · Estadual · 58.755 km · início: -11.015083, -48.579912
A9: 070ETO0120 | B9: C | C9: 0 | D9: 1 | E9: =D9-C9 -> 1 | G9: X | K9: X | N9: X | Q9: X | T9: X | W9: =IF(COUNTA(F9:U9)=0,"— não preenchido",IF(COUNTIF(F9:J9,"X")<>1,"FALTA/DUPLA: CONDIÇÃO DO PAVIMENTO",IF(COUNTIF(K9:L9,"X")<>1,"FALTA/DUPLA: VEGETAÇÃO",IF(COUNTIF(M9:O9,"X")<>1,"FALTA/DUPLA: ELEM. DE DRENAGEM",IF(COUNTIF(P9:R9,"X")<>1,"FALTA/DUPLA: SIN. HORIZ.",IF(COUNTIF(S9:U9,"X")<>1,"FALTA/DUPLA: SIN. VERTICAL","OK")))))) -> OK
A10: 070ETO0120 | B10: C | C10: 1 | D10: 2 | E10: =D10-C10 -> 1 | G10: X | K10: X | N10: X | Q10: X | T10: X | W10: =IF(COUNTA(F10:U10)=0,"— não preenchido",IF(COUNTIF(F10:J10,"X")<>1,"FALTA/DUPLA: CONDIÇÃO DO PAVIMENTO",IF(COUNTIF(K10:L10,"X")<>1,"FALTA/DUPLA: VEGETAÇÃO",IF(COUNTIF(M10:O10,"X")<>1,"FALTA/DUPLA: ELEM. DE DRENAGEM",IF(COUNTIF(P10:R10,"X")<>1,"FALTA/DUPLA: SIN. HORIZ.",IF(COUNTIF(S10:U10,"X")<>1,"FALTA/DUPLA: SIN. VERTICAL","OK")))))) -> OK
A11: 070ETO0120 | B11: C | C11: 2 | D11: 3 | E11: =D11-C11 -> 1 | G11: X | K11: X | N11: X | Q11: X | T11: X | W11: =IF(COUNTA(F11:U11)=0,"— não preenchido",IF(COUNTIF(F11:J11,"X")<>1,"FALTA/DUPLA: CONDIÇÃO DO PAVIMENTO",IF(COUNTIF(K11:L11,"X")<>1,"FALTA/DUPLA: VEGETAÇÃO",IF(COUNTIF(M11:O11,"X")<>1,"FALTA/DUPLA: ELEM. DE DRENAGEM",IF(COUNTIF(P11:R11,"X")<>1,"FALTA/DUPLA: SIN. HORIZ.",IF(COUNTIF(S11:U11,"X")<>1,"FALTA/DUPLA: SIN. VERTICAL","OK")))))) -> OK
A12: 070ETO0120 | B12: C | C12: 3 | D12: 4 | E12: =D12-C12 -> 1 | G12: X | K12: X | N12: X | Q12: X | T12: X | W12: =IF(COUNTA(F12:U12)=0,"— não preenchido",IF(COUNTIF(F12:J12,"X")<>1,"FALTA/DUPLA: CONDIÇÃO DO PAVIMENTO",IF(COUNTIF(K12:L12,"X")<>1,"FALTA/DUPLA: VEGETAÇÃO",IF(COUNTIF(M12:O12,"X")<>1,"FALTA/DUPLA: ELEM. DE DRENAGEM",IF(COUNTIF(P12:R12,"X")<>1,"FALTA/DUPLA: SIN. HORIZ.",IF(COUNTIF(S12:U12,"X")<>1,"FALTA/DUPLA: SIN. VERTICAL","OK")))))) -> OK
A13: 070ETO0120 | B13: C | C13: 4 | D13: 5 | E13: =D13-C13 -> 1 | G13: X | K13: X | N13: X | Q13: X | T13: X | W13: =IF(COUNTA(F13:U13)=0,"— não preenchido",IF(COUNTIF(F13:J13,"X")<>1,"FALTA/DUPLA: CONDIÇÃO DO PAVIMENTO",IF(COUNTIF(K13:L13,"X")<>1,"FALTA/DUPLA: VEGETAÇÃO",IF(COUNTIF(M13:O13,"X")<>1,"FALTA/DUPLA: ELEM. DE DRENAGEM",IF(COUNTIF(P13:R13,"X")<>1,"FALTA/DUPLA: SIN. HORIZ.",IF(COUNTIF(S13:U13,"X")<>1,"FALTA/DUPLA: SIN. VERTICAL","OK")))))) -> OK
A14: 070ETO0120 | B14: C | C14: 5 | D14: 6 | E14: =D14-C14 -> 1 | G14: X | K14: X | N14: X | Q14: X | T14: X | W14: =IF(COUNTA(F14:U14)=0,"— não preenchido",IF(COUNTIF(F14:J14,"X")<>1,"FALTA/DUPLA: CONDIÇÃO DO PAVIMENTO",IF(COUNTIF(K14:L14,"X")<>1,"FALTA/DUPLA: VEGETAÇÃO",IF(COUNTIF(M14:O14,"X")<>1,"FALTA/DUPLA: ELEM. DE DRENAGEM",IF(COUNTIF(P14:R14,"X")<>1,"FALTA/DUPLA: SIN. HORIZ.",IF(COUNTIF(S14:U14,"X")<>1,"FALTA/DUPLA: SIN. VERTICAL","OK")))))) -> OK
A15: 070ETO0120 | B15: C | C15: 6 | D15: 7 | E15: =D15-C15 -> 1 | G15: X | K15: X | N15: X | Q15: X | T15: X | W15: =IF(COUNTA(F15:U15)=0,"— não preenchido",IF(COUNTIF(F15:J15,"X")<>1,"FALTA/DUPLA: CONDIÇÃO DO PAVIMENTO",IF(COUNTIF(K15:L15,"X")<>1,"FALTA/DUPLA: VEGETAÇÃO",IF(COUNTIF(M15:O15,"X")<>1,"FALTA/DUPLA: ELEM. DE DRENAGEM",IF(COUNTIF(P15:R15,"X")<>1,"FALTA/DUPLA: SIN. HORIZ.",IF(COUNTIF(S15:U15,"X")<>1,"FALTA/DUPLA: SIN. VERTICAL","OK")))))) -> OK
A16: 070ETO0120 | B16: C | C16: 7 | D16: 8 | E16: =D16-C16 -> 1 | G16: X | K16: X | N16: X | Q16: X | T16: X | W16: =IF(COUNTA(F16:U16)=0,"— não preenchido",IF(COUNTIF(F16:J16,"X")<>1,"FALTA/DUPLA: CONDIÇÃO DO PAVIMENTO",IF(COUNTIF(K16:L16,"X")<>1,"FALTA/DUPLA: VEGETAÇÃO",IF(COUNTIF(M16:O16,"X")<>1,"FALTA/DUPLA: ELEM. DE DRENAGEM",IF(COUNTIF(P16:R16,"X")<>1,"FALTA/DUPLA: SIN. HORIZ.",IF(COUNTIF(S16:U16,"X")<>1,"FALTA/DUPLA: SIN. VERTICAL","OK")))))) -> OK
A17: 070ETO0120 | B17: C | C17: 8 | D17: 9 | E17: =D17-C17 -> 1 | G17: X | K17: X | N17: X | Q17: X | T17: X | W17: =IF(COUNTA(F17:U17)=0,"— não preenchido",IF(COUNTIF(F17:J17,"X")<>1,"FALTA/DUPLA: CONDIÇÃO DO PAVIMENTO",IF(COUNTIF(K17:L17,"X")<>1,"FALTA/DUPLA: VEGETAÇÃO",IF(COUNTIF(M17:O17,"X")<>1,"FALTA/DUPLA: ELEM. DE DRENAGEM",IF(COUNTIF(P17:R17,"X")<>1,"FALTA/DUPLA: SIN. HORIZ.",IF(COUNTIF(S17:U17,"X")<>1,"FALTA/DUPLA: SIN. VERTICAL","OK")))))) -> OK
A18: 070ETO0120 | B18: C | C18: 9 | D18: 10 | E18: =D18-C18 -> 1 | G18: X | K18: X | N18: X | Q18: X | T18: X | W18: =IF(COUNTA(F18:U18)=0,"— não preenchido",IF(COUNTIF(F18:J18,"X")<>1,"FALTA/DUPLA: CONDIÇÃO DO PAVIMENTO",IF(COUNTIF(K18:L18,"X")<>1,"FALTA/DUPLA: VEGETAÇÃO",IF(COUNTIF(M18:O18,"X")<>1,"FALTA/DUPLA: ELEM. DE DRENAGEM",IF(COUNTIF(P18:R18,"X")<>1,"FALTA/DUPLA: SIN. HORIZ.",IF(COUNTIF(S18:U18,"X")<>1,"FALTA/DUPLA: SIN. VERTICAL","OK")))))) -> OK
A19: 070ETO0120 | B19: C | C19: 10 | D19: 11 | E19: =D19-C19 -> 1 | G19: X | K19: X | N19: X | Q19: X | T19: X | W19: =IF(COUNTA(F19:U19)=0,"— não preenchido",IF(COUNTIF(F19:J19,"X")<>1,"FALTA/DUPLA: CONDIÇÃO DO PAVIMENTO",IF(COUNTIF(K19:L19,"X")<>1,"FALTA/DUPLA: VEGETAÇÃO",IF(COUNTIF(M19:O19,"X")<>1,"FALTA/DUPLA: ELEM. DE DRENAGEM",IF(COUNTIF(P19:R19,"X")<>1,"FALTA/DUPLA: SIN. HORIZ.",IF(COUNTIF(S19:U19,"X")<>1,"FALTA/DUPLA: SIN. VERTICAL","OK")))))) -> OK
A20: 070ETO0120 | B20: C | C20: 11 | D20: 12 | E20: =D20-C20 -> 1 | H20: X | K20: X | N20: X | Q20: X | T20: X | W20: =IF(COUNTA(F20:U20)=0,"— não preenchido",IF(COUNTIF(F20:J20,"X")<>1,"FALTA/DUPLA: CONDIÇÃO DO PAVIMENTO",IF(COUNTIF(K20:L20,"X")<>1,"FALTA/DUPLA: VEGETAÇÃO",IF(COUNTIF(M20:O20,"X")<>1,"FALTA/DUPLA: ELEM. DE DRENAGEM",IF(COUNTIF(P20:R20,"X")<>1,"FALTA/DUPLA: SIN. HORIZ.",IF(COUNTIF(S20:U20,"X")<>1,"FALTA/DUPLA: SIN. VERTICAL","OK")))))) -> OK
A21: 070ETO0120 | B21: C | C21: 12 | D21: 13 | E21: =D21-C21 -> 1 | G21: X | K21: X | N21: X | Q21: X | T21: X | W21: =IF(COUNTA(F21:U21)=0,"— não preenchido",IF(COUNTIF(F21:J21,"X")<>1,"FALTA/DUPLA: CONDIÇÃO DO PAVIMENTO",IF(COUNTIF(K21:L21,"X")<>1,"FALTA/DUPLA: VEGETAÇÃO",IF(COUNTIF(M21:O21,"X")<>1,"FALTA/DUPLA: ELEM. DE DRENAGEM",IF(COUNTIF(P21:R21,"X")<>1,"FALTA/DUPLA: SIN. HORIZ.",IF(COUNTIF(S21:U21,"X")<>1,"FALTA/DUPLA: SIN. VERTICAL","OK")))))) -> OK
A22: 070ETO0120 | B22: C | C22: 13 | D22: 14 | E22: =D22-C22 -> 1 | G22: X | K22: X | N22: X | Q22: X | T22: X | W22: =IF(COUNTA(F22:U22)=0,"— não preenchido",IF(COUNTIF(F22:J22,"X")<>1,"FALTA/DUPLA: CONDIÇÃO DO PAVIMENTO",IF(COUNTIF(K22:L22,"X")<>1,"FALTA/DUPLA: VEGETAÇÃO",IF(COUNTIF(M22:O22,"X")<>1,"FALTA/DUPLA: ELEM. DE DRENAGEM",IF(COUNTIF(P22:R22,"X")<>1,"FALTA/DUPLA: SIN. HORIZ.",IF(COUNTIF(S22:U22,"X")<>1,"FALTA/DUPLA: SIN. VERTICAL","OK")))))) -> OK
A23: 070ETO0120 | B23: C | C23: 14 | D23: 15 | E23: =D23-C23 -> 1 | G23: X | K23: X | N23: X | Q23: X | T23: X | W23: =IF(COUNTA(F23:U23)=0,"— não preenchido",IF(COUNTIF(F23:J23,"X")<>1,"FALTA/DUPLA: CONDIÇÃO DO PAVIMENTO",IF(COUNTIF(K23:L23,"X")<>1,"FALTA/DUPLA: VEGETAÇÃO",IF(COUNTIF(M23:O23,"X")<>1,"FALTA/DUPLA: ELEM. DE DRENAGEM",IF(COUNTIF(P23:R23,"X")<>1,"FALTA/DUPLA: SIN. HORIZ.",IF(COUNTIF(S23:U23,"X")<>1,"FALTA/DUPLA: SIN. VERTICAL","OK")))))) -> OK
A24: 070ETO0120 | B24: C | C24: 15 | D24: 16 | E24: =D24-C24 -> 1 | G24: X | K24: X | N24: X | R24: X | T24: X | W24: =IF(COUNTA(F24:U24)=0,"— não preenchido",IF(COUNTIF(F24:J24,"X")<>1,"FALTA/DUPLA: CONDIÇÃO DO PAVIMENTO",IF(COUNTIF(K24:L24,"X")<>1,"FALTA/DUPLA: VEGETAÇÃO",IF(COUNTIF(M24:O24,"X")<>1,"FALTA/DUPLA: ELEM. DE DRENAGEM",IF(COUNTIF(P24:R24,"X")<>1,"FALTA/DUPLA: SIN. HORIZ.",IF(COUNTIF(S24:U24,"X")<>1,"FALTA/DUPLA: SIN. VERTICAL","OK")))))) -> OK
A25: 070ETO0120 | B25: C | C25: 16 | D25: 17 | E25: =D25-C25 -> 1 | G25: X | K25: X | N25: X | Q25: X | T25: X | W25: =IF(COUNTA(F25:U25)=0,"— não preenchido",IF(COUNTIF(F25:J25,"X")<>1,"FALTA/DUPLA: CONDIÇÃO DO PAVIMENTO",IF(COUNTIF(K25:L25,"X")<>1,"FALTA/DUPLA: VEGETAÇÃO",IF(COUNTIF(M25:O25,"X")<>1,"FALTA/DUPLA: ELEM. DE DRENAGEM",IF(COUNTIF(P25:R25,"X")<>1,"FALTA/DUPLA: SIN. HORIZ.",IF(COUNTIF(S25:U25,"X")<>1,"FALTA/DUPLA: SIN. VERTICAL","OK")))))) -> OK
A26: 070ETO0120 | B26: C | C26: 17 | D26: 18 | E26: =D26-C26 -> 1 | G26: X | K26: X | N26: X | Q26: X | T26: X | W26: =IF(COUNTA(F26:U26)=0,"— não preenchido",IF(COUNTIF(F26:J26,"X")<>1,"FALTA/DUPLA: CONDIÇÃO DO PAVIMENTO",IF(COUNTIF(K26:L26,"X")<>1,"FALTA/DUPLA: VEGETAÇÃO",IF(COUNTIF(M26:O26,"X")<>1,"FALTA/DUPLA: ELEM. DE DRENAGEM",IF(COUNTIF(P26:R26,"X")<>1,"FALTA/DUPLA: SIN. HORIZ.",IF(COUNTIF(S26:U26,"X")<>1,"FALTA/DUPLA: SIN. VERTICAL","OK")))))) -> OK
A27: 070ETO0120 | B27: C | C27: 18 | D27: 19 | E27: =D27-C27 -> 1 | G27: X | K27: X | N27: X | Q27: X | T27: X | W27: =IF(COUNTA(F27:U27)=0,"— não preenchido",IF(COUNTIF(F27:J27,"X")<>1,"FALTA/DUPLA: CONDIÇÃO DO PAVIMENTO",IF(COUNTIF(K27:L27,"X")<>1,"FALTA/DUPLA: VEGETAÇÃO",IF(COUNTIF(M27:O27,"X")<>1,"FALTA/DUPLA: ELEM. DE DRENAGEM",IF(COUNTIF(P27:R27,"X")<>1,"FALTA/DUPLA: SIN. HORIZ.",IF(COUNTIF(S27:U27,"X")<>1,"FALTA/DUPLA: SIN. VERTICAL","OK")))))) -> OK
A28: 070ETO0120 | B28: C | C28: 19 | D28: 20 | E28: =D28-C28 -> 1 | G28: X | K28: X | N28: X | Q28: X | T28: X | W28: =IF(COUNTA(F28:U28)=0,"— não preenchido",IF(COUNTIF(F28:J28,"X")<>1,"FALTA/DUPLA: CONDIÇÃO DO PAVIMENTO",IF(COUNTIF(K28:L28,"X")<>1,"FALTA/DUPLA: VEGETAÇÃO",IF(COUNTIF(M28:O28,"X")<>1,"FALTA/DUPLA: ELEM. DE DRENAGEM",IF(COUNTIF(P28:R28,"X")<>1,"FALTA/DUPLA: SIN. HORIZ.",IF(COUNTIF(S28:U28,"X")<>1,"FALTA/DUPLA: SIN. VERTICAL","OK")))))) -> OK
A29: 070ETO0120 | B29: C | C29: 20 | D29: 21 | E29: =D29-C29 -> 1 | G29: X | K29: X | N29: X | Q29: X | T29: X | W29: =IF(COUNTA(F29:U29)=0,"— não preenchido",IF(COUNTIF(F29:J29,"X")<>1,"FALTA/DUPLA: CONDIÇÃO DO PAVIMENTO",IF(COUNTIF(K29:L29,"X")<>1,"FALTA/DUPLA: VEGETAÇÃO",IF(COUNTIF(M29:O29,"X")<>1,"FALTA/DUPLA: ELEM. DE DRENAGEM",IF(COUNTIF(P29:R29,"X")<>1,"FALTA/DUPLA: SIN. HORIZ.",IF(COUNTIF(S29:U29,"X")<>1,"FALTA/DUPLA: SIN. VERTICAL","OK")))))) -> OK
A30: 070ETO0120 | B30: C | C30: 21 | D30: 22 | E30: =D30-C30 -> 1 | G30: X | K30: X | N30: X | Q30: X | T30: X | W30: =IF(COUNTA(F30:U30)=0,"— não preenchido",IF(COUNTIF(F30:J30,"X")<>1,"FALTA/DUPLA: CONDIÇÃO DO PAVIMENTO",IF(COUNTIF(K30:L30,"X")<>1,"FALTA/DUPLA: VEGETAÇÃO",IF(COUNTIF(M30:O30,"X")<>1,"FALTA/DUPLA: ELEM. DE DRENAGEM",IF(COUNTIF(P30:R30,"X")<>1,"FALTA/DUPLA: SIN. HORIZ.",IF(COUNTIF(S30:U30,"X")<>1,"FALTA/DUPLA: SIN. VERTICAL","OK")))))) -> OK
A31: 070ETO0120 | B31: C | C31: 22 | D31: 23 | E31: =D31-C31 -> 1 | H31: X | K31: X | N31: X | Q31: X | T31: X | W31: =IF(COUNTA(F31:U31)=0,"— não preenchido",IF(COUNTIF(F31:J31,"X")<>1,"FALTA/DUPLA: CONDIÇÃO DO PAVIMENTO",IF(COUNTIF(K31:L31,"X")<>1,"FALTA/DUPLA: VEGETAÇÃO",IF(COUNTIF(M31:O31,"X")<>1,"FALTA/DUPLA: ELEM. DE DRENAGEM",IF(COUNTIF(P31:R31,"X")<>1,"FALTA/DUPLA: SIN. HORIZ.",IF(COUNTIF(S31:U31,"X")<>1,"FALTA/DUPLA: SIN. VERTICAL","OK")))))) -> OK
A32: 070ETO0120 | B32: C | C32: 23 | D32: 24 | E32: =D32-C32 -> 1 | G32: X | K32: X | N32: X | Q32: X | T32: X | W32: =IF(COUNTA(F32:U32)=0,"— não preenchido",IF(COUNTIF(F32:J32,"X")<>1,"FALTA/DUPLA: CONDIÇÃO DO PAVIMENTO",IF(COUNTIF(K32:L32,"X")<>1,"FALTA/DUPLA: VEGETAÇÃO",IF(COUNTIF(M32:O32,"X")<>1,"FALTA/DUPLA: ELEM. DE DRENAGEM",IF(COUNTIF(P32:R32,"X")<>1,"FALTA/DUPLA: SIN. HORIZ.",IF(COUNTIF(S32:U32,"X")<>1,"FALTA/DUPLA: SIN. VERTICAL","OK")))))) -> OK
A33: 070ETO0120 | B33: C | C33: 24 | D33: 25 | E33: =D33-C33 -> 1 | G33: X | K33: X | N33: X | Q33: X | T33: X | W33: =IF(COUNTA(F33:U33)=0,"— não preenchido",IF(COUNTIF(F33:J33,"X")<>1,"FALTA/DUPLA: CONDIÇÃO DO PAVIMENTO",IF(COUNTIF(K33:L33,"X")<>1,"FALTA/DUPLA: VEGETAÇÃO",IF(COUNTIF(M33:O33,"X")<>1,"FALTA/DUPLA: ELEM. DE DRENAGEM",IF(COUNTIF(P33:R33,"X")<>1,"FALTA/DUPLA: SIN. HORIZ.",IF(COUNTIF(S33:U33,"X")<>1,"FALTA/DUPLA: SIN. VERTICAL","OK")))))) -> OK
A34: 070ETO0120 | B34: C | C34: 25 | D34: 26 | E34: =D34-C34 -> 1 | G34: X | K34: X | N34: X | Q34: X | T34: X | W34: =IF(COUNTA(F34:U34)=0,"— não preenchido",IF(COUNTIF(F34:J34,"X")<>1,"FALTA/DUPLA: CONDIÇÃO DO PAVIMENTO",IF(COUNTIF(K34:L34,"X")<>1,"FALTA/DUPLA: VEGETAÇÃO",IF(COUNTIF(M34:O34,"X")<>1,"FALTA/DUPLA: ELEM. DE DRENAGEM",IF(COUNTIF(P34:R34,"X")<>1,"FALTA/DUPLA: SIN. HORIZ.",IF(COUNTIF(S34:U34,"X")<>1,"FALTA/DUPLA: SIN. VERTICAL","OK")))))) -> OK
A35: 070ETO0120 | B35: C | C35: 26 | D35: 27 | E35: =D35-C35 -> 1 | G35: X | K35: X | N35: X | Q35: X | T35: X | W35: =IF(COUNTA(F35:U35)=0,"— não preenchido",IF(COUNTIF(F35:J35,"X")<>1,"FALTA/DUPLA: CONDIÇÃO DO PAVIMENTO",IF(COUNTIF(K35:L35,"X")<>1,"FALTA/DUPLA: VEGETAÇÃO",IF(COUNTIF(M35:O35,"X")<>1,"FALTA/DUPLA: ELEM. DE DRENAGEM",IF(COUNTIF(P35:R35,"X")<>1,"FALTA/DUPLA: SIN. HORIZ.",IF(COUNTIF(S35:U35,"X")<>1,"FALTA/DUPLA: SIN. VERTICAL","OK")))))) -> OK
A36: 070ETO0120 | B36: C | C36: 27 | D36: 28 | E36: =D36-C36 -> 1 | G36: X | K36: X | N36: X | Q36: X | T36: X | W36: =IF(COUNTA(F36:U36)=0,"— não preenchido",IF(COUNTIF(F36:J36,"X")<>1,"FALTA/DUPLA: CONDIÇÃO DO PAVIMENTO",IF(COUNTIF(K36:L36,"X")<>1,"FALTA/DUPLA: VEGETAÇÃO",IF(COUNTIF(M36:O36,"X")<>1,"FALTA/DUPLA: ELEM. DE DRENAGEM",IF(COUNTIF(P36:R36,"X")<>1,"FALTA/DUPLA: SIN. HORIZ.",IF(COUNTIF(S36:U36,"X")<>1,"FALTA/DUPLA: SIN. VERTICAL","OK")))))) -> OK
A37: 070ETO0120 | B37: C | C37: 28 | D37: 29 | E37: =D37-C37 -> 1 | G37: X | K37: X | N37: X | Q37: X | T37: X | W37: =IF(COUNTA(F37:U37)=0,"— não preenchido",IF(COUNTIF(F37:J37,"X")<>1,"FALTA/DUPLA: CONDIÇÃO DO PAVIMENTO",IF(COUNTIF(K37:L37,"X")<>1,"FALTA/DUPLA: VEGETAÇÃO",IF(COUNTIF(M37:O37,"X")<>1,"FALTA/DUPLA: ELEM. DE DRENAGEM",IF(COUNTIF(P37:R37,"X")<>1,"FALTA/DUPLA: SIN. HORIZ.",IF(COUNTIF(S37:U37,"X")<>1,"FALTA/DUPLA: SIN. VERTICAL","OK")))))) -> OK
A38: 070ETO0120 | B38: C | C38: 29 | D38: 30 | E38: =D38-C38 -> 1 | G38: X | K38: X | N38: X | Q38: X | T38: X | W38: =IF(COUNTA(F38:U38)=0,"— não preenchido",IF(COUNTIF(F38:J38,"X")<>1,"FALTA/DUPLA: CONDIÇÃO DO PAVIMENTO",IF(COUNTIF(K38:L38,"X")<>1,"FALTA/DUPLA: VEGETAÇÃO",IF(COUNTIF(M38:O38,"X")<>1,"FALTA/DUPLA: ELEM. DE DRENAGEM",IF(COUNTIF(P38:R38,"X")<>1,"FALTA/DUPLA: SIN. HORIZ.",IF(COUNTIF(S38:U38,"X")<>1,"FALTA/DUPLA: SIN. VERTICAL","OK")))))) -> OK
A39: 070ETO0120 | B39: C | C39: 30 | D39: 31 | E39: =D39-C39 -> 1 | G39: X | K39: X | N39: X | Q39: X | T39: X | W39: =IF(COUNTA(F39:U39)=0,"— não preenchido",IF(COUNTIF(F39:J39,"X")<>1,"FALTA/DUPLA: CONDIÇÃO DO PAVIMENTO",IF(COUNTIF(K39:L39,"X")<>1,"FALTA/DUPLA: VEGETAÇÃO",IF(COUNTIF(M39:O39,"X")<>1,"FALTA/DUPLA: ELEM. DE DRENAGEM",IF(COUNTIF(P39:R39,"X")<>1,"FALTA/DUPLA: SIN. HORIZ.",IF(COUNTIF(S39:U39,"X")<>1,"FALTA/DUPLA: SIN. VERTICAL","OK")))))) -> OK
A40: 070ETO0120 | B40: C | C40: 31 | D40: 32 | E40: =D40-C40 -> 1 | G40: X | K40: X | N40: X | Q40: X | T40: X | W40: =IF(COUNTA(F40:U40)=0,"— não preenchido",IF(COUNTIF(F40:J40,"X")<>1,"FALTA/DUPLA: CONDIÇÃO DO PAVIMENTO",IF(COUNTIF(K40:L40,"X")<>1,"FALTA/DUPLA: VEGETAÇÃO",IF(COUNTIF(M40:O40,"X")<>1,"FALTA/DUPLA: ELEM. DE DRENAGEM",IF(COUNTIF(P40:R40,"X")<>1,"FALTA/DUPLA: SIN. HORIZ.",IF(COUNTIF(S40:U40,"X")<>1,"FALTA/DUPLA: SIN. VERTICAL","OK")))))) -> OK
A41: 070ETO0120 | B41: C | C41: 32 | D41: 33 | E41: =D41-C41 -> 1 | G41: X | K41: X | N41: X | Q41: X | T41: X | W41: =IF(COUNTA(F41:U41)=0,"— não preenchido",IF(COUNTIF(F41:J41,"X")<>1,"FALTA/DUPLA: CONDIÇÃO DO PAVIMENTO",IF(COUNTIF(K41:L41,"X")<>1,"FALTA/DUPLA: VEGETAÇÃO",IF(COUNTIF(M41:O41,"X")<>1,"FALTA/DUPLA: ELEM. DE DRENAGEM",IF(COUNTIF(P41:R41,"X")<>1,"FALTA/DUPLA: SIN. HORIZ.",IF(COUNTIF(S41:U41,"X")<>1,"FALTA/DUPLA: SIN. VERTICAL","OK")))))) -> OK
A42: 070ETO0120 | B42: C | C42: 33 | D42: 34 | E42: =D42-C42 -> 1 | G42: X | K42: X | N42: X | Q42: X | T42: X | W42: =IF(COUNTA(F42:U42)=0,"— não preenchido",IF(COUNTIF(F42:J42,"X")<>1,"FALTA/DUPLA: CONDIÇÃO DO PAVIMENTO",IF(COUNTIF(K42:L42,"X")<>1,"FALTA/DUPLA: VEGETAÇÃO",IF(COUNTIF(M42:O42,"X")<>1,"FALTA/DUPLA: ELEM. DE DRENAGEM",IF(COUNTIF(P42:R42,"X")<>1,"FALTA/DUPLA: SIN. HORIZ.",IF(COUNTIF(S42:U42,"X")<>1,"FALTA/DUPLA: SIN. VERTICAL","OK")))))) -> OK
A43: 070ETO0120 | B43: C | C43: 34 | D43: 35 | E43: =D43-C43 -> 1 | G43: X | K43: X | N43: X | Q43: X | T43: X | W43: =IF(COUNTA(F43:U43)=0,"— não preenchido",IF(COUNTIF(F43:J43,"X")<>1,"FALTA/DUPLA: CONDIÇÃO DO PAVIMENTO",IF(COUNTIF(K43:L43,"X")<>1,"FALTA/DUPLA: VEGETAÇÃO",IF(COUNTIF(M43:O43,"X")<>1,"FALTA/DUPLA: ELEM. DE DRENAGEM",IF(COUNTIF(P43:R43,"X")<>1,"FALTA/DUPLA: SIN. HORIZ.",IF(COUNTIF(S43:U43,"X")<>1,"FALTA/DUPLA: SIN. VERTICAL","OK")))))) -> OK
... A66: 070ETO0120 | B66: C | C66: 57 | D66: 58 | E66: =D66-C66 -> 1 | G66: X | K66: X | N66: X | Q66: X | T66: X | W66: =IF(COUNTA(F66:U66)=0,"— não preenchido",IF(COUNTIF(F66:J66,"X")<>1,"FALTA/DUPLA: CONDIÇÃO DO PAVIMENTO",IF(COUNTIF(K66:L66,"X")<>1,"FALTA/DUPLA: VEGETAÇÃO",IF(COUNTIF(M66:O66,"X")<>1,"FALTA/DUPLA: ELEM. DE DRENAGEM",IF(COUNTIF(P66:R66,"X")<>1,"FALTA/DUPLA: SIN. HORIZ.",IF(COUNTIF(S66:U66,"X")<>1,"FALTA/DUPLA: SIN. VERTICAL","OK")))))) -> OK
A67: 070ETO0120 | B67: C | C67: 58 | D67: 58.755349 | E67: =D67-C67 -> 0.75534891 | H67: X | K67: X | N67: X | Q67: X | T67: X | W67: =IF(COUNTA(F67:U67)=0,"— não preenchido",IF(COUNTIF(F67:J67,"X")<>1,"FALTA/DUPLA: CONDIÇÃO DO PAVIMENTO",IF(COUNTIF(K67:L67,"X")<>1,"FALTA/DUPLA: VEGETAÇÃO",IF(COUNTIF(M67:O67,"X")<>1,"FALTA/DUPLA: ELEM. DE DRENAGEM",IF(COUNTIF(P67:R67,"X")<>1,"FALTA/DUPLA: SIN. HORIZ.",IF(COUNTIF(S67:U67,"X")<>1,"FALTA/DUPLA: SIN. VERTICAL","OK")))))) -> OK
A68: S.R.E. 070ETO0121 | ALIANCA *TRECHO URBANO* | PPS · Estadual · 0.990 km · início: -11.303736, -48.927362
A69: 070ETO0121 | B69: C | C69: 0 | D69: 0.99026288 | E69: =D69-C69 -> 0.99026288 | H69: X | K69: X | M69: X | R69: X | T69: X | W69: =IF(COUNTA(F69:U69)=0,"— não preenchido",IF(COUNTIF(F69:J69,"X")<>1,"FALTA/DUPLA: CONDIÇÃO DO PAVIMENTO",IF(COUNTIF(K69:L69,"X")<>1,"FALTA/DUPLA: VEGETAÇÃO",IF(COUNTIF(M69:O69,"X")<>1,"FALTA/DUPLA: ELEM. DE DRENAGEM",IF(COUNTIF(P69:R69,"X")<>1,"FALTA/DUPLA: SIN. HORIZ.",IF(COUNTIF(S69:U69,"X")<>1,"FALTA/DUPLA: SIN. VERTICAL","OK")))))) -> OK
A71: ____________________________________________ | G71: ____________________________________________
A72: TÉCNICO RESPONSÁVEL PELA INSPEÇÃO | G72: VISTO DA SUPERVISÃO
A74: RESUMO DO TRECHO — KM LANÇADO POR ITEM
A75: KM LANÇADO | F75: =SUMIF(F$9:F$69,"X",$E$9:$E$69) -> 0 | G75: =SUMIF(G$9:G$69,"X",$E$9:$E$69) -> 56 | H75: =SUMIF(H$9:H$69,"X",$E$9:$E$69) -> 3.7456118 | I75: =SUMIF(I$9:I$69,"X",$E$9:$E$69) -> 0 | J75: =SUMIF(J$9:J$69,"X",$E$9:$E$69) -> 0 | K75: =SUMIF(K$9:K$69,"X",$E$9:$E$69) -> 59.745612 | L75: =SUMIF(L$9:L$69,"X",$E$9:$E$69) -> 0 | M75: =SUMIF(M$9:M$69,"X",$E$9:$E$69) -> 0.99026288 | ... U75: =SUMIF(U$9:U$69,"X",$E$9:$E$69) -> 0
A76: % DA EXTENSÃO | F76: =IF($R78=0,0,F75/$R78) -> 0 | G76: =IF($R78=0,0,G75/$R78) -> 0.93730733 | H76: =IF($R78=0,0,H75/$R78) -> 0.062692668 | I76: =IF($R78=0,0,I75/$R78) -> 0 | J76: =IF($R78=0,0,J75/$R78) -> 0 | K76: =IF($R78=0,0,K75/$R78) -> 1 | L76: =IF($R78=0,0,L75/$R78) -> 0 | M76: =IF($R78=0,0,M75/$R78) -> 0.016574655 | ... U76: =IF($R78=0,0,U75/$R78) -> 0
A77: CONFERÊNCIA POR GRUPO | F77: =IF(SUM(F75:J75)=0,"— não preenchido",IF(ROUND(SUM(F75:J75)-$R78,3)=0,"OK — "&ROUND(SUM(F75:J75),3)&" km","ERRO — dif. de "&ROUND(SUM(F75:J75)-$R78,3)&" km")) -> OK — 59,746 km | K77: =IF(SUM(K75:L75)=0,"— não preenchido",IF(ROUND(SUM(K75:L75)-$R78,3)=0,"OK — "&ROUND(SUM(K75:L75),3)&" km","ERRO — dif. de "&ROUND(SUM(K75:L75)-$R78,3)&" km")) -> OK — 59,746 km | M77: =IF(SUM(M75:O75)=0,"— não preenchido",IF(ROUND(SUM(M75:O75)-$R78,3)=0,"OK — "&ROUND(SUM(M75:O75),3)&" km","ERRO — dif. de "&ROUND(SUM(M75:O75)-$R78,3)&" km")) -> OK — 59,746 km | P77: =IF(SUM(P75:R75)=0,"— não preenchido",IF(ROUND(SUM(P75:R75)-$R78,3)=0,"OK — "&ROUND(SUM(P75:R75),3)&" km","ERRO — dif. de "&ROUND(SUM(P75:R75)-$R78,3)&" km")) -> OK — 59,746 km | S77: =IF(SUM(S75:U75)=0,"— não preenchido",IF(ROUND(SUM(S75:U75)-$R78,3)=0,"OK — "&ROUND(SUM(S75:U75),3)&" km","ERRO — dif. de "&ROUND(SUM(S75:U75)-$R78,3)&" km")) -> OK — 59,746 km
A78: EXTENSÃO TOTAL DO TRECHO | R78: =SUM(E9:E69) -> 59.745612 | V78: =COUNTIF(W9:W69,"OK")&" de "&COUNT($E$9:$E$69)&" linhas conferidas" -> 60 de 60 linhas conferidas
A80: LEGENDA
A81: REM. I. / REM. L. | E81: Remendos isolados (até 10 por km) · Remendos ao longo (mais de 10 por km)
A82: BUR. I. / BUR. L. | E82: Buracos isolados (até 5 por km) · Buracos ao longo (mais de 5 por km)
A83: SIT. | E83: PPS = pista simples · PSU = simples urbana · PDU = duplicada
A84: FAIXA AZUL | E84: Cabeçalho de cada S.R.E.: descrição, situação, jurisdição, extensão e coordenada de início.
A85: INÍCIO / FIM (KM) | E85: Contados de 0 até o fim de CADA S.R.E. Não é o marco quilométrico da rodovia.
A86: SENT. | E86: C = crescente · D = decrescente
A87: FAIXA CINZA | E87: Segmento fora do escopo do contrato: você passa por ele, mas não preenche.
A88: CÉLULA VERMELHA | E88: Mais de uma X no mesmo grupo. Apague uma delas.
A89: CONFERÊNCIA | E89: Só na tela, não sai impresso. Fica OK com uma X em cada grupo.

Sheet 205
A1: PROGRAMA DE MANUTENÇÃO RODOVIÁRIA — FICHA DE INSPEÇÃO — RODOVIAS PAVIMENTADAS | Y1: Valores dos gráficos — troca 0 por N/D para a fatia não aparecer. Não editar.
A2: REGIÃO: 11 — GURUPI | G2: MÊS / ANO: | I2: 46266 | K2: DATA: | P2: TÉCNICO: | R2: ENG. THIAGO BORGES TORQUATO | Y2: =IF(F64=0,NA(),F64) -> 27.836116 | Z2: =IF(G64=0,NA(),G64) -> 9 | AA2: =IF(H64=0,NA(),H64) -> 10 | AB2: =IF(I64=0,NA(),I64) -> #N/A | AC2: =IF(J64=0,NA(),J64) -> #N/A | AD2: =IF(K64=0,NA(),K64) -> 46.836116 | AE2: =IF(L64=0,NA(),L64) -> #N/A | AF2: =IF(M64=0,NA(),M64) -> #N/A | ... AN2: =IF(U64=0,NA(),U64) -> #N/A
A3: TRECHO 205 — RODOVIA TO-070 - TRECHO DUERÉ - ALIANÇA DO TOCANTINS | T3: EXTENSÃO: 46,836 km · 3 S.R.E.
A4: COMO PREENCHER: uma X em UMA coluna de cada grupo, por linha. Se houver mais de um defeito no mesmo km, marque o PREDOMINANTE e escreva o resto em OBSERVAÇÕES. A quilometragem é contada de 0 até o fim de CADA S.R.E. (não é o marco da rodovia).
A6: S.R.E. | B6: SENT. | C6: INÍCIO (KM) | D6: FIM (KM) | E6: EXT. (KM) | F6: CONDIÇÃO DO PAVIMENTO | K6: VEGETAÇÃO | M6: ELEM. DE DRENAGEM | P6: SIN. HORIZ. | S6: SIN. VERTICAL | V6: OBSERVAÇÕES | W6: CONFERÊNCIA (só na tela)
F7: BOM | G7: REM. I. | H7: REM. L. | I7: BUR. I. | J7: BUR. L. | K7: ADEQ. | L7: INAD. | M7: LIMPOS | N7: SUJOS | O7: DAN. | P7: BOM | Q7: REG. | R7: INEXIST. | S7: BOM | T7: POUCAS | U7: INEXIST.
A8: S.R.E. 070ETO0140 | ENTR. BR-153 (B) - ENTR. TO-164 | PPS · Estadual · 26.907 km · início: -11.297987, -48.939857
A9: 070ETO0140 | B9: C | C9: 0 | D9: 1 | E9: =D9-C9 -> 1 | F9: X | K9: X | N9: X | P9: X | T9: X | W9: =IF(COUNTA(F9:U9)=0,"— não preenchido",IF(COUNTIF(F9:J9,"X")<>1,"FALTA/DUPLA: CONDIÇÃO DO PAVIMENTO",IF(COUNTIF(K9:L9,"X")<>1,"FALTA/DUPLA: VEGETAÇÃO",IF(COUNTIF(M9:O9,"X")<>1,"FALTA/DUPLA: ELEM. DE DRENAGEM",IF(COUNTIF(P9:R9,"X")<>1,"FALTA/DUPLA: SIN. HORIZ.",IF(COUNTIF(S9:U9,"X")<>1,"FALTA/DUPLA: SIN. VERTICAL","OK")))))) -> OK
A10: 070ETO0140 | B10: C | C10: 1 | D10: 2 | E10: =D10-C10 -> 1 | F10: X | K10: X | N10: X | P10: X | T10: X | W10: =IF(COUNTA(F10:U10)=0,"— não preenchido",IF(COUNTIF(F10:J10,"X")<>1,"FALTA/DUPLA: CONDIÇÃO DO PAVIMENTO",IF(COUNTIF(K10:L10,"X")<>1,"FALTA/DUPLA: VEGETAÇÃO",IF(COUNTIF(M10:O10,"X")<>1,"FALTA/DUPLA: ELEM. DE DRENAGEM",IF(COUNTIF(P10:R10,"X")<>1,"FALTA/DUPLA: SIN. HORIZ.",IF(COUNTIF(S10:U10,"X")<>1,"FALTA/DUPLA: SIN. VERTICAL","OK")))))) -> OK
A11: 070ETO0140 | B11: C | C11: 2 | D11: 3 | E11: =D11-C11 -> 1 | F11: X | K11: X | N11: X | P11: X | T11: X | W11: =IF(COUNTA(F11:U11)=0,"— não preenchido",IF(COUNTIF(F11:J11,"X")<>1,"FALTA/DUPLA: CONDIÇÃO DO PAVIMENTO",IF(COUNTIF(K11:L11,"X")<>1,"FALTA/DUPLA: VEGETAÇÃO",IF(COUNTIF(M11:O11,"X")<>1,"FALTA/DUPLA: ELEM. DE DRENAGEM",IF(COUNTIF(P11:R11,"X")<>1,"FALTA/DUPLA: SIN. HORIZ.",IF(COUNTIF(S11:U11,"X")<>1,"FALTA/DUPLA: SIN. VERTICAL","OK")))))) -> OK
A12: 070ETO0140 | B12: C | C12: 3 | D12: 4 | E12: =D12-C12 -> 1 | F12: X | K12: X | N12: X | P12: X | T12: X | W12: =IF(COUNTA(F12:U12)=0,"— não preenchido",IF(COUNTIF(F12:J12,"X")<>1,"FALTA/DUPLA: CONDIÇÃO DO PAVIMENTO",IF(COUNTIF(K12:L12,"X")<>1,"FALTA/DUPLA: VEGETAÇÃO",IF(COUNTIF(M12:O12,"X")<>1,"FALTA/DUPLA: ELEM. DE DRENAGEM",IF(COUNTIF(P12:R12,"X")<>1,"FALTA/DUPLA: SIN. HORIZ.",IF(COUNTIF(S12:U12,"X")<>1,"FALTA/DUPLA: SIN. VERTICAL","OK")))))) -> OK
A13: 070ETO0140 | B13: C | C13: 4 | D13: 5 | E13: =D13-C13 -> 1 | F13: X | K13: X | N13: X | P13: X | T13: X | W13: =IF(COUNTA(F13:U13)=0,"— não preenchido",IF(COUNTIF(F13:J13,"X")<>1,"FALTA/DUPLA: CONDIÇÃO DO PAVIMENTO",IF(COUNTIF(K13:L13,"X")<>1,"FALTA/DUPLA: VEGETAÇÃO",IF(COUNTIF(M13:O13,"X")<>1,"FALTA/DUPLA: ELEM. DE DRENAGEM",IF(COUNTIF(P13:R13,"X")<>1,"FALTA/DUPLA: SIN. HORIZ.",IF(COUNTIF(S13:U13,"X")<>1,"FALTA/DUPLA: SIN. VERTICAL","OK")))))) -> OK
A14: 070ETO0140 | B14: C | C14: 5 | D14: 6 | E14: =D14-C14 -> 1 | F14: X | K14: X | N14: X | P14: X | T14: X | W14: =IF(COUNTA(F14:U14)=0,"— não preenchido",IF(COUNTIF(F14:J14,"X")<>1,"FALTA/DUPLA: CONDIÇÃO DO PAVIMENTO",IF(COUNTIF(K14:L14,"X")<>1,"FALTA/DUPLA: VEGETAÇÃO",IF(COUNTIF(M14:O14,"X")<>1,"FALTA/DUPLA: ELEM. DE DRENAGEM",IF(COUNTIF(P14:R14,"X")<>1,"FALTA/DUPLA: SIN. HORIZ.",IF(COUNTIF(S14:U14,"X")<>1,"FALTA/DUPLA: SIN. VERTICAL","OK")))))) -> OK
A15: 070ETO0140 | B15: C | C15: 6 | D15: 7 | E15: =D15-C15 -> 1 | F15: X | K15: X | N15: X | P15: X | T15: X | W15: =IF(COUNTA(F15:U15)=0,"— não preenchido",IF(COUNTIF(F15:J15,"X")<>1,"FALTA/DUPLA: CONDIÇÃO DO PAVIMENTO",IF(COUNTIF(K15:L15,"X")<>1,"FALTA/DUPLA: VEGETAÇÃO",IF(COUNTIF(M15:O15,"X")<>1,"FALTA/DUPLA: ELEM. DE DRENAGEM",IF(COUNTIF(P15:R15,"X")<>1,"FALTA/DUPLA: SIN. HORIZ.",IF(COUNTIF(S15:U15,"X")<>1,"FALTA/DUPLA: SIN. VERTICAL","OK")))))) -> OK
A16: 070ETO0140 | B16: C | C16: 7 | D16: 8 | E16: =D16-C16 -> 1 | H16: X | K16: X | N16: X | P16: X | T16: X | W16: =IF(COUNTA(F16:U16)=0,"— não preenchido",IF(COUNTIF(F16:J16,"X")<>1,"FALTA/DUPLA: CONDIÇÃO DO PAVIMENTO",IF(COUNTIF(K16:L16,"X")<>1,"FALTA/DUPLA: VEGETAÇÃO",IF(COUNTIF(M16:O16,"X")<>1,"FALTA/DUPLA: ELEM. DE DRENAGEM",IF(COUNTIF(P16:R16,"X")<>1,"FALTA/DUPLA: SIN. HORIZ.",IF(COUNTIF(S16:U16,"X")<>1,"FALTA/DUPLA: SIN. VERTICAL","OK")))))) -> OK
A17: 070ETO0140 | B17: C | C17: 8 | D17: 9 | E17: =D17-C17 -> 1 | H17: X | K17: X | N17: X | P17: X | T17: X | W17: =IF(COUNTA(F17:U17)=0,"— não preenchido",IF(COUNTIF(F17:J17,"X")<>1,"FALTA/DUPLA: CONDIÇÃO DO PAVIMENTO",IF(COUNTIF(K17:L17,"X")<>1,"FALTA/DUPLA: VEGETAÇÃO",IF(COUNTIF(M17:O17,"X")<>1,"FALTA/DUPLA: ELEM. DE DRENAGEM",IF(COUNTIF(P17:R17,"X")<>1,"FALTA/DUPLA: SIN. HORIZ.",IF(COUNTIF(S17:U17,"X")<>1,"FALTA/DUPLA: SIN. VERTICAL","OK")))))) -> OK
A18: 070ETO0140 | B18: C | C18: 9 | D18: 10 | E18: =D18-C18 -> 1 | H18: X | K18: X | N18: X | P18: X | T18: X | W18: =IF(COUNTA(F18:U18)=0,"— não preenchido",IF(COUNTIF(F18:J18,"X")<>1,"FALTA/DUPLA: CONDIÇÃO DO PAVIMENTO",IF(COUNTIF(K18:L18,"X")<>1,"FALTA/DUPLA: VEGETAÇÃO",IF(COUNTIF(M18:O18,"X")<>1,"FALTA/DUPLA: ELEM. DE DRENAGEM",IF(COUNTIF(P18:R18,"X")<>1,"FALTA/DUPLA: SIN. HORIZ.",IF(COUNTIF(S18:U18,"X")<>1,"FALTA/DUPLA: SIN. VERTICAL","OK")))))) -> OK
A19: 070ETO0140 | B19: C | C19: 10 | D19: 11 | E19: =D19-C19 -> 1 | H19: X | K19: X | N19: X | P19: X | T19: X | W19: =IF(COUNTA(F19:U19)=0,"— não preenchido",IF(COUNTIF(F19:J19,"X")<>1,"FALTA/DUPLA: CONDIÇÃO DO PAVIMENTO",IF(COUNTIF(K19:L19,"X")<>1,"FALTA/DUPLA: VEGETAÇÃO",IF(COUNTIF(M19:O19,"X")<>1,"FALTA/DUPLA: ELEM. DE DRENAGEM",IF(COUNTIF(P19:R19,"X")<>1,"FALTA/DUPLA: SIN. HORIZ.",IF(COUNTIF(S19:U19,"X")<>1,"FALTA/DUPLA: SIN. VERTICAL","OK")))))) -> OK
A20: 070ETO0140 | B20: C | C20: 11 | D20: 12 | E20: =D20-C20 -> 1 | H20: X | K20: X | N20: X | P20: X | T20: X | W20: =IF(COUNTA(F20:U20)=0,"— não preenchido",IF(COUNTIF(F20:J20,"X")<>1,"FALTA/DUPLA: CONDIÇÃO DO PAVIMENTO",IF(COUNTIF(K20:L20,"X")<>1,"FALTA/DUPLA: VEGETAÇÃO",IF(COUNTIF(M20:O20,"X")<>1,"FALTA/DUPLA: ELEM. DE DRENAGEM",IF(COUNTIF(P20:R20,"X")<>1,"FALTA/DUPLA: SIN. HORIZ.",IF(COUNTIF(S20:U20,"X")<>1,"FALTA/DUPLA: SIN. VERTICAL","OK")))))) -> OK
A21: 070ETO0140 | B21: C | C21: 12 | D21: 13 | E21: =D21-C21 -> 1 | H21: X | K21: X | N21: X | P21: X | T21: X | W21: =IF(COUNTA(F21:U21)=0,"— não preenchido",IF(COUNTIF(F21:J21,"X")<>1,"FALTA/DUPLA: CONDIÇÃO DO PAVIMENTO",IF(COUNTIF(K21:L21,"X")<>1,"FALTA/DUPLA: VEGETAÇÃO",IF(COUNTIF(M21:O21,"X")<>1,"FALTA/DUPLA: ELEM. DE DRENAGEM",IF(COUNTIF(P21:R21,"X")<>1,"FALTA/DUPLA: SIN. HORIZ.",IF(COUNTIF(S21:U21,"X")<>1,"FALTA/DUPLA: SIN. VERTICAL","OK")))))) -> OK
A22: 070ETO0140 | B22: C | C22: 13 | D22: 14 | E22: =D22-C22 -> 1 | H22: X | K22: X | N22: X | P22: X | T22: X | W22: =IF(COUNTA(F22:U22)=0,"— não preenchido",IF(COUNTIF(F22:J22,"X")<>1,"FALTA/DUPLA: CONDIÇÃO DO PAVIMENTO",IF(COUNTIF(K22:L22,"X")<>1,"FALTA/DUPLA: VEGETAÇÃO",IF(COUNTIF(M22:O22,"X")<>1,"FALTA/DUPLA: ELEM. DE DRENAGEM",IF(COUNTIF(P22:R22,"X")<>1,"FALTA/DUPLA: SIN. HORIZ.",IF(COUNTIF(S22:U22,"X")<>1,"FALTA/DUPLA: SIN. VERTICAL","OK")))))) -> OK
A23: 070ETO0140 | B23: C | C23: 14 | D23: 15 | E23: =D23-C23 -> 1 | H23: X | K23: X | N23: X | P23: X | T23: X | W23: =IF(COUNTA(F23:U23)=0,"— não preenchido",IF(COUNTIF(F23:J23,"X")<>1,"FALTA/DUPLA: CONDIÇÃO DO PAVIMENTO",IF(COUNTIF(K23:L23,"X")<>1,"FALTA/DUPLA: VEGETAÇÃO",IF(COUNTIF(M23:O23,"X")<>1,"FALTA/DUPLA: ELEM. DE DRENAGEM",IF(COUNTIF(P23:R23,"X")<>1,"FALTA/DUPLA: SIN. HORIZ.",IF(COUNTIF(S23:U23,"X")<>1,"FALTA/DUPLA: SIN. VERTICAL","OK")))))) -> OK
A24: 070ETO0140 | B24: C | C24: 15 | D24: 16 | E24: =D24-C24 -> 1 | H24: X | K24: X | N24: X | P24: X | T24: X | W24: =IF(COUNTA(F24:U24)=0,"— não preenchido",IF(COUNTIF(F24:J24,"X")<>1,"FALTA/DUPLA: CONDIÇÃO DO PAVIMENTO",IF(COUNTIF(K24:L24,"X")<>1,"FALTA/DUPLA: VEGETAÇÃO",IF(COUNTIF(M24:O24,"X")<>1,"FALTA/DUPLA: ELEM. DE DRENAGEM",IF(COUNTIF(P24:R24,"X")<>1,"FALTA/DUPLA: SIN. HORIZ.",IF(COUNTIF(S24:U24,"X")<>1,"FALTA/DUPLA: SIN. VERTICAL","OK")))))) -> OK
A25: 070ETO0140 | B25: C | C25: 16 | D25: 17 | E25: =D25-C25 -> 1 | F25: X | K25: X | N25: X | P25: X | T25: X | W25: =IF(COUNTA(F25:U25)=0,"— não preenchido",IF(COUNTIF(F25:J25,"X")<>1,"FALTA/DUPLA: CONDIÇÃO DO PAVIMENTO",IF(COUNTIF(K25:L25,"X")<>1,"FALTA/DUPLA: VEGETAÇÃO",IF(COUNTIF(M25:O25,"X")<>1,"FALTA/DUPLA: ELEM. DE DRENAGEM",IF(COUNTIF(P25:R25,"X")<>1,"FALTA/DUPLA: SIN. HORIZ.",IF(COUNTIF(S25:U25,"X")<>1,"FALTA/DUPLA: SIN. VERTICAL","OK")))))) -> OK
A26: 070ETO0140 | B26: C | C26: 17 | D26: 18 | E26: =D26-C26 -> 1 | F26: X | K26: X | N26: X | P26: X | T26: X | W26: =IF(COUNTA(F26:U26)=0,"— não preenchido",IF(COUNTIF(F26:J26,"X")<>1,"FALTA/DUPLA: CONDIÇÃO DO PAVIMENTO",IF(COUNTIF(K26:L26,"X")<>1,"FALTA/DUPLA: VEGETAÇÃO",IF(COUNTIF(M26:O26,"X")<>1,"FALTA/DUPLA: ELEM. DE DRENAGEM",IF(COUNTIF(P26:R26,"X")<>1,"FALTA/DUPLA: SIN. HORIZ.",IF(COUNTIF(S26:U26,"X")<>1,"FALTA/DUPLA: SIN. VERTICAL","OK")))))) -> OK
A27: 070ETO0140 | B27: C | C27: 18 | D27: 19 | E27: =D27-C27 -> 1 | F27: X | K27: X | N27: X | P27: X | T27: X | W27: =IF(COUNTA(F27:U27)=0,"— não preenchido",IF(COUNTIF(F27:J27,"X")<>1,"FALTA/DUPLA: CONDIÇÃO DO PAVIMENTO",IF(COUNTIF(K27:L27,"X")<>1,"FALTA/DUPLA: VEGETAÇÃO",IF(COUNTIF(M27:O27,"X")<>1,"FALTA/DUPLA: ELEM. DE DRENAGEM",IF(COUNTIF(P27:R27,"X")<>1,"FALTA/DUPLA: SIN. HORIZ.",IF(COUNTIF(S27:U27,"X")<>1,"FALTA/DUPLA: SIN. VERTICAL","OK")))))) -> OK
A28: 070ETO0140 | B28: C | C28: 19 | D28: 20 | E28: =D28-C28 -> 1 | F28: X | K28: X | N28: X | P28: X | T28: X | W28: =IF(COUNTA(F28:U28)=0,"— não preenchido",IF(COUNTIF(F28:J28,"X")<>1,"FALTA/DUPLA: CONDIÇÃO DO PAVIMENTO",IF(COUNTIF(K28:L28,"X")<>1,"FALTA/DUPLA: VEGETAÇÃO",IF(COUNTIF(M28:O28,"X")<>1,"FALTA/DUPLA: ELEM. DE DRENAGEM",IF(COUNTIF(P28:R28,"X")<>1,"FALTA/DUPLA: SIN. HORIZ.",IF(COUNTIF(S28:U28,"X")<>1,"FALTA/DUPLA: SIN. VERTICAL","OK")))))) -> OK
A29: 070ETO0140 | B29: C | C29: 20 | D29: 21 | E29: =D29-C29 -> 1 | F29: X | K29: X | N29: X | P29: X | T29: X | W29: =IF(COUNTA(F29:U29)=0,"— não preenchido",IF(COUNTIF(F29:J29,"X")<>1,"FALTA/DUPLA: CONDIÇÃO DO PAVIMENTO",IF(COUNTIF(K29:L29,"X")<>1,"FALTA/DUPLA: VEGETAÇÃO",IF(COUNTIF(M29:O29,"X")<>1,"FALTA/DUPLA: ELEM. DE DRENAGEM",IF(COUNTIF(P29:R29,"X")<>1,"FALTA/DUPLA: SIN. HORIZ.",IF(COUNTIF(S29:U29,"X")<>1,"FALTA/DUPLA: SIN. VERTICAL","OK")))))) -> OK
A30: 070ETO0140 | B30: C | C30: 21 | D30: 22 | E30: =D30-C30 -> 1 | F30: X | K30: X | N30: X | P30: X | T30: X | W30: =IF(COUNTA(F30:U30)=0,"— não preenchido",IF(COUNTIF(F30:J30,"X")<>1,"FALTA/DUPLA: CONDIÇÃO DO PAVIMENTO",IF(COUNTIF(K30:L30,"X")<>1,"FALTA/DUPLA: VEGETAÇÃO",IF(COUNTIF(M30:O30,"X")<>1,"FALTA/DUPLA: ELEM. DE DRENAGEM",IF(COUNTIF(P30:R30,"X")<>1,"FALTA/DUPLA: SIN. HORIZ.",IF(COUNTIF(S30:U30,"X")<>1,"FALTA/DUPLA: SIN. VERTICAL","OK")))))) -> OK
A31: 070ETO0140 | B31: C | C31: 22 | D31: 23 | E31: =D31-C31 -> 1 | F31: X | K31: X | N31: X | P31: X | T31: X | W31: =IF(COUNTA(F31:U31)=0,"— não preenchido",IF(COUNTIF(F31:J31,"X")<>1,"FALTA/DUPLA: CONDIÇÃO DO PAVIMENTO",IF(COUNTIF(K31:L31,"X")<>1,"FALTA/DUPLA: VEGETAÇÃO",IF(COUNTIF(M31:O31,"X")<>1,"FALTA/DUPLA: ELEM. DE DRENAGEM",IF(COUNTIF(P31:R31,"X")<>1,"FALTA/DUPLA: SIN. HORIZ.",IF(COUNTIF(S31:U31,"X")<>1,"FALTA/DUPLA: SIN. VERTICAL","OK")))))) -> OK
A32: 070ETO0140 | B32: C | C32: 23 | D32: 24 | E32: =D32-C32 -> 1 | F32: X | K32: X | N32: X | P32: X | T32: X | W32: =IF(COUNTA(F32:U32)=0,"— não preenchido",IF(COUNTIF(F32:J32,"X")<>1,"FALTA/DUPLA: CONDIÇÃO DO PAVIMENTO",IF(COUNTIF(K32:L32,"X")<>1,"FALTA/DUPLA: VEGETAÇÃO",IF(COUNTIF(M32:O32,"X")<>1,"FALTA/DUPLA: ELEM. DE DRENAGEM",IF(COUNTIF(P32:R32,"X")<>1,"FALTA/DUPLA: SIN. HORIZ.",IF(COUNTIF(S32:U32,"X")<>1,"FALTA/DUPLA: SIN. VERTICAL","OK")))))) -> OK
A33: 070ETO0140 | B33: C | C33: 24 | D33: 25 | E33: =D33-C33 -> 1 | F33: X | K33: X | N33: X | P33: X | T33: X | W33: =IF(COUNTA(F33:U33)=0,"— não preenchido",IF(COUNTIF(F33:J33,"X")<>1,"FALTA/DUPLA: CONDIÇÃO DO PAVIMENTO",IF(COUNTIF(K33:L33,"X")<>1,"FALTA/DUPLA: VEGETAÇÃO",IF(COUNTIF(M33:O33,"X")<>1,"FALTA/DUPLA: ELEM. DE DRENAGEM",IF(COUNTIF(P33:R33,"X")<>1,"FALTA/DUPLA: SIN. HORIZ.",IF(COUNTIF(S33:U33,"X")<>1,"FALTA/DUPLA: SIN. VERTICAL","OK")))))) -> OK
A34: 070ETO0140 | B34: C | C34: 25 | D34: 26 | E34: =D34-C34 -> 1 | F34: X | K34: X | N34: X | P34: X | T34: X | W34: =IF(COUNTA(F34:U34)=0,"— não preenchido",IF(COUNTIF(F34:J34,"X")<>1,"FALTA/DUPLA: CONDIÇÃO DO PAVIMENTO",IF(COUNTIF(K34:L34,"X")<>1,"FALTA/DUPLA: VEGETAÇÃO",IF(COUNTIF(M34:O34,"X")<>1,"FALTA/DUPLA: ELEM. DE DRENAGEM",IF(COUNTIF(P34:R34,"X")<>1,"FALTA/DUPLA: SIN. HORIZ.",IF(COUNTIF(S34:U34,"X")<>1,"FALTA/DUPLA: SIN. VERTICAL","OK")))))) -> OK
A35: 070ETO0140 | B35: C | C35: 26 | D35: 26.907003 | E35: =D35-C35 -> 0.90700309 | F35: X | K35: X | N35: X | P35: X | T35: X | W35: =IF(COUNTA(F35:U35)=0,"— não preenchido",IF(COUNTIF(F35:J35,"X")<>1,"FALTA/DUPLA: CONDIÇÃO DO PAVIMENTO",IF(COUNTIF(K35:L35,"X")<>1,"FALTA/DUPLA: VEGETAÇÃO",IF(COUNTIF(M35:O35,"X")<>1,"FALTA/DUPLA: ELEM. DE DRENAGEM",IF(COUNTIF(P35:R35,"X")<>1,"FALTA/DUPLA: SIN. HORIZ.",IF(COUNTIF(S35:U35,"X")<>1,"FALTA/DUPLA: SIN. VERTICAL","OK")))))) -> OK
A36: S.R.E. 070ETO0150 | ENTR. TO-164 - ENTR. TO-374 | PPS · Estadual · 16.264 km · início: -11.220131, -49.15999
A37: 070ETO0150 | B37: C | C37: 0 | D37: 1 | E37: =D37-C37 -> 1 | G37: X | K37: X | N37: X | P37: X | T37: X | W37: =IF(COUNTA(F37:U37)=0,"— não preenchido",IF(COUNTIF(F37:J37,"X")<>1,"FALTA/DUPLA: CONDIÇÃO DO PAVIMENTO",IF(COUNTIF(K37:L37,"X")<>1,"FALTA/DUPLA: VEGETAÇÃO",IF(COUNTIF(M37:O37,"X")<>1,"FALTA/DUPLA: ELEM. DE DRENAGEM",IF(COUNTIF(P37:R37,"X")<>1,"FALTA/DUPLA: SIN. HORIZ.",IF(COUNTIF(S37:U37,"X")<>1,"FALTA/DUPLA: SIN. VERTICAL","OK")))))) -> OK
A38: 070ETO0150 | B38: C | C38: 1 | D38: 2 | E38: =D38-C38 -> 1 | F38: X | K38: X | N38: X | P38: X | T38: X | W38: =IF(COUNTA(F38:U38)=0,"— não preenchido",IF(COUNTIF(F38:J38,"X")<>1,"FALTA/DUPLA: CONDIÇÃO DO PAVIMENTO",IF(COUNTIF(K38:L38,"X")<>1,"FALTA/DUPLA: VEGETAÇÃO",IF(COUNTIF(M38:O38,"X")<>1,"FALTA/DUPLA: ELEM. DE DRENAGEM",IF(COUNTIF(P38:R38,"X")<>1,"FALTA/DUPLA: SIN. HORIZ.",IF(COUNTIF(S38:U38,"X")<>1,"FALTA/DUPLA: SIN. VERTICAL","OK")))))) -> OK
A39: 070ETO0150 | B39: C | C39: 2 | D39: 3 | E39: =D39-C39 -> 1 | F39: X | K39: X | N39: X | P39: X | T39: X | W39: =IF(COUNTA(F39:U39)=0,"— não preenchido",IF(COUNTIF(F39:J39,"X")<>1,"FALTA/DUPLA: CONDIÇÃO DO PAVIMENTO",IF(COUNTIF(K39:L39,"X")<>1,"FALTA/DUPLA: VEGETAÇÃO",IF(COUNTIF(M39:O39,"X")<>1,"FALTA/DUPLA: ELEM. DE DRENAGEM",IF(COUNTIF(P39:R39,"X")<>1,"FALTA/DUPLA: SIN. HORIZ.",IF(COUNTIF(S39:U39,"X")<>1,"FALTA/DUPLA: SIN. VERTICAL","OK")))))) -> OK
A40: 070ETO0150 | B40: C | C40: 3 | D40: 4 | E40: =D40-C40 -> 1 | G40: X | K40: X | N40: X | P40: X | T40: X | W40: =IF(COUNTA(F40:U40)=0,"— não preenchido",IF(COUNTIF(F40:J40,"X")<>1,"FALTA/DUPLA: CONDIÇÃO DO PAVIMENTO",IF(COUNTIF(K40:L40,"X")<>1,"FALTA/DUPLA: VEGETAÇÃO",IF(COUNTIF(M40:O40,"X")<>1,"FALTA/DUPLA: ELEM. DE DRENAGEM",IF(COUNTIF(P40:R40,"X")<>1,"FALTA/DUPLA: SIN. HORIZ.",IF(COUNTIF(S40:U40,"X")<>1,"FALTA/DUPLA: SIN. VERTICAL","OK")))))) -> OK
A41: 070ETO0150 | B41: C | C41: 4 | D41: 5 | E41: =D41-C41 -> 1 | G41: X | K41: X | N41: X | P41: X | T41: X | W41: =IF(COUNTA(F41:U41)=0,"— não preenchido",IF(COUNTIF(F41:J41,"X")<>1,"FALTA/DUPLA: CONDIÇÃO DO PAVIMENTO",IF(COUNTIF(K41:L41,"X")<>1,"FALTA/DUPLA: VEGETAÇÃO",IF(COUNTIF(M41:O41,"X")<>1,"FALTA/DUPLA: ELEM. DE DRENAGEM",IF(COUNTIF(P41:R41,"X")<>1,"FALTA/DUPLA: SIN. HORIZ.",IF(COUNTIF(S41:U41,"X")<>1,"FALTA/DUPLA: SIN. VERTICAL","OK")))))) -> OK
A42: 070ETO0150 | B42: C | C42: 5 | D42: 6 | E42: =D42-C42 -> 1 | G42: X | K42: X | N42: X | P42: X | T42: X | W42: =IF(COUNTA(F42:U42)=0,"— não preenchido",IF(COUNTIF(F42:J42,"X")<>1,"FALTA/DUPLA: CONDIÇÃO DO PAVIMENTO",IF(COUNTIF(K42:L42,"X")<>1,"FALTA/DUPLA: VEGETAÇÃO",IF(COUNTIF(M42:O42,"X")<>1,"FALTA/DUPLA: ELEM. DE DRENAGEM",IF(COUNTIF(P42:R42,"X")<>1,"FALTA/DUPLA: SIN. HORIZ.",IF(COUNTIF(S42:U42,"X")<>1,"FALTA/DUPLA: SIN. VERTICAL","OK")))))) -> OK
A43: 070ETO0150 | B43: C | C43: 6 | D43: 7 | E43: =D43-C43 -> 1 | G43: X | K43: X | N43: X | P43: X | T43: X | W43: =IF(COUNTA(F43:U43)=0,"— não preenchido",IF(COUNTIF(F43:J43,"X")<>1,"FALTA/DUPLA: CONDIÇÃO DO PAVIMENTO",IF(COUNTIF(K43:L43,"X")<>1,"FALTA/DUPLA: VEGETAÇÃO",IF(COUNTIF(M43:O43,"X")<>1,"FALTA/DUPLA: ELEM. DE DRENAGEM",IF(COUNTIF(P43:R43,"X")<>1,"FALTA/DUPLA: SIN. HORIZ.",IF(COUNTIF(S43:U43,"X")<>1,"FALTA/DUPLA: SIN. VERTICAL","OK")))))) -> OK
A44: 070ETO0150 | B44: C | C44: 7 | D44: 8 | E44: =D44-C44 -> 1 | G44: X | K44: X | N44: X | P44: X | T44: X | W44: =IF(COUNTA(F44:U44)=0,"— não preenchido",IF(COUNTIF(F44:J44,"X")<>1,"FALTA/DUPLA: CONDIÇÃO DO PAVIMENTO",IF(COUNTIF(K44:L44,"X")<>1,"FALTA/DUPLA: VEGETAÇÃO",IF(COUNTIF(M44:O44,"X")<>1,"FALTA/DUPLA: ELEM. DE DRENAGEM",IF(COUNTIF(P44:R44,"X")<>1,"FALTA/DUPLA: SIN. HORIZ.",IF(COUNTIF(S44:U44,"X")<>1,"FALTA/DUPLA: SIN. VERTICAL","OK")))))) -> OK
A45: 070ETO0150 | B45: C | C45: 8 | D45: 9 | E45: =D45-C45 -> 1 | G45: X | K45: X | N45: X | P45: X | T45: X | W45: =IF(COUNTA(F45:U45)=0,"— não preenchido",IF(COUNTIF(F45:J45,"X")<>1,"FALTA/DUPLA: CONDIÇÃO DO PAVIMENTO",IF(COUNTIF(K45:L45,"X")<>1,"FALTA/DUPLA: VEGETAÇÃO",IF(COUNTIF(M45:O45,"X")<>1,"FALTA/DUPLA: ELEM. DE DRENAGEM",IF(COUNTIF(P45:R45,"X")<>1,"FALTA/DUPLA: SIN. HORIZ.",IF(COUNTIF(S45:U45,"X")<>1,"FALTA/DUPLA: SIN. VERTICAL","OK")))))) -> OK
A46: 070ETO0150 | B46: C | C46: 9 | D46: 10 | E46: =D46-C46 -> 1 | H46: X | K46: X | N46: X | P46: X | T46: X | W46: =IF(COUNTA(F46:U46)=0,"— não preenchido",IF(COUNTIF(F46:J46,"X")<>1,"FALTA/DUPLA: CONDIÇÃO DO PAVIMENTO",IF(COUNTIF(K46:L46,"X")<>1,"FALTA/DUPLA: VEGETAÇÃO",IF(COUNTIF(M46:O46,"X")<>1,"FALTA/DUPLA: ELEM. DE DRENAGEM",IF(COUNTIF(P46:R46,"X")<>1,"FALTA/DUPLA: SIN. HORIZ.",IF(COUNTIF(S46:U46,"X")<>1,"FALTA/DUPLA: SIN. VERTICAL","OK")))))) -> OK
A47: 070ETO0150 | B47: C | C47: 10 | D47: 11 | E47: =D47-C47 -> 1 | G47: X | K47: X | N47: X | P47: X | T47: X | W47: =IF(COUNTA(F47:U47)=0,"— não preenchido",IF(COUNTIF(F47:J47,"X")<>1,"FALTA/DUPLA: CONDIÇÃO DO PAVIMENTO",IF(COUNTIF(K47:L47,"X")<>1,"FALTA/DUPLA: VEGETAÇÃO",IF(COUNTIF(M47:O47,"X")<>1,"FALTA/DUPLA: ELEM. DE DRENAGEM",IF(COUNTIF(P47:R47,"X")<>1,"FALTA/DUPLA: SIN. HORIZ.",IF(COUNTIF(S47:U47,"X")<>1,"FALTA/DUPLA: SIN. VERTICAL","OK")))))) -> OK
A48: 070ETO0150 | B48: C | C48: 11 | D48: 12 | E48: =D48-C48 -> 1 | G48: X | K48: X | N48: X | P48: X | T48: X | W48: =IF(COUNTA(F48:U48)=0,"— não preenchido",IF(COUNTIF(F48:J48,"X")<>1,"FALTA/DUPLA: CONDIÇÃO DO PAVIMENTO",IF(COUNTIF(K48:L48,"X")<>1,"FALTA/DUPLA: VEGETAÇÃO",IF(COUNTIF(M48:O48,"X")<>1,"FALTA/DUPLA: ELEM. DE DRENAGEM",IF(COUNTIF(P48:R48,"X")<>1,"FALTA/DUPLA: SIN. HORIZ.",IF(COUNTIF(S48:U48,"X")<>1,"FALTA/DUPLA: SIN. VERTICAL","OK")))))) -> OK
A49: 070ETO0150 | B49: C | C49: 12 | D49: 13 | E49: =D49-C49 -> 1 | F49: X | K49: X | N49: X | P49: X | T49: X | W49: =IF(COUNTA(F49:U49)=0,"— não preenchido",IF(COUNTIF(F49:J49,"X")<>1,"FALTA/DUPLA: CONDIÇÃO DO PAVIMENTO",IF(COUNTIF(K49:L49,"X")<>1,"FALTA/DUPLA: VEGETAÇÃO",IF(COUNTIF(M49:O49,"X")<>1,"FALTA/DUPLA: ELEM. DE DRENAGEM",IF(COUNTIF(P49:R49,"X")<>1,"FALTA/DUPLA: SIN. HORIZ.",IF(COUNTIF(S49:U49,"X")<>1,"FALTA/DUPLA: SIN. VERTICAL","OK")))))) -> OK
A50: 070ETO0150 | B50: C | C50: 13 | D50: 14 | E50: =D50-C50 -> 1 | F50: X | K50: X | N50: X | P50: X | T50: X | W50: =IF(COUNTA(F50:U50)=0,"— não preenchido",IF(COUNTIF(F50:J50,"X")<>1,"FALTA/DUPLA: CONDIÇÃO DO PAVIMENTO",IF(COUNTIF(K50:L50,"X")<>1,"FALTA/DUPLA: VEGETAÇÃO",IF(COUNTIF(M50:O50,"X")<>1,"FALTA/DUPLA: ELEM. DE DRENAGEM",IF(COUNTIF(P50:R50,"X")<>1,"FALTA/DUPLA: SIN. HORIZ.",IF(COUNTIF(S50:U50,"X")<>1,"FALTA/DUPLA: SIN. VERTICAL","OK")))))) -> OK
A51: 070ETO0150 | B51: C | C51: 14 | D51: 15 | E51: =D51-C51 -> 1 | F51: X | K51: X | N51: X | P51: X | T51: X | W51: =IF(COUNTA(F51:U51)=0,"— não preenchido",IF(COUNTIF(F51:J51,"X")<>1,"FALTA/DUPLA: CONDIÇÃO DO PAVIMENTO",IF(COUNTIF(K51:L51,"X")<>1,"FALTA/DUPLA: VEGETAÇÃO",IF(COUNTIF(M51:O51,"X")<>1,"FALTA/DUPLA: ELEM. DE DRENAGEM",IF(COUNTIF(P51:R51,"X")<>1,"FALTA/DUPLA: SIN. HORIZ.",IF(COUNTIF(S51:U51,"X")<>1,"FALTA/DUPLA: SIN. VERTICAL","OK")))))) -> OK
A52: 070ETO0150 | B52: C | C52: 15 | D52: 16 | E52: =D52-C52 -> 1 | F52: X | K52: X | N52: X | P52: X | T52: X | W52: =IF(COUNTA(F52:U52)=0,"— não preenchido",IF(COUNTIF(F52:J52,"X")<>1,"FALTA/DUPLA: CONDIÇÃO DO PAVIMENTO",IF(COUNTIF(K52:L52,"X")<>1,"FALTA/DUPLA: VEGETAÇÃO",IF(COUNTIF(M52:O52,"X")<>1,"FALTA/DUPLA: ELEM. DE DRENAGEM",IF(COUNTIF(P52:R52,"X")<>1,"FALTA/DUPLA: SIN. HORIZ.",IF(COUNTIF(S52:U52,"X")<>1,"FALTA/DUPLA: SIN. VERTICAL","OK")))))) -> OK
A53: 070ETO0150 | B53: C | C53: 16 | D53: 16.263875 | E53: =D53-C53 -> 0.26387452 | F53: X | K53: X | N53: X | P53: X | T53: X | W53: =IF(COUNTA(F53:U53)=0,"— não preenchido",IF(COUNTIF(F53:J53,"X")<>1,"FALTA/DUPLA: CONDIÇÃO DO PAVIMENTO",IF(COUNTIF(K53:L53,"X")<>1,"FALTA/DUPLA: VEGETAÇÃO",IF(COUNTIF(M53:O53,"X")<>1,"FALTA/DUPLA: ELEM. DE DRENAGEM",IF(COUNTIF(P53:R53,"X")<>1,"FALTA/DUPLA: SIN. HORIZ.",IF(COUNTIF(S53:U53,"X")<>1,"FALTA/DUPLA: SIN. VERTICAL","OK")))))) -> OK
A54: S.R.E. 070ETO0160 | ENTR. TO-374 - DUERÉ *TRECHO URBANO* | PPS · Estadual · 3.665 km · início: -11.310701, -49.251884
A55: 070ETO0160 | B55: C | C55: 0 | D55: 1 | E55: =D55-C55 -> 1 | F55: X | K55: X | N55: X | P55: X | T55: X | W55: =IF(COUNTA(F55:U55)=0,"— não preenchido",IF(COUNTIF(F55:J55,"X")<>1,"FALTA/DUPLA: CONDIÇÃO DO PAVIMENTO",IF(COUNTIF(K55:L55,"X")<>1,"FALTA/DUPLA: VEGETAÇÃO",IF(COUNTIF(M55:O55,"X")<>1,"FALTA/DUPLA: ELEM. DE DRENAGEM",IF(COUNTIF(P55:R55,"X")<>1,"FALTA/DUPLA: SIN. HORIZ.",IF(COUNTIF(S55:U55,"X")<>1,"FALTA/DUPLA: SIN. VERTICAL","OK")))))) -> OK
A56: 070ETO0160 | B56: C | C56: 1 | D56: 2 | E56: =D56-C56 -> 1 | F56: X | K56: X | N56: X | P56: X | T56: X | W56: =IF(COUNTA(F56:U56)=0,"— não preenchido",IF(COUNTIF(F56:J56,"X")<>1,"FALTA/DUPLA: CONDIÇÃO DO PAVIMENTO",IF(COUNTIF(K56:L56,"X")<>1,"FALTA/DUPLA: VEGETAÇÃO",IF(COUNTIF(M56:O56,"X")<>1,"FALTA/DUPLA: ELEM. DE DRENAGEM",IF(COUNTIF(P56:R56,"X")<>1,"FALTA/DUPLA: SIN. HORIZ.",IF(COUNTIF(S56:U56,"X")<>1,"FALTA/DUPLA: SIN. VERTICAL","OK")))))) -> OK
A57: 070ETO0160 | B57: C | C57: 2 | D57: 3 | E57: =D57-C57 -> 1 | F57: X | K57: X | N57: X | P57: X | T57: X | W57: =IF(COUNTA(F57:U57)=0,"— não preenchido",IF(COUNTIF(F57:J57,"X")<>1,"FALTA/DUPLA: CONDIÇÃO DO PAVIMENTO",IF(COUNTIF(K57:L57,"X")<>1,"FALTA/DUPLA: VEGETAÇÃO",IF(COUNTIF(M57:O57,"X")<>1,"FALTA/DUPLA: ELEM. DE DRENAGEM",IF(COUNTIF(P57:R57,"X")<>1,"FALTA/DUPLA: SIN. HORIZ.",IF(COUNTIF(S57:U57,"X")<>1,"FALTA/DUPLA: SIN. VERTICAL","OK")))))) -> OK
A58: 070ETO0160 | B58: C | C58: 3 | D58: 3.6652384 | E58: =D58-C58 -> 0.66523837 | F58: X | K58: X | N58: X | P58: X | T58: X | W58: =IF(COUNTA(F58:U58)=0,"— não preenchido",IF(COUNTIF(F58:J58,"X")<>1,"FALTA/DUPLA: CONDIÇÃO DO PAVIMENTO",IF(COUNTIF(K58:L58,"X")<>1,"FALTA/DUPLA: VEGETAÇÃO",IF(COUNTIF(M58:O58,"X")<>1,"FALTA/DUPLA: ELEM. DE DRENAGEM",IF(COUNTIF(P58:R58,"X")<>1,"FALTA/DUPLA: SIN. HORIZ.",IF(COUNTIF(S58:U58,"X")<>1,"FALTA/DUPLA: SIN. VERTICAL","OK")))))) -> OK
A60: ____________________________________________ | G60: ____________________________________________
A61: TÉCNICO RESPONSÁVEL PELA INSPEÇÃO | G61: VISTO DA SUPERVISÃO
A63: RESUMO DO TRECHO — KM LANÇADO POR ITEM
A64: KM LANÇADO | F64: =SUMIF(F$9:F$58,"X",$E$9:$E$58) -> 27.836116 | G64: =SUMIF(G$9:G$58,"X",$E$9:$E$58) -> 9 | H64: =SUMIF(H$9:H$58,"X",$E$9:$E$58) -> 10 | I64: =SUMIF(I$9:I$58,"X",$E$9:$E$58) -> 0 | J64: =SUMIF(J$9:J$58,"X",$E$9:$E$58) -> 0 | K64: =SUMIF(K$9:K$58,"X",$E$9:$E$58) -> 46.836116 | L64: =SUMIF(L$9:L$58,"X",$E$9:$E$58) -> 0 | M64: =SUMIF(M$9:M$58,"X",$E$9:$E$58) -> 0 | ... U64: =SUMIF(U$9:U$58,"X",$E$9:$E$58) -> 0
A65: % DA EXTENSÃO | F65: =IF($R67=0,0,F64/$R67) -> 0.59433015 | G65: =IF($R67=0,0,G64/$R67) -> 0.1921594 | H65: =IF($R67=0,0,H64/$R67) -> 0.21351045 | I65: =IF($R67=0,0,I64/$R67) -> 0 | J65: =IF($R67=0,0,J64/$R67) -> 0 | K65: =IF($R67=0,0,K64/$R67) -> 1 | L65: =IF($R67=0,0,L64/$R67) -> 0 | M65: =IF($R67=0,0,M64/$R67) -> 0 | ... U65: =IF($R67=0,0,U64/$R67) -> 0
A66: CONFERÊNCIA POR GRUPO | F66: =IF(SUM(F64:J64)=0,"— não preenchido",IF(ROUND(SUM(F64:J64)-$R67,3)=0,"OK — "&ROUND(SUM(F64:J64),3)&" km","ERRO — dif. de "&ROUND(SUM(F64:J64)-$R67,3)&" km")) -> OK — 46,836 km | K66: =IF(SUM(K64:L64)=0,"— não preenchido",IF(ROUND(SUM(K64:L64)-$R67,3)=0,"OK — "&ROUND(SUM(K64:L64),3)&" km","ERRO — dif. de "&ROUND(SUM(K64:L64)-$R67,3)&" km")) -> OK — 46,836 km | M66: =IF(SUM(M64:O64)=0,"— não preenchido",IF(ROUND(SUM(M64:O64)-$R67,3)=0,"OK — "&ROUND(SUM(M64:O64),3)&" km","ERRO — dif. de "&ROUND(SUM(M64:O64)-$R67,3)&" km")) -> OK — 46,836 km | P66: =IF(SUM(P64:R64)=0,"— não preenchido",IF(ROUND(SUM(P64:R64)-$R67,3)=0,"OK — "&ROUND(SUM(P64:R64),3)&" km","ERRO — dif. de "&ROUND(SUM(P64:R64)-$R67,3)&" km")) -> OK — 46,836 km | S66: =IF(SUM(S64:U64)=0,"— não preenchido",IF(ROUND(SUM(S64:U64)-$R67,3)=0,"OK — "&ROUND(SUM(S64:U64),3)&" km","ERRO — dif. de "&ROUND(SUM(S64:U64)-$R67,3)&" km")) -> OK — 46,836 km
A67: EXTENSÃO TOTAL DO TRECHO | R67: =SUM(E9:E58) -> 46.836116 | V67: =COUNTIF(W9:W58,"OK")&" de "&COUNT($E$9:$E$58)&" linhas conferidas" -> 48 de 48 linhas conferidas
A69: LEGENDA
A70: REM. I. / REM. L. | E70: Remendos isolados (até 10 por km) · Remendos ao longo (mais de 10 por km)
A71: BUR. I. / BUR. L. | E71: Buracos isolados (até 5 por km) · Buracos ao longo (mais de 5 por km)
A72: SIT. | E72: PPS = pista simples · PSU = simples urbana · PDU = duplicada
A73: FAIXA AZUL | E73: Cabeçalho de cada S.R.E.: descrição, situação, jurisdição, extensão e coordenada de início.
A74: INÍCIO / FIM (KM) | E74: Contados de 0 até o fim de CADA S.R.E. Não é o marco quilométrico da rodovia.
A75: SENT. | E75: C = crescente · D = decrescente
A76: FAIXA CINZA | E76: Segmento fora do escopo do contrato: você passa por ele, mas não preenche.
A77: CÉLULA VERMELHA | E77: Mais de uma X no mesmo grupo. Apague uma delas.
A78: CONFERÊNCIA | E78: Só na tela, não sai impresso. Fica OK com uma X em cada grupo.

Sheet 206
A1: PROGRAMA DE MANUTENÇÃO RODOVIÁRIA — FICHA DE INSPEÇÃO — RODOVIAS PAVIMENTADAS | Y1: Valores dos gráficos — troca 0 por N/D para a fatia não aparecer. Não editar.
A2: REGIÃO: 11 — GURUPI | G2: MÊS / ANO: | I2: 46266 | K2: DATA: | P2: TÉCNICO: | R2: ENG. THIAGO BORGES TORQUATO | Y2: =IF(F83=0,NA(),F83) -> 6 | Z2: =IF(G83=0,NA(),G83) -> 48.790985 | AA2: =IF(H83=0,NA(),H83) -> 10.134706 | AB2: =IF(I83=0,NA(),I83) -> #N/A | AC2: =IF(J83=0,NA(),J83) -> #N/A | AD2: =IF(K83=0,NA(),K83) -> 64.925691 | AE2: =IF(L83=0,NA(),L83) -> #N/A | AF2: =IF(M83=0,NA(),M83) -> #N/A | ... AN2: =IF(U83=0,NA(),U83) -> 3.1347063
A3: TRECHO 206 — RODOVIA TO-070 - TRECHO FORMOSO DO ARAGUAIA - DUERÉ | T3: EXTENSÃO: 64,926 km · 3 S.R.E.
A4: COMO PREENCHER: uma X em UMA coluna de cada grupo, por linha. Se houver mais de um defeito no mesmo km, marque o PREDOMINANTE e escreva o resto em OBSERVAÇÕES. A quilometragem é contada de 0 até o fim de CADA S.R.E. (não é o marco da rodovia).
A6: S.R.E. | B6: SENT. | C6: INÍCIO (KM) | D6: FIM (KM) | E6: EXT. (KM) | F6: CONDIÇÃO DO PAVIMENTO | K6: VEGETAÇÃO | M6: ELEM. DE DRENAGEM | P6: SIN. HORIZ. | S6: SIN. VERTICAL | V6: OBSERVAÇÕES | W6: CONFERÊNCIA (só na tela)
F7: BOM | G7: REM. I. | H7: REM. L. | I7: BUR. I. | J7: BUR. L. | K7: ADEQ. | L7: INAD. | M7: LIMPOS | N7: SUJOS | O7: DAN. | P7: BOM | Q7: REG. | R7: INEXIST. | S7: BOM | T7: POUCAS | U7: INEXIST.
A8: S.R.E. 070ETO0170 | DUERÉ *TRECHO URBANO* - ENTR.TO-374 | PPS · Estadual · 0.419 km · início: -11.339721, -49.265578
A9: 070ETO0170 | B9: C | C9: 0 | D9: 0.41866269 | E9: =D9-C9 -> 0.41866269 | G9: X | K9: X | N9: X | Q9: X | T9: X | W9: =IF(COUNTA(F9:U9)=0,"— não preenchido",IF(COUNTIF(F9:J9,"X")<>1,"FALTA/DUPLA: CONDIÇÃO DO PAVIMENTO",IF(COUNTIF(K9:L9,"X")<>1,"FALTA/DUPLA: VEGETAÇÃO",IF(COUNTIF(M9:O9,"X")<>1,"FALTA/DUPLA: ELEM. DE DRENAGEM",IF(COUNTIF(P9:R9,"X")<>1,"FALTA/DUPLA: SIN. HORIZ.",IF(COUNTIF(S9:U9,"X")<>1,"FALTA/DUPLA: SIN. VERTICAL","OK")))))) -> OK
A10: S.R.E. 070ETO0200 | ENTR. TO-374 (DUERE) - FORMOSO DO ARAGUAIA *TRECHO URBANO* | PPS · Estadual · 61.372 km · início: -11.349598, -49.269462
A11: 070ETO0200 | B11: C | C11: 0 | D11: 1 | E11: =D11-C11 -> 1 | F11: X | K11: X | N11: X | Q11: X | T11: X | W11: =IF(COUNTA(F11:U11)=0,"— não preenchido",IF(COUNTIF(F11:J11,"X")<>1,"FALTA/DUPLA: CONDIÇÃO DO PAVIMENTO",IF(COUNTIF(K11:L11,"X")<>1,"FALTA/DUPLA: VEGETAÇÃO",IF(COUNTIF(M11:O11,"X")<>1,"FALTA/DUPLA: ELEM. DE DRENAGEM",IF(COUNTIF(P11:R11,"X")<>1,"FALTA/DUPLA: SIN. HORIZ.",IF(COUNTIF(S11:U11,"X")<>1,"FALTA/DUPLA: SIN. VERTICAL","OK")))))) -> OK
A12: 070ETO0200 | B12: C | C12: 1 | D12: 2 | E12: =D12-C12 -> 1 | G12: X | K12: X | N12: X | Q12: X | T12: X | W12: =IF(COUNTA(F12:U12)=0,"— não preenchido",IF(COUNTIF(F12:J12,"X")<>1,"FALTA/DUPLA: CONDIÇÃO DO PAVIMENTO",IF(COUNTIF(K12:L12,"X")<>1,"FALTA/DUPLA: VEGETAÇÃO",IF(COUNTIF(M12:O12,"X")<>1,"FALTA/DUPLA: ELEM. DE DRENAGEM",IF(COUNTIF(P12:R12,"X")<>1,"FALTA/DUPLA: SIN. HORIZ.",IF(COUNTIF(S12:U12,"X")<>1,"FALTA/DUPLA: SIN. VERTICAL","OK")))))) -> OK
A13: 070ETO0200 | B13: C | C13: 2 | D13: 3 | E13: =D13-C13 -> 1 | G13: X | K13: X | N13: X | Q13: X | T13: X | W13: =IF(COUNTA(F13:U13)=0,"— não preenchido",IF(COUNTIF(F13:J13,"X")<>1,"FALTA/DUPLA: CONDIÇÃO DO PAVIMENTO",IF(COUNTIF(K13:L13,"X")<>1,"FALTA/DUPLA: VEGETAÇÃO",IF(COUNTIF(M13:O13,"X")<>1,"FALTA/DUPLA: ELEM. DE DRENAGEM",IF(COUNTIF(P13:R13,"X")<>1,"FALTA/DUPLA: SIN. HORIZ.",IF(COUNTIF(S13:U13,"X")<>1,"FALTA/DUPLA: SIN. VERTICAL","OK")))))) -> OK
A14: 070ETO0200 | B14: C | C14: 3 | D14: 4 | E14: =D14-C14 -> 1 | G14: X | K14: X | N14: X | Q14: X | T14: X | W14: =IF(COUNTA(F14:U14)=0,"— não preenchido",IF(COUNTIF(F14:J14,"X")<>1,"FALTA/DUPLA: CONDIÇÃO DO PAVIMENTO",IF(COUNTIF(K14:L14,"X")<>1,"FALTA/DUPLA: VEGETAÇÃO",IF(COUNTIF(M14:O14,"X")<>1,"FALTA/DUPLA: ELEM. DE DRENAGEM",IF(COUNTIF(P14:R14,"X")<>1,"FALTA/DUPLA: SIN. HORIZ.",IF(COUNTIF(S14:U14,"X")<>1,"FALTA/DUPLA: SIN. VERTICAL","OK")))))) -> OK
A15: 070ETO0200 | B15: C | C15: 4 | D15: 5 | E15: =D15-C15 -> 1 | F15: X | K15: X | N15: X | Q15: X | T15: X | W15: =IF(COUNTA(F15:U15)=0,"— não preenchido",IF(COUNTIF(F15:J15,"X")<>1,"FALTA/DUPLA: CONDIÇÃO DO PAVIMENTO",IF(COUNTIF(K15:L15,"X")<>1,"FALTA/DUPLA: VEGETAÇÃO",IF(COUNTIF(M15:O15,"X")<>1,"FALTA/DUPLA: ELEM. DE DRENAGEM",IF(COUNTIF(P15:R15,"X")<>1,"FALTA/DUPLA: SIN. HORIZ.",IF(COUNTIF(S15:U15,"X")<>1,"FALTA/DUPLA: SIN. VERTICAL","OK")))))) -> OK
A16: 070ETO0200 | B16: C | C16: 5 | D16: 6 | E16: =D16-C16 -> 1 | F16: X | K16: X | N16: X | Q16: X | T16: X | W16: =IF(COUNTA(F16:U16)=0,"— não preenchido",IF(COUNTIF(F16:J16,"X")<>1,"FALTA/DUPLA: CONDIÇÃO DO PAVIMENTO",IF(COUNTIF(K16:L16,"X")<>1,"FALTA/DUPLA: VEGETAÇÃO",IF(COUNTIF(M16:O16,"X")<>1,"FALTA/DUPLA: ELEM. DE DRENAGEM",IF(COUNTIF(P16:R16,"X")<>1,"FALTA/DUPLA: SIN. HORIZ.",IF(COUNTIF(S16:U16,"X")<>1,"FALTA/DUPLA: SIN. VERTICAL","OK")))))) -> OK
A17: 070ETO0200 | B17: C | C17: 6 | D17: 7 | E17: =D17-C17 -> 1 | F17: X | K17: X | N17: X | Q17: X | T17: X | W17: =IF(COUNTA(F17:U17)=0,"— não preenchido",IF(COUNTIF(F17:J17,"X")<>1,"FALTA/DUPLA: CONDIÇÃO DO PAVIMENTO",IF(COUNTIF(K17:L17,"X")<>1,"FALTA/DUPLA: VEGETAÇÃO",IF(COUNTIF(M17:O17,"X")<>1,"FALTA/DUPLA: ELEM. DE DRENAGEM",IF(COUNTIF(P17:R17,"X")<>1,"FALTA/DUPLA: SIN. HORIZ.",IF(COUNTIF(S17:U17,"X")<>1,"FALTA/DUPLA: SIN. VERTICAL","OK")))))) -> OK
A18: 070ETO0200 | B18: C | C18: 7 | D18: 8 | E18: =D18-C18 -> 1 | G18: X | K18: X | N18: X | Q18: X | T18: X | W18: =IF(COUNTA(F18:U18)=0,"— não preenchido",IF(COUNTIF(F18:J18,"X")<>1,"FALTA/DUPLA: CONDIÇÃO DO PAVIMENTO",IF(COUNTIF(K18:L18,"X")<>1,"FALTA/DUPLA: VEGETAÇÃO",IF(COUNTIF(M18:O18,"X")<>1,"FALTA/DUPLA: ELEM. DE DRENAGEM",IF(COUNTIF(P18:R18,"X")<>1,"FALTA/DUPLA: SIN. HORIZ.",IF(COUNTIF(S18:U18,"X")<>1,"FALTA/DUPLA: SIN. VERTICAL","OK")))))) -> OK
A19: 070ETO0200 | B19: C | C19: 8 | D19: 9 | E19: =D19-C19 -> 1 | G19: X | K19: X | N19: X | Q19: X | T19: X | W19: =IF(COUNTA(F19:U19)=0,"— não preenchido",IF(COUNTIF(F19:J19,"X")<>1,"FALTA/DUPLA: CONDIÇÃO DO PAVIMENTO",IF(COUNTIF(K19:L19,"X")<>1,"FALTA/DUPLA: VEGETAÇÃO",IF(COUNTIF(M19:O19,"X")<>1,"FALTA/DUPLA: ELEM. DE DRENAGEM",IF(COUNTIF(P19:R19,"X")<>1,"FALTA/DUPLA: SIN. HORIZ.",IF(COUNTIF(S19:U19,"X")<>1,"FALTA/DUPLA: SIN. VERTICAL","OK")))))) -> OK
A20: 070ETO0200 | B20: C | C20: 9 | D20: 10 | E20: =D20-C20 -> 1 | G20: X | K20: X | N20: X | Q20: X | T20: X | W20: =IF(COUNTA(F20:U20)=0,"— não preenchido",IF(COUNTIF(F20:J20,"X")<>1,"FALTA/DUPLA: CONDIÇÃO DO PAVIMENTO",IF(COUNTIF(K20:L20,"X")<>1,"FALTA/DUPLA: VEGETAÇÃO",IF(COUNTIF(M20:O20,"X")<>1,"FALTA/DUPLA: ELEM. DE DRENAGEM",IF(COUNTIF(P20:R20,"X")<>1,"FALTA/DUPLA: SIN. HORIZ.",IF(COUNTIF(S20:U20,"X")<>1,"FALTA/DUPLA: SIN. VERTICAL","OK")))))) -> OK
A21: 070ETO0200 | B21: C | C21: 10 | D21: 11 | E21: =D21-C21 -> 1 | G21: X | K21: X | N21: X | Q21: X | T21: X | W21: =IF(COUNTA(F21:U21)=0,"— não preenchido",IF(COUNTIF(F21:J21,"X")<>1,"FALTA/DUPLA: CONDIÇÃO DO PAVIMENTO",IF(COUNTIF(K21:L21,"X")<>1,"FALTA/DUPLA: VEGETAÇÃO",IF(COUNTIF(M21:O21,"X")<>1,"FALTA/DUPLA: ELEM. DE DRENAGEM",IF(COUNTIF(P21:R21,"X")<>1,"FALTA/DUPLA: SIN. HORIZ.",IF(COUNTIF(S21:U21,"X")<>1,"FALTA/DUPLA: SIN. VERTICAL","OK")))))) -> OK
A22: 070ETO0200 | B22: C | C22: 11 | D22: 12 | E22: =D22-C22 -> 1 | G22: X | K22: X | N22: X | Q22: X | T22: X | W22: =IF(COUNTA(F22:U22)=0,"— não preenchido",IF(COUNTIF(F22:J22,"X")<>1,"FALTA/DUPLA: CONDIÇÃO DO PAVIMENTO",IF(COUNTIF(K22:L22,"X")<>1,"FALTA/DUPLA: VEGETAÇÃO",IF(COUNTIF(M22:O22,"X")<>1,"FALTA/DUPLA: ELEM. DE DRENAGEM",IF(COUNTIF(P22:R22,"X")<>1,"FALTA/DUPLA: SIN. HORIZ.",IF(COUNTIF(S22:U22,"X")<>1,"FALTA/DUPLA: SIN. VERTICAL","OK")))))) -> OK
A23: 070ETO0200 | B23: C | C23: 12 | D23: 13 | E23: =D23-C23 -> 1 | G23: X | K23: X | N23: X | Q23: X | T23: X | W23: =IF(COUNTA(F23:U23)=0,"— não preenchido",IF(COUNTIF(F23:J23,"X")<>1,"FALTA/DUPLA: CONDIÇÃO DO PAVIMENTO",IF(COUNTIF(K23:L23,"X")<>1,"FALTA/DUPLA: VEGETAÇÃO",IF(COUNTIF(M23:O23,"X")<>1,"FALTA/DUPLA: ELEM. DE DRENAGEM",IF(COUNTIF(P23:R23,"X")<>1,"FALTA/DUPLA: SIN. HORIZ.",IF(COUNTIF(S23:U23,"X")<>1,"FALTA/DUPLA: SIN. VERTICAL","OK")))))) -> OK
A24: 070ETO0200 | B24: C | C24: 13 | D24: 14 | E24: =D24-C24 -> 1 | G24: X | K24: X | N24: X | Q24: X | T24: X | W24: =IF(COUNTA(F24:U24)=0,"— não preenchido",IF(COUNTIF(F24:J24,"X")<>1,"FALTA/DUPLA: CONDIÇÃO DO PAVIMENTO",IF(COUNTIF(K24:L24,"X")<>1,"FALTA/DUPLA: VEGETAÇÃO",IF(COUNTIF(M24:O24,"X")<>1,"FALTA/DUPLA: ELEM. DE DRENAGEM",IF(COUNTIF(P24:R24,"X")<>1,"FALTA/DUPLA: SIN. HORIZ.",IF(COUNTIF(S24:U24,"X")<>1,"FALTA/DUPLA: SIN. VERTICAL","OK")))))) -> OK
A25: 070ETO0200 | B25: C | C25: 14 | D25: 15 | E25: =D25-C25 -> 1 | G25: X | K25: X | N25: X | Q25: X | T25: X | W25: =IF(COUNTA(F25:U25)=0,"— não preenchido",IF(COUNTIF(F25:J25,"X")<>1,"FALTA/DUPLA: CONDIÇÃO DO PAVIMENTO",IF(COUNTIF(K25:L25,"X")<>1,"FALTA/DUPLA: VEGETAÇÃO",IF(COUNTIF(M25:O25,"X")<>1,"FALTA/DUPLA: ELEM. DE DRENAGEM",IF(COUNTIF(P25:R25,"X")<>1,"FALTA/DUPLA: SIN. HORIZ.",IF(COUNTIF(S25:U25,"X")<>1,"FALTA/DUPLA: SIN. VERTICAL","OK")))))) -> OK
A26: 070ETO0200 | B26: C | C26: 15 | D26: 16 | E26: =D26-C26 -> 1 | G26: X | K26: X | N26: X | Q26: X | T26: X | W26: =IF(COUNTA(F26:U26)=0,"— não preenchido",IF(COUNTIF(F26:J26,"X")<>1,"FALTA/DUPLA: CONDIÇÃO DO PAVIMENTO",IF(COUNTIF(K26:L26,"X")<>1,"FALTA/DUPLA: VEGETAÇÃO",IF(COUNTIF(M26:O26,"X")<>1,"FALTA/DUPLA: ELEM. DE DRENAGEM",IF(COUNTIF(P26:R26,"X")<>1,"FALTA/DUPLA: SIN. HORIZ.",IF(COUNTIF(S26:U26,"X")<>1,"FALTA/DUPLA: SIN. VERTICAL","OK")))))) -> OK
A27: 070ETO0200 | B27: C | C27: 16 | D27: 17 | E27: =D27-C27 -> 1 | G27: X | K27: X | N27: X | Q27: X | T27: X | W27: =IF(COUNTA(F27:U27)=0,"— não preenchido",IF(COUNTIF(F27:J27,"X")<>1,"FALTA/DUPLA: CONDIÇÃO DO PAVIMENTO",IF(COUNTIF(K27:L27,"X")<>1,"FALTA/DUPLA: VEGETAÇÃO",IF(COUNTIF(M27:O27,"X")<>1,"FALTA/DUPLA: ELEM. DE DRENAGEM",IF(COUNTIF(P27:R27,"X")<>1,"FALTA/DUPLA: SIN. HORIZ.",IF(COUNTIF(S27:U27,"X")<>1,"FALTA/DUPLA: SIN. VERTICAL","OK")))))) -> OK
A28: 070ETO0200 | B28: C | C28: 17 | D28: 18 | E28: =D28-C28 -> 1 | G28: X | K28: X | N28: X | Q28: X | T28: X | W28: =IF(COUNTA(F28:U28)=0,"— não preenchido",IF(COUNTIF(F28:J28,"X")<>1,"FALTA/DUPLA: CONDIÇÃO DO PAVIMENTO",IF(COUNTIF(K28:L28,"X")<>1,"FALTA/DUPLA: VEGETAÇÃO",IF(COUNTIF(M28:O28,"X")<>1,"FALTA/DUPLA: ELEM. DE DRENAGEM",IF(COUNTIF(P28:R28,"X")<>1,"FALTA/DUPLA: SIN. HORIZ.",IF(COUNTIF(S28:U28,"X")<>1,"FALTA/DUPLA: SIN. VERTICAL","OK")))))) -> OK
A29: 070ETO0200 | B29: C | C29: 18 | D29: 19 | E29: =D29-C29 -> 1 | F29: X | K29: X | N29: X | Q29: X | T29: X | W29: =IF(COUNTA(F29:U29)=0,"— não preenchido",IF(COUNTIF(F29:J29,"X")<>1,"FALTA/DUPLA: CONDIÇÃO DO PAVIMENTO",IF(COUNTIF(K29:L29,"X")<>1,"FALTA/DUPLA: VEGETAÇÃO",IF(COUNTIF(M29:O29,"X")<>1,"FALTA/DUPLA: ELEM. DE DRENAGEM",IF(COUNTIF(P29:R29,"X")<>1,"FALTA/DUPLA: SIN. HORIZ.",IF(COUNTIF(S29:U29,"X")<>1,"FALTA/DUPLA: SIN. VERTICAL","OK")))))) -> OK
A30: 070ETO0200 | B30: C | C30: 19 | D30: 20 | E30: =D30-C30 -> 1 | F30: X | K30: X | N30: X | Q30: X | T30: X | W30: =IF(COUNTA(F30:U30)=0,"— não preenchido",IF(COUNTIF(F30:J30,"X")<>1,"FALTA/DUPLA: CONDIÇÃO DO PAVIMENTO",IF(COUNTIF(K30:L30,"X")<>1,"FALTA/DUPLA: VEGETAÇÃO",IF(COUNTIF(M30:O30,"X")<>1,"FALTA/DUPLA: ELEM. DE DRENAGEM",IF(COUNTIF(P30:R30,"X")<>1,"FALTA/DUPLA: SIN. HORIZ.",IF(COUNTIF(S30:U30,"X")<>1,"FALTA/DUPLA: SIN. VERTICAL","OK")))))) -> OK
A31: 070ETO0200 | B31: C | C31: 20 | D31: 21 | E31: =D31-C31 -> 1 | H31: X | K31: X | N31: X | Q31: X | T31: X | W31: =IF(COUNTA(F31:U31)=0,"— não preenchido",IF(COUNTIF(F31:J31,"X")<>1,"FALTA/DUPLA: CONDIÇÃO DO PAVIMENTO",IF(COUNTIF(K31:L31,"X")<>1,"FALTA/DUPLA: VEGETAÇÃO",IF(COUNTIF(M31:O31,"X")<>1,"FALTA/DUPLA: ELEM. DE DRENAGEM",IF(COUNTIF(P31:R31,"X")<>1,"FALTA/DUPLA: SIN. HORIZ.",IF(COUNTIF(S31:U31,"X")<>1,"FALTA/DUPLA: SIN. VERTICAL","OK")))))) -> OK
A32: 070ETO0200 | B32: C | C32: 21 | D32: 22 | E32: =D32-C32 -> 1 | H32: X | K32: X | N32: X | Q32: X | T32: X | W32: =IF(COUNTA(F32:U32)=0,"— não preenchido",IF(COUNTIF(F32:J32,"X")<>1,"FALTA/DUPLA: CONDIÇÃO DO PAVIMENTO",IF(COUNTIF(K32:L32,"X")<>1,"FALTA/DUPLA: VEGETAÇÃO",IF(COUNTIF(M32:O32,"X")<>1,"FALTA/DUPLA: ELEM. DE DRENAGEM",IF(COUNTIF(P32:R32,"X")<>1,"FALTA/DUPLA: SIN. HORIZ.",IF(COUNTIF(S32:U32,"X")<>1,"FALTA/DUPLA: SIN. VERTICAL","OK")))))) -> OK
A33: 070ETO0200 | B33: C | C33: 22 | D33: 23 | E33: =D33-C33 -> 1 | H33: X | K33: X | N33: X | Q33: X | T33: X | W33: =IF(COUNTA(F33:U33)=0,"— não preenchido",IF(COUNTIF(F33:J33,"X")<>1,"FALTA/DUPLA: CONDIÇÃO DO PAVIMENTO",IF(COUNTIF(K33:L33,"X")<>1,"FALTA/DUPLA: VEGETAÇÃO",IF(COUNTIF(M33:O33,"X")<>1,"FALTA/DUPLA: ELEM. DE DRENAGEM",IF(COUNTIF(P33:R33,"X")<>1,"FALTA/DUPLA: SIN. HORIZ.",IF(COUNTIF(S33:U33,"X")<>1,"FALTA/DUPLA: SIN. VERTICAL","OK")))))) -> OK
A34: 070ETO0200 | B34: C | C34: 23 | D34: 24 | E34: =D34-C34 -> 1 | G34: X | K34: X | N34: X | Q34: X | T34: X | W34: =IF(COUNTA(F34:U34)=0,"— não preenchido",IF(COUNTIF(F34:J34,"X")<>1,"FALTA/DUPLA: CONDIÇÃO DO PAVIMENTO",IF(COUNTIF(K34:L34,"X")<>1,"FALTA/DUPLA: VEGETAÇÃO",IF(COUNTIF(M34:O34,"X")<>1,"FALTA/DUPLA: ELEM. DE DRENAGEM",IF(COUNTIF(P34:R34,"X")<>1,"FALTA/DUPLA: SIN. HORIZ.",IF(COUNTIF(S34:U34,"X")<>1,"FALTA/DUPLA: SIN. VERTICAL","OK")))))) -> OK
A35: 070ETO0200 | B35: C | C35: 24 | D35: 25 | E35: =D35-C35 -> 1 | G35: X | K35: X | N35: X | Q35: X | T35: X | W35: =IF(COUNTA(F35:U35)=0,"— não preenchido",IF(COUNTIF(F35:J35,"X")<>1,"FALTA/DUPLA: CONDIÇÃO DO PAVIMENTO",IF(COUNTIF(K35:L35,"X")<>1,"FALTA/DUPLA: VEGETAÇÃO",IF(COUNTIF(M35:O35,"X")<>1,"FALTA/DUPLA: ELEM. DE DRENAGEM",IF(COUNTIF(P35:R35,"X")<>1,"FALTA/DUPLA: SIN. HORIZ.",IF(COUNTIF(S35:U35,"X")<>1,"FALTA/DUPLA: SIN. VERTICAL","OK")))))) -> OK
A36: 070ETO0200 | B36: C | C36: 25 | D36: 26 | E36: =D36-C36 -> 1 | G36: X | K36: X | N36: X | Q36: X | T36: X | W36: =IF(COUNTA(F36:U36)=0,"— não preenchido",IF(COUNTIF(F36:J36,"X")<>1,"FALTA/DUPLA: CONDIÇÃO DO PAVIMENTO",IF(COUNTIF(K36:L36,"X")<>1,"FALTA/DUPLA: VEGETAÇÃO",IF(COUNTIF(M36:O36,"X")<>1,"FALTA/DUPLA: ELEM. DE DRENAGEM",IF(COUNTIF(P36:R36,"X")<>1,"FALTA/DUPLA: SIN. HORIZ.",IF(COUNTIF(S36:U36,"X")<>1,"FALTA/DUPLA: SIN. VERTICAL","OK")))))) -> OK
A37: 070ETO0200 | B37: C | C37: 26 | D37: 27 | E37: =D37-C37 -> 1 | G37: X | K37: X | N37: X | Q37: X | T37: X | W37: =IF(COUNTA(F37:U37)=0,"— não preenchido",IF(COUNTIF(F37:J37,"X")<>1,"FALTA/DUPLA: CONDIÇÃO DO PAVIMENTO",IF(COUNTIF(K37:L37,"X")<>1,"FALTA/DUPLA: VEGETAÇÃO",IF(COUNTIF(M37:O37,"X")<>1,"FALTA/DUPLA: ELEM. DE DRENAGEM",IF(COUNTIF(P37:R37,"X")<>1,"FALTA/DUPLA: SIN. HORIZ.",IF(COUNTIF(S37:U37,"X")<>1,"FALTA/DUPLA: SIN. VERTICAL","OK")))))) -> OK
A38: 070ETO0200 | B38: C | C38: 27 | D38: 28 | E38: =D38-C38 -> 1 | G38: X | K38: X | N38: X | Q38: X | T38: X | W38: =IF(COUNTA(F38:U38)=0,"— não preenchido",IF(COUNTIF(F38:J38,"X")<>1,"FALTA/DUPLA: CONDIÇÃO DO PAVIMENTO",IF(COUNTIF(K38:L38,"X")<>1,"FALTA/DUPLA: VEGETAÇÃO",IF(COUNTIF(M38:O38,"X")<>1,"FALTA/DUPLA: ELEM. DE DRENAGEM",IF(COUNTIF(P38:R38,"X")<>1,"FALTA/DUPLA: SIN. HORIZ.",IF(COUNTIF(S38:U38,"X")<>1,"FALTA/DUPLA: SIN. VERTICAL","OK")))))) -> OK
A39: 070ETO0200 | B39: C | C39: 28 | D39: 29 | E39: =D39-C39 -> 1 | G39: X | K39: X | N39: X | Q39: X | T39: X | W39: =IF(COUNTA(F39:U39)=0,"— não preenchido",IF(COUNTIF(F39:J39,"X")<>1,"FALTA/DUPLA: CONDIÇÃO DO PAVIMENTO",IF(COUNTIF(K39:L39,"X")<>1,"FALTA/DUPLA: VEGETAÇÃO",IF(COUNTIF(M39:O39,"X")<>1,"FALTA/DUPLA: ELEM. DE DRENAGEM",IF(COUNTIF(P39:R39,"X")<>1,"FALTA/DUPLA: SIN. HORIZ.",IF(COUNTIF(S39:U39,"X")<>1,"FALTA/DUPLA: SIN. VERTICAL","OK")))))) -> OK
A40: 070ETO0200 | B40: C | C40: 29 | D40: 30 | E40: =D40-C40 -> 1 | G40: X | K40: X | N40: X | Q40: X | T40: X | W40: =IF(COUNTA(F40:U40)=0,"— não preenchido",IF(COUNTIF(F40:J40,"X")<>1,"FALTA/DUPLA: CONDIÇÃO DO PAVIMENTO",IF(COUNTIF(K40:L40,"X")<>1,"FALTA/DUPLA: VEGETAÇÃO",IF(COUNTIF(M40:O40,"X")<>1,"FALTA/DUPLA: ELEM. DE DRENAGEM",IF(COUNTIF(P40:R40,"X")<>1,"FALTA/DUPLA: SIN. HORIZ.",IF(COUNTIF(S40:U40,"X")<>1,"FALTA/DUPLA: SIN. VERTICAL","OK")))))) -> OK
A41: 070ETO0200 | B41: C | C41: 30 | D41: 31 | E41: =D41-C41 -> 1 | G41: X | K41: X | N41: X | Q41: X | T41: X | W41: =IF(COUNTA(F41:U41)=0,"— não preenchido",IF(COUNTIF(F41:J41,"X")<>1,"FALTA/DUPLA: CONDIÇÃO DO PAVIMENTO",IF(COUNTIF(K41:L41,"X")<>1,"FALTA/DUPLA: VEGETAÇÃO",IF(COUNTIF(M41:O41,"X")<>1,"FALTA/DUPLA: ELEM. DE DRENAGEM",IF(COUNTIF(P41:R41,"X")<>1,"FALTA/DUPLA: SIN. HORIZ.",IF(COUNTIF(S41:U41,"X")<>1,"FALTA/DUPLA: SIN. VERTICAL","OK")))))) -> OK
A42: 070ETO0200 | B42: C | C42: 31 | D42: 32 | E42: =D42-C42 -> 1 | G42: X | K42: X | N42: X | Q42: X | T42: X | W42: =IF(COUNTA(F42:U42)=0,"— não preenchido",IF(COUNTIF(F42:J42,"X")<>1,"FALTA/DUPLA: CONDIÇÃO DO PAVIMENTO",IF(COUNTIF(K42:L42,"X")<>1,"FALTA/DUPLA: VEGETAÇÃO",IF(COUNTIF(M42:O42,"X")<>1,"FALTA/DUPLA: ELEM. DE DRENAGEM",IF(COUNTIF(P42:R42,"X")<>1,"FALTA/DUPLA: SIN. HORIZ.",IF(COUNTIF(S42:U42,"X")<>1,"FALTA/DUPLA: SIN. VERTICAL","OK")))))) -> OK
A43: 070ETO0200 | B43: C | C43: 32 | D43: 33 | E43: =D43-C43 -> 1 | G43: X | K43: X | N43: X | Q43: X | T43: X | W43: =IF(COUNTA(F43:U43)=0,"— não preenchido",IF(COUNTIF(F43:J43,"X")<>1,"FALTA/DUPLA: CONDIÇÃO DO PAVIMENTO",IF(COUNTIF(K43:L43,"X")<>1,"FALTA/DUPLA: VEGETAÇÃO",IF(COUNTIF(M43:O43,"X")<>1,"FALTA/DUPLA: ELEM. DE DRENAGEM",IF(COUNTIF(P43:R43,"X")<>1,"FALTA/DUPLA: SIN. HORIZ.",IF(COUNTIF(S43:U43,"X")<>1,"FALTA/DUPLA: SIN. VERTICAL","OK")))))) -> OK
A44: 070ETO0200 | B44: C | C44: 33 | D44: 34 | E44: =D44-C44 -> 1 | G44: X | K44: X | N44: X | Q44: X | T44: X | W44: =IF(COUNTA(F44:U44)=0,"— não preenchido",IF(COUNTIF(F44:J44,"X")<>1,"FALTA/DUPLA: CONDIÇÃO DO PAVIMENTO",IF(COUNTIF(K44:L44,"X")<>1,"FALTA/DUPLA: VEGETAÇÃO",IF(COUNTIF(M44:O44,"X")<>1,"FALTA/DUPLA: ELEM. DE DRENAGEM",IF(COUNTIF(P44:R44,"X")<>1,"FALTA/DUPLA: SIN. HORIZ.",IF(COUNTIF(S44:U44,"X")<>1,"FALTA/DUPLA: SIN. VERTICAL","OK")))))) -> OK
A45: 070ETO0200 | B45: C | C45: 34 | D45: 35 | E45: =D45-C45 -> 1 | G45: X | K45: X | N45: X | Q45: X | T45: X | W45: =IF(COUNTA(F45:U45)=0,"— não preenchido",IF(COUNTIF(F45:J45,"X")<>1,"FALTA/DUPLA: CONDIÇÃO DO PAVIMENTO",IF(COUNTIF(K45:L45,"X")<>1,"FALTA/DUPLA: VEGETAÇÃO",IF(COUNTIF(M45:O45,"X")<>1,"FALTA/DUPLA: ELEM. DE DRENAGEM",IF(COUNTIF(P45:R45,"X")<>1,"FALTA/DUPLA: SIN. HORIZ.",IF(COUNTIF(S45:U45,"X")<>1,"FALTA/DUPLA: SIN. VERTICAL","OK")))))) -> OK
... A47: 070ETO0200 | B47: C | C47: 36 | D47: 37 | E47: =D47-C47 -> 1 | G47: X | K47: X | N47: X | Q47: X | T47: X | W47: =IF(COUNTA(F47:U47)=0,"— não preenchido",IF(COUNTIF(F47:J47,"X")<>1,"FALTA/DUPLA: CONDIÇÃO DO PAVIMENTO",IF(COUNTIF(K47:L47,"X")<>1,"FALTA/DUPLA: VEGETAÇÃO",IF(COUNTIF(M47:O47,"X")<>1,"FALTA/DUPLA: ELEM. DE DRENAGEM",IF(COUNTIF(P47:R47,"X")<>1,"FALTA/DUPLA: SIN. HORIZ.",IF(COUNTIF(S47:U47,"X")<>1,"FALTA/DUPLA: SIN. VERTICAL","OK")))))) -> OK
A48: 070ETO0200 | B48: C | C48: 37 | D48: 38 | E48: =D48-C48 -> 1 | H48: X | K48: X | N48: X | Q48: X | T48: X | W48: =IF(COUNTA(F48:U48)=0,"— não preenchido",IF(COUNTIF(F48:J48,"X")<>1,"FALTA/DUPLA: CONDIÇÃO DO PAVIMENTO",IF(COUNTIF(K48:L48,"X")<>1,"FALTA/DUPLA: VEGETAÇÃO",IF(COUNTIF(M48:O48,"X")<>1,"FALTA/DUPLA: ELEM. DE DRENAGEM",IF(COUNTIF(P48:R48,"X")<>1,"FALTA/DUPLA: SIN. HORIZ.",IF(COUNTIF(S48:U48,"X")<>1,"FALTA/DUPLA: SIN. VERTICAL","OK")))))) -> OK
A49: 070ETO0200 | B49: C | C49: 38 | D49: 39 | E49: =D49-C49 -> 1 | H49: X | K49: X | N49: X | Q49: X | T49: X | W49: =IF(COUNTA(F49:U49)=0,"— não preenchido",IF(COUNTIF(F49:J49,"X")<>1,"FALTA/DUPLA: CONDIÇÃO DO PAVIMENTO",IF(COUNTIF(K49:L49,"X")<>1,"FALTA/DUPLA: VEGETAÇÃO",IF(COUNTIF(M49:O49,"X")<>1,"FALTA/DUPLA: ELEM. DE DRENAGEM",IF(COUNTIF(P49:R49,"X")<>1,"FALTA/DUPLA: SIN. HORIZ.",IF(COUNTIF(S49:U49,"X")<>1,"FALTA/DUPLA: SIN. VERTICAL","OK")))))) -> OK
A50: 070ETO0200 | B50: C | C50: 39 | D50: 40 | E50: =D50-C50 -> 1 | G50: X | K50: X | N50: X | Q50: X | T50: X | W50: =IF(COUNTA(F50:U50)=0,"— não preenchido",IF(COUNTIF(F50:J50,"X")<>1,"FALTA/DUPLA: CONDIÇÃO DO PAVIMENTO",IF(COUNTIF(K50:L50,"X")<>1,"FALTA/DUPLA: VEGETAÇÃO",IF(COUNTIF(M50:O50,"X")<>1,"FALTA/DUPLA: ELEM. DE DRENAGEM",IF(COUNTIF(P50:R50,"X")<>1,"FALTA/DUPLA: SIN. HORIZ.",IF(COUNTIF(S50:U50,"X")<>1,"FALTA/DUPLA: SIN. VERTICAL","OK")))))) -> OK
A51: 070ETO0200 | B51: C | C51: 40 | D51: 41 | E51: =D51-C51 -> 1 | G51: X | K51: X | N51: X | Q51: X | T51: X | W51: =IF(COUNTA(F51:U51)=0,"— não preenchido",IF(COUNTIF(F51:J51,"X")<>1,"FALTA/DUPLA: CONDIÇÃO DO PAVIMENTO",IF(COUNTIF(K51:L51,"X")<>1,"FALTA/DUPLA: VEGETAÇÃO",IF(COUNTIF(M51:O51,"X")<>1,"FALTA/DUPLA: ELEM. DE DRENAGEM",IF(COUNTIF(P51:R51,"X")<>1,"FALTA/DUPLA: SIN. HORIZ.",IF(COUNTIF(S51:U51,"X")<>1,"FALTA/DUPLA: SIN. VERTICAL","OK")))))) -> OK
A52: 070ETO0200 | B52: C | C52: 41 | D52: 42 | E52: =D52-C52 -> 1 | G52: X | K52: X | N52: X | Q52: X | T52: X | W52: =IF(COUNTA(F52:U52)=0,"— não preenchido",IF(COUNTIF(F52:J52,"X")<>1,"FALTA/DUPLA: CONDIÇÃO DO PAVIMENTO",IF(COUNTIF(K52:L52,"X")<>1,"FALTA/DUPLA: VEGETAÇÃO",IF(COUNTIF(M52:O52,"X")<>1,"FALTA/DUPLA: ELEM. DE DRENAGEM",IF(COUNTIF(P52:R52,"X")<>1,"FALTA/DUPLA: SIN. HORIZ.",IF(COUNTIF(S52:U52,"X")<>1,"FALTA/DUPLA: SIN. VERTICAL","OK")))))) -> OK
A53: 070ETO0200 | B53: C | C53: 42 | D53: 43 | E53: =D53-C53 -> 1 | H53: X | K53: X | N53: X | Q53: X | T53: X | W53: =IF(COUNTA(F53:U53)=0,"— não preenchido",IF(COUNTIF(F53:J53,"X")<>1,"FALTA/DUPLA: CONDIÇÃO DO PAVIMENTO",IF(COUNTIF(K53:L53,"X")<>1,"FALTA/DUPLA: VEGETAÇÃO",IF(COUNTIF(M53:O53,"X")<>1,"FALTA/DUPLA: ELEM. DE DRENAGEM",IF(COUNTIF(P53:R53,"X")<>1,"FALTA/DUPLA: SIN. HORIZ.",IF(COUNTIF(S53:U53,"X")<>1,"FALTA/DUPLA: SIN. VERTICAL","OK")))))) -> OK
A54: 070ETO0200 | B54: C | C54: 43 | D54: 44 | E54: =D54-C54 -> 1 | G54: X | K54: X | N54: X | Q54: X | T54: X | W54: =IF(COUNTA(F54:U54)=0,"— não preenchido",IF(COUNTIF(F54:J54,"X")<>1,"FALTA/DUPLA: CONDIÇÃO DO PAVIMENTO",IF(COUNTIF(K54:L54,"X")<>1,"FALTA/DUPLA: VEGETAÇÃO",IF(COUNTIF(M54:O54,"X")<>1,"FALTA/DUPLA: ELEM. DE DRENAGEM",IF(COUNTIF(P54:R54,"X")<>1,"FALTA/DUPLA: SIN. HORIZ.",IF(COUNTIF(S54:U54,"X")<>1,"FALTA/DUPLA: SIN. VERTICAL","OK")))))) -> OK
A55: 070ETO0200 | B55: C | C55: 44 | D55: 45 | E55: =D55-C55 -> 1 | G55: X | K55: X | N55: X | Q55: X | T55: X | W55: =IF(COUNTA(F55:U55)=0,"— não preenchido",IF(COUNTIF(F55:J55,"X")<>1,"FALTA/DUPLA: CONDIÇÃO DO PAVIMENTO",IF(COUNTIF(K55:L55,"X")<>1,"FALTA/DUPLA: VEGETAÇÃO",IF(COUNTIF(M55:O55,"X")<>1,"FALTA/DUPLA: ELEM. DE DRENAGEM",IF(COUNTIF(P55:R55,"X")<>1,"FALTA/DUPLA: SIN. HORIZ.",IF(COUNTIF(S55:U55,"X")<>1,"FALTA/DUPLA: SIN. VERTICAL","OK")))))) -> OK
A56: 070ETO0200 | B56: C | C56: 45 | D56: 46 | E56: =D56-C56 -> 1 | G56: X | K56: X | N56: X | Q56: X | T56: X | W56: =IF(COUNTA(F56:U56)=0,"— não preenchido",IF(COUNTIF(F56:J56,"X")<>1,"FALTA/DUPLA: CONDIÇÃO DO PAVIMENTO",IF(COUNTIF(K56:L56,"X")<>1,"FALTA/DUPLA: VEGETAÇÃO",IF(COUNTIF(M56:O56,"X")<>1,"FALTA/DUPLA: ELEM. DE DRENAGEM",IF(COUNTIF(P56:R56,"X")<>1,"FALTA/DUPLA: SIN. HORIZ.",IF(COUNTIF(S56:U56,"X")<>1,"FALTA/DUPLA: SIN. VERTICAL","OK")))))) -> OK
A57: 070ETO0200 | B57: C | C57: 46 | D57: 47 | E57: =D57-C57 -> 1 | G57: X | K57: X | N57: X | Q57: X | T57: X | W57: =IF(COUNTA(F57:U57)=0,"— não preenchido",IF(COUNTIF(F57:J57,"X")<>1,"FALTA/DUPLA: CONDIÇÃO DO PAVIMENTO",IF(COUNTIF(K57:L57,"X")<>1,"FALTA/DUPLA: VEGETAÇÃO",IF(COUNTIF(M57:O57,"X")<>1,"FALTA/DUPLA: ELEM. DE DRENAGEM",IF(COUNTIF(P57:R57,"X")<>1,"FALTA/DUPLA: SIN. HORIZ.",IF(COUNTIF(S57:U57,"X")<>1,"FALTA/DUPLA: SIN. VERTICAL","OK")))))) -> OK
A58: 070ETO0200 | B58: C | C58: 47 | D58: 48 | E58: =D58-C58 -> 1 | G58: X | K58: X | N58: X | Q58: X | T58: X | W58: =IF(COUNTA(F58:U58)=0,"— não preenchido",IF(COUNTIF(F58:J58,"X")<>1,"FALTA/DUPLA: CONDIÇÃO DO PAVIMENTO",IF(COUNTIF(K58:L58,"X")<>1,"FALTA/DUPLA: VEGETAÇÃO",IF(COUNTIF(M58:O58,"X")<>1,"FALTA/DUPLA: ELEM. DE DRENAGEM",IF(COUNTIF(P58:R58,"X")<>1,"FALTA/DUPLA: SIN. HORIZ.",IF(COUNTIF(S58:U58,"X")<>1,"FALTA/DUPLA: SIN. VERTICAL","OK")))))) -> OK
A59: 070ETO0200 | B59: C | C59: 48 | D59: 49 | E59: =D59-C59 -> 1 | H59: X | K59: X | N59: X | Q59: X | T59: X | W59: =IF(COUNTA(F59:U59)=0,"— não preenchido",IF(COUNTIF(F59:J59,"X")<>1,"FALTA/DUPLA: CONDIÇÃO DO PAVIMENTO",IF(COUNTIF(K59:L59,"X")<>1,"FALTA/DUPLA: VEGETAÇÃO",IF(COUNTIF(M59:O59,"X")<>1,"FALTA/DUPLA: ELEM. DE DRENAGEM",IF(COUNTIF(P59:R59,"X")<>1,"FALTA/DUPLA: SIN. HORIZ.",IF(COUNTIF(S59:U59,"X")<>1,"FALTA/DUPLA: SIN. VERTICAL","OK")))))) -> OK
A60: 070ETO0200 | B60: C | C60: 49 | D60: 50 | E60: =D60-C60 -> 1 | G60: X | K60: X | N60: X | Q60: X | T60: X | W60: =IF(COUNTA(F60:U60)=0,"— não preenchido",IF(COUNTIF(F60:J60,"X")<>1,"FALTA/DUPLA: CONDIÇÃO DO PAVIMENTO",IF(COUNTIF(K60:L60,"X")<>1,"FALTA/DUPLA: VEGETAÇÃO",IF(COUNTIF(M60:O60,"X")<>1,"FALTA/DUPLA: ELEM. DE DRENAGEM",IF(COUNTIF(P60:R60,"X")<>1,"FALTA/DUPLA: SIN. HORIZ.",IF(COUNTIF(S60:U60,"X")<>1,"FALTA/DUPLA: SIN. VERTICAL","OK")))))) -> OK
A61: 070ETO0200 | B61: C | C61: 50 | D61: 51 | E61: =D61-C61 -> 1 | G61: X | K61: X | N61: X | Q61: X | T61: X | W61: =IF(COUNTA(F61:U61)=0,"— não preenchido",IF(COUNTIF(F61:J61,"X")<>1,"FALTA/DUPLA: CONDIÇÃO DO PAVIMENTO",IF(COUNTIF(K61:L61,"X")<>1,"FALTA/DUPLA: VEGETAÇÃO",IF(COUNTIF(M61:O61,"X")<>1,"FALTA/DUPLA: ELEM. DE DRENAGEM",IF(COUNTIF(P61:R61,"X")<>1,"FALTA/DUPLA: SIN. HORIZ.",IF(COUNTIF(S61:U61,"X")<>1,"FALTA/DUPLA: SIN. VERTICAL","OK")))))) -> OK
A62: 070ETO0200 | B62: C | C62: 51 | D62: 52 | E62: =D62-C62 -> 1 | G62: X | K62: X | N62: X | Q62: X | T62: X | W62: =IF(COUNTA(F62:U62)=0,"— não preenchido",IF(COUNTIF(F62:J62,"X")<>1,"FALTA/DUPLA: CONDIÇÃO DO PAVIMENTO",IF(COUNTIF(K62:L62,"X")<>1,"FALTA/DUPLA: VEGETAÇÃO",IF(COUNTIF(M62:O62,"X")<>1,"FALTA/DUPLA: ELEM. DE DRENAGEM",IF(COUNTIF(P62:R62,"X")<>1,"FALTA/DUPLA: SIN. HORIZ.",IF(COUNTIF(S62:U62,"X")<>1,"FALTA/DUPLA: SIN. VERTICAL","OK")))))) -> OK
A63: 070ETO0200 | B63: C | C63: 52 | D63: 53 | E63: =D63-C63 -> 1 | G63: X | K63: X | N63: X | Q63: X | T63: X | W63: =IF(COUNTA(F63:U63)=0,"— não preenchido",IF(COUNTIF(F63:J63,"X")<>1,"FALTA/DUPLA: CONDIÇÃO DO PAVIMENTO",IF(COUNTIF(K63:L63,"X")<>1,"FALTA/DUPLA: VEGETAÇÃO",IF(COUNTIF(M63:O63,"X")<>1,"FALTA/DUPLA: ELEM. DE DRENAGEM",IF(COUNTIF(P63:R63,"X")<>1,"FALTA/DUPLA: SIN. HORIZ.",IF(COUNTIF(S63:U63,"X")<>1,"FALTA/DUPLA: SIN. VERTICAL","OK")))))) -> OK
A64: 070ETO0200 | B64: C | C64: 53 | D64: 54 | E64: =D64-C64 -> 1 | G64: X | K64: X | N64: X | Q64: X | T64: X | W64: =IF(COUNTA(F64:U64)=0,"— não preenchido",IF(COUNTIF(F64:J64,"X")<>1,"FALTA/DUPLA: CONDIÇÃO DO PAVIMENTO",IF(COUNTIF(K64:L64,"X")<>1,"FALTA/DUPLA: VEGETAÇÃO",IF(COUNTIF(M64:O64,"X")<>1,"FALTA/DUPLA: ELEM. DE DRENAGEM",IF(COUNTIF(P64:R64,"X")<>1,"FALTA/DUPLA: SIN. HORIZ.",IF(COUNTIF(S64:U64,"X")<>1,"FALTA/DUPLA: SIN. VERTICAL","OK")))))) -> OK
A65: 070ETO0200 | B65: C | C65: 54 | D65: 55 | E65: =D65-C65 -> 1 | G65: X | K65: X | N65: X | Q65: X | T65: X | W65: =IF(COUNTA(F65:U65)=0,"— não preenchido",IF(COUNTIF(F65:J65,"X")<>1,"FALTA/DUPLA: CONDIÇÃO DO PAVIMENTO",IF(COUNTIF(K65:L65,"X")<>1,"FALTA/DUPLA: VEGETAÇÃO",IF(COUNTIF(M65:O65,"X")<>1,"FALTA/DUPLA: ELEM. DE DRENAGEM",IF(COUNTIF(P65:R65,"X")<>1,"FALTA/DUPLA: SIN. HORIZ.",IF(COUNTIF(S65:U65,"X")<>1,"FALTA/DUPLA: SIN. VERTICAL","OK")))))) -> OK
A66: 070ETO0200 | B66: C | C66: 55 | D66: 56 | E66: =D66-C66 -> 1 | G66: X | K66: X | N66: X | Q66: X | T66: X | W66: =IF(COUNTA(F66:U66)=0,"— não preenchido",IF(COUNTIF(F66:J66,"X")<>1,"FALTA/DUPLA: CONDIÇÃO DO PAVIMENTO",IF(COUNTIF(K66:L66,"X")<>1,"FALTA/DUPLA: VEGETAÇÃO",IF(COUNTIF(M66:O66,"X")<>1,"FALTA/DUPLA: ELEM. DE DRENAGEM",IF(COUNTIF(P66:R66,"X")<>1,"FALTA/DUPLA: SIN. HORIZ.",IF(COUNTIF(S66:U66,"X")<>1,"FALTA/DUPLA: SIN. VERTICAL","OK")))))) -> OK
A67: 070ETO0200 | B67: C | C67: 56 | D67: 57 | E67: =D67-C67 -> 1 | G67: X | K67: X | N67: X | Q67: X | T67: X | W67: =IF(COUNTA(F67:U67)=0,"— não preenchido",IF(COUNTIF(F67:J67,"X")<>1,"FALTA/DUPLA: CONDIÇÃO DO PAVIMENTO",IF(COUNTIF(K67:L67,"X")<>1,"FALTA/DUPLA: VEGETAÇÃO",IF(COUNTIF(M67:O67,"X")<>1,"FALTA/DUPLA: ELEM. DE DRENAGEM",IF(COUNTIF(P67:R67,"X")<>1,"FALTA/DUPLA: SIN. HORIZ.",IF(COUNTIF(S67:U67,"X")<>1,"FALTA/DUPLA: SIN. VERTICAL","OK")))))) -> OK
A68: 070ETO0200 | B68: C | C68: 57 | D68: 58 | E68: =D68-C68 -> 1 | G68: X | K68: X | N68: X | Q68: X | T68: X | W68: =IF(COUNTA(F68:U68)=0,"— não preenchido",IF(COUNTIF(F68:J68,"X")<>1,"FALTA/DUPLA: CONDIÇÃO DO PAVIMENTO",IF(COUNTIF(K68:L68,"X")<>1,"FALTA/DUPLA: VEGETAÇÃO",IF(COUNTIF(M68:O68,"X")<>1,"FALTA/DUPLA: ELEM. DE DRENAGEM",IF(COUNTIF(P68:R68,"X")<>1,"FALTA/DUPLA: SIN. HORIZ.",IF(COUNTIF(S68:U68,"X")<>1,"FALTA/DUPLA: SIN. VERTICAL","OK")))))) -> OK
A69: 070ETO0200 | B69: C | C69: 58 | D69: 59 | E69: =D69-C69 -> 1 | G69: X | K69: X | N69: X | Q69: X | T69: X | W69: =IF(COUNTA(F69:U69)=0,"— não preenchido",IF(COUNTIF(F69:J69,"X")<>1,"FALTA/DUPLA: CONDIÇÃO DO PAVIMENTO",IF(COUNTIF(K69:L69,"X")<>1,"FALTA/DUPLA: VEGETAÇÃO",IF(COUNTIF(M69:O69,"X")<>1,"FALTA/DUPLA: ELEM. DE DRENAGEM",IF(COUNTIF(P69:R69,"X")<>1,"FALTA/DUPLA: SIN. HORIZ.",IF(COUNTIF(S69:U69,"X")<>1,"FALTA/DUPLA: SIN. VERTICAL","OK")))))) -> OK
A70: 070ETO0200 | B70: C | C70: 59 | D70: 60 | E70: =D70-C70 -> 1 | G70: X | K70: X | N70: X | Q70: X | T70: X | W70: =IF(COUNTA(F70:U70)=0,"— não preenchido",IF(COUNTIF(F70:J70,"X")<>1,"FALTA/DUPLA: CONDIÇÃO DO PAVIMENTO",IF(COUNTIF(K70:L70,"X")<>1,"FALTA/DUPLA: VEGETAÇÃO",IF(COUNTIF(M70:O70,"X")<>1,"FALTA/DUPLA: ELEM. DE DRENAGEM",IF(COUNTIF(P70:R70,"X")<>1,"FALTA/DUPLA: SIN. HORIZ.",IF(COUNTIF(S70:U70,"X")<>1,"FALTA/DUPLA: SIN. VERTICAL","OK")))))) -> OK
A71: 070ETO0200 | B71: C | C71: 60 | D71: 61 | E71: =D71-C71 -> 1 | G71: X | K71: X | N71: X | Q71: X | T71: X | W71: =IF(COUNTA(F71:U71)=0,"— não preenchido",IF(COUNTIF(F71:J71,"X")<>1,"FALTA/DUPLA: CONDIÇÃO DO PAVIMENTO",IF(COUNTIF(K71:L71,"X")<>1,"FALTA/DUPLA: VEGETAÇÃO",IF(COUNTIF(M71:O71,"X")<>1,"FALTA/DUPLA: ELEM. DE DRENAGEM",IF(COUNTIF(P71:R71,"X")<>1,"FALTA/DUPLA: SIN. HORIZ.",IF(COUNTIF(S71:U71,"X")<>1,"FALTA/DUPLA: SIN. VERTICAL","OK")))))) -> OK
A72: 070ETO0200 | B72: C | C72: 61 | D72: 61.372322 | E72: =D72-C72 -> 0.37232238 | G72: X | K72: X | N72: X | Q72: X | T72: X | W72: =IF(COUNTA(F72:U72)=0,"— não preenchido",IF(COUNTIF(F72:J72,"X")<>1,"FALTA/DUPLA: CONDIÇÃO DO PAVIMENTO",IF(COUNTIF(K72:L72,"X")<>1,"FALTA/DUPLA: VEGETAÇÃO",IF(COUNTIF(M72:O72,"X")<>1,"FALTA/DUPLA: ELEM. DE DRENAGEM",IF(COUNTIF(P72:R72,"X")<>1,"FALTA/DUPLA: SIN. HORIZ.",IF(COUNTIF(S72:U72,"X")<>1,"FALTA/DUPLA: SIN. VERTICAL","OK")))))) -> OK
A73: S.R.E. 070ETO0201 | FORMOSO DO ARAGUAIA *TRECHO URBANO* | PDU · Estadual · 3.135 km · início: -11.793308, -49.520029
A74: 070ETO0201 | B74: C | C74: 0 | D74: 1 | E74: =D74-C74 -> 1 | H74: X | K74: X | N74: X | R74: X | U74: X | W74: =IF(COUNTA(F74:U74)=0,"— não preenchido",IF(COUNTIF(F74:J74,"X")<>1,"FALTA/DUPLA: CONDIÇÃO DO PAVIMENTO",IF(COUNTIF(K74:L74,"X")<>1,"FALTA/DUPLA: VEGETAÇÃO",IF(COUNTIF(M74:O74,"X")<>1,"FALTA/DUPLA: ELEM. DE DRENAGEM",IF(COUNTIF(P74:R74,"X")<>1,"FALTA/DUPLA: SIN. HORIZ.",IF(COUNTIF(S74:U74,"X")<>1,"FALTA/DUPLA: SIN. VERTICAL","OK")))))) -> OK
A75: 070ETO0201 | B75: C | C75: 1 | D75: 2 | E75: =D75-C75 -> 1 | H75: X | K75: X | N75: X | R75: X | U75: X | W75: =IF(COUNTA(F75:U75)=0,"— não preenchido",IF(COUNTIF(F75:J75,"X")<>1,"FALTA/DUPLA: CONDIÇÃO DO PAVIMENTO",IF(COUNTIF(K75:L75,"X")<>1,"FALTA/DUPLA: VEGETAÇÃO",IF(COUNTIF(M75:O75,"X")<>1,"FALTA/DUPLA: ELEM. DE DRENAGEM",IF(COUNTIF(P75:R75,"X")<>1,"FALTA/DUPLA: SIN. HORIZ.",IF(COUNTIF(S75:U75,"X")<>1,"FALTA/DUPLA: SIN. VERTICAL","OK")))))) -> OK
A76: 070ETO0201 | B76: C | C76: 2 | D76: 3 | E76: =D76-C76 -> 1 | H76: X | K76: X | N76: X | R76: X | U76: X | W76: =IF(COUNTA(F76:U76)=0,"— não preenchido",IF(COUNTIF(F76:J76,"X")<>1,"FALTA/DUPLA: CONDIÇÃO DO PAVIMENTO",IF(COUNTIF(K76:L76,"X")<>1,"FALTA/DUPLA: VEGETAÇÃO",IF(COUNTIF(M76:O76,"X")<>1,"FALTA/DUPLA: ELEM. DE DRENAGEM",IF(COUNTIF(P76:R76,"X")<>1,"FALTA/DUPLA: SIN. HORIZ.",IF(COUNTIF(S76:U76,"X")<>1,"FALTA/DUPLA: SIN. VERTICAL","OK")))))) -> OK
A77: 070ETO0201 | B77: C | C77: 3 | D77: 3.1347063 | E77: =D77-C77 -> 0.13470633 | H77: X | K77: X | N77: X | R77: X | U77: X | W77: =IF(COUNTA(F77:U77)=0,"— não preenchido",IF(COUNTIF(F77:J77,"X")<>1,"FALTA/DUPLA: CONDIÇÃO DO PAVIMENTO",IF(COUNTIF(K77:L77,"X")<>1,"FALTA/DUPLA: VEGETAÇÃO",IF(COUNTIF(M77:O77,"X")<>1,"FALTA/DUPLA: ELEM. DE DRENAGEM",IF(COUNTIF(P77:R77,"X")<>1,"FALTA/DUPLA: SIN. HORIZ.",IF(COUNTIF(S77:U77,"X")<>1,"FALTA/DUPLA: SIN. VERTICAL","OK")))))) -> OK
A79: ____________________________________________ | G79: ____________________________________________
A80: TÉCNICO RESPONSÁVEL PELA INSPEÇÃO | G80: VISTO DA SUPERVISÃO
A82: RESUMO DO TRECHO — KM LANÇADO POR ITEM
A83: KM LANÇADO | F83: =SUMIF(F$9:F$77,"X",$E$9:$E$77) -> 6 | G83: =SUMIF(G$9:G$77,"X",$E$9:$E$77) -> 48.790985 | H83: =SUMIF(H$9:H$77,"X",$E$9:$E$77) -> 10.134706 | I83: =SUMIF(I$9:I$77,"X",$E$9:$E$77) -> 0 | J83: =SUMIF(J$9:J$77,"X",$E$9:$E$77) -> 0 | K83: =SUMIF(K$9:K$77,"X",$E$9:$E$77) -> 64.925691 | L83: =SUMIF(L$9:L$77,"X",$E$9:$E$77) -> 0 | M83: =SUMIF(M$9:M$77,"X",$E$9:$E$77) -> 0 | ... U83: =SUMIF(U$9:U$77,"X",$E$9:$E$77) -> 3.1347063
A84: % DA EXTENSÃO | F84: =IF($R86=0,0,F83/$R86) -> 0.09241334 | G84: =IF($R86=0,0,G83/$R86) -> 0.75148965 | H84: =IF($R86=0,0,H83/$R86) -> 0.15609701 | I84: =IF($R86=0,0,I83/$R86) -> 0 | J84: =IF($R86=0,0,J83/$R86) -> 0 | K84: =IF($R86=0,0,K83/$R86) -> 1 | L84: =IF($R86=0,0,L83/$R86) -> 0 | M84: =IF($R86=0,0,M83/$R86) -> 0 | ... U84: =IF($R86=0,0,U83/$R86) -> 0.048281447
A85: CONFERÊNCIA POR GRUPO | F85: =IF(SUM(F83:J83)=0,"— não preenchido",IF(ROUND(SUM(F83:J83)-$R86,3)=0,"OK — "&ROUND(SUM(F83:J83),3)&" km","ERRO — dif. de "&ROUND(SUM(F83:J83)-$R86,3)&" km")) -> OK — 64,926 km | K85: =IF(SUM(K83:L83)=0,"— não preenchido",IF(ROUND(SUM(K83:L83)-$R86,3)=0,"OK — "&ROUND(SUM(K83:L83),3)&" km","ERRO — dif. de "&ROUND(SUM(K83:L83)-$R86,3)&" km")) -> OK — 64,926 km | M85: =IF(SUM(M83:O83)=0,"— não preenchido",IF(ROUND(SUM(M83:O83)-$R86,3)=0,"OK — "&ROUND(SUM(M83:O83),3)&" km","ERRO — dif. de "&ROUND(SUM(M83:O83)-$R86,3)&" km")) -> OK — 64,926 km | P85: =IF(SUM(P83:R83)=0,"— não preenchido",IF(ROUND(SUM(P83:R83)-$R86,3)=0,"OK — "&ROUND(SUM(P83:R83),3)&" km","ERRO — dif. de "&ROUND(SUM(P83:R83)-$R86,3)&" km")) -> OK — 64,926 km | S85: =IF(SUM(S83:U83)=0,"— não preenchido",IF(ROUND(SUM(S83:U83)-$R86,3)=0,"OK — "&ROUND(SUM(S83:U83),3)&" km","ERRO — dif. de "&ROUND(SUM(S83:U83)-$R86,3)&" km")) -> OK — 64,926 km
A86: EXTENSÃO TOTAL DO TRECHO | R86: =SUM(E9:E77) -> 64.925691 | V86: =COUNTIF(W9:W77,"OK")&" de "&COUNT($E$9:$E$77)&" linhas conferidas" -> 67 de 67 linhas conferidas
A88: LEGENDA
A89: REM. I. / REM. L. | E89: Remendos isolados (até 10 por km) · Remendos ao longo (mais de 10 por km)
A90: BUR. I. / BUR. L. | E90: Buracos isolados (até 5 por km) · Buracos ao longo (mais de 5 por km)
A91: SIT. | E91: PPS = pista simples · PSU = simples urbana · PDU = duplicada
A92: FAIXA AZUL | E92: Cabeçalho de cada S.R.E.: descrição, situação, jurisdição, extensão e coordenada de início.
A93: INÍCIO / FIM (KM) | E93: Contados de 0 até o fim de CADA S.R.E. Não é o marco quilométrico da rodovia.
A94: SENT. | E94: C = crescente · D = decrescente
A95: FAIXA CINZA | E95: Segmento fora do escopo do contrato: você passa por ele, mas não preenche.
A96: CÉLULA VERMELHA | E96: Mais de uma X no mesmo grupo. Apague uma delas.
A97: CONFERÊNCIA | E97: Só na tela, não sai impresso. Fica OK com uma X em cada grupo.

Sheet 209
A1: PROGRAMA DE MANUTENÇÃO RODOVIÁRIA — FICHA DE INSPEÇÃO — RODOVIAS PAVIMENTADAS | Y1: Valores dos gráficos — troca 0 por N/D para a fatia não aparecer. Não editar.
A2: REGIÃO: 11 — GURUPI | G2: MÊS / ANO: | I2: 46266 | K2: DATA: | P2: TÉCNICO: | R2: ENG. THIAGO BORGES TORQUATO | Y2: =IF(F52=0,NA(),F52) -> 13 | Z2: =IF(G52=0,NA(),G52) -> 6 | AA2: =IF(H52=0,NA(),H52) -> 16.675885 | AB2: =IF(I52=0,NA(),I52) -> #N/A | AC2: =IF(J52=0,NA(),J52) -> #N/A | AD2: =IF(K52=0,NA(),K52) -> 35.675885 | AE2: =IF(L52=0,NA(),L52) -> #N/A | AF2: =IF(M52=0,NA(),M52) -> 19.675885 | ... AN2: =IF(U52=0,NA(),U52) -> 35.675885
A3: TRECHO 209 — RODOVIA TO-181 - TRECHO FAZENDA COBRAPE - ENTR. BR-242 | T3: EXTENSÃO: 35,676 km · 2 S.R.E.
A4: COMO PREENCHER: uma X em UMA coluna de cada grupo, por linha. Se houver mais de um defeito no mesmo km, marque o PREDOMINANTE e escreva o resto em OBSERVAÇÕES. A quilometragem é contada de 0 até o fim de CADA S.R.E. (não é o marco da rodovia).
A6: S.R.E. | B6: SENT. | C6: INÍCIO (KM) | D6: FIM (KM) | E6: EXT. (KM) | F6: CONDIÇÃO DO PAVIMENTO | K6: VEGETAÇÃO | M6: ELEM. DE DRENAGEM | P6: SIN. HORIZ. | S6: SIN. VERTICAL | V6: OBSERVAÇÕES | W6: CONFERÊNCIA (só na tela)
F7: BOM | G7: REM. I. | H7: REM. L. | I7: BUR. I. | J7: BUR. L. | K7: ADEQ. | L7: INAD. | M7: LIMPOS | N7: SUJOS | O7: DAN. | P7: BOM | Q7: REG. | R7: INEXIST. | S7: BOM | T7: POUCAS | U7: INEXIST.
A8: S.R.E. 181ETO0110 | FAZ. COBRAPE - LAGOA DA ONÇA | PPS · Estadual · 18.311 km · início: -11.631979, -49.848099
A9: 181ETO0110 | B9: C | C9: 0 | D9: 1 | E9: =D9-C9 -> 1 | H9: X | K9: X | N9: X | R9: X | U9: X | W9: =IF(COUNTA(F9:U9)=0,"— não preenchido",IF(COUNTIF(F9:J9,"X")<>1,"FALTA/DUPLA: CONDIÇÃO DO PAVIMENTO",IF(COUNTIF(K9:L9,"X")<>1,"FALTA/DUPLA: VEGETAÇÃO",IF(COUNTIF(M9:O9,"X")<>1,"FALTA/DUPLA: ELEM. DE DRENAGEM",IF(COUNTIF(P9:R9,"X")<>1,"FALTA/DUPLA: SIN. HORIZ.",IF(COUNTIF(S9:U9,"X")<>1,"FALTA/DUPLA: SIN. VERTICAL","OK")))))) -> OK
A10: 181ETO0110 | B10: C | C10: 1 | D10: 2 | E10: =D10-C10 -> 1 | H10: X | K10: X | N10: X | R10: X | U10: X | W10: =IF(COUNTA(F10:U10)=0,"— não preenchido",IF(COUNTIF(F10:J10,"X")<>1,"FALTA/DUPLA: CONDIÇÃO DO PAVIMENTO",IF(COUNTIF(K10:L10,"X")<>1,"FALTA/DUPLA: VEGETAÇÃO",IF(COUNTIF(M10:O10,"X")<>1,"FALTA/DUPLA: ELEM. DE DRENAGEM",IF(COUNTIF(P10:R10,"X")<>1,"FALTA/DUPLA: SIN. HORIZ.",IF(COUNTIF(S10:U10,"X")<>1,"FALTA/DUPLA: SIN. VERTICAL","OK")))))) -> OK
A11: 181ETO0110 | B11: C | C11: 2 | D11: 3 | E11: =D11-C11 -> 1 | H11: X | K11: X | N11: X | R11: X | U11: X | W11: =IF(COUNTA(F11:U11)=0,"— não preenchido",IF(COUNTIF(F11:J11,"X")<>1,"FALTA/DUPLA: CONDIÇÃO DO PAVIMENTO",IF(COUNTIF(K11:L11,"X")<>1,"FALTA/DUPLA: VEGETAÇÃO",IF(COUNTIF(M11:O11,"X")<>1,"FALTA/DUPLA: ELEM. DE DRENAGEM",IF(COUNTIF(P11:R11,"X")<>1,"FALTA/DUPLA: SIN. HORIZ.",IF(COUNTIF(S11:U11,"X")<>1,"FALTA/DUPLA: SIN. VERTICAL","OK")))))) -> OK
A12: 181ETO0110 | B12: C | C12: 3 | D12: 4 | E12: =D12-C12 -> 1 | G12: X | K12: X | N12: X | R12: X | U12: X | W12: =IF(COUNTA(F12:U12)=0,"— não preenchido",IF(COUNTIF(F12:J12,"X")<>1,"FALTA/DUPLA: CONDIÇÃO DO PAVIMENTO",IF(COUNTIF(K12:L12,"X")<>1,"FALTA/DUPLA: VEGETAÇÃO",IF(COUNTIF(M12:O12,"X")<>1,"FALTA/DUPLA: ELEM. DE DRENAGEM",IF(COUNTIF(P12:R12,"X")<>1,"FALTA/DUPLA: SIN. HORIZ.",IF(COUNTIF(S12:U12,"X")<>1,"FALTA/DUPLA: SIN. VERTICAL","OK")))))) -> OK
A13: 181ETO0110 | B13: C | C13: 4 | D13: 5 | E13: =D13-C13 -> 1 | G13: X | K13: X | N13: X | R13: X | U13: X | W13: =IF(COUNTA(F13:U13)=0,"— não preenchido",IF(COUNTIF(F13:J13,"X")<>1,"FALTA/DUPLA: CONDIÇÃO DO PAVIMENTO",IF(COUNTIF(K13:L13,"X")<>1,"FALTA/DUPLA: VEGETAÇÃO",IF(COUNTIF(M13:O13,"X")<>1,"FALTA/DUPLA: ELEM. DE DRENAGEM",IF(COUNTIF(P13:R13,"X")<>1,"FALTA/DUPLA: SIN. HORIZ.",IF(COUNTIF(S13:U13,"X")<>1,"FALTA/DUPLA: SIN. VERTICAL","OK")))))) -> OK
A14: 181ETO0110 | B14: C | C14: 5 | D14: 6 | E14: =D14-C14 -> 1 | H14: X | K14: X | N14: X | R14: X | U14: X | W14: =IF(COUNTA(F14:U14)=0,"— não preenchido",IF(COUNTIF(F14:J14,"X")<>1,"FALTA/DUPLA: CONDIÇÃO DO PAVIMENTO",IF(COUNTIF(K14:L14,"X")<>1,"FALTA/DUPLA: VEGETAÇÃO",IF(COUNTIF(M14:O14,"X")<>1,"FALTA/DUPLA: ELEM. DE DRENAGEM",IF(COUNTIF(P14:R14,"X")<>1,"FALTA/DUPLA: SIN. HORIZ.",IF(COUNTIF(S14:U14,"X")<>1,"FALTA/DUPLA: SIN. VERTICAL","OK")))))) -> OK
A15: 181ETO0110 | B15: C | C15: 6 | D15: 7 | E15: =D15-C15 -> 1 | G15: X | K15: X | N15: X | R15: X | U15: X | W15: =IF(COUNTA(F15:U15)=0,"— não preenchido",IF(COUNTIF(F15:J15,"X")<>1,"FALTA/DUPLA: CONDIÇÃO DO PAVIMENTO",IF(COUNTIF(K15:L15,"X")<>1,"FALTA/DUPLA: VEGETAÇÃO",IF(COUNTIF(M15:O15,"X")<>1,"FALTA/DUPLA: ELEM. DE DRENAGEM",IF(COUNTIF(P15:R15,"X")<>1,"FALTA/DUPLA: SIN. HORIZ.",IF(COUNTIF(S15:U15,"X")<>1,"FALTA/DUPLA: SIN. VERTICAL","OK")))))) -> OK
A16: 181ETO0110 | B16: C | C16: 7 | D16: 8 | E16: =D16-C16 -> 1 | G16: X | K16: X | N16: X | R16: X | U16: X | W16: =IF(COUNTA(F16:U16)=0,"— não preenchido",IF(COUNTIF(F16:J16,"X")<>1,"FALTA/DUPLA: CONDIÇÃO DO PAVIMENTO",IF(COUNTIF(K16:L16,"X")<>1,"FALTA/DUPLA: VEGETAÇÃO",IF(COUNTIF(M16:O16,"X")<>1,"FALTA/DUPLA: ELEM. DE DRENAGEM",IF(COUNTIF(P16:R16,"X")<>1,"FALTA/DUPLA: SIN. HORIZ.",IF(COUNTIF(S16:U16,"X")<>1,"FALTA/DUPLA: SIN. VERTICAL","OK")))))) -> OK
A17: 181ETO0110 | B17: C | C17: 8 | D17: 9 | E17: =D17-C17 -> 1 | G17: X | K17: X | N17: X | R17: X | U17: X | W17: =IF(COUNTA(F17:U17)=0,"— não preenchido",IF(COUNTIF(F17:J17,"X")<>1,"FALTA/DUPLA: CONDIÇÃO DO PAVIMENTO",IF(COUNTIF(K17:L17,"X")<>1,"FALTA/DUPLA: VEGETAÇÃO",IF(COUNTIF(M17:O17,"X")<>1,"FALTA/DUPLA: ELEM. DE DRENAGEM",IF(COUNTIF(P17:R17,"X")<>1,"FALTA/DUPLA: SIN. HORIZ.",IF(COUNTIF(S17:U17,"X")<>1,"FALTA/DUPLA: SIN. VERTICAL","OK")))))) -> OK
A18: 181ETO0110 | B18: C | C18: 9 | D18: 10 | E18: =D18-C18 -> 1 | H18: X | K18: X | N18: X | Q18: X | U18: X | W18: =IF(COUNTA(F18:U18)=0,"— não preenchido",IF(COUNTIF(F18:J18,"X")<>1,"FALTA/DUPLA: CONDIÇÃO DO PAVIMENTO",IF(COUNTIF(K18:L18,"X")<>1,"FALTA/DUPLA: VEGETAÇÃO",IF(COUNTIF(M18:O18,"X")<>1,"FALTA/DUPLA: ELEM. DE DRENAGEM",IF(COUNTIF(P18:R18,"X")<>1,"FALTA/DUPLA: SIN. HORIZ.",IF(COUNTIF(S18:U18,"X")<>1,"FALTA/DUPLA: SIN. VERTICAL","OK")))))) -> OK
A19: 181ETO0110 | B19: C | C19: 10 | D19: 11 | E19: =D19-C19 -> 1 | H19: X | K19: X | N19: X | Q19: X | U19: X | W19: =IF(COUNTA(F19:U19)=0,"— não preenchido",IF(COUNTIF(F19:J19,"X")<>1,"FALTA/DUPLA: CONDIÇÃO DO PAVIMENTO",IF(COUNTIF(K19:L19,"X")<>1,"FALTA/DUPLA: VEGETAÇÃO",IF(COUNTIF(M19:O19,"X")<>1,"FALTA/DUPLA: ELEM. DE DRENAGEM",IF(COUNTIF(P19:R19,"X")<>1,"FALTA/DUPLA: SIN. HORIZ.",IF(COUNTIF(S19:U19,"X")<>1,"FALTA/DUPLA: SIN. VERTICAL","OK")))))) -> OK
A20: 181ETO0110 | B20: C | C20: 11 | D20: 12 | E20: =D20-C20 -> 1 | G20: X | K20: X | N20: X | Q20: X | U20: X | W20: =IF(COUNTA(F20:U20)=0,"— não preenchido",IF(COUNTIF(F20:J20,"X")<>1,"FALTA/DUPLA: CONDIÇÃO DO PAVIMENTO",IF(COUNTIF(K20:L20,"X")<>1,"FALTA/DUPLA: VEGETAÇÃO",IF(COUNTIF(M20:O20,"X")<>1,"FALTA/DUPLA: ELEM. DE DRENAGEM",IF(COUNTIF(P20:R20,"X")<>1,"FALTA/DUPLA: SIN. HORIZ.",IF(COUNTIF(S20:U20,"X")<>1,"FALTA/DUPLA: SIN. VERTICAL","OK")))))) -> OK
A21: 181ETO0110 | B21: C | C21: 12 | D21: 13 | E21: =D21-C21 -> 1 | H21: X | K21: X | N21: X | Q21: X | U21: X | W21: =IF(COUNTA(F21:U21)=0,"— não preenchido",IF(COUNTIF(F21:J21,"X")<>1,"FALTA/DUPLA: CONDIÇÃO DO PAVIMENTO",IF(COUNTIF(K21:L21,"X")<>1,"FALTA/DUPLA: VEGETAÇÃO",IF(COUNTIF(M21:O21,"X")<>1,"FALTA/DUPLA: ELEM. DE DRENAGEM",IF(COUNTIF(P21:R21,"X")<>1,"FALTA/DUPLA: SIN. HORIZ.",IF(COUNTIF(S21:U21,"X")<>1,"FALTA/DUPLA: SIN. VERTICAL","OK")))))) -> OK
A22: 181ETO0110 | B22: C | C22: 13 | D22: 14 | E22: =D22-C22 -> 1 | H22: X | K22: X | N22: X | Q22: X | U22: X | W22: =IF(COUNTA(F22:U22)=0,"— não preenchido",IF(COUNTIF(F22:J22,"X")<>1,"FALTA/DUPLA: CONDIÇÃO DO PAVIMENTO",IF(COUNTIF(K22:L22,"X")<>1,"FALTA/DUPLA: VEGETAÇÃO",IF(COUNTIF(M22:O22,"X")<>1,"FALTA/DUPLA: ELEM. DE DRENAGEM",IF(COUNTIF(P22:R22,"X")<>1,"FALTA/DUPLA: SIN. HORIZ.",IF(COUNTIF(S22:U22,"X")<>1,"FALTA/DUPLA: SIN. VERTICAL","OK")))))) -> OK
A23: 181ETO0110 | B23: C | C23: 14 | D23: 15 | E23: =D23-C23 -> 1 | H23: X | K23: X | N23: X | Q23: X | U23: X | W23: =IF(COUNTA(F23:U23)=0,"— não preenchido",IF(COUNTIF(F23:J23,"X")<>1,"FALTA/DUPLA: CONDIÇÃO DO PAVIMENTO",IF(COUNTIF(K23:L23,"X")<>1,"FALTA/DUPLA: VEGETAÇÃO",IF(COUNTIF(M23:O23,"X")<>1,"FALTA/DUPLA: ELEM. DE DRENAGEM",IF(COUNTIF(P23:R23,"X")<>1,"FALTA/DUPLA: SIN. HORIZ.",IF(COUNTIF(S23:U23,"X")<>1,"FALTA/DUPLA: SIN. VERTICAL","OK")))))) -> OK
A24: 181ETO0110 | B24: C | C24: 15 | D24: 16 | E24: =D24-C24 -> 1 | H24: X | K24: X | N24: X | Q24: X | U24: X | W24: =IF(COUNTA(F24:U24)=0,"— não preenchido",IF(COUNTIF(F24:J24,"X")<>1,"FALTA/DUPLA: CONDIÇÃO DO PAVIMENTO",IF(COUNTIF(K24:L24,"X")<>1,"FALTA/DUPLA: VEGETAÇÃO",IF(COUNTIF(M24:O24,"X")<>1,"FALTA/DUPLA: ELEM. DE DRENAGEM",IF(COUNTIF(P24:R24,"X")<>1,"FALTA/DUPLA: SIN. HORIZ.",IF(COUNTIF(S24:U24,"X")<>1,"FALTA/DUPLA: SIN. VERTICAL","OK")))))) -> OK
A25: 181ETO0110 | B25: C | C25: 16 | D25: 17 | E25: =D25-C25 -> 1 | H25: X | K25: X | M25: X | Q25: X | U25: X | W25: =IF(COUNTA(F25:U25)=0,"— não preenchido",IF(COUNTIF(F25:J25,"X")<>1,"FALTA/DUPLA: CONDIÇÃO DO PAVIMENTO",IF(COUNTIF(K25:L25,"X")<>1,"FALTA/DUPLA: VEGETAÇÃO",IF(COUNTIF(M25:O25,"X")<>1,"FALTA/DUPLA: ELEM. DE DRENAGEM",IF(COUNTIF(P25:R25,"X")<>1,"FALTA/DUPLA: SIN. HORIZ.",IF(COUNTIF(S25:U25,"X")<>1,"FALTA/DUPLA: SIN. VERTICAL","OK")))))) -> OK
A26: 181ETO0110 | B26: C | C26: 17 | D26: 18 | E26: =D26-C26 -> 1 | H26: X | K26: X | M26: X | Q26: X | U26: X | W26: =IF(COUNTA(F26:U26)=0,"— não preenchido",IF(COUNTIF(F26:J26,"X")<>1,"FALTA/DUPLA: CONDIÇÃO DO PAVIMENTO",IF(COUNTIF(K26:L26,"X")<>1,"FALTA/DUPLA: VEGETAÇÃO",IF(COUNTIF(M26:O26,"X")<>1,"FALTA/DUPLA: ELEM. DE DRENAGEM",IF(COUNTIF(P26:R26,"X")<>1,"FALTA/DUPLA: SIN. HORIZ.",IF(COUNTIF(S26:U26,"X")<>1,"FALTA/DUPLA: SIN. VERTICAL","OK")))))) -> OK
A27: 181ETO0110 | B27: C | C27: 18 | D27: 18.311487 | E27: =D27-C27 -> 0.31148713 | H27: X | K27: X | M27: X | Q27: X | U27: X | W27: =IF(COUNTA(F27:U27)=0,"— não preenchido",IF(COUNTIF(F27:J27,"X")<>1,"FALTA/DUPLA: CONDIÇÃO DO PAVIMENTO",IF(COUNTIF(K27:L27,"X")<>1,"FALTA/DUPLA: VEGETAÇÃO",IF(COUNTIF(M27:O27,"X")<>1,"FALTA/DUPLA: ELEM. DE DRENAGEM",IF(COUNTIF(P27:R27,"X")<>1,"FALTA/DUPLA: SIN. HORIZ.",IF(COUNTIF(S27:U27,"X")<>1,"FALTA/DUPLA: SIN. VERTICAL","OK")))))) -> OK
A28: S.R.E. 181ETO0120 | LAGOA DA ONÇA - ENTR. BR-242 | PPS · Estadual · 17.364 km · início: -11.731576, -49.87685
A29: 181ETO0120 | B29: C | C29: 0 | D29: 1 | E29: =D29-C29 -> 1 | F29: X | K29: X | M29: X | Q29: X | U29: X | W29: =IF(COUNTA(F29:U29)=0,"— não preenchido",IF(COUNTIF(F29:J29,"X")<>1,"FALTA/DUPLA: CONDIÇÃO DO PAVIMENTO",IF(COUNTIF(K29:L29,"X")<>1,"FALTA/DUPLA: VEGETAÇÃO",IF(COUNTIF(M29:O29,"X")<>1,"FALTA/DUPLA: ELEM. DE DRENAGEM",IF(COUNTIF(P29:R29,"X")<>1,"FALTA/DUPLA: SIN. HORIZ.",IF(COUNTIF(S29:U29,"X")<>1,"FALTA/DUPLA: SIN. VERTICAL","OK")))))) -> OK
A30: 181ETO0120 | B30: C | C30: 1 | D30: 2 | E30: =D30-C30 -> 1 | F30: X | K30: X | M30: X | Q30: X | U30: X | W30: =IF(COUNTA(F30:U30)=0,"— não preenchido",IF(COUNTIF(F30:J30,"X")<>1,"FALTA/DUPLA: CONDIÇÃO DO PAVIMENTO",IF(COUNTIF(K30:L30,"X")<>1,"FALTA/DUPLA: VEGETAÇÃO",IF(COUNTIF(M30:O30,"X")<>1,"FALTA/DUPLA: ELEM. DE DRENAGEM",IF(COUNTIF(P30:R30,"X")<>1,"FALTA/DUPLA: SIN. HORIZ.",IF(COUNTIF(S30:U30,"X")<>1,"FALTA/DUPLA: SIN. VERTICAL","OK")))))) -> OK
A31: 181ETO0120 | B31: C | C31: 2 | D31: 3 | E31: =D31-C31 -> 1 | F31: X | K31: X | M31: X | Q31: X | U31: X | W31: =IF(COUNTA(F31:U31)=0,"— não preenchido",IF(COUNTIF(F31:J31,"X")<>1,"FALTA/DUPLA: CONDIÇÃO DO PAVIMENTO",IF(COUNTIF(K31:L31,"X")<>1,"FALTA/DUPLA: VEGETAÇÃO",IF(COUNTIF(M31:O31,"X")<>1,"FALTA/DUPLA: ELEM. DE DRENAGEM",IF(COUNTIF(P31:R31,"X")<>1,"FALTA/DUPLA: SIN. HORIZ.",IF(COUNTIF(S31:U31,"X")<>1,"FALTA/DUPLA: SIN. VERTICAL","OK")))))) -> OK
A32: 181ETO0120 | B32: C | C32: 3 | D32: 4 | E32: =D32-C32 -> 1 | F32: X | K32: X | M32: X | Q32: X | U32: X | W32: =IF(COUNTA(F32:U32)=0,"— não preenchido",IF(COUNTIF(F32:J32,"X")<>1,"FALTA/DUPLA: CONDIÇÃO DO PAVIMENTO",IF(COUNTIF(K32:L32,"X")<>1,"FALTA/DUPLA: VEGETAÇÃO",IF(COUNTIF(M32:O32,"X")<>1,"FALTA/DUPLA: ELEM. DE DRENAGEM",IF(COUNTIF(P32:R32,"X")<>1,"FALTA/DUPLA: SIN. HORIZ.",IF(COUNTIF(S32:U32,"X")<>1,"FALTA/DUPLA: SIN. VERTICAL","OK")))))) -> OK
A33: 181ETO0120 | B33: C | C33: 4 | D33: 5 | E33: =D33-C33 -> 1 | F33: X | K33: X | M33: X | Q33: X | U33: X | W33: =IF(COUNTA(F33:U33)=0,"— não preenchido",IF(COUNTIF(F33:J33,"X")<>1,"FALTA/DUPLA: CONDIÇÃO DO PAVIMENTO",IF(COUNTIF(K33:L33,"X")<>1,"FALTA/DUPLA: VEGETAÇÃO",IF(COUNTIF(M33:O33,"X")<>1,"FALTA/DUPLA: ELEM. DE DRENAGEM",IF(COUNTIF(P33:R33,"X")<>1,"FALTA/DUPLA: SIN. HORIZ.",IF(COUNTIF(S33:U33,"X")<>1,"FALTA/DUPLA: SIN. VERTICAL","OK")))))) -> OK
A34: 181ETO0120 | B34: C | C34: 5 | D34: 6 | E34: =D34-C34 -> 1 | F34: X | K34: X | M34: X | Q34: X | U34: X | W34: =IF(COUNTA(F34:U34)=0,"— não preenchido",IF(COUNTIF(F34:J34,"X")<>1,"FALTA/DUPLA: CONDIÇÃO DO PAVIMENTO",IF(COUNTIF(K34:L34,"X")<>1,"FALTA/DUPLA: VEGETAÇÃO",IF(COUNTIF(M34:O34,"X")<>1,"FALTA/DUPLA: ELEM. DE DRENAGEM",IF(COUNTIF(P34:R34,"X")<>1,"FALTA/DUPLA: SIN. HORIZ.",IF(COUNTIF(S34:U34,"X")<>1,"FALTA/DUPLA: SIN. VERTICAL","OK")))))) -> OK
A35: 181ETO0120 | B35: C | C35: 6 | D35: 7 | E35: =D35-C35 -> 1 | F35: X | K35: X | M35: X | Q35: X | U35: X | W35: =IF(COUNTA(F35:U35)=0,"— não preenchido",IF(COUNTIF(F35:J35,"X")<>1,"FALTA/DUPLA: CONDIÇÃO DO PAVIMENTO",IF(COUNTIF(K35:L35,"X")<>1,"FALTA/DUPLA: VEGETAÇÃO",IF(COUNTIF(M35:O35,"X")<>1,"FALTA/DUPLA: ELEM. DE DRENAGEM",IF(COUNTIF(P35:R35,"X")<>1,"FALTA/DUPLA: SIN. HORIZ.",IF(COUNTIF(S35:U35,"X")<>1,"FALTA/DUPLA: SIN. VERTICAL","OK")))))) -> OK
A36: 181ETO0120 | B36: C | C36: 7 | D36: 8 | E36: =D36-C36 -> 1 | F36: X | K36: X | M36: X | Q36: X | U36: X | W36: =IF(COUNTA(F36:U36)=0,"— não preenchido",IF(COUNTIF(F36:J36,"X")<>1,"FALTA/DUPLA: CONDIÇÃO DO PAVIMENTO",IF(COUNTIF(K36:L36,"X")<>1,"FALTA/DUPLA: VEGETAÇÃO",IF(COUNTIF(M36:O36,"X")<>1,"FALTA/DUPLA: ELEM. DE DRENAGEM",IF(COUNTIF(P36:R36,"X")<>1,"FALTA/DUPLA: SIN. HORIZ.",IF(COUNTIF(S36:U36,"X")<>1,"FALTA/DUPLA: SIN. VERTICAL","OK")))))) -> OK
A37: 181ETO0120 | B37: C | C37: 8 | D37: 9 | E37: =D37-C37 -> 1 | F37: X | K37: X | M37: X | Q37: X | U37: X | W37: =IF(COUNTA(F37:U37)=0,"— não preenchido",IF(COUNTIF(F37:J37,"X")<>1,"FALTA/DUPLA: CONDIÇÃO DO PAVIMENTO",IF(COUNTIF(K37:L37,"X")<>1,"FALTA/DUPLA: VEGETAÇÃO",IF(COUNTIF(M37:O37,"X")<>1,"FALTA/DUPLA: ELEM. DE DRENAGEM",IF(COUNTIF(P37:R37,"X")<>1,"FALTA/DUPLA: SIN. HORIZ.",IF(COUNTIF(S37:U37,"X")<>1,"FALTA/DUPLA: SIN. VERTICAL","OK")))))) -> OK
A38: 181ETO0120 | B38: C | C38: 9 | D38: 10 | E38: =D38-C38 -> 1 | F38: X | K38: X | M38: X | Q38: X | U38: X | W38: =IF(COUNTA(F38:U38)=0,"— não preenchido",IF(COUNTIF(F38:J38,"X")<>1,"FALTA/DUPLA: CONDIÇÃO DO PAVIMENTO",IF(COUNTIF(K38:L38,"X")<>1,"FALTA/DUPLA: VEGETAÇÃO",IF(COUNTIF(M38:O38,"X")<>1,"FALTA/DUPLA: ELEM. DE DRENAGEM",IF(COUNTIF(P38:R38,"X")<>1,"FALTA/DUPLA: SIN. HORIZ.",IF(COUNTIF(S38:U38,"X")<>1,"FALTA/DUPLA: SIN. VERTICAL","OK")))))) -> OK
A39: 181ETO0120 | B39: C | C39: 10 | D39: 11 | E39: =D39-C39 -> 1 | F39: X | K39: X | M39: X | Q39: X | U39: X | W39: =IF(COUNTA(F39:U39)=0,"— não preenchido",IF(COUNTIF(F39:J39,"X")<>1,"FALTA/DUPLA: CONDIÇÃO DO PAVIMENTO",IF(COUNTIF(K39:L39,"X")<>1,"FALTA/DUPLA: VEGETAÇÃO",IF(COUNTIF(M39:O39,"X")<>1,"FALTA/DUPLA: ELEM. DE DRENAGEM",IF(COUNTIF(P39:R39,"X")<>1,"FALTA/DUPLA: SIN. HORIZ.",IF(COUNTIF(S39:U39,"X")<>1,"FALTA/DUPLA: SIN. VERTICAL","OK")))))) -> OK
A40: 181ETO0120 | B40: C | C40: 11 | D40: 12 | E40: =D40-C40 -> 1 | F40: X | K40: X | M40: X | Q40: X | U40: X | W40: =IF(COUNTA(F40:U40)=0,"— não preenchido",IF(COUNTIF(F40:J40,"X")<>1,"FALTA/DUPLA: CONDIÇÃO DO PAVIMENTO",IF(COUNTIF(K40:L40,"X")<>1,"FALTA/DUPLA: VEGETAÇÃO",IF(COUNTIF(M40:O40,"X")<>1,"FALTA/DUPLA: ELEM. DE DRENAGEM",IF(COUNTIF(P40:R40,"X")<>1,"FALTA/DUPLA: SIN. HORIZ.",IF(COUNTIF(S40:U40,"X")<>1,"FALTA/DUPLA: SIN. VERTICAL","OK")))))) -> OK
A41: 181ETO0120 | B41: C | C41: 12 | D41: 13 | E41: =D41-C41 -> 1 | F41: X | K41: X | M41: X | Q41: X | U41: X | W41: =IF(COUNTA(F41:U41)=0,"— não preenchido",IF(COUNTIF(F41:J41,"X")<>1,"FALTA/DUPLA: CONDIÇÃO DO PAVIMENTO",IF(COUNTIF(K41:L41,"X")<>1,"FALTA/DUPLA: VEGETAÇÃO",IF(COUNTIF(M41:O41,"X")<>1,"FALTA/DUPLA: ELEM. DE DRENAGEM",IF(COUNTIF(P41:R41,"X")<>1,"FALTA/DUPLA: SIN. HORIZ.",IF(COUNTIF(S41:U41,"X")<>1,"FALTA/DUPLA: SIN. VERTICAL","OK")))))) -> OK
A42: 181ETO0120 | B42: C | C42: 13 | D42: 14 | E42: =D42-C42 -> 1 | H42: X | K42: X | M42: X | Q42: X | U42: X | W42: =IF(COUNTA(F42:U42)=0,"— não preenchido",IF(COUNTIF(F42:J42,"X")<>1,"FALTA/DUPLA: CONDIÇÃO DO PAVIMENTO",IF(COUNTIF(K42:L42,"X")<>1,"FALTA/DUPLA: VEGETAÇÃO",IF(COUNTIF(M42:O42,"X")<>1,"FALTA/DUPLA: ELEM. DE DRENAGEM",IF(COUNTIF(P42:R42,"X")<>1,"FALTA/DUPLA: SIN. HORIZ.",IF(COUNTIF(S42:U42,"X")<>1,"FALTA/DUPLA: SIN. VERTICAL","OK")))))) -> OK
A43: 181ETO0120 | B43: C | C43: 14 | D43: 15 | E43: =D43-C43 -> 1 | H43: X | K43: X | M43: X | Q43: X | U43: X | W43: =IF(COUNTA(F43:U43)=0,"— não preenchido",IF(COUNTIF(F43:J43,"X")<>1,"FALTA/DUPLA: CONDIÇÃO DO PAVIMENTO",IF(COUNTIF(K43:L43,"X")<>1,"FALTA/DUPLA: VEGETAÇÃO",IF(COUNTIF(M43:O43,"X")<>1,"FALTA/DUPLA: ELEM. DE DRENAGEM",IF(COUNTIF(P43:R43,"X")<>1,"FALTA/DUPLA: SIN. HORIZ.",IF(COUNTIF(S43:U43,"X")<>1,"FALTA/DUPLA: SIN. VERTICAL","OK")))))) -> OK
A44: 181ETO0120 | B44: C | C44: 15 | D44: 16 | E44: =D44-C44 -> 1 | H44: X | K44: X | M44: X | Q44: X | U44: X | W44: =IF(COUNTA(F44:U44)=0,"— não preenchido",IF(COUNTIF(F44:J44,"X")<>1,"FALTA/DUPLA: CONDIÇÃO DO PAVIMENTO",IF(COUNTIF(K44:L44,"X")<>1,"FALTA/DUPLA: VEGETAÇÃO",IF(COUNTIF(M44:O44,"X")<>1,"FALTA/DUPLA: ELEM. DE DRENAGEM",IF(COUNTIF(P44:R44,"X")<>1,"FALTA/DUPLA: SIN. HORIZ.",IF(COUNTIF(S44:U44,"X")<>1,"FALTA/DUPLA: SIN. VERTICAL","OK")))))) -> OK
A45: 181ETO0120 | B45: C | C45: 16 | D45: 17 | E45: =D45-C45 -> 1 | H45: X | K45: X | M45: X | Q45: X | U45: X | W45: =IF(COUNTA(F45:U45)=0,"— não preenchido",IF(COUNTIF(F45:J45,"X")<>1,"FALTA/DUPLA: CONDIÇÃO DO PAVIMENTO",IF(COUNTIF(K45:L45,"X")<>1,"FALTA/DUPLA: VEGETAÇÃO",IF(COUNTIF(M45:O45,"X")<>1,"FALTA/DUPLA: ELEM. DE DRENAGEM",IF(COUNTIF(P45:R45,"X")<>1,"FALTA/DUPLA: SIN. HORIZ.",IF(COUNTIF(S45:U45,"X")<>1,"FALTA/DUPLA: SIN. VERTICAL","OK")))))) -> OK
A46: 181ETO0120 | B46: C | C46: 17 | D46: 17.364398 | E46: =D46-C46 -> 0.36439804 | H46: X | K46: X | M46: X | Q46: X | U46: X | W46: =IF(COUNTA(F46:U46)=0,"— não preenchido",IF(COUNTIF(F46:J46,"X")<>1,"FALTA/DUPLA: CONDIÇÃO DO PAVIMENTO",IF(COUNTIF(K46:L46,"X")<>1,"FALTA/DUPLA: VEGETAÇÃO",IF(COUNTIF(M46:O46,"X")<>1,"FALTA/DUPLA: ELEM. DE DRENAGEM",IF(COUNTIF(P46:R46,"X")<>1,"FALTA/DUPLA: SIN. HORIZ.",IF(COUNTIF(S46:U46,"X")<>1,"FALTA/DUPLA: SIN. VERTICAL","OK")))))) -> OK
A48: ____________________________________________ | G48: ____________________________________________
A49: TÉCNICO RESPONSÁVEL PELA INSPEÇÃO | G49: VISTO DA SUPERVISÃO
A51: RESUMO DO TRECHO — KM LANÇADO POR ITEM
A52: KM LANÇADO | F52: =SUMIF(F$9:F$46,"X",$E$9:$E$46) -> 13 | G52: =SUMIF(G$9:G$46,"X",$E$9:$E$46) -> 6 | H52: =SUMIF(H$9:H$46,"X",$E$9:$E$46) -> 16.675885 | I52: =SUMIF(I$9:I$46,"X",$E$9:$E$46) -> 0 | J52: =SUMIF(J$9:J$46,"X",$E$9:$E$46) -> 0 | K52: =SUMIF(K$9:K$46,"X",$E$9:$E$46) -> 35.675885 | L52: =SUMIF(L$9:L$46,"X",$E$9:$E$46) -> 0 | M52: =SUMIF(M$9:M$46,"X",$E$9:$E$46) -> 19.675885 | ... U52: =SUMIF(U$9:U$46,"X",$E$9:$E$46) -> 35.675885
A53: % DA EXTENSÃO | F53: =IF($R55=0,0,F52/$R55) -> 0.3643918 | G53: =IF($R55=0,0,G52/$R55) -> 0.16818083 | H53: =IF($R55=0,0,H52/$R55) -> 0.46742737 | I53: =IF($R55=0,0,I52/$R55) -> 0 | J53: =IF($R55=0,0,J52/$R55) -> 0 | K53: =IF($R55=0,0,K52/$R55) -> 1 | L53: =IF($R55=0,0,L52/$R55) -> 0 | M53: =IF($R55=0,0,M52/$R55) -> 0.55151779 | ... U53: =IF($R55=0,0,U52/$R55) -> 1
A54: CONFERÊNCIA POR GRUPO | F54: =IF(SUM(F52:J52)=0,"— não preenchido",IF(ROUND(SUM(F52:J52)-$R55,3)=0,"OK — "&ROUND(SUM(F52:J52),3)&" km","ERRO — dif. de "&ROUND(SUM(F52:J52)-$R55,3)&" km")) -> OK — 35,676 km | K54: =IF(SUM(K52:L52)=0,"— não preenchido",IF(ROUND(SUM(K52:L52)-$R55,3)=0,"OK — "&ROUND(SUM(K52:L52),3)&" km","ERRO — dif. de "&ROUND(SUM(K52:L52)-$R55,3)&" km")) -> OK — 35,676 km | M54: =IF(SUM(M52:O52)=0,"— não preenchido",IF(ROUND(SUM(M52:O52)-$R55,3)=0,"OK — "&ROUND(SUM(M52:O52),3)&" km","ERRO — dif. de "&ROUND(SUM(M52:O52)-$R55,3)&" km")) -> OK — 35,676 km | P54: =IF(SUM(P52:R52)=0,"— não preenchido",IF(ROUND(SUM(P52:R52)-$R55,3)=0,"OK — "&ROUND(SUM(P52:R52),3)&" km","ERRO — dif. de "&ROUND(SUM(P52:R52)-$R55,3)&" km")) -> OK — 35,676 km | S54: =IF(SUM(S52:U52)=0,"— não preenchido",IF(ROUND(SUM(S52:U52)-$R55,3)=0,"OK — "&ROUND(SUM(S52:U52),3)&" km","ERRO — dif. de "&ROUND(SUM(S52:U52)-$R55,3)&" km")) -> OK — 35,676 km
A55: EXTENSÃO TOTAL DO TRECHO | R55: =SUM(E9:E46) -> 35.675885 | V55: =COUNTIF(W9:W46,"OK")&" de "&COUNT($E$9:$E$46)&" linhas conferidas" -> 37 de 37 linhas conferidas
A57: LEGENDA
A58: REM. I. / REM. L. | E58: Remendos isolados (até 10 por km) · Remendos ao longo (mais de 10 por km)
A59: BUR. I. / BUR. L. | E59: Buracos isolados (até 5 por km) · Buracos ao longo (mais de 5 por km)
A60: SIT. | E60: PPS = pista simples · PSU = simples urbana · PDU = duplicada
A61: FAIXA AZUL | E61: Cabeçalho de cada S.R.E.: descrição, situação, jurisdição, extensão e coordenada de início.
A62: INÍCIO / FIM (KM) | E62: Contados de 0 até o fim de CADA S.R.E. Não é o marco quilométrico da rodovia.
A63: SENT. | E63: C = crescente · D = decrescente
A64: FAIXA CINZA | E64: Segmento fora do escopo do contrato: você passa por ele, mas não preenche.
A65: CÉLULA VERMELHA | E65: Mais de uma X no mesmo grupo. Apague uma delas.
A66: CONFERÊNCIA | E66: Só na tela, não sai impresso. Fica OK com uma X em cada grupo.

Sheet 210
A1: PROGRAMA DE MANUTENÇÃO RODOVIÁRIA — FICHA DE INSPEÇÃO — RODOVIAS PAVIMENTADAS | Y1: Valores dos gráficos — troca 0 por N/D para a fatia não aparecer. Não editar.
A2: REGIÃO: 11 — GURUPI | G2: MÊS / ANO: | I2: 46266 | K2: DATA: | P2: TÉCNICO: | R2: ENG. THIAGO BORGES TORQUATO | Y2: =IF(F41=0,NA(),F41) -> 1 | Z2: =IF(G41=0,NA(),G41) -> 9.1603248 | AA2: =IF(H41=0,NA(),H41) -> 16 | AB2: =IF(I41=0,NA(),I41) -> #N/A | AC2: =IF(J41=0,NA(),J41) -> #N/A | AD2: =IF(K41=0,NA(),K41) -> 26.160325 | AE2: =IF(L41=0,NA(),L41) -> #N/A | AF2: =IF(M41=0,NA(),M41) -> 1 | ... AN2: =IF(U41=0,NA(),U41) -> 25
A3: TRECHO 210 — RODOVIA TO-181 - TRECHO ENTR. BR-242 - FUNDAÇÃO BRADESCO | T3: EXTENSÃO: 26,160 km · 1 S.R.E.
A4: COMO PREENCHER: uma X em UMA coluna de cada grupo, por linha. Se houver mais de um defeito no mesmo km, marque o PREDOMINANTE e escreva o resto em OBSERVAÇÕES. A quilometragem é contada de 0 até o fim de CADA S.R.E. (não é o marco da rodovia).
A6: S.R.E. | B6: SENT. | C6: INÍCIO (KM) | D6: FIM (KM) | E6: EXT. (KM) | F6: CONDIÇÃO DO PAVIMENTO | K6: VEGETAÇÃO | M6: ELEM. DE DRENAGEM | P6: SIN. HORIZ. | S6: SIN. VERTICAL | V6: OBSERVAÇÕES | W6: CONFERÊNCIA (só na tela)
F7: BOM | G7: REM. I. | H7: REM. L. | I7: BUR. I. | J7: BUR. L. | K7: ADEQ. | L7: INAD. | M7: LIMPOS | N7: SUJOS | O7: DAN. | P7: BOM | Q7: REG. | R7: INEXIST. | S7: BOM | T7: POUCAS | U7: INEXIST.
A8: S.R.E. 181ETO0140 | ENTR. BR-242 (B) - FUNDAÇÃO BRADESCO | PPS · Estadual · 26.160 km · início: -11.979505, -49.896445
A9: 181ETO0140 | B9: C | C9: 0 | D9: 1 | E9: =D9-C9 -> 1 | F9: X | K9: X | M9: X | Q9: X | S9: X | W9: =IF(COUNTA(F9:U9)=0,"— não preenchido",IF(COUNTIF(F9:J9,"X")<>1,"FALTA/DUPLA: CONDIÇÃO DO PAVIMENTO",IF(COUNTIF(K9:L9,"X")<>1,"FALTA/DUPLA: VEGETAÇÃO",IF(COUNTIF(M9:O9,"X")<>1,"FALTA/DUPLA: ELEM. DE DRENAGEM",IF(COUNTIF(P9:R9,"X")<>1,"FALTA/DUPLA: SIN. HORIZ.",IF(COUNTIF(S9:U9,"X")<>1,"FALTA/DUPLA: SIN. VERTICAL","OK")))))) -> OK
A10: 181ETO0140 | B10: C | C10: 1 | D10: 2 | E10: =D10-C10 -> 1 | H10: X | K10: X | N10: X | Q10: X | U10: X | W10: =IF(COUNTA(F10:U10)=0,"— não preenchido",IF(COUNTIF(F10:J10,"X")<>1,"FALTA/DUPLA: CONDIÇÃO DO PAVIMENTO",IF(COUNTIF(K10:L10,"X")<>1,"FALTA/DUPLA: VEGETAÇÃO",IF(COUNTIF(M10:O10,"X")<>1,"FALTA/DUPLA: ELEM. DE DRENAGEM",IF(COUNTIF(P10:R10,"X")<>1,"FALTA/DUPLA: SIN. HORIZ.",IF(COUNTIF(S10:U10,"X")<>1,"FALTA/DUPLA: SIN. VERTICAL","OK")))))) -> OK
A11: 181ETO0140 | B11: C | C11: 2 | D11: 3 | E11: =D11-C11 -> 1 | H11: X | K11: X | N11: X | Q11: X | U11: X | W11: =IF(COUNTA(F11:U11)=0,"— não preenchido",IF(COUNTIF(F11:J11,"X")<>1,"FALTA/DUPLA: CONDIÇÃO DO PAVIMENTO",IF(COUNTIF(K11:L11,"X")<>1,"FALTA/DUPLA: VEGETAÇÃO",IF(COUNTIF(M11:O11,"X")<>1,"FALTA/DUPLA: ELEM. DE DRENAGEM",IF(COUNTIF(P11:R11,"X")<>1,"FALTA/DUPLA: SIN. HORIZ.",IF(COUNTIF(S11:U11,"X")<>1,"FALTA/DUPLA: SIN. VERTICAL","OK")))))) -> OK
A12: 181ETO0140 | B12: C | C12: 3 | D12: 4 | E12: =D12-C12 -> 1 | H12: X | K12: X | N12: X | Q12: X | U12: X | W12: =IF(COUNTA(F12:U12)=0,"— não preenchido",IF(COUNTIF(F12:J12,"X")<>1,"FALTA/DUPLA: CONDIÇÃO DO PAVIMENTO",IF(COUNTIF(K12:L12,"X")<>1,"FALTA/DUPLA: VEGETAÇÃO",IF(COUNTIF(M12:O12,"X")<>1,"FALTA/DUPLA: ELEM. DE DRENAGEM",IF(COUNTIF(P12:R12,"X")<>1,"FALTA/DUPLA: SIN. HORIZ.",IF(COUNTIF(S12:U12,"X")<>1,"FALTA/DUPLA: SIN. VERTICAL","OK")))))) -> OK
A13: 181ETO0140 | B13: C | C13: 4 | D13: 5 | E13: =D13-C13 -> 1 | H13: X | K13: X | N13: X | Q13: X | U13: X | W13: =IF(COUNTA(F13:U13)=0,"— não preenchido",IF(COUNTIF(F13:J13,"X")<>1,"FALTA/DUPLA: CONDIÇÃO DO PAVIMENTO",IF(COUNTIF(K13:L13,"X")<>1,"FALTA/DUPLA: VEGETAÇÃO",IF(COUNTIF(M13:O13,"X")<>1,"FALTA/DUPLA: ELEM. DE DRENAGEM",IF(COUNTIF(P13:R13,"X")<>1,"FALTA/DUPLA: SIN. HORIZ.",IF(COUNTIF(S13:U13,"X")<>1,"FALTA/DUPLA: SIN. VERTICAL","OK")))))) -> OK
A14: 181ETO0140 | B14: C | C14: 5 | D14: 6 | E14: =D14-C14 -> 1 | H14: X | K14: X | N14: X | Q14: X | U14: X | W14: =IF(COUNTA(F14:U14)=0,"— não preenchido",IF(COUNTIF(F14:J14,"X")<>1,"FALTA/DUPLA: CONDIÇÃO DO PAVIMENTO",IF(COUNTIF(K14:L14,"X")<>1,"FALTA/DUPLA: VEGETAÇÃO",IF(COUNTIF(M14:O14,"X")<>1,"FALTA/DUPLA: ELEM. DE DRENAGEM",IF(COUNTIF(P14:R14,"X")<>1,"FALTA/DUPLA: SIN. HORIZ.",IF(COUNTIF(S14:U14,"X")<>1,"FALTA/DUPLA: SIN. VERTICAL","OK")))))) -> OK
A15: 181ETO0140 | B15: C | C15: 6 | D15: 7 | E15: =D15-C15 -> 1 | H15: X | K15: X | N15: X | Q15: X | U15: X | W15: =IF(COUNTA(F15:U15)=0,"— não preenchido",IF(COUNTIF(F15:J15,"X")<>1,"FALTA/DUPLA: CONDIÇÃO DO PAVIMENTO",IF(COUNTIF(K15:L15,"X")<>1,"FALTA/DUPLA: VEGETAÇÃO",IF(COUNTIF(M15:O15,"X")<>1,"FALTA/DUPLA: ELEM. DE DRENAGEM",IF(COUNTIF(P15:R15,"X")<>1,"FALTA/DUPLA: SIN. HORIZ.",IF(COUNTIF(S15:U15,"X")<>1,"FALTA/DUPLA: SIN. VERTICAL","OK")))))) -> OK
A16: 181ETO0140 | B16: C | C16: 7 | D16: 8 | E16: =D16-C16 -> 1 | H16: X | K16: X | N16: X | Q16: X | U16: X | W16: =IF(COUNTA(F16:U16)=0,"— não preenchido",IF(COUNTIF(F16:J16,"X")<>1,"FALTA/DUPLA: CONDIÇÃO DO PAVIMENTO",IF(COUNTIF(K16:L16,"X")<>1,"FALTA/DUPLA: VEGETAÇÃO",IF(COUNTIF(M16:O16,"X")<>1,"FALTA/DUPLA: ELEM. DE DRENAGEM",IF(COUNTIF(P16:R16,"X")<>1,"FALTA/DUPLA: SIN. HORIZ.",IF(COUNTIF(S16:U16,"X")<>1,"FALTA/DUPLA: SIN. VERTICAL","OK")))))) -> OK
A17: 181ETO0140 | B17: C | C17: 8 | D17: 9 | E17: =D17-C17 -> 1 | H17: X | K17: X | N17: X | Q17: X | U17: X | W17: =IF(COUNTA(F17:U17)=0,"— não preenchido",IF(COUNTIF(F17:J17,"X")<>1,"FALTA/DUPLA: CONDIÇÃO DO PAVIMENTO",IF(COUNTIF(K17:L17,"X")<>1,"FALTA/DUPLA: VEGETAÇÃO",IF(COUNTIF(M17:O17,"X")<>1,"FALTA/DUPLA: ELEM. DE DRENAGEM",IF(COUNTIF(P17:R17,"X")<>1,"FALTA/DUPLA: SIN. HORIZ.",IF(COUNTIF(S17:U17,"X")<>1,"FALTA/DUPLA: SIN. VERTICAL","OK")))))) -> OK
A18: 181ETO0140 | B18: C | C18: 9 | D18: 10 | E18: =D18-C18 -> 1 | H18: X | K18: X | N18: X | Q18: X | U18: X | W18: =IF(COUNTA(F18:U18)=0,"— não preenchido",IF(COUNTIF(F18:J18,"X")<>1,"FALTA/DUPLA: CONDIÇÃO DO PAVIMENTO",IF(COUNTIF(K18:L18,"X")<>1,"FALTA/DUPLA: VEGETAÇÃO",IF(COUNTIF(M18:O18,"X")<>1,"FALTA/DUPLA: ELEM. DE DRENAGEM",IF(COUNTIF(P18:R18,"X")<>1,"FALTA/DUPLA: SIN. HORIZ.",IF(COUNTIF(S18:U18,"X")<>1,"FALTA/DUPLA: SIN. VERTICAL","OK")))))) -> OK
A19: 181ETO0140 | B19: C | C19: 10 | D19: 11 | E19: =D19-C19 -> 1 | H19: X | K19: X | N19: X | Q19: X | U19: X | W19: =IF(COUNTA(F19:U19)=0,"— não preenchido",IF(COUNTIF(F19:J19,"X")<>1,"FALTA/DUPLA: CONDIÇÃO DO PAVIMENTO",IF(COUNTIF(K19:L19,"X")<>1,"FALTA/DUPLA: VEGETAÇÃO",IF(COUNTIF(M19:O19,"X")<>1,"FALTA/DUPLA: ELEM. DE DRENAGEM",IF(COUNTIF(P19:R19,"X")<>1,"FALTA/DUPLA: SIN. HORIZ.",IF(COUNTIF(S19:U19,"X")<>1,"FALTA/DUPLA: SIN. VERTICAL","OK")))))) -> OK
A20: 181ETO0140 | B20: C | C20: 11 | D20: 12 | E20: =D20-C20 -> 1 | H20: X | K20: X | N20: X | Q20: X | U20: X | W20: =IF(COUNTA(F20:U20)=0,"— não preenchido",IF(COUNTIF(F20:J20,"X")<>1,"FALTA/DUPLA: CONDIÇÃO DO PAVIMENTO",IF(COUNTIF(K20:L20,"X")<>1,"FALTA/DUPLA: VEGETAÇÃO",IF(COUNTIF(M20:O20,"X")<>1,"FALTA/DUPLA: ELEM. DE DRENAGEM",IF(COUNTIF(P20:R20,"X")<>1,"FALTA/DUPLA: SIN. HORIZ.",IF(COUNTIF(S20:U20,"X")<>1,"FALTA/DUPLA: SIN. VERTICAL","OK")))))) -> OK
A21: 181ETO0140 | B21: C | C21: 12 | D21: 13 | E21: =D21-C21 -> 1 | H21: X | K21: X | N21: X | Q21: X | U21: X | W21: =IF(COUNTA(F21:U21)=0,"— não preenchido",IF(COUNTIF(F21:J21,"X")<>1,"FALTA/DUPLA: CONDIÇÃO DO PAVIMENTO",IF(COUNTIF(K21:L21,"X")<>1,"FALTA/DUPLA: VEGETAÇÃO",IF(COUNTIF(M21:O21,"X")<>1,"FALTA/DUPLA: ELEM. DE DRENAGEM",IF(COUNTIF(P21:R21,"X")<>1,"FALTA/DUPLA: SIN. HORIZ.",IF(COUNTIF(S21:U21,"X")<>1,"FALTA/DUPLA: SIN. VERTICAL","OK")))))) -> OK
... A25: 181ETO0140 | B25: C | C25: 16 | D25: 17 | E25: =D25-C25 -> 1 | H25: X | K25: X | N25: X | Q25: X | U25: X | W25: =IF(COUNTA(F25:U25)=0,"— não preenchido",IF(COUNTIF(F25:J25,"X")<>1,"FALTA/DUPLA: CONDIÇÃO DO PAVIMENTO",IF(COUNTIF(K25:L25,"X")<>1,"FALTA/DUPLA: VEGETAÇÃO",IF(COUNTIF(M25:O25,"X")<>1,"FALTA/DUPLA: ELEM. DE DRENAGEM",IF(COUNTIF(P25:R25,"X")<>1,"FALTA/DUPLA: SIN. HORIZ.",IF(COUNTIF(S25:U25,"X")<>1,"FALTA/DUPLA: SIN. VERTICAL","OK")))))) -> OK
A26: 181ETO0140 | B26: C | C26: 17 | D26: 18 | E26: =D26-C26 -> 1 | G26: X | K26: X | N26: X | Q26: X | U26: X | W26: =IF(COUNTA(F26:U26)=0,"— não preenchido",IF(COUNTIF(F26:J26,"X")<>1,"FALTA/DUPLA: CONDIÇÃO DO PAVIMENTO",IF(COUNTIF(K26:L26,"X")<>1,"FALTA/DUPLA: VEGETAÇÃO",IF(COUNTIF(M26:O26,"X")<>1,"FALTA/DUPLA: ELEM. DE DRENAGEM",IF(COUNTIF(P26:R26,"X")<>1,"FALTA/DUPLA: SIN. HORIZ.",IF(COUNTIF(S26:U26,"X")<>1,"FALTA/DUPLA: SIN. VERTICAL","OK")))))) -> OK
A27: 181ETO0140 | B27: C | C27: 18 | D27: 19 | E27: =D27-C27 -> 1 | G27: X | K27: X | N27: X | Q27: X | U27: X | W27: =IF(COUNTA(F27:U27)=0,"— não preenchido",IF(COUNTIF(F27:J27,"X")<>1,"FALTA/DUPLA: CONDIÇÃO DO PAVIMENTO",IF(COUNTIF(K27:L27,"X")<>1,"FALTA/DUPLA: VEGETAÇÃO",IF(COUNTIF(M27:O27,"X")<>1,"FALTA/DUPLA: ELEM. DE DRENAGEM",IF(COUNTIF(P27:R27,"X")<>1,"FALTA/DUPLA: SIN. HORIZ.",IF(COUNTIF(S27:U27,"X")<>1,"FALTA/DUPLA: SIN. VERTICAL","OK")))))) -> OK
A28: 181ETO0140 | B28: C | C28: 19 | D28: 20 | E28: =D28-C28 -> 1 | G28: X | K28: X | N28: X | Q28: X | U28: X | W28: =IF(COUNTA(F28:U28)=0,"— não preenchido",IF(COUNTIF(F28:J28,"X")<>1,"FALTA/DUPLA: CONDIÇÃO DO PAVIMENTO",IF(COUNTIF(K28:L28,"X")<>1,"FALTA/DUPLA: VEGETAÇÃO",IF(COUNTIF(M28:O28,"X")<>1,"FALTA/DUPLA: ELEM. DE DRENAGEM",IF(COUNTIF(P28:R28,"X")<>1,"FALTA/DUPLA: SIN. HORIZ.",IF(COUNTIF(S28:U28,"X")<>1,"FALTA/DUPLA: SIN. VERTICAL","OK")))))) -> OK
A29: 181ETO0140 | B29: C | C29: 20 | D29: 21 | E29: =D29-C29 -> 1 | G29: X | K29: X | N29: X | Q29: X | U29: X | W29: =IF(COUNTA(F29:U29)=0,"— não preenchido",IF(COUNTIF(F29:J29,"X")<>1,"FALTA/DUPLA: CONDIÇÃO DO PAVIMENTO",IF(COUNTIF(K29:L29,"X")<>1,"FALTA/DUPLA: VEGETAÇÃO",IF(COUNTIF(M29:O29,"X")<>1,"FALTA/DUPLA: ELEM. DE DRENAGEM",IF(COUNTIF(P29:R29,"X")<>1,"FALTA/DUPLA: SIN. HORIZ.",IF(COUNTIF(S29:U29,"X")<>1,"FALTA/DUPLA: SIN. VERTICAL","OK")))))) -> OK
A30: 181ETO0140 | B30: C | C30: 21 | D30: 22 | E30: =D30-C30 -> 1 | G30: X | K30: X | N30: X | Q30: X | U30: X | W30: =IF(COUNTA(F30:U30)=0,"— não preenchido",IF(COUNTIF(F30:J30,"X")<>1,"FALTA/DUPLA: CONDIÇÃO DO PAVIMENTO",IF(COUNTIF(K30:L30,"X")<>1,"FALTA/DUPLA: VEGETAÇÃO",IF(COUNTIF(M30:O30,"X")<>1,"FALTA/DUPLA: ELEM. DE DRENAGEM",IF(COUNTIF(P30:R30,"X")<>1,"FALTA/DUPLA: SIN. HORIZ.",IF(COUNTIF(S30:U30,"X")<>1,"FALTA/DUPLA: SIN. VERTICAL","OK")))))) -> OK
A31: 181ETO0140 | B31: C | C31: 22 | D31: 23 | E31: =D31-C31 -> 1 | G31: X | K31: X | N31: X | Q31: X | U31: X | W31: =IF(COUNTA(F31:U31)=0,"— não preenchido",IF(COUNTIF(F31:J31,"X")<>1,"FALTA/DUPLA: CONDIÇÃO DO PAVIMENTO",IF(COUNTIF(K31:L31,"X")<>1,"FALTA/DUPLA: VEGETAÇÃO",IF(COUNTIF(M31:O31,"X")<>1,"FALTA/DUPLA: ELEM. DE DRENAGEM",IF(COUNTIF(P31:R31,"X")<>1,"FALTA/DUPLA: SIN. HORIZ.",IF(COUNTIF(S31:U31,"X")<>1,"FALTA/DUPLA: SIN. VERTICAL","OK")))))) -> OK
A32: 181ETO0140 | B32: C | C32: 23 | D32: 24 | E32: =D32-C32 -> 1 | G32: X | K32: X | N32: X | Q32: X | U32: X | W32: =IF(COUNTA(F32:U32)=0,"— não preenchido",IF(COUNTIF(F32:J32,"X")<>1,"FALTA/DUPLA: CONDIÇÃO DO PAVIMENTO",IF(COUNTIF(K32:L32,"X")<>1,"FALTA/DUPLA: VEGETAÇÃO",IF(COUNTIF(M32:O32,"X")<>1,"FALTA/DUPLA: ELEM. DE DRENAGEM",IF(COUNTIF(P32:R32,"X")<>1,"FALTA/DUPLA: SIN. HORIZ.",IF(COUNTIF(S32:U32,"X")<>1,"FALTA/DUPLA: SIN. VERTICAL","OK")))))) -> OK
A33: 181ETO0140 | B33: C | C33: 24 | D33: 25 | E33: =D33-C33 -> 1 | G33: X | K33: X | N33: X | Q33: X | U33: X | W33: =IF(COUNTA(F33:U33)=0,"— não preenchido",IF(COUNTIF(F33:J33,"X")<>1,"FALTA/DUPLA: CONDIÇÃO DO PAVIMENTO",IF(COUNTIF(K33:L33,"X")<>1,"FALTA/DUPLA: VEGETAÇÃO",IF(COUNTIF(M33:O33,"X")<>1,"FALTA/DUPLA: ELEM. DE DRENAGEM",IF(COUNTIF(P33:R33,"X")<>1,"FALTA/DUPLA: SIN. HORIZ.",IF(COUNTIF(S33:U33,"X")<>1,"FALTA/DUPLA: SIN. VERTICAL","OK")))))) -> OK
A34: 181ETO0140 | B34: C | C34: 25 | D34: 26 | E34: =D34-C34 -> 1 | G34: X | K34: X | N34: X | Q34: X | U34: X | W34: =IF(COUNTA(F34:U34)=0,"— não preenchido",IF(COUNTIF(F34:J34,"X")<>1,"FALTA/DUPLA: CONDIÇÃO DO PAVIMENTO",IF(COUNTIF(K34:L34,"X")<>1,"FALTA/DUPLA: VEGETAÇÃO",IF(COUNTIF(M34:O34,"X")<>1,"FALTA/DUPLA: ELEM. DE DRENAGEM",IF(COUNTIF(P34:R34,"X")<>1,"FALTA/DUPLA: SIN. HORIZ.",IF(COUNTIF(S34:U34,"X")<>1,"FALTA/DUPLA: SIN. VERTICAL","OK")))))) -> OK
A35: 181ETO0140 | B35: C | C35: 26 | D35: 26.160325 | E35: =D35-C35 -> 0.16032479 | G35: X | K35: X | N35: X | Q35: X | T35: X | W35: =IF(COUNTA(F35:U35)=0,"— não preenchido",IF(COUNTIF(F35:J35,"X")<>1,"FALTA/DUPLA: CONDIÇÃO DO PAVIMENTO",IF(COUNTIF(K35:L35,"X")<>1,"FALTA/DUPLA: VEGETAÇÃO",IF(COUNTIF(M35:O35,"X")<>1,"FALTA/DUPLA: ELEM. DE DRENAGEM",IF(COUNTIF(P35:R35,"X")<>1,"FALTA/DUPLA: SIN. HORIZ.",IF(COUNTIF(S35:U35,"X")<>1,"FALTA/DUPLA: SIN. VERTICAL","OK")))))) -> OK
A37: ____________________________________________ | G37: ____________________________________________
A38: TÉCNICO RESPONSÁVEL PELA INSPEÇÃO | G38: VISTO DA SUPERVISÃO
A40: RESUMO DO TRECHO — KM LANÇADO POR ITEM
A41: KM LANÇADO | F41: =SUMIF(F$9:F$35,"X",$E$9:$E$35) -> 1 | G41: =SUMIF(G$9:G$35,"X",$E$9:$E$35) -> 9.1603248 | H41: =SUMIF(H$9:H$35,"X",$E$9:$E$35) -> 16 | I41: =SUMIF(I$9:I$35,"X",$E$9:$E$35) -> 0 | J41: =SUMIF(J$9:J$35,"X",$E$9:$E$35) -> 0 | K41: =SUMIF(K$9:K$35,"X",$E$9:$E$35) -> 26.160325 | L41: =SUMIF(L$9:L$35,"X",$E$9:$E$35) -> 0 | M41: =SUMIF(M$9:M$35,"X",$E$9:$E$35) -> 1 | ... U41: =SUMIF(U$9:U$35,"X",$E$9:$E$35) -> 25
A42: % DA EXTENSÃO | F42: =IF($R44=0,0,F41/$R44) -> 0.038225825 | G42: =IF($R44=0,0,G41/$R44) -> 0.35016097 | H42: =IF($R44=0,0,H41/$R44) -> 0.6116132 | I42: =IF($R44=0,0,I41/$R44) -> 0 | J42: =IF($R44=0,0,J41/$R44) -> 0 | K42: =IF($R44=0,0,K41/$R44) -> 1 | L42: =IF($R44=0,0,L41/$R44) -> 0 | M42: =IF($R44=0,0,M41/$R44) -> 0.038225825 | ... U42: =IF($R44=0,0,U41/$R44) -> 0.95564563
A43: CONFERÊNCIA POR GRUPO | F43: =IF(SUM(F41:J41)=0,"— não preenchido",IF(ROUND(SUM(F41:J41)-$R44,3)=0,"OK — "&ROUND(SUM(F41:J41),3)&" km","ERRO — dif. de "&ROUND(SUM(F41:J41)-$R44,3)&" km")) -> OK — 26,16 km | K43: =IF(SUM(K41:L41)=0,"— não preenchido",IF(ROUND(SUM(K41:L41)-$R44,3)=0,"OK — "&ROUND(SUM(K41:L41),3)&" km","ERRO — dif. de "&ROUND(SUM(K41:L41)-$R44,3)&" km")) -> OK — 26,16 km | M43: =IF(SUM(M41:O41)=0,"— não preenchido",IF(ROUND(SUM(M41:O41)-$R44,3)=0,"OK — "&ROUND(SUM(M41:O41),3)&" km","ERRO — dif. de "&ROUND(SUM(M41:O41)-$R44,3)&" km")) -> OK — 26,16 km | P43: =IF(SUM(P41:R41)=0,"— não preenchido",IF(ROUND(SUM(P41:R41)-$R44,3)=0,"OK — "&ROUND(SUM(P41:R41),3)&" km","ERRO — dif. de "&ROUND(SUM(P41:R41)-$R44,3)&" km")) -> OK — 26,16 km | S43: =IF(SUM(S41:U41)=0,"— não preenchido",IF(ROUND(SUM(S41:U41)-$R44,3)=0,"OK — "&ROUND(SUM(S41:U41),3)&" km","ERRO — dif. de "&ROUND(SUM(S41:U41)-$R44,3)&" km")) -> OK — 26,16 km
A44: EXTENSÃO TOTAL DO TRECHO | R44: =SUM(E9:E35) -> 26.160325 | V44: =COUNTIF(W9:W35,"OK")&" de "&COUNT($E$9:$E$35)&" linhas conferidas" -> 27 de 27 linhas conferidas
A46: LEGENDA
A47: REM. I. / REM. L. | E47: Remendos isolados (até 10 por km) · Remendos ao longo (mais de 10 por km)
A48: BUR. I. / BUR. L. | E48: Buracos isolados (até 5 por km) · Buracos ao longo (mais de 5 por km)
A49: SIT. | E49: PPS = pista simples · PSU = simples urbana · PDU = duplicada
A50: FAIXA AZUL | E50: Cabeçalho de cada S.R.E.: descrição, situação, jurisdição, extensão e coordenada de início.
A51: INÍCIO / FIM (KM) | E51: Contados de 0 até o fim de CADA S.R.E. Não é o marco quilométrico da rodovia.
A52: SENT. | E52: C = crescente · D = decrescente
A53: FAIXA CINZA | E53: Segmento fora do escopo do contrato: você passa por ele, mas não preenche.
A54: CÉLULA VERMELHA | E54: Mais de uma X no mesmo grupo. Apague uma delas.
A55: CONFERÊNCIA | E55: Só na tela, não sai impresso. Fica OK com uma X em cada grupo.

Sheet 212
A1: PROGRAMA DE MANUTENÇÃO RODOVIÁRIA — FICHA DE INSPEÇÃO — RODOVIAS PAVIMENTADAS | Y1: Valores dos gráficos — troca 0 por N/D para a fatia não aparecer. Não editar.
A2: REGIÃO: 11 — GURUPI | G2: MÊS / ANO: | I2: 46266 | K2: DATA: | P2: TÉCNICO: | R2: ENG. THIAGO BORGES TORQUATO | Y2: =IF(F63=0,NA(),F63) -> #N/A | Z2: =IF(G63=0,NA(),G63) -> 35.649724 | AA2: =IF(H63=0,NA(),H63) -> 9 | AB2: =IF(I63=0,NA(),I63) -> 4 | AC2: =IF(J63=0,NA(),J63) -> #N/A | AD2: =IF(K63=0,NA(),K63) -> 48.649724 | AE2: =IF(L63=0,NA(),L63) -> #N/A | AF2: =IF(M63=0,NA(),M63) -> #N/A | ... AN2: =IF(U63=0,NA(),U63) -> #N/A
A3: TRECHO 212 — RODOVIA TO-181 - TRECHO ARAGUAÇU - SANDOLÂNDIA | T3: EXTENSÃO: 48,650 km · 1 S.R.E.
A4: COMO PREENCHER: uma X em UMA coluna de cada grupo, por linha. Se houver mais de um defeito no mesmo km, marque o PREDOMINANTE e escreva o resto em OBSERVAÇÕES. A quilometragem é contada de 0 até o fim de CADA S.R.E. (não é o marco da rodovia).
A6: S.R.E. | B6: SENT. | C6: INÍCIO (KM) | D6: FIM (KM) | E6: EXT. (KM) | F6: CONDIÇÃO DO PAVIMENTO | K6: VEGETAÇÃO | M6: ELEM. DE DRENAGEM | P6: SIN. HORIZ. | S6: SIN. VERTICAL | V6: OBSERVAÇÕES | W6: CONFERÊNCIA (só na tela)
F7: BOM | G7: REM. I. | H7: REM. L. | I7: BUR. I. | J7: BUR. L. | K7: ADEQ. | L7: INAD. | M7: LIMPOS | N7: SUJOS | O7: DAN. | P7: BOM | Q7: REG. | R7: INEXIST. | S7: BOM | T7: POUCAS | U7: INEXIST.
A8: S.R.E. 181ETO0200 | SANDOLANDIA *TRECHO URBANO* - ENTR. TO-373 (ARAGUAÇU *TRECHO URBANO*) | PPS · Estadual · 48.650 km · início: -12.542978, -49.93248
A9: 181ETO0200 | B9: C | C9: 0 | D9: 1 | E9: =D9-C9 -> 1 | G9: X | K9: X | N9: X | Q9: X | T9: X | W9: =IF(COUNTA(F9:U9)=0,"— não preenchido",IF(COUNTIF(F9:J9,"X")<>1,"FALTA/DUPLA: CONDIÇÃO DO PAVIMENTO",IF(COUNTIF(K9:L9,"X")<>1,"FALTA/DUPLA: VEGETAÇÃO",IF(COUNTIF(M9:O9,"X")<>1,"FALTA/DUPLA: ELEM. DE DRENAGEM",IF(COUNTIF(P9:R9,"X")<>1,"FALTA/DUPLA: SIN. HORIZ.",IF(COUNTIF(S9:U9,"X")<>1,"FALTA/DUPLA: SIN. VERTICAL","OK")))))) -> OK
A10: 181ETO0200 | B10: C | C10: 1 | D10: 2 | E10: =D10-C10 -> 1 | H10: X | K10: X | N10: X | Q10: X | T10: X | W10: =IF(COUNTA(F10:U10)=0,"— não preenchido",IF(COUNTIF(F10:J10,"X")<>1,"FALTA/DUPLA: CONDIÇÃO DO PAVIMENTO",IF(COUNTIF(K10:L10,"X")<>1,"FALTA/DUPLA: VEGETAÇÃO",IF(COUNTIF(M10:O10,"X")<>1,"FALTA/DUPLA: ELEM. DE DRENAGEM",IF(COUNTIF(P10:R10,"X")<>1,"FALTA/DUPLA: SIN. HORIZ.",IF(COUNTIF(S10:U10,"X")<>1,"FALTA/DUPLA: SIN. VERTICAL","OK")))))) -> OK
A11: 181ETO0200 | B11: C | C11: 2 | D11: 3 | E11: =D11-C11 -> 1 | I11: X | K11: X | N11: X | Q11: X | T11: X | W11: =IF(COUNTA(F11:U11)=0,"— não preenchido",IF(COUNTIF(F11:J11,"X")<>1,"FALTA/DUPLA: CONDIÇÃO DO PAVIMENTO",IF(COUNTIF(K11:L11,"X")<>1,"FALTA/DUPLA: VEGETAÇÃO",IF(COUNTIF(M11:O11,"X")<>1,"FALTA/DUPLA: ELEM. DE DRENAGEM",IF(COUNTIF(P11:R11,"X")<>1,"FALTA/DUPLA: SIN. HORIZ.",IF(COUNTIF(S11:U11,"X")<>1,"FALTA/DUPLA: SIN. VERTICAL","OK")))))) -> OK
A12: 181ETO0200 | B12: C | C12: 3 | D12: 4 | E12: =D12-C12 -> 1 | G12: X | K12: X | N12: X | Q12: X | T12: X | W12: =IF(COUNTA(F12:U12)=0,"— não preenchido",IF(COUNTIF(F12:J12,"X")<>1,"FALTA/DUPLA: CONDIÇÃO DO PAVIMENTO",IF(COUNTIF(K12:L12,"X")<>1,"FALTA/DUPLA: VEGETAÇÃO",IF(COUNTIF(M12:O12,"X")<>1,"FALTA/DUPLA: ELEM. DE DRENAGEM",IF(COUNTIF(P12:R12,"X")<>1,"FALTA/DUPLA: SIN. HORIZ.",IF(COUNTIF(S12:U12,"X")<>1,"FALTA/DUPLA: SIN. VERTICAL","OK")))))) -> OK
A13: 181ETO0200 | B13: C | C13: 4 | D13: 5 | E13: =D13-C13 -> 1 | G13: X | K13: X | N13: X | Q13: X | T13: X | W13: =IF(COUNTA(F13:U13)=0,"— não preenchido",IF(COUNTIF(F13:J13,"X")<>1,"FALTA/DUPLA: CONDIÇÃO DO PAVIMENTO",IF(COUNTIF(K13:L13,"X")<>1,"FALTA/DUPLA: VEGETAÇÃO",IF(COUNTIF(M13:O13,"X")<>1,"FALTA/DUPLA: ELEM. DE DRENAGEM",IF(COUNTIF(P13:R13,"X")<>1,"FALTA/DUPLA: SIN. HORIZ.",IF(COUNTIF(S13:U13,"X")<>1,"FALTA/DUPLA: SIN. VERTICAL","OK")))))) -> OK
A14: 181ETO0200 | B14: C | C14: 5 | D14: 6 | E14: =D14-C14 -> 1 | G14: X | K14: X | N14: X | Q14: X | T14: X | W14: =IF(COUNTA(F14:U14)=0,"— não preenchido",IF(COUNTIF(F14:J14,"X")<>1,"FALTA/DUPLA: CONDIÇÃO DO PAVIMENTO",IF(COUNTIF(K14:L14,"X")<>1,"FALTA/DUPLA: VEGETAÇÃO",IF(COUNTIF(M14:O14,"X")<>1,"FALTA/DUPLA: ELEM. DE DRENAGEM",IF(COUNTIF(P14:R14,"X")<>1,"FALTA/DUPLA: SIN. HORIZ.",IF(COUNTIF(S14:U14,"X")<>1,"FALTA/DUPLA: SIN. VERTICAL","OK")))))) -> OK
A15: 181ETO0200 | B15: C | C15: 6 | D15: 7 | E15: =D15-C15 -> 1 | G15: X | K15: X | N15: X | Q15: X | T15: X | W15: =IF(COUNTA(F15:U15)=0,"— não preenchido",IF(COUNTIF(F15:J15,"X")<>1,"FALTA/DUPLA: CONDIÇÃO DO PAVIMENTO",IF(COUNTIF(K15:L15,"X")<>1,"FALTA/DUPLA: VEGETAÇÃO",IF(COUNTIF(M15:O15,"X")<>1,"FALTA/DUPLA: ELEM. DE DRENAGEM",IF(COUNTIF(P15:R15,"X")<>1,"FALTA/DUPLA: SIN. HORIZ.",IF(COUNTIF(S15:U15,"X")<>1,"FALTA/DUPLA: SIN. VERTICAL","OK")))))) -> OK
A16: 181ETO0200 | B16: C | C16: 7 | D16: 8 | E16: =D16-C16 -> 1 | G16: X | K16: X | N16: X | Q16: X | T16: X | W16: =IF(COUNTA(F16:U16)=0,"— não preenchido",IF(COUNTIF(F16:J16,"X")<>1,"FALTA/DUPLA: CONDIÇÃO DO PAVIMENTO",IF(COUNTIF(K16:L16,"X")<>1,"FALTA/DUPLA: VEGETAÇÃO",IF(COUNTIF(M16:O16,"X")<>1,"FALTA/DUPLA: ELEM. DE DRENAGEM",IF(COUNTIF(P16:R16,"X")<>1,"FALTA/DUPLA: SIN. HORIZ.",IF(COUNTIF(S16:U16,"X")<>1,"FALTA/DUPLA: SIN. VERTICAL","OK")))))) -> OK
A17: 181ETO0200 | B17: C | C17: 8 | D17: 9 | E17: =D17-C17 -> 1 | G17: X | K17: X | N17: X | Q17: X | T17: X | W17: =IF(COUNTA(F17:U17)=0,"— não preenchido",IF(COUNTIF(F17:J17,"X")<>1,"FALTA/DUPLA: CONDIÇÃO DO PAVIMENTO",IF(COUNTIF(K17:L17,"X")<>1,"FALTA/DUPLA: VEGETAÇÃO",IF(COUNTIF(M17:O17,"X")<>1,"FALTA/DUPLA: ELEM. DE DRENAGEM",IF(COUNTIF(P17:R17,"X")<>1,"FALTA/DUPLA: SIN. HORIZ.",IF(COUNTIF(S17:U17,"X")<>1,"FALTA/DUPLA: SIN. VERTICAL","OK")))))) -> OK
A18: 181ETO0200 | B18: C | C18: 9 | D18: 10 | E18: =D18-C18 -> 1 | G18: X | K18: X | N18: X | Q18: X | T18: X | W18: =IF(COUNTA(F18:U18)=0,"— não preenchido",IF(COUNTIF(F18:J18,"X")<>1,"FALTA/DUPLA: CONDIÇÃO DO PAVIMENTO",IF(COUNTIF(K18:L18,"X")<>1,"FALTA/DUPLA: VEGETAÇÃO",IF(COUNTIF(M18:O18,"X")<>1,"FALTA/DUPLA: ELEM. DE DRENAGEM",IF(COUNTIF(P18:R18,"X")<>1,"FALTA/DUPLA: SIN. HORIZ.",IF(COUNTIF(S18:U18,"X")<>1,"FALTA/DUPLA: SIN. VERTICAL","OK")))))) -> OK
A19: 181ETO0200 | B19: C | C19: 10 | D19: 11 | E19: =D19-C19 -> 1 | G19: X | K19: X | N19: X | Q19: X | T19: X | W19: =IF(COUNTA(F19:U19)=0,"— não preenchido",IF(COUNTIF(F19:J19,"X")<>1,"FALTA/DUPLA: CONDIÇÃO DO PAVIMENTO",IF(COUNTIF(K19:L19,"X")<>1,"FALTA/DUPLA: VEGETAÇÃO",IF(COUNTIF(M19:O19,"X")<>1,"FALTA/DUPLA: ELEM. DE DRENAGEM",IF(COUNTIF(P19:R19,"X")<>1,"FALTA/DUPLA: SIN. HORIZ.",IF(COUNTIF(S19:U19,"X")<>1,"FALTA/DUPLA: SIN. VERTICAL","OK")))))) -> OK
A20: 181ETO0200 | B20: C | C20: 11 | D20: 12 | E20: =D20-C20 -> 1 | G20: X | K20: X | N20: X | Q20: X | T20: X | W20: =IF(COUNTA(F20:U20)=0,"— não preenchido",IF(COUNTIF(F20:J20,"X")<>1,"FALTA/DUPLA: CONDIÇÃO DO PAVIMENTO",IF(COUNTIF(K20:L20,"X")<>1,"FALTA/DUPLA: VEGETAÇÃO",IF(COUNTIF(M20:O20,"X")<>1,"FALTA/DUPLA: ELEM. DE DRENAGEM",IF(COUNTIF(P20:R20,"X")<>1,"FALTA/DUPLA: SIN. HORIZ.",IF(COUNTIF(S20:U20,"X")<>1,"FALTA/DUPLA: SIN. VERTICAL","OK")))))) -> OK
A21: 181ETO0200 | B21: C | C21: 12 | D21: 13 | E21: =D21-C21 -> 1 | G21: X | K21: X | N21: X | Q21: X | T21: X | W21: =IF(COUNTA(F21:U21)=0,"— não preenchido",IF(COUNTIF(F21:J21,"X")<>1,"FALTA/DUPLA: CONDIÇÃO DO PAVIMENTO",IF(COUNTIF(K21:L21,"X")<>1,"FALTA/DUPLA: VEGETAÇÃO",IF(COUNTIF(M21:O21,"X")<>1,"FALTA/DUPLA: ELEM. DE DRENAGEM",IF(COUNTIF(P21:R21,"X")<>1,"FALTA/DUPLA: SIN. HORIZ.",IF(COUNTIF(S21:U21,"X")<>1,"FALTA/DUPLA: SIN. VERTICAL","OK")))))) -> OK
A22: 181ETO0200 | B22: C | C22: 13 | D22: 14 | E22: =D22-C22 -> 1 | G22: X | K22: X | N22: X | Q22: X | T22: X | W22: =IF(COUNTA(F22:U22)=0,"— não preenchido",IF(COUNTIF(F22:J22,"X")<>1,"FALTA/DUPLA: CONDIÇÃO DO PAVIMENTO",IF(COUNTIF(K22:L22,"X")<>1,"FALTA/DUPLA: VEGETAÇÃO",IF(COUNTIF(M22:O22,"X")<>1,"FALTA/DUPLA: ELEM. DE DRENAGEM",IF(COUNTIF(P22:R22,"X")<>1,"FALTA/DUPLA: SIN. HORIZ.",IF(COUNTIF(S22:U22,"X")<>1,"FALTA/DUPLA: SIN. VERTICAL","OK")))))) -> OK
A23: 181ETO0200 | B23: C | C23: 14 | D23: 15 | E23: =D23-C23 -> 1 | G23: X | K23: X | N23: X | Q23: X | T23: X | W23: =IF(COUNTA(F23:U23)=0,"— não preenchido",IF(COUNTIF(F23:J23,"X")<>1,"FALTA/DUPLA: CONDIÇÃO DO PAVIMENTO",IF(COUNTIF(K23:L23,"X")<>1,"FALTA/DUPLA: VEGETAÇÃO",IF(COUNTIF(M23:O23,"X")<>1,"FALTA/DUPLA: ELEM. DE DRENAGEM",IF(COUNTIF(P23:R23,"X")<>1,"FALTA/DUPLA: SIN. HORIZ.",IF(COUNTIF(S23:U23,"X")<>1,"FALTA/DUPLA: SIN. VERTICAL","OK")))))) -> OK
A24: 181ETO0200 | B24: C | C24: 15 | D24: 16 | E24: =D24-C24 -> 1 | G24: X | K24: X | N24: X | Q24: X | T24: X | W24: =IF(COUNTA(F24:U24)=0,"— não preenchido",IF(COUNTIF(F24:J24,"X")<>1,"FALTA/DUPLA: CONDIÇÃO DO PAVIMENTO",IF(COUNTIF(K24:L24,"X")<>1,"FALTA/DUPLA: VEGETAÇÃO",IF(COUNTIF(M24:O24,"X")<>1,"FALTA/DUPLA: ELEM. DE DRENAGEM",IF(COUNTIF(P24:R24,"X")<>1,"FALTA/DUPLA: SIN. HORIZ.",IF(COUNTIF(S24:U24,"X")<>1,"FALTA/DUPLA: SIN. VERTICAL","OK")))))) -> OK
A25: 181ETO0200 | B25: C | C25: 16 | D25: 17 | E25: =D25-C25 -> 1 | I25: X | K25: X | N25: X | Q25: X | T25: X | W25: =IF(COUNTA(F25:U25)=0,"— não preenchido",IF(COUNTIF(F25:J25,"X")<>1,"FALTA/DUPLA: CONDIÇÃO DO PAVIMENTO",IF(COUNTIF(K25:L25,"X")<>1,"FALTA/DUPLA: VEGETAÇÃO",IF(COUNTIF(M25:O25,"X")<>1,"FALTA/DUPLA: ELEM. DE DRENAGEM",IF(COUNTIF(P25:R25,"X")<>1,"FALTA/DUPLA: SIN. HORIZ.",IF(COUNTIF(S25:U25,"X")<>1,"FALTA/DUPLA: SIN. VERTICAL","OK")))))) -> OK
A26: 181ETO0200 | B26: C | C26: 17 | D26: 18 | E26: =D26-C26 -> 1 | G26: X | K26: X | N26: X | Q26: X | T26: X | W26: =IF(COUNTA(F26:U26)=0,"— não preenchido",IF(COUNTIF(F26:J26,"X")<>1,"FALTA/DUPLA: CONDIÇÃO DO PAVIMENTO",IF(COUNTIF(K26:L26,"X")<>1,"FALTA/DUPLA: VEGETAÇÃO",IF(COUNTIF(M26:O26,"X")<>1,"FALTA/DUPLA: ELEM. DE DRENAGEM",IF(COUNTIF(P26:R26,"X")<>1,"FALTA/DUPLA: SIN. HORIZ.",IF(COUNTIF(S26:U26,"X")<>1,"FALTA/DUPLA: SIN. VERTICAL","OK")))))) -> OK
A27: 181ETO0200 | B27: C | C27: 18 | D27: 19 | E27: =D27-C27 -> 1 | G27: X | K27: X | N27: X | Q27: X | T27: X | W27: =IF(COUNTA(F27:U27)=0,"— não preenchido",IF(COUNTIF(F27:J27,"X")<>1,"FALTA/DUPLA: CONDIÇÃO DO PAVIMENTO",IF(COUNTIF(K27:L27,"X")<>1,"FALTA/DUPLA: VEGETAÇÃO",IF(COUNTIF(M27:O27,"X")<>1,"FALTA/DUPLA: ELEM. DE DRENAGEM",IF(COUNTIF(P27:R27,"X")<>1,"FALTA/DUPLA: SIN. HORIZ.",IF(COUNTIF(S27:U27,"X")<>1,"FALTA/DUPLA: SIN. VERTICAL","OK")))))) -> OK
A28: 181ETO0200 | B28: C | C28: 19 | D28: 20 | E28: =D28-C28 -> 1 | I28: X | K28: X | N28: X | Q28: X | T28: X | W28: =IF(COUNTA(F28:U28)=0,"— não preenchido",IF(COUNTIF(F28:J28,"X")<>1,"FALTA/DUPLA: CONDIÇÃO DO PAVIMENTO",IF(COUNTIF(K28:L28,"X")<>1,"FALTA/DUPLA: VEGETAÇÃO",IF(COUNTIF(M28:O28,"X")<>1,"FALTA/DUPLA: ELEM. DE DRENAGEM",IF(COUNTIF(P28:R28,"X")<>1,"FALTA/DUPLA: SIN. HORIZ.",IF(COUNTIF(S28:U28,"X")<>1,"FALTA/DUPLA: SIN. VERTICAL","OK")))))) -> OK
A29: 181ETO0200 | B29: C | C29: 20 | D29: 21 | E29: =D29-C29 -> 1 | I29: X | K29: X | N29: X | Q29: X | T29: X | W29: =IF(COUNTA(F29:U29)=0,"— não preenchido",IF(COUNTIF(F29:J29,"X")<>1,"FALTA/DUPLA: CONDIÇÃO DO PAVIMENTO",IF(COUNTIF(K29:L29,"X")<>1,"FALTA/DUPLA: VEGETAÇÃO",IF(COUNTIF(M29:O29,"X")<>1,"FALTA/DUPLA: ELEM. DE DRENAGEM",IF(COUNTIF(P29:R29,"X")<>1,"FALTA/DUPLA: SIN. HORIZ.",IF(COUNTIF(S29:U29,"X")<>1,"FALTA/DUPLA: SIN. VERTICAL","OK")))))) -> OK
A30: 181ETO0200 | B30: C | C30: 21 | D30: 22 | E30: =D30-C30 -> 1 | H30: X | K30: X | N30: X | Q30: X | T30: X | W30: =IF(COUNTA(F30:U30)=0,"— não preenchido",IF(COUNTIF(F30:J30,"X")<>1,"FALTA/DUPLA: CONDIÇÃO DO PAVIMENTO",IF(COUNTIF(K30:L30,"X")<>1,"FALTA/DUPLA: VEGETAÇÃO",IF(COUNTIF(M30:O30,"X")<>1,"FALTA/DUPLA: ELEM. DE DRENAGEM",IF(COUNTIF(P30:R30,"X")<>1,"FALTA/DUPLA: SIN. HORIZ.",IF(COUNTIF(S30:U30,"X")<>1,"FALTA/DUPLA: SIN. VERTICAL","OK")))))) -> OK
A31: 181ETO0200 | B31: C | C31: 22 | D31: 23 | E31: =D31-C31 -> 1 | H31: X | K31: X | N31: X | Q31: X | T31: X | W31: =IF(COUNTA(F31:U31)=0,"— não preenchido",IF(COUNTIF(F31:J31,"X")<>1,"FALTA/DUPLA: CONDIÇÃO DO PAVIMENTO",IF(COUNTIF(K31:L31,"X")<>1,"FALTA/DUPLA: VEGETAÇÃO",IF(COUNTIF(M31:O31,"X")<>1,"FALTA/DUPLA: ELEM. DE DRENAGEM",IF(COUNTIF(P31:R31,"X")<>1,"FALTA/DUPLA: SIN. HORIZ.",IF(COUNTIF(S31:U31,"X")<>1,"FALTA/DUPLA: SIN. VERTICAL","OK")))))) -> OK
A32: 181ETO0200 | B32: C | C32: 23 | D32: 24 | E32: =D32-C32 -> 1 | G32: X | K32: X | N32: X | Q32: X | T32: X | W32: =IF(COUNTA(F32:U32)=0,"— não preenchido",IF(COUNTIF(F32:J32,"X")<>1,"FALTA/DUPLA: CONDIÇÃO DO PAVIMENTO",IF(COUNTIF(K32:L32,"X")<>1,"FALTA/DUPLA: VEGETAÇÃO",IF(COUNTIF(M32:O32,"X")<>1,"FALTA/DUPLA: ELEM. DE DRENAGEM",IF(COUNTIF(P32:R32,"X")<>1,"FALTA/DUPLA: SIN. HORIZ.",IF(COUNTIF(S32:U32,"X")<>1,"FALTA/DUPLA: SIN. VERTICAL","OK")))))) -> OK
A33: 181ETO0200 | B33: C | C33: 24 | D33: 25 | E33: =D33-C33 -> 1 | G33: X | K33: X | N33: X | Q33: X | T33: X | W33: =IF(COUNTA(F33:U33)=0,"— não preenchido",IF(COUNTIF(F33:J33,"X")<>1,"FALTA/DUPLA: CONDIÇÃO DO PAVIMENTO",IF(COUNTIF(K33:L33,"X")<>1,"FALTA/DUPLA: VEGETAÇÃO",IF(COUNTIF(M33:O33,"X")<>1,"FALTA/DUPLA: ELEM. DE DRENAGEM",IF(COUNTIF(P33:R33,"X")<>1,"FALTA/DUPLA: SIN. HORIZ.",IF(COUNTIF(S33:U33,"X")<>1,"FALTA/DUPLA: SIN. VERTICAL","OK")))))) -> OK
A34: 181ETO0200 | B34: C | C34: 25 | D34: 26 | E34: =D34-C34 -> 1 | G34: X | K34: X | N34: X | Q34: X | T34: X | W34: =IF(COUNTA(F34:U34)=0,"— não preenchido",IF(COUNTIF(F34:J34,"X")<>1,"FALTA/DUPLA: CONDIÇÃO DO PAVIMENTO",IF(COUNTIF(K34:L34,"X")<>1,"FALTA/DUPLA: VEGETAÇÃO",IF(COUNTIF(M34:O34,"X")<>1,"FALTA/DUPLA: ELEM. DE DRENAGEM",IF(COUNTIF(P34:R34,"X")<>1,"FALTA/DUPLA: SIN. HORIZ.",IF(COUNTIF(S34:U34,"X")<>1,"FALTA/DUPLA: SIN. VERTICAL","OK")))))) -> OK
A35: 181ETO0200 | B35: C | C35: 26 | D35: 27 | E35: =D35-C35 -> 1 | G35: X | K35: X | N35: X | Q35: X | T35: X | W35: =IF(COUNTA(F35:U35)=0,"— não preenchido",IF(COUNTIF(F35:J35,"X")<>1,"FALTA/DUPLA: CONDIÇÃO DO PAVIMENTO",IF(COUNTIF(K35:L35,"X")<>1,"FALTA/DUPLA: VEGETAÇÃO",IF(COUNTIF(M35:O35,"X")<>1,"FALTA/DUPLA: ELEM. DE DRENAGEM",IF(COUNTIF(P35:R35,"X")<>1,"FALTA/DUPLA: SIN. HORIZ.",IF(COUNTIF(S35:U35,"X")<>1,"FALTA/DUPLA: SIN. VERTICAL","OK")))))) -> OK
A36: 181ETO0200 | B36: C | C36: 27 | D36: 28 | E36: =D36-C36 -> 1 | G36: X | K36: X | N36: X | Q36: X | T36: X | W36: =IF(COUNTA(F36:U36)=0,"— não preenchido",IF(COUNTIF(F36:J36,"X")<>1,"FALTA/DUPLA: CONDIÇÃO DO PAVIMENTO",IF(COUNTIF(K36:L36,"X")<>1,"FALTA/DUPLA: VEGETAÇÃO",IF(COUNTIF(M36:O36,"X")<>1,"FALTA/DUPLA: ELEM. DE DRENAGEM",IF(COUNTIF(P36:R36,"X")<>1,"FALTA/DUPLA: SIN. HORIZ.",IF(COUNTIF(S36:U36,"X")<>1,"FALTA/DUPLA: SIN. VERTICAL","OK")))))) -> OK
A37: 181ETO0200 | B37: C | C37: 28 | D37: 29 | E37: =D37-C37 -> 1 | G37: X | K37: X | N37: X | Q37: X | T37: X | W37: =IF(COUNTA(F37:U37)=0,"— não preenchido",IF(COUNTIF(F37:J37,"X")<>1,"FALTA/DUPLA: CONDIÇÃO DO PAVIMENTO",IF(COUNTIF(K37:L37,"X")<>1,"FALTA/DUPLA: VEGETAÇÃO",IF(COUNTIF(M37:O37,"X")<>1,"FALTA/DUPLA: ELEM. DE DRENAGEM",IF(COUNTIF(P37:R37,"X")<>1,"FALTA/DUPLA: SIN. HORIZ.",IF(COUNTIF(S37:U37,"X")<>1,"FALTA/DUPLA: SIN. VERTICAL","OK")))))) -> OK
A38: 181ETO0200 | B38: C | C38: 29 | D38: 30 | E38: =D38-C38 -> 1 | G38: X | K38: X | N38: X | Q38: X | T38: X | W38: =IF(COUNTA(F38:U38)=0,"— não preenchido",IF(COUNTIF(F38:J38,"X")<>1,"FALTA/DUPLA: CONDIÇÃO DO PAVIMENTO",IF(COUNTIF(K38:L38,"X")<>1,"FALTA/DUPLA: VEGETAÇÃO",IF(COUNTIF(M38:O38,"X")<>1,"FALTA/DUPLA: ELEM. DE DRENAGEM",IF(COUNTIF(P38:R38,"X")<>1,"FALTA/DUPLA: SIN. HORIZ.",IF(COUNTIF(S38:U38,"X")<>1,"FALTA/DUPLA: SIN. VERTICAL","OK")))))) -> OK
A39: 181ETO0200 | B39: C | C39: 30 | D39: 31 | E39: =D39-C39 -> 1 | G39: X | K39: X | N39: X | Q39: X | T39: X | W39: =IF(COUNTA(F39:U39)=0,"— não preenchido",IF(COUNTIF(F39:J39,"X")<>1,"FALTA/DUPLA: CONDIÇÃO DO PAVIMENTO",IF(COUNTIF(K39:L39,"X")<>1,"FALTA/DUPLA: VEGETAÇÃO",IF(COUNTIF(M39:O39,"X")<>1,"FALTA/DUPLA: ELEM. DE DRENAGEM",IF(COUNTIF(P39:R39,"X")<>1,"FALTA/DUPLA: SIN. HORIZ.",IF(COUNTIF(S39:U39,"X")<>1,"FALTA/DUPLA: SIN. VERTICAL","OK")))))) -> OK
A40: 181ETO0200 | B40: C | C40: 31 | D40: 32 | E40: =D40-C40 -> 1 | G40: X | K40: X | N40: X | Q40: X | T40: X | W40: =IF(COUNTA(F40:U40)=0,"— não preenchido",IF(COUNTIF(F40:J40,"X")<>1,"FALTA/DUPLA: CONDIÇÃO DO PAVIMENTO",IF(COUNTIF(K40:L40,"X")<>1,"FALTA/DUPLA: VEGETAÇÃO",IF(COUNTIF(M40:O40,"X")<>1,"FALTA/DUPLA: ELEM. DE DRENAGEM",IF(COUNTIF(P40:R40,"X")<>1,"FALTA/DUPLA: SIN. HORIZ.",IF(COUNTIF(S40:U40,"X")<>1,"FALTA/DUPLA: SIN. VERTICAL","OK")))))) -> OK
A41: 181ETO0200 | B41: C | C41: 32 | D41: 33 | E41: =D41-C41 -> 1 | G41: X | K41: X | N41: X | Q41: X | T41: X | W41: =IF(COUNTA(F41:U41)=0,"— não preenchido",IF(COUNTIF(F41:J41,"X")<>1,"FALTA/DUPLA: CONDIÇÃO DO PAVIMENTO",IF(COUNTIF(K41:L41,"X")<>1,"FALTA/DUPLA: VEGETAÇÃO",IF(COUNTIF(M41:O41,"X")<>1,"FALTA/DUPLA: ELEM. DE DRENAGEM",IF(COUNTIF(P41:R41,"X")<>1,"FALTA/DUPLA: SIN. HORIZ.",IF(COUNTIF(S41:U41,"X")<>1,"FALTA/DUPLA: SIN. VERTICAL","OK")))))) -> OK
A42: 181ETO0200 | B42: C | C42: 33 | D42: 34 | E42: =D42-C42 -> 1 | G42: X | K42: X | N42: X | Q42: X | T42: X | W42: =IF(COUNTA(F42:U42)=0,"— não preenchido",IF(COUNTIF(F42:J42,"X")<>1,"FALTA/DUPLA: CONDIÇÃO DO PAVIMENTO",IF(COUNTIF(K42:L42,"X")<>1,"FALTA/DUPLA: VEGETAÇÃO",IF(COUNTIF(M42:O42,"X")<>1,"FALTA/DUPLA: ELEM. DE DRENAGEM",IF(COUNTIF(P42:R42,"X")<>1,"FALTA/DUPLA: SIN. HORIZ.",IF(COUNTIF(S42:U42,"X")<>1,"FALTA/DUPLA: SIN. VERTICAL","OK")))))) -> OK
A43: 181ETO0200 | B43: C | C43: 34 | D43: 35 | E43: =D43-C43 -> 1 | G43: X | K43: X | N43: X | Q43: X | T43: X | W43: =IF(COUNTA(F43:U43)=0,"— não preenchido",IF(COUNTIF(F43:J43,"X")<>1,"FALTA/DUPLA: CONDIÇÃO DO PAVIMENTO",IF(COUNTIF(K43:L43,"X")<>1,"FALTA/DUPLA: VEGETAÇÃO",IF(COUNTIF(M43:O43,"X")<>1,"FALTA/DUPLA: ELEM. DE DRENAGEM",IF(COUNTIF(P43:R43,"X")<>1,"FALTA/DUPLA: SIN. HORIZ.",IF(COUNTIF(S43:U43,"X")<>1,"FALTA/DUPLA: SIN. VERTICAL","OK")))))) -> OK
A44: 181ETO0200 | B44: C | C44: 35 | D44: 36 | E44: =D44-C44 -> 1 | G44: X | K44: X | N44: X | Q44: X | T44: X | W44: =IF(COUNTA(F44:U44)=0,"— não preenchido",IF(COUNTIF(F44:J44,"X")<>1,"FALTA/DUPLA: CONDIÇÃO DO PAVIMENTO",IF(COUNTIF(K44:L44,"X")<>1,"FALTA/DUPLA: VEGETAÇÃO",IF(COUNTIF(M44:O44,"X")<>1,"FALTA/DUPLA: ELEM. DE DRENAGEM",IF(COUNTIF(P44:R44,"X")<>1,"FALTA/DUPLA: SIN. HORIZ.",IF(COUNTIF(S44:U44,"X")<>1,"FALTA/DUPLA: SIN. VERTICAL","OK")))))) -> OK
A45: 181ETO0200 | B45: C | C45: 36 | D45: 37 | E45: =D45-C45 -> 1 | H45: X | K45: X | N45: X | Q45: X | T45: X | W45: =IF(COUNTA(F45:U45)=0,"— não preenchido",IF(COUNTIF(F45:J45,"X")<>1,"FALTA/DUPLA: CONDIÇÃO DO PAVIMENTO",IF(COUNTIF(K45:L45,"X")<>1,"FALTA/DUPLA: VEGETAÇÃO",IF(COUNTIF(M45:O45,"X")<>1,"FALTA/DUPLA: ELEM. DE DRENAGEM",IF(COUNTIF(P45:R45,"X")<>1,"FALTA/DUPLA: SIN. HORIZ.",IF(COUNTIF(S45:U45,"X")<>1,"FALTA/DUPLA: SIN. VERTICAL","OK")))))) -> OK
A46: 181ETO0200 | B46: C | C46: 37 | D46: 38 | E46: =D46-C46 -> 1 | G46: X | K46: X | N46: X | Q46: X | T46: X | W46: =IF(COUNTA(F46:U46)=0,"— não preenchido",IF(COUNTIF(F46:J46,"X")<>1,"FALTA/DUPLA: CONDIÇÃO DO PAVIMENTO",IF(COUNTIF(K46:L46,"X")<>1,"FALTA/DUPLA: VEGETAÇÃO",IF(COUNTIF(M46:O46,"X")<>1,"FALTA/DUPLA: ELEM. DE DRENAGEM",IF(COUNTIF(P46:R46,"X")<>1,"FALTA/DUPLA: SIN. HORIZ.",IF(COUNTIF(S46:U46,"X")<>1,"FALTA/DUPLA: SIN. VERTICAL","OK")))))) -> OK
A47: 181ETO0200 | B47: C | C47: 38 | D47: 39 | E47: =D47-C47 -> 1 | G47: X | K47: X | N47: X | Q47: X | T47: X | W47: =IF(COUNTA(F47:U47)=0,"— não preenchido",IF(COUNTIF(F47:J47,"X")<>1,"FALTA/DUPLA: CONDIÇÃO DO PAVIMENTO",IF(COUNTIF(K47:L47,"X")<>1,"FALTA/DUPLA: VEGETAÇÃO",IF(COUNTIF(M47:O47,"X")<>1,"FALTA/DUPLA: ELEM. DE DRENAGEM",IF(COUNTIF(P47:R47,"X")<>1,"FALTA/DUPLA: SIN. HORIZ.",IF(COUNTIF(S47:U47,"X")<>1,"FALTA/DUPLA: SIN. VERTICAL","OK")))))) -> OK
A48: 181ETO0200 | B48: C | C48: 39 | D48: 40 | E48: =D48-C48 -> 1 | G48: X | K48: X | N48: X | Q48: X | T48: X | W48: =IF(COUNTA(F48:U48)=0,"— não preenchido",IF(COUNTIF(F48:J48,"X")<>1,"FALTA/DUPLA: CONDIÇÃO DO PAVIMENTO",IF(COUNTIF(K48:L48,"X")<>1,"FALTA/DUPLA: VEGETAÇÃO",IF(COUNTIF(M48:O48,"X")<>1,"FALTA/DUPLA: ELEM. DE DRENAGEM",IF(COUNTIF(P48:R48,"X")<>1,"FALTA/DUPLA: SIN. HORIZ.",IF(COUNTIF(S48:U48,"X")<>1,"FALTA/DUPLA: SIN. VERTICAL","OK")))))) -> OK
A49: 181ETO0200 | B49: C | C49: 40 | D49: 41 | E49: =D49-C49 -> 1 | G49: X | K49: X | N49: X | Q49: X | T49: X | W49: =IF(COUNTA(F49:U49)=0,"— não preenchido",IF(COUNTIF(F49:J49,"X")<>1,"FALTA/DUPLA: CONDIÇÃO DO PAVIMENTO",IF(COUNTIF(K49:L49,"X")<>1,"FALTA/DUPLA: VEGETAÇÃO",IF(COUNTIF(M49:O49,"X")<>1,"FALTA/DUPLA: ELEM. DE DRENAGEM",IF(COUNTIF(P49:R49,"X")<>1,"FALTA/DUPLA: SIN. HORIZ.",IF(COUNTIF(S49:U49,"X")<>1,"FALTA/DUPLA: SIN. VERTICAL","OK")))))) -> OK
A50: 181ETO0200 | B50: C | C50: 41 | D50: 42 | E50: =D50-C50 -> 1 | H50: X | K50: X | N50: X | Q50: X | T50: X | W50: =IF(COUNTA(F50:U50)=0,"— não preenchido",IF(COUNTIF(F50:J50,"X")<>1,"FALTA/DUPLA: CONDIÇÃO DO PAVIMENTO",IF(COUNTIF(K50:L50,"X")<>1,"FALTA/DUPLA: VEGETAÇÃO",IF(COUNTIF(M50:O50,"X")<>1,"FALTA/DUPLA: ELEM. DE DRENAGEM",IF(COUNTIF(P50:R50,"X")<>1,"FALTA/DUPLA: SIN. HORIZ.",IF(COUNTIF(S50:U50,"X")<>1,"FALTA/DUPLA: SIN. VERTICAL","OK")))))) -> OK
A51: 181ETO0200 | B51: C | C51: 42 | D51: 43 | E51: =D51-C51 -> 1 | H51: X | K51: X | N51: X | Q51: X | T51: X | W51: =IF(COUNTA(F51:U51)=0,"— não preenchido",IF(COUNTIF(F51:J51,"X")<>1,"FALTA/DUPLA: CONDIÇÃO DO PAVIMENTO",IF(COUNTIF(K51:L51,"X")<>1,"FALTA/DUPLA: VEGETAÇÃO",IF(COUNTIF(M51:O51,"X")<>1,"FALTA/DUPLA: ELEM. DE DRENAGEM",IF(COUNTIF(P51:R51,"X")<>1,"FALTA/DUPLA: SIN. HORIZ.",IF(COUNTIF(S51:U51,"X")<>1,"FALTA/DUPLA: SIN. VERTICAL","OK")))))) -> OK
A52: 181ETO0200 | B52: C | C52: 43 | D52: 44 | E52: =D52-C52 -> 1 | G52: X | K52: X | N52: X | Q52: X | T52: X | W52: =IF(COUNTA(F52:U52)=0,"— não preenchido",IF(COUNTIF(F52:J52,"X")<>1,"FALTA/DUPLA: CONDIÇÃO DO PAVIMENTO",IF(COUNTIF(K52:L52,"X")<>1,"FALTA/DUPLA: VEGETAÇÃO",IF(COUNTIF(M52:O52,"X")<>1,"FALTA/DUPLA: ELEM. DE DRENAGEM",IF(COUNTIF(P52:R52,"X")<>1,"FALTA/DUPLA: SIN. HORIZ.",IF(COUNTIF(S52:U52,"X")<>1,"FALTA/DUPLA: SIN. VERTICAL","OK")))))) -> OK
A53: 181ETO0200 | B53: C | C53: 44 | D53: 45 | E53: =D53-C53 -> 1 | G53: X | K53: X | N53: X | Q53: X | T53: X | W53: =IF(COUNTA(F53:U53)=0,"— não preenchido",IF(COUNTIF(F53:J53,"X")<>1,"FALTA/DUPLA: CONDIÇÃO DO PAVIMENTO",IF(COUNTIF(K53:L53,"X")<>1,"FALTA/DUPLA: VEGETAÇÃO",IF(COUNTIF(M53:O53,"X")<>1,"FALTA/DUPLA: ELEM. DE DRENAGEM",IF(COUNTIF(P53:R53,"X")<>1,"FALTA/DUPLA: SIN. HORIZ.",IF(COUNTIF(S53:U53,"X")<>1,"FALTA/DUPLA: SIN. VERTICAL","OK")))))) -> OK
